[2025-11-09T20:28:05.131+0000] {processor.py:186} INFO - Started process (PID=128) to work on /home/airflow/.local/lib/python3.12/site-packages/airflow/example_dags/example_subdag_operator.py
[2025-11-09T20:28:05.138+0000] {processor.py:914} INFO - Processing file /home/airflow/.local/lib/python3.12/site-packages/airflow/example_dags/example_subdag_operator.py for tasks to queue
[2025-11-09T20:28:05.153+0000] {logging_mixin.py:190} INFO - [2025-11-09T20:28:05.148+0000] {dagbag.py:588} INFO - Filling up the DagBag from /home/airflow/.local/lib/python3.12/site-packages/airflow/example_dags/example_subdag_operator.py
[2025-11-09T20:28:05.302+0000] {processor.py:925} INFO - DAG(s) 'example_subdag_operator.section-1', 'example_subdag_operator.section-2', 'example_subdag_operator' retrieved from /home/airflow/.local/lib/python3.12/site-packages/airflow/example_dags/example_subdag_operator.py
[2025-11-09T20:28:05.710+0000] {logging_mixin.py:190} INFO - [2025-11-09T20:28:05.708+0000] {override.py:1911} INFO - Created Permission View: can edit on DAG:example_subdag_operator
[2025-11-09T20:28:05.742+0000] {logging_mixin.py:190} INFO - [2025-11-09T20:28:05.741+0000] {override.py:1911} INFO - Created Permission View: can read on DAG:example_subdag_operator
[2025-11-09T20:28:05.761+0000] {logging_mixin.py:190} INFO - [2025-11-09T20:28:05.760+0000] {override.py:1911} INFO - Created Permission View: can delete on DAG:example_subdag_operator
[2025-11-09T20:28:05.780+0000] {logging_mixin.py:190} INFO - [2025-11-09T20:28:05.780+0000] {override.py:1911} INFO - Created Permission View: can read on DAG Run:example_subdag_operator
[2025-11-09T20:28:05.799+0000] {logging_mixin.py:190} INFO - [2025-11-09T20:28:05.798+0000] {override.py:1911} INFO - Created Permission View: can create on DAG Run:example_subdag_operator
[2025-11-09T20:28:05.826+0000] {logging_mixin.py:190} INFO - [2025-11-09T20:28:05.825+0000] {override.py:1911} INFO - Created Permission View: menu access on DAG Run:example_subdag_operator
[2025-11-09T20:28:05.847+0000] {logging_mixin.py:190} INFO - [2025-11-09T20:28:05.847+0000] {override.py:1911} INFO - Created Permission View: can delete on DAG Run:example_subdag_operator
[2025-11-09T20:28:05.849+0000] {logging_mixin.py:190} INFO - [2025-11-09T20:28:05.849+0000] {dag.py:3239} INFO - Sync 3 DAGs
[2025-11-09T20:28:05.886+0000] {logging_mixin.py:190} INFO - [2025-11-09T20:28:05.886+0000] {dag.py:3262} INFO - Creating ORM DAG for example_subdag_operator.section-1
[2025-11-09T20:28:05.889+0000] {logging_mixin.py:190} INFO - [2025-11-09T20:28:05.888+0000] {dag.py:3262} INFO - Creating ORM DAG for example_subdag_operator.section-2
[2025-11-09T20:28:05.891+0000] {logging_mixin.py:190} INFO - [2025-11-09T20:28:05.890+0000] {dag.py:3262} INFO - Creating ORM DAG for example_subdag_operator
[2025-11-09T20:28:05.919+0000] {logging_mixin.py:190} INFO - [2025-11-09T20:28:05.919+0000] {dag.py:4180} INFO - Setting next_dagrun for example_subdag_operator to 2022-01-01 00:00:00+00:00, run_after=2022-01-01 00:00:00+00:00
[2025-11-09T20:28:05.921+0000] {logging_mixin.py:190} INFO - [2025-11-09T20:28:05.921+0000] {dag.py:4180} INFO - Setting next_dagrun for example_subdag_operator.section-1 to None, run_after=None
[2025-11-09T20:28:05.923+0000] {logging_mixin.py:190} INFO - [2025-11-09T20:28:05.923+0000] {dag.py:4180} INFO - Setting next_dagrun for example_subdag_operator.section-2 to None, run_after=None
[2025-11-09T20:28:05.944+0000] {logging_mixin.py:190} INFO - [2025-11-09T20:28:05.943+0000] {dag.py:3239} INFO - Sync 2 DAGs
[2025-11-09T20:28:05.957+0000] {logging_mixin.py:190} INFO - [2025-11-09T20:28:05.957+0000] {dag.py:4180} INFO - Setting next_dagrun for example_subdag_operator.section-1 to None, run_after=None
[2025-11-09T20:28:05.965+0000] {logging_mixin.py:190} INFO - [2025-11-09T20:28:05.964+0000] {dag.py:4180} INFO - Setting next_dagrun for example_subdag_operator.section-2 to None, run_after=None
[2025-11-09T20:28:05.996+0000] {processor.py:208} INFO - Processing /home/airflow/.local/lib/python3.12/site-packages/airflow/example_dags/example_subdag_operator.py took 0.893 seconds
[2025-11-09T20:28:36.377+0000] {processor.py:186} INFO - Started process (PID=190) to work on /home/airflow/.local/lib/python3.12/site-packages/airflow/example_dags/example_subdag_operator.py
[2025-11-09T20:28:36.380+0000] {processor.py:914} INFO - Processing file /home/airflow/.local/lib/python3.12/site-packages/airflow/example_dags/example_subdag_operator.py for tasks to queue
[2025-11-09T20:28:36.386+0000] {logging_mixin.py:190} INFO - [2025-11-09T20:28:36.385+0000] {dagbag.py:588} INFO - Filling up the DagBag from /home/airflow/.local/lib/python3.12/site-packages/airflow/example_dags/example_subdag_operator.py
[2025-11-09T20:28:36.441+0000] {processor.py:925} INFO - DAG(s) 'example_subdag_operator.section-1', 'example_subdag_operator.section-2', 'example_subdag_operator' retrieved from /home/airflow/.local/lib/python3.12/site-packages/airflow/example_dags/example_subdag_operator.py
[2025-11-09T20:28:36.467+0000] {logging_mixin.py:190} INFO - [2025-11-09T20:28:36.467+0000] {dag.py:3239} INFO - Sync 3 DAGs
[2025-11-09T20:28:36.510+0000] {logging_mixin.py:190} INFO - [2025-11-09T20:28:36.510+0000] {dag.py:4180} INFO - Setting next_dagrun for example_subdag_operator to 2022-01-01 00:00:00+00:00, run_after=2022-01-01 00:00:00+00:00
[2025-11-09T20:28:36.518+0000] {logging_mixin.py:190} INFO - [2025-11-09T20:28:36.518+0000] {dag.py:4180} INFO - Setting next_dagrun for example_subdag_operator.section-1 to None, run_after=None
[2025-11-09T20:28:36.521+0000] {logging_mixin.py:190} INFO - [2025-11-09T20:28:36.521+0000] {dag.py:4180} INFO - Setting next_dagrun for example_subdag_operator.section-2 to None, run_after=None
[2025-11-09T20:28:36.535+0000] {logging_mixin.py:190} INFO - [2025-11-09T20:28:36.535+0000] {dag.py:3239} INFO - Sync 2 DAGs
[2025-11-09T20:28:36.547+0000] {logging_mixin.py:190} INFO - [2025-11-09T20:28:36.547+0000] {dag.py:4180} INFO - Setting next_dagrun for example_subdag_operator.section-1 to None, run_after=None
[2025-11-09T20:28:36.548+0000] {logging_mixin.py:190} INFO - [2025-11-09T20:28:36.548+0000] {dag.py:4180} INFO - Setting next_dagrun for example_subdag_operator.section-2 to None, run_after=None
[2025-11-09T20:28:36.570+0000] {processor.py:208} INFO - Processing /home/airflow/.local/lib/python3.12/site-packages/airflow/example_dags/example_subdag_operator.py took 0.204 seconds
[2025-11-09T20:29:06.738+0000] {processor.py:186} INFO - Started process (PID=253) to work on /home/airflow/.local/lib/python3.12/site-packages/airflow/example_dags/example_subdag_operator.py
[2025-11-09T20:29:06.740+0000] {processor.py:914} INFO - Processing file /home/airflow/.local/lib/python3.12/site-packages/airflow/example_dags/example_subdag_operator.py for tasks to queue
[2025-11-09T20:29:06.745+0000] {logging_mixin.py:190} INFO - [2025-11-09T20:29:06.744+0000] {dagbag.py:588} INFO - Filling up the DagBag from /home/airflow/.local/lib/python3.12/site-packages/airflow/example_dags/example_subdag_operator.py
[2025-11-09T20:29:06.788+0000] {processor.py:925} INFO - DAG(s) 'example_subdag_operator.section-1', 'example_subdag_operator.section-2', 'example_subdag_operator' retrieved from /home/airflow/.local/lib/python3.12/site-packages/airflow/example_dags/example_subdag_operator.py
[2025-11-09T20:29:06.809+0000] {logging_mixin.py:190} INFO - [2025-11-09T20:29:06.809+0000] {dag.py:3239} INFO - Sync 3 DAGs
[2025-11-09T20:29:06.848+0000] {logging_mixin.py:190} INFO - [2025-11-09T20:29:06.848+0000] {dag.py:4180} INFO - Setting next_dagrun for example_subdag_operator to 2022-01-01 00:00:00+00:00, run_after=2022-01-01 00:00:00+00:00
[2025-11-09T20:29:06.854+0000] {logging_mixin.py:190} INFO - [2025-11-09T20:29:06.854+0000] {dag.py:4180} INFO - Setting next_dagrun for example_subdag_operator.section-1 to None, run_after=None
[2025-11-09T20:29:06.856+0000] {logging_mixin.py:190} INFO - [2025-11-09T20:29:06.856+0000] {dag.py:4180} INFO - Setting next_dagrun for example_subdag_operator.section-2 to None, run_after=None
[2025-11-09T20:29:06.867+0000] {logging_mixin.py:190} INFO - [2025-11-09T20:29:06.867+0000] {dag.py:3239} INFO - Sync 2 DAGs
[2025-11-09T20:29:06.877+0000] {logging_mixin.py:190} INFO - [2025-11-09T20:29:06.876+0000] {dag.py:4180} INFO - Setting next_dagrun for example_subdag_operator.section-1 to None, run_after=None
[2025-11-09T20:29:06.878+0000] {logging_mixin.py:190} INFO - [2025-11-09T20:29:06.878+0000] {dag.py:4180} INFO - Setting next_dagrun for example_subdag_operator.section-2 to None, run_after=None
[2025-11-09T20:29:06.896+0000] {processor.py:208} INFO - Processing /home/airflow/.local/lib/python3.12/site-packages/airflow/example_dags/example_subdag_operator.py took 0.168 seconds
[2025-11-09T20:29:37.748+0000] {processor.py:186} INFO - Started process (PID=316) to work on /home/airflow/.local/lib/python3.12/site-packages/airflow/example_dags/example_subdag_operator.py
[2025-11-09T20:29:37.750+0000] {processor.py:914} INFO - Processing file /home/airflow/.local/lib/python3.12/site-packages/airflow/example_dags/example_subdag_operator.py for tasks to queue
[2025-11-09T20:29:37.755+0000] {logging_mixin.py:190} INFO - [2025-11-09T20:29:37.755+0000] {dagbag.py:588} INFO - Filling up the DagBag from /home/airflow/.local/lib/python3.12/site-packages/airflow/example_dags/example_subdag_operator.py
[2025-11-09T20:29:37.809+0000] {processor.py:925} INFO - DAG(s) 'example_subdag_operator.section-1', 'example_subdag_operator.section-2', 'example_subdag_operator' retrieved from /home/airflow/.local/lib/python3.12/site-packages/airflow/example_dags/example_subdag_operator.py
[2025-11-09T20:29:37.839+0000] {logging_mixin.py:190} INFO - [2025-11-09T20:29:37.838+0000] {dag.py:3239} INFO - Sync 3 DAGs
[2025-11-09T20:29:37.888+0000] {logging_mixin.py:190} INFO - [2025-11-09T20:29:37.888+0000] {dag.py:4180} INFO - Setting next_dagrun for example_subdag_operator to 2022-01-01 00:00:00+00:00, run_after=2022-01-01 00:00:00+00:00
[2025-11-09T20:29:37.894+0000] {logging_mixin.py:190} INFO - [2025-11-09T20:29:37.894+0000] {dag.py:4180} INFO - Setting next_dagrun for example_subdag_operator.section-1 to None, run_after=None
[2025-11-09T20:29:37.897+0000] {logging_mixin.py:190} INFO - [2025-11-09T20:29:37.897+0000] {dag.py:4180} INFO - Setting next_dagrun for example_subdag_operator.section-2 to None, run_after=None
[2025-11-09T20:29:37.913+0000] {logging_mixin.py:190} INFO - [2025-11-09T20:29:37.912+0000] {dag.py:3239} INFO - Sync 2 DAGs
[2025-11-09T20:29:37.925+0000] {logging_mixin.py:190} INFO - [2025-11-09T20:29:37.925+0000] {dag.py:4180} INFO - Setting next_dagrun for example_subdag_operator.section-1 to None, run_after=None
[2025-11-09T20:29:37.927+0000] {logging_mixin.py:190} INFO - [2025-11-09T20:29:37.926+0000] {dag.py:4180} INFO - Setting next_dagrun for example_subdag_operator.section-2 to None, run_after=None
[2025-11-09T20:29:37.950+0000] {processor.py:208} INFO - Processing /home/airflow/.local/lib/python3.12/site-packages/airflow/example_dags/example_subdag_operator.py took 0.214 seconds
[2025-11-09T20:30:08.549+0000] {processor.py:186} INFO - Started process (PID=379) to work on /home/airflow/.local/lib/python3.12/site-packages/airflow/example_dags/example_subdag_operator.py
[2025-11-09T20:30:08.551+0000] {processor.py:914} INFO - Processing file /home/airflow/.local/lib/python3.12/site-packages/airflow/example_dags/example_subdag_operator.py for tasks to queue
[2025-11-09T20:30:08.558+0000] {logging_mixin.py:190} INFO - [2025-11-09T20:30:08.557+0000] {dagbag.py:588} INFO - Filling up the DagBag from /home/airflow/.local/lib/python3.12/site-packages/airflow/example_dags/example_subdag_operator.py
[2025-11-09T20:30:08.617+0000] {processor.py:925} INFO - DAG(s) 'example_subdag_operator.section-1', 'example_subdag_operator.section-2', 'example_subdag_operator' retrieved from /home/airflow/.local/lib/python3.12/site-packages/airflow/example_dags/example_subdag_operator.py
[2025-11-09T20:30:08.656+0000] {logging_mixin.py:190} INFO - [2025-11-09T20:30:08.655+0000] {dag.py:3239} INFO - Sync 3 DAGs
[2025-11-09T20:30:08.713+0000] {logging_mixin.py:190} INFO - [2025-11-09T20:30:08.712+0000] {dag.py:4180} INFO - Setting next_dagrun for example_subdag_operator to 2022-01-01 00:00:00+00:00, run_after=2022-01-01 00:00:00+00:00
[2025-11-09T20:30:08.721+0000] {logging_mixin.py:190} INFO - [2025-11-09T20:30:08.721+0000] {dag.py:4180} INFO - Setting next_dagrun for example_subdag_operator.section-1 to None, run_after=None
[2025-11-09T20:30:08.726+0000] {logging_mixin.py:190} INFO - [2025-11-09T20:30:08.725+0000] {dag.py:4180} INFO - Setting next_dagrun for example_subdag_operator.section-2 to None, run_after=None
[2025-11-09T20:30:08.742+0000] {logging_mixin.py:190} INFO - [2025-11-09T20:30:08.741+0000] {dag.py:3239} INFO - Sync 2 DAGs
[2025-11-09T20:30:08.753+0000] {logging_mixin.py:190} INFO - [2025-11-09T20:30:08.753+0000] {dag.py:4180} INFO - Setting next_dagrun for example_subdag_operator.section-1 to None, run_after=None
[2025-11-09T20:30:08.755+0000] {logging_mixin.py:190} INFO - [2025-11-09T20:30:08.754+0000] {dag.py:4180} INFO - Setting next_dagrun for example_subdag_operator.section-2 to None, run_after=None
[2025-11-09T20:30:08.778+0000] {processor.py:208} INFO - Processing /home/airflow/.local/lib/python3.12/site-packages/airflow/example_dags/example_subdag_operator.py took 0.244 seconds
[2025-11-09T20:30:39.515+0000] {processor.py:186} INFO - Started process (PID=442) to work on /home/airflow/.local/lib/python3.12/site-packages/airflow/example_dags/example_subdag_operator.py
[2025-11-09T20:30:39.518+0000] {processor.py:914} INFO - Processing file /home/airflow/.local/lib/python3.12/site-packages/airflow/example_dags/example_subdag_operator.py for tasks to queue
[2025-11-09T20:30:39.525+0000] {logging_mixin.py:190} INFO - [2025-11-09T20:30:39.524+0000] {dagbag.py:588} INFO - Filling up the DagBag from /home/airflow/.local/lib/python3.12/site-packages/airflow/example_dags/example_subdag_operator.py
[2025-11-09T20:30:39.584+0000] {processor.py:925} INFO - DAG(s) 'example_subdag_operator.section-1', 'example_subdag_operator.section-2', 'example_subdag_operator' retrieved from /home/airflow/.local/lib/python3.12/site-packages/airflow/example_dags/example_subdag_operator.py
[2025-11-09T20:30:39.612+0000] {logging_mixin.py:190} INFO - [2025-11-09T20:30:39.612+0000] {dag.py:3239} INFO - Sync 3 DAGs
[2025-11-09T20:30:39.657+0000] {logging_mixin.py:190} INFO - [2025-11-09T20:30:39.656+0000] {dag.py:4180} INFO - Setting next_dagrun for example_subdag_operator to 2022-01-01 00:00:00+00:00, run_after=2022-01-01 00:00:00+00:00
[2025-11-09T20:30:39.663+0000] {logging_mixin.py:190} INFO - [2025-11-09T20:30:39.662+0000] {dag.py:4180} INFO - Setting next_dagrun for example_subdag_operator.section-1 to None, run_after=None
[2025-11-09T20:30:39.666+0000] {logging_mixin.py:190} INFO - [2025-11-09T20:30:39.665+0000] {dag.py:4180} INFO - Setting next_dagrun for example_subdag_operator.section-2 to None, run_after=None
[2025-11-09T20:30:39.678+0000] {logging_mixin.py:190} INFO - [2025-11-09T20:30:39.678+0000] {dag.py:3239} INFO - Sync 2 DAGs
[2025-11-09T20:30:39.690+0000] {logging_mixin.py:190} INFO - [2025-11-09T20:30:39.689+0000] {dag.py:4180} INFO - Setting next_dagrun for example_subdag_operator.section-1 to None, run_after=None
[2025-11-09T20:30:39.691+0000] {logging_mixin.py:190} INFO - [2025-11-09T20:30:39.691+0000] {dag.py:4180} INFO - Setting next_dagrun for example_subdag_operator.section-2 to None, run_after=None
[2025-11-09T20:30:39.711+0000] {processor.py:208} INFO - Processing /home/airflow/.local/lib/python3.12/site-packages/airflow/example_dags/example_subdag_operator.py took 0.210 seconds
[2025-11-09T20:31:09.802+0000] {processor.py:186} INFO - Started process (PID=505) to work on /home/airflow/.local/lib/python3.12/site-packages/airflow/example_dags/example_subdag_operator.py
[2025-11-09T20:31:09.804+0000] {processor.py:914} INFO - Processing file /home/airflow/.local/lib/python3.12/site-packages/airflow/example_dags/example_subdag_operator.py for tasks to queue
[2025-11-09T20:31:09.810+0000] {logging_mixin.py:190} INFO - [2025-11-09T20:31:09.809+0000] {dagbag.py:588} INFO - Filling up the DagBag from /home/airflow/.local/lib/python3.12/site-packages/airflow/example_dags/example_subdag_operator.py
[2025-11-09T20:31:09.863+0000] {processor.py:925} INFO - DAG(s) 'example_subdag_operator.section-1', 'example_subdag_operator.section-2', 'example_subdag_operator' retrieved from /home/airflow/.local/lib/python3.12/site-packages/airflow/example_dags/example_subdag_operator.py
[2025-11-09T20:31:09.889+0000] {logging_mixin.py:190} INFO - [2025-11-09T20:31:09.889+0000] {dag.py:3239} INFO - Sync 3 DAGs
[2025-11-09T20:31:09.940+0000] {logging_mixin.py:190} INFO - [2025-11-09T20:31:09.939+0000] {dag.py:4180} INFO - Setting next_dagrun for example_subdag_operator to 2022-01-01 00:00:00+00:00, run_after=2022-01-01 00:00:00+00:00
[2025-11-09T20:31:09.947+0000] {logging_mixin.py:190} INFO - [2025-11-09T20:31:09.947+0000] {dag.py:4180} INFO - Setting next_dagrun for example_subdag_operator.section-1 to None, run_after=None
[2025-11-09T20:31:09.951+0000] {logging_mixin.py:190} INFO - [2025-11-09T20:31:09.950+0000] {dag.py:4180} INFO - Setting next_dagrun for example_subdag_operator.section-2 to None, run_after=None
[2025-11-09T20:31:09.965+0000] {logging_mixin.py:190} INFO - [2025-11-09T20:31:09.964+0000] {dag.py:3239} INFO - Sync 2 DAGs
[2025-11-09T20:31:09.977+0000] {logging_mixin.py:190} INFO - [2025-11-09T20:31:09.976+0000] {dag.py:4180} INFO - Setting next_dagrun for example_subdag_operator.section-1 to None, run_after=None
[2025-11-09T20:31:09.978+0000] {logging_mixin.py:190} INFO - [2025-11-09T20:31:09.978+0000] {dag.py:4180} INFO - Setting next_dagrun for example_subdag_operator.section-2 to None, run_after=None
[2025-11-09T20:31:10.002+0000] {processor.py:208} INFO - Processing /home/airflow/.local/lib/python3.12/site-packages/airflow/example_dags/example_subdag_operator.py took 0.210 seconds
[2025-11-09T20:31:40.165+0000] {processor.py:186} INFO - Started process (PID=567) to work on /home/airflow/.local/lib/python3.12/site-packages/airflow/example_dags/example_subdag_operator.py
[2025-11-09T20:31:40.167+0000] {processor.py:914} INFO - Processing file /home/airflow/.local/lib/python3.12/site-packages/airflow/example_dags/example_subdag_operator.py for tasks to queue
[2025-11-09T20:31:40.171+0000] {logging_mixin.py:190} INFO - [2025-11-09T20:31:40.171+0000] {dagbag.py:588} INFO - Filling up the DagBag from /home/airflow/.local/lib/python3.12/site-packages/airflow/example_dags/example_subdag_operator.py
[2025-11-09T20:31:40.217+0000] {processor.py:925} INFO - DAG(s) 'example_subdag_operator.section-1', 'example_subdag_operator.section-2', 'example_subdag_operator' retrieved from /home/airflow/.local/lib/python3.12/site-packages/airflow/example_dags/example_subdag_operator.py
[2025-11-09T20:31:40.238+0000] {logging_mixin.py:190} INFO - [2025-11-09T20:31:40.237+0000] {dag.py:3239} INFO - Sync 3 DAGs
[2025-11-09T20:31:40.272+0000] {logging_mixin.py:190} INFO - [2025-11-09T20:31:40.272+0000] {dag.py:4180} INFO - Setting next_dagrun for example_subdag_operator to 2022-01-01 00:00:00+00:00, run_after=2022-01-01 00:00:00+00:00
[2025-11-09T20:31:40.277+0000] {logging_mixin.py:190} INFO - [2025-11-09T20:31:40.277+0000] {dag.py:4180} INFO - Setting next_dagrun for example_subdag_operator.section-1 to None, run_after=None
[2025-11-09T20:31:40.281+0000] {logging_mixin.py:190} INFO - [2025-11-09T20:31:40.280+0000] {dag.py:4180} INFO - Setting next_dagrun for example_subdag_operator.section-2 to None, run_after=None
[2025-11-09T20:31:40.292+0000] {logging_mixin.py:190} INFO - [2025-11-09T20:31:40.291+0000] {dag.py:3239} INFO - Sync 2 DAGs
[2025-11-09T20:31:40.302+0000] {logging_mixin.py:190} INFO - [2025-11-09T20:31:40.301+0000] {dag.py:4180} INFO - Setting next_dagrun for example_subdag_operator.section-1 to None, run_after=None
[2025-11-09T20:31:40.303+0000] {logging_mixin.py:190} INFO - [2025-11-09T20:31:40.302+0000] {dag.py:4180} INFO - Setting next_dagrun for example_subdag_operator.section-2 to None, run_after=None
[2025-11-09T20:31:40.319+0000] {processor.py:208} INFO - Processing /home/airflow/.local/lib/python3.12/site-packages/airflow/example_dags/example_subdag_operator.py took 0.164 seconds
[2025-11-09T20:32:10.983+0000] {processor.py:186} INFO - Started process (PID=630) to work on /home/airflow/.local/lib/python3.12/site-packages/airflow/example_dags/example_subdag_operator.py
[2025-11-09T20:32:10.986+0000] {processor.py:914} INFO - Processing file /home/airflow/.local/lib/python3.12/site-packages/airflow/example_dags/example_subdag_operator.py for tasks to queue
[2025-11-09T20:32:10.992+0000] {logging_mixin.py:190} INFO - [2025-11-09T20:32:10.991+0000] {dagbag.py:588} INFO - Filling up the DagBag from /home/airflow/.local/lib/python3.12/site-packages/airflow/example_dags/example_subdag_operator.py
[2025-11-09T20:32:11.046+0000] {processor.py:925} INFO - DAG(s) 'example_subdag_operator.section-1', 'example_subdag_operator.section-2', 'example_subdag_operator' retrieved from /home/airflow/.local/lib/python3.12/site-packages/airflow/example_dags/example_subdag_operator.py
[2025-11-09T20:32:11.072+0000] {logging_mixin.py:190} INFO - [2025-11-09T20:32:11.072+0000] {dag.py:3239} INFO - Sync 3 DAGs
[2025-11-09T20:32:11.114+0000] {logging_mixin.py:190} INFO - [2025-11-09T20:32:11.113+0000] {dag.py:4180} INFO - Setting next_dagrun for example_subdag_operator to 2022-01-01 00:00:00+00:00, run_after=2022-01-01 00:00:00+00:00
[2025-11-09T20:32:11.120+0000] {logging_mixin.py:190} INFO - [2025-11-09T20:32:11.120+0000] {dag.py:4180} INFO - Setting next_dagrun for example_subdag_operator.section-1 to None, run_after=None
[2025-11-09T20:32:11.126+0000] {logging_mixin.py:190} INFO - [2025-11-09T20:32:11.125+0000] {dag.py:4180} INFO - Setting next_dagrun for example_subdag_operator.section-2 to None, run_after=None
[2025-11-09T20:32:11.137+0000] {logging_mixin.py:190} INFO - [2025-11-09T20:32:11.137+0000] {dag.py:3239} INFO - Sync 2 DAGs
[2025-11-09T20:32:11.148+0000] {logging_mixin.py:190} INFO - [2025-11-09T20:32:11.148+0000] {dag.py:4180} INFO - Setting next_dagrun for example_subdag_operator.section-1 to None, run_after=None
[2025-11-09T20:32:11.149+0000] {logging_mixin.py:190} INFO - [2025-11-09T20:32:11.149+0000] {dag.py:4180} INFO - Setting next_dagrun for example_subdag_operator.section-2 to None, run_after=None
[2025-11-09T20:32:11.172+0000] {processor.py:208} INFO - Processing /home/airflow/.local/lib/python3.12/site-packages/airflow/example_dags/example_subdag_operator.py took 0.199 seconds
[2025-11-09T20:32:41.331+0000] {processor.py:186} INFO - Started process (PID=693) to work on /home/airflow/.local/lib/python3.12/site-packages/airflow/example_dags/example_subdag_operator.py
[2025-11-09T20:32:41.333+0000] {processor.py:914} INFO - Processing file /home/airflow/.local/lib/python3.12/site-packages/airflow/example_dags/example_subdag_operator.py for tasks to queue
[2025-11-09T20:32:41.339+0000] {logging_mixin.py:190} INFO - [2025-11-09T20:32:41.338+0000] {dagbag.py:588} INFO - Filling up the DagBag from /home/airflow/.local/lib/python3.12/site-packages/airflow/example_dags/example_subdag_operator.py
[2025-11-09T20:32:41.399+0000] {processor.py:925} INFO - DAG(s) 'example_subdag_operator.section-1', 'example_subdag_operator.section-2', 'example_subdag_operator' retrieved from /home/airflow/.local/lib/python3.12/site-packages/airflow/example_dags/example_subdag_operator.py
[2025-11-09T20:32:41.423+0000] {logging_mixin.py:190} INFO - [2025-11-09T20:32:41.423+0000] {dag.py:3239} INFO - Sync 3 DAGs
[2025-11-09T20:32:41.466+0000] {logging_mixin.py:190} INFO - [2025-11-09T20:32:41.465+0000] {dag.py:4180} INFO - Setting next_dagrun for example_subdag_operator to 2022-01-01 00:00:00+00:00, run_after=2022-01-01 00:00:00+00:00
[2025-11-09T20:32:41.474+0000] {logging_mixin.py:190} INFO - [2025-11-09T20:32:41.473+0000] {dag.py:4180} INFO - Setting next_dagrun for example_subdag_operator.section-1 to None, run_after=None
[2025-11-09T20:32:41.477+0000] {logging_mixin.py:190} INFO - [2025-11-09T20:32:41.476+0000] {dag.py:4180} INFO - Setting next_dagrun for example_subdag_operator.section-2 to None, run_after=None
[2025-11-09T20:32:41.490+0000] {logging_mixin.py:190} INFO - [2025-11-09T20:32:41.489+0000] {dag.py:3239} INFO - Sync 2 DAGs
[2025-11-09T20:32:41.502+0000] {logging_mixin.py:190} INFO - [2025-11-09T20:32:41.501+0000] {dag.py:4180} INFO - Setting next_dagrun for example_subdag_operator.section-1 to None, run_after=None
[2025-11-09T20:32:41.503+0000] {logging_mixin.py:190} INFO - [2025-11-09T20:32:41.503+0000] {dag.py:4180} INFO - Setting next_dagrun for example_subdag_operator.section-2 to None, run_after=None
[2025-11-09T20:32:41.523+0000] {processor.py:208} INFO - Processing /home/airflow/.local/lib/python3.12/site-packages/airflow/example_dags/example_subdag_operator.py took 0.205 seconds
[2025-11-09T20:33:11.771+0000] {processor.py:186} INFO - Started process (PID=756) to work on /home/airflow/.local/lib/python3.12/site-packages/airflow/example_dags/example_subdag_operator.py
[2025-11-09T20:33:11.773+0000] {processor.py:914} INFO - Processing file /home/airflow/.local/lib/python3.12/site-packages/airflow/example_dags/example_subdag_operator.py for tasks to queue
[2025-11-09T20:33:11.777+0000] {logging_mixin.py:190} INFO - [2025-11-09T20:33:11.776+0000] {dagbag.py:588} INFO - Filling up the DagBag from /home/airflow/.local/lib/python3.12/site-packages/airflow/example_dags/example_subdag_operator.py
[2025-11-09T20:33:11.822+0000] {processor.py:925} INFO - DAG(s) 'example_subdag_operator.section-1', 'example_subdag_operator.section-2', 'example_subdag_operator' retrieved from /home/airflow/.local/lib/python3.12/site-packages/airflow/example_dags/example_subdag_operator.py
[2025-11-09T20:33:11.844+0000] {logging_mixin.py:190} INFO - [2025-11-09T20:33:11.844+0000] {dag.py:3239} INFO - Sync 3 DAGs
[2025-11-09T20:33:11.885+0000] {logging_mixin.py:190} INFO - [2025-11-09T20:33:11.885+0000] {dag.py:4180} INFO - Setting next_dagrun for example_subdag_operator to 2022-01-01 00:00:00+00:00, run_after=2022-01-01 00:00:00+00:00
[2025-11-09T20:33:11.891+0000] {logging_mixin.py:190} INFO - [2025-11-09T20:33:11.891+0000] {dag.py:4180} INFO - Setting next_dagrun for example_subdag_operator.section-1 to None, run_after=None
[2025-11-09T20:33:11.895+0000] {logging_mixin.py:190} INFO - [2025-11-09T20:33:11.894+0000] {dag.py:4180} INFO - Setting next_dagrun for example_subdag_operator.section-2 to None, run_after=None
[2025-11-09T20:33:11.907+0000] {logging_mixin.py:190} INFO - [2025-11-09T20:33:11.906+0000] {dag.py:3239} INFO - Sync 2 DAGs
[2025-11-09T20:33:11.918+0000] {logging_mixin.py:190} INFO - [2025-11-09T20:33:11.918+0000] {dag.py:4180} INFO - Setting next_dagrun for example_subdag_operator.section-1 to None, run_after=None
[2025-11-09T20:33:11.919+0000] {logging_mixin.py:190} INFO - [2025-11-09T20:33:11.919+0000] {dag.py:4180} INFO - Setting next_dagrun for example_subdag_operator.section-2 to None, run_after=None
[2025-11-09T20:33:11.940+0000] {processor.py:208} INFO - Processing /home/airflow/.local/lib/python3.12/site-packages/airflow/example_dags/example_subdag_operator.py took 0.179 seconds
[2025-11-09T20:33:42.386+0000] {processor.py:186} INFO - Started process (PID=818) to work on /home/airflow/.local/lib/python3.12/site-packages/airflow/example_dags/example_subdag_operator.py
[2025-11-09T20:33:42.388+0000] {processor.py:914} INFO - Processing file /home/airflow/.local/lib/python3.12/site-packages/airflow/example_dags/example_subdag_operator.py for tasks to queue
[2025-11-09T20:33:42.392+0000] {logging_mixin.py:190} INFO - [2025-11-09T20:33:42.391+0000] {dagbag.py:588} INFO - Filling up the DagBag from /home/airflow/.local/lib/python3.12/site-packages/airflow/example_dags/example_subdag_operator.py
[2025-11-09T20:33:42.436+0000] {processor.py:925} INFO - DAG(s) 'example_subdag_operator.section-1', 'example_subdag_operator.section-2', 'example_subdag_operator' retrieved from /home/airflow/.local/lib/python3.12/site-packages/airflow/example_dags/example_subdag_operator.py
[2025-11-09T20:33:42.457+0000] {logging_mixin.py:190} INFO - [2025-11-09T20:33:42.456+0000] {dag.py:3239} INFO - Sync 3 DAGs
[2025-11-09T20:33:42.491+0000] {logging_mixin.py:190} INFO - [2025-11-09T20:33:42.491+0000] {dag.py:4180} INFO - Setting next_dagrun for example_subdag_operator to 2022-01-01 00:00:00+00:00, run_after=2022-01-01 00:00:00+00:00
[2025-11-09T20:33:42.497+0000] {logging_mixin.py:190} INFO - [2025-11-09T20:33:42.496+0000] {dag.py:4180} INFO - Setting next_dagrun for example_subdag_operator.section-1 to None, run_after=None
[2025-11-09T20:33:42.499+0000] {logging_mixin.py:190} INFO - [2025-11-09T20:33:42.499+0000] {dag.py:4180} INFO - Setting next_dagrun for example_subdag_operator.section-2 to None, run_after=None
[2025-11-09T20:33:42.512+0000] {logging_mixin.py:190} INFO - [2025-11-09T20:33:42.511+0000] {dag.py:3239} INFO - Sync 2 DAGs
[2025-11-09T20:33:42.522+0000] {logging_mixin.py:190} INFO - [2025-11-09T20:33:42.522+0000] {dag.py:4180} INFO - Setting next_dagrun for example_subdag_operator.section-1 to None, run_after=None
[2025-11-09T20:33:42.523+0000] {logging_mixin.py:190} INFO - [2025-11-09T20:33:42.523+0000] {dag.py:4180} INFO - Setting next_dagrun for example_subdag_operator.section-2 to None, run_after=None
[2025-11-09T20:33:42.541+0000] {processor.py:208} INFO - Processing /home/airflow/.local/lib/python3.12/site-packages/airflow/example_dags/example_subdag_operator.py took 0.163 seconds
[2025-11-09T20:34:13.315+0000] {processor.py:186} INFO - Started process (PID=882) to work on /home/airflow/.local/lib/python3.12/site-packages/airflow/example_dags/example_subdag_operator.py
[2025-11-09T20:34:13.317+0000] {processor.py:914} INFO - Processing file /home/airflow/.local/lib/python3.12/site-packages/airflow/example_dags/example_subdag_operator.py for tasks to queue
[2025-11-09T20:34:13.322+0000] {logging_mixin.py:190} INFO - [2025-11-09T20:34:13.321+0000] {dagbag.py:588} INFO - Filling up the DagBag from /home/airflow/.local/lib/python3.12/site-packages/airflow/example_dags/example_subdag_operator.py
[2025-11-09T20:34:13.373+0000] {processor.py:925} INFO - DAG(s) 'example_subdag_operator.section-1', 'example_subdag_operator.section-2', 'example_subdag_operator' retrieved from /home/airflow/.local/lib/python3.12/site-packages/airflow/example_dags/example_subdag_operator.py
[2025-11-09T20:34:13.397+0000] {logging_mixin.py:190} INFO - [2025-11-09T20:34:13.397+0000] {dag.py:3239} INFO - Sync 3 DAGs
[2025-11-09T20:34:13.436+0000] {logging_mixin.py:190} INFO - [2025-11-09T20:34:13.436+0000] {dag.py:4180} INFO - Setting next_dagrun for example_subdag_operator to 2022-01-01 00:00:00+00:00, run_after=2022-01-01 00:00:00+00:00
[2025-11-09T20:34:13.442+0000] {logging_mixin.py:190} INFO - [2025-11-09T20:34:13.442+0000] {dag.py:4180} INFO - Setting next_dagrun for example_subdag_operator.section-1 to None, run_after=None
[2025-11-09T20:34:13.446+0000] {logging_mixin.py:190} INFO - [2025-11-09T20:34:13.446+0000] {dag.py:4180} INFO - Setting next_dagrun for example_subdag_operator.section-2 to None, run_after=None
[2025-11-09T20:34:13.459+0000] {logging_mixin.py:190} INFO - [2025-11-09T20:34:13.458+0000] {dag.py:3239} INFO - Sync 2 DAGs
[2025-11-09T20:34:13.471+0000] {logging_mixin.py:190} INFO - [2025-11-09T20:34:13.471+0000] {dag.py:4180} INFO - Setting next_dagrun for example_subdag_operator.section-1 to None, run_after=None
[2025-11-09T20:34:13.472+0000] {logging_mixin.py:190} INFO - [2025-11-09T20:34:13.472+0000] {dag.py:4180} INFO - Setting next_dagrun for example_subdag_operator.section-2 to None, run_after=None
[2025-11-09T20:34:13.494+0000] {processor.py:208} INFO - Processing /home/airflow/.local/lib/python3.12/site-packages/airflow/example_dags/example_subdag_operator.py took 0.189 seconds
[2025-11-09T20:34:43.930+0000] {processor.py:186} INFO - Started process (PID=945) to work on /home/airflow/.local/lib/python3.12/site-packages/airflow/example_dags/example_subdag_operator.py
[2025-11-09T20:34:43.933+0000] {processor.py:914} INFO - Processing file /home/airflow/.local/lib/python3.12/site-packages/airflow/example_dags/example_subdag_operator.py for tasks to queue
[2025-11-09T20:34:43.938+0000] {logging_mixin.py:190} INFO - [2025-11-09T20:34:43.937+0000] {dagbag.py:588} INFO - Filling up the DagBag from /home/airflow/.local/lib/python3.12/site-packages/airflow/example_dags/example_subdag_operator.py
[2025-11-09T20:34:43.989+0000] {processor.py:925} INFO - DAG(s) 'example_subdag_operator.section-1', 'example_subdag_operator.section-2', 'example_subdag_operator' retrieved from /home/airflow/.local/lib/python3.12/site-packages/airflow/example_dags/example_subdag_operator.py
[2025-11-09T20:34:44.016+0000] {logging_mixin.py:190} INFO - [2025-11-09T20:34:44.016+0000] {dag.py:3239} INFO - Sync 3 DAGs
[2025-11-09T20:34:44.058+0000] {logging_mixin.py:190} INFO - [2025-11-09T20:34:44.057+0000] {dag.py:4180} INFO - Setting next_dagrun for example_subdag_operator to 2022-01-01 00:00:00+00:00, run_after=2022-01-01 00:00:00+00:00
[2025-11-09T20:34:44.064+0000] {logging_mixin.py:190} INFO - [2025-11-09T20:34:44.063+0000] {dag.py:4180} INFO - Setting next_dagrun for example_subdag_operator.section-1 to None, run_after=None
[2025-11-09T20:34:44.068+0000] {logging_mixin.py:190} INFO - [2025-11-09T20:34:44.067+0000] {dag.py:4180} INFO - Setting next_dagrun for example_subdag_operator.section-2 to None, run_after=None
[2025-11-09T20:34:44.081+0000] {logging_mixin.py:190} INFO - [2025-11-09T20:34:44.080+0000] {dag.py:3239} INFO - Sync 2 DAGs
[2025-11-09T20:34:44.092+0000] {logging_mixin.py:190} INFO - [2025-11-09T20:34:44.091+0000] {dag.py:4180} INFO - Setting next_dagrun for example_subdag_operator.section-1 to None, run_after=None
[2025-11-09T20:34:44.093+0000] {logging_mixin.py:190} INFO - [2025-11-09T20:34:44.093+0000] {dag.py:4180} INFO - Setting next_dagrun for example_subdag_operator.section-2 to None, run_after=None
[2025-11-09T20:34:44.116+0000] {processor.py:208} INFO - Processing /home/airflow/.local/lib/python3.12/site-packages/airflow/example_dags/example_subdag_operator.py took 0.198 seconds
[2025-11-09T20:35:14.242+0000] {processor.py:186} INFO - Started process (PID=1008) to work on /home/airflow/.local/lib/python3.12/site-packages/airflow/example_dags/example_subdag_operator.py
[2025-11-09T20:35:14.244+0000] {processor.py:914} INFO - Processing file /home/airflow/.local/lib/python3.12/site-packages/airflow/example_dags/example_subdag_operator.py for tasks to queue
[2025-11-09T20:35:14.248+0000] {logging_mixin.py:190} INFO - [2025-11-09T20:35:14.248+0000] {dagbag.py:588} INFO - Filling up the DagBag from /home/airflow/.local/lib/python3.12/site-packages/airflow/example_dags/example_subdag_operator.py
[2025-11-09T20:35:14.303+0000] {processor.py:925} INFO - DAG(s) 'example_subdag_operator.section-1', 'example_subdag_operator.section-2', 'example_subdag_operator' retrieved from /home/airflow/.local/lib/python3.12/site-packages/airflow/example_dags/example_subdag_operator.py
[2025-11-09T20:35:14.330+0000] {logging_mixin.py:190} INFO - [2025-11-09T20:35:14.329+0000] {dag.py:3239} INFO - Sync 3 DAGs
[2025-11-09T20:35:14.370+0000] {logging_mixin.py:190} INFO - [2025-11-09T20:35:14.370+0000] {dag.py:4180} INFO - Setting next_dagrun for example_subdag_operator to 2022-01-01 00:00:00+00:00, run_after=2022-01-01 00:00:00+00:00
[2025-11-09T20:35:14.377+0000] {logging_mixin.py:190} INFO - [2025-11-09T20:35:14.376+0000] {dag.py:4180} INFO - Setting next_dagrun for example_subdag_operator.section-1 to None, run_after=None
[2025-11-09T20:35:14.380+0000] {logging_mixin.py:190} INFO - [2025-11-09T20:35:14.380+0000] {dag.py:4180} INFO - Setting next_dagrun for example_subdag_operator.section-2 to None, run_after=None
[2025-11-09T20:35:14.393+0000] {logging_mixin.py:190} INFO - [2025-11-09T20:35:14.393+0000] {dag.py:3239} INFO - Sync 2 DAGs
[2025-11-09T20:35:14.404+0000] {logging_mixin.py:190} INFO - [2025-11-09T20:35:14.404+0000] {dag.py:4180} INFO - Setting next_dagrun for example_subdag_operator.section-1 to None, run_after=None
[2025-11-09T20:35:14.406+0000] {logging_mixin.py:190} INFO - [2025-11-09T20:35:14.405+0000] {dag.py:4180} INFO - Setting next_dagrun for example_subdag_operator.section-2 to None, run_after=None
[2025-11-09T20:35:14.427+0000] {processor.py:208} INFO - Processing /home/airflow/.local/lib/python3.12/site-packages/airflow/example_dags/example_subdag_operator.py took 0.195 seconds
[2025-11-09T20:35:44.917+0000] {processor.py:186} INFO - Started process (PID=1071) to work on /home/airflow/.local/lib/python3.12/site-packages/airflow/example_dags/example_subdag_operator.py
[2025-11-09T20:35:44.919+0000] {processor.py:914} INFO - Processing file /home/airflow/.local/lib/python3.12/site-packages/airflow/example_dags/example_subdag_operator.py for tasks to queue
[2025-11-09T20:35:44.924+0000] {logging_mixin.py:190} INFO - [2025-11-09T20:35:44.923+0000] {dagbag.py:588} INFO - Filling up the DagBag from /home/airflow/.local/lib/python3.12/site-packages/airflow/example_dags/example_subdag_operator.py
[2025-11-09T20:35:44.970+0000] {processor.py:925} INFO - DAG(s) 'example_subdag_operator.section-1', 'example_subdag_operator.section-2', 'example_subdag_operator' retrieved from /home/airflow/.local/lib/python3.12/site-packages/airflow/example_dags/example_subdag_operator.py
[2025-11-09T20:35:44.990+0000] {logging_mixin.py:190} INFO - [2025-11-09T20:35:44.990+0000] {dag.py:3239} INFO - Sync 3 DAGs
[2025-11-09T20:35:45.024+0000] {logging_mixin.py:190} INFO - [2025-11-09T20:35:45.024+0000] {dag.py:4180} INFO - Setting next_dagrun for example_subdag_operator to 2022-01-01 00:00:00+00:00, run_after=2022-01-01 00:00:00+00:00
[2025-11-09T20:35:45.030+0000] {logging_mixin.py:190} INFO - [2025-11-09T20:35:45.029+0000] {dag.py:4180} INFO - Setting next_dagrun for example_subdag_operator.section-1 to None, run_after=None
[2025-11-09T20:35:45.032+0000] {logging_mixin.py:190} INFO - [2025-11-09T20:35:45.032+0000] {dag.py:4180} INFO - Setting next_dagrun for example_subdag_operator.section-2 to None, run_after=None
[2025-11-09T20:35:45.043+0000] {logging_mixin.py:190} INFO - [2025-11-09T20:35:45.042+0000] {dag.py:3239} INFO - Sync 2 DAGs
[2025-11-09T20:35:45.054+0000] {logging_mixin.py:190} INFO - [2025-11-09T20:35:45.053+0000] {dag.py:4180} INFO - Setting next_dagrun for example_subdag_operator.section-1 to None, run_after=None
[2025-11-09T20:35:45.055+0000] {logging_mixin.py:190} INFO - [2025-11-09T20:35:45.054+0000] {dag.py:4180} INFO - Setting next_dagrun for example_subdag_operator.section-2 to None, run_after=None
[2025-11-09T20:35:45.073+0000] {processor.py:208} INFO - Processing /home/airflow/.local/lib/python3.12/site-packages/airflow/example_dags/example_subdag_operator.py took 0.167 seconds
[2025-11-09T20:36:15.743+0000] {processor.py:186} INFO - Started process (PID=1134) to work on /home/airflow/.local/lib/python3.12/site-packages/airflow/example_dags/example_subdag_operator.py
[2025-11-09T20:36:15.747+0000] {processor.py:914} INFO - Processing file /home/airflow/.local/lib/python3.12/site-packages/airflow/example_dags/example_subdag_operator.py for tasks to queue
[2025-11-09T20:36:15.767+0000] {logging_mixin.py:190} INFO - [2025-11-09T20:36:15.766+0000] {dagbag.py:588} INFO - Filling up the DagBag from /home/airflow/.local/lib/python3.12/site-packages/airflow/example_dags/example_subdag_operator.py
[2025-11-09T20:36:16.023+0000] {processor.py:925} INFO - DAG(s) 'example_subdag_operator.section-1', 'example_subdag_operator.section-2', 'example_subdag_operator' retrieved from /home/airflow/.local/lib/python3.12/site-packages/airflow/example_dags/example_subdag_operator.py
[2025-11-09T20:36:16.290+0000] {logging_mixin.py:190} INFO - [2025-11-09T20:36:16.290+0000] {dag.py:3239} INFO - Sync 3 DAGs
[2025-11-09T20:36:16.380+0000] {logging_mixin.py:190} INFO - [2025-11-09T20:36:16.379+0000] {dag.py:4180} INFO - Setting next_dagrun for example_subdag_operator to 2022-01-01 00:00:00+00:00, run_after=2022-01-01 00:00:00+00:00
[2025-11-09T20:36:16.389+0000] {logging_mixin.py:190} INFO - [2025-11-09T20:36:16.388+0000] {dag.py:4180} INFO - Setting next_dagrun for example_subdag_operator.section-1 to None, run_after=None
[2025-11-09T20:36:16.394+0000] {logging_mixin.py:190} INFO - [2025-11-09T20:36:16.393+0000] {dag.py:4180} INFO - Setting next_dagrun for example_subdag_operator.section-2 to None, run_after=None
[2025-11-09T20:36:16.413+0000] {logging_mixin.py:190} INFO - [2025-11-09T20:36:16.412+0000] {dag.py:3239} INFO - Sync 2 DAGs
[2025-11-09T20:36:16.426+0000] {logging_mixin.py:190} INFO - [2025-11-09T20:36:16.426+0000] {dag.py:4180} INFO - Setting next_dagrun for example_subdag_operator.section-1 to None, run_after=None
[2025-11-09T20:36:16.428+0000] {logging_mixin.py:190} INFO - [2025-11-09T20:36:16.428+0000] {dag.py:4180} INFO - Setting next_dagrun for example_subdag_operator.section-2 to None, run_after=None
[2025-11-09T20:36:16.457+0000] {processor.py:208} INFO - Processing /home/airflow/.local/lib/python3.12/site-packages/airflow/example_dags/example_subdag_operator.py took 0.749 seconds
[2025-11-09T20:36:46.905+0000] {processor.py:186} INFO - Started process (PID=1196) to work on /home/airflow/.local/lib/python3.12/site-packages/airflow/example_dags/example_subdag_operator.py
[2025-11-09T20:36:46.907+0000] {processor.py:914} INFO - Processing file /home/airflow/.local/lib/python3.12/site-packages/airflow/example_dags/example_subdag_operator.py for tasks to queue
[2025-11-09T20:36:46.911+0000] {logging_mixin.py:190} INFO - [2025-11-09T20:36:46.911+0000] {dagbag.py:588} INFO - Filling up the DagBag from /home/airflow/.local/lib/python3.12/site-packages/airflow/example_dags/example_subdag_operator.py
[2025-11-09T20:36:46.964+0000] {processor.py:925} INFO - DAG(s) 'example_subdag_operator.section-1', 'example_subdag_operator.section-2', 'example_subdag_operator' retrieved from /home/airflow/.local/lib/python3.12/site-packages/airflow/example_dags/example_subdag_operator.py
[2025-11-09T20:36:46.988+0000] {logging_mixin.py:190} INFO - [2025-11-09T20:36:46.988+0000] {dag.py:3239} INFO - Sync 3 DAGs
[2025-11-09T20:36:47.031+0000] {logging_mixin.py:190} INFO - [2025-11-09T20:36:47.030+0000] {dag.py:4180} INFO - Setting next_dagrun for example_subdag_operator to 2022-01-01 00:00:00+00:00, run_after=2022-01-01 00:00:00+00:00
[2025-11-09T20:36:47.038+0000] {logging_mixin.py:190} INFO - [2025-11-09T20:36:47.038+0000] {dag.py:4180} INFO - Setting next_dagrun for example_subdag_operator.section-1 to None, run_after=None
[2025-11-09T20:36:47.043+0000] {logging_mixin.py:190} INFO - [2025-11-09T20:36:47.042+0000] {dag.py:4180} INFO - Setting next_dagrun for example_subdag_operator.section-2 to None, run_after=None
[2025-11-09T20:36:47.057+0000] {logging_mixin.py:190} INFO - [2025-11-09T20:36:47.056+0000] {dag.py:3239} INFO - Sync 2 DAGs
[2025-11-09T20:36:47.070+0000] {logging_mixin.py:190} INFO - [2025-11-09T20:36:47.070+0000] {dag.py:4180} INFO - Setting next_dagrun for example_subdag_operator.section-1 to None, run_after=None
[2025-11-09T20:36:47.072+0000] {logging_mixin.py:190} INFO - [2025-11-09T20:36:47.071+0000] {dag.py:4180} INFO - Setting next_dagrun for example_subdag_operator.section-2 to None, run_after=None
[2025-11-09T20:36:47.096+0000] {processor.py:208} INFO - Processing /home/airflow/.local/lib/python3.12/site-packages/airflow/example_dags/example_subdag_operator.py took 0.200 seconds
[2025-11-09T20:37:17.320+0000] {processor.py:186} INFO - Started process (PID=1260) to work on /home/airflow/.local/lib/python3.12/site-packages/airflow/example_dags/example_subdag_operator.py
[2025-11-09T20:37:17.322+0000] {processor.py:914} INFO - Processing file /home/airflow/.local/lib/python3.12/site-packages/airflow/example_dags/example_subdag_operator.py for tasks to queue
[2025-11-09T20:37:17.327+0000] {logging_mixin.py:190} INFO - [2025-11-09T20:37:17.326+0000] {dagbag.py:588} INFO - Filling up the DagBag from /home/airflow/.local/lib/python3.12/site-packages/airflow/example_dags/example_subdag_operator.py
[2025-11-09T20:37:17.376+0000] {processor.py:925} INFO - DAG(s) 'example_subdag_operator.section-1', 'example_subdag_operator.section-2', 'example_subdag_operator' retrieved from /home/airflow/.local/lib/python3.12/site-packages/airflow/example_dags/example_subdag_operator.py
[2025-11-09T20:37:17.400+0000] {logging_mixin.py:190} INFO - [2025-11-09T20:37:17.400+0000] {dag.py:3239} INFO - Sync 3 DAGs
[2025-11-09T20:37:17.439+0000] {logging_mixin.py:190} INFO - [2025-11-09T20:37:17.439+0000] {dag.py:4180} INFO - Setting next_dagrun for example_subdag_operator to 2022-01-01 00:00:00+00:00, run_after=2022-01-01 00:00:00+00:00
[2025-11-09T20:37:17.445+0000] {logging_mixin.py:190} INFO - [2025-11-09T20:37:17.445+0000] {dag.py:4180} INFO - Setting next_dagrun for example_subdag_operator.section-1 to None, run_after=None
[2025-11-09T20:37:17.447+0000] {logging_mixin.py:190} INFO - [2025-11-09T20:37:17.447+0000] {dag.py:4180} INFO - Setting next_dagrun for example_subdag_operator.section-2 to None, run_after=None
[2025-11-09T20:37:17.460+0000] {logging_mixin.py:190} INFO - [2025-11-09T20:37:17.460+0000] {dag.py:3239} INFO - Sync 2 DAGs
[2025-11-09T20:37:17.471+0000] {logging_mixin.py:190} INFO - [2025-11-09T20:37:17.471+0000] {dag.py:4180} INFO - Setting next_dagrun for example_subdag_operator.section-1 to None, run_after=None
[2025-11-09T20:37:17.473+0000] {logging_mixin.py:190} INFO - [2025-11-09T20:37:17.472+0000] {dag.py:4180} INFO - Setting next_dagrun for example_subdag_operator.section-2 to None, run_after=None
[2025-11-09T20:37:17.492+0000] {processor.py:208} INFO - Processing /home/airflow/.local/lib/python3.12/site-packages/airflow/example_dags/example_subdag_operator.py took 0.183 seconds
[2025-11-09T20:37:47.876+0000] {processor.py:186} INFO - Started process (PID=1323) to work on /home/airflow/.local/lib/python3.12/site-packages/airflow/example_dags/example_subdag_operator.py
[2025-11-09T20:37:47.877+0000] {processor.py:914} INFO - Processing file /home/airflow/.local/lib/python3.12/site-packages/airflow/example_dags/example_subdag_operator.py for tasks to queue
[2025-11-09T20:37:47.882+0000] {logging_mixin.py:190} INFO - [2025-11-09T20:37:47.881+0000] {dagbag.py:588} INFO - Filling up the DagBag from /home/airflow/.local/lib/python3.12/site-packages/airflow/example_dags/example_subdag_operator.py
[2025-11-09T20:37:47.928+0000] {processor.py:925} INFO - DAG(s) 'example_subdag_operator.section-1', 'example_subdag_operator.section-2', 'example_subdag_operator' retrieved from /home/airflow/.local/lib/python3.12/site-packages/airflow/example_dags/example_subdag_operator.py
[2025-11-09T20:37:47.950+0000] {logging_mixin.py:190} INFO - [2025-11-09T20:37:47.950+0000] {dag.py:3239} INFO - Sync 3 DAGs
[2025-11-09T20:37:47.987+0000] {logging_mixin.py:190} INFO - [2025-11-09T20:37:47.986+0000] {dag.py:4180} INFO - Setting next_dagrun for example_subdag_operator to 2022-01-01 00:00:00+00:00, run_after=2022-01-01 00:00:00+00:00
[2025-11-09T20:37:47.993+0000] {logging_mixin.py:190} INFO - [2025-11-09T20:37:47.992+0000] {dag.py:4180} INFO - Setting next_dagrun for example_subdag_operator.section-1 to None, run_after=None
[2025-11-09T20:37:47.996+0000] {logging_mixin.py:190} INFO - [2025-11-09T20:37:47.996+0000] {dag.py:4180} INFO - Setting next_dagrun for example_subdag_operator.section-2 to None, run_after=None
[2025-11-09T20:37:48.009+0000] {logging_mixin.py:190} INFO - [2025-11-09T20:37:48.008+0000] {dag.py:3239} INFO - Sync 2 DAGs
[2025-11-09T20:37:48.019+0000] {logging_mixin.py:190} INFO - [2025-11-09T20:37:48.019+0000] {dag.py:4180} INFO - Setting next_dagrun for example_subdag_operator.section-1 to None, run_after=None
[2025-11-09T20:37:48.021+0000] {logging_mixin.py:190} INFO - [2025-11-09T20:37:48.020+0000] {dag.py:4180} INFO - Setting next_dagrun for example_subdag_operator.section-2 to None, run_after=None
[2025-11-09T20:37:48.039+0000] {processor.py:208} INFO - Processing /home/airflow/.local/lib/python3.12/site-packages/airflow/example_dags/example_subdag_operator.py took 0.174 seconds
[2025-11-09T20:38:18.487+0000] {processor.py:186} INFO - Started process (PID=1386) to work on /home/airflow/.local/lib/python3.12/site-packages/airflow/example_dags/example_subdag_operator.py
[2025-11-09T20:38:18.489+0000] {processor.py:914} INFO - Processing file /home/airflow/.local/lib/python3.12/site-packages/airflow/example_dags/example_subdag_operator.py for tasks to queue
[2025-11-09T20:38:18.494+0000] {logging_mixin.py:190} INFO - [2025-11-09T20:38:18.493+0000] {dagbag.py:588} INFO - Filling up the DagBag from /home/airflow/.local/lib/python3.12/site-packages/airflow/example_dags/example_subdag_operator.py
[2025-11-09T20:38:18.539+0000] {processor.py:925} INFO - DAG(s) 'example_subdag_operator.section-1', 'example_subdag_operator.section-2', 'example_subdag_operator' retrieved from /home/airflow/.local/lib/python3.12/site-packages/airflow/example_dags/example_subdag_operator.py
[2025-11-09T20:38:18.562+0000] {logging_mixin.py:190} INFO - [2025-11-09T20:38:18.562+0000] {dag.py:3239} INFO - Sync 3 DAGs
[2025-11-09T20:38:18.607+0000] {logging_mixin.py:190} INFO - [2025-11-09T20:38:18.607+0000] {dag.py:4180} INFO - Setting next_dagrun for example_subdag_operator to 2022-01-01 00:00:00+00:00, run_after=2022-01-01 00:00:00+00:00
[2025-11-09T20:38:18.615+0000] {logging_mixin.py:190} INFO - [2025-11-09T20:38:18.614+0000] {dag.py:4180} INFO - Setting next_dagrun for example_subdag_operator.section-1 to None, run_after=None
[2025-11-09T20:38:18.617+0000] {logging_mixin.py:190} INFO - [2025-11-09T20:38:18.617+0000] {dag.py:4180} INFO - Setting next_dagrun for example_subdag_operator.section-2 to None, run_after=None
[2025-11-09T20:38:18.629+0000] {logging_mixin.py:190} INFO - [2025-11-09T20:38:18.629+0000] {dag.py:3239} INFO - Sync 2 DAGs
[2025-11-09T20:38:18.639+0000] {logging_mixin.py:190} INFO - [2025-11-09T20:38:18.639+0000] {dag.py:4180} INFO - Setting next_dagrun for example_subdag_operator.section-1 to None, run_after=None
[2025-11-09T20:38:18.641+0000] {logging_mixin.py:190} INFO - [2025-11-09T20:38:18.640+0000] {dag.py:4180} INFO - Setting next_dagrun for example_subdag_operator.section-2 to None, run_after=None
[2025-11-09T20:38:18.660+0000] {processor.py:208} INFO - Processing /home/airflow/.local/lib/python3.12/site-packages/airflow/example_dags/example_subdag_operator.py took 0.183 seconds
[2025-11-09T20:38:48.907+0000] {processor.py:186} INFO - Started process (PID=1449) to work on /home/airflow/.local/lib/python3.12/site-packages/airflow/example_dags/example_subdag_operator.py
[2025-11-09T20:38:48.909+0000] {processor.py:914} INFO - Processing file /home/airflow/.local/lib/python3.12/site-packages/airflow/example_dags/example_subdag_operator.py for tasks to queue
[2025-11-09T20:38:48.915+0000] {logging_mixin.py:190} INFO - [2025-11-09T20:38:48.914+0000] {dagbag.py:588} INFO - Filling up the DagBag from /home/airflow/.local/lib/python3.12/site-packages/airflow/example_dags/example_subdag_operator.py
[2025-11-09T20:38:48.973+0000] {processor.py:925} INFO - DAG(s) 'example_subdag_operator.section-1', 'example_subdag_operator.section-2', 'example_subdag_operator' retrieved from /home/airflow/.local/lib/python3.12/site-packages/airflow/example_dags/example_subdag_operator.py
[2025-11-09T20:38:49.007+0000] {logging_mixin.py:190} INFO - [2025-11-09T20:38:49.007+0000] {dag.py:3239} INFO - Sync 3 DAGs
[2025-11-09T20:38:49.052+0000] {logging_mixin.py:190} INFO - [2025-11-09T20:38:49.051+0000] {dag.py:4180} INFO - Setting next_dagrun for example_subdag_operator to 2022-01-01 00:00:00+00:00, run_after=2022-01-01 00:00:00+00:00
[2025-11-09T20:38:49.059+0000] {logging_mixin.py:190} INFO - [2025-11-09T20:38:49.059+0000] {dag.py:4180} INFO - Setting next_dagrun for example_subdag_operator.section-1 to None, run_after=None
[2025-11-09T20:38:49.063+0000] {logging_mixin.py:190} INFO - [2025-11-09T20:38:49.063+0000] {dag.py:4180} INFO - Setting next_dagrun for example_subdag_operator.section-2 to None, run_after=None
[2025-11-09T20:38:49.075+0000] {logging_mixin.py:190} INFO - [2025-11-09T20:38:49.075+0000] {dag.py:3239} INFO - Sync 2 DAGs
[2025-11-09T20:38:49.085+0000] {logging_mixin.py:190} INFO - [2025-11-09T20:38:49.084+0000] {dag.py:4180} INFO - Setting next_dagrun for example_subdag_operator.section-1 to None, run_after=None
[2025-11-09T20:38:49.086+0000] {logging_mixin.py:190} INFO - [2025-11-09T20:38:49.086+0000] {dag.py:4180} INFO - Setting next_dagrun for example_subdag_operator.section-2 to None, run_after=None
[2025-11-09T20:38:49.106+0000] {processor.py:208} INFO - Processing /home/airflow/.local/lib/python3.12/site-packages/airflow/example_dags/example_subdag_operator.py took 0.214 seconds
[2025-11-09T20:39:19.462+0000] {processor.py:186} INFO - Started process (PID=1512) to work on /home/airflow/.local/lib/python3.12/site-packages/airflow/example_dags/example_subdag_operator.py
[2025-11-09T20:39:19.464+0000] {processor.py:914} INFO - Processing file /home/airflow/.local/lib/python3.12/site-packages/airflow/example_dags/example_subdag_operator.py for tasks to queue
[2025-11-09T20:39:19.468+0000] {logging_mixin.py:190} INFO - [2025-11-09T20:39:19.468+0000] {dagbag.py:588} INFO - Filling up the DagBag from /home/airflow/.local/lib/python3.12/site-packages/airflow/example_dags/example_subdag_operator.py
[2025-11-09T20:39:19.524+0000] {processor.py:925} INFO - DAG(s) 'example_subdag_operator.section-1', 'example_subdag_operator.section-2', 'example_subdag_operator' retrieved from /home/airflow/.local/lib/python3.12/site-packages/airflow/example_dags/example_subdag_operator.py
[2025-11-09T20:39:19.557+0000] {logging_mixin.py:190} INFO - [2025-11-09T20:39:19.556+0000] {dag.py:3239} INFO - Sync 3 DAGs
[2025-11-09T20:39:19.620+0000] {logging_mixin.py:190} INFO - [2025-11-09T20:39:19.620+0000] {dag.py:4180} INFO - Setting next_dagrun for example_subdag_operator to 2022-01-01 00:00:00+00:00, run_after=2022-01-01 00:00:00+00:00
[2025-11-09T20:39:19.631+0000] {logging_mixin.py:190} INFO - [2025-11-09T20:39:19.630+0000] {dag.py:4180} INFO - Setting next_dagrun for example_subdag_operator.section-1 to None, run_after=None
[2025-11-09T20:39:19.633+0000] {logging_mixin.py:190} INFO - [2025-11-09T20:39:19.633+0000] {dag.py:4180} INFO - Setting next_dagrun for example_subdag_operator.section-2 to None, run_after=None
[2025-11-09T20:39:19.653+0000] {logging_mixin.py:190} INFO - [2025-11-09T20:39:19.653+0000] {dag.py:3239} INFO - Sync 2 DAGs
[2025-11-09T20:39:19.667+0000] {logging_mixin.py:190} INFO - [2025-11-09T20:39:19.667+0000] {dag.py:4180} INFO - Setting next_dagrun for example_subdag_operator.section-1 to None, run_after=None
[2025-11-09T20:39:19.668+0000] {logging_mixin.py:190} INFO - [2025-11-09T20:39:19.668+0000] {dag.py:4180} INFO - Setting next_dagrun for example_subdag_operator.section-2 to None, run_after=None
[2025-11-09T20:39:19.697+0000] {processor.py:208} INFO - Processing /home/airflow/.local/lib/python3.12/site-packages/airflow/example_dags/example_subdag_operator.py took 0.246 seconds
[2025-11-09T20:39:49.904+0000] {processor.py:186} INFO - Started process (PID=1575) to work on /home/airflow/.local/lib/python3.12/site-packages/airflow/example_dags/example_subdag_operator.py
[2025-11-09T20:39:49.907+0000] {processor.py:914} INFO - Processing file /home/airflow/.local/lib/python3.12/site-packages/airflow/example_dags/example_subdag_operator.py for tasks to queue
[2025-11-09T20:39:49.912+0000] {logging_mixin.py:190} INFO - [2025-11-09T20:39:49.912+0000] {dagbag.py:588} INFO - Filling up the DagBag from /home/airflow/.local/lib/python3.12/site-packages/airflow/example_dags/example_subdag_operator.py
[2025-11-09T20:39:49.959+0000] {processor.py:925} INFO - DAG(s) 'example_subdag_operator.section-1', 'example_subdag_operator.section-2', 'example_subdag_operator' retrieved from /home/airflow/.local/lib/python3.12/site-packages/airflow/example_dags/example_subdag_operator.py
[2025-11-09T20:39:49.985+0000] {logging_mixin.py:190} INFO - [2025-11-09T20:39:49.984+0000] {dag.py:3239} INFO - Sync 3 DAGs
[2025-11-09T20:39:50.028+0000] {logging_mixin.py:190} INFO - [2025-11-09T20:39:50.028+0000] {dag.py:4180} INFO - Setting next_dagrun for example_subdag_operator to 2022-01-01 00:00:00+00:00, run_after=2022-01-01 00:00:00+00:00
[2025-11-09T20:39:50.036+0000] {logging_mixin.py:190} INFO - [2025-11-09T20:39:50.036+0000] {dag.py:4180} INFO - Setting next_dagrun for example_subdag_operator.section-1 to None, run_after=None
[2025-11-09T20:39:50.039+0000] {logging_mixin.py:190} INFO - [2025-11-09T20:39:50.039+0000] {dag.py:4180} INFO - Setting next_dagrun for example_subdag_operator.section-2 to None, run_after=None
[2025-11-09T20:39:50.053+0000] {logging_mixin.py:190} INFO - [2025-11-09T20:39:50.053+0000] {dag.py:3239} INFO - Sync 2 DAGs
[2025-11-09T20:39:50.065+0000] {logging_mixin.py:190} INFO - [2025-11-09T20:39:50.065+0000] {dag.py:4180} INFO - Setting next_dagrun for example_subdag_operator.section-1 to None, run_after=None
[2025-11-09T20:39:50.066+0000] {logging_mixin.py:190} INFO - [2025-11-09T20:39:50.066+0000] {dag.py:4180} INFO - Setting next_dagrun for example_subdag_operator.section-2 to None, run_after=None
[2025-11-09T20:39:50.088+0000] {processor.py:208} INFO - Processing /home/airflow/.local/lib/python3.12/site-packages/airflow/example_dags/example_subdag_operator.py took 0.193 seconds
[2025-11-09T20:40:20.527+0000] {processor.py:186} INFO - Started process (PID=1638) to work on /home/airflow/.local/lib/python3.12/site-packages/airflow/example_dags/example_subdag_operator.py
[2025-11-09T20:40:20.529+0000] {processor.py:914} INFO - Processing file /home/airflow/.local/lib/python3.12/site-packages/airflow/example_dags/example_subdag_operator.py for tasks to queue
[2025-11-09T20:40:20.534+0000] {logging_mixin.py:190} INFO - [2025-11-09T20:40:20.533+0000] {dagbag.py:588} INFO - Filling up the DagBag from /home/airflow/.local/lib/python3.12/site-packages/airflow/example_dags/example_subdag_operator.py
[2025-11-09T20:40:20.582+0000] {processor.py:925} INFO - DAG(s) 'example_subdag_operator.section-1', 'example_subdag_operator.section-2', 'example_subdag_operator' retrieved from /home/airflow/.local/lib/python3.12/site-packages/airflow/example_dags/example_subdag_operator.py
[2025-11-09T20:40:20.606+0000] {logging_mixin.py:190} INFO - [2025-11-09T20:40:20.605+0000] {dag.py:3239} INFO - Sync 3 DAGs
[2025-11-09T20:40:20.645+0000] {logging_mixin.py:190} INFO - [2025-11-09T20:40:20.644+0000] {dag.py:4180} INFO - Setting next_dagrun for example_subdag_operator to 2022-01-01 00:00:00+00:00, run_after=2022-01-01 00:00:00+00:00
[2025-11-09T20:40:20.652+0000] {logging_mixin.py:190} INFO - [2025-11-09T20:40:20.652+0000] {dag.py:4180} INFO - Setting next_dagrun for example_subdag_operator.section-1 to None, run_after=None
[2025-11-09T20:40:20.655+0000] {logging_mixin.py:190} INFO - [2025-11-09T20:40:20.655+0000] {dag.py:4180} INFO - Setting next_dagrun for example_subdag_operator.section-2 to None, run_after=None
[2025-11-09T20:40:20.669+0000] {logging_mixin.py:190} INFO - [2025-11-09T20:40:20.668+0000] {dag.py:3239} INFO - Sync 2 DAGs
[2025-11-09T20:40:20.678+0000] {logging_mixin.py:190} INFO - [2025-11-09T20:40:20.678+0000] {dag.py:4180} INFO - Setting next_dagrun for example_subdag_operator.section-1 to None, run_after=None
[2025-11-09T20:40:20.679+0000] {logging_mixin.py:190} INFO - [2025-11-09T20:40:20.679+0000] {dag.py:4180} INFO - Setting next_dagrun for example_subdag_operator.section-2 to None, run_after=None
[2025-11-09T20:40:20.699+0000] {processor.py:208} INFO - Processing /home/airflow/.local/lib/python3.12/site-packages/airflow/example_dags/example_subdag_operator.py took 0.182 seconds
[2025-11-09T20:40:51.394+0000] {processor.py:186} INFO - Started process (PID=1701) to work on /home/airflow/.local/lib/python3.12/site-packages/airflow/example_dags/example_subdag_operator.py
[2025-11-09T20:40:51.396+0000] {processor.py:914} INFO - Processing file /home/airflow/.local/lib/python3.12/site-packages/airflow/example_dags/example_subdag_operator.py for tasks to queue
[2025-11-09T20:40:51.401+0000] {logging_mixin.py:190} INFO - [2025-11-09T20:40:51.400+0000] {dagbag.py:588} INFO - Filling up the DagBag from /home/airflow/.local/lib/python3.12/site-packages/airflow/example_dags/example_subdag_operator.py
[2025-11-09T20:40:51.457+0000] {processor.py:925} INFO - DAG(s) 'example_subdag_operator.section-1', 'example_subdag_operator.section-2', 'example_subdag_operator' retrieved from /home/airflow/.local/lib/python3.12/site-packages/airflow/example_dags/example_subdag_operator.py
[2025-11-09T20:40:51.485+0000] {logging_mixin.py:190} INFO - [2025-11-09T20:40:51.484+0000] {dag.py:3239} INFO - Sync 3 DAGs
[2025-11-09T20:40:51.528+0000] {logging_mixin.py:190} INFO - [2025-11-09T20:40:51.528+0000] {dag.py:4180} INFO - Setting next_dagrun for example_subdag_operator to 2022-01-01 00:00:00+00:00, run_after=2022-01-01 00:00:00+00:00
[2025-11-09T20:40:51.535+0000] {logging_mixin.py:190} INFO - [2025-11-09T20:40:51.535+0000] {dag.py:4180} INFO - Setting next_dagrun for example_subdag_operator.section-1 to None, run_after=None
[2025-11-09T20:40:51.539+0000] {logging_mixin.py:190} INFO - [2025-11-09T20:40:51.538+0000] {dag.py:4180} INFO - Setting next_dagrun for example_subdag_operator.section-2 to None, run_after=None
[2025-11-09T20:40:51.557+0000] {logging_mixin.py:190} INFO - [2025-11-09T20:40:51.557+0000] {dag.py:3239} INFO - Sync 2 DAGs
[2025-11-09T20:40:51.571+0000] {logging_mixin.py:190} INFO - [2025-11-09T20:40:51.570+0000] {dag.py:4180} INFO - Setting next_dagrun for example_subdag_operator.section-1 to None, run_after=None
[2025-11-09T20:40:51.573+0000] {logging_mixin.py:190} INFO - [2025-11-09T20:40:51.572+0000] {dag.py:4180} INFO - Setting next_dagrun for example_subdag_operator.section-2 to None, run_after=None
[2025-11-09T20:40:51.597+0000] {processor.py:208} INFO - Processing /home/airflow/.local/lib/python3.12/site-packages/airflow/example_dags/example_subdag_operator.py took 0.213 seconds
[2025-11-09T20:41:21.959+0000] {processor.py:186} INFO - Started process (PID=1764) to work on /home/airflow/.local/lib/python3.12/site-packages/airflow/example_dags/example_subdag_operator.py
[2025-11-09T20:41:21.961+0000] {processor.py:914} INFO - Processing file /home/airflow/.local/lib/python3.12/site-packages/airflow/example_dags/example_subdag_operator.py for tasks to queue
[2025-11-09T20:41:21.967+0000] {logging_mixin.py:190} INFO - [2025-11-09T20:41:21.966+0000] {dagbag.py:588} INFO - Filling up the DagBag from /home/airflow/.local/lib/python3.12/site-packages/airflow/example_dags/example_subdag_operator.py
[2025-11-09T20:41:22.022+0000] {processor.py:925} INFO - DAG(s) 'example_subdag_operator.section-1', 'example_subdag_operator.section-2', 'example_subdag_operator' retrieved from /home/airflow/.local/lib/python3.12/site-packages/airflow/example_dags/example_subdag_operator.py
[2025-11-09T20:41:22.053+0000] {logging_mixin.py:190} INFO - [2025-11-09T20:41:22.053+0000] {dag.py:3239} INFO - Sync 3 DAGs
[2025-11-09T20:41:22.114+0000] {logging_mixin.py:190} INFO - [2025-11-09T20:41:22.113+0000] {dag.py:4180} INFO - Setting next_dagrun for example_subdag_operator to 2022-01-01 00:00:00+00:00, run_after=2022-01-01 00:00:00+00:00
[2025-11-09T20:41:22.124+0000] {logging_mixin.py:190} INFO - [2025-11-09T20:41:22.124+0000] {dag.py:4180} INFO - Setting next_dagrun for example_subdag_operator.section-1 to None, run_after=None
[2025-11-09T20:41:22.128+0000] {logging_mixin.py:190} INFO - [2025-11-09T20:41:22.127+0000] {dag.py:4180} INFO - Setting next_dagrun for example_subdag_operator.section-2 to None, run_after=None
[2025-11-09T20:41:22.142+0000] {logging_mixin.py:190} INFO - [2025-11-09T20:41:22.142+0000] {dag.py:3239} INFO - Sync 2 DAGs
[2025-11-09T20:41:22.154+0000] {logging_mixin.py:190} INFO - [2025-11-09T20:41:22.154+0000] {dag.py:4180} INFO - Setting next_dagrun for example_subdag_operator.section-1 to None, run_after=None
[2025-11-09T20:41:22.155+0000] {logging_mixin.py:190} INFO - [2025-11-09T20:41:22.155+0000] {dag.py:4180} INFO - Setting next_dagrun for example_subdag_operator.section-2 to None, run_after=None
[2025-11-09T20:41:22.180+0000] {processor.py:208} INFO - Processing /home/airflow/.local/lib/python3.12/site-packages/airflow/example_dags/example_subdag_operator.py took 0.233 seconds
[2025-11-09T20:41:52.908+0000] {processor.py:186} INFO - Started process (PID=1827) to work on /home/airflow/.local/lib/python3.12/site-packages/airflow/example_dags/example_subdag_operator.py
[2025-11-09T20:41:52.910+0000] {processor.py:914} INFO - Processing file /home/airflow/.local/lib/python3.12/site-packages/airflow/example_dags/example_subdag_operator.py for tasks to queue
[2025-11-09T20:41:52.917+0000] {logging_mixin.py:190} INFO - [2025-11-09T20:41:52.916+0000] {dagbag.py:588} INFO - Filling up the DagBag from /home/airflow/.local/lib/python3.12/site-packages/airflow/example_dags/example_subdag_operator.py
[2025-11-09T20:41:52.989+0000] {processor.py:925} INFO - DAG(s) 'example_subdag_operator.section-1', 'example_subdag_operator.section-2', 'example_subdag_operator' retrieved from /home/airflow/.local/lib/python3.12/site-packages/airflow/example_dags/example_subdag_operator.py
[2025-11-09T20:41:53.027+0000] {logging_mixin.py:190} INFO - [2025-11-09T20:41:53.026+0000] {dag.py:3239} INFO - Sync 3 DAGs
[2025-11-09T20:41:53.088+0000] {logging_mixin.py:190} INFO - [2025-11-09T20:41:53.087+0000] {dag.py:4180} INFO - Setting next_dagrun for example_subdag_operator to 2022-01-01 00:00:00+00:00, run_after=2022-01-01 00:00:00+00:00
[2025-11-09T20:41:53.097+0000] {logging_mixin.py:190} INFO - [2025-11-09T20:41:53.097+0000] {dag.py:4180} INFO - Setting next_dagrun for example_subdag_operator.section-1 to None, run_after=None
[2025-11-09T20:41:53.101+0000] {logging_mixin.py:190} INFO - [2025-11-09T20:41:53.101+0000] {dag.py:4180} INFO - Setting next_dagrun for example_subdag_operator.section-2 to None, run_after=None
[2025-11-09T20:41:53.130+0000] {logging_mixin.py:190} INFO - [2025-11-09T20:41:53.129+0000] {dag.py:3239} INFO - Sync 2 DAGs
[2025-11-09T20:41:53.145+0000] {logging_mixin.py:190} INFO - [2025-11-09T20:41:53.144+0000] {dag.py:4180} INFO - Setting next_dagrun for example_subdag_operator.section-1 to None, run_after=None
[2025-11-09T20:41:53.152+0000] {logging_mixin.py:190} INFO - [2025-11-09T20:41:53.149+0000] {dag.py:4180} INFO - Setting next_dagrun for example_subdag_operator.section-2 to None, run_after=None
[2025-11-09T20:41:53.195+0000] {processor.py:208} INFO - Processing /home/airflow/.local/lib/python3.12/site-packages/airflow/example_dags/example_subdag_operator.py took 0.308 seconds
[2025-11-09T20:42:23.721+0000] {processor.py:186} INFO - Started process (PID=1890) to work on /home/airflow/.local/lib/python3.12/site-packages/airflow/example_dags/example_subdag_operator.py
[2025-11-09T20:42:23.724+0000] {processor.py:914} INFO - Processing file /home/airflow/.local/lib/python3.12/site-packages/airflow/example_dags/example_subdag_operator.py for tasks to queue
[2025-11-09T20:42:23.731+0000] {logging_mixin.py:190} INFO - [2025-11-09T20:42:23.729+0000] {dagbag.py:588} INFO - Filling up the DagBag from /home/airflow/.local/lib/python3.12/site-packages/airflow/example_dags/example_subdag_operator.py
[2025-11-09T20:42:23.793+0000] {processor.py:925} INFO - DAG(s) 'example_subdag_operator.section-1', 'example_subdag_operator.section-2', 'example_subdag_operator' retrieved from /home/airflow/.local/lib/python3.12/site-packages/airflow/example_dags/example_subdag_operator.py
[2025-11-09T20:42:23.839+0000] {logging_mixin.py:190} INFO - [2025-11-09T20:42:23.838+0000] {dag.py:3239} INFO - Sync 3 DAGs
[2025-11-09T20:42:23.909+0000] {logging_mixin.py:190} INFO - [2025-11-09T20:42:23.909+0000] {dag.py:4180} INFO - Setting next_dagrun for example_subdag_operator to 2022-01-01 00:00:00+00:00, run_after=2022-01-01 00:00:00+00:00
[2025-11-09T20:42:23.923+0000] {logging_mixin.py:190} INFO - [2025-11-09T20:42:23.922+0000] {dag.py:4180} INFO - Setting next_dagrun for example_subdag_operator.section-1 to None, run_after=None
[2025-11-09T20:42:23.927+0000] {logging_mixin.py:190} INFO - [2025-11-09T20:42:23.927+0000] {dag.py:4180} INFO - Setting next_dagrun for example_subdag_operator.section-2 to None, run_after=None
[2025-11-09T20:42:23.949+0000] {logging_mixin.py:190} INFO - [2025-11-09T20:42:23.949+0000] {dag.py:3239} INFO - Sync 2 DAGs
[2025-11-09T20:42:23.967+0000] {logging_mixin.py:190} INFO - [2025-11-09T20:42:23.966+0000] {dag.py:4180} INFO - Setting next_dagrun for example_subdag_operator.section-1 to None, run_after=None
[2025-11-09T20:42:23.969+0000] {logging_mixin.py:190} INFO - [2025-11-09T20:42:23.969+0000] {dag.py:4180} INFO - Setting next_dagrun for example_subdag_operator.section-2 to None, run_after=None
[2025-11-09T20:42:24.002+0000] {processor.py:208} INFO - Processing /home/airflow/.local/lib/python3.12/site-packages/airflow/example_dags/example_subdag_operator.py took 0.297 seconds
[2025-11-09T20:42:54.863+0000] {processor.py:186} INFO - Started process (PID=1955) to work on /home/airflow/.local/lib/python3.12/site-packages/airflow/example_dags/example_subdag_operator.py
[2025-11-09T20:42:54.866+0000] {processor.py:914} INFO - Processing file /home/airflow/.local/lib/python3.12/site-packages/airflow/example_dags/example_subdag_operator.py for tasks to queue
[2025-11-09T20:42:54.873+0000] {logging_mixin.py:190} INFO - [2025-11-09T20:42:54.871+0000] {dagbag.py:588} INFO - Filling up the DagBag from /home/airflow/.local/lib/python3.12/site-packages/airflow/example_dags/example_subdag_operator.py
[2025-11-09T20:42:54.928+0000] {processor.py:925} INFO - DAG(s) 'example_subdag_operator.section-1', 'example_subdag_operator.section-2', 'example_subdag_operator' retrieved from /home/airflow/.local/lib/python3.12/site-packages/airflow/example_dags/example_subdag_operator.py
[2025-11-09T20:42:54.959+0000] {logging_mixin.py:190} INFO - [2025-11-09T20:42:54.959+0000] {dag.py:3239} INFO - Sync 3 DAGs
[2025-11-09T20:42:55.004+0000] {logging_mixin.py:190} INFO - [2025-11-09T20:42:55.004+0000] {dag.py:4180} INFO - Setting next_dagrun for example_subdag_operator to 2022-01-01 00:00:00+00:00, run_after=2022-01-01 00:00:00+00:00
[2025-11-09T20:42:55.013+0000] {logging_mixin.py:190} INFO - [2025-11-09T20:42:55.012+0000] {dag.py:4180} INFO - Setting next_dagrun for example_subdag_operator.section-1 to None, run_after=None
[2025-11-09T20:42:55.019+0000] {logging_mixin.py:190} INFO - [2025-11-09T20:42:55.019+0000] {dag.py:4180} INFO - Setting next_dagrun for example_subdag_operator.section-2 to None, run_after=None
[2025-11-09T20:42:55.037+0000] {logging_mixin.py:190} INFO - [2025-11-09T20:42:55.037+0000] {dag.py:3239} INFO - Sync 2 DAGs
[2025-11-09T20:42:55.051+0000] {logging_mixin.py:190} INFO - [2025-11-09T20:42:55.050+0000] {dag.py:4180} INFO - Setting next_dagrun for example_subdag_operator.section-1 to None, run_after=None
[2025-11-09T20:42:55.052+0000] {logging_mixin.py:190} INFO - [2025-11-09T20:42:55.052+0000] {dag.py:4180} INFO - Setting next_dagrun for example_subdag_operator.section-2 to None, run_after=None
[2025-11-09T20:42:55.081+0000] {processor.py:208} INFO - Processing /home/airflow/.local/lib/python3.12/site-packages/airflow/example_dags/example_subdag_operator.py took 0.236 seconds
[2025-11-09T20:43:25.343+0000] {processor.py:186} INFO - Started process (PID=2018) to work on /home/airflow/.local/lib/python3.12/site-packages/airflow/example_dags/example_subdag_operator.py
[2025-11-09T20:43:25.345+0000] {processor.py:914} INFO - Processing file /home/airflow/.local/lib/python3.12/site-packages/airflow/example_dags/example_subdag_operator.py for tasks to queue
[2025-11-09T20:43:25.350+0000] {logging_mixin.py:190} INFO - [2025-11-09T20:43:25.348+0000] {dagbag.py:588} INFO - Filling up the DagBag from /home/airflow/.local/lib/python3.12/site-packages/airflow/example_dags/example_subdag_operator.py
[2025-11-09T20:43:25.394+0000] {processor.py:925} INFO - DAG(s) 'example_subdag_operator.section-1', 'example_subdag_operator.section-2', 'example_subdag_operator' retrieved from /home/airflow/.local/lib/python3.12/site-packages/airflow/example_dags/example_subdag_operator.py
[2025-11-09T20:43:25.416+0000] {logging_mixin.py:190} INFO - [2025-11-09T20:43:25.416+0000] {dag.py:3239} INFO - Sync 3 DAGs
[2025-11-09T20:43:25.450+0000] {logging_mixin.py:190} INFO - [2025-11-09T20:43:25.450+0000] {dag.py:4180} INFO - Setting next_dagrun for example_subdag_operator to 2022-01-01 00:00:00+00:00, run_after=2022-01-01 00:00:00+00:00
[2025-11-09T20:43:25.456+0000] {logging_mixin.py:190} INFO - [2025-11-09T20:43:25.455+0000] {dag.py:4180} INFO - Setting next_dagrun for example_subdag_operator.section-1 to None, run_after=None
[2025-11-09T20:43:25.458+0000] {logging_mixin.py:190} INFO - [2025-11-09T20:43:25.458+0000] {dag.py:4180} INFO - Setting next_dagrun for example_subdag_operator.section-2 to None, run_after=None
[2025-11-09T20:43:25.469+0000] {logging_mixin.py:190} INFO - [2025-11-09T20:43:25.469+0000] {dag.py:3239} INFO - Sync 2 DAGs
[2025-11-09T20:43:25.479+0000] {logging_mixin.py:190} INFO - [2025-11-09T20:43:25.479+0000] {dag.py:4180} INFO - Setting next_dagrun for example_subdag_operator.section-1 to None, run_after=None
[2025-11-09T20:43:25.480+0000] {logging_mixin.py:190} INFO - [2025-11-09T20:43:25.480+0000] {dag.py:4180} INFO - Setting next_dagrun for example_subdag_operator.section-2 to None, run_after=None
[2025-11-09T20:43:25.500+0000] {processor.py:208} INFO - Processing /home/airflow/.local/lib/python3.12/site-packages/airflow/example_dags/example_subdag_operator.py took 0.166 seconds
[2025-11-09T20:43:55.742+0000] {processor.py:186} INFO - Started process (PID=2082) to work on /home/airflow/.local/lib/python3.12/site-packages/airflow/example_dags/example_subdag_operator.py
[2025-11-09T20:43:55.744+0000] {processor.py:914} INFO - Processing file /home/airflow/.local/lib/python3.12/site-packages/airflow/example_dags/example_subdag_operator.py for tasks to queue
[2025-11-09T20:43:55.750+0000] {logging_mixin.py:190} INFO - [2025-11-09T20:43:55.749+0000] {dagbag.py:588} INFO - Filling up the DagBag from /home/airflow/.local/lib/python3.12/site-packages/airflow/example_dags/example_subdag_operator.py
[2025-11-09T20:43:55.802+0000] {processor.py:925} INFO - DAG(s) 'example_subdag_operator.section-1', 'example_subdag_operator.section-2', 'example_subdag_operator' retrieved from /home/airflow/.local/lib/python3.12/site-packages/airflow/example_dags/example_subdag_operator.py
[2025-11-09T20:43:55.825+0000] {logging_mixin.py:190} INFO - [2025-11-09T20:43:55.825+0000] {dag.py:3239} INFO - Sync 3 DAGs
[2025-11-09T20:43:55.865+0000] {logging_mixin.py:190} INFO - [2025-11-09T20:43:55.865+0000] {dag.py:4180} INFO - Setting next_dagrun for example_subdag_operator to 2022-01-01 00:00:00+00:00, run_after=2022-01-01 00:00:00+00:00
[2025-11-09T20:43:55.872+0000] {logging_mixin.py:190} INFO - [2025-11-09T20:43:55.871+0000] {dag.py:4180} INFO - Setting next_dagrun for example_subdag_operator.section-1 to None, run_after=None
[2025-11-09T20:43:55.875+0000] {logging_mixin.py:190} INFO - [2025-11-09T20:43:55.875+0000] {dag.py:4180} INFO - Setting next_dagrun for example_subdag_operator.section-2 to None, run_after=None
[2025-11-09T20:43:55.891+0000] {logging_mixin.py:190} INFO - [2025-11-09T20:43:55.890+0000] {dag.py:3239} INFO - Sync 2 DAGs
[2025-11-09T20:43:55.902+0000] {logging_mixin.py:190} INFO - [2025-11-09T20:43:55.901+0000] {dag.py:4180} INFO - Setting next_dagrun for example_subdag_operator.section-1 to None, run_after=None
[2025-11-09T20:43:55.903+0000] {logging_mixin.py:190} INFO - [2025-11-09T20:43:55.903+0000] {dag.py:4180} INFO - Setting next_dagrun for example_subdag_operator.section-2 to None, run_after=None
[2025-11-09T20:43:55.925+0000] {processor.py:208} INFO - Processing /home/airflow/.local/lib/python3.12/site-packages/airflow/example_dags/example_subdag_operator.py took 0.194 seconds
[2025-11-09T20:44:26.800+0000] {processor.py:186} INFO - Started process (PID=2146) to work on /home/airflow/.local/lib/python3.12/site-packages/airflow/example_dags/example_subdag_operator.py
[2025-11-09T20:44:26.804+0000] {processor.py:914} INFO - Processing file /home/airflow/.local/lib/python3.12/site-packages/airflow/example_dags/example_subdag_operator.py for tasks to queue
[2025-11-09T20:44:26.810+0000] {logging_mixin.py:190} INFO - [2025-11-09T20:44:26.808+0000] {dagbag.py:588} INFO - Filling up the DagBag from /home/airflow/.local/lib/python3.12/site-packages/airflow/example_dags/example_subdag_operator.py
[2025-11-09T20:44:26.857+0000] {processor.py:925} INFO - DAG(s) 'example_subdag_operator.section-1', 'example_subdag_operator.section-2', 'example_subdag_operator' retrieved from /home/airflow/.local/lib/python3.12/site-packages/airflow/example_dags/example_subdag_operator.py
[2025-11-09T20:44:26.881+0000] {logging_mixin.py:190} INFO - [2025-11-09T20:44:26.881+0000] {dag.py:3239} INFO - Sync 3 DAGs
[2025-11-09T20:44:26.927+0000] {logging_mixin.py:190} INFO - [2025-11-09T20:44:26.926+0000] {dag.py:4180} INFO - Setting next_dagrun for example_subdag_operator to 2022-01-01 00:00:00+00:00, run_after=2022-01-01 00:00:00+00:00
[2025-11-09T20:44:26.934+0000] {logging_mixin.py:190} INFO - [2025-11-09T20:44:26.934+0000] {dag.py:4180} INFO - Setting next_dagrun for example_subdag_operator.section-1 to None, run_after=None
[2025-11-09T20:44:26.937+0000] {logging_mixin.py:190} INFO - [2025-11-09T20:44:26.937+0000] {dag.py:4180} INFO - Setting next_dagrun for example_subdag_operator.section-2 to None, run_after=None
[2025-11-09T20:44:26.954+0000] {logging_mixin.py:190} INFO - [2025-11-09T20:44:26.954+0000] {dag.py:3239} INFO - Sync 2 DAGs
[2025-11-09T20:44:26.964+0000] {logging_mixin.py:190} INFO - [2025-11-09T20:44:26.964+0000] {dag.py:4180} INFO - Setting next_dagrun for example_subdag_operator.section-1 to None, run_after=None
[2025-11-09T20:44:26.965+0000] {logging_mixin.py:190} INFO - [2025-11-09T20:44:26.965+0000] {dag.py:4180} INFO - Setting next_dagrun for example_subdag_operator.section-2 to None, run_after=None
[2025-11-09T20:44:26.988+0000] {processor.py:208} INFO - Processing /home/airflow/.local/lib/python3.12/site-packages/airflow/example_dags/example_subdag_operator.py took 0.198 seconds
[2025-11-09T20:44:57.119+0000] {processor.py:186} INFO - Started process (PID=2210) to work on /home/airflow/.local/lib/python3.12/site-packages/airflow/example_dags/example_subdag_operator.py
[2025-11-09T20:44:57.121+0000] {processor.py:914} INFO - Processing file /home/airflow/.local/lib/python3.12/site-packages/airflow/example_dags/example_subdag_operator.py for tasks to queue
[2025-11-09T20:44:57.127+0000] {logging_mixin.py:190} INFO - [2025-11-09T20:44:57.126+0000] {dagbag.py:588} INFO - Filling up the DagBag from /home/airflow/.local/lib/python3.12/site-packages/airflow/example_dags/example_subdag_operator.py
[2025-11-09T20:44:57.182+0000] {processor.py:925} INFO - DAG(s) 'example_subdag_operator.section-1', 'example_subdag_operator.section-2', 'example_subdag_operator' retrieved from /home/airflow/.local/lib/python3.12/site-packages/airflow/example_dags/example_subdag_operator.py
[2025-11-09T20:44:57.212+0000] {logging_mixin.py:190} INFO - [2025-11-09T20:44:57.211+0000] {dag.py:3239} INFO - Sync 3 DAGs
[2025-11-09T20:44:57.251+0000] {logging_mixin.py:190} INFO - [2025-11-09T20:44:57.251+0000] {dag.py:4180} INFO - Setting next_dagrun for example_subdag_operator to 2022-01-01 00:00:00+00:00, run_after=2022-01-01 00:00:00+00:00
[2025-11-09T20:44:57.258+0000] {logging_mixin.py:190} INFO - [2025-11-09T20:44:57.257+0000] {dag.py:4180} INFO - Setting next_dagrun for example_subdag_operator.section-1 to None, run_after=None
[2025-11-09T20:44:57.261+0000] {logging_mixin.py:190} INFO - [2025-11-09T20:44:57.260+0000] {dag.py:4180} INFO - Setting next_dagrun for example_subdag_operator.section-2 to None, run_after=None
[2025-11-09T20:44:57.276+0000] {logging_mixin.py:190} INFO - [2025-11-09T20:44:57.275+0000] {dag.py:3239} INFO - Sync 2 DAGs
[2025-11-09T20:44:57.287+0000] {logging_mixin.py:190} INFO - [2025-11-09T20:44:57.286+0000] {dag.py:4180} INFO - Setting next_dagrun for example_subdag_operator.section-1 to None, run_after=None
[2025-11-09T20:44:57.288+0000] {logging_mixin.py:190} INFO - [2025-11-09T20:44:57.288+0000] {dag.py:4180} INFO - Setting next_dagrun for example_subdag_operator.section-2 to None, run_after=None
[2025-11-09T20:44:57.311+0000] {processor.py:208} INFO - Processing /home/airflow/.local/lib/python3.12/site-packages/airflow/example_dags/example_subdag_operator.py took 0.203 seconds
[2025-11-09T20:45:28.040+0000] {processor.py:186} INFO - Started process (PID=2273) to work on /home/airflow/.local/lib/python3.12/site-packages/airflow/example_dags/example_subdag_operator.py
[2025-11-09T20:45:28.042+0000] {processor.py:914} INFO - Processing file /home/airflow/.local/lib/python3.12/site-packages/airflow/example_dags/example_subdag_operator.py for tasks to queue
[2025-11-09T20:45:28.047+0000] {logging_mixin.py:190} INFO - [2025-11-09T20:45:28.047+0000] {dagbag.py:588} INFO - Filling up the DagBag from /home/airflow/.local/lib/python3.12/site-packages/airflow/example_dags/example_subdag_operator.py
[2025-11-09T20:45:28.098+0000] {processor.py:925} INFO - DAG(s) 'example_subdag_operator.section-1', 'example_subdag_operator.section-2', 'example_subdag_operator' retrieved from /home/airflow/.local/lib/python3.12/site-packages/airflow/example_dags/example_subdag_operator.py
[2025-11-09T20:45:28.121+0000] {logging_mixin.py:190} INFO - [2025-11-09T20:45:28.121+0000] {dag.py:3239} INFO - Sync 3 DAGs
[2025-11-09T20:45:28.162+0000] {logging_mixin.py:190} INFO - [2025-11-09T20:45:28.162+0000] {dag.py:4180} INFO - Setting next_dagrun for example_subdag_operator to 2022-01-01 00:00:00+00:00, run_after=2022-01-01 00:00:00+00:00
[2025-11-09T20:45:28.169+0000] {logging_mixin.py:190} INFO - [2025-11-09T20:45:28.169+0000] {dag.py:4180} INFO - Setting next_dagrun for example_subdag_operator.section-1 to None, run_after=None
[2025-11-09T20:45:28.172+0000] {logging_mixin.py:190} INFO - [2025-11-09T20:45:28.172+0000] {dag.py:4180} INFO - Setting next_dagrun for example_subdag_operator.section-2 to None, run_after=None
[2025-11-09T20:45:28.187+0000] {logging_mixin.py:190} INFO - [2025-11-09T20:45:28.186+0000] {dag.py:3239} INFO - Sync 2 DAGs
[2025-11-09T20:45:28.198+0000] {logging_mixin.py:190} INFO - [2025-11-09T20:45:28.197+0000] {dag.py:4180} INFO - Setting next_dagrun for example_subdag_operator.section-1 to None, run_after=None
[2025-11-09T20:45:28.199+0000] {logging_mixin.py:190} INFO - [2025-11-09T20:45:28.199+0000] {dag.py:4180} INFO - Setting next_dagrun for example_subdag_operator.section-2 to None, run_after=None
[2025-11-09T20:45:28.222+0000] {processor.py:208} INFO - Processing /home/airflow/.local/lib/python3.12/site-packages/airflow/example_dags/example_subdag_operator.py took 0.192 seconds
[2025-11-09T20:45:58.754+0000] {processor.py:186} INFO - Started process (PID=2337) to work on /home/airflow/.local/lib/python3.12/site-packages/airflow/example_dags/example_subdag_operator.py
[2025-11-09T20:45:58.756+0000] {processor.py:914} INFO - Processing file /home/airflow/.local/lib/python3.12/site-packages/airflow/example_dags/example_subdag_operator.py for tasks to queue
[2025-11-09T20:45:58.761+0000] {logging_mixin.py:190} INFO - [2025-11-09T20:45:58.760+0000] {dagbag.py:588} INFO - Filling up the DagBag from /home/airflow/.local/lib/python3.12/site-packages/airflow/example_dags/example_subdag_operator.py
[2025-11-09T20:45:58.821+0000] {processor.py:925} INFO - DAG(s) 'example_subdag_operator.section-1', 'example_subdag_operator.section-2', 'example_subdag_operator' retrieved from /home/airflow/.local/lib/python3.12/site-packages/airflow/example_dags/example_subdag_operator.py
[2025-11-09T20:45:58.859+0000] {logging_mixin.py:190} INFO - [2025-11-09T20:45:58.859+0000] {dag.py:3239} INFO - Sync 3 DAGs
[2025-11-09T20:45:58.920+0000] {logging_mixin.py:190} INFO - [2025-11-09T20:45:58.920+0000] {dag.py:4180} INFO - Setting next_dagrun for example_subdag_operator to 2022-01-01 00:00:00+00:00, run_after=2022-01-01 00:00:00+00:00
[2025-11-09T20:45:58.927+0000] {logging_mixin.py:190} INFO - [2025-11-09T20:45:58.927+0000] {dag.py:4180} INFO - Setting next_dagrun for example_subdag_operator.section-1 to None, run_after=None
[2025-11-09T20:45:58.933+0000] {logging_mixin.py:190} INFO - [2025-11-09T20:45:58.932+0000] {dag.py:4180} INFO - Setting next_dagrun for example_subdag_operator.section-2 to None, run_after=None
[2025-11-09T20:45:58.949+0000] {logging_mixin.py:190} INFO - [2025-11-09T20:45:58.949+0000] {dag.py:3239} INFO - Sync 2 DAGs
[2025-11-09T20:45:58.961+0000] {logging_mixin.py:190} INFO - [2025-11-09T20:45:58.960+0000] {dag.py:4180} INFO - Setting next_dagrun for example_subdag_operator.section-1 to None, run_after=None
[2025-11-09T20:45:58.962+0000] {logging_mixin.py:190} INFO - [2025-11-09T20:45:58.961+0000] {dag.py:4180} INFO - Setting next_dagrun for example_subdag_operator.section-2 to None, run_after=None
[2025-11-09T20:45:58.985+0000] {processor.py:208} INFO - Processing /home/airflow/.local/lib/python3.12/site-packages/airflow/example_dags/example_subdag_operator.py took 0.244 seconds
[2025-11-09T20:46:29.351+0000] {processor.py:186} INFO - Started process (PID=2401) to work on /home/airflow/.local/lib/python3.12/site-packages/airflow/example_dags/example_subdag_operator.py
[2025-11-09T20:46:29.353+0000] {processor.py:914} INFO - Processing file /home/airflow/.local/lib/python3.12/site-packages/airflow/example_dags/example_subdag_operator.py for tasks to queue
[2025-11-09T20:46:29.360+0000] {logging_mixin.py:190} INFO - [2025-11-09T20:46:29.359+0000] {dagbag.py:588} INFO - Filling up the DagBag from /home/airflow/.local/lib/python3.12/site-packages/airflow/example_dags/example_subdag_operator.py
[2025-11-09T20:46:29.435+0000] {processor.py:925} INFO - DAG(s) 'example_subdag_operator.section-1', 'example_subdag_operator.section-2', 'example_subdag_operator' retrieved from /home/airflow/.local/lib/python3.12/site-packages/airflow/example_dags/example_subdag_operator.py
[2025-11-09T20:46:29.474+0000] {logging_mixin.py:190} INFO - [2025-11-09T20:46:29.473+0000] {dag.py:3239} INFO - Sync 3 DAGs
[2025-11-09T20:46:29.542+0000] {logging_mixin.py:190} INFO - [2025-11-09T20:46:29.541+0000] {dag.py:4180} INFO - Setting next_dagrun for example_subdag_operator to 2022-01-01 00:00:00+00:00, run_after=2022-01-01 00:00:00+00:00
[2025-11-09T20:46:29.553+0000] {logging_mixin.py:190} INFO - [2025-11-09T20:46:29.553+0000] {dag.py:4180} INFO - Setting next_dagrun for example_subdag_operator.section-1 to None, run_after=None
[2025-11-09T20:46:29.558+0000] {logging_mixin.py:190} INFO - [2025-11-09T20:46:29.558+0000] {dag.py:4180} INFO - Setting next_dagrun for example_subdag_operator.section-2 to None, run_after=None
[2025-11-09T20:46:29.577+0000] {logging_mixin.py:190} INFO - [2025-11-09T20:46:29.577+0000] {dag.py:3239} INFO - Sync 2 DAGs
[2025-11-09T20:46:29.593+0000] {logging_mixin.py:190} INFO - [2025-11-09T20:46:29.592+0000] {dag.py:4180} INFO - Setting next_dagrun for example_subdag_operator.section-1 to None, run_after=None
[2025-11-09T20:46:29.594+0000] {logging_mixin.py:190} INFO - [2025-11-09T20:46:29.594+0000] {dag.py:4180} INFO - Setting next_dagrun for example_subdag_operator.section-2 to None, run_after=None
[2025-11-09T20:46:29.619+0000] {processor.py:208} INFO - Processing /home/airflow/.local/lib/python3.12/site-packages/airflow/example_dags/example_subdag_operator.py took 0.285 seconds
[2025-11-09T20:47:00.534+0000] {processor.py:186} INFO - Started process (PID=2464) to work on /home/airflow/.local/lib/python3.12/site-packages/airflow/example_dags/example_subdag_operator.py
[2025-11-09T20:47:00.537+0000] {processor.py:914} INFO - Processing file /home/airflow/.local/lib/python3.12/site-packages/airflow/example_dags/example_subdag_operator.py for tasks to queue
[2025-11-09T20:47:00.544+0000] {logging_mixin.py:190} INFO - [2025-11-09T20:47:00.543+0000] {dagbag.py:588} INFO - Filling up the DagBag from /home/airflow/.local/lib/python3.12/site-packages/airflow/example_dags/example_subdag_operator.py
[2025-11-09T20:47:00.607+0000] {processor.py:925} INFO - DAG(s) 'example_subdag_operator.section-1', 'example_subdag_operator.section-2', 'example_subdag_operator' retrieved from /home/airflow/.local/lib/python3.12/site-packages/airflow/example_dags/example_subdag_operator.py
[2025-11-09T20:47:00.639+0000] {logging_mixin.py:190} INFO - [2025-11-09T20:47:00.639+0000] {dag.py:3239} INFO - Sync 3 DAGs
[2025-11-09T20:47:00.684+0000] {logging_mixin.py:190} INFO - [2025-11-09T20:47:00.684+0000] {dag.py:4180} INFO - Setting next_dagrun for example_subdag_operator to 2022-01-01 00:00:00+00:00, run_after=2022-01-01 00:00:00+00:00
[2025-11-09T20:47:00.692+0000] {logging_mixin.py:190} INFO - [2025-11-09T20:47:00.691+0000] {dag.py:4180} INFO - Setting next_dagrun for example_subdag_operator.section-1 to None, run_after=None
[2025-11-09T20:47:00.695+0000] {logging_mixin.py:190} INFO - [2025-11-09T20:47:00.694+0000] {dag.py:4180} INFO - Setting next_dagrun for example_subdag_operator.section-2 to None, run_after=None
[2025-11-09T20:47:00.708+0000] {logging_mixin.py:190} INFO - [2025-11-09T20:47:00.707+0000] {dag.py:3239} INFO - Sync 2 DAGs
[2025-11-09T20:47:00.719+0000] {logging_mixin.py:190} INFO - [2025-11-09T20:47:00.718+0000] {dag.py:4180} INFO - Setting next_dagrun for example_subdag_operator.section-1 to None, run_after=None
[2025-11-09T20:47:00.720+0000] {logging_mixin.py:190} INFO - [2025-11-09T20:47:00.720+0000] {dag.py:4180} INFO - Setting next_dagrun for example_subdag_operator.section-2 to None, run_after=None
[2025-11-09T20:47:00.743+0000] {processor.py:208} INFO - Processing /home/airflow/.local/lib/python3.12/site-packages/airflow/example_dags/example_subdag_operator.py took 0.221 seconds
[2025-11-09T20:47:31.357+0000] {processor.py:186} INFO - Started process (PID=2529) to work on /home/airflow/.local/lib/python3.12/site-packages/airflow/example_dags/example_subdag_operator.py
[2025-11-09T20:47:31.359+0000] {processor.py:914} INFO - Processing file /home/airflow/.local/lib/python3.12/site-packages/airflow/example_dags/example_subdag_operator.py for tasks to queue
[2025-11-09T20:47:31.365+0000] {logging_mixin.py:190} INFO - [2025-11-09T20:47:31.364+0000] {dagbag.py:588} INFO - Filling up the DagBag from /home/airflow/.local/lib/python3.12/site-packages/airflow/example_dags/example_subdag_operator.py
[2025-11-09T20:47:31.417+0000] {processor.py:925} INFO - DAG(s) 'example_subdag_operator.section-1', 'example_subdag_operator.section-2', 'example_subdag_operator' retrieved from /home/airflow/.local/lib/python3.12/site-packages/airflow/example_dags/example_subdag_operator.py
[2025-11-09T20:47:31.442+0000] {logging_mixin.py:190} INFO - [2025-11-09T20:47:31.441+0000] {dag.py:3239} INFO - Sync 3 DAGs
[2025-11-09T20:47:31.487+0000] {logging_mixin.py:190} INFO - [2025-11-09T20:47:31.487+0000] {dag.py:4180} INFO - Setting next_dagrun for example_subdag_operator to 2022-01-01 00:00:00+00:00, run_after=2022-01-01 00:00:00+00:00
[2025-11-09T20:47:31.495+0000] {logging_mixin.py:190} INFO - [2025-11-09T20:47:31.494+0000] {dag.py:4180} INFO - Setting next_dagrun for example_subdag_operator.section-1 to None, run_after=None
[2025-11-09T20:47:31.498+0000] {logging_mixin.py:190} INFO - [2025-11-09T20:47:31.497+0000] {dag.py:4180} INFO - Setting next_dagrun for example_subdag_operator.section-2 to None, run_after=None
[2025-11-09T20:47:31.511+0000] {logging_mixin.py:190} INFO - [2025-11-09T20:47:31.510+0000] {dag.py:3239} INFO - Sync 2 DAGs
[2025-11-09T20:47:31.521+0000] {logging_mixin.py:190} INFO - [2025-11-09T20:47:31.521+0000] {dag.py:4180} INFO - Setting next_dagrun for example_subdag_operator.section-1 to None, run_after=None
[2025-11-09T20:47:31.523+0000] {logging_mixin.py:190} INFO - [2025-11-09T20:47:31.522+0000] {dag.py:4180} INFO - Setting next_dagrun for example_subdag_operator.section-2 to None, run_after=None
[2025-11-09T20:47:31.544+0000] {processor.py:208} INFO - Processing /home/airflow/.local/lib/python3.12/site-packages/airflow/example_dags/example_subdag_operator.py took 0.197 seconds
[2025-11-09T20:48:01.858+0000] {processor.py:186} INFO - Started process (PID=2594) to work on /home/airflow/.local/lib/python3.12/site-packages/airflow/example_dags/example_subdag_operator.py
[2025-11-09T20:48:01.860+0000] {processor.py:914} INFO - Processing file /home/airflow/.local/lib/python3.12/site-packages/airflow/example_dags/example_subdag_operator.py for tasks to queue
[2025-11-09T20:48:01.867+0000] {logging_mixin.py:190} INFO - [2025-11-09T20:48:01.867+0000] {dagbag.py:588} INFO - Filling up the DagBag from /home/airflow/.local/lib/python3.12/site-packages/airflow/example_dags/example_subdag_operator.py
[2025-11-09T20:48:01.954+0000] {processor.py:925} INFO - DAG(s) 'example_subdag_operator.section-1', 'example_subdag_operator.section-2', 'example_subdag_operator' retrieved from /home/airflow/.local/lib/python3.12/site-packages/airflow/example_dags/example_subdag_operator.py
[2025-11-09T20:48:01.997+0000] {logging_mixin.py:190} INFO - [2025-11-09T20:48:01.996+0000] {dag.py:3239} INFO - Sync 3 DAGs
[2025-11-09T20:48:02.064+0000] {logging_mixin.py:190} INFO - [2025-11-09T20:48:02.064+0000] {dag.py:4180} INFO - Setting next_dagrun for example_subdag_operator to 2022-01-01 00:00:00+00:00, run_after=2022-01-01 00:00:00+00:00
[2025-11-09T20:48:02.075+0000] {logging_mixin.py:190} INFO - [2025-11-09T20:48:02.074+0000] {dag.py:4180} INFO - Setting next_dagrun for example_subdag_operator.section-1 to None, run_after=None
[2025-11-09T20:48:02.079+0000] {logging_mixin.py:190} INFO - [2025-11-09T20:48:02.078+0000] {dag.py:4180} INFO - Setting next_dagrun for example_subdag_operator.section-2 to None, run_after=None
[2025-11-09T20:48:02.098+0000] {logging_mixin.py:190} INFO - [2025-11-09T20:48:02.097+0000] {dag.py:3239} INFO - Sync 2 DAGs
[2025-11-09T20:48:02.114+0000] {logging_mixin.py:190} INFO - [2025-11-09T20:48:02.114+0000] {dag.py:4180} INFO - Setting next_dagrun for example_subdag_operator.section-1 to None, run_after=None
[2025-11-09T20:48:02.116+0000] {logging_mixin.py:190} INFO - [2025-11-09T20:48:02.116+0000] {dag.py:4180} INFO - Setting next_dagrun for example_subdag_operator.section-2 to None, run_after=None
[2025-11-09T20:48:02.149+0000] {processor.py:208} INFO - Processing /home/airflow/.local/lib/python3.12/site-packages/airflow/example_dags/example_subdag_operator.py took 0.321 seconds
[2025-11-09T20:48:32.543+0000] {processor.py:186} INFO - Started process (PID=2657) to work on /home/airflow/.local/lib/python3.12/site-packages/airflow/example_dags/example_subdag_operator.py
[2025-11-09T20:48:32.547+0000] {processor.py:914} INFO - Processing file /home/airflow/.local/lib/python3.12/site-packages/airflow/example_dags/example_subdag_operator.py for tasks to queue
[2025-11-09T20:48:32.555+0000] {logging_mixin.py:190} INFO - [2025-11-09T20:48:32.554+0000] {dagbag.py:588} INFO - Filling up the DagBag from /home/airflow/.local/lib/python3.12/site-packages/airflow/example_dags/example_subdag_operator.py
[2025-11-09T20:48:32.640+0000] {processor.py:925} INFO - DAG(s) 'example_subdag_operator.section-1', 'example_subdag_operator.section-2', 'example_subdag_operator' retrieved from /home/airflow/.local/lib/python3.12/site-packages/airflow/example_dags/example_subdag_operator.py
[2025-11-09T20:48:32.693+0000] {logging_mixin.py:190} INFO - [2025-11-09T20:48:32.692+0000] {dag.py:3239} INFO - Sync 3 DAGs
[2025-11-09T20:48:32.764+0000] {logging_mixin.py:190} INFO - [2025-11-09T20:48:32.763+0000] {dag.py:4180} INFO - Setting next_dagrun for example_subdag_operator to 2022-01-01 00:00:00+00:00, run_after=2022-01-01 00:00:00+00:00
[2025-11-09T20:48:32.771+0000] {logging_mixin.py:190} INFO - [2025-11-09T20:48:32.771+0000] {dag.py:4180} INFO - Setting next_dagrun for example_subdag_operator.section-1 to None, run_after=None
[2025-11-09T20:48:32.775+0000] {logging_mixin.py:190} INFO - [2025-11-09T20:48:32.774+0000] {dag.py:4180} INFO - Setting next_dagrun for example_subdag_operator.section-2 to None, run_after=None
[2025-11-09T20:48:32.819+0000] {logging_mixin.py:190} INFO - [2025-11-09T20:48:32.818+0000] {dag.py:3239} INFO - Sync 2 DAGs
[2025-11-09T20:48:32.881+0000] {logging_mixin.py:190} INFO - [2025-11-09T20:48:32.880+0000] {dag.py:4180} INFO - Setting next_dagrun for example_subdag_operator.section-1 to None, run_after=None
[2025-11-09T20:48:32.908+0000] {logging_mixin.py:190} INFO - [2025-11-09T20:48:32.907+0000] {dag.py:4180} INFO - Setting next_dagrun for example_subdag_operator.section-2 to None, run_after=None
[2025-11-09T20:48:32.968+0000] {processor.py:208} INFO - Processing /home/airflow/.local/lib/python3.12/site-packages/airflow/example_dags/example_subdag_operator.py took 0.444 seconds
[2025-11-09T20:49:03.802+0000] {processor.py:186} INFO - Started process (PID=2728) to work on /home/airflow/.local/lib/python3.12/site-packages/airflow/example_dags/example_subdag_operator.py
[2025-11-09T20:49:03.804+0000] {processor.py:914} INFO - Processing file /home/airflow/.local/lib/python3.12/site-packages/airflow/example_dags/example_subdag_operator.py for tasks to queue
[2025-11-09T20:49:03.810+0000] {logging_mixin.py:190} INFO - [2025-11-09T20:49:03.809+0000] {dagbag.py:588} INFO - Filling up the DagBag from /home/airflow/.local/lib/python3.12/site-packages/airflow/example_dags/example_subdag_operator.py
[2025-11-09T20:49:03.886+0000] {processor.py:925} INFO - DAG(s) 'example_subdag_operator.section-1', 'example_subdag_operator.section-2', 'example_subdag_operator' retrieved from /home/airflow/.local/lib/python3.12/site-packages/airflow/example_dags/example_subdag_operator.py
[2025-11-09T20:49:03.918+0000] {logging_mixin.py:190} INFO - [2025-11-09T20:49:03.918+0000] {dag.py:3239} INFO - Sync 3 DAGs
[2025-11-09T20:49:03.965+0000] {logging_mixin.py:190} INFO - [2025-11-09T20:49:03.965+0000] {dag.py:4180} INFO - Setting next_dagrun for example_subdag_operator to 2022-01-01 00:00:00+00:00, run_after=2022-01-01 00:00:00+00:00
[2025-11-09T20:49:03.973+0000] {logging_mixin.py:190} INFO - [2025-11-09T20:49:03.973+0000] {dag.py:4180} INFO - Setting next_dagrun for example_subdag_operator.section-1 to None, run_after=None
[2025-11-09T20:49:03.977+0000] {logging_mixin.py:190} INFO - [2025-11-09T20:49:03.976+0000] {dag.py:4180} INFO - Setting next_dagrun for example_subdag_operator.section-2 to None, run_after=None
[2025-11-09T20:49:03.991+0000] {logging_mixin.py:190} INFO - [2025-11-09T20:49:03.991+0000] {dag.py:3239} INFO - Sync 2 DAGs
[2025-11-09T20:49:04.005+0000] {logging_mixin.py:190} INFO - [2025-11-09T20:49:04.004+0000] {dag.py:4180} INFO - Setting next_dagrun for example_subdag_operator.section-1 to None, run_after=None
[2025-11-09T20:49:04.007+0000] {logging_mixin.py:190} INFO - [2025-11-09T20:49:04.006+0000] {dag.py:4180} INFO - Setting next_dagrun for example_subdag_operator.section-2 to None, run_after=None
[2025-11-09T20:49:04.031+0000] {processor.py:208} INFO - Processing /home/airflow/.local/lib/python3.12/site-packages/airflow/example_dags/example_subdag_operator.py took 0.243 seconds
[2025-11-09T20:49:34.216+0000] {processor.py:186} INFO - Started process (PID=2792) to work on /home/airflow/.local/lib/python3.12/site-packages/airflow/example_dags/example_subdag_operator.py
[2025-11-09T20:49:34.218+0000] {processor.py:914} INFO - Processing file /home/airflow/.local/lib/python3.12/site-packages/airflow/example_dags/example_subdag_operator.py for tasks to queue
[2025-11-09T20:49:34.223+0000] {logging_mixin.py:190} INFO - [2025-11-09T20:49:34.223+0000] {dagbag.py:588} INFO - Filling up the DagBag from /home/airflow/.local/lib/python3.12/site-packages/airflow/example_dags/example_subdag_operator.py
[2025-11-09T20:49:34.279+0000] {processor.py:925} INFO - DAG(s) 'example_subdag_operator.section-1', 'example_subdag_operator.section-2', 'example_subdag_operator' retrieved from /home/airflow/.local/lib/python3.12/site-packages/airflow/example_dags/example_subdag_operator.py
[2025-11-09T20:49:34.305+0000] {logging_mixin.py:190} INFO - [2025-11-09T20:49:34.305+0000] {dag.py:3239} INFO - Sync 3 DAGs
[2025-11-09T20:49:34.350+0000] {logging_mixin.py:190} INFO - [2025-11-09T20:49:34.349+0000] {dag.py:4180} INFO - Setting next_dagrun for example_subdag_operator to 2022-01-01 00:00:00+00:00, run_after=2022-01-01 00:00:00+00:00
[2025-11-09T20:49:34.356+0000] {logging_mixin.py:190} INFO - [2025-11-09T20:49:34.356+0000] {dag.py:4180} INFO - Setting next_dagrun for example_subdag_operator.section-1 to None, run_after=None
[2025-11-09T20:49:34.360+0000] {logging_mixin.py:190} INFO - [2025-11-09T20:49:34.360+0000] {dag.py:4180} INFO - Setting next_dagrun for example_subdag_operator.section-2 to None, run_after=None
[2025-11-09T20:49:34.373+0000] {logging_mixin.py:190} INFO - [2025-11-09T20:49:34.373+0000] {dag.py:3239} INFO - Sync 2 DAGs
[2025-11-09T20:49:34.384+0000] {logging_mixin.py:190} INFO - [2025-11-09T20:49:34.384+0000] {dag.py:4180} INFO - Setting next_dagrun for example_subdag_operator.section-1 to None, run_after=None
[2025-11-09T20:49:34.385+0000] {logging_mixin.py:190} INFO - [2025-11-09T20:49:34.385+0000] {dag.py:4180} INFO - Setting next_dagrun for example_subdag_operator.section-2 to None, run_after=None
[2025-11-09T20:49:34.407+0000] {processor.py:208} INFO - Processing /home/airflow/.local/lib/python3.12/site-packages/airflow/example_dags/example_subdag_operator.py took 0.202 seconds
[2025-11-09T20:50:04.537+0000] {processor.py:186} INFO - Started process (PID=2856) to work on /home/airflow/.local/lib/python3.12/site-packages/airflow/example_dags/example_subdag_operator.py
[2025-11-09T20:50:04.540+0000] {processor.py:914} INFO - Processing file /home/airflow/.local/lib/python3.12/site-packages/airflow/example_dags/example_subdag_operator.py for tasks to queue
[2025-11-09T20:50:04.547+0000] {logging_mixin.py:190} INFO - [2025-11-09T20:50:04.546+0000] {dagbag.py:588} INFO - Filling up the DagBag from /home/airflow/.local/lib/python3.12/site-packages/airflow/example_dags/example_subdag_operator.py
[2025-11-09T20:50:04.614+0000] {processor.py:925} INFO - DAG(s) 'example_subdag_operator.section-1', 'example_subdag_operator.section-2', 'example_subdag_operator' retrieved from /home/airflow/.local/lib/python3.12/site-packages/airflow/example_dags/example_subdag_operator.py
[2025-11-09T20:50:04.650+0000] {logging_mixin.py:190} INFO - [2025-11-09T20:50:04.649+0000] {dag.py:3239} INFO - Sync 3 DAGs
[2025-11-09T20:50:04.704+0000] {logging_mixin.py:190} INFO - [2025-11-09T20:50:04.704+0000] {dag.py:4180} INFO - Setting next_dagrun for example_subdag_operator to 2022-01-01 00:00:00+00:00, run_after=2022-01-01 00:00:00+00:00
[2025-11-09T20:50:04.713+0000] {logging_mixin.py:190} INFO - [2025-11-09T20:50:04.713+0000] {dag.py:4180} INFO - Setting next_dagrun for example_subdag_operator.section-1 to None, run_after=None
[2025-11-09T20:50:04.716+0000] {logging_mixin.py:190} INFO - [2025-11-09T20:50:04.716+0000] {dag.py:4180} INFO - Setting next_dagrun for example_subdag_operator.section-2 to None, run_after=None
[2025-11-09T20:50:04.736+0000] {logging_mixin.py:190} INFO - [2025-11-09T20:50:04.735+0000] {dag.py:3239} INFO - Sync 2 DAGs
[2025-11-09T20:50:04.750+0000] {logging_mixin.py:190} INFO - [2025-11-09T20:50:04.749+0000] {dag.py:4180} INFO - Setting next_dagrun for example_subdag_operator.section-1 to None, run_after=None
[2025-11-09T20:50:04.751+0000] {logging_mixin.py:190} INFO - [2025-11-09T20:50:04.751+0000] {dag.py:4180} INFO - Setting next_dagrun for example_subdag_operator.section-2 to None, run_after=None
[2025-11-09T20:50:04.778+0000] {processor.py:208} INFO - Processing /home/airflow/.local/lib/python3.12/site-packages/airflow/example_dags/example_subdag_operator.py took 0.258 seconds
[2025-11-09T20:50:35.470+0000] {processor.py:186} INFO - Started process (PID=2920) to work on /home/airflow/.local/lib/python3.12/site-packages/airflow/example_dags/example_subdag_operator.py
[2025-11-09T20:50:35.472+0000] {processor.py:914} INFO - Processing file /home/airflow/.local/lib/python3.12/site-packages/airflow/example_dags/example_subdag_operator.py for tasks to queue
[2025-11-09T20:50:35.478+0000] {logging_mixin.py:190} INFO - [2025-11-09T20:50:35.477+0000] {dagbag.py:588} INFO - Filling up the DagBag from /home/airflow/.local/lib/python3.12/site-packages/airflow/example_dags/example_subdag_operator.py
[2025-11-09T20:50:35.535+0000] {processor.py:925} INFO - DAG(s) 'example_subdag_operator.section-1', 'example_subdag_operator.section-2', 'example_subdag_operator' retrieved from /home/airflow/.local/lib/python3.12/site-packages/airflow/example_dags/example_subdag_operator.py
[2025-11-09T20:50:35.903+0000] {logging_mixin.py:190} INFO - [2025-11-09T20:50:35.903+0000] {dag.py:3239} INFO - Sync 3 DAGs
[2025-11-09T20:50:35.948+0000] {logging_mixin.py:190} INFO - [2025-11-09T20:50:35.947+0000] {dag.py:4180} INFO - Setting next_dagrun for example_subdag_operator to 2022-01-01 00:00:00+00:00, run_after=2022-01-01 00:00:00+00:00
[2025-11-09T20:50:35.956+0000] {logging_mixin.py:190} INFO - [2025-11-09T20:50:35.955+0000] {dag.py:4180} INFO - Setting next_dagrun for example_subdag_operator.section-1 to None, run_after=None
[2025-11-09T20:50:35.959+0000] {logging_mixin.py:190} INFO - [2025-11-09T20:50:35.959+0000] {dag.py:4180} INFO - Setting next_dagrun for example_subdag_operator.section-2 to None, run_after=None
[2025-11-09T20:50:35.974+0000] {logging_mixin.py:190} INFO - [2025-11-09T20:50:35.974+0000] {dag.py:3239} INFO - Sync 2 DAGs
[2025-11-09T20:50:35.986+0000] {logging_mixin.py:190} INFO - [2025-11-09T20:50:35.986+0000] {dag.py:4180} INFO - Setting next_dagrun for example_subdag_operator.section-1 to None, run_after=None
[2025-11-09T20:50:35.988+0000] {logging_mixin.py:190} INFO - [2025-11-09T20:50:35.988+0000] {dag.py:4180} INFO - Setting next_dagrun for example_subdag_operator.section-2 to None, run_after=None
[2025-11-09T20:50:36.013+0000] {processor.py:208} INFO - Processing /home/airflow/.local/lib/python3.12/site-packages/airflow/example_dags/example_subdag_operator.py took 0.554 seconds
[2025-11-09T20:51:06.183+0000] {processor.py:186} INFO - Started process (PID=2985) to work on /home/airflow/.local/lib/python3.12/site-packages/airflow/example_dags/example_subdag_operator.py
[2025-11-09T20:51:06.185+0000] {processor.py:914} INFO - Processing file /home/airflow/.local/lib/python3.12/site-packages/airflow/example_dags/example_subdag_operator.py for tasks to queue
[2025-11-09T20:51:06.193+0000] {logging_mixin.py:190} INFO - [2025-11-09T20:51:06.192+0000] {dagbag.py:588} INFO - Filling up the DagBag from /home/airflow/.local/lib/python3.12/site-packages/airflow/example_dags/example_subdag_operator.py
[2025-11-09T20:51:06.272+0000] {processor.py:925} INFO - DAG(s) 'example_subdag_operator.section-1', 'example_subdag_operator.section-2', 'example_subdag_operator' retrieved from /home/airflow/.local/lib/python3.12/site-packages/airflow/example_dags/example_subdag_operator.py
[2025-11-09T20:51:06.320+0000] {logging_mixin.py:190} INFO - [2025-11-09T20:51:06.320+0000] {dag.py:3239} INFO - Sync 3 DAGs
[2025-11-09T20:51:06.385+0000] {logging_mixin.py:190} INFO - [2025-11-09T20:51:06.384+0000] {dag.py:4180} INFO - Setting next_dagrun for example_subdag_operator to 2022-01-01 00:00:00+00:00, run_after=2022-01-01 00:00:00+00:00
[2025-11-09T20:51:06.394+0000] {logging_mixin.py:190} INFO - [2025-11-09T20:51:06.393+0000] {dag.py:4180} INFO - Setting next_dagrun for example_subdag_operator.section-1 to None, run_after=None
[2025-11-09T20:51:06.398+0000] {logging_mixin.py:190} INFO - [2025-11-09T20:51:06.397+0000] {dag.py:4180} INFO - Setting next_dagrun for example_subdag_operator.section-2 to None, run_after=None
[2025-11-09T20:51:06.416+0000] {logging_mixin.py:190} INFO - [2025-11-09T20:51:06.415+0000] {dag.py:3239} INFO - Sync 2 DAGs
[2025-11-09T20:51:06.429+0000] {logging_mixin.py:190} INFO - [2025-11-09T20:51:06.429+0000] {dag.py:4180} INFO - Setting next_dagrun for example_subdag_operator.section-1 to None, run_after=None
[2025-11-09T20:51:06.431+0000] {logging_mixin.py:190} INFO - [2025-11-09T20:51:06.431+0000] {dag.py:4180} INFO - Setting next_dagrun for example_subdag_operator.section-2 to None, run_after=None
[2025-11-09T20:51:06.463+0000] {processor.py:208} INFO - Processing /home/airflow/.local/lib/python3.12/site-packages/airflow/example_dags/example_subdag_operator.py took 0.302 seconds
[2025-11-09T20:51:37.526+0000] {processor.py:186} INFO - Started process (PID=3049) to work on /home/airflow/.local/lib/python3.12/site-packages/airflow/example_dags/example_subdag_operator.py
[2025-11-09T20:51:37.529+0000] {processor.py:914} INFO - Processing file /home/airflow/.local/lib/python3.12/site-packages/airflow/example_dags/example_subdag_operator.py for tasks to queue
[2025-11-09T20:51:37.536+0000] {logging_mixin.py:190} INFO - [2025-11-09T20:51:37.535+0000] {dagbag.py:588} INFO - Filling up the DagBag from /home/airflow/.local/lib/python3.12/site-packages/airflow/example_dags/example_subdag_operator.py
[2025-11-09T20:51:37.603+0000] {processor.py:925} INFO - DAG(s) 'example_subdag_operator.section-1', 'example_subdag_operator.section-2', 'example_subdag_operator' retrieved from /home/airflow/.local/lib/python3.12/site-packages/airflow/example_dags/example_subdag_operator.py
[2025-11-09T20:51:37.639+0000] {logging_mixin.py:190} INFO - [2025-11-09T20:51:37.639+0000] {dag.py:3239} INFO - Sync 3 DAGs
[2025-11-09T20:51:37.685+0000] {logging_mixin.py:190} INFO - [2025-11-09T20:51:37.684+0000] {dag.py:4180} INFO - Setting next_dagrun for example_subdag_operator to 2022-01-01 00:00:00+00:00, run_after=2022-01-01 00:00:00+00:00
[2025-11-09T20:51:37.692+0000] {logging_mixin.py:190} INFO - [2025-11-09T20:51:37.692+0000] {dag.py:4180} INFO - Setting next_dagrun for example_subdag_operator.section-1 to None, run_after=None
[2025-11-09T20:51:37.695+0000] {logging_mixin.py:190} INFO - [2025-11-09T20:51:37.695+0000] {dag.py:4180} INFO - Setting next_dagrun for example_subdag_operator.section-2 to None, run_after=None
[2025-11-09T20:51:37.708+0000] {logging_mixin.py:190} INFO - [2025-11-09T20:51:37.708+0000] {dag.py:3239} INFO - Sync 2 DAGs
[2025-11-09T20:51:37.718+0000] {logging_mixin.py:190} INFO - [2025-11-09T20:51:37.718+0000] {dag.py:4180} INFO - Setting next_dagrun for example_subdag_operator.section-1 to None, run_after=None
[2025-11-09T20:51:37.720+0000] {logging_mixin.py:190} INFO - [2025-11-09T20:51:37.719+0000] {dag.py:4180} INFO - Setting next_dagrun for example_subdag_operator.section-2 to None, run_after=None
[2025-11-09T20:51:37.740+0000] {processor.py:208} INFO - Processing /home/airflow/.local/lib/python3.12/site-packages/airflow/example_dags/example_subdag_operator.py took 0.234 seconds
[2025-11-09T20:52:08.006+0000] {processor.py:186} INFO - Started process (PID=3119) to work on /home/airflow/.local/lib/python3.12/site-packages/airflow/example_dags/example_subdag_operator.py
[2025-11-09T20:52:08.009+0000] {processor.py:914} INFO - Processing file /home/airflow/.local/lib/python3.12/site-packages/airflow/example_dags/example_subdag_operator.py for tasks to queue
[2025-11-09T20:52:08.016+0000] {logging_mixin.py:190} INFO - [2025-11-09T20:52:08.015+0000] {dagbag.py:588} INFO - Filling up the DagBag from /home/airflow/.local/lib/python3.12/site-packages/airflow/example_dags/example_subdag_operator.py
[2025-11-09T20:52:08.097+0000] {processor.py:925} INFO - DAG(s) 'example_subdag_operator.section-1', 'example_subdag_operator.section-2', 'example_subdag_operator' retrieved from /home/airflow/.local/lib/python3.12/site-packages/airflow/example_dags/example_subdag_operator.py
[2025-11-09T20:52:08.141+0000] {logging_mixin.py:190} INFO - [2025-11-09T20:52:08.140+0000] {dag.py:3239} INFO - Sync 3 DAGs
[2025-11-09T20:52:08.201+0000] {logging_mixin.py:190} INFO - [2025-11-09T20:52:08.200+0000] {dag.py:4180} INFO - Setting next_dagrun for example_subdag_operator to 2022-01-01 00:00:00+00:00, run_after=2022-01-01 00:00:00+00:00
[2025-11-09T20:52:08.209+0000] {logging_mixin.py:190} INFO - [2025-11-09T20:52:08.208+0000] {dag.py:4180} INFO - Setting next_dagrun for example_subdag_operator.section-1 to None, run_after=None
[2025-11-09T20:52:08.212+0000] {logging_mixin.py:190} INFO - [2025-11-09T20:52:08.212+0000] {dag.py:4180} INFO - Setting next_dagrun for example_subdag_operator.section-2 to None, run_after=None
[2025-11-09T20:52:08.231+0000] {logging_mixin.py:190} INFO - [2025-11-09T20:52:08.231+0000] {dag.py:3239} INFO - Sync 2 DAGs
[2025-11-09T20:52:08.245+0000] {logging_mixin.py:190} INFO - [2025-11-09T20:52:08.244+0000] {dag.py:4180} INFO - Setting next_dagrun for example_subdag_operator.section-1 to None, run_after=None
[2025-11-09T20:52:08.247+0000] {logging_mixin.py:190} INFO - [2025-11-09T20:52:08.246+0000] {dag.py:4180} INFO - Setting next_dagrun for example_subdag_operator.section-2 to None, run_after=None
[2025-11-09T20:52:08.271+0000] {processor.py:208} INFO - Processing /home/airflow/.local/lib/python3.12/site-packages/airflow/example_dags/example_subdag_operator.py took 0.279 seconds
[2025-11-09T20:52:38.794+0000] {processor.py:186} INFO - Started process (PID=3183) to work on /home/airflow/.local/lib/python3.12/site-packages/airflow/example_dags/example_subdag_operator.py
[2025-11-09T20:52:38.798+0000] {processor.py:914} INFO - Processing file /home/airflow/.local/lib/python3.12/site-packages/airflow/example_dags/example_subdag_operator.py for tasks to queue
[2025-11-09T20:52:38.814+0000] {logging_mixin.py:190} INFO - [2025-11-09T20:52:38.813+0000] {dagbag.py:588} INFO - Filling up the DagBag from /home/airflow/.local/lib/python3.12/site-packages/airflow/example_dags/example_subdag_operator.py
[2025-11-09T20:52:38.886+0000] {processor.py:925} INFO - DAG(s) 'example_subdag_operator.section-1', 'example_subdag_operator.section-2', 'example_subdag_operator' retrieved from /home/airflow/.local/lib/python3.12/site-packages/airflow/example_dags/example_subdag_operator.py
[2025-11-09T20:52:38.923+0000] {logging_mixin.py:190} INFO - [2025-11-09T20:52:38.923+0000] {dag.py:3239} INFO - Sync 3 DAGs
[2025-11-09T20:52:38.986+0000] {logging_mixin.py:190} INFO - [2025-11-09T20:52:38.985+0000] {dag.py:4180} INFO - Setting next_dagrun for example_subdag_operator to 2022-01-01 00:00:00+00:00, run_after=2022-01-01 00:00:00+00:00
[2025-11-09T20:52:38.998+0000] {logging_mixin.py:190} INFO - [2025-11-09T20:52:38.997+0000] {dag.py:4180} INFO - Setting next_dagrun for example_subdag_operator.section-1 to None, run_after=None
[2025-11-09T20:52:39.002+0000] {logging_mixin.py:190} INFO - [2025-11-09T20:52:39.001+0000] {dag.py:4180} INFO - Setting next_dagrun for example_subdag_operator.section-2 to None, run_after=None
[2025-11-09T20:52:39.018+0000] {logging_mixin.py:190} INFO - [2025-11-09T20:52:39.017+0000] {dag.py:3239} INFO - Sync 2 DAGs
[2025-11-09T20:52:39.031+0000] {logging_mixin.py:190} INFO - [2025-11-09T20:52:39.030+0000] {dag.py:4180} INFO - Setting next_dagrun for example_subdag_operator.section-1 to None, run_after=None
[2025-11-09T20:52:39.033+0000] {logging_mixin.py:190} INFO - [2025-11-09T20:52:39.032+0000] {dag.py:4180} INFO - Setting next_dagrun for example_subdag_operator.section-2 to None, run_after=None
[2025-11-09T20:52:39.059+0000] {processor.py:208} INFO - Processing /home/airflow/.local/lib/python3.12/site-packages/airflow/example_dags/example_subdag_operator.py took 0.291 seconds
[2025-11-09T20:53:09.832+0000] {processor.py:186} INFO - Started process (PID=3247) to work on /home/airflow/.local/lib/python3.12/site-packages/airflow/example_dags/example_subdag_operator.py
[2025-11-09T20:53:09.835+0000] {processor.py:914} INFO - Processing file /home/airflow/.local/lib/python3.12/site-packages/airflow/example_dags/example_subdag_operator.py for tasks to queue
[2025-11-09T20:53:09.841+0000] {logging_mixin.py:190} INFO - [2025-11-09T20:53:09.840+0000] {dagbag.py:588} INFO - Filling up the DagBag from /home/airflow/.local/lib/python3.12/site-packages/airflow/example_dags/example_subdag_operator.py
[2025-11-09T20:53:09.922+0000] {processor.py:925} INFO - DAG(s) 'example_subdag_operator.section-1', 'example_subdag_operator.section-2', 'example_subdag_operator' retrieved from /home/airflow/.local/lib/python3.12/site-packages/airflow/example_dags/example_subdag_operator.py
[2025-11-09T20:53:09.972+0000] {logging_mixin.py:190} INFO - [2025-11-09T20:53:09.971+0000] {dag.py:3239} INFO - Sync 3 DAGs
[2025-11-09T20:53:10.051+0000] {logging_mixin.py:190} INFO - [2025-11-09T20:53:10.050+0000] {dag.py:4180} INFO - Setting next_dagrun for example_subdag_operator to 2022-01-01 00:00:00+00:00, run_after=2022-01-01 00:00:00+00:00
[2025-11-09T20:53:10.064+0000] {logging_mixin.py:190} INFO - [2025-11-09T20:53:10.063+0000] {dag.py:4180} INFO - Setting next_dagrun for example_subdag_operator.section-1 to None, run_after=None
[2025-11-09T20:53:10.069+0000] {logging_mixin.py:190} INFO - [2025-11-09T20:53:10.068+0000] {dag.py:4180} INFO - Setting next_dagrun for example_subdag_operator.section-2 to None, run_after=None
[2025-11-09T20:53:10.094+0000] {logging_mixin.py:190} INFO - [2025-11-09T20:53:10.093+0000] {dag.py:3239} INFO - Sync 2 DAGs
[2025-11-09T20:53:10.112+0000] {logging_mixin.py:190} INFO - [2025-11-09T20:53:10.111+0000] {dag.py:4180} INFO - Setting next_dagrun for example_subdag_operator.section-1 to None, run_after=None
[2025-11-09T20:53:10.114+0000] {logging_mixin.py:190} INFO - [2025-11-09T20:53:10.113+0000] {dag.py:4180} INFO - Setting next_dagrun for example_subdag_operator.section-2 to None, run_after=None
[2025-11-09T20:53:10.153+0000] {processor.py:208} INFO - Processing /home/airflow/.local/lib/python3.12/site-packages/airflow/example_dags/example_subdag_operator.py took 0.342 seconds
[2025-11-09T20:53:40.918+0000] {processor.py:186} INFO - Started process (PID=3311) to work on /home/airflow/.local/lib/python3.12/site-packages/airflow/example_dags/example_subdag_operator.py
[2025-11-09T20:53:40.921+0000] {processor.py:914} INFO - Processing file /home/airflow/.local/lib/python3.12/site-packages/airflow/example_dags/example_subdag_operator.py for tasks to queue
[2025-11-09T20:53:40.931+0000] {logging_mixin.py:190} INFO - [2025-11-09T20:53:40.930+0000] {dagbag.py:588} INFO - Filling up the DagBag from /home/airflow/.local/lib/python3.12/site-packages/airflow/example_dags/example_subdag_operator.py
[2025-11-09T20:53:41.037+0000] {processor.py:925} INFO - DAG(s) 'example_subdag_operator.section-1', 'example_subdag_operator.section-2', 'example_subdag_operator' retrieved from /home/airflow/.local/lib/python3.12/site-packages/airflow/example_dags/example_subdag_operator.py
[2025-11-09T20:53:41.139+0000] {logging_mixin.py:190} INFO - [2025-11-09T20:53:41.138+0000] {dag.py:3239} INFO - Sync 3 DAGs
[2025-11-09T20:53:41.240+0000] {logging_mixin.py:190} INFO - [2025-11-09T20:53:41.239+0000] {dag.py:4180} INFO - Setting next_dagrun for example_subdag_operator to 2022-01-01 00:00:00+00:00, run_after=2022-01-01 00:00:00+00:00
[2025-11-09T20:53:41.253+0000] {logging_mixin.py:190} INFO - [2025-11-09T20:53:41.253+0000] {dag.py:4180} INFO - Setting next_dagrun for example_subdag_operator.section-1 to None, run_after=None
[2025-11-09T20:53:41.258+0000] {logging_mixin.py:190} INFO - [2025-11-09T20:53:41.257+0000] {dag.py:4180} INFO - Setting next_dagrun for example_subdag_operator.section-2 to None, run_after=None
[2025-11-09T20:53:41.285+0000] {logging_mixin.py:190} INFO - [2025-11-09T20:53:41.284+0000] {dag.py:3239} INFO - Sync 2 DAGs
[2025-11-09T20:53:41.305+0000] {logging_mixin.py:190} INFO - [2025-11-09T20:53:41.304+0000] {dag.py:4180} INFO - Setting next_dagrun for example_subdag_operator.section-1 to None, run_after=None
[2025-11-09T20:53:41.307+0000] {logging_mixin.py:190} INFO - [2025-11-09T20:53:41.306+0000] {dag.py:4180} INFO - Setting next_dagrun for example_subdag_operator.section-2 to None, run_after=None
[2025-11-09T20:53:41.341+0000] {processor.py:208} INFO - Processing /home/airflow/.local/lib/python3.12/site-packages/airflow/example_dags/example_subdag_operator.py took 0.445 seconds
[2025-11-09T20:54:11.787+0000] {processor.py:186} INFO - Started process (PID=3375) to work on /home/airflow/.local/lib/python3.12/site-packages/airflow/example_dags/example_subdag_operator.py
[2025-11-09T20:54:11.790+0000] {processor.py:914} INFO - Processing file /home/airflow/.local/lib/python3.12/site-packages/airflow/example_dags/example_subdag_operator.py for tasks to queue
[2025-11-09T20:54:11.797+0000] {logging_mixin.py:190} INFO - [2025-11-09T20:54:11.796+0000] {dagbag.py:588} INFO - Filling up the DagBag from /home/airflow/.local/lib/python3.12/site-packages/airflow/example_dags/example_subdag_operator.py
[2025-11-09T20:54:11.859+0000] {processor.py:925} INFO - DAG(s) 'example_subdag_operator.section-1', 'example_subdag_operator.section-2', 'example_subdag_operator' retrieved from /home/airflow/.local/lib/python3.12/site-packages/airflow/example_dags/example_subdag_operator.py
[2025-11-09T20:54:11.891+0000] {logging_mixin.py:190} INFO - [2025-11-09T20:54:11.890+0000] {dag.py:3239} INFO - Sync 3 DAGs
[2025-11-09T20:54:12.005+0000] {logging_mixin.py:190} INFO - [2025-11-09T20:54:12.004+0000] {dag.py:4180} INFO - Setting next_dagrun for example_subdag_operator to 2022-01-01 00:00:00+00:00, run_after=2022-01-01 00:00:00+00:00
[2025-11-09T20:54:12.014+0000] {logging_mixin.py:190} INFO - [2025-11-09T20:54:12.014+0000] {dag.py:4180} INFO - Setting next_dagrun for example_subdag_operator.section-1 to None, run_after=None
[2025-11-09T20:54:12.017+0000] {logging_mixin.py:190} INFO - [2025-11-09T20:54:12.017+0000] {dag.py:4180} INFO - Setting next_dagrun for example_subdag_operator.section-2 to None, run_after=None
[2025-11-09T20:54:12.034+0000] {logging_mixin.py:190} INFO - [2025-11-09T20:54:12.033+0000] {dag.py:3239} INFO - Sync 2 DAGs
[2025-11-09T20:54:12.046+0000] {logging_mixin.py:190} INFO - [2025-11-09T20:54:12.046+0000] {dag.py:4180} INFO - Setting next_dagrun for example_subdag_operator.section-1 to None, run_after=None
[2025-11-09T20:54:12.048+0000] {logging_mixin.py:190} INFO - [2025-11-09T20:54:12.047+0000] {dag.py:4180} INFO - Setting next_dagrun for example_subdag_operator.section-2 to None, run_after=None
[2025-11-09T20:54:12.073+0000] {processor.py:208} INFO - Processing /home/airflow/.local/lib/python3.12/site-packages/airflow/example_dags/example_subdag_operator.py took 0.301 seconds
[2025-11-09T20:54:42.269+0000] {processor.py:186} INFO - Started process (PID=3440) to work on /home/airflow/.local/lib/python3.12/site-packages/airflow/example_dags/example_subdag_operator.py
[2025-11-09T20:54:42.272+0000] {processor.py:914} INFO - Processing file /home/airflow/.local/lib/python3.12/site-packages/airflow/example_dags/example_subdag_operator.py for tasks to queue
[2025-11-09T20:54:42.280+0000] {logging_mixin.py:190} INFO - [2025-11-09T20:54:42.279+0000] {dagbag.py:588} INFO - Filling up the DagBag from /home/airflow/.local/lib/python3.12/site-packages/airflow/example_dags/example_subdag_operator.py
[2025-11-09T20:54:42.351+0000] {processor.py:925} INFO - DAG(s) 'example_subdag_operator.section-1', 'example_subdag_operator.section-2', 'example_subdag_operator' retrieved from /home/airflow/.local/lib/python3.12/site-packages/airflow/example_dags/example_subdag_operator.py
[2025-11-09T20:54:42.394+0000] {logging_mixin.py:190} INFO - [2025-11-09T20:54:42.393+0000] {dag.py:3239} INFO - Sync 3 DAGs
[2025-11-09T20:54:42.458+0000] {logging_mixin.py:190} INFO - [2025-11-09T20:54:42.457+0000] {dag.py:4180} INFO - Setting next_dagrun for example_subdag_operator to 2022-01-01 00:00:00+00:00, run_after=2022-01-01 00:00:00+00:00
[2025-11-09T20:54:42.470+0000] {logging_mixin.py:190} INFO - [2025-11-09T20:54:42.470+0000] {dag.py:4180} INFO - Setting next_dagrun for example_subdag_operator.section-1 to None, run_after=None
[2025-11-09T20:54:42.479+0000] {logging_mixin.py:190} INFO - [2025-11-09T20:54:42.478+0000] {dag.py:4180} INFO - Setting next_dagrun for example_subdag_operator.section-2 to None, run_after=None
[2025-11-09T20:54:42.504+0000] {logging_mixin.py:190} INFO - [2025-11-09T20:54:42.503+0000] {dag.py:3239} INFO - Sync 2 DAGs
[2025-11-09T20:54:42.521+0000] {logging_mixin.py:190} INFO - [2025-11-09T20:54:42.520+0000] {dag.py:4180} INFO - Setting next_dagrun for example_subdag_operator.section-1 to None, run_after=None
[2025-11-09T20:54:42.523+0000] {logging_mixin.py:190} INFO - [2025-11-09T20:54:42.522+0000] {dag.py:4180} INFO - Setting next_dagrun for example_subdag_operator.section-2 to None, run_after=None
[2025-11-09T20:54:42.556+0000] {processor.py:208} INFO - Processing /home/airflow/.local/lib/python3.12/site-packages/airflow/example_dags/example_subdag_operator.py took 0.304 seconds
[2025-11-09T20:55:13.039+0000] {processor.py:186} INFO - Started process (PID=3504) to work on /home/airflow/.local/lib/python3.12/site-packages/airflow/example_dags/example_subdag_operator.py
[2025-11-09T20:55:13.042+0000] {processor.py:914} INFO - Processing file /home/airflow/.local/lib/python3.12/site-packages/airflow/example_dags/example_subdag_operator.py for tasks to queue
[2025-11-09T20:55:13.051+0000] {logging_mixin.py:190} INFO - [2025-11-09T20:55:13.050+0000] {dagbag.py:588} INFO - Filling up the DagBag from /home/airflow/.local/lib/python3.12/site-packages/airflow/example_dags/example_subdag_operator.py
[2025-11-09T20:55:13.121+0000] {processor.py:925} INFO - DAG(s) 'example_subdag_operator.section-1', 'example_subdag_operator.section-2', 'example_subdag_operator' retrieved from /home/airflow/.local/lib/python3.12/site-packages/airflow/example_dags/example_subdag_operator.py
[2025-11-09T20:55:13.151+0000] {logging_mixin.py:190} INFO - [2025-11-09T20:55:13.150+0000] {dag.py:3239} INFO - Sync 3 DAGs
[2025-11-09T20:55:13.196+0000] {logging_mixin.py:190} INFO - [2025-11-09T20:55:13.195+0000] {dag.py:4180} INFO - Setting next_dagrun for example_subdag_operator to 2022-01-01 00:00:00+00:00, run_after=2022-01-01 00:00:00+00:00
[2025-11-09T20:55:13.203+0000] {logging_mixin.py:190} INFO - [2025-11-09T20:55:13.203+0000] {dag.py:4180} INFO - Setting next_dagrun for example_subdag_operator.section-1 to None, run_after=None
[2025-11-09T20:55:13.207+0000] {logging_mixin.py:190} INFO - [2025-11-09T20:55:13.206+0000] {dag.py:4180} INFO - Setting next_dagrun for example_subdag_operator.section-2 to None, run_after=None
[2025-11-09T20:55:13.222+0000] {logging_mixin.py:190} INFO - [2025-11-09T20:55:13.222+0000] {dag.py:3239} INFO - Sync 2 DAGs
[2025-11-09T20:55:13.233+0000] {logging_mixin.py:190} INFO - [2025-11-09T20:55:13.232+0000] {dag.py:4180} INFO - Setting next_dagrun for example_subdag_operator.section-1 to None, run_after=None
[2025-11-09T20:55:13.234+0000] {logging_mixin.py:190} INFO - [2025-11-09T20:55:13.234+0000] {dag.py:4180} INFO - Setting next_dagrun for example_subdag_operator.section-2 to None, run_after=None
[2025-11-09T20:55:13.256+0000] {processor.py:208} INFO - Processing /home/airflow/.local/lib/python3.12/site-packages/airflow/example_dags/example_subdag_operator.py took 0.259 seconds
[2025-11-09T20:55:43.781+0000] {processor.py:186} INFO - Started process (PID=3571) to work on /home/airflow/.local/lib/python3.12/site-packages/airflow/example_dags/example_subdag_operator.py
[2025-11-09T20:55:43.792+0000] {processor.py:914} INFO - Processing file /home/airflow/.local/lib/python3.12/site-packages/airflow/example_dags/example_subdag_operator.py for tasks to queue
[2025-11-09T20:55:43.824+0000] {logging_mixin.py:190} INFO - [2025-11-09T20:55:43.821+0000] {dagbag.py:588} INFO - Filling up the DagBag from /home/airflow/.local/lib/python3.12/site-packages/airflow/example_dags/example_subdag_operator.py
[2025-11-09T20:55:44.066+0000] {processor.py:925} INFO - DAG(s) 'example_subdag_operator.section-1', 'example_subdag_operator.section-2', 'example_subdag_operator' retrieved from /home/airflow/.local/lib/python3.12/site-packages/airflow/example_dags/example_subdag_operator.py
[2025-11-09T20:55:44.161+0000] {logging_mixin.py:190} INFO - [2025-11-09T20:55:44.160+0000] {dag.py:3239} INFO - Sync 3 DAGs
[2025-11-09T20:55:44.359+0000] {logging_mixin.py:190} INFO - [2025-11-09T20:55:44.358+0000] {dag.py:4180} INFO - Setting next_dagrun for example_subdag_operator to 2022-01-01 00:00:00+00:00, run_after=2022-01-01 00:00:00+00:00
[2025-11-09T20:55:44.382+0000] {logging_mixin.py:190} INFO - [2025-11-09T20:55:44.381+0000] {dag.py:4180} INFO - Setting next_dagrun for example_subdag_operator.section-1 to None, run_after=None
[2025-11-09T20:55:44.391+0000] {logging_mixin.py:190} INFO - [2025-11-09T20:55:44.390+0000] {dag.py:4180} INFO - Setting next_dagrun for example_subdag_operator.section-2 to None, run_after=None
[2025-11-09T20:55:44.429+0000] {logging_mixin.py:190} INFO - [2025-11-09T20:55:44.428+0000] {dag.py:3239} INFO - Sync 2 DAGs
[2025-11-09T20:55:44.450+0000] {logging_mixin.py:190} INFO - [2025-11-09T20:55:44.449+0000] {dag.py:4180} INFO - Setting next_dagrun for example_subdag_operator.section-1 to None, run_after=None
[2025-11-09T20:55:44.452+0000] {logging_mixin.py:190} INFO - [2025-11-09T20:55:44.451+0000] {dag.py:4180} INFO - Setting next_dagrun for example_subdag_operator.section-2 to None, run_after=None
[2025-11-09T20:55:44.503+0000] {processor.py:208} INFO - Processing /home/airflow/.local/lib/python3.12/site-packages/airflow/example_dags/example_subdag_operator.py took 0.850 seconds
[2025-11-09T20:56:14.834+0000] {processor.py:186} INFO - Started process (PID=3635) to work on /home/airflow/.local/lib/python3.12/site-packages/airflow/example_dags/example_subdag_operator.py
[2025-11-09T20:56:14.836+0000] {processor.py:914} INFO - Processing file /home/airflow/.local/lib/python3.12/site-packages/airflow/example_dags/example_subdag_operator.py for tasks to queue
[2025-11-09T20:56:14.844+0000] {logging_mixin.py:190} INFO - [2025-11-09T20:56:14.844+0000] {dagbag.py:588} INFO - Filling up the DagBag from /home/airflow/.local/lib/python3.12/site-packages/airflow/example_dags/example_subdag_operator.py
[2025-11-09T20:56:14.902+0000] {processor.py:925} INFO - DAG(s) 'example_subdag_operator.section-1', 'example_subdag_operator.section-2', 'example_subdag_operator' retrieved from /home/airflow/.local/lib/python3.12/site-packages/airflow/example_dags/example_subdag_operator.py
[2025-11-09T20:56:14.927+0000] {logging_mixin.py:190} INFO - [2025-11-09T20:56:14.927+0000] {dag.py:3239} INFO - Sync 3 DAGs
[2025-11-09T20:56:14.970+0000] {logging_mixin.py:190} INFO - [2025-11-09T20:56:14.969+0000] {dag.py:4180} INFO - Setting next_dagrun for example_subdag_operator to 2022-01-01 00:00:00+00:00, run_after=2022-01-01 00:00:00+00:00
[2025-11-09T20:56:14.976+0000] {logging_mixin.py:190} INFO - [2025-11-09T20:56:14.976+0000] {dag.py:4180} INFO - Setting next_dagrun for example_subdag_operator.section-1 to None, run_after=None
[2025-11-09T20:56:14.979+0000] {logging_mixin.py:190} INFO - [2025-11-09T20:56:14.979+0000] {dag.py:4180} INFO - Setting next_dagrun for example_subdag_operator.section-2 to None, run_after=None
[2025-11-09T20:56:14.990+0000] {logging_mixin.py:190} INFO - [2025-11-09T20:56:14.990+0000] {dag.py:3239} INFO - Sync 2 DAGs
[2025-11-09T20:56:14.999+0000] {logging_mixin.py:190} INFO - [2025-11-09T20:56:14.999+0000] {dag.py:4180} INFO - Setting next_dagrun for example_subdag_operator.section-1 to None, run_after=None
[2025-11-09T20:56:15.000+0000] {logging_mixin.py:190} INFO - [2025-11-09T20:56:15.000+0000] {dag.py:4180} INFO - Setting next_dagrun for example_subdag_operator.section-2 to None, run_after=None
[2025-11-09T20:56:15.026+0000] {processor.py:208} INFO - Processing /home/airflow/.local/lib/python3.12/site-packages/airflow/example_dags/example_subdag_operator.py took 0.206 seconds
[2025-11-09T20:56:45.394+0000] {processor.py:186} INFO - Started process (PID=3699) to work on /home/airflow/.local/lib/python3.12/site-packages/airflow/example_dags/example_subdag_operator.py
[2025-11-09T20:56:45.396+0000] {processor.py:914} INFO - Processing file /home/airflow/.local/lib/python3.12/site-packages/airflow/example_dags/example_subdag_operator.py for tasks to queue
[2025-11-09T20:56:45.402+0000] {logging_mixin.py:190} INFO - [2025-11-09T20:56:45.401+0000] {dagbag.py:588} INFO - Filling up the DagBag from /home/airflow/.local/lib/python3.12/site-packages/airflow/example_dags/example_subdag_operator.py
[2025-11-09T20:56:45.462+0000] {processor.py:925} INFO - DAG(s) 'example_subdag_operator.section-1', 'example_subdag_operator.section-2', 'example_subdag_operator' retrieved from /home/airflow/.local/lib/python3.12/site-packages/airflow/example_dags/example_subdag_operator.py
[2025-11-09T20:56:45.489+0000] {logging_mixin.py:190} INFO - [2025-11-09T20:56:45.489+0000] {dag.py:3239} INFO - Sync 3 DAGs
[2025-11-09T20:56:45.530+0000] {logging_mixin.py:190} INFO - [2025-11-09T20:56:45.530+0000] {dag.py:4180} INFO - Setting next_dagrun for example_subdag_operator to 2022-01-01 00:00:00+00:00, run_after=2022-01-01 00:00:00+00:00
[2025-11-09T20:56:45.538+0000] {logging_mixin.py:190} INFO - [2025-11-09T20:56:45.537+0000] {dag.py:4180} INFO - Setting next_dagrun for example_subdag_operator.section-1 to None, run_after=None
[2025-11-09T20:56:45.541+0000] {logging_mixin.py:190} INFO - [2025-11-09T20:56:45.540+0000] {dag.py:4180} INFO - Setting next_dagrun for example_subdag_operator.section-2 to None, run_after=None
[2025-11-09T20:56:45.557+0000] {logging_mixin.py:190} INFO - [2025-11-09T20:56:45.556+0000] {dag.py:3239} INFO - Sync 2 DAGs
[2025-11-09T20:56:45.569+0000] {logging_mixin.py:190} INFO - [2025-11-09T20:56:45.568+0000] {dag.py:4180} INFO - Setting next_dagrun for example_subdag_operator.section-1 to None, run_after=None
[2025-11-09T20:56:45.570+0000] {logging_mixin.py:190} INFO - [2025-11-09T20:56:45.569+0000] {dag.py:4180} INFO - Setting next_dagrun for example_subdag_operator.section-2 to None, run_after=None
[2025-11-09T20:56:45.593+0000] {processor.py:208} INFO - Processing /home/airflow/.local/lib/python3.12/site-packages/airflow/example_dags/example_subdag_operator.py took 0.211 seconds
[2025-11-09T20:57:16.142+0000] {processor.py:186} INFO - Started process (PID=3763) to work on /home/airflow/.local/lib/python3.12/site-packages/airflow/example_dags/example_subdag_operator.py
[2025-11-09T20:57:16.144+0000] {processor.py:914} INFO - Processing file /home/airflow/.local/lib/python3.12/site-packages/airflow/example_dags/example_subdag_operator.py for tasks to queue
[2025-11-09T20:57:16.151+0000] {logging_mixin.py:190} INFO - [2025-11-09T20:57:16.150+0000] {dagbag.py:588} INFO - Filling up the DagBag from /home/airflow/.local/lib/python3.12/site-packages/airflow/example_dags/example_subdag_operator.py
[2025-11-09T20:57:16.211+0000] {processor.py:925} INFO - DAG(s) 'example_subdag_operator.section-1', 'example_subdag_operator.section-2', 'example_subdag_operator' retrieved from /home/airflow/.local/lib/python3.12/site-packages/airflow/example_dags/example_subdag_operator.py
[2025-11-09T20:57:16.240+0000] {logging_mixin.py:190} INFO - [2025-11-09T20:57:16.240+0000] {dag.py:3239} INFO - Sync 3 DAGs
[2025-11-09T20:57:16.284+0000] {logging_mixin.py:190} INFO - [2025-11-09T20:57:16.283+0000] {dag.py:4180} INFO - Setting next_dagrun for example_subdag_operator to 2022-01-01 00:00:00+00:00, run_after=2022-01-01 00:00:00+00:00
[2025-11-09T20:57:16.290+0000] {logging_mixin.py:190} INFO - [2025-11-09T20:57:16.290+0000] {dag.py:4180} INFO - Setting next_dagrun for example_subdag_operator.section-1 to None, run_after=None
[2025-11-09T20:57:16.294+0000] {logging_mixin.py:190} INFO - [2025-11-09T20:57:16.293+0000] {dag.py:4180} INFO - Setting next_dagrun for example_subdag_operator.section-2 to None, run_after=None
[2025-11-09T20:57:16.306+0000] {logging_mixin.py:190} INFO - [2025-11-09T20:57:16.305+0000] {dag.py:3239} INFO - Sync 2 DAGs
[2025-11-09T20:57:16.315+0000] {logging_mixin.py:190} INFO - [2025-11-09T20:57:16.315+0000] {dag.py:4180} INFO - Setting next_dagrun for example_subdag_operator.section-1 to None, run_after=None
[2025-11-09T20:57:16.316+0000] {logging_mixin.py:190} INFO - [2025-11-09T20:57:16.316+0000] {dag.py:4180} INFO - Setting next_dagrun for example_subdag_operator.section-2 to None, run_after=None
[2025-11-09T20:57:16.334+0000] {processor.py:208} INFO - Processing /home/airflow/.local/lib/python3.12/site-packages/airflow/example_dags/example_subdag_operator.py took 0.207 seconds
[2025-11-09T20:57:46.597+0000] {processor.py:186} INFO - Started process (PID=3827) to work on /home/airflow/.local/lib/python3.12/site-packages/airflow/example_dags/example_subdag_operator.py
[2025-11-09T20:57:46.599+0000] {processor.py:914} INFO - Processing file /home/airflow/.local/lib/python3.12/site-packages/airflow/example_dags/example_subdag_operator.py for tasks to queue
[2025-11-09T20:57:46.606+0000] {logging_mixin.py:190} INFO - [2025-11-09T20:57:46.605+0000] {dagbag.py:588} INFO - Filling up the DagBag from /home/airflow/.local/lib/python3.12/site-packages/airflow/example_dags/example_subdag_operator.py
[2025-11-09T20:57:46.675+0000] {processor.py:925} INFO - DAG(s) 'example_subdag_operator.section-1', 'example_subdag_operator.section-2', 'example_subdag_operator' retrieved from /home/airflow/.local/lib/python3.12/site-packages/airflow/example_dags/example_subdag_operator.py
[2025-11-09T20:57:46.703+0000] {logging_mixin.py:190} INFO - [2025-11-09T20:57:46.703+0000] {dag.py:3239} INFO - Sync 3 DAGs
[2025-11-09T20:57:46.743+0000] {logging_mixin.py:190} INFO - [2025-11-09T20:57:46.742+0000] {dag.py:4180} INFO - Setting next_dagrun for example_subdag_operator to 2022-01-01 00:00:00+00:00, run_after=2022-01-01 00:00:00+00:00
[2025-11-09T20:57:46.749+0000] {logging_mixin.py:190} INFO - [2025-11-09T20:57:46.749+0000] {dag.py:4180} INFO - Setting next_dagrun for example_subdag_operator.section-1 to None, run_after=None
[2025-11-09T20:57:46.753+0000] {logging_mixin.py:190} INFO - [2025-11-09T20:57:46.753+0000] {dag.py:4180} INFO - Setting next_dagrun for example_subdag_operator.section-2 to None, run_after=None
[2025-11-09T20:57:46.766+0000] {logging_mixin.py:190} INFO - [2025-11-09T20:57:46.766+0000] {dag.py:3239} INFO - Sync 2 DAGs
[2025-11-09T20:57:46.777+0000] {logging_mixin.py:190} INFO - [2025-11-09T20:57:46.777+0000] {dag.py:4180} INFO - Setting next_dagrun for example_subdag_operator.section-1 to None, run_after=None
[2025-11-09T20:57:46.778+0000] {logging_mixin.py:190} INFO - [2025-11-09T20:57:46.778+0000] {dag.py:4180} INFO - Setting next_dagrun for example_subdag_operator.section-2 to None, run_after=None
[2025-11-09T20:57:46.798+0000] {processor.py:208} INFO - Processing /home/airflow/.local/lib/python3.12/site-packages/airflow/example_dags/example_subdag_operator.py took 0.216 seconds
[2025-11-09T20:58:17.006+0000] {processor.py:186} INFO - Started process (PID=3892) to work on /home/airflow/.local/lib/python3.12/site-packages/airflow/example_dags/example_subdag_operator.py
[2025-11-09T20:58:17.008+0000] {processor.py:914} INFO - Processing file /home/airflow/.local/lib/python3.12/site-packages/airflow/example_dags/example_subdag_operator.py for tasks to queue
[2025-11-09T20:58:17.016+0000] {logging_mixin.py:190} INFO - [2025-11-09T20:58:17.015+0000] {dagbag.py:588} INFO - Filling up the DagBag from /home/airflow/.local/lib/python3.12/site-packages/airflow/example_dags/example_subdag_operator.py
[2025-11-09T20:58:17.076+0000] {processor.py:925} INFO - DAG(s) 'example_subdag_operator.section-1', 'example_subdag_operator.section-2', 'example_subdag_operator' retrieved from /home/airflow/.local/lib/python3.12/site-packages/airflow/example_dags/example_subdag_operator.py
[2025-11-09T20:58:17.107+0000] {logging_mixin.py:190} INFO - [2025-11-09T20:58:17.107+0000] {dag.py:3239} INFO - Sync 3 DAGs
[2025-11-09T20:58:17.147+0000] {logging_mixin.py:190} INFO - [2025-11-09T20:58:17.146+0000] {dag.py:4180} INFO - Setting next_dagrun for example_subdag_operator to 2022-01-01 00:00:00+00:00, run_after=2022-01-01 00:00:00+00:00
[2025-11-09T20:58:17.152+0000] {logging_mixin.py:190} INFO - [2025-11-09T20:58:17.152+0000] {dag.py:4180} INFO - Setting next_dagrun for example_subdag_operator.section-1 to None, run_after=None
[2025-11-09T20:58:17.156+0000] {logging_mixin.py:190} INFO - [2025-11-09T20:58:17.155+0000] {dag.py:4180} INFO - Setting next_dagrun for example_subdag_operator.section-2 to None, run_after=None
[2025-11-09T20:58:17.168+0000] {logging_mixin.py:190} INFO - [2025-11-09T20:58:17.167+0000] {dag.py:3239} INFO - Sync 2 DAGs
[2025-11-09T20:58:17.179+0000] {logging_mixin.py:190} INFO - [2025-11-09T20:58:17.178+0000] {dag.py:4180} INFO - Setting next_dagrun for example_subdag_operator.section-1 to None, run_after=None
[2025-11-09T20:58:17.180+0000] {logging_mixin.py:190} INFO - [2025-11-09T20:58:17.179+0000] {dag.py:4180} INFO - Setting next_dagrun for example_subdag_operator.section-2 to None, run_after=None
[2025-11-09T20:58:17.199+0000] {processor.py:208} INFO - Processing /home/airflow/.local/lib/python3.12/site-packages/airflow/example_dags/example_subdag_operator.py took 0.205 seconds
[2025-11-09T20:58:47.546+0000] {processor.py:186} INFO - Started process (PID=3956) to work on /home/airflow/.local/lib/python3.12/site-packages/airflow/example_dags/example_subdag_operator.py
[2025-11-09T20:58:47.549+0000] {processor.py:914} INFO - Processing file /home/airflow/.local/lib/python3.12/site-packages/airflow/example_dags/example_subdag_operator.py for tasks to queue
[2025-11-09T20:58:47.556+0000] {logging_mixin.py:190} INFO - [2025-11-09T20:58:47.555+0000] {dagbag.py:588} INFO - Filling up the DagBag from /home/airflow/.local/lib/python3.12/site-packages/airflow/example_dags/example_subdag_operator.py
[2025-11-09T20:58:47.617+0000] {processor.py:925} INFO - DAG(s) 'example_subdag_operator.section-1', 'example_subdag_operator.section-2', 'example_subdag_operator' retrieved from /home/airflow/.local/lib/python3.12/site-packages/airflow/example_dags/example_subdag_operator.py
[2025-11-09T20:58:47.656+0000] {logging_mixin.py:190} INFO - [2025-11-09T20:58:47.655+0000] {dag.py:3239} INFO - Sync 3 DAGs
[2025-11-09T20:58:47.708+0000] {logging_mixin.py:190} INFO - [2025-11-09T20:58:47.707+0000] {dag.py:4180} INFO - Setting next_dagrun for example_subdag_operator to 2022-01-01 00:00:00+00:00, run_after=2022-01-01 00:00:00+00:00
[2025-11-09T20:58:47.715+0000] {logging_mixin.py:190} INFO - [2025-11-09T20:58:47.714+0000] {dag.py:4180} INFO - Setting next_dagrun for example_subdag_operator.section-1 to None, run_after=None
[2025-11-09T20:58:47.718+0000] {logging_mixin.py:190} INFO - [2025-11-09T20:58:47.717+0000] {dag.py:4180} INFO - Setting next_dagrun for example_subdag_operator.section-2 to None, run_after=None
[2025-11-09T20:58:47.735+0000] {logging_mixin.py:190} INFO - [2025-11-09T20:58:47.735+0000] {dag.py:3239} INFO - Sync 2 DAGs
[2025-11-09T20:58:47.748+0000] {logging_mixin.py:190} INFO - [2025-11-09T20:58:47.747+0000] {dag.py:4180} INFO - Setting next_dagrun for example_subdag_operator.section-1 to None, run_after=None
[2025-11-09T20:58:47.749+0000] {logging_mixin.py:190} INFO - [2025-11-09T20:58:47.749+0000] {dag.py:4180} INFO - Setting next_dagrun for example_subdag_operator.section-2 to None, run_after=None
[2025-11-09T20:58:47.774+0000] {processor.py:208} INFO - Processing /home/airflow/.local/lib/python3.12/site-packages/airflow/example_dags/example_subdag_operator.py took 0.249 seconds
[2025-11-09T20:59:18.410+0000] {processor.py:186} INFO - Started process (PID=4019) to work on /home/airflow/.local/lib/python3.12/site-packages/airflow/example_dags/example_subdag_operator.py
[2025-11-09T20:59:18.412+0000] {processor.py:914} INFO - Processing file /home/airflow/.local/lib/python3.12/site-packages/airflow/example_dags/example_subdag_operator.py for tasks to queue
[2025-11-09T20:59:18.418+0000] {logging_mixin.py:190} INFO - [2025-11-09T20:59:18.417+0000] {dagbag.py:588} INFO - Filling up the DagBag from /home/airflow/.local/lib/python3.12/site-packages/airflow/example_dags/example_subdag_operator.py
[2025-11-09T20:59:18.480+0000] {processor.py:925} INFO - DAG(s) 'example_subdag_operator.section-1', 'example_subdag_operator.section-2', 'example_subdag_operator' retrieved from /home/airflow/.local/lib/python3.12/site-packages/airflow/example_dags/example_subdag_operator.py
[2025-11-09T20:59:18.510+0000] {logging_mixin.py:190} INFO - [2025-11-09T20:59:18.509+0000] {dag.py:3239} INFO - Sync 3 DAGs
[2025-11-09T20:59:18.564+0000] {logging_mixin.py:190} INFO - [2025-11-09T20:59:18.563+0000] {dag.py:4180} INFO - Setting next_dagrun for example_subdag_operator to 2022-01-01 00:00:00+00:00, run_after=2022-01-01 00:00:00+00:00
[2025-11-09T20:59:18.571+0000] {logging_mixin.py:190} INFO - [2025-11-09T20:59:18.571+0000] {dag.py:4180} INFO - Setting next_dagrun for example_subdag_operator.section-1 to None, run_after=None
[2025-11-09T20:59:18.575+0000] {logging_mixin.py:190} INFO - [2025-11-09T20:59:18.574+0000] {dag.py:4180} INFO - Setting next_dagrun for example_subdag_operator.section-2 to None, run_after=None
[2025-11-09T20:59:18.590+0000] {logging_mixin.py:190} INFO - [2025-11-09T20:59:18.589+0000] {dag.py:3239} INFO - Sync 2 DAGs
[2025-11-09T20:59:18.600+0000] {logging_mixin.py:190} INFO - [2025-11-09T20:59:18.600+0000] {dag.py:4180} INFO - Setting next_dagrun for example_subdag_operator.section-1 to None, run_after=None
[2025-11-09T20:59:18.601+0000] {logging_mixin.py:190} INFO - [2025-11-09T20:59:18.601+0000] {dag.py:4180} INFO - Setting next_dagrun for example_subdag_operator.section-2 to None, run_after=None
[2025-11-09T20:59:18.621+0000] {processor.py:208} INFO - Processing /home/airflow/.local/lib/python3.12/site-packages/airflow/example_dags/example_subdag_operator.py took 0.229 seconds
[2025-11-09T20:59:49.321+0000] {processor.py:186} INFO - Started process (PID=4084) to work on /home/airflow/.local/lib/python3.12/site-packages/airflow/example_dags/example_subdag_operator.py
[2025-11-09T20:59:49.324+0000] {processor.py:914} INFO - Processing file /home/airflow/.local/lib/python3.12/site-packages/airflow/example_dags/example_subdag_operator.py for tasks to queue
[2025-11-09T20:59:49.331+0000] {logging_mixin.py:190} INFO - [2025-11-09T20:59:49.330+0000] {dagbag.py:588} INFO - Filling up the DagBag from /home/airflow/.local/lib/python3.12/site-packages/airflow/example_dags/example_subdag_operator.py
[2025-11-09T20:59:49.402+0000] {processor.py:925} INFO - DAG(s) 'example_subdag_operator.section-1', 'example_subdag_operator.section-2', 'example_subdag_operator' retrieved from /home/airflow/.local/lib/python3.12/site-packages/airflow/example_dags/example_subdag_operator.py
[2025-11-09T20:59:49.442+0000] {logging_mixin.py:190} INFO - [2025-11-09T20:59:49.442+0000] {dag.py:3239} INFO - Sync 3 DAGs
[2025-11-09T20:59:49.503+0000] {logging_mixin.py:190} INFO - [2025-11-09T20:59:49.503+0000] {dag.py:4180} INFO - Setting next_dagrun for example_subdag_operator to 2022-01-01 00:00:00+00:00, run_after=2022-01-01 00:00:00+00:00
[2025-11-09T20:59:49.511+0000] {logging_mixin.py:190} INFO - [2025-11-09T20:59:49.511+0000] {dag.py:4180} INFO - Setting next_dagrun for example_subdag_operator.section-1 to None, run_after=None
[2025-11-09T20:59:49.515+0000] {logging_mixin.py:190} INFO - [2025-11-09T20:59:49.515+0000] {dag.py:4180} INFO - Setting next_dagrun for example_subdag_operator.section-2 to None, run_after=None
[2025-11-09T20:59:49.534+0000] {logging_mixin.py:190} INFO - [2025-11-09T20:59:49.534+0000] {dag.py:3239} INFO - Sync 2 DAGs
[2025-11-09T20:59:49.550+0000] {logging_mixin.py:190} INFO - [2025-11-09T20:59:49.549+0000] {dag.py:4180} INFO - Setting next_dagrun for example_subdag_operator.section-1 to None, run_after=None
[2025-11-09T20:59:49.551+0000] {logging_mixin.py:190} INFO - [2025-11-09T20:59:49.551+0000] {dag.py:4180} INFO - Setting next_dagrun for example_subdag_operator.section-2 to None, run_after=None
[2025-11-09T20:59:49.581+0000] {processor.py:208} INFO - Processing /home/airflow/.local/lib/python3.12/site-packages/airflow/example_dags/example_subdag_operator.py took 0.276 seconds
[2025-11-09T21:00:19.737+0000] {processor.py:186} INFO - Started process (PID=4147) to work on /home/airflow/.local/lib/python3.12/site-packages/airflow/example_dags/example_subdag_operator.py
[2025-11-09T21:00:19.740+0000] {processor.py:914} INFO - Processing file /home/airflow/.local/lib/python3.12/site-packages/airflow/example_dags/example_subdag_operator.py for tasks to queue
[2025-11-09T21:00:19.744+0000] {logging_mixin.py:190} INFO - [2025-11-09T21:00:19.744+0000] {dagbag.py:588} INFO - Filling up the DagBag from /home/airflow/.local/lib/python3.12/site-packages/airflow/example_dags/example_subdag_operator.py
[2025-11-09T21:00:19.796+0000] {processor.py:925} INFO - DAG(s) 'example_subdag_operator.section-1', 'example_subdag_operator.section-2', 'example_subdag_operator' retrieved from /home/airflow/.local/lib/python3.12/site-packages/airflow/example_dags/example_subdag_operator.py
[2025-11-09T21:00:19.824+0000] {logging_mixin.py:190} INFO - [2025-11-09T21:00:19.824+0000] {dag.py:3239} INFO - Sync 3 DAGs
[2025-11-09T21:00:19.872+0000] {logging_mixin.py:190} INFO - [2025-11-09T21:00:19.871+0000] {dag.py:4180} INFO - Setting next_dagrun for example_subdag_operator to 2022-01-01 00:00:00+00:00, run_after=2022-01-01 00:00:00+00:00
[2025-11-09T21:00:19.881+0000] {logging_mixin.py:190} INFO - [2025-11-09T21:00:19.880+0000] {dag.py:4180} INFO - Setting next_dagrun for example_subdag_operator.section-1 to None, run_after=None
[2025-11-09T21:00:19.884+0000] {logging_mixin.py:190} INFO - [2025-11-09T21:00:19.884+0000] {dag.py:4180} INFO - Setting next_dagrun for example_subdag_operator.section-2 to None, run_after=None
[2025-11-09T21:00:19.900+0000] {logging_mixin.py:190} INFO - [2025-11-09T21:00:19.900+0000] {dag.py:3239} INFO - Sync 2 DAGs
[2025-11-09T21:00:19.914+0000] {logging_mixin.py:190} INFO - [2025-11-09T21:00:19.913+0000] {dag.py:4180} INFO - Setting next_dagrun for example_subdag_operator.section-1 to None, run_after=None
[2025-11-09T21:00:19.915+0000] {logging_mixin.py:190} INFO - [2025-11-09T21:00:19.915+0000] {dag.py:4180} INFO - Setting next_dagrun for example_subdag_operator.section-2 to None, run_after=None
[2025-11-09T21:00:19.937+0000] {processor.py:208} INFO - Processing /home/airflow/.local/lib/python3.12/site-packages/airflow/example_dags/example_subdag_operator.py took 0.212 seconds
[2025-11-09T21:00:50.663+0000] {processor.py:186} INFO - Started process (PID=4215) to work on /home/airflow/.local/lib/python3.12/site-packages/airflow/example_dags/example_subdag_operator.py
[2025-11-09T21:00:50.666+0000] {processor.py:914} INFO - Processing file /home/airflow/.local/lib/python3.12/site-packages/airflow/example_dags/example_subdag_operator.py for tasks to queue
[2025-11-09T21:00:50.675+0000] {logging_mixin.py:190} INFO - [2025-11-09T21:00:50.674+0000] {dagbag.py:588} INFO - Filling up the DagBag from /home/airflow/.local/lib/python3.12/site-packages/airflow/example_dags/example_subdag_operator.py
[2025-11-09T21:00:50.793+0000] {processor.py:925} INFO - DAG(s) 'example_subdag_operator.section-1', 'example_subdag_operator.section-2', 'example_subdag_operator' retrieved from /home/airflow/.local/lib/python3.12/site-packages/airflow/example_dags/example_subdag_operator.py
[2025-11-09T21:00:50.858+0000] {logging_mixin.py:190} INFO - [2025-11-09T21:00:50.857+0000] {dag.py:3239} INFO - Sync 3 DAGs
[2025-11-09T21:00:50.965+0000] {logging_mixin.py:190} INFO - [2025-11-09T21:00:50.965+0000] {dag.py:4180} INFO - Setting next_dagrun for example_subdag_operator to 2022-01-01 00:00:00+00:00, run_after=2022-01-01 00:00:00+00:00
[2025-11-09T21:00:50.980+0000] {logging_mixin.py:190} INFO - [2025-11-09T21:00:50.979+0000] {dag.py:4180} INFO - Setting next_dagrun for example_subdag_operator.section-1 to None, run_after=None
[2025-11-09T21:00:50.985+0000] {logging_mixin.py:190} INFO - [2025-11-09T21:00:50.985+0000] {dag.py:4180} INFO - Setting next_dagrun for example_subdag_operator.section-2 to None, run_after=None
[2025-11-09T21:00:51.014+0000] {logging_mixin.py:190} INFO - [2025-11-09T21:00:51.013+0000] {dag.py:3239} INFO - Sync 2 DAGs
[2025-11-09T21:00:51.037+0000] {logging_mixin.py:190} INFO - [2025-11-09T21:00:51.036+0000] {dag.py:4180} INFO - Setting next_dagrun for example_subdag_operator.section-1 to None, run_after=None
[2025-11-09T21:00:51.039+0000] {logging_mixin.py:190} INFO - [2025-11-09T21:00:51.039+0000] {dag.py:4180} INFO - Setting next_dagrun for example_subdag_operator.section-2 to None, run_after=None
[2025-11-09T21:00:51.106+0000] {processor.py:208} INFO - Processing /home/airflow/.local/lib/python3.12/site-packages/airflow/example_dags/example_subdag_operator.py took 0.468 seconds
[2025-11-09T21:01:21.793+0000] {processor.py:186} INFO - Started process (PID=4278) to work on /home/airflow/.local/lib/python3.12/site-packages/airflow/example_dags/example_subdag_operator.py
[2025-11-09T21:01:21.795+0000] {processor.py:914} INFO - Processing file /home/airflow/.local/lib/python3.12/site-packages/airflow/example_dags/example_subdag_operator.py for tasks to queue
[2025-11-09T21:01:21.800+0000] {logging_mixin.py:190} INFO - [2025-11-09T21:01:21.799+0000] {dagbag.py:588} INFO - Filling up the DagBag from /home/airflow/.local/lib/python3.12/site-packages/airflow/example_dags/example_subdag_operator.py
[2025-11-09T21:01:21.850+0000] {processor.py:925} INFO - DAG(s) 'example_subdag_operator.section-1', 'example_subdag_operator.section-2', 'example_subdag_operator' retrieved from /home/airflow/.local/lib/python3.12/site-packages/airflow/example_dags/example_subdag_operator.py
[2025-11-09T21:01:21.875+0000] {logging_mixin.py:190} INFO - [2025-11-09T21:01:21.875+0000] {dag.py:3239} INFO - Sync 3 DAGs
[2025-11-09T21:01:21.916+0000] {logging_mixin.py:190} INFO - [2025-11-09T21:01:21.916+0000] {dag.py:4180} INFO - Setting next_dagrun for example_subdag_operator to 2022-01-01 00:00:00+00:00, run_after=2022-01-01 00:00:00+00:00
[2025-11-09T21:01:21.923+0000] {logging_mixin.py:190} INFO - [2025-11-09T21:01:21.922+0000] {dag.py:4180} INFO - Setting next_dagrun for example_subdag_operator.section-1 to None, run_after=None
[2025-11-09T21:01:21.926+0000] {logging_mixin.py:190} INFO - [2025-11-09T21:01:21.926+0000] {dag.py:4180} INFO - Setting next_dagrun for example_subdag_operator.section-2 to None, run_after=None
[2025-11-09T21:01:21.939+0000] {logging_mixin.py:190} INFO - [2025-11-09T21:01:21.939+0000] {dag.py:3239} INFO - Sync 2 DAGs
[2025-11-09T21:01:21.951+0000] {logging_mixin.py:190} INFO - [2025-11-09T21:01:21.951+0000] {dag.py:4180} INFO - Setting next_dagrun for example_subdag_operator.section-1 to None, run_after=None
[2025-11-09T21:01:21.952+0000] {logging_mixin.py:190} INFO - [2025-11-09T21:01:21.952+0000] {dag.py:4180} INFO - Setting next_dagrun for example_subdag_operator.section-2 to None, run_after=None
[2025-11-09T21:01:21.971+0000] {processor.py:208} INFO - Processing /home/airflow/.local/lib/python3.12/site-packages/airflow/example_dags/example_subdag_operator.py took 0.189 seconds
[2025-11-09T21:01:52.354+0000] {processor.py:186} INFO - Started process (PID=4342) to work on /home/airflow/.local/lib/python3.12/site-packages/airflow/example_dags/example_subdag_operator.py
[2025-11-09T21:01:52.356+0000] {processor.py:914} INFO - Processing file /home/airflow/.local/lib/python3.12/site-packages/airflow/example_dags/example_subdag_operator.py for tasks to queue
[2025-11-09T21:01:52.361+0000] {logging_mixin.py:190} INFO - [2025-11-09T21:01:52.361+0000] {dagbag.py:588} INFO - Filling up the DagBag from /home/airflow/.local/lib/python3.12/site-packages/airflow/example_dags/example_subdag_operator.py
[2025-11-09T21:01:52.410+0000] {processor.py:925} INFO - DAG(s) 'example_subdag_operator.section-1', 'example_subdag_operator.section-2', 'example_subdag_operator' retrieved from /home/airflow/.local/lib/python3.12/site-packages/airflow/example_dags/example_subdag_operator.py
[2025-11-09T21:01:52.437+0000] {logging_mixin.py:190} INFO - [2025-11-09T21:01:52.436+0000] {dag.py:3239} INFO - Sync 3 DAGs
[2025-11-09T21:01:52.477+0000] {logging_mixin.py:190} INFO - [2025-11-09T21:01:52.477+0000] {dag.py:4180} INFO - Setting next_dagrun for example_subdag_operator to 2022-01-01 00:00:00+00:00, run_after=2022-01-01 00:00:00+00:00
[2025-11-09T21:01:52.484+0000] {logging_mixin.py:190} INFO - [2025-11-09T21:01:52.484+0000] {dag.py:4180} INFO - Setting next_dagrun for example_subdag_operator.section-1 to None, run_after=None
[2025-11-09T21:01:52.487+0000] {logging_mixin.py:190} INFO - [2025-11-09T21:01:52.486+0000] {dag.py:4180} INFO - Setting next_dagrun for example_subdag_operator.section-2 to None, run_after=None
[2025-11-09T21:01:52.500+0000] {logging_mixin.py:190} INFO - [2025-11-09T21:01:52.499+0000] {dag.py:3239} INFO - Sync 2 DAGs
[2025-11-09T21:01:52.509+0000] {logging_mixin.py:190} INFO - [2025-11-09T21:01:52.509+0000] {dag.py:4180} INFO - Setting next_dagrun for example_subdag_operator.section-1 to None, run_after=None
[2025-11-09T21:01:52.510+0000] {logging_mixin.py:190} INFO - [2025-11-09T21:01:52.510+0000] {dag.py:4180} INFO - Setting next_dagrun for example_subdag_operator.section-2 to None, run_after=None
[2025-11-09T21:01:52.530+0000] {processor.py:208} INFO - Processing /home/airflow/.local/lib/python3.12/site-packages/airflow/example_dags/example_subdag_operator.py took 0.189 seconds
[2025-11-09T21:02:23.461+0000] {processor.py:186} INFO - Started process (PID=4407) to work on /home/airflow/.local/lib/python3.12/site-packages/airflow/example_dags/example_subdag_operator.py
[2025-11-09T21:02:23.464+0000] {processor.py:914} INFO - Processing file /home/airflow/.local/lib/python3.12/site-packages/airflow/example_dags/example_subdag_operator.py for tasks to queue
[2025-11-09T21:02:23.470+0000] {logging_mixin.py:190} INFO - [2025-11-09T21:02:23.470+0000] {dagbag.py:588} INFO - Filling up the DagBag from /home/airflow/.local/lib/python3.12/site-packages/airflow/example_dags/example_subdag_operator.py
[2025-11-09T21:02:23.535+0000] {processor.py:925} INFO - DAG(s) 'example_subdag_operator.section-1', 'example_subdag_operator.section-2', 'example_subdag_operator' retrieved from /home/airflow/.local/lib/python3.12/site-packages/airflow/example_dags/example_subdag_operator.py
[2025-11-09T21:02:23.565+0000] {logging_mixin.py:190} INFO - [2025-11-09T21:02:23.565+0000] {dag.py:3239} INFO - Sync 3 DAGs
[2025-11-09T21:02:23.617+0000] {logging_mixin.py:190} INFO - [2025-11-09T21:02:23.616+0000] {dag.py:4180} INFO - Setting next_dagrun for example_subdag_operator to 2022-01-01 00:00:00+00:00, run_after=2022-01-01 00:00:00+00:00
[2025-11-09T21:02:23.625+0000] {logging_mixin.py:190} INFO - [2025-11-09T21:02:23.625+0000] {dag.py:4180} INFO - Setting next_dagrun for example_subdag_operator.section-1 to None, run_after=None
[2025-11-09T21:02:23.628+0000] {logging_mixin.py:190} INFO - [2025-11-09T21:02:23.628+0000] {dag.py:4180} INFO - Setting next_dagrun for example_subdag_operator.section-2 to None, run_after=None
[2025-11-09T21:02:23.643+0000] {logging_mixin.py:190} INFO - [2025-11-09T21:02:23.643+0000] {dag.py:3239} INFO - Sync 2 DAGs
[2025-11-09T21:02:23.655+0000] {logging_mixin.py:190} INFO - [2025-11-09T21:02:23.655+0000] {dag.py:4180} INFO - Setting next_dagrun for example_subdag_operator.section-1 to None, run_after=None
[2025-11-09T21:02:23.656+0000] {logging_mixin.py:190} INFO - [2025-11-09T21:02:23.656+0000] {dag.py:4180} INFO - Setting next_dagrun for example_subdag_operator.section-2 to None, run_after=None
[2025-11-09T21:02:23.681+0000] {processor.py:208} INFO - Processing /home/airflow/.local/lib/python3.12/site-packages/airflow/example_dags/example_subdag_operator.py took 0.232 seconds
[2025-11-09T21:02:54.083+0000] {processor.py:186} INFO - Started process (PID=4471) to work on /home/airflow/.local/lib/python3.12/site-packages/airflow/example_dags/example_subdag_operator.py
[2025-11-09T21:02:54.085+0000] {processor.py:914} INFO - Processing file /home/airflow/.local/lib/python3.12/site-packages/airflow/example_dags/example_subdag_operator.py for tasks to queue
[2025-11-09T21:02:54.090+0000] {logging_mixin.py:190} INFO - [2025-11-09T21:02:54.090+0000] {dagbag.py:588} INFO - Filling up the DagBag from /home/airflow/.local/lib/python3.12/site-packages/airflow/example_dags/example_subdag_operator.py
[2025-11-09T21:02:54.138+0000] {processor.py:925} INFO - DAG(s) 'example_subdag_operator.section-1', 'example_subdag_operator.section-2', 'example_subdag_operator' retrieved from /home/airflow/.local/lib/python3.12/site-packages/airflow/example_dags/example_subdag_operator.py
[2025-11-09T21:02:54.162+0000] {logging_mixin.py:190} INFO - [2025-11-09T21:02:54.161+0000] {dag.py:3239} INFO - Sync 3 DAGs
[2025-11-09T21:02:54.206+0000] {logging_mixin.py:190} INFO - [2025-11-09T21:02:54.205+0000] {dag.py:4180} INFO - Setting next_dagrun for example_subdag_operator to 2022-01-01 00:00:00+00:00, run_after=2022-01-01 00:00:00+00:00
[2025-11-09T21:02:54.213+0000] {logging_mixin.py:190} INFO - [2025-11-09T21:02:54.213+0000] {dag.py:4180} INFO - Setting next_dagrun for example_subdag_operator.section-1 to None, run_after=None
[2025-11-09T21:02:54.216+0000] {logging_mixin.py:190} INFO - [2025-11-09T21:02:54.215+0000] {dag.py:4180} INFO - Setting next_dagrun for example_subdag_operator.section-2 to None, run_after=None
[2025-11-09T21:02:54.230+0000] {logging_mixin.py:190} INFO - [2025-11-09T21:02:54.229+0000] {dag.py:3239} INFO - Sync 2 DAGs
[2025-11-09T21:02:54.240+0000] {logging_mixin.py:190} INFO - [2025-11-09T21:02:54.240+0000] {dag.py:4180} INFO - Setting next_dagrun for example_subdag_operator.section-1 to None, run_after=None
[2025-11-09T21:02:54.241+0000] {logging_mixin.py:190} INFO - [2025-11-09T21:02:54.241+0000] {dag.py:4180} INFO - Setting next_dagrun for example_subdag_operator.section-2 to None, run_after=None
[2025-11-09T21:02:54.267+0000] {processor.py:208} INFO - Processing /home/airflow/.local/lib/python3.12/site-packages/airflow/example_dags/example_subdag_operator.py took 0.195 seconds
[2025-11-09T21:03:24.678+0000] {processor.py:186} INFO - Started process (PID=4535) to work on /home/airflow/.local/lib/python3.12/site-packages/airflow/example_dags/example_subdag_operator.py
[2025-11-09T21:03:24.680+0000] {processor.py:914} INFO - Processing file /home/airflow/.local/lib/python3.12/site-packages/airflow/example_dags/example_subdag_operator.py for tasks to queue
[2025-11-09T21:03:24.685+0000] {logging_mixin.py:190} INFO - [2025-11-09T21:03:24.685+0000] {dagbag.py:588} INFO - Filling up the DagBag from /home/airflow/.local/lib/python3.12/site-packages/airflow/example_dags/example_subdag_operator.py
[2025-11-09T21:03:24.733+0000] {processor.py:925} INFO - DAG(s) 'example_subdag_operator.section-1', 'example_subdag_operator.section-2', 'example_subdag_operator' retrieved from /home/airflow/.local/lib/python3.12/site-packages/airflow/example_dags/example_subdag_operator.py
[2025-11-09T21:03:24.756+0000] {logging_mixin.py:190} INFO - [2025-11-09T21:03:24.755+0000] {dag.py:3239} INFO - Sync 3 DAGs
[2025-11-09T21:03:24.796+0000] {logging_mixin.py:190} INFO - [2025-11-09T21:03:24.796+0000] {dag.py:4180} INFO - Setting next_dagrun for example_subdag_operator to 2022-01-01 00:00:00+00:00, run_after=2022-01-01 00:00:00+00:00
[2025-11-09T21:03:24.804+0000] {logging_mixin.py:190} INFO - [2025-11-09T21:03:24.803+0000] {dag.py:4180} INFO - Setting next_dagrun for example_subdag_operator.section-1 to None, run_after=None
[2025-11-09T21:03:24.807+0000] {logging_mixin.py:190} INFO - [2025-11-09T21:03:24.806+0000] {dag.py:4180} INFO - Setting next_dagrun for example_subdag_operator.section-2 to None, run_after=None
[2025-11-09T21:03:24.819+0000] {logging_mixin.py:190} INFO - [2025-11-09T21:03:24.819+0000] {dag.py:3239} INFO - Sync 2 DAGs
[2025-11-09T21:03:24.829+0000] {logging_mixin.py:190} INFO - [2025-11-09T21:03:24.828+0000] {dag.py:4180} INFO - Setting next_dagrun for example_subdag_operator.section-1 to None, run_after=None
[2025-11-09T21:03:24.830+0000] {logging_mixin.py:190} INFO - [2025-11-09T21:03:24.830+0000] {dag.py:4180} INFO - Setting next_dagrun for example_subdag_operator.section-2 to None, run_after=None
[2025-11-09T21:03:24.848+0000] {processor.py:208} INFO - Processing /home/airflow/.local/lib/python3.12/site-packages/airflow/example_dags/example_subdag_operator.py took 0.182 seconds
[2025-11-09T21:03:54.925+0000] {processor.py:186} INFO - Started process (PID=4599) to work on /home/airflow/.local/lib/python3.12/site-packages/airflow/example_dags/example_subdag_operator.py
[2025-11-09T21:03:54.927+0000] {processor.py:914} INFO - Processing file /home/airflow/.local/lib/python3.12/site-packages/airflow/example_dags/example_subdag_operator.py for tasks to queue
[2025-11-09T21:03:54.932+0000] {logging_mixin.py:190} INFO - [2025-11-09T21:03:54.931+0000] {dagbag.py:588} INFO - Filling up the DagBag from /home/airflow/.local/lib/python3.12/site-packages/airflow/example_dags/example_subdag_operator.py
[2025-11-09T21:03:54.977+0000] {processor.py:925} INFO - DAG(s) 'example_subdag_operator.section-1', 'example_subdag_operator.section-2', 'example_subdag_operator' retrieved from /home/airflow/.local/lib/python3.12/site-packages/airflow/example_dags/example_subdag_operator.py
[2025-11-09T21:03:54.998+0000] {logging_mixin.py:190} INFO - [2025-11-09T21:03:54.998+0000] {dag.py:3239} INFO - Sync 3 DAGs
[2025-11-09T21:03:55.032+0000] {logging_mixin.py:190} INFO - [2025-11-09T21:03:55.031+0000] {dag.py:4180} INFO - Setting next_dagrun for example_subdag_operator to 2022-01-01 00:00:00+00:00, run_after=2022-01-01 00:00:00+00:00
[2025-11-09T21:03:55.038+0000] {logging_mixin.py:190} INFO - [2025-11-09T21:03:55.038+0000] {dag.py:4180} INFO - Setting next_dagrun for example_subdag_operator.section-1 to None, run_after=None
[2025-11-09T21:03:55.041+0000] {logging_mixin.py:190} INFO - [2025-11-09T21:03:55.041+0000] {dag.py:4180} INFO - Setting next_dagrun for example_subdag_operator.section-2 to None, run_after=None
[2025-11-09T21:03:55.055+0000] {logging_mixin.py:190} INFO - [2025-11-09T21:03:55.054+0000] {dag.py:3239} INFO - Sync 2 DAGs
[2025-11-09T21:03:55.064+0000] {logging_mixin.py:190} INFO - [2025-11-09T21:03:55.064+0000] {dag.py:4180} INFO - Setting next_dagrun for example_subdag_operator.section-1 to None, run_after=None
[2025-11-09T21:03:55.065+0000] {logging_mixin.py:190} INFO - [2025-11-09T21:03:55.065+0000] {dag.py:4180} INFO - Setting next_dagrun for example_subdag_operator.section-2 to None, run_after=None
[2025-11-09T21:03:55.082+0000] {processor.py:208} INFO - Processing /home/airflow/.local/lib/python3.12/site-packages/airflow/example_dags/example_subdag_operator.py took 0.170 seconds
[2025-11-09T21:04:25.308+0000] {processor.py:186} INFO - Started process (PID=4663) to work on /home/airflow/.local/lib/python3.12/site-packages/airflow/example_dags/example_subdag_operator.py
[2025-11-09T21:04:25.310+0000] {processor.py:914} INFO - Processing file /home/airflow/.local/lib/python3.12/site-packages/airflow/example_dags/example_subdag_operator.py for tasks to queue
[2025-11-09T21:04:25.316+0000] {logging_mixin.py:190} INFO - [2025-11-09T21:04:25.315+0000] {dagbag.py:588} INFO - Filling up the DagBag from /home/airflow/.local/lib/python3.12/site-packages/airflow/example_dags/example_subdag_operator.py
[2025-11-09T21:04:25.364+0000] {processor.py:925} INFO - DAG(s) 'example_subdag_operator.section-1', 'example_subdag_operator.section-2', 'example_subdag_operator' retrieved from /home/airflow/.local/lib/python3.12/site-packages/airflow/example_dags/example_subdag_operator.py
[2025-11-09T21:04:25.388+0000] {logging_mixin.py:190} INFO - [2025-11-09T21:04:25.387+0000] {dag.py:3239} INFO - Sync 3 DAGs
[2025-11-09T21:04:25.432+0000] {logging_mixin.py:190} INFO - [2025-11-09T21:04:25.432+0000] {dag.py:4180} INFO - Setting next_dagrun for example_subdag_operator to 2022-01-01 00:00:00+00:00, run_after=2022-01-01 00:00:00+00:00
[2025-11-09T21:04:25.440+0000] {logging_mixin.py:190} INFO - [2025-11-09T21:04:25.440+0000] {dag.py:4180} INFO - Setting next_dagrun for example_subdag_operator.section-1 to None, run_after=None
[2025-11-09T21:04:25.443+0000] {logging_mixin.py:190} INFO - [2025-11-09T21:04:25.443+0000] {dag.py:4180} INFO - Setting next_dagrun for example_subdag_operator.section-2 to None, run_after=None
[2025-11-09T21:04:25.457+0000] {logging_mixin.py:190} INFO - [2025-11-09T21:04:25.457+0000] {dag.py:3239} INFO - Sync 2 DAGs
[2025-11-09T21:04:25.469+0000] {logging_mixin.py:190} INFO - [2025-11-09T21:04:25.468+0000] {dag.py:4180} INFO - Setting next_dagrun for example_subdag_operator.section-1 to None, run_after=None
[2025-11-09T21:04:25.470+0000] {logging_mixin.py:190} INFO - [2025-11-09T21:04:25.470+0000] {dag.py:4180} INFO - Setting next_dagrun for example_subdag_operator.section-2 to None, run_after=None
[2025-11-09T21:04:25.491+0000] {processor.py:208} INFO - Processing /home/airflow/.local/lib/python3.12/site-packages/airflow/example_dags/example_subdag_operator.py took 0.193 seconds
[2025-11-09T21:04:56.261+0000] {processor.py:186} INFO - Started process (PID=4726) to work on /home/airflow/.local/lib/python3.12/site-packages/airflow/example_dags/example_subdag_operator.py
[2025-11-09T21:04:56.264+0000] {processor.py:914} INFO - Processing file /home/airflow/.local/lib/python3.12/site-packages/airflow/example_dags/example_subdag_operator.py for tasks to queue
[2025-11-09T21:04:56.273+0000] {logging_mixin.py:190} INFO - [2025-11-09T21:04:56.270+0000] {dagbag.py:588} INFO - Filling up the DagBag from /home/airflow/.local/lib/python3.12/site-packages/airflow/example_dags/example_subdag_operator.py
[2025-11-09T21:04:56.330+0000] {processor.py:925} INFO - DAG(s) 'example_subdag_operator.section-1', 'example_subdag_operator.section-2', 'example_subdag_operator' retrieved from /home/airflow/.local/lib/python3.12/site-packages/airflow/example_dags/example_subdag_operator.py
[2025-11-09T21:04:56.358+0000] {logging_mixin.py:190} INFO - [2025-11-09T21:04:56.358+0000] {dag.py:3239} INFO - Sync 3 DAGs
[2025-11-09T21:04:56.399+0000] {logging_mixin.py:190} INFO - [2025-11-09T21:04:56.398+0000] {dag.py:4180} INFO - Setting next_dagrun for example_subdag_operator to 2022-01-01 00:00:00+00:00, run_after=2022-01-01 00:00:00+00:00
[2025-11-09T21:04:56.405+0000] {logging_mixin.py:190} INFO - [2025-11-09T21:04:56.405+0000] {dag.py:4180} INFO - Setting next_dagrun for example_subdag_operator.section-1 to None, run_after=None
[2025-11-09T21:04:56.408+0000] {logging_mixin.py:190} INFO - [2025-11-09T21:04:56.408+0000] {dag.py:4180} INFO - Setting next_dagrun for example_subdag_operator.section-2 to None, run_after=None
[2025-11-09T21:04:56.420+0000] {logging_mixin.py:190} INFO - [2025-11-09T21:04:56.419+0000] {dag.py:3239} INFO - Sync 2 DAGs
[2025-11-09T21:04:56.429+0000] {logging_mixin.py:190} INFO - [2025-11-09T21:04:56.428+0000] {dag.py:4180} INFO - Setting next_dagrun for example_subdag_operator.section-1 to None, run_after=None
[2025-11-09T21:04:56.430+0000] {logging_mixin.py:190} INFO - [2025-11-09T21:04:56.429+0000] {dag.py:4180} INFO - Setting next_dagrun for example_subdag_operator.section-2 to None, run_after=None
[2025-11-09T21:04:56.451+0000] {processor.py:208} INFO - Processing /home/airflow/.local/lib/python3.12/site-packages/airflow/example_dags/example_subdag_operator.py took 0.203 seconds
[2025-11-09T21:08:20.656+0000] {processor.py:186} INFO - Started process (PID=133) to work on /home/airflow/.local/lib/python3.12/site-packages/airflow/example_dags/example_subdag_operator.py
[2025-11-09T21:08:20.662+0000] {processor.py:914} INFO - Processing file /home/airflow/.local/lib/python3.12/site-packages/airflow/example_dags/example_subdag_operator.py for tasks to queue
[2025-11-09T21:08:20.672+0000] {logging_mixin.py:190} INFO - [2025-11-09T21:08:20.671+0000] {dagbag.py:588} INFO - Filling up the DagBag from /home/airflow/.local/lib/python3.12/site-packages/airflow/example_dags/example_subdag_operator.py
[2025-11-09T21:08:20.838+0000] {processor.py:925} INFO - DAG(s) 'example_subdag_operator.section-1', 'example_subdag_operator.section-2', 'example_subdag_operator' retrieved from /home/airflow/.local/lib/python3.12/site-packages/airflow/example_dags/example_subdag_operator.py
[2025-11-09T21:08:20.906+0000] {logging_mixin.py:190} INFO - [2025-11-09T21:08:20.905+0000] {dag.py:3239} INFO - Sync 3 DAGs
[2025-11-09T21:08:20.997+0000] {logging_mixin.py:190} INFO - [2025-11-09T21:08:20.996+0000] {dag.py:4180} INFO - Setting next_dagrun for example_subdag_operator to 2022-01-01 00:00:00+00:00, run_after=2022-01-01 00:00:00+00:00
[2025-11-09T21:08:21.010+0000] {logging_mixin.py:190} INFO - [2025-11-09T21:08:21.010+0000] {dag.py:4180} INFO - Setting next_dagrun for example_subdag_operator.section-1 to None, run_after=None
[2025-11-09T21:08:21.016+0000] {logging_mixin.py:190} INFO - [2025-11-09T21:08:21.016+0000] {dag.py:4180} INFO - Setting next_dagrun for example_subdag_operator.section-2 to None, run_after=None
[2025-11-09T21:08:21.041+0000] {logging_mixin.py:190} INFO - [2025-11-09T21:08:21.040+0000] {dag.py:3239} INFO - Sync 2 DAGs
[2025-11-09T21:08:21.060+0000] {logging_mixin.py:190} INFO - [2025-11-09T21:08:21.059+0000] {dag.py:4180} INFO - Setting next_dagrun for example_subdag_operator.section-1 to None, run_after=None
[2025-11-09T21:08:21.062+0000] {logging_mixin.py:190} INFO - [2025-11-09T21:08:21.062+0000] {dag.py:4180} INFO - Setting next_dagrun for example_subdag_operator.section-2 to None, run_after=None
[2025-11-09T21:08:21.094+0000] {processor.py:208} INFO - Processing /home/airflow/.local/lib/python3.12/site-packages/airflow/example_dags/example_subdag_operator.py took 0.479 seconds
[2025-11-09T21:08:51.605+0000] {processor.py:186} INFO - Started process (PID=196) to work on /home/airflow/.local/lib/python3.12/site-packages/airflow/example_dags/example_subdag_operator.py
[2025-11-09T21:08:51.613+0000] {processor.py:914} INFO - Processing file /home/airflow/.local/lib/python3.12/site-packages/airflow/example_dags/example_subdag_operator.py for tasks to queue
[2025-11-09T21:08:51.627+0000] {logging_mixin.py:190} INFO - [2025-11-09T21:08:51.626+0000] {dagbag.py:588} INFO - Filling up the DagBag from /home/airflow/.local/lib/python3.12/site-packages/airflow/example_dags/example_subdag_operator.py
[2025-11-09T21:08:51.709+0000] {processor.py:925} INFO - DAG(s) 'example_subdag_operator.section-1', 'example_subdag_operator.section-2', 'example_subdag_operator' retrieved from /home/airflow/.local/lib/python3.12/site-packages/airflow/example_dags/example_subdag_operator.py
[2025-11-09T21:08:51.741+0000] {logging_mixin.py:190} INFO - [2025-11-09T21:08:51.740+0000] {dag.py:3239} INFO - Sync 3 DAGs
[2025-11-09T21:08:51.800+0000] {logging_mixin.py:190} INFO - [2025-11-09T21:08:51.800+0000] {dag.py:4180} INFO - Setting next_dagrun for example_subdag_operator to 2022-01-01 00:00:00+00:00, run_after=2022-01-01 00:00:00+00:00
[2025-11-09T21:08:51.809+0000] {logging_mixin.py:190} INFO - [2025-11-09T21:08:51.809+0000] {dag.py:4180} INFO - Setting next_dagrun for example_subdag_operator.section-1 to None, run_after=None
[2025-11-09T21:08:51.813+0000] {logging_mixin.py:190} INFO - [2025-11-09T21:08:51.812+0000] {dag.py:4180} INFO - Setting next_dagrun for example_subdag_operator.section-2 to None, run_after=None
[2025-11-09T21:08:51.830+0000] {logging_mixin.py:190} INFO - [2025-11-09T21:08:51.829+0000] {dag.py:3239} INFO - Sync 2 DAGs
[2025-11-09T21:08:51.842+0000] {logging_mixin.py:190} INFO - [2025-11-09T21:08:51.842+0000] {dag.py:4180} INFO - Setting next_dagrun for example_subdag_operator.section-1 to None, run_after=None
[2025-11-09T21:08:51.844+0000] {logging_mixin.py:190} INFO - [2025-11-09T21:08:51.844+0000] {dag.py:4180} INFO - Setting next_dagrun for example_subdag_operator.section-2 to None, run_after=None
[2025-11-09T21:08:51.866+0000] {processor.py:208} INFO - Processing /home/airflow/.local/lib/python3.12/site-packages/airflow/example_dags/example_subdag_operator.py took 0.286 seconds
[2025-11-09T21:09:22.162+0000] {processor.py:186} INFO - Started process (PID=261) to work on /home/airflow/.local/lib/python3.12/site-packages/airflow/example_dags/example_subdag_operator.py
[2025-11-09T21:09:22.164+0000] {processor.py:914} INFO - Processing file /home/airflow/.local/lib/python3.12/site-packages/airflow/example_dags/example_subdag_operator.py for tasks to queue
[2025-11-09T21:09:22.169+0000] {logging_mixin.py:190} INFO - [2025-11-09T21:09:22.168+0000] {dagbag.py:588} INFO - Filling up the DagBag from /home/airflow/.local/lib/python3.12/site-packages/airflow/example_dags/example_subdag_operator.py
[2025-11-09T21:09:22.230+0000] {processor.py:925} INFO - DAG(s) 'example_subdag_operator.section-1', 'example_subdag_operator.section-2', 'example_subdag_operator' retrieved from /home/airflow/.local/lib/python3.12/site-packages/airflow/example_dags/example_subdag_operator.py
[2025-11-09T21:09:22.270+0000] {logging_mixin.py:190} INFO - [2025-11-09T21:09:22.270+0000] {dag.py:3239} INFO - Sync 3 DAGs
[2025-11-09T21:09:22.317+0000] {logging_mixin.py:190} INFO - [2025-11-09T21:09:22.317+0000] {dag.py:4180} INFO - Setting next_dagrun for example_subdag_operator to 2022-01-01 00:00:00+00:00, run_after=2022-01-01 00:00:00+00:00
[2025-11-09T21:09:22.325+0000] {logging_mixin.py:190} INFO - [2025-11-09T21:09:22.325+0000] {dag.py:4180} INFO - Setting next_dagrun for example_subdag_operator.section-1 to None, run_after=None
[2025-11-09T21:09:22.329+0000] {logging_mixin.py:190} INFO - [2025-11-09T21:09:22.329+0000] {dag.py:4180} INFO - Setting next_dagrun for example_subdag_operator.section-2 to None, run_after=None
[2025-11-09T21:09:22.343+0000] {logging_mixin.py:190} INFO - [2025-11-09T21:09:22.343+0000] {dag.py:3239} INFO - Sync 2 DAGs
[2025-11-09T21:09:22.355+0000] {logging_mixin.py:190} INFO - [2025-11-09T21:09:22.355+0000] {dag.py:4180} INFO - Setting next_dagrun for example_subdag_operator.section-1 to None, run_after=None
[2025-11-09T21:09:22.357+0000] {logging_mixin.py:190} INFO - [2025-11-09T21:09:22.356+0000] {dag.py:4180} INFO - Setting next_dagrun for example_subdag_operator.section-2 to None, run_after=None
[2025-11-09T21:09:22.381+0000] {processor.py:208} INFO - Processing /home/airflow/.local/lib/python3.12/site-packages/airflow/example_dags/example_subdag_operator.py took 0.233 seconds
[2025-11-09T21:09:55.975+0000] {processor.py:186} INFO - Started process (PID=325) to work on /home/airflow/.local/lib/python3.12/site-packages/airflow/example_dags/example_subdag_operator.py
[2025-11-09T21:09:55.978+0000] {processor.py:914} INFO - Processing file /home/airflow/.local/lib/python3.12/site-packages/airflow/example_dags/example_subdag_operator.py for tasks to queue
[2025-11-09T21:09:55.986+0000] {logging_mixin.py:190} INFO - [2025-11-09T21:09:55.985+0000] {dagbag.py:588} INFO - Filling up the DagBag from /home/airflow/.local/lib/python3.12/site-packages/airflow/example_dags/example_subdag_operator.py
[2025-11-09T21:09:56.063+0000] {processor.py:925} INFO - DAG(s) 'example_subdag_operator.section-1', 'example_subdag_operator.section-2', 'example_subdag_operator' retrieved from /home/airflow/.local/lib/python3.12/site-packages/airflow/example_dags/example_subdag_operator.py
[2025-11-09T21:09:56.106+0000] {logging_mixin.py:190} INFO - [2025-11-09T21:09:56.106+0000] {dag.py:3239} INFO - Sync 3 DAGs
[2025-11-09T21:09:56.174+0000] {logging_mixin.py:190} INFO - [2025-11-09T21:09:56.174+0000] {dag.py:4180} INFO - Setting next_dagrun for example_subdag_operator to 2022-01-01 00:00:00+00:00, run_after=2022-01-01 00:00:00+00:00
[2025-11-09T21:09:56.185+0000] {logging_mixin.py:190} INFO - [2025-11-09T21:09:56.184+0000] {dag.py:4180} INFO - Setting next_dagrun for example_subdag_operator.section-1 to None, run_after=None
[2025-11-09T21:09:56.190+0000] {logging_mixin.py:190} INFO - [2025-11-09T21:09:56.189+0000] {dag.py:4180} INFO - Setting next_dagrun for example_subdag_operator.section-2 to None, run_after=None
[2025-11-09T21:09:56.212+0000] {logging_mixin.py:190} INFO - [2025-11-09T21:09:56.211+0000] {dag.py:3239} INFO - Sync 2 DAGs
[2025-11-09T21:09:56.236+0000] {logging_mixin.py:190} INFO - [2025-11-09T21:09:56.235+0000] {dag.py:4180} INFO - Setting next_dagrun for example_subdag_operator.section-1 to None, run_after=None
[2025-11-09T21:09:56.239+0000] {logging_mixin.py:190} INFO - [2025-11-09T21:09:56.238+0000] {dag.py:4180} INFO - Setting next_dagrun for example_subdag_operator.section-2 to None, run_after=None
[2025-11-09T21:09:56.270+0000] {processor.py:208} INFO - Processing /home/airflow/.local/lib/python3.12/site-packages/airflow/example_dags/example_subdag_operator.py took 0.322 seconds
[2025-11-09T21:10:26.595+0000] {processor.py:186} INFO - Started process (PID=389) to work on /home/airflow/.local/lib/python3.12/site-packages/airflow/example_dags/example_subdag_operator.py
[2025-11-09T21:10:26.601+0000] {processor.py:914} INFO - Processing file /home/airflow/.local/lib/python3.12/site-packages/airflow/example_dags/example_subdag_operator.py for tasks to queue
[2025-11-09T21:10:26.620+0000] {logging_mixin.py:190} INFO - [2025-11-09T21:10:26.619+0000] {dagbag.py:588} INFO - Filling up the DagBag from /home/airflow/.local/lib/python3.12/site-packages/airflow/example_dags/example_subdag_operator.py
[2025-11-09T21:10:26.733+0000] {processor.py:925} INFO - DAG(s) 'example_subdag_operator.section-1', 'example_subdag_operator.section-2', 'example_subdag_operator' retrieved from /home/airflow/.local/lib/python3.12/site-packages/airflow/example_dags/example_subdag_operator.py
[2025-11-09T21:10:26.822+0000] {logging_mixin.py:190} INFO - [2025-11-09T21:10:26.821+0000] {dag.py:3239} INFO - Sync 3 DAGs
[2025-11-09T21:10:26.915+0000] {logging_mixin.py:190} INFO - [2025-11-09T21:10:26.914+0000] {dag.py:4180} INFO - Setting next_dagrun for example_subdag_operator to 2022-01-01 00:00:00+00:00, run_after=2022-01-01 00:00:00+00:00
[2025-11-09T21:10:26.930+0000] {logging_mixin.py:190} INFO - [2025-11-09T21:10:26.930+0000] {dag.py:4180} INFO - Setting next_dagrun for example_subdag_operator.section-1 to None, run_after=None
[2025-11-09T21:10:26.936+0000] {logging_mixin.py:190} INFO - [2025-11-09T21:10:26.935+0000] {dag.py:4180} INFO - Setting next_dagrun for example_subdag_operator.section-2 to None, run_after=None
[2025-11-09T21:10:26.962+0000] {logging_mixin.py:190} INFO - [2025-11-09T21:10:26.961+0000] {dag.py:3239} INFO - Sync 2 DAGs
[2025-11-09T21:10:26.990+0000] {logging_mixin.py:190} INFO - [2025-11-09T21:10:26.989+0000] {dag.py:4180} INFO - Setting next_dagrun for example_subdag_operator.section-1 to None, run_after=None
[2025-11-09T21:10:26.993+0000] {logging_mixin.py:190} INFO - [2025-11-09T21:10:26.992+0000] {dag.py:4180} INFO - Setting next_dagrun for example_subdag_operator.section-2 to None, run_after=None
[2025-11-09T21:10:27.037+0000] {processor.py:208} INFO - Processing /home/airflow/.local/lib/python3.12/site-packages/airflow/example_dags/example_subdag_operator.py took 0.481 seconds
[2025-11-09T21:10:57.404+0000] {processor.py:186} INFO - Started process (PID=453) to work on /home/airflow/.local/lib/python3.12/site-packages/airflow/example_dags/example_subdag_operator.py
[2025-11-09T21:10:57.406+0000] {processor.py:914} INFO - Processing file /home/airflow/.local/lib/python3.12/site-packages/airflow/example_dags/example_subdag_operator.py for tasks to queue
[2025-11-09T21:10:57.411+0000] {logging_mixin.py:190} INFO - [2025-11-09T21:10:57.411+0000] {dagbag.py:588} INFO - Filling up the DagBag from /home/airflow/.local/lib/python3.12/site-packages/airflow/example_dags/example_subdag_operator.py
[2025-11-09T21:10:57.456+0000] {processor.py:925} INFO - DAG(s) 'example_subdag_operator.section-1', 'example_subdag_operator.section-2', 'example_subdag_operator' retrieved from /home/airflow/.local/lib/python3.12/site-packages/airflow/example_dags/example_subdag_operator.py
[2025-11-09T21:10:57.484+0000] {logging_mixin.py:190} INFO - [2025-11-09T21:10:57.483+0000] {dag.py:3239} INFO - Sync 3 DAGs
[2025-11-09T21:10:57.526+0000] {logging_mixin.py:190} INFO - [2025-11-09T21:10:57.525+0000] {dag.py:4180} INFO - Setting next_dagrun for example_subdag_operator to 2022-01-01 00:00:00+00:00, run_after=2022-01-01 00:00:00+00:00
[2025-11-09T21:10:57.531+0000] {logging_mixin.py:190} INFO - [2025-11-09T21:10:57.531+0000] {dag.py:4180} INFO - Setting next_dagrun for example_subdag_operator.section-1 to None, run_after=None
[2025-11-09T21:10:57.534+0000] {logging_mixin.py:190} INFO - [2025-11-09T21:10:57.534+0000] {dag.py:4180} INFO - Setting next_dagrun for example_subdag_operator.section-2 to None, run_after=None
[2025-11-09T21:10:57.545+0000] {logging_mixin.py:190} INFO - [2025-11-09T21:10:57.545+0000] {dag.py:3239} INFO - Sync 2 DAGs
[2025-11-09T21:10:57.555+0000] {logging_mixin.py:190} INFO - [2025-11-09T21:10:57.555+0000] {dag.py:4180} INFO - Setting next_dagrun for example_subdag_operator.section-1 to None, run_after=None
[2025-11-09T21:10:57.556+0000] {logging_mixin.py:190} INFO - [2025-11-09T21:10:57.556+0000] {dag.py:4180} INFO - Setting next_dagrun for example_subdag_operator.section-2 to None, run_after=None
[2025-11-09T21:10:57.573+0000] {processor.py:208} INFO - Processing /home/airflow/.local/lib/python3.12/site-packages/airflow/example_dags/example_subdag_operator.py took 0.181 seconds
[2025-11-09T21:11:27.691+0000] {processor.py:186} INFO - Started process (PID=517) to work on /home/airflow/.local/lib/python3.12/site-packages/airflow/example_dags/example_subdag_operator.py
[2025-11-09T21:11:27.693+0000] {processor.py:914} INFO - Processing file /home/airflow/.local/lib/python3.12/site-packages/airflow/example_dags/example_subdag_operator.py for tasks to queue
[2025-11-09T21:11:27.705+0000] {logging_mixin.py:190} INFO - [2025-11-09T21:11:27.704+0000] {dagbag.py:588} INFO - Filling up the DagBag from /home/airflow/.local/lib/python3.12/site-packages/airflow/example_dags/example_subdag_operator.py
[2025-11-09T21:11:27.761+0000] {processor.py:925} INFO - DAG(s) 'example_subdag_operator.section-1', 'example_subdag_operator.section-2', 'example_subdag_operator' retrieved from /home/airflow/.local/lib/python3.12/site-packages/airflow/example_dags/example_subdag_operator.py
[2025-11-09T21:11:27.794+0000] {logging_mixin.py:190} INFO - [2025-11-09T21:11:27.793+0000] {dag.py:3239} INFO - Sync 3 DAGs
[2025-11-09T21:11:27.840+0000] {logging_mixin.py:190} INFO - [2025-11-09T21:11:27.840+0000] {dag.py:4180} INFO - Setting next_dagrun for example_subdag_operator to 2022-01-01 00:00:00+00:00, run_after=2022-01-01 00:00:00+00:00
[2025-11-09T21:11:27.848+0000] {logging_mixin.py:190} INFO - [2025-11-09T21:11:27.848+0000] {dag.py:4180} INFO - Setting next_dagrun for example_subdag_operator.section-1 to None, run_after=None
[2025-11-09T21:11:27.851+0000] {logging_mixin.py:190} INFO - [2025-11-09T21:11:27.851+0000] {dag.py:4180} INFO - Setting next_dagrun for example_subdag_operator.section-2 to None, run_after=None
[2025-11-09T21:11:27.865+0000] {logging_mixin.py:190} INFO - [2025-11-09T21:11:27.865+0000] {dag.py:3239} INFO - Sync 2 DAGs
[2025-11-09T21:11:27.877+0000] {logging_mixin.py:190} INFO - [2025-11-09T21:11:27.877+0000] {dag.py:4180} INFO - Setting next_dagrun for example_subdag_operator.section-1 to None, run_after=None
[2025-11-09T21:11:27.878+0000] {logging_mixin.py:190} INFO - [2025-11-09T21:11:27.878+0000] {dag.py:4180} INFO - Setting next_dagrun for example_subdag_operator.section-2 to None, run_after=None
[2025-11-09T21:11:27.897+0000] {processor.py:208} INFO - Processing /home/airflow/.local/lib/python3.12/site-packages/airflow/example_dags/example_subdag_operator.py took 0.219 seconds
[2025-11-09T21:11:57.982+0000] {processor.py:186} INFO - Started process (PID=580) to work on /home/airflow/.local/lib/python3.12/site-packages/airflow/example_dags/example_subdag_operator.py
[2025-11-09T21:11:57.984+0000] {processor.py:914} INFO - Processing file /home/airflow/.local/lib/python3.12/site-packages/airflow/example_dags/example_subdag_operator.py for tasks to queue
[2025-11-09T21:11:57.988+0000] {logging_mixin.py:190} INFO - [2025-11-09T21:11:57.987+0000] {dagbag.py:588} INFO - Filling up the DagBag from /home/airflow/.local/lib/python3.12/site-packages/airflow/example_dags/example_subdag_operator.py
[2025-11-09T21:11:58.034+0000] {processor.py:925} INFO - DAG(s) 'example_subdag_operator.section-1', 'example_subdag_operator.section-2', 'example_subdag_operator' retrieved from /home/airflow/.local/lib/python3.12/site-packages/airflow/example_dags/example_subdag_operator.py
[2025-11-09T21:11:58.063+0000] {logging_mixin.py:190} INFO - [2025-11-09T21:11:58.062+0000] {dag.py:3239} INFO - Sync 3 DAGs
[2025-11-09T21:11:58.109+0000] {logging_mixin.py:190} INFO - [2025-11-09T21:11:58.109+0000] {dag.py:4180} INFO - Setting next_dagrun for example_subdag_operator to 2022-01-01 00:00:00+00:00, run_after=2022-01-01 00:00:00+00:00
[2025-11-09T21:11:58.116+0000] {logging_mixin.py:190} INFO - [2025-11-09T21:11:58.116+0000] {dag.py:4180} INFO - Setting next_dagrun for example_subdag_operator.section-1 to None, run_after=None
[2025-11-09T21:11:58.120+0000] {logging_mixin.py:190} INFO - [2025-11-09T21:11:58.119+0000] {dag.py:4180} INFO - Setting next_dagrun for example_subdag_operator.section-2 to None, run_after=None
[2025-11-09T21:11:58.134+0000] {logging_mixin.py:190} INFO - [2025-11-09T21:11:58.134+0000] {dag.py:3239} INFO - Sync 2 DAGs
[2025-11-09T21:11:58.148+0000] {logging_mixin.py:190} INFO - [2025-11-09T21:11:58.147+0000] {dag.py:4180} INFO - Setting next_dagrun for example_subdag_operator.section-1 to None, run_after=None
[2025-11-09T21:11:58.150+0000] {logging_mixin.py:190} INFO - [2025-11-09T21:11:58.149+0000] {dag.py:4180} INFO - Setting next_dagrun for example_subdag_operator.section-2 to None, run_after=None
[2025-11-09T21:11:58.172+0000] {processor.py:208} INFO - Processing /home/airflow/.local/lib/python3.12/site-packages/airflow/example_dags/example_subdag_operator.py took 0.199 seconds
[2025-11-09T21:12:28.776+0000] {processor.py:186} INFO - Started process (PID=644) to work on /home/airflow/.local/lib/python3.12/site-packages/airflow/example_dags/example_subdag_operator.py
[2025-11-09T21:12:28.782+0000] {processor.py:914} INFO - Processing file /home/airflow/.local/lib/python3.12/site-packages/airflow/example_dags/example_subdag_operator.py for tasks to queue
[2025-11-09T21:12:28.801+0000] {logging_mixin.py:190} INFO - [2025-11-09T21:12:28.800+0000] {dagbag.py:588} INFO - Filling up the DagBag from /home/airflow/.local/lib/python3.12/site-packages/airflow/example_dags/example_subdag_operator.py
[2025-11-09T21:12:28.972+0000] {processor.py:925} INFO - DAG(s) 'example_subdag_operator.section-1', 'example_subdag_operator.section-2', 'example_subdag_operator' retrieved from /home/airflow/.local/lib/python3.12/site-packages/airflow/example_dags/example_subdag_operator.py
[2025-11-09T21:12:29.056+0000] {logging_mixin.py:190} INFO - [2025-11-09T21:12:29.055+0000] {dag.py:3239} INFO - Sync 3 DAGs
[2025-11-09T21:12:29.182+0000] {logging_mixin.py:190} INFO - [2025-11-09T21:12:29.182+0000] {dag.py:4180} INFO - Setting next_dagrun for example_subdag_operator to 2022-01-01 00:00:00+00:00, run_after=2022-01-01 00:00:00+00:00
[2025-11-09T21:12:29.206+0000] {logging_mixin.py:190} INFO - [2025-11-09T21:12:29.205+0000] {dag.py:4180} INFO - Setting next_dagrun for example_subdag_operator.section-1 to None, run_after=None
[2025-11-09T21:12:29.217+0000] {logging_mixin.py:190} INFO - [2025-11-09T21:12:29.216+0000] {dag.py:4180} INFO - Setting next_dagrun for example_subdag_operator.section-2 to None, run_after=None
[2025-11-09T21:12:29.258+0000] {logging_mixin.py:190} INFO - [2025-11-09T21:12:29.257+0000] {dag.py:3239} INFO - Sync 2 DAGs
[2025-11-09T21:12:29.284+0000] {logging_mixin.py:190} INFO - [2025-11-09T21:12:29.283+0000] {dag.py:4180} INFO - Setting next_dagrun for example_subdag_operator.section-1 to None, run_after=None
[2025-11-09T21:12:29.287+0000] {logging_mixin.py:190} INFO - [2025-11-09T21:12:29.286+0000] {dag.py:4180} INFO - Setting next_dagrun for example_subdag_operator.section-2 to None, run_after=None
[2025-11-09T21:12:29.334+0000] {processor.py:208} INFO - Processing /home/airflow/.local/lib/python3.12/site-packages/airflow/example_dags/example_subdag_operator.py took 0.586 seconds
[2025-11-09T21:12:59.677+0000] {processor.py:186} INFO - Started process (PID=708) to work on /home/airflow/.local/lib/python3.12/site-packages/airflow/example_dags/example_subdag_operator.py
[2025-11-09T21:12:59.680+0000] {processor.py:914} INFO - Processing file /home/airflow/.local/lib/python3.12/site-packages/airflow/example_dags/example_subdag_operator.py for tasks to queue
[2025-11-09T21:12:59.686+0000] {logging_mixin.py:190} INFO - [2025-11-09T21:12:59.685+0000] {dagbag.py:588} INFO - Filling up the DagBag from /home/airflow/.local/lib/python3.12/site-packages/airflow/example_dags/example_subdag_operator.py
[2025-11-09T21:12:59.745+0000] {processor.py:925} INFO - DAG(s) 'example_subdag_operator.section-1', 'example_subdag_operator.section-2', 'example_subdag_operator' retrieved from /home/airflow/.local/lib/python3.12/site-packages/airflow/example_dags/example_subdag_operator.py
[2025-11-09T21:12:59.776+0000] {logging_mixin.py:190} INFO - [2025-11-09T21:12:59.775+0000] {dag.py:3239} INFO - Sync 3 DAGs
[2025-11-09T21:12:59.853+0000] {logging_mixin.py:190} INFO - [2025-11-09T21:12:59.852+0000] {dag.py:4180} INFO - Setting next_dagrun for example_subdag_operator to 2022-01-01 00:00:00+00:00, run_after=2022-01-01 00:00:00+00:00
[2025-11-09T21:12:59.870+0000] {logging_mixin.py:190} INFO - [2025-11-09T21:12:59.869+0000] {dag.py:4180} INFO - Setting next_dagrun for example_subdag_operator.section-1 to None, run_after=None
[2025-11-09T21:12:59.875+0000] {logging_mixin.py:190} INFO - [2025-11-09T21:12:59.874+0000] {dag.py:4180} INFO - Setting next_dagrun for example_subdag_operator.section-2 to None, run_after=None
[2025-11-09T21:12:59.902+0000] {logging_mixin.py:190} INFO - [2025-11-09T21:12:59.900+0000] {dag.py:3239} INFO - Sync 2 DAGs
[2025-11-09T21:12:59.928+0000] {logging_mixin.py:190} INFO - [2025-11-09T21:12:59.927+0000] {dag.py:4180} INFO - Setting next_dagrun for example_subdag_operator.section-1 to None, run_after=None
[2025-11-09T21:12:59.930+0000] {logging_mixin.py:190} INFO - [2025-11-09T21:12:59.929+0000] {dag.py:4180} INFO - Setting next_dagrun for example_subdag_operator.section-2 to None, run_after=None
[2025-11-09T21:12:59.969+0000] {processor.py:208} INFO - Processing /home/airflow/.local/lib/python3.12/site-packages/airflow/example_dags/example_subdag_operator.py took 0.302 seconds
[2025-11-09T21:13:30.175+0000] {processor.py:186} INFO - Started process (PID=772) to work on /home/airflow/.local/lib/python3.12/site-packages/airflow/example_dags/example_subdag_operator.py
[2025-11-09T21:13:30.178+0000] {processor.py:914} INFO - Processing file /home/airflow/.local/lib/python3.12/site-packages/airflow/example_dags/example_subdag_operator.py for tasks to queue
[2025-11-09T21:13:30.185+0000] {logging_mixin.py:190} INFO - [2025-11-09T21:13:30.183+0000] {dagbag.py:588} INFO - Filling up the DagBag from /home/airflow/.local/lib/python3.12/site-packages/airflow/example_dags/example_subdag_operator.py
[2025-11-09T21:13:30.301+0000] {processor.py:925} INFO - DAG(s) 'example_subdag_operator.section-1', 'example_subdag_operator.section-2', 'example_subdag_operator' retrieved from /home/airflow/.local/lib/python3.12/site-packages/airflow/example_dags/example_subdag_operator.py
[2025-11-09T21:13:30.385+0000] {logging_mixin.py:190} INFO - [2025-11-09T21:13:30.384+0000] {dag.py:3239} INFO - Sync 3 DAGs
[2025-11-09T21:13:30.528+0000] {logging_mixin.py:190} INFO - [2025-11-09T21:13:30.527+0000] {dag.py:4180} INFO - Setting next_dagrun for example_subdag_operator to 2022-01-01 00:00:00+00:00, run_after=2022-01-01 00:00:00+00:00
[2025-11-09T21:13:30.549+0000] {logging_mixin.py:190} INFO - [2025-11-09T21:13:30.547+0000] {dag.py:4180} INFO - Setting next_dagrun for example_subdag_operator.section-1 to None, run_after=None
[2025-11-09T21:13:30.558+0000] {logging_mixin.py:190} INFO - [2025-11-09T21:13:30.557+0000] {dag.py:4180} INFO - Setting next_dagrun for example_subdag_operator.section-2 to None, run_after=None
[2025-11-09T21:13:30.596+0000] {logging_mixin.py:190} INFO - [2025-11-09T21:13:30.595+0000] {dag.py:3239} INFO - Sync 2 DAGs
[2025-11-09T21:13:30.620+0000] {logging_mixin.py:190} INFO - [2025-11-09T21:13:30.619+0000] {dag.py:4180} INFO - Setting next_dagrun for example_subdag_operator.section-1 to None, run_after=None
[2025-11-09T21:13:30.622+0000] {logging_mixin.py:190} INFO - [2025-11-09T21:13:30.622+0000] {dag.py:4180} INFO - Setting next_dagrun for example_subdag_operator.section-2 to None, run_after=None
[2025-11-09T21:13:30.660+0000] {processor.py:208} INFO - Processing /home/airflow/.local/lib/python3.12/site-packages/airflow/example_dags/example_subdag_operator.py took 0.499 seconds
[2025-11-09T21:14:01.170+0000] {processor.py:186} INFO - Started process (PID=836) to work on /home/airflow/.local/lib/python3.12/site-packages/airflow/example_dags/example_subdag_operator.py
[2025-11-09T21:14:01.173+0000] {processor.py:914} INFO - Processing file /home/airflow/.local/lib/python3.12/site-packages/airflow/example_dags/example_subdag_operator.py for tasks to queue
[2025-11-09T21:14:01.179+0000] {logging_mixin.py:190} INFO - [2025-11-09T21:14:01.178+0000] {dagbag.py:588} INFO - Filling up the DagBag from /home/airflow/.local/lib/python3.12/site-packages/airflow/example_dags/example_subdag_operator.py
[2025-11-09T21:14:01.230+0000] {processor.py:925} INFO - DAG(s) 'example_subdag_operator.section-1', 'example_subdag_operator.section-2', 'example_subdag_operator' retrieved from /home/airflow/.local/lib/python3.12/site-packages/airflow/example_dags/example_subdag_operator.py
[2025-11-09T21:14:01.260+0000] {logging_mixin.py:190} INFO - [2025-11-09T21:14:01.259+0000] {dag.py:3239} INFO - Sync 3 DAGs
[2025-11-09T21:14:01.304+0000] {logging_mixin.py:190} INFO - [2025-11-09T21:14:01.304+0000] {dag.py:4180} INFO - Setting next_dagrun for example_subdag_operator to 2022-01-01 00:00:00+00:00, run_after=2022-01-01 00:00:00+00:00
[2025-11-09T21:14:01.311+0000] {logging_mixin.py:190} INFO - [2025-11-09T21:14:01.311+0000] {dag.py:4180} INFO - Setting next_dagrun for example_subdag_operator.section-1 to None, run_after=None
[2025-11-09T21:14:01.315+0000] {logging_mixin.py:190} INFO - [2025-11-09T21:14:01.314+0000] {dag.py:4180} INFO - Setting next_dagrun for example_subdag_operator.section-2 to None, run_after=None
[2025-11-09T21:14:01.328+0000] {logging_mixin.py:190} INFO - [2025-11-09T21:14:01.328+0000] {dag.py:3239} INFO - Sync 2 DAGs
[2025-11-09T21:14:01.339+0000] {logging_mixin.py:190} INFO - [2025-11-09T21:14:01.339+0000] {dag.py:4180} INFO - Setting next_dagrun for example_subdag_operator.section-1 to None, run_after=None
[2025-11-09T21:14:01.340+0000] {logging_mixin.py:190} INFO - [2025-11-09T21:14:01.340+0000] {dag.py:4180} INFO - Setting next_dagrun for example_subdag_operator.section-2 to None, run_after=None
[2025-11-09T21:14:01.359+0000] {processor.py:208} INFO - Processing /home/airflow/.local/lib/python3.12/site-packages/airflow/example_dags/example_subdag_operator.py took 0.202 seconds
[2025-11-09T21:14:32.309+0000] {processor.py:186} INFO - Started process (PID=900) to work on /home/airflow/.local/lib/python3.12/site-packages/airflow/example_dags/example_subdag_operator.py
[2025-11-09T21:14:32.313+0000] {processor.py:914} INFO - Processing file /home/airflow/.local/lib/python3.12/site-packages/airflow/example_dags/example_subdag_operator.py for tasks to queue
[2025-11-09T21:14:32.324+0000] {logging_mixin.py:190} INFO - [2025-11-09T21:14:32.322+0000] {dagbag.py:588} INFO - Filling up the DagBag from /home/airflow/.local/lib/python3.12/site-packages/airflow/example_dags/example_subdag_operator.py
[2025-11-09T21:14:32.444+0000] {processor.py:925} INFO - DAG(s) 'example_subdag_operator.section-1', 'example_subdag_operator.section-2', 'example_subdag_operator' retrieved from /home/airflow/.local/lib/python3.12/site-packages/airflow/example_dags/example_subdag_operator.py
[2025-11-09T21:14:32.535+0000] {logging_mixin.py:190} INFO - [2025-11-09T21:14:32.535+0000] {dag.py:3239} INFO - Sync 3 DAGs
[2025-11-09T21:14:32.621+0000] {logging_mixin.py:190} INFO - [2025-11-09T21:14:32.621+0000] {dag.py:4180} INFO - Setting next_dagrun for example_subdag_operator to 2022-01-01 00:00:00+00:00, run_after=2022-01-01 00:00:00+00:00
[2025-11-09T21:14:32.636+0000] {logging_mixin.py:190} INFO - [2025-11-09T21:14:32.635+0000] {dag.py:4180} INFO - Setting next_dagrun for example_subdag_operator.section-1 to None, run_after=None
[2025-11-09T21:14:32.649+0000] {logging_mixin.py:190} INFO - [2025-11-09T21:14:32.646+0000] {dag.py:4180} INFO - Setting next_dagrun for example_subdag_operator.section-2 to None, run_after=None
[2025-11-09T21:14:32.675+0000] {logging_mixin.py:190} INFO - [2025-11-09T21:14:32.675+0000] {dag.py:3239} INFO - Sync 2 DAGs
[2025-11-09T21:14:32.692+0000] {logging_mixin.py:190} INFO - [2025-11-09T21:14:32.691+0000] {dag.py:4180} INFO - Setting next_dagrun for example_subdag_operator.section-1 to None, run_after=None
[2025-11-09T21:14:32.693+0000] {logging_mixin.py:190} INFO - [2025-11-09T21:14:32.693+0000] {dag.py:4180} INFO - Setting next_dagrun for example_subdag_operator.section-2 to None, run_after=None
[2025-11-09T21:14:32.726+0000] {processor.py:208} INFO - Processing /home/airflow/.local/lib/python3.12/site-packages/airflow/example_dags/example_subdag_operator.py took 0.443 seconds
[2025-11-09T21:15:03.059+0000] {processor.py:186} INFO - Started process (PID=963) to work on /home/airflow/.local/lib/python3.12/site-packages/airflow/example_dags/example_subdag_operator.py
[2025-11-09T21:15:03.063+0000] {processor.py:914} INFO - Processing file /home/airflow/.local/lib/python3.12/site-packages/airflow/example_dags/example_subdag_operator.py for tasks to queue
[2025-11-09T21:15:03.073+0000] {logging_mixin.py:190} INFO - [2025-11-09T21:15:03.071+0000] {dagbag.py:588} INFO - Filling up the DagBag from /home/airflow/.local/lib/python3.12/site-packages/airflow/example_dags/example_subdag_operator.py
[2025-11-09T21:15:03.183+0000] {processor.py:925} INFO - DAG(s) 'example_subdag_operator.section-1', 'example_subdag_operator.section-2', 'example_subdag_operator' retrieved from /home/airflow/.local/lib/python3.12/site-packages/airflow/example_dags/example_subdag_operator.py
[2025-11-09T21:15:03.248+0000] {logging_mixin.py:190} INFO - [2025-11-09T21:15:03.247+0000] {dag.py:3239} INFO - Sync 3 DAGs
[2025-11-09T21:15:03.334+0000] {logging_mixin.py:190} INFO - [2025-11-09T21:15:03.332+0000] {dag.py:4180} INFO - Setting next_dagrun for example_subdag_operator to 2022-01-01 00:00:00+00:00, run_after=2022-01-01 00:00:00+00:00
[2025-11-09T21:15:03.345+0000] {logging_mixin.py:190} INFO - [2025-11-09T21:15:03.344+0000] {dag.py:4180} INFO - Setting next_dagrun for example_subdag_operator.section-1 to None, run_after=None
[2025-11-09T21:15:03.350+0000] {logging_mixin.py:190} INFO - [2025-11-09T21:15:03.349+0000] {dag.py:4180} INFO - Setting next_dagrun for example_subdag_operator.section-2 to None, run_after=None
[2025-11-09T21:15:03.379+0000] {logging_mixin.py:190} INFO - [2025-11-09T21:15:03.378+0000] {dag.py:3239} INFO - Sync 2 DAGs
[2025-11-09T21:15:03.396+0000] {logging_mixin.py:190} INFO - [2025-11-09T21:15:03.396+0000] {dag.py:4180} INFO - Setting next_dagrun for example_subdag_operator.section-1 to None, run_after=None
[2025-11-09T21:15:03.398+0000] {logging_mixin.py:190} INFO - [2025-11-09T21:15:03.398+0000] {dag.py:4180} INFO - Setting next_dagrun for example_subdag_operator.section-2 to None, run_after=None
[2025-11-09T21:15:03.436+0000] {processor.py:208} INFO - Processing /home/airflow/.local/lib/python3.12/site-packages/airflow/example_dags/example_subdag_operator.py took 0.399 seconds
[2025-11-09T21:15:33.617+0000] {processor.py:186} INFO - Started process (PID=1027) to work on /home/airflow/.local/lib/python3.12/site-packages/airflow/example_dags/example_subdag_operator.py
[2025-11-09T21:15:33.620+0000] {processor.py:914} INFO - Processing file /home/airflow/.local/lib/python3.12/site-packages/airflow/example_dags/example_subdag_operator.py for tasks to queue
[2025-11-09T21:15:33.626+0000] {logging_mixin.py:190} INFO - [2025-11-09T21:15:33.625+0000] {dagbag.py:588} INFO - Filling up the DagBag from /home/airflow/.local/lib/python3.12/site-packages/airflow/example_dags/example_subdag_operator.py
[2025-11-09T21:15:33.705+0000] {processor.py:925} INFO - DAG(s) 'example_subdag_operator.section-1', 'example_subdag_operator.section-2', 'example_subdag_operator' retrieved from /home/airflow/.local/lib/python3.12/site-packages/airflow/example_dags/example_subdag_operator.py
[2025-11-09T21:15:33.741+0000] {logging_mixin.py:190} INFO - [2025-11-09T21:15:33.741+0000] {dag.py:3239} INFO - Sync 3 DAGs
[2025-11-09T21:15:33.795+0000] {logging_mixin.py:190} INFO - [2025-11-09T21:15:33.795+0000] {dag.py:4180} INFO - Setting next_dagrun for example_subdag_operator to 2022-01-01 00:00:00+00:00, run_after=2022-01-01 00:00:00+00:00
[2025-11-09T21:15:33.803+0000] {logging_mixin.py:190} INFO - [2025-11-09T21:15:33.803+0000] {dag.py:4180} INFO - Setting next_dagrun for example_subdag_operator.section-1 to None, run_after=None
[2025-11-09T21:15:33.807+0000] {logging_mixin.py:190} INFO - [2025-11-09T21:15:33.807+0000] {dag.py:4180} INFO - Setting next_dagrun for example_subdag_operator.section-2 to None, run_after=None
[2025-11-09T21:15:33.822+0000] {logging_mixin.py:190} INFO - [2025-11-09T21:15:33.822+0000] {dag.py:3239} INFO - Sync 2 DAGs
[2025-11-09T21:15:33.835+0000] {logging_mixin.py:190} INFO - [2025-11-09T21:15:33.835+0000] {dag.py:4180} INFO - Setting next_dagrun for example_subdag_operator.section-1 to None, run_after=None
[2025-11-09T21:15:33.837+0000] {logging_mixin.py:190} INFO - [2025-11-09T21:15:33.836+0000] {dag.py:4180} INFO - Setting next_dagrun for example_subdag_operator.section-2 to None, run_after=None
[2025-11-09T21:15:33.860+0000] {processor.py:208} INFO - Processing /home/airflow/.local/lib/python3.12/site-packages/airflow/example_dags/example_subdag_operator.py took 0.262 seconds
[2025-11-09T21:16:04.492+0000] {processor.py:186} INFO - Started process (PID=1091) to work on /home/airflow/.local/lib/python3.12/site-packages/airflow/example_dags/example_subdag_operator.py
[2025-11-09T21:16:04.493+0000] {processor.py:914} INFO - Processing file /home/airflow/.local/lib/python3.12/site-packages/airflow/example_dags/example_subdag_operator.py for tasks to queue
[2025-11-09T21:16:04.499+0000] {logging_mixin.py:190} INFO - [2025-11-09T21:16:04.498+0000] {dagbag.py:588} INFO - Filling up the DagBag from /home/airflow/.local/lib/python3.12/site-packages/airflow/example_dags/example_subdag_operator.py
[2025-11-09T21:16:04.550+0000] {processor.py:925} INFO - DAG(s) 'example_subdag_operator.section-1', 'example_subdag_operator.section-2', 'example_subdag_operator' retrieved from /home/airflow/.local/lib/python3.12/site-packages/airflow/example_dags/example_subdag_operator.py
[2025-11-09T21:16:04.574+0000] {logging_mixin.py:190} INFO - [2025-11-09T21:16:04.574+0000] {dag.py:3239} INFO - Sync 3 DAGs
[2025-11-09T21:16:04.613+0000] {logging_mixin.py:190} INFO - [2025-11-09T21:16:04.613+0000] {dag.py:4180} INFO - Setting next_dagrun for example_subdag_operator to 2022-01-01 00:00:00+00:00, run_after=2022-01-01 00:00:00+00:00
[2025-11-09T21:16:04.620+0000] {logging_mixin.py:190} INFO - [2025-11-09T21:16:04.619+0000] {dag.py:4180} INFO - Setting next_dagrun for example_subdag_operator.section-1 to None, run_after=None
[2025-11-09T21:16:04.622+0000] {logging_mixin.py:190} INFO - [2025-11-09T21:16:04.622+0000] {dag.py:4180} INFO - Setting next_dagrun for example_subdag_operator.section-2 to None, run_after=None
[2025-11-09T21:16:04.638+0000] {logging_mixin.py:190} INFO - [2025-11-09T21:16:04.637+0000] {dag.py:3239} INFO - Sync 2 DAGs
[2025-11-09T21:16:04.648+0000] {logging_mixin.py:190} INFO - [2025-11-09T21:16:04.648+0000] {dag.py:4180} INFO - Setting next_dagrun for example_subdag_operator.section-1 to None, run_after=None
[2025-11-09T21:16:04.650+0000] {logging_mixin.py:190} INFO - [2025-11-09T21:16:04.649+0000] {dag.py:4180} INFO - Setting next_dagrun for example_subdag_operator.section-2 to None, run_after=None
[2025-11-09T21:16:04.670+0000] {processor.py:208} INFO - Processing /home/airflow/.local/lib/python3.12/site-packages/airflow/example_dags/example_subdag_operator.py took 0.188 seconds
[2025-11-09T21:16:35.170+0000] {processor.py:186} INFO - Started process (PID=1154) to work on /home/airflow/.local/lib/python3.12/site-packages/airflow/example_dags/example_subdag_operator.py
[2025-11-09T21:16:35.172+0000] {processor.py:914} INFO - Processing file /home/airflow/.local/lib/python3.12/site-packages/airflow/example_dags/example_subdag_operator.py for tasks to queue
[2025-11-09T21:16:35.176+0000] {logging_mixin.py:190} INFO - [2025-11-09T21:16:35.175+0000] {dagbag.py:588} INFO - Filling up the DagBag from /home/airflow/.local/lib/python3.12/site-packages/airflow/example_dags/example_subdag_operator.py
[2025-11-09T21:16:35.222+0000] {processor.py:925} INFO - DAG(s) 'example_subdag_operator.section-1', 'example_subdag_operator.section-2', 'example_subdag_operator' retrieved from /home/airflow/.local/lib/python3.12/site-packages/airflow/example_dags/example_subdag_operator.py
[2025-11-09T21:16:35.243+0000] {logging_mixin.py:190} INFO - [2025-11-09T21:16:35.243+0000] {dag.py:3239} INFO - Sync 3 DAGs
[2025-11-09T21:16:35.285+0000] {logging_mixin.py:190} INFO - [2025-11-09T21:16:35.284+0000] {dag.py:4180} INFO - Setting next_dagrun for example_subdag_operator to 2022-01-01 00:00:00+00:00, run_after=2022-01-01 00:00:00+00:00
[2025-11-09T21:16:35.290+0000] {logging_mixin.py:190} INFO - [2025-11-09T21:16:35.290+0000] {dag.py:4180} INFO - Setting next_dagrun for example_subdag_operator.section-1 to None, run_after=None
[2025-11-09T21:16:35.293+0000] {logging_mixin.py:190} INFO - [2025-11-09T21:16:35.293+0000] {dag.py:4180} INFO - Setting next_dagrun for example_subdag_operator.section-2 to None, run_after=None
[2025-11-09T21:16:35.306+0000] {logging_mixin.py:190} INFO - [2025-11-09T21:16:35.306+0000] {dag.py:3239} INFO - Sync 2 DAGs
[2025-11-09T21:16:35.317+0000] {logging_mixin.py:190} INFO - [2025-11-09T21:16:35.317+0000] {dag.py:4180} INFO - Setting next_dagrun for example_subdag_operator.section-1 to None, run_after=None
[2025-11-09T21:16:35.318+0000] {logging_mixin.py:190} INFO - [2025-11-09T21:16:35.318+0000] {dag.py:4180} INFO - Setting next_dagrun for example_subdag_operator.section-2 to None, run_after=None
[2025-11-09T21:16:35.337+0000] {processor.py:208} INFO - Processing /home/airflow/.local/lib/python3.12/site-packages/airflow/example_dags/example_subdag_operator.py took 0.177 seconds
[2025-11-09T21:17:05.612+0000] {processor.py:186} INFO - Started process (PID=1218) to work on /home/airflow/.local/lib/python3.12/site-packages/airflow/example_dags/example_subdag_operator.py
[2025-11-09T21:17:05.615+0000] {processor.py:914} INFO - Processing file /home/airflow/.local/lib/python3.12/site-packages/airflow/example_dags/example_subdag_operator.py for tasks to queue
[2025-11-09T21:17:05.621+0000] {logging_mixin.py:190} INFO - [2025-11-09T21:17:05.620+0000] {dagbag.py:588} INFO - Filling up the DagBag from /home/airflow/.local/lib/python3.12/site-packages/airflow/example_dags/example_subdag_operator.py
[2025-11-09T21:17:05.681+0000] {processor.py:925} INFO - DAG(s) 'example_subdag_operator.section-1', 'example_subdag_operator.section-2', 'example_subdag_operator' retrieved from /home/airflow/.local/lib/python3.12/site-packages/airflow/example_dags/example_subdag_operator.py
[2025-11-09T21:17:05.715+0000] {logging_mixin.py:190} INFO - [2025-11-09T21:17:05.714+0000] {dag.py:3239} INFO - Sync 3 DAGs
[2025-11-09T21:17:05.758+0000] {logging_mixin.py:190} INFO - [2025-11-09T21:17:05.758+0000] {dag.py:4180} INFO - Setting next_dagrun for example_subdag_operator to 2022-01-01 00:00:00+00:00, run_after=2022-01-01 00:00:00+00:00
[2025-11-09T21:17:05.766+0000] {logging_mixin.py:190} INFO - [2025-11-09T21:17:05.765+0000] {dag.py:4180} INFO - Setting next_dagrun for example_subdag_operator.section-1 to None, run_after=None
[2025-11-09T21:17:05.769+0000] {logging_mixin.py:190} INFO - [2025-11-09T21:17:05.768+0000] {dag.py:4180} INFO - Setting next_dagrun for example_subdag_operator.section-2 to None, run_after=None
[2025-11-09T21:17:05.782+0000] {logging_mixin.py:190} INFO - [2025-11-09T21:17:05.781+0000] {dag.py:3239} INFO - Sync 2 DAGs
[2025-11-09T21:17:05.792+0000] {logging_mixin.py:190} INFO - [2025-11-09T21:17:05.792+0000] {dag.py:4180} INFO - Setting next_dagrun for example_subdag_operator.section-1 to None, run_after=None
[2025-11-09T21:17:05.793+0000] {logging_mixin.py:190} INFO - [2025-11-09T21:17:05.793+0000] {dag.py:4180} INFO - Setting next_dagrun for example_subdag_operator.section-2 to None, run_after=None
[2025-11-09T21:17:05.814+0000] {processor.py:208} INFO - Processing /home/airflow/.local/lib/python3.12/site-packages/airflow/example_dags/example_subdag_operator.py took 0.215 seconds
[2025-11-09T21:17:36.326+0000] {processor.py:186} INFO - Started process (PID=1282) to work on /home/airflow/.local/lib/python3.12/site-packages/airflow/example_dags/example_subdag_operator.py
[2025-11-09T21:17:36.329+0000] {processor.py:914} INFO - Processing file /home/airflow/.local/lib/python3.12/site-packages/airflow/example_dags/example_subdag_operator.py for tasks to queue
[2025-11-09T21:17:36.334+0000] {logging_mixin.py:190} INFO - [2025-11-09T21:17:36.334+0000] {dagbag.py:588} INFO - Filling up the DagBag from /home/airflow/.local/lib/python3.12/site-packages/airflow/example_dags/example_subdag_operator.py
[2025-11-09T21:17:36.390+0000] {processor.py:925} INFO - DAG(s) 'example_subdag_operator.section-1', 'example_subdag_operator.section-2', 'example_subdag_operator' retrieved from /home/airflow/.local/lib/python3.12/site-packages/airflow/example_dags/example_subdag_operator.py
[2025-11-09T21:17:36.414+0000] {logging_mixin.py:190} INFO - [2025-11-09T21:17:36.414+0000] {dag.py:3239} INFO - Sync 3 DAGs
[2025-11-09T21:17:36.462+0000] {logging_mixin.py:190} INFO - [2025-11-09T21:17:36.461+0000] {dag.py:4180} INFO - Setting next_dagrun for example_subdag_operator to 2022-01-01 00:00:00+00:00, run_after=2022-01-01 00:00:00+00:00
[2025-11-09T21:17:36.468+0000] {logging_mixin.py:190} INFO - [2025-11-09T21:17:36.468+0000] {dag.py:4180} INFO - Setting next_dagrun for example_subdag_operator.section-1 to None, run_after=None
[2025-11-09T21:17:36.472+0000] {logging_mixin.py:190} INFO - [2025-11-09T21:17:36.472+0000] {dag.py:4180} INFO - Setting next_dagrun for example_subdag_operator.section-2 to None, run_after=None
[2025-11-09T21:17:36.485+0000] {logging_mixin.py:190} INFO - [2025-11-09T21:17:36.485+0000] {dag.py:3239} INFO - Sync 2 DAGs
[2025-11-09T21:17:36.496+0000] {logging_mixin.py:190} INFO - [2025-11-09T21:17:36.496+0000] {dag.py:4180} INFO - Setting next_dagrun for example_subdag_operator.section-1 to None, run_after=None
[2025-11-09T21:17:36.497+0000] {logging_mixin.py:190} INFO - [2025-11-09T21:17:36.497+0000] {dag.py:4180} INFO - Setting next_dagrun for example_subdag_operator.section-2 to None, run_after=None
[2025-11-09T21:17:36.518+0000] {processor.py:208} INFO - Processing /home/airflow/.local/lib/python3.12/site-packages/airflow/example_dags/example_subdag_operator.py took 0.202 seconds
[2025-11-09T21:18:07.035+0000] {processor.py:186} INFO - Started process (PID=1346) to work on /home/airflow/.local/lib/python3.12/site-packages/airflow/example_dags/example_subdag_operator.py
[2025-11-09T21:18:07.037+0000] {processor.py:914} INFO - Processing file /home/airflow/.local/lib/python3.12/site-packages/airflow/example_dags/example_subdag_operator.py for tasks to queue
[2025-11-09T21:18:07.042+0000] {logging_mixin.py:190} INFO - [2025-11-09T21:18:07.041+0000] {dagbag.py:588} INFO - Filling up the DagBag from /home/airflow/.local/lib/python3.12/site-packages/airflow/example_dags/example_subdag_operator.py
[2025-11-09T21:18:07.102+0000] {processor.py:925} INFO - DAG(s) 'example_subdag_operator.section-1', 'example_subdag_operator.section-2', 'example_subdag_operator' retrieved from /home/airflow/.local/lib/python3.12/site-packages/airflow/example_dags/example_subdag_operator.py
[2025-11-09T21:18:07.132+0000] {logging_mixin.py:190} INFO - [2025-11-09T21:18:07.132+0000] {dag.py:3239} INFO - Sync 3 DAGs
[2025-11-09T21:18:07.176+0000] {logging_mixin.py:190} INFO - [2025-11-09T21:18:07.175+0000] {dag.py:4180} INFO - Setting next_dagrun for example_subdag_operator to 2022-01-01 00:00:00+00:00, run_after=2022-01-01 00:00:00+00:00
[2025-11-09T21:18:07.182+0000] {logging_mixin.py:190} INFO - [2025-11-09T21:18:07.182+0000] {dag.py:4180} INFO - Setting next_dagrun for example_subdag_operator.section-1 to None, run_after=None
[2025-11-09T21:18:07.185+0000] {logging_mixin.py:190} INFO - [2025-11-09T21:18:07.185+0000] {dag.py:4180} INFO - Setting next_dagrun for example_subdag_operator.section-2 to None, run_after=None
[2025-11-09T21:18:07.201+0000] {logging_mixin.py:190} INFO - [2025-11-09T21:18:07.200+0000] {dag.py:3239} INFO - Sync 2 DAGs
[2025-11-09T21:18:07.216+0000] {logging_mixin.py:190} INFO - [2025-11-09T21:18:07.216+0000] {dag.py:4180} INFO - Setting next_dagrun for example_subdag_operator.section-1 to None, run_after=None
[2025-11-09T21:18:07.217+0000] {logging_mixin.py:190} INFO - [2025-11-09T21:18:07.217+0000] {dag.py:4180} INFO - Setting next_dagrun for example_subdag_operator.section-2 to None, run_after=None
[2025-11-09T21:18:07.238+0000] {processor.py:208} INFO - Processing /home/airflow/.local/lib/python3.12/site-packages/airflow/example_dags/example_subdag_operator.py took 0.215 seconds
[2025-11-09T21:18:37.734+0000] {processor.py:186} INFO - Started process (PID=1410) to work on /home/airflow/.local/lib/python3.12/site-packages/airflow/example_dags/example_subdag_operator.py
[2025-11-09T21:18:37.737+0000] {processor.py:914} INFO - Processing file /home/airflow/.local/lib/python3.12/site-packages/airflow/example_dags/example_subdag_operator.py for tasks to queue
[2025-11-09T21:18:37.747+0000] {logging_mixin.py:190} INFO - [2025-11-09T21:18:37.745+0000] {dagbag.py:588} INFO - Filling up the DagBag from /home/airflow/.local/lib/python3.12/site-packages/airflow/example_dags/example_subdag_operator.py
[2025-11-09T21:18:37.851+0000] {processor.py:925} INFO - DAG(s) 'example_subdag_operator.section-1', 'example_subdag_operator.section-2', 'example_subdag_operator' retrieved from /home/airflow/.local/lib/python3.12/site-packages/airflow/example_dags/example_subdag_operator.py
[2025-11-09T21:18:37.903+0000] {logging_mixin.py:190} INFO - [2025-11-09T21:18:37.903+0000] {dag.py:3239} INFO - Sync 3 DAGs
[2025-11-09T21:18:37.977+0000] {logging_mixin.py:190} INFO - [2025-11-09T21:18:37.976+0000] {dag.py:4180} INFO - Setting next_dagrun for example_subdag_operator to 2022-01-01 00:00:00+00:00, run_after=2022-01-01 00:00:00+00:00
[2025-11-09T21:18:37.990+0000] {logging_mixin.py:190} INFO - [2025-11-09T21:18:37.989+0000] {dag.py:4180} INFO - Setting next_dagrun for example_subdag_operator.section-1 to None, run_after=None
[2025-11-09T21:18:37.996+0000] {logging_mixin.py:190} INFO - [2025-11-09T21:18:37.995+0000] {dag.py:4180} INFO - Setting next_dagrun for example_subdag_operator.section-2 to None, run_after=None
[2025-11-09T21:18:38.020+0000] {logging_mixin.py:190} INFO - [2025-11-09T21:18:38.019+0000] {dag.py:3239} INFO - Sync 2 DAGs
[2025-11-09T21:18:38.041+0000] {logging_mixin.py:190} INFO - [2025-11-09T21:18:38.041+0000] {dag.py:4180} INFO - Setting next_dagrun for example_subdag_operator.section-1 to None, run_after=None
[2025-11-09T21:18:38.043+0000] {logging_mixin.py:190} INFO - [2025-11-09T21:18:38.042+0000] {dag.py:4180} INFO - Setting next_dagrun for example_subdag_operator.section-2 to None, run_after=None
[2025-11-09T21:18:38.078+0000] {processor.py:208} INFO - Processing /home/airflow/.local/lib/python3.12/site-packages/airflow/example_dags/example_subdag_operator.py took 0.367 seconds
[2025-11-09T21:19:08.655+0000] {processor.py:186} INFO - Started process (PID=1473) to work on /home/airflow/.local/lib/python3.12/site-packages/airflow/example_dags/example_subdag_operator.py
[2025-11-09T21:19:08.660+0000] {processor.py:914} INFO - Processing file /home/airflow/.local/lib/python3.12/site-packages/airflow/example_dags/example_subdag_operator.py for tasks to queue
[2025-11-09T21:19:08.678+0000] {logging_mixin.py:190} INFO - [2025-11-09T21:19:08.677+0000] {dagbag.py:588} INFO - Filling up the DagBag from /home/airflow/.local/lib/python3.12/site-packages/airflow/example_dags/example_subdag_operator.py
[2025-11-09T21:19:08.783+0000] {processor.py:925} INFO - DAG(s) 'example_subdag_operator.section-1', 'example_subdag_operator.section-2', 'example_subdag_operator' retrieved from /home/airflow/.local/lib/python3.12/site-packages/airflow/example_dags/example_subdag_operator.py
[2025-11-09T21:19:08.837+0000] {logging_mixin.py:190} INFO - [2025-11-09T21:19:08.836+0000] {dag.py:3239} INFO - Sync 3 DAGs
[2025-11-09T21:19:08.911+0000] {logging_mixin.py:190} INFO - [2025-11-09T21:19:08.911+0000] {dag.py:4180} INFO - Setting next_dagrun for example_subdag_operator to 2022-01-01 00:00:00+00:00, run_after=2022-01-01 00:00:00+00:00
[2025-11-09T21:19:08.922+0000] {logging_mixin.py:190} INFO - [2025-11-09T21:19:08.922+0000] {dag.py:4180} INFO - Setting next_dagrun for example_subdag_operator.section-1 to None, run_after=None
[2025-11-09T21:19:08.927+0000] {logging_mixin.py:190} INFO - [2025-11-09T21:19:08.926+0000] {dag.py:4180} INFO - Setting next_dagrun for example_subdag_operator.section-2 to None, run_after=None
[2025-11-09T21:19:08.947+0000] {logging_mixin.py:190} INFO - [2025-11-09T21:19:08.946+0000] {dag.py:3239} INFO - Sync 2 DAGs
[2025-11-09T21:19:08.962+0000] {logging_mixin.py:190} INFO - [2025-11-09T21:19:08.961+0000] {dag.py:4180} INFO - Setting next_dagrun for example_subdag_operator.section-1 to None, run_after=None
[2025-11-09T21:19:08.963+0000] {logging_mixin.py:190} INFO - [2025-11-09T21:19:08.963+0000] {dag.py:4180} INFO - Setting next_dagrun for example_subdag_operator.section-2 to None, run_after=None
[2025-11-09T21:19:08.991+0000] {processor.py:208} INFO - Processing /home/airflow/.local/lib/python3.12/site-packages/airflow/example_dags/example_subdag_operator.py took 0.372 seconds
[2025-11-09T21:19:40.395+0000] {processor.py:186} INFO - Started process (PID=1537) to work on /home/airflow/.local/lib/python3.12/site-packages/airflow/example_dags/example_subdag_operator.py
[2025-11-09T21:19:40.398+0000] {processor.py:914} INFO - Processing file /home/airflow/.local/lib/python3.12/site-packages/airflow/example_dags/example_subdag_operator.py for tasks to queue
[2025-11-09T21:19:40.407+0000] {logging_mixin.py:190} INFO - [2025-11-09T21:19:40.406+0000] {dagbag.py:588} INFO - Filling up the DagBag from /home/airflow/.local/lib/python3.12/site-packages/airflow/example_dags/example_subdag_operator.py
[2025-11-09T21:19:40.501+0000] {processor.py:925} INFO - DAG(s) 'example_subdag_operator.section-1', 'example_subdag_operator.section-2', 'example_subdag_operator' retrieved from /home/airflow/.local/lib/python3.12/site-packages/airflow/example_dags/example_subdag_operator.py
[2025-11-09T21:19:40.547+0000] {logging_mixin.py:190} INFO - [2025-11-09T21:19:40.547+0000] {dag.py:3239} INFO - Sync 3 DAGs
[2025-11-09T21:19:40.609+0000] {logging_mixin.py:190} INFO - [2025-11-09T21:19:40.609+0000] {dag.py:4180} INFO - Setting next_dagrun for example_subdag_operator to 2022-01-01 00:00:00+00:00, run_after=2022-01-01 00:00:00+00:00
[2025-11-09T21:19:40.625+0000] {logging_mixin.py:190} INFO - [2025-11-09T21:19:40.624+0000] {dag.py:4180} INFO - Setting next_dagrun for example_subdag_operator.section-1 to None, run_after=None
[2025-11-09T21:19:40.629+0000] {logging_mixin.py:190} INFO - [2025-11-09T21:19:40.629+0000] {dag.py:4180} INFO - Setting next_dagrun for example_subdag_operator.section-2 to None, run_after=None
[2025-11-09T21:19:40.649+0000] {logging_mixin.py:190} INFO - [2025-11-09T21:19:40.648+0000] {dag.py:3239} INFO - Sync 2 DAGs
[2025-11-09T21:19:40.673+0000] {logging_mixin.py:190} INFO - [2025-11-09T21:19:40.673+0000] {dag.py:4180} INFO - Setting next_dagrun for example_subdag_operator.section-1 to None, run_after=None
[2025-11-09T21:19:40.676+0000] {logging_mixin.py:190} INFO - [2025-11-09T21:19:40.675+0000] {dag.py:4180} INFO - Setting next_dagrun for example_subdag_operator.section-2 to None, run_after=None
[2025-11-09T21:19:40.719+0000] {processor.py:208} INFO - Processing /home/airflow/.local/lib/python3.12/site-packages/airflow/example_dags/example_subdag_operator.py took 0.348 seconds
[2025-11-09T21:20:11.458+0000] {processor.py:186} INFO - Started process (PID=1601) to work on /home/airflow/.local/lib/python3.12/site-packages/airflow/example_dags/example_subdag_operator.py
[2025-11-09T21:20:11.460+0000] {processor.py:914} INFO - Processing file /home/airflow/.local/lib/python3.12/site-packages/airflow/example_dags/example_subdag_operator.py for tasks to queue
[2025-11-09T21:20:11.466+0000] {logging_mixin.py:190} INFO - [2025-11-09T21:20:11.465+0000] {dagbag.py:588} INFO - Filling up the DagBag from /home/airflow/.local/lib/python3.12/site-packages/airflow/example_dags/example_subdag_operator.py
[2025-11-09T21:20:11.531+0000] {processor.py:925} INFO - DAG(s) 'example_subdag_operator.section-1', 'example_subdag_operator.section-2', 'example_subdag_operator' retrieved from /home/airflow/.local/lib/python3.12/site-packages/airflow/example_dags/example_subdag_operator.py
[2025-11-09T21:20:11.564+0000] {logging_mixin.py:190} INFO - [2025-11-09T21:20:11.564+0000] {dag.py:3239} INFO - Sync 3 DAGs
[2025-11-09T21:20:11.614+0000] {logging_mixin.py:190} INFO - [2025-11-09T21:20:11.613+0000] {dag.py:4180} INFO - Setting next_dagrun for example_subdag_operator to 2022-01-01 00:00:00+00:00, run_after=2022-01-01 00:00:00+00:00
[2025-11-09T21:20:11.622+0000] {logging_mixin.py:190} INFO - [2025-11-09T21:20:11.622+0000] {dag.py:4180} INFO - Setting next_dagrun for example_subdag_operator.section-1 to None, run_after=None
[2025-11-09T21:20:11.626+0000] {logging_mixin.py:190} INFO - [2025-11-09T21:20:11.625+0000] {dag.py:4180} INFO - Setting next_dagrun for example_subdag_operator.section-2 to None, run_after=None
[2025-11-09T21:20:11.644+0000] {logging_mixin.py:190} INFO - [2025-11-09T21:20:11.643+0000] {dag.py:3239} INFO - Sync 2 DAGs
[2025-11-09T21:20:11.659+0000] {logging_mixin.py:190} INFO - [2025-11-09T21:20:11.658+0000] {dag.py:4180} INFO - Setting next_dagrun for example_subdag_operator.section-1 to None, run_after=None
[2025-11-09T21:20:11.664+0000] {logging_mixin.py:190} INFO - [2025-11-09T21:20:11.664+0000] {dag.py:4180} INFO - Setting next_dagrun for example_subdag_operator.section-2 to None, run_after=None
[2025-11-09T21:20:11.698+0000] {processor.py:208} INFO - Processing /home/airflow/.local/lib/python3.12/site-packages/airflow/example_dags/example_subdag_operator.py took 0.253 seconds
[2025-11-09T21:20:41.898+0000] {processor.py:186} INFO - Started process (PID=1664) to work on /home/airflow/.local/lib/python3.12/site-packages/airflow/example_dags/example_subdag_operator.py
[2025-11-09T21:20:41.901+0000] {processor.py:914} INFO - Processing file /home/airflow/.local/lib/python3.12/site-packages/airflow/example_dags/example_subdag_operator.py for tasks to queue
[2025-11-09T21:20:41.907+0000] {logging_mixin.py:190} INFO - [2025-11-09T21:20:41.906+0000] {dagbag.py:588} INFO - Filling up the DagBag from /home/airflow/.local/lib/python3.12/site-packages/airflow/example_dags/example_subdag_operator.py
[2025-11-09T21:20:41.966+0000] {processor.py:925} INFO - DAG(s) 'example_subdag_operator.section-1', 'example_subdag_operator.section-2', 'example_subdag_operator' retrieved from /home/airflow/.local/lib/python3.12/site-packages/airflow/example_dags/example_subdag_operator.py
[2025-11-09T21:20:41.998+0000] {logging_mixin.py:190} INFO - [2025-11-09T21:20:41.998+0000] {dag.py:3239} INFO - Sync 3 DAGs
[2025-11-09T21:20:42.047+0000] {logging_mixin.py:190} INFO - [2025-11-09T21:20:42.047+0000] {dag.py:4180} INFO - Setting next_dagrun for example_subdag_operator to 2022-01-01 00:00:00+00:00, run_after=2022-01-01 00:00:00+00:00
[2025-11-09T21:20:42.055+0000] {logging_mixin.py:190} INFO - [2025-11-09T21:20:42.054+0000] {dag.py:4180} INFO - Setting next_dagrun for example_subdag_operator.section-1 to None, run_after=None
[2025-11-09T21:20:42.058+0000] {logging_mixin.py:190} INFO - [2025-11-09T21:20:42.058+0000] {dag.py:4180} INFO - Setting next_dagrun for example_subdag_operator.section-2 to None, run_after=None
[2025-11-09T21:20:42.073+0000] {logging_mixin.py:190} INFO - [2025-11-09T21:20:42.072+0000] {dag.py:3239} INFO - Sync 2 DAGs
[2025-11-09T21:20:42.087+0000] {logging_mixin.py:190} INFO - [2025-11-09T21:20:42.086+0000] {dag.py:4180} INFO - Setting next_dagrun for example_subdag_operator.section-1 to None, run_after=None
[2025-11-09T21:20:42.088+0000] {logging_mixin.py:190} INFO - [2025-11-09T21:20:42.088+0000] {dag.py:4180} INFO - Setting next_dagrun for example_subdag_operator.section-2 to None, run_after=None
[2025-11-09T21:20:42.112+0000] {processor.py:208} INFO - Processing /home/airflow/.local/lib/python3.12/site-packages/airflow/example_dags/example_subdag_operator.py took 0.227 seconds
[2025-11-09T21:21:20.472+0000] {processor.py:186} INFO - Started process (PID=1736) to work on /home/airflow/.local/lib/python3.12/site-packages/airflow/example_dags/example_subdag_operator.py
[2025-11-09T21:21:20.477+0000] {processor.py:914} INFO - Processing file /home/airflow/.local/lib/python3.12/site-packages/airflow/example_dags/example_subdag_operator.py for tasks to queue
[2025-11-09T21:21:20.495+0000] {logging_mixin.py:190} INFO - [2025-11-09T21:21:20.493+0000] {dagbag.py:588} INFO - Filling up the DagBag from /home/airflow/.local/lib/python3.12/site-packages/airflow/example_dags/example_subdag_operator.py
[2025-11-09T21:21:20.637+0000] {processor.py:925} INFO - DAG(s) 'example_subdag_operator.section-1', 'example_subdag_operator.section-2', 'example_subdag_operator' retrieved from /home/airflow/.local/lib/python3.12/site-packages/airflow/example_dags/example_subdag_operator.py
[2025-11-09T21:21:20.729+0000] {logging_mixin.py:190} INFO - [2025-11-09T21:21:20.727+0000] {dag.py:3239} INFO - Sync 3 DAGs
[2025-11-09T21:21:20.875+0000] {logging_mixin.py:190} INFO - [2025-11-09T21:21:20.874+0000] {dag.py:4180} INFO - Setting next_dagrun for example_subdag_operator to 2022-01-01 00:00:00+00:00, run_after=2022-01-01 00:00:00+00:00
[2025-11-09T21:21:20.896+0000] {logging_mixin.py:190} INFO - [2025-11-09T21:21:20.895+0000] {dag.py:4180} INFO - Setting next_dagrun for example_subdag_operator.section-1 to None, run_after=None
[2025-11-09T21:21:20.904+0000] {logging_mixin.py:190} INFO - [2025-11-09T21:21:20.903+0000] {dag.py:4180} INFO - Setting next_dagrun for example_subdag_operator.section-2 to None, run_after=None
[2025-11-09T21:21:20.941+0000] {logging_mixin.py:190} INFO - [2025-11-09T21:21:20.940+0000] {dag.py:3239} INFO - Sync 2 DAGs
[2025-11-09T21:21:20.967+0000] {logging_mixin.py:190} INFO - [2025-11-09T21:21:20.966+0000] {dag.py:4180} INFO - Setting next_dagrun for example_subdag_operator.section-1 to None, run_after=None
[2025-11-09T21:21:20.971+0000] {logging_mixin.py:190} INFO - [2025-11-09T21:21:20.969+0000] {dag.py:4180} INFO - Setting next_dagrun for example_subdag_operator.section-2 to None, run_after=None
[2025-11-09T21:21:21.017+0000] {processor.py:208} INFO - Processing /home/airflow/.local/lib/python3.12/site-packages/airflow/example_dags/example_subdag_operator.py took 0.580 seconds
[2025-11-09T21:21:51.149+0000] {processor.py:186} INFO - Started process (PID=1800) to work on /home/airflow/.local/lib/python3.12/site-packages/airflow/example_dags/example_subdag_operator.py
[2025-11-09T21:21:51.152+0000] {processor.py:914} INFO - Processing file /home/airflow/.local/lib/python3.12/site-packages/airflow/example_dags/example_subdag_operator.py for tasks to queue
[2025-11-09T21:21:51.159+0000] {logging_mixin.py:190} INFO - [2025-11-09T21:21:51.158+0000] {dagbag.py:588} INFO - Filling up the DagBag from /home/airflow/.local/lib/python3.12/site-packages/airflow/example_dags/example_subdag_operator.py
[2025-11-09T21:21:51.226+0000] {processor.py:925} INFO - DAG(s) 'example_subdag_operator.section-1', 'example_subdag_operator.section-2', 'example_subdag_operator' retrieved from /home/airflow/.local/lib/python3.12/site-packages/airflow/example_dags/example_subdag_operator.py
[2025-11-09T21:21:51.258+0000] {logging_mixin.py:190} INFO - [2025-11-09T21:21:51.258+0000] {dag.py:3239} INFO - Sync 3 DAGs
[2025-11-09T21:21:51.310+0000] {logging_mixin.py:190} INFO - [2025-11-09T21:21:51.309+0000] {dag.py:4180} INFO - Setting next_dagrun for example_subdag_operator to 2022-01-01 00:00:00+00:00, run_after=2022-01-01 00:00:00+00:00
[2025-11-09T21:21:51.316+0000] {logging_mixin.py:190} INFO - [2025-11-09T21:21:51.316+0000] {dag.py:4180} INFO - Setting next_dagrun for example_subdag_operator.section-1 to None, run_after=None
[2025-11-09T21:21:51.319+0000] {logging_mixin.py:190} INFO - [2025-11-09T21:21:51.319+0000] {dag.py:4180} INFO - Setting next_dagrun for example_subdag_operator.section-2 to None, run_after=None
[2025-11-09T21:21:51.332+0000] {logging_mixin.py:190} INFO - [2025-11-09T21:21:51.332+0000] {dag.py:3239} INFO - Sync 2 DAGs
[2025-11-09T21:21:51.343+0000] {logging_mixin.py:190} INFO - [2025-11-09T21:21:51.342+0000] {dag.py:4180} INFO - Setting next_dagrun for example_subdag_operator.section-1 to None, run_after=None
[2025-11-09T21:21:51.344+0000] {logging_mixin.py:190} INFO - [2025-11-09T21:21:51.344+0000] {dag.py:4180} INFO - Setting next_dagrun for example_subdag_operator.section-2 to None, run_after=None
[2025-11-09T21:21:51.365+0000] {processor.py:208} INFO - Processing /home/airflow/.local/lib/python3.12/site-packages/airflow/example_dags/example_subdag_operator.py took 0.235 seconds
[2025-11-09T21:22:21.732+0000] {processor.py:186} INFO - Started process (PID=1864) to work on /home/airflow/.local/lib/python3.12/site-packages/airflow/example_dags/example_subdag_operator.py
[2025-11-09T21:22:21.734+0000] {processor.py:914} INFO - Processing file /home/airflow/.local/lib/python3.12/site-packages/airflow/example_dags/example_subdag_operator.py for tasks to queue
[2025-11-09T21:22:21.740+0000] {logging_mixin.py:190} INFO - [2025-11-09T21:22:21.739+0000] {dagbag.py:588} INFO - Filling up the DagBag from /home/airflow/.local/lib/python3.12/site-packages/airflow/example_dags/example_subdag_operator.py
[2025-11-09T21:22:21.797+0000] {processor.py:925} INFO - DAG(s) 'example_subdag_operator.section-1', 'example_subdag_operator.section-2', 'example_subdag_operator' retrieved from /home/airflow/.local/lib/python3.12/site-packages/airflow/example_dags/example_subdag_operator.py
[2025-11-09T21:22:21.822+0000] {logging_mixin.py:190} INFO - [2025-11-09T21:22:21.821+0000] {dag.py:3239} INFO - Sync 3 DAGs
[2025-11-09T21:22:21.860+0000] {logging_mixin.py:190} INFO - [2025-11-09T21:22:21.860+0000] {dag.py:4180} INFO - Setting next_dagrun for example_subdag_operator to 2022-01-01 00:00:00+00:00, run_after=2022-01-01 00:00:00+00:00
[2025-11-09T21:22:21.867+0000] {logging_mixin.py:190} INFO - [2025-11-09T21:22:21.867+0000] {dag.py:4180} INFO - Setting next_dagrun for example_subdag_operator.section-1 to None, run_after=None
[2025-11-09T21:22:21.872+0000] {logging_mixin.py:190} INFO - [2025-11-09T21:22:21.872+0000] {dag.py:4180} INFO - Setting next_dagrun for example_subdag_operator.section-2 to None, run_after=None
[2025-11-09T21:22:21.884+0000] {logging_mixin.py:190} INFO - [2025-11-09T21:22:21.883+0000] {dag.py:3239} INFO - Sync 2 DAGs
[2025-11-09T21:22:21.895+0000] {logging_mixin.py:190} INFO - [2025-11-09T21:22:21.894+0000] {dag.py:4180} INFO - Setting next_dagrun for example_subdag_operator.section-1 to None, run_after=None
[2025-11-09T21:22:21.896+0000] {logging_mixin.py:190} INFO - [2025-11-09T21:22:21.896+0000] {dag.py:4180} INFO - Setting next_dagrun for example_subdag_operator.section-2 to None, run_after=None
[2025-11-09T21:22:21.916+0000] {processor.py:208} INFO - Processing /home/airflow/.local/lib/python3.12/site-packages/airflow/example_dags/example_subdag_operator.py took 0.194 seconds
[2025-11-09T21:22:52.756+0000] {processor.py:186} INFO - Started process (PID=1928) to work on /home/airflow/.local/lib/python3.12/site-packages/airflow/example_dags/example_subdag_operator.py
[2025-11-09T21:22:52.759+0000] {processor.py:914} INFO - Processing file /home/airflow/.local/lib/python3.12/site-packages/airflow/example_dags/example_subdag_operator.py for tasks to queue
[2025-11-09T21:22:52.767+0000] {logging_mixin.py:190} INFO - [2025-11-09T21:22:52.766+0000] {dagbag.py:588} INFO - Filling up the DagBag from /home/airflow/.local/lib/python3.12/site-packages/airflow/example_dags/example_subdag_operator.py
[2025-11-09T21:22:52.848+0000] {processor.py:925} INFO - DAG(s) 'example_subdag_operator.section-1', 'example_subdag_operator.section-2', 'example_subdag_operator' retrieved from /home/airflow/.local/lib/python3.12/site-packages/airflow/example_dags/example_subdag_operator.py
[2025-11-09T21:22:52.892+0000] {logging_mixin.py:190} INFO - [2025-11-09T21:22:52.892+0000] {dag.py:3239} INFO - Sync 3 DAGs
[2025-11-09T21:22:52.959+0000] {logging_mixin.py:190} INFO - [2025-11-09T21:22:52.959+0000] {dag.py:4180} INFO - Setting next_dagrun for example_subdag_operator to 2022-01-01 00:00:00+00:00, run_after=2022-01-01 00:00:00+00:00
[2025-11-09T21:22:52.968+0000] {logging_mixin.py:190} INFO - [2025-11-09T21:22:52.968+0000] {dag.py:4180} INFO - Setting next_dagrun for example_subdag_operator.section-1 to None, run_after=None
[2025-11-09T21:22:52.973+0000] {logging_mixin.py:190} INFO - [2025-11-09T21:22:52.973+0000] {dag.py:4180} INFO - Setting next_dagrun for example_subdag_operator.section-2 to None, run_after=None
[2025-11-09T21:22:52.989+0000] {logging_mixin.py:190} INFO - [2025-11-09T21:22:52.989+0000] {dag.py:3239} INFO - Sync 2 DAGs
[2025-11-09T21:22:53.003+0000] {logging_mixin.py:190} INFO - [2025-11-09T21:22:53.003+0000] {dag.py:4180} INFO - Setting next_dagrun for example_subdag_operator.section-1 to None, run_after=None
[2025-11-09T21:22:53.005+0000] {logging_mixin.py:190} INFO - [2025-11-09T21:22:53.005+0000] {dag.py:4180} INFO - Setting next_dagrun for example_subdag_operator.section-2 to None, run_after=None
[2025-11-09T21:22:53.028+0000] {processor.py:208} INFO - Processing /home/airflow/.local/lib/python3.12/site-packages/airflow/example_dags/example_subdag_operator.py took 0.290 seconds
[2025-11-09T21:23:23.709+0000] {processor.py:186} INFO - Started process (PID=1992) to work on /home/airflow/.local/lib/python3.12/site-packages/airflow/example_dags/example_subdag_operator.py
[2025-11-09T21:23:23.712+0000] {processor.py:914} INFO - Processing file /home/airflow/.local/lib/python3.12/site-packages/airflow/example_dags/example_subdag_operator.py for tasks to queue
[2025-11-09T21:23:23.717+0000] {logging_mixin.py:190} INFO - [2025-11-09T21:23:23.716+0000] {dagbag.py:588} INFO - Filling up the DagBag from /home/airflow/.local/lib/python3.12/site-packages/airflow/example_dags/example_subdag_operator.py
[2025-11-09T21:23:23.770+0000] {processor.py:925} INFO - DAG(s) 'example_subdag_operator.section-1', 'example_subdag_operator.section-2', 'example_subdag_operator' retrieved from /home/airflow/.local/lib/python3.12/site-packages/airflow/example_dags/example_subdag_operator.py
[2025-11-09T21:23:23.795+0000] {logging_mixin.py:190} INFO - [2025-11-09T21:23:23.795+0000] {dag.py:3239} INFO - Sync 3 DAGs
[2025-11-09T21:23:23.837+0000] {logging_mixin.py:190} INFO - [2025-11-09T21:23:23.836+0000] {dag.py:4180} INFO - Setting next_dagrun for example_subdag_operator to 2022-01-01 00:00:00+00:00, run_after=2022-01-01 00:00:00+00:00
[2025-11-09T21:23:23.843+0000] {logging_mixin.py:190} INFO - [2025-11-09T21:23:23.843+0000] {dag.py:4180} INFO - Setting next_dagrun for example_subdag_operator.section-1 to None, run_after=None
[2025-11-09T21:23:23.847+0000] {logging_mixin.py:190} INFO - [2025-11-09T21:23:23.847+0000] {dag.py:4180} INFO - Setting next_dagrun for example_subdag_operator.section-2 to None, run_after=None
[2025-11-09T21:23:23.860+0000] {logging_mixin.py:190} INFO - [2025-11-09T21:23:23.860+0000] {dag.py:3239} INFO - Sync 2 DAGs
[2025-11-09T21:23:23.870+0000] {logging_mixin.py:190} INFO - [2025-11-09T21:23:23.869+0000] {dag.py:4180} INFO - Setting next_dagrun for example_subdag_operator.section-1 to None, run_after=None
[2025-11-09T21:23:23.871+0000] {logging_mixin.py:190} INFO - [2025-11-09T21:23:23.871+0000] {dag.py:4180} INFO - Setting next_dagrun for example_subdag_operator.section-2 to None, run_after=None
[2025-11-09T21:23:23.890+0000] {processor.py:208} INFO - Processing /home/airflow/.local/lib/python3.12/site-packages/airflow/example_dags/example_subdag_operator.py took 0.194 seconds
[2025-11-09T21:23:54.279+0000] {processor.py:186} INFO - Started process (PID=2055) to work on /home/airflow/.local/lib/python3.12/site-packages/airflow/example_dags/example_subdag_operator.py
[2025-11-09T21:23:54.283+0000] {processor.py:914} INFO - Processing file /home/airflow/.local/lib/python3.12/site-packages/airflow/example_dags/example_subdag_operator.py for tasks to queue
[2025-11-09T21:23:54.290+0000] {logging_mixin.py:190} INFO - [2025-11-09T21:23:54.289+0000] {dagbag.py:588} INFO - Filling up the DagBag from /home/airflow/.local/lib/python3.12/site-packages/airflow/example_dags/example_subdag_operator.py
[2025-11-09T21:23:54.364+0000] {processor.py:925} INFO - DAG(s) 'example_subdag_operator.section-1', 'example_subdag_operator.section-2', 'example_subdag_operator' retrieved from /home/airflow/.local/lib/python3.12/site-packages/airflow/example_dags/example_subdag_operator.py
[2025-11-09T21:23:54.399+0000] {logging_mixin.py:190} INFO - [2025-11-09T21:23:54.399+0000] {dag.py:3239} INFO - Sync 3 DAGs
[2025-11-09T21:23:54.463+0000] {logging_mixin.py:190} INFO - [2025-11-09T21:23:54.463+0000] {dag.py:4180} INFO - Setting next_dagrun for example_subdag_operator to 2022-01-01 00:00:00+00:00, run_after=2022-01-01 00:00:00+00:00
[2025-11-09T21:23:54.473+0000] {logging_mixin.py:190} INFO - [2025-11-09T21:23:54.472+0000] {dag.py:4180} INFO - Setting next_dagrun for example_subdag_operator.section-1 to None, run_after=None
[2025-11-09T21:23:54.477+0000] {logging_mixin.py:190} INFO - [2025-11-09T21:23:54.477+0000] {dag.py:4180} INFO - Setting next_dagrun for example_subdag_operator.section-2 to None, run_after=None
[2025-11-09T21:23:54.495+0000] {logging_mixin.py:190} INFO - [2025-11-09T21:23:54.494+0000] {dag.py:3239} INFO - Sync 2 DAGs
[2025-11-09T21:23:54.512+0000] {logging_mixin.py:190} INFO - [2025-11-09T21:23:54.512+0000] {dag.py:4180} INFO - Setting next_dagrun for example_subdag_operator.section-1 to None, run_after=None
[2025-11-09T21:23:54.514+0000] {logging_mixin.py:190} INFO - [2025-11-09T21:23:54.513+0000] {dag.py:4180} INFO - Setting next_dagrun for example_subdag_operator.section-2 to None, run_after=None
[2025-11-09T21:23:54.546+0000] {processor.py:208} INFO - Processing /home/airflow/.local/lib/python3.12/site-packages/airflow/example_dags/example_subdag_operator.py took 0.284 seconds
[2025-11-09T21:24:24.713+0000] {processor.py:186} INFO - Started process (PID=2119) to work on /home/airflow/.local/lib/python3.12/site-packages/airflow/example_dags/example_subdag_operator.py
[2025-11-09T21:24:24.715+0000] {processor.py:914} INFO - Processing file /home/airflow/.local/lib/python3.12/site-packages/airflow/example_dags/example_subdag_operator.py for tasks to queue
[2025-11-09T21:24:24.719+0000] {logging_mixin.py:190} INFO - [2025-11-09T21:24:24.719+0000] {dagbag.py:588} INFO - Filling up the DagBag from /home/airflow/.local/lib/python3.12/site-packages/airflow/example_dags/example_subdag_operator.py
[2025-11-09T21:24:24.765+0000] {processor.py:925} INFO - DAG(s) 'example_subdag_operator.section-1', 'example_subdag_operator.section-2', 'example_subdag_operator' retrieved from /home/airflow/.local/lib/python3.12/site-packages/airflow/example_dags/example_subdag_operator.py
[2025-11-09T21:24:24.791+0000] {logging_mixin.py:190} INFO - [2025-11-09T21:24:24.791+0000] {dag.py:3239} INFO - Sync 3 DAGs
[2025-11-09T21:24:24.828+0000] {logging_mixin.py:190} INFO - [2025-11-09T21:24:24.828+0000] {dag.py:4180} INFO - Setting next_dagrun for example_subdag_operator to 2022-01-01 00:00:00+00:00, run_after=2022-01-01 00:00:00+00:00
[2025-11-09T21:24:24.836+0000] {logging_mixin.py:190} INFO - [2025-11-09T21:24:24.836+0000] {dag.py:4180} INFO - Setting next_dagrun for example_subdag_operator.section-1 to None, run_after=None
[2025-11-09T21:24:24.840+0000] {logging_mixin.py:190} INFO - [2025-11-09T21:24:24.840+0000] {dag.py:4180} INFO - Setting next_dagrun for example_subdag_operator.section-2 to None, run_after=None
[2025-11-09T21:24:24.852+0000] {logging_mixin.py:190} INFO - [2025-11-09T21:24:24.851+0000] {dag.py:3239} INFO - Sync 2 DAGs
[2025-11-09T21:24:24.862+0000] {logging_mixin.py:190} INFO - [2025-11-09T21:24:24.862+0000] {dag.py:4180} INFO - Setting next_dagrun for example_subdag_operator.section-1 to None, run_after=None
[2025-11-09T21:24:24.864+0000] {logging_mixin.py:190} INFO - [2025-11-09T21:24:24.863+0000] {dag.py:4180} INFO - Setting next_dagrun for example_subdag_operator.section-2 to None, run_after=None
[2025-11-09T21:24:24.882+0000] {processor.py:208} INFO - Processing /home/airflow/.local/lib/python3.12/site-packages/airflow/example_dags/example_subdag_operator.py took 0.179 seconds
[2025-11-09T21:24:55.750+0000] {processor.py:186} INFO - Started process (PID=2183) to work on /home/airflow/.local/lib/python3.12/site-packages/airflow/example_dags/example_subdag_operator.py
[2025-11-09T21:24:55.752+0000] {processor.py:914} INFO - Processing file /home/airflow/.local/lib/python3.12/site-packages/airflow/example_dags/example_subdag_operator.py for tasks to queue
[2025-11-09T21:24:55.757+0000] {logging_mixin.py:190} INFO - [2025-11-09T21:24:55.757+0000] {dagbag.py:588} INFO - Filling up the DagBag from /home/airflow/.local/lib/python3.12/site-packages/airflow/example_dags/example_subdag_operator.py
[2025-11-09T21:24:55.818+0000] {processor.py:925} INFO - DAG(s) 'example_subdag_operator.section-1', 'example_subdag_operator.section-2', 'example_subdag_operator' retrieved from /home/airflow/.local/lib/python3.12/site-packages/airflow/example_dags/example_subdag_operator.py
[2025-11-09T21:24:55.846+0000] {logging_mixin.py:190} INFO - [2025-11-09T21:24:55.846+0000] {dag.py:3239} INFO - Sync 3 DAGs
[2025-11-09T21:24:55.892+0000] {logging_mixin.py:190} INFO - [2025-11-09T21:24:55.891+0000] {dag.py:4180} INFO - Setting next_dagrun for example_subdag_operator to 2022-01-01 00:00:00+00:00, run_after=2022-01-01 00:00:00+00:00
[2025-11-09T21:24:55.900+0000] {logging_mixin.py:190} INFO - [2025-11-09T21:24:55.900+0000] {dag.py:4180} INFO - Setting next_dagrun for example_subdag_operator.section-1 to None, run_after=None
[2025-11-09T21:24:55.903+0000] {logging_mixin.py:190} INFO - [2025-11-09T21:24:55.903+0000] {dag.py:4180} INFO - Setting next_dagrun for example_subdag_operator.section-2 to None, run_after=None
[2025-11-09T21:24:55.919+0000] {logging_mixin.py:190} INFO - [2025-11-09T21:24:55.919+0000] {dag.py:3239} INFO - Sync 2 DAGs
[2025-11-09T21:24:55.933+0000] {logging_mixin.py:190} INFO - [2025-11-09T21:24:55.933+0000] {dag.py:4180} INFO - Setting next_dagrun for example_subdag_operator.section-1 to None, run_after=None
[2025-11-09T21:24:55.935+0000] {logging_mixin.py:190} INFO - [2025-11-09T21:24:55.934+0000] {dag.py:4180} INFO - Setting next_dagrun for example_subdag_operator.section-2 to None, run_after=None
[2025-11-09T21:24:55.959+0000] {processor.py:208} INFO - Processing /home/airflow/.local/lib/python3.12/site-packages/airflow/example_dags/example_subdag_operator.py took 0.224 seconds
[2025-11-09T21:25:26.406+0000] {processor.py:186} INFO - Started process (PID=2247) to work on /home/airflow/.local/lib/python3.12/site-packages/airflow/example_dags/example_subdag_operator.py
[2025-11-09T21:25:26.408+0000] {processor.py:914} INFO - Processing file /home/airflow/.local/lib/python3.12/site-packages/airflow/example_dags/example_subdag_operator.py for tasks to queue
[2025-11-09T21:25:26.413+0000] {logging_mixin.py:190} INFO - [2025-11-09T21:25:26.413+0000] {dagbag.py:588} INFO - Filling up the DagBag from /home/airflow/.local/lib/python3.12/site-packages/airflow/example_dags/example_subdag_operator.py
[2025-11-09T21:25:26.465+0000] {processor.py:925} INFO - DAG(s) 'example_subdag_operator.section-1', 'example_subdag_operator.section-2', 'example_subdag_operator' retrieved from /home/airflow/.local/lib/python3.12/site-packages/airflow/example_dags/example_subdag_operator.py
[2025-11-09T21:25:26.496+0000] {logging_mixin.py:190} INFO - [2025-11-09T21:25:26.496+0000] {dag.py:3239} INFO - Sync 3 DAGs
[2025-11-09T21:25:26.548+0000] {logging_mixin.py:190} INFO - [2025-11-09T21:25:26.548+0000] {dag.py:4180} INFO - Setting next_dagrun for example_subdag_operator to 2022-01-01 00:00:00+00:00, run_after=2022-01-01 00:00:00+00:00
[2025-11-09T21:25:26.556+0000] {logging_mixin.py:190} INFO - [2025-11-09T21:25:26.556+0000] {dag.py:4180} INFO - Setting next_dagrun for example_subdag_operator.section-1 to None, run_after=None
[2025-11-09T21:25:26.559+0000] {logging_mixin.py:190} INFO - [2025-11-09T21:25:26.559+0000] {dag.py:4180} INFO - Setting next_dagrun for example_subdag_operator.section-2 to None, run_after=None
[2025-11-09T21:25:26.574+0000] {logging_mixin.py:190} INFO - [2025-11-09T21:25:26.574+0000] {dag.py:3239} INFO - Sync 2 DAGs
[2025-11-09T21:25:26.587+0000] {logging_mixin.py:190} INFO - [2025-11-09T21:25:26.587+0000] {dag.py:4180} INFO - Setting next_dagrun for example_subdag_operator.section-1 to None, run_after=None
[2025-11-09T21:25:26.588+0000] {logging_mixin.py:190} INFO - [2025-11-09T21:25:26.588+0000] {dag.py:4180} INFO - Setting next_dagrun for example_subdag_operator.section-2 to None, run_after=None
[2025-11-09T21:25:26.613+0000] {processor.py:208} INFO - Processing /home/airflow/.local/lib/python3.12/site-packages/airflow/example_dags/example_subdag_operator.py took 0.219 seconds
[2025-11-09T21:25:57.405+0000] {processor.py:186} INFO - Started process (PID=2311) to work on /home/airflow/.local/lib/python3.12/site-packages/airflow/example_dags/example_subdag_operator.py
[2025-11-09T21:25:57.410+0000] {processor.py:914} INFO - Processing file /home/airflow/.local/lib/python3.12/site-packages/airflow/example_dags/example_subdag_operator.py for tasks to queue
[2025-11-09T21:25:57.427+0000] {logging_mixin.py:190} INFO - [2025-11-09T21:25:57.423+0000] {dagbag.py:588} INFO - Filling up the DagBag from /home/airflow/.local/lib/python3.12/site-packages/airflow/example_dags/example_subdag_operator.py
[2025-11-09T21:25:57.616+0000] {processor.py:925} INFO - DAG(s) 'example_subdag_operator.section-1', 'example_subdag_operator.section-2', 'example_subdag_operator' retrieved from /home/airflow/.local/lib/python3.12/site-packages/airflow/example_dags/example_subdag_operator.py
[2025-11-09T21:25:57.685+0000] {logging_mixin.py:190} INFO - [2025-11-09T21:25:57.684+0000] {dag.py:3239} INFO - Sync 3 DAGs
[2025-11-09T21:25:57.791+0000] {logging_mixin.py:190} INFO - [2025-11-09T21:25:57.790+0000] {dag.py:4180} INFO - Setting next_dagrun for example_subdag_operator to 2022-01-01 00:00:00+00:00, run_after=2022-01-01 00:00:00+00:00
[2025-11-09T21:25:57.805+0000] {logging_mixin.py:190} INFO - [2025-11-09T21:25:57.804+0000] {dag.py:4180} INFO - Setting next_dagrun for example_subdag_operator.section-1 to None, run_after=None
[2025-11-09T21:25:57.811+0000] {logging_mixin.py:190} INFO - [2025-11-09T21:25:57.810+0000] {dag.py:4180} INFO - Setting next_dagrun for example_subdag_operator.section-2 to None, run_after=None
[2025-11-09T21:25:57.836+0000] {logging_mixin.py:190} INFO - [2025-11-09T21:25:57.835+0000] {dag.py:3239} INFO - Sync 2 DAGs
[2025-11-09T21:25:57.855+0000] {logging_mixin.py:190} INFO - [2025-11-09T21:25:57.855+0000] {dag.py:4180} INFO - Setting next_dagrun for example_subdag_operator.section-1 to None, run_after=None
[2025-11-09T21:25:57.858+0000] {logging_mixin.py:190} INFO - [2025-11-09T21:25:57.857+0000] {dag.py:4180} INFO - Setting next_dagrun for example_subdag_operator.section-2 to None, run_after=None
[2025-11-09T21:25:57.899+0000] {processor.py:208} INFO - Processing /home/airflow/.local/lib/python3.12/site-packages/airflow/example_dags/example_subdag_operator.py took 0.530 seconds
[2025-11-09T21:26:28.431+0000] {processor.py:186} INFO - Started process (PID=2375) to work on /home/airflow/.local/lib/python3.12/site-packages/airflow/example_dags/example_subdag_operator.py
[2025-11-09T21:26:28.435+0000] {processor.py:914} INFO - Processing file /home/airflow/.local/lib/python3.12/site-packages/airflow/example_dags/example_subdag_operator.py for tasks to queue
[2025-11-09T21:26:28.444+0000] {logging_mixin.py:190} INFO - [2025-11-09T21:26:28.443+0000] {dagbag.py:588} INFO - Filling up the DagBag from /home/airflow/.local/lib/python3.12/site-packages/airflow/example_dags/example_subdag_operator.py
[2025-11-09T21:26:28.587+0000] {processor.py:925} INFO - DAG(s) 'example_subdag_operator.section-1', 'example_subdag_operator.section-2', 'example_subdag_operator' retrieved from /home/airflow/.local/lib/python3.12/site-packages/airflow/example_dags/example_subdag_operator.py
[2025-11-09T21:26:28.677+0000] {logging_mixin.py:190} INFO - [2025-11-09T21:26:28.676+0000] {dag.py:3239} INFO - Sync 3 DAGs
[2025-11-09T21:26:28.765+0000] {logging_mixin.py:190} INFO - [2025-11-09T21:26:28.765+0000] {dag.py:4180} INFO - Setting next_dagrun for example_subdag_operator to 2022-01-01 00:00:00+00:00, run_after=2022-01-01 00:00:00+00:00
[2025-11-09T21:26:28.780+0000] {logging_mixin.py:190} INFO - [2025-11-09T21:26:28.778+0000] {dag.py:4180} INFO - Setting next_dagrun for example_subdag_operator.section-1 to None, run_after=None
[2025-11-09T21:26:28.786+0000] {logging_mixin.py:190} INFO - [2025-11-09T21:26:28.785+0000] {dag.py:4180} INFO - Setting next_dagrun for example_subdag_operator.section-2 to None, run_after=None
[2025-11-09T21:26:28.816+0000] {logging_mixin.py:190} INFO - [2025-11-09T21:26:28.815+0000] {dag.py:3239} INFO - Sync 2 DAGs
[2025-11-09T21:26:28.837+0000] {logging_mixin.py:190} INFO - [2025-11-09T21:26:28.836+0000] {dag.py:4180} INFO - Setting next_dagrun for example_subdag_operator.section-1 to None, run_after=None
[2025-11-09T21:26:28.840+0000] {logging_mixin.py:190} INFO - [2025-11-09T21:26:28.839+0000] {dag.py:4180} INFO - Setting next_dagrun for example_subdag_operator.section-2 to None, run_after=None
[2025-11-09T21:26:28.876+0000] {processor.py:208} INFO - Processing /home/airflow/.local/lib/python3.12/site-packages/airflow/example_dags/example_subdag_operator.py took 0.485 seconds
[2025-11-09T21:26:59.104+0000] {processor.py:186} INFO - Started process (PID=2440) to work on /home/airflow/.local/lib/python3.12/site-packages/airflow/example_dags/example_subdag_operator.py
[2025-11-09T21:26:59.108+0000] {processor.py:914} INFO - Processing file /home/airflow/.local/lib/python3.12/site-packages/airflow/example_dags/example_subdag_operator.py for tasks to queue
[2025-11-09T21:26:59.115+0000] {logging_mixin.py:190} INFO - [2025-11-09T21:26:59.114+0000] {dagbag.py:588} INFO - Filling up the DagBag from /home/airflow/.local/lib/python3.12/site-packages/airflow/example_dags/example_subdag_operator.py
[2025-11-09T21:26:59.200+0000] {processor.py:925} INFO - DAG(s) 'example_subdag_operator.section-1', 'example_subdag_operator.section-2', 'example_subdag_operator' retrieved from /home/airflow/.local/lib/python3.12/site-packages/airflow/example_dags/example_subdag_operator.py
[2025-11-09T21:26:59.245+0000] {logging_mixin.py:190} INFO - [2025-11-09T21:26:59.244+0000] {dag.py:3239} INFO - Sync 3 DAGs
[2025-11-09T21:26:59.315+0000] {logging_mixin.py:190} INFO - [2025-11-09T21:26:59.314+0000] {dag.py:4180} INFO - Setting next_dagrun for example_subdag_operator to 2022-01-01 00:00:00+00:00, run_after=2022-01-01 00:00:00+00:00
[2025-11-09T21:26:59.326+0000] {logging_mixin.py:190} INFO - [2025-11-09T21:26:59.325+0000] {dag.py:4180} INFO - Setting next_dagrun for example_subdag_operator.section-1 to None, run_after=None
[2025-11-09T21:26:59.331+0000] {logging_mixin.py:190} INFO - [2025-11-09T21:26:59.330+0000] {dag.py:4180} INFO - Setting next_dagrun for example_subdag_operator.section-2 to None, run_after=None
[2025-11-09T21:26:59.349+0000] {logging_mixin.py:190} INFO - [2025-11-09T21:26:59.348+0000] {dag.py:3239} INFO - Sync 2 DAGs
[2025-11-09T21:26:59.365+0000] {logging_mixin.py:190} INFO - [2025-11-09T21:26:59.365+0000] {dag.py:4180} INFO - Setting next_dagrun for example_subdag_operator.section-1 to None, run_after=None
[2025-11-09T21:26:59.367+0000] {logging_mixin.py:190} INFO - [2025-11-09T21:26:59.367+0000] {dag.py:4180} INFO - Setting next_dagrun for example_subdag_operator.section-2 to None, run_after=None
[2025-11-09T21:26:59.400+0000] {processor.py:208} INFO - Processing /home/airflow/.local/lib/python3.12/site-packages/airflow/example_dags/example_subdag_operator.py took 0.313 seconds
[2025-11-09T21:27:30.222+0000] {processor.py:186} INFO - Started process (PID=2504) to work on /home/airflow/.local/lib/python3.12/site-packages/airflow/example_dags/example_subdag_operator.py
[2025-11-09T21:27:30.224+0000] {processor.py:914} INFO - Processing file /home/airflow/.local/lib/python3.12/site-packages/airflow/example_dags/example_subdag_operator.py for tasks to queue
[2025-11-09T21:27:30.231+0000] {logging_mixin.py:190} INFO - [2025-11-09T21:27:30.230+0000] {dagbag.py:588} INFO - Filling up the DagBag from /home/airflow/.local/lib/python3.12/site-packages/airflow/example_dags/example_subdag_operator.py
[2025-11-09T21:27:30.297+0000] {processor.py:925} INFO - DAG(s) 'example_subdag_operator.section-1', 'example_subdag_operator.section-2', 'example_subdag_operator' retrieved from /home/airflow/.local/lib/python3.12/site-packages/airflow/example_dags/example_subdag_operator.py
[2025-11-09T21:27:30.330+0000] {logging_mixin.py:190} INFO - [2025-11-09T21:27:30.329+0000] {dag.py:3239} INFO - Sync 3 DAGs
[2025-11-09T21:27:30.438+0000] {logging_mixin.py:190} INFO - [2025-11-09T21:27:30.438+0000] {dag.py:4180} INFO - Setting next_dagrun for example_subdag_operator to 2022-01-01 00:00:00+00:00, run_after=2022-01-01 00:00:00+00:00
[2025-11-09T21:27:30.458+0000] {logging_mixin.py:190} INFO - [2025-11-09T21:27:30.457+0000] {dag.py:4180} INFO - Setting next_dagrun for example_subdag_operator.section-1 to None, run_after=None
[2025-11-09T21:27:30.464+0000] {logging_mixin.py:190} INFO - [2025-11-09T21:27:30.463+0000] {dag.py:4180} INFO - Setting next_dagrun for example_subdag_operator.section-2 to None, run_after=None
[2025-11-09T21:27:30.492+0000] {logging_mixin.py:190} INFO - [2025-11-09T21:27:30.491+0000] {dag.py:3239} INFO - Sync 2 DAGs
[2025-11-09T21:27:30.515+0000] {logging_mixin.py:190} INFO - [2025-11-09T21:27:30.514+0000] {dag.py:4180} INFO - Setting next_dagrun for example_subdag_operator.section-1 to None, run_after=None
[2025-11-09T21:27:30.518+0000] {logging_mixin.py:190} INFO - [2025-11-09T21:27:30.517+0000] {dag.py:4180} INFO - Setting next_dagrun for example_subdag_operator.section-2 to None, run_after=None
[2025-11-09T21:27:30.560+0000] {processor.py:208} INFO - Processing /home/airflow/.local/lib/python3.12/site-packages/airflow/example_dags/example_subdag_operator.py took 0.355 seconds
[2025-11-09T21:28:02.404+0000] {processor.py:186} INFO - Started process (PID=2569) to work on /home/airflow/.local/lib/python3.12/site-packages/airflow/example_dags/example_subdag_operator.py
[2025-11-09T21:28:02.412+0000] {processor.py:914} INFO - Processing file /home/airflow/.local/lib/python3.12/site-packages/airflow/example_dags/example_subdag_operator.py for tasks to queue
[2025-11-09T21:28:02.433+0000] {logging_mixin.py:190} INFO - [2025-11-09T21:28:02.424+0000] {dagbag.py:588} INFO - Filling up the DagBag from /home/airflow/.local/lib/python3.12/site-packages/airflow/example_dags/example_subdag_operator.py
[2025-11-09T21:28:02.645+0000] {processor.py:925} INFO - DAG(s) 'example_subdag_operator.section-1', 'example_subdag_operator.section-2', 'example_subdag_operator' retrieved from /home/airflow/.local/lib/python3.12/site-packages/airflow/example_dags/example_subdag_operator.py
[2025-11-09T21:28:02.749+0000] {logging_mixin.py:190} INFO - [2025-11-09T21:28:02.749+0000] {dag.py:3239} INFO - Sync 3 DAGs
[2025-11-09T21:28:02.900+0000] {logging_mixin.py:190} INFO - [2025-11-09T21:28:02.899+0000] {dag.py:4180} INFO - Setting next_dagrun for example_subdag_operator to 2022-01-01 00:00:00+00:00, run_after=2022-01-01 00:00:00+00:00
[2025-11-09T21:28:02.927+0000] {logging_mixin.py:190} INFO - [2025-11-09T21:28:02.926+0000] {dag.py:4180} INFO - Setting next_dagrun for example_subdag_operator.section-1 to None, run_after=None
[2025-11-09T21:28:02.934+0000] {logging_mixin.py:190} INFO - [2025-11-09T21:28:02.933+0000] {dag.py:4180} INFO - Setting next_dagrun for example_subdag_operator.section-2 to None, run_after=None
[2025-11-09T21:28:02.967+0000] {logging_mixin.py:190} INFO - [2025-11-09T21:28:02.967+0000] {dag.py:3239} INFO - Sync 2 DAGs
[2025-11-09T21:28:02.995+0000] {logging_mixin.py:190} INFO - [2025-11-09T21:28:02.992+0000] {dag.py:4180} INFO - Setting next_dagrun for example_subdag_operator.section-1 to None, run_after=None
[2025-11-09T21:28:03.000+0000] {logging_mixin.py:190} INFO - [2025-11-09T21:28:02.999+0000] {dag.py:4180} INFO - Setting next_dagrun for example_subdag_operator.section-2 to None, run_after=None
[2025-11-09T21:28:03.048+0000] {processor.py:208} INFO - Processing /home/airflow/.local/lib/python3.12/site-packages/airflow/example_dags/example_subdag_operator.py took 0.693 seconds
[2025-11-09T21:28:33.852+0000] {processor.py:186} INFO - Started process (PID=2633) to work on /home/airflow/.local/lib/python3.12/site-packages/airflow/example_dags/example_subdag_operator.py
[2025-11-09T21:28:33.854+0000] {processor.py:914} INFO - Processing file /home/airflow/.local/lib/python3.12/site-packages/airflow/example_dags/example_subdag_operator.py for tasks to queue
[2025-11-09T21:28:33.859+0000] {logging_mixin.py:190} INFO - [2025-11-09T21:28:33.859+0000] {dagbag.py:588} INFO - Filling up the DagBag from /home/airflow/.local/lib/python3.12/site-packages/airflow/example_dags/example_subdag_operator.py
[2025-11-09T21:28:33.913+0000] {processor.py:925} INFO - DAG(s) 'example_subdag_operator.section-1', 'example_subdag_operator.section-2', 'example_subdag_operator' retrieved from /home/airflow/.local/lib/python3.12/site-packages/airflow/example_dags/example_subdag_operator.py
[2025-11-09T21:28:33.945+0000] {logging_mixin.py:190} INFO - [2025-11-09T21:28:33.945+0000] {dag.py:3239} INFO - Sync 3 DAGs
[2025-11-09T21:28:33.990+0000] {logging_mixin.py:190} INFO - [2025-11-09T21:28:33.990+0000] {dag.py:4180} INFO - Setting next_dagrun for example_subdag_operator to 2022-01-01 00:00:00+00:00, run_after=2022-01-01 00:00:00+00:00
[2025-11-09T21:28:33.996+0000] {logging_mixin.py:190} INFO - [2025-11-09T21:28:33.996+0000] {dag.py:4180} INFO - Setting next_dagrun for example_subdag_operator.section-1 to None, run_after=None
[2025-11-09T21:28:33.998+0000] {logging_mixin.py:190} INFO - [2025-11-09T21:28:33.998+0000] {dag.py:4180} INFO - Setting next_dagrun for example_subdag_operator.section-2 to None, run_after=None
[2025-11-09T21:28:34.011+0000] {logging_mixin.py:190} INFO - [2025-11-09T21:28:34.011+0000] {dag.py:3239} INFO - Sync 2 DAGs
[2025-11-09T21:28:34.022+0000] {logging_mixin.py:190} INFO - [2025-11-09T21:28:34.021+0000] {dag.py:4180} INFO - Setting next_dagrun for example_subdag_operator.section-1 to None, run_after=None
[2025-11-09T21:28:34.024+0000] {logging_mixin.py:190} INFO - [2025-11-09T21:28:34.024+0000] {dag.py:4180} INFO - Setting next_dagrun for example_subdag_operator.section-2 to None, run_after=None
[2025-11-09T21:28:34.051+0000] {processor.py:208} INFO - Processing /home/airflow/.local/lib/python3.12/site-packages/airflow/example_dags/example_subdag_operator.py took 0.211 seconds
[2025-11-09T21:29:04.719+0000] {processor.py:186} INFO - Started process (PID=2697) to work on /home/airflow/.local/lib/python3.12/site-packages/airflow/example_dags/example_subdag_operator.py
[2025-11-09T21:29:04.722+0000] {processor.py:914} INFO - Processing file /home/airflow/.local/lib/python3.12/site-packages/airflow/example_dags/example_subdag_operator.py for tasks to queue
[2025-11-09T21:29:04.731+0000] {logging_mixin.py:190} INFO - [2025-11-09T21:29:04.730+0000] {dagbag.py:588} INFO - Filling up the DagBag from /home/airflow/.local/lib/python3.12/site-packages/airflow/example_dags/example_subdag_operator.py
[2025-11-09T21:29:04.814+0000] {processor.py:925} INFO - DAG(s) 'example_subdag_operator.section-1', 'example_subdag_operator.section-2', 'example_subdag_operator' retrieved from /home/airflow/.local/lib/python3.12/site-packages/airflow/example_dags/example_subdag_operator.py
[2025-11-09T21:29:04.855+0000] {logging_mixin.py:190} INFO - [2025-11-09T21:29:04.854+0000] {dag.py:3239} INFO - Sync 3 DAGs
[2025-11-09T21:29:04.926+0000] {logging_mixin.py:190} INFO - [2025-11-09T21:29:04.925+0000] {dag.py:4180} INFO - Setting next_dagrun for example_subdag_operator to 2022-01-01 00:00:00+00:00, run_after=2022-01-01 00:00:00+00:00
[2025-11-09T21:29:04.937+0000] {logging_mixin.py:190} INFO - [2025-11-09T21:29:04.936+0000] {dag.py:4180} INFO - Setting next_dagrun for example_subdag_operator.section-1 to None, run_after=None
[2025-11-09T21:29:04.945+0000] {logging_mixin.py:190} INFO - [2025-11-09T21:29:04.944+0000] {dag.py:4180} INFO - Setting next_dagrun for example_subdag_operator.section-2 to None, run_after=None
[2025-11-09T21:29:04.967+0000] {logging_mixin.py:190} INFO - [2025-11-09T21:29:04.967+0000] {dag.py:3239} INFO - Sync 2 DAGs
[2025-11-09T21:29:04.983+0000] {logging_mixin.py:190} INFO - [2025-11-09T21:29:04.983+0000] {dag.py:4180} INFO - Setting next_dagrun for example_subdag_operator.section-1 to None, run_after=None
[2025-11-09T21:29:04.985+0000] {logging_mixin.py:190} INFO - [2025-11-09T21:29:04.985+0000] {dag.py:4180} INFO - Setting next_dagrun for example_subdag_operator.section-2 to None, run_after=None
[2025-11-09T21:29:05.019+0000] {processor.py:208} INFO - Processing /home/airflow/.local/lib/python3.12/site-packages/airflow/example_dags/example_subdag_operator.py took 0.315 seconds
[2025-11-09T21:29:35.263+0000] {processor.py:186} INFO - Started process (PID=2762) to work on /home/airflow/.local/lib/python3.12/site-packages/airflow/example_dags/example_subdag_operator.py
[2025-11-09T21:29:35.266+0000] {processor.py:914} INFO - Processing file /home/airflow/.local/lib/python3.12/site-packages/airflow/example_dags/example_subdag_operator.py for tasks to queue
[2025-11-09T21:29:35.271+0000] {logging_mixin.py:190} INFO - [2025-11-09T21:29:35.271+0000] {dagbag.py:588} INFO - Filling up the DagBag from /home/airflow/.local/lib/python3.12/site-packages/airflow/example_dags/example_subdag_operator.py
[2025-11-09T21:29:35.321+0000] {processor.py:925} INFO - DAG(s) 'example_subdag_operator.section-1', 'example_subdag_operator.section-2', 'example_subdag_operator' retrieved from /home/airflow/.local/lib/python3.12/site-packages/airflow/example_dags/example_subdag_operator.py
[2025-11-09T21:29:35.347+0000] {logging_mixin.py:190} INFO - [2025-11-09T21:29:35.347+0000] {dag.py:3239} INFO - Sync 3 DAGs
[2025-11-09T21:29:35.388+0000] {logging_mixin.py:190} INFO - [2025-11-09T21:29:35.387+0000] {dag.py:4180} INFO - Setting next_dagrun for example_subdag_operator to 2022-01-01 00:00:00+00:00, run_after=2022-01-01 00:00:00+00:00
[2025-11-09T21:29:35.395+0000] {logging_mixin.py:190} INFO - [2025-11-09T21:29:35.394+0000] {dag.py:4180} INFO - Setting next_dagrun for example_subdag_operator.section-1 to None, run_after=None
[2025-11-09T21:29:35.397+0000] {logging_mixin.py:190} INFO - [2025-11-09T21:29:35.397+0000] {dag.py:4180} INFO - Setting next_dagrun for example_subdag_operator.section-2 to None, run_after=None
[2025-11-09T21:29:35.409+0000] {logging_mixin.py:190} INFO - [2025-11-09T21:29:35.409+0000] {dag.py:3239} INFO - Sync 2 DAGs
[2025-11-09T21:29:35.422+0000] {logging_mixin.py:190} INFO - [2025-11-09T21:29:35.422+0000] {dag.py:4180} INFO - Setting next_dagrun for example_subdag_operator.section-1 to None, run_after=None
[2025-11-09T21:29:35.424+0000] {logging_mixin.py:190} INFO - [2025-11-09T21:29:35.423+0000] {dag.py:4180} INFO - Setting next_dagrun for example_subdag_operator.section-2 to None, run_after=None
[2025-11-09T21:29:35.445+0000] {processor.py:208} INFO - Processing /home/airflow/.local/lib/python3.12/site-packages/airflow/example_dags/example_subdag_operator.py took 0.192 seconds
[2025-11-09T21:30:05.591+0000] {processor.py:186} INFO - Started process (PID=2826) to work on /home/airflow/.local/lib/python3.12/site-packages/airflow/example_dags/example_subdag_operator.py
[2025-11-09T21:30:05.593+0000] {processor.py:914} INFO - Processing file /home/airflow/.local/lib/python3.12/site-packages/airflow/example_dags/example_subdag_operator.py for tasks to queue
[2025-11-09T21:30:05.599+0000] {logging_mixin.py:190} INFO - [2025-11-09T21:30:05.598+0000] {dagbag.py:588} INFO - Filling up the DagBag from /home/airflow/.local/lib/python3.12/site-packages/airflow/example_dags/example_subdag_operator.py
[2025-11-09T21:30:05.647+0000] {processor.py:925} INFO - DAG(s) 'example_subdag_operator.section-1', 'example_subdag_operator.section-2', 'example_subdag_operator' retrieved from /home/airflow/.local/lib/python3.12/site-packages/airflow/example_dags/example_subdag_operator.py
[2025-11-09T21:30:05.669+0000] {logging_mixin.py:190} INFO - [2025-11-09T21:30:05.669+0000] {dag.py:3239} INFO - Sync 3 DAGs
[2025-11-09T21:30:05.705+0000] {logging_mixin.py:190} INFO - [2025-11-09T21:30:05.705+0000] {dag.py:4180} INFO - Setting next_dagrun for example_subdag_operator to 2022-01-01 00:00:00+00:00, run_after=2022-01-01 00:00:00+00:00
[2025-11-09T21:30:05.713+0000] {logging_mixin.py:190} INFO - [2025-11-09T21:30:05.713+0000] {dag.py:4180} INFO - Setting next_dagrun for example_subdag_operator.section-1 to None, run_after=None
[2025-11-09T21:30:05.717+0000] {logging_mixin.py:190} INFO - [2025-11-09T21:30:05.716+0000] {dag.py:4180} INFO - Setting next_dagrun for example_subdag_operator.section-2 to None, run_after=None
[2025-11-09T21:30:05.732+0000] {logging_mixin.py:190} INFO - [2025-11-09T21:30:05.732+0000] {dag.py:3239} INFO - Sync 2 DAGs
[2025-11-09T21:30:05.742+0000] {logging_mixin.py:190} INFO - [2025-11-09T21:30:05.742+0000] {dag.py:4180} INFO - Setting next_dagrun for example_subdag_operator.section-1 to None, run_after=None
[2025-11-09T21:30:05.744+0000] {logging_mixin.py:190} INFO - [2025-11-09T21:30:05.744+0000] {dag.py:4180} INFO - Setting next_dagrun for example_subdag_operator.section-2 to None, run_after=None
[2025-11-09T21:30:05.765+0000] {processor.py:208} INFO - Processing /home/airflow/.local/lib/python3.12/site-packages/airflow/example_dags/example_subdag_operator.py took 0.183 seconds
[2025-11-09T21:30:36.093+0000] {processor.py:186} INFO - Started process (PID=2892) to work on /home/airflow/.local/lib/python3.12/site-packages/airflow/example_dags/example_subdag_operator.py
[2025-11-09T21:30:36.095+0000] {processor.py:914} INFO - Processing file /home/airflow/.local/lib/python3.12/site-packages/airflow/example_dags/example_subdag_operator.py for tasks to queue
[2025-11-09T21:30:36.100+0000] {logging_mixin.py:190} INFO - [2025-11-09T21:30:36.099+0000] {dagbag.py:588} INFO - Filling up the DagBag from /home/airflow/.local/lib/python3.12/site-packages/airflow/example_dags/example_subdag_operator.py
[2025-11-09T21:30:36.151+0000] {processor.py:925} INFO - DAG(s) 'example_subdag_operator.section-1', 'example_subdag_operator.section-2', 'example_subdag_operator' retrieved from /home/airflow/.local/lib/python3.12/site-packages/airflow/example_dags/example_subdag_operator.py
[2025-11-09T21:30:36.183+0000] {logging_mixin.py:190} INFO - [2025-11-09T21:30:36.182+0000] {dag.py:3239} INFO - Sync 3 DAGs
[2025-11-09T21:30:36.227+0000] {logging_mixin.py:190} INFO - [2025-11-09T21:30:36.227+0000] {dag.py:4180} INFO - Setting next_dagrun for example_subdag_operator to 2022-01-01 00:00:00+00:00, run_after=2022-01-01 00:00:00+00:00
[2025-11-09T21:30:36.235+0000] {logging_mixin.py:190} INFO - [2025-11-09T21:30:36.234+0000] {dag.py:4180} INFO - Setting next_dagrun for example_subdag_operator.section-1 to None, run_after=None
[2025-11-09T21:30:36.237+0000] {logging_mixin.py:190} INFO - [2025-11-09T21:30:36.237+0000] {dag.py:4180} INFO - Setting next_dagrun for example_subdag_operator.section-2 to None, run_after=None
[2025-11-09T21:30:36.251+0000] {logging_mixin.py:190} INFO - [2025-11-09T21:30:36.250+0000] {dag.py:3239} INFO - Sync 2 DAGs
[2025-11-09T21:30:36.263+0000] {logging_mixin.py:190} INFO - [2025-11-09T21:30:36.262+0000] {dag.py:4180} INFO - Setting next_dagrun for example_subdag_operator.section-1 to None, run_after=None
[2025-11-09T21:30:36.264+0000] {logging_mixin.py:190} INFO - [2025-11-09T21:30:36.264+0000] {dag.py:4180} INFO - Setting next_dagrun for example_subdag_operator.section-2 to None, run_after=None
[2025-11-09T21:30:36.288+0000] {processor.py:208} INFO - Processing /home/airflow/.local/lib/python3.12/site-packages/airflow/example_dags/example_subdag_operator.py took 0.206 seconds
[2025-11-09T21:31:06.646+0000] {processor.py:186} INFO - Started process (PID=2956) to work on /home/airflow/.local/lib/python3.12/site-packages/airflow/example_dags/example_subdag_operator.py
[2025-11-09T21:31:06.649+0000] {processor.py:914} INFO - Processing file /home/airflow/.local/lib/python3.12/site-packages/airflow/example_dags/example_subdag_operator.py for tasks to queue
[2025-11-09T21:31:06.657+0000] {logging_mixin.py:190} INFO - [2025-11-09T21:31:06.656+0000] {dagbag.py:588} INFO - Filling up the DagBag from /home/airflow/.local/lib/python3.12/site-packages/airflow/example_dags/example_subdag_operator.py
[2025-11-09T21:31:06.741+0000] {processor.py:925} INFO - DAG(s) 'example_subdag_operator.section-1', 'example_subdag_operator.section-2', 'example_subdag_operator' retrieved from /home/airflow/.local/lib/python3.12/site-packages/airflow/example_dags/example_subdag_operator.py
[2025-11-09T21:31:06.796+0000] {logging_mixin.py:190} INFO - [2025-11-09T21:31:06.796+0000] {dag.py:3239} INFO - Sync 3 DAGs
[2025-11-09T21:31:06.877+0000] {logging_mixin.py:190} INFO - [2025-11-09T21:31:06.876+0000] {dag.py:4180} INFO - Setting next_dagrun for example_subdag_operator to 2022-01-01 00:00:00+00:00, run_after=2022-01-01 00:00:00+00:00
[2025-11-09T21:31:06.888+0000] {logging_mixin.py:190} INFO - [2025-11-09T21:31:06.888+0000] {dag.py:4180} INFO - Setting next_dagrun for example_subdag_operator.section-1 to None, run_after=None
[2025-11-09T21:31:06.892+0000] {logging_mixin.py:190} INFO - [2025-11-09T21:31:06.892+0000] {dag.py:4180} INFO - Setting next_dagrun for example_subdag_operator.section-2 to None, run_after=None
[2025-11-09T21:31:06.913+0000] {logging_mixin.py:190} INFO - [2025-11-09T21:31:06.913+0000] {dag.py:3239} INFO - Sync 2 DAGs
[2025-11-09T21:31:06.930+0000] {logging_mixin.py:190} INFO - [2025-11-09T21:31:06.929+0000] {dag.py:4180} INFO - Setting next_dagrun for example_subdag_operator.section-1 to None, run_after=None
[2025-11-09T21:31:06.932+0000] {logging_mixin.py:190} INFO - [2025-11-09T21:31:06.931+0000] {dag.py:4180} INFO - Setting next_dagrun for example_subdag_operator.section-2 to None, run_after=None
[2025-11-09T21:31:06.965+0000] {processor.py:208} INFO - Processing /home/airflow/.local/lib/python3.12/site-packages/airflow/example_dags/example_subdag_operator.py took 0.337 seconds
[2025-11-09T21:31:37.926+0000] {processor.py:186} INFO - Started process (PID=3020) to work on /home/airflow/.local/lib/python3.12/site-packages/airflow/example_dags/example_subdag_operator.py
[2025-11-09T21:31:37.929+0000] {processor.py:914} INFO - Processing file /home/airflow/.local/lib/python3.12/site-packages/airflow/example_dags/example_subdag_operator.py for tasks to queue
[2025-11-09T21:31:37.934+0000] {logging_mixin.py:190} INFO - [2025-11-09T21:31:37.933+0000] {dagbag.py:588} INFO - Filling up the DagBag from /home/airflow/.local/lib/python3.12/site-packages/airflow/example_dags/example_subdag_operator.py
[2025-11-09T21:31:37.991+0000] {processor.py:925} INFO - DAG(s) 'example_subdag_operator.section-1', 'example_subdag_operator.section-2', 'example_subdag_operator' retrieved from /home/airflow/.local/lib/python3.12/site-packages/airflow/example_dags/example_subdag_operator.py
[2025-11-09T21:31:38.024+0000] {logging_mixin.py:190} INFO - [2025-11-09T21:31:38.023+0000] {dag.py:3239} INFO - Sync 3 DAGs
[2025-11-09T21:31:38.073+0000] {logging_mixin.py:190} INFO - [2025-11-09T21:31:38.073+0000] {dag.py:4180} INFO - Setting next_dagrun for example_subdag_operator to 2022-01-01 00:00:00+00:00, run_after=2022-01-01 00:00:00+00:00
[2025-11-09T21:31:38.083+0000] {logging_mixin.py:190} INFO - [2025-11-09T21:31:38.083+0000] {dag.py:4180} INFO - Setting next_dagrun for example_subdag_operator.section-1 to None, run_after=None
[2025-11-09T21:31:38.086+0000] {logging_mixin.py:190} INFO - [2025-11-09T21:31:38.086+0000] {dag.py:4180} INFO - Setting next_dagrun for example_subdag_operator.section-2 to None, run_after=None
[2025-11-09T21:31:38.102+0000] {logging_mixin.py:190} INFO - [2025-11-09T21:31:38.102+0000] {dag.py:3239} INFO - Sync 2 DAGs
[2025-11-09T21:31:38.114+0000] {logging_mixin.py:190} INFO - [2025-11-09T21:31:38.113+0000] {dag.py:4180} INFO - Setting next_dagrun for example_subdag_operator.section-1 to None, run_after=None
[2025-11-09T21:31:38.115+0000] {logging_mixin.py:190} INFO - [2025-11-09T21:31:38.115+0000] {dag.py:4180} INFO - Setting next_dagrun for example_subdag_operator.section-2 to None, run_after=None
[2025-11-09T21:31:38.141+0000] {processor.py:208} INFO - Processing /home/airflow/.local/lib/python3.12/site-packages/airflow/example_dags/example_subdag_operator.py took 0.225 seconds
[2025-11-09T21:32:09.183+0000] {processor.py:186} INFO - Started process (PID=3084) to work on /home/airflow/.local/lib/python3.12/site-packages/airflow/example_dags/example_subdag_operator.py
[2025-11-09T21:32:09.185+0000] {processor.py:914} INFO - Processing file /home/airflow/.local/lib/python3.12/site-packages/airflow/example_dags/example_subdag_operator.py for tasks to queue
[2025-11-09T21:32:09.191+0000] {logging_mixin.py:190} INFO - [2025-11-09T21:32:09.190+0000] {dagbag.py:588} INFO - Filling up the DagBag from /home/airflow/.local/lib/python3.12/site-packages/airflow/example_dags/example_subdag_operator.py
[2025-11-09T21:32:09.261+0000] {processor.py:925} INFO - DAG(s) 'example_subdag_operator.section-1', 'example_subdag_operator.section-2', 'example_subdag_operator' retrieved from /home/airflow/.local/lib/python3.12/site-packages/airflow/example_dags/example_subdag_operator.py
[2025-11-09T21:32:09.296+0000] {logging_mixin.py:190} INFO - [2025-11-09T21:32:09.296+0000] {dag.py:3239} INFO - Sync 3 DAGs
[2025-11-09T21:32:09.355+0000] {logging_mixin.py:190} INFO - [2025-11-09T21:32:09.355+0000] {dag.py:4180} INFO - Setting next_dagrun for example_subdag_operator to 2022-01-01 00:00:00+00:00, run_after=2022-01-01 00:00:00+00:00
[2025-11-09T21:32:09.364+0000] {logging_mixin.py:190} INFO - [2025-11-09T21:32:09.363+0000] {dag.py:4180} INFO - Setting next_dagrun for example_subdag_operator.section-1 to None, run_after=None
[2025-11-09T21:32:09.368+0000] {logging_mixin.py:190} INFO - [2025-11-09T21:32:09.368+0000] {dag.py:4180} INFO - Setting next_dagrun for example_subdag_operator.section-2 to None, run_after=None
[2025-11-09T21:32:09.385+0000] {logging_mixin.py:190} INFO - [2025-11-09T21:32:09.385+0000] {dag.py:3239} INFO - Sync 2 DAGs
[2025-11-09T21:32:09.399+0000] {logging_mixin.py:190} INFO - [2025-11-09T21:32:09.398+0000] {dag.py:4180} INFO - Setting next_dagrun for example_subdag_operator.section-1 to None, run_after=None
[2025-11-09T21:32:09.400+0000] {logging_mixin.py:190} INFO - [2025-11-09T21:32:09.399+0000] {dag.py:4180} INFO - Setting next_dagrun for example_subdag_operator.section-2 to None, run_after=None
[2025-11-09T21:32:09.429+0000] {processor.py:208} INFO - Processing /home/airflow/.local/lib/python3.12/site-packages/airflow/example_dags/example_subdag_operator.py took 0.262 seconds
[2025-11-09T21:32:39.819+0000] {processor.py:186} INFO - Started process (PID=3147) to work on /home/airflow/.local/lib/python3.12/site-packages/airflow/example_dags/example_subdag_operator.py
[2025-11-09T21:32:39.821+0000] {processor.py:914} INFO - Processing file /home/airflow/.local/lib/python3.12/site-packages/airflow/example_dags/example_subdag_operator.py for tasks to queue
[2025-11-09T21:32:39.826+0000] {logging_mixin.py:190} INFO - [2025-11-09T21:32:39.826+0000] {dagbag.py:588} INFO - Filling up the DagBag from /home/airflow/.local/lib/python3.12/site-packages/airflow/example_dags/example_subdag_operator.py
[2025-11-09T21:32:40.176+0000] {processor.py:925} INFO - DAG(s) 'example_subdag_operator.section-1', 'example_subdag_operator.section-2', 'example_subdag_operator' retrieved from /home/airflow/.local/lib/python3.12/site-packages/airflow/example_dags/example_subdag_operator.py
[2025-11-09T21:32:40.202+0000] {logging_mixin.py:190} INFO - [2025-11-09T21:32:40.202+0000] {dag.py:3239} INFO - Sync 3 DAGs
[2025-11-09T21:32:40.249+0000] {logging_mixin.py:190} INFO - [2025-11-09T21:32:40.249+0000] {dag.py:4180} INFO - Setting next_dagrun for example_subdag_operator to 2022-01-01 00:00:00+00:00, run_after=2022-01-01 00:00:00+00:00
[2025-11-09T21:32:40.257+0000] {logging_mixin.py:190} INFO - [2025-11-09T21:32:40.256+0000] {dag.py:4180} INFO - Setting next_dagrun for example_subdag_operator.section-1 to None, run_after=None
[2025-11-09T21:32:40.260+0000] {logging_mixin.py:190} INFO - [2025-11-09T21:32:40.259+0000] {dag.py:4180} INFO - Setting next_dagrun for example_subdag_operator.section-2 to None, run_after=None
[2025-11-09T21:32:40.274+0000] {logging_mixin.py:190} INFO - [2025-11-09T21:32:40.273+0000] {dag.py:3239} INFO - Sync 2 DAGs
[2025-11-09T21:32:40.288+0000] {logging_mixin.py:190} INFO - [2025-11-09T21:32:40.287+0000] {dag.py:4180} INFO - Setting next_dagrun for example_subdag_operator.section-1 to None, run_after=None
[2025-11-09T21:32:40.289+0000] {logging_mixin.py:190} INFO - [2025-11-09T21:32:40.289+0000] {dag.py:4180} INFO - Setting next_dagrun for example_subdag_operator.section-2 to None, run_after=None
[2025-11-09T21:32:40.309+0000] {processor.py:208} INFO - Processing /home/airflow/.local/lib/python3.12/site-packages/airflow/example_dags/example_subdag_operator.py took 0.504 seconds
[2025-11-09T21:33:10.861+0000] {processor.py:186} INFO - Started process (PID=3212) to work on /home/airflow/.local/lib/python3.12/site-packages/airflow/example_dags/example_subdag_operator.py
[2025-11-09T21:33:10.864+0000] {processor.py:914} INFO - Processing file /home/airflow/.local/lib/python3.12/site-packages/airflow/example_dags/example_subdag_operator.py for tasks to queue
[2025-11-09T21:33:10.869+0000] {logging_mixin.py:190} INFO - [2025-11-09T21:33:10.868+0000] {dagbag.py:588} INFO - Filling up the DagBag from /home/airflow/.local/lib/python3.12/site-packages/airflow/example_dags/example_subdag_operator.py
[2025-11-09T21:33:10.925+0000] {processor.py:925} INFO - DAG(s) 'example_subdag_operator.section-1', 'example_subdag_operator.section-2', 'example_subdag_operator' retrieved from /home/airflow/.local/lib/python3.12/site-packages/airflow/example_dags/example_subdag_operator.py
[2025-11-09T21:33:10.951+0000] {logging_mixin.py:190} INFO - [2025-11-09T21:33:10.951+0000] {dag.py:3239} INFO - Sync 3 DAGs
[2025-11-09T21:33:10.991+0000] {logging_mixin.py:190} INFO - [2025-11-09T21:33:10.990+0000] {dag.py:4180} INFO - Setting next_dagrun for example_subdag_operator to 2022-01-01 00:00:00+00:00, run_after=2022-01-01 00:00:00+00:00
[2025-11-09T21:33:10.997+0000] {logging_mixin.py:190} INFO - [2025-11-09T21:33:10.997+0000] {dag.py:4180} INFO - Setting next_dagrun for example_subdag_operator.section-1 to None, run_after=None
[2025-11-09T21:33:11.003+0000] {logging_mixin.py:190} INFO - [2025-11-09T21:33:11.003+0000] {dag.py:4180} INFO - Setting next_dagrun for example_subdag_operator.section-2 to None, run_after=None
[2025-11-09T21:33:11.017+0000] {logging_mixin.py:190} INFO - [2025-11-09T21:33:11.016+0000] {dag.py:3239} INFO - Sync 2 DAGs
[2025-11-09T21:33:11.028+0000] {logging_mixin.py:190} INFO - [2025-11-09T21:33:11.027+0000] {dag.py:4180} INFO - Setting next_dagrun for example_subdag_operator.section-1 to None, run_after=None
[2025-11-09T21:33:11.029+0000] {logging_mixin.py:190} INFO - [2025-11-09T21:33:11.029+0000] {dag.py:4180} INFO - Setting next_dagrun for example_subdag_operator.section-2 to None, run_after=None
[2025-11-09T21:33:11.050+0000] {processor.py:208} INFO - Processing /home/airflow/.local/lib/python3.12/site-packages/airflow/example_dags/example_subdag_operator.py took 0.202 seconds
[2025-11-09T21:33:41.320+0000] {processor.py:186} INFO - Started process (PID=3276) to work on /home/airflow/.local/lib/python3.12/site-packages/airflow/example_dags/example_subdag_operator.py
[2025-11-09T21:33:41.322+0000] {processor.py:914} INFO - Processing file /home/airflow/.local/lib/python3.12/site-packages/airflow/example_dags/example_subdag_operator.py for tasks to queue
[2025-11-09T21:33:41.328+0000] {logging_mixin.py:190} INFO - [2025-11-09T21:33:41.327+0000] {dagbag.py:588} INFO - Filling up the DagBag from /home/airflow/.local/lib/python3.12/site-packages/airflow/example_dags/example_subdag_operator.py
[2025-11-09T21:33:41.388+0000] {processor.py:925} INFO - DAG(s) 'example_subdag_operator.section-1', 'example_subdag_operator.section-2', 'example_subdag_operator' retrieved from /home/airflow/.local/lib/python3.12/site-packages/airflow/example_dags/example_subdag_operator.py
[2025-11-09T21:33:41.425+0000] {logging_mixin.py:190} INFO - [2025-11-09T21:33:41.424+0000] {dag.py:3239} INFO - Sync 3 DAGs
[2025-11-09T21:33:41.481+0000] {logging_mixin.py:190} INFO - [2025-11-09T21:33:41.481+0000] {dag.py:4180} INFO - Setting next_dagrun for example_subdag_operator to 2022-01-01 00:00:00+00:00, run_after=2022-01-01 00:00:00+00:00
[2025-11-09T21:33:41.489+0000] {logging_mixin.py:190} INFO - [2025-11-09T21:33:41.488+0000] {dag.py:4180} INFO - Setting next_dagrun for example_subdag_operator.section-1 to None, run_after=None
[2025-11-09T21:33:41.491+0000] {logging_mixin.py:190} INFO - [2025-11-09T21:33:41.491+0000] {dag.py:4180} INFO - Setting next_dagrun for example_subdag_operator.section-2 to None, run_after=None
[2025-11-09T21:33:41.507+0000] {logging_mixin.py:190} INFO - [2025-11-09T21:33:41.506+0000] {dag.py:3239} INFO - Sync 2 DAGs
[2025-11-09T21:33:41.519+0000] {logging_mixin.py:190} INFO - [2025-11-09T21:33:41.518+0000] {dag.py:4180} INFO - Setting next_dagrun for example_subdag_operator.section-1 to None, run_after=None
[2025-11-09T21:33:41.520+0000] {logging_mixin.py:190} INFO - [2025-11-09T21:33:41.519+0000] {dag.py:4180} INFO - Setting next_dagrun for example_subdag_operator.section-2 to None, run_after=None
[2025-11-09T21:33:41.540+0000] {processor.py:208} INFO - Processing /home/airflow/.local/lib/python3.12/site-packages/airflow/example_dags/example_subdag_operator.py took 0.238 seconds
[2025-11-09T21:34:11.823+0000] {processor.py:186} INFO - Started process (PID=3339) to work on /home/airflow/.local/lib/python3.12/site-packages/airflow/example_dags/example_subdag_operator.py
[2025-11-09T21:34:11.826+0000] {processor.py:914} INFO - Processing file /home/airflow/.local/lib/python3.12/site-packages/airflow/example_dags/example_subdag_operator.py for tasks to queue
[2025-11-09T21:34:11.831+0000] {logging_mixin.py:190} INFO - [2025-11-09T21:34:11.831+0000] {dagbag.py:588} INFO - Filling up the DagBag from /home/airflow/.local/lib/python3.12/site-packages/airflow/example_dags/example_subdag_operator.py
[2025-11-09T21:34:11.888+0000] {processor.py:925} INFO - DAG(s) 'example_subdag_operator.section-1', 'example_subdag_operator.section-2', 'example_subdag_operator' retrieved from /home/airflow/.local/lib/python3.12/site-packages/airflow/example_dags/example_subdag_operator.py
[2025-11-09T21:34:11.926+0000] {logging_mixin.py:190} INFO - [2025-11-09T21:34:11.925+0000] {dag.py:3239} INFO - Sync 3 DAGs
[2025-11-09T21:34:11.977+0000] {logging_mixin.py:190} INFO - [2025-11-09T21:34:11.977+0000] {dag.py:4180} INFO - Setting next_dagrun for example_subdag_operator to 2022-01-01 00:00:00+00:00, run_after=2022-01-01 00:00:00+00:00
[2025-11-09T21:34:11.986+0000] {logging_mixin.py:190} INFO - [2025-11-09T21:34:11.985+0000] {dag.py:4180} INFO - Setting next_dagrun for example_subdag_operator.section-1 to None, run_after=None
[2025-11-09T21:34:11.989+0000] {logging_mixin.py:190} INFO - [2025-11-09T21:34:11.989+0000] {dag.py:4180} INFO - Setting next_dagrun for example_subdag_operator.section-2 to None, run_after=None
[2025-11-09T21:34:12.005+0000] {logging_mixin.py:190} INFO - [2025-11-09T21:34:12.005+0000] {dag.py:3239} INFO - Sync 2 DAGs
[2025-11-09T21:34:12.017+0000] {logging_mixin.py:190} INFO - [2025-11-09T21:34:12.016+0000] {dag.py:4180} INFO - Setting next_dagrun for example_subdag_operator.section-1 to None, run_after=None
[2025-11-09T21:34:12.018+0000] {logging_mixin.py:190} INFO - [2025-11-09T21:34:12.018+0000] {dag.py:4180} INFO - Setting next_dagrun for example_subdag_operator.section-2 to None, run_after=None
[2025-11-09T21:34:12.040+0000] {processor.py:208} INFO - Processing /home/airflow/.local/lib/python3.12/site-packages/airflow/example_dags/example_subdag_operator.py took 0.231 seconds
[2025-11-09T21:34:42.370+0000] {processor.py:186} INFO - Started process (PID=3403) to work on /home/airflow/.local/lib/python3.12/site-packages/airflow/example_dags/example_subdag_operator.py
[2025-11-09T21:34:42.372+0000] {processor.py:914} INFO - Processing file /home/airflow/.local/lib/python3.12/site-packages/airflow/example_dags/example_subdag_operator.py for tasks to queue
[2025-11-09T21:34:42.377+0000] {logging_mixin.py:190} INFO - [2025-11-09T21:34:42.377+0000] {dagbag.py:588} INFO - Filling up the DagBag from /home/airflow/.local/lib/python3.12/site-packages/airflow/example_dags/example_subdag_operator.py
[2025-11-09T21:34:42.439+0000] {processor.py:925} INFO - DAG(s) 'example_subdag_operator.section-1', 'example_subdag_operator.section-2', 'example_subdag_operator' retrieved from /home/airflow/.local/lib/python3.12/site-packages/airflow/example_dags/example_subdag_operator.py
[2025-11-09T21:34:42.483+0000] {logging_mixin.py:190} INFO - [2025-11-09T21:34:42.483+0000] {dag.py:3239} INFO - Sync 3 DAGs
[2025-11-09T21:34:42.536+0000] {logging_mixin.py:190} INFO - [2025-11-09T21:34:42.536+0000] {dag.py:4180} INFO - Setting next_dagrun for example_subdag_operator to 2022-01-01 00:00:00+00:00, run_after=2022-01-01 00:00:00+00:00
[2025-11-09T21:34:42.547+0000] {logging_mixin.py:190} INFO - [2025-11-09T21:34:42.547+0000] {dag.py:4180} INFO - Setting next_dagrun for example_subdag_operator.section-1 to None, run_after=None
[2025-11-09T21:34:42.552+0000] {logging_mixin.py:190} INFO - [2025-11-09T21:34:42.551+0000] {dag.py:4180} INFO - Setting next_dagrun for example_subdag_operator.section-2 to None, run_after=None
[2025-11-09T21:34:42.570+0000] {logging_mixin.py:190} INFO - [2025-11-09T21:34:42.569+0000] {dag.py:3239} INFO - Sync 2 DAGs
[2025-11-09T21:34:42.583+0000] {logging_mixin.py:190} INFO - [2025-11-09T21:34:42.582+0000] {dag.py:4180} INFO - Setting next_dagrun for example_subdag_operator.section-1 to None, run_after=None
[2025-11-09T21:34:42.584+0000] {logging_mixin.py:190} INFO - [2025-11-09T21:34:42.584+0000] {dag.py:4180} INFO - Setting next_dagrun for example_subdag_operator.section-2 to None, run_after=None
[2025-11-09T21:34:42.609+0000] {processor.py:208} INFO - Processing /home/airflow/.local/lib/python3.12/site-packages/airflow/example_dags/example_subdag_operator.py took 0.253 seconds
[2025-11-09T21:35:13.376+0000] {processor.py:186} INFO - Started process (PID=3468) to work on /home/airflow/.local/lib/python3.12/site-packages/airflow/example_dags/example_subdag_operator.py
[2025-11-09T21:35:13.380+0000] {processor.py:914} INFO - Processing file /home/airflow/.local/lib/python3.12/site-packages/airflow/example_dags/example_subdag_operator.py for tasks to queue
[2025-11-09T21:35:13.388+0000] {logging_mixin.py:190} INFO - [2025-11-09T21:35:13.387+0000] {dagbag.py:588} INFO - Filling up the DagBag from /home/airflow/.local/lib/python3.12/site-packages/airflow/example_dags/example_subdag_operator.py
[2025-11-09T21:35:13.492+0000] {processor.py:925} INFO - DAG(s) 'example_subdag_operator.section-1', 'example_subdag_operator.section-2', 'example_subdag_operator' retrieved from /home/airflow/.local/lib/python3.12/site-packages/airflow/example_dags/example_subdag_operator.py
[2025-11-09T21:35:13.556+0000] {logging_mixin.py:190} INFO - [2025-11-09T21:35:13.555+0000] {dag.py:3239} INFO - Sync 3 DAGs
[2025-11-09T21:35:13.647+0000] {logging_mixin.py:190} INFO - [2025-11-09T21:35:13.646+0000] {dag.py:4180} INFO - Setting next_dagrun for example_subdag_operator to 2022-01-01 00:00:00+00:00, run_after=2022-01-01 00:00:00+00:00
[2025-11-09T21:35:13.666+0000] {logging_mixin.py:190} INFO - [2025-11-09T21:35:13.665+0000] {dag.py:4180} INFO - Setting next_dagrun for example_subdag_operator.section-1 to None, run_after=None
[2025-11-09T21:35:13.672+0000] {logging_mixin.py:190} INFO - [2025-11-09T21:35:13.671+0000] {dag.py:4180} INFO - Setting next_dagrun for example_subdag_operator.section-2 to None, run_after=None
[2025-11-09T21:35:13.698+0000] {logging_mixin.py:190} INFO - [2025-11-09T21:35:13.697+0000] {dag.py:3239} INFO - Sync 2 DAGs
[2025-11-09T21:35:13.721+0000] {logging_mixin.py:190} INFO - [2025-11-09T21:35:13.720+0000] {dag.py:4180} INFO - Setting next_dagrun for example_subdag_operator.section-1 to None, run_after=None
[2025-11-09T21:35:13.724+0000] {logging_mixin.py:190} INFO - [2025-11-09T21:35:13.723+0000] {dag.py:4180} INFO - Setting next_dagrun for example_subdag_operator.section-2 to None, run_after=None
[2025-11-09T21:35:13.763+0000] {processor.py:208} INFO - Processing /home/airflow/.local/lib/python3.12/site-packages/airflow/example_dags/example_subdag_operator.py took 0.412 seconds
[2025-11-09T21:35:44.505+0000] {processor.py:186} INFO - Started process (PID=3531) to work on /home/airflow/.local/lib/python3.12/site-packages/airflow/example_dags/example_subdag_operator.py
[2025-11-09T21:35:44.508+0000] {processor.py:914} INFO - Processing file /home/airflow/.local/lib/python3.12/site-packages/airflow/example_dags/example_subdag_operator.py for tasks to queue
[2025-11-09T21:35:44.516+0000] {logging_mixin.py:190} INFO - [2025-11-09T21:35:44.515+0000] {dagbag.py:588} INFO - Filling up the DagBag from /home/airflow/.local/lib/python3.12/site-packages/airflow/example_dags/example_subdag_operator.py
[2025-11-09T21:35:44.593+0000] {processor.py:925} INFO - DAG(s) 'example_subdag_operator.section-1', 'example_subdag_operator.section-2', 'example_subdag_operator' retrieved from /home/airflow/.local/lib/python3.12/site-packages/airflow/example_dags/example_subdag_operator.py
[2025-11-09T21:35:44.629+0000] {logging_mixin.py:190} INFO - [2025-11-09T21:35:44.628+0000] {dag.py:3239} INFO - Sync 3 DAGs
[2025-11-09T21:35:44.687+0000] {logging_mixin.py:190} INFO - [2025-11-09T21:35:44.687+0000] {dag.py:4180} INFO - Setting next_dagrun for example_subdag_operator to 2022-01-01 00:00:00+00:00, run_after=2022-01-01 00:00:00+00:00
[2025-11-09T21:35:44.698+0000] {logging_mixin.py:190} INFO - [2025-11-09T21:35:44.698+0000] {dag.py:4180} INFO - Setting next_dagrun for example_subdag_operator.section-1 to None, run_after=None
[2025-11-09T21:35:44.703+0000] {logging_mixin.py:190} INFO - [2025-11-09T21:35:44.702+0000] {dag.py:4180} INFO - Setting next_dagrun for example_subdag_operator.section-2 to None, run_after=None
[2025-11-09T21:35:44.722+0000] {logging_mixin.py:190} INFO - [2025-11-09T21:35:44.722+0000] {dag.py:3239} INFO - Sync 2 DAGs
[2025-11-09T21:35:44.737+0000] {logging_mixin.py:190} INFO - [2025-11-09T21:35:44.737+0000] {dag.py:4180} INFO - Setting next_dagrun for example_subdag_operator.section-1 to None, run_after=None
[2025-11-09T21:35:44.739+0000] {logging_mixin.py:190} INFO - [2025-11-09T21:35:44.738+0000] {dag.py:4180} INFO - Setting next_dagrun for example_subdag_operator.section-2 to None, run_after=None
[2025-11-09T21:35:44.765+0000] {processor.py:208} INFO - Processing /home/airflow/.local/lib/python3.12/site-packages/airflow/example_dags/example_subdag_operator.py took 0.279 seconds
[2025-11-09T21:36:14.945+0000] {processor.py:186} INFO - Started process (PID=3595) to work on /home/airflow/.local/lib/python3.12/site-packages/airflow/example_dags/example_subdag_operator.py
[2025-11-09T21:36:14.947+0000] {processor.py:914} INFO - Processing file /home/airflow/.local/lib/python3.12/site-packages/airflow/example_dags/example_subdag_operator.py for tasks to queue
[2025-11-09T21:36:14.953+0000] {logging_mixin.py:190} INFO - [2025-11-09T21:36:14.952+0000] {dagbag.py:588} INFO - Filling up the DagBag from /home/airflow/.local/lib/python3.12/site-packages/airflow/example_dags/example_subdag_operator.py
[2025-11-09T21:36:15.012+0000] {processor.py:925} INFO - DAG(s) 'example_subdag_operator.section-1', 'example_subdag_operator.section-2', 'example_subdag_operator' retrieved from /home/airflow/.local/lib/python3.12/site-packages/airflow/example_dags/example_subdag_operator.py
[2025-11-09T21:36:15.039+0000] {logging_mixin.py:190} INFO - [2025-11-09T21:36:15.039+0000] {dag.py:3239} INFO - Sync 3 DAGs
[2025-11-09T21:36:15.085+0000] {logging_mixin.py:190} INFO - [2025-11-09T21:36:15.084+0000] {dag.py:4180} INFO - Setting next_dagrun for example_subdag_operator to 2022-01-01 00:00:00+00:00, run_after=2022-01-01 00:00:00+00:00
[2025-11-09T21:36:15.092+0000] {logging_mixin.py:190} INFO - [2025-11-09T21:36:15.092+0000] {dag.py:4180} INFO - Setting next_dagrun for example_subdag_operator.section-1 to None, run_after=None
[2025-11-09T21:36:15.095+0000] {logging_mixin.py:190} INFO - [2025-11-09T21:36:15.095+0000] {dag.py:4180} INFO - Setting next_dagrun for example_subdag_operator.section-2 to None, run_after=None
[2025-11-09T21:36:15.110+0000] {logging_mixin.py:190} INFO - [2025-11-09T21:36:15.109+0000] {dag.py:3239} INFO - Sync 2 DAGs
[2025-11-09T21:36:15.121+0000] {logging_mixin.py:190} INFO - [2025-11-09T21:36:15.121+0000] {dag.py:4180} INFO - Setting next_dagrun for example_subdag_operator.section-1 to None, run_after=None
[2025-11-09T21:36:15.122+0000] {logging_mixin.py:190} INFO - [2025-11-09T21:36:15.122+0000] {dag.py:4180} INFO - Setting next_dagrun for example_subdag_operator.section-2 to None, run_after=None
[2025-11-09T21:36:15.146+0000] {processor.py:208} INFO - Processing /home/airflow/.local/lib/python3.12/site-packages/airflow/example_dags/example_subdag_operator.py took 0.214 seconds
[2025-11-09T21:36:45.402+0000] {processor.py:186} INFO - Started process (PID=3658) to work on /home/airflow/.local/lib/python3.12/site-packages/airflow/example_dags/example_subdag_operator.py
[2025-11-09T21:36:45.405+0000] {processor.py:914} INFO - Processing file /home/airflow/.local/lib/python3.12/site-packages/airflow/example_dags/example_subdag_operator.py for tasks to queue
[2025-11-09T21:36:45.412+0000] {logging_mixin.py:190} INFO - [2025-11-09T21:36:45.411+0000] {dagbag.py:588} INFO - Filling up the DagBag from /home/airflow/.local/lib/python3.12/site-packages/airflow/example_dags/example_subdag_operator.py
[2025-11-09T21:36:45.494+0000] {processor.py:925} INFO - DAG(s) 'example_subdag_operator.section-1', 'example_subdag_operator.section-2', 'example_subdag_operator' retrieved from /home/airflow/.local/lib/python3.12/site-packages/airflow/example_dags/example_subdag_operator.py
[2025-11-09T21:36:45.541+0000] {logging_mixin.py:190} INFO - [2025-11-09T21:36:45.540+0000] {dag.py:3239} INFO - Sync 3 DAGs
[2025-11-09T21:36:45.616+0000] {logging_mixin.py:190} INFO - [2025-11-09T21:36:45.615+0000] {dag.py:4180} INFO - Setting next_dagrun for example_subdag_operator to 2022-01-01 00:00:00+00:00, run_after=2022-01-01 00:00:00+00:00
[2025-11-09T21:36:45.628+0000] {logging_mixin.py:190} INFO - [2025-11-09T21:36:45.628+0000] {dag.py:4180} INFO - Setting next_dagrun for example_subdag_operator.section-1 to None, run_after=None
[2025-11-09T21:36:45.634+0000] {logging_mixin.py:190} INFO - [2025-11-09T21:36:45.633+0000] {dag.py:4180} INFO - Setting next_dagrun for example_subdag_operator.section-2 to None, run_after=None
[2025-11-09T21:36:45.655+0000] {logging_mixin.py:190} INFO - [2025-11-09T21:36:45.654+0000] {dag.py:3239} INFO - Sync 2 DAGs
[2025-11-09T21:36:45.671+0000] {logging_mixin.py:190} INFO - [2025-11-09T21:36:45.671+0000] {dag.py:4180} INFO - Setting next_dagrun for example_subdag_operator.section-1 to None, run_after=None
[2025-11-09T21:36:45.673+0000] {logging_mixin.py:190} INFO - [2025-11-09T21:36:45.673+0000] {dag.py:4180} INFO - Setting next_dagrun for example_subdag_operator.section-2 to None, run_after=None
[2025-11-09T21:36:45.707+0000] {processor.py:208} INFO - Processing /home/airflow/.local/lib/python3.12/site-packages/airflow/example_dags/example_subdag_operator.py took 0.323 seconds
[2025-11-09T21:37:16.792+0000] {processor.py:186} INFO - Started process (PID=3724) to work on /home/airflow/.local/lib/python3.12/site-packages/airflow/example_dags/example_subdag_operator.py
[2025-11-09T21:37:16.796+0000] {processor.py:914} INFO - Processing file /home/airflow/.local/lib/python3.12/site-packages/airflow/example_dags/example_subdag_operator.py for tasks to queue
[2025-11-09T21:37:16.807+0000] {logging_mixin.py:190} INFO - [2025-11-09T21:37:16.806+0000] {dagbag.py:588} INFO - Filling up the DagBag from /home/airflow/.local/lib/python3.12/site-packages/airflow/example_dags/example_subdag_operator.py
[2025-11-09T21:37:16.981+0000] {processor.py:925} INFO - DAG(s) 'example_subdag_operator.section-1', 'example_subdag_operator.section-2', 'example_subdag_operator' retrieved from /home/airflow/.local/lib/python3.12/site-packages/airflow/example_dags/example_subdag_operator.py
[2025-11-09T21:37:17.074+0000] {logging_mixin.py:190} INFO - [2025-11-09T21:37:17.073+0000] {dag.py:3239} INFO - Sync 3 DAGs
[2025-11-09T21:37:17.179+0000] {logging_mixin.py:190} INFO - [2025-11-09T21:37:17.178+0000] {dag.py:4180} INFO - Setting next_dagrun for example_subdag_operator to 2022-01-01 00:00:00+00:00, run_after=2022-01-01 00:00:00+00:00
[2025-11-09T21:37:17.194+0000] {logging_mixin.py:190} INFO - [2025-11-09T21:37:17.193+0000] {dag.py:4180} INFO - Setting next_dagrun for example_subdag_operator.section-1 to None, run_after=None
[2025-11-09T21:37:17.209+0000] {logging_mixin.py:190} INFO - [2025-11-09T21:37:17.208+0000] {dag.py:4180} INFO - Setting next_dagrun for example_subdag_operator.section-2 to None, run_after=None
[2025-11-09T21:37:17.246+0000] {logging_mixin.py:190} INFO - [2025-11-09T21:37:17.245+0000] {dag.py:3239} INFO - Sync 2 DAGs
[2025-11-09T21:37:17.277+0000] {logging_mixin.py:190} INFO - [2025-11-09T21:37:17.276+0000] {dag.py:4180} INFO - Setting next_dagrun for example_subdag_operator.section-1 to None, run_after=None
[2025-11-09T21:37:17.279+0000] {logging_mixin.py:190} INFO - [2025-11-09T21:37:17.279+0000] {dag.py:4180} INFO - Setting next_dagrun for example_subdag_operator.section-2 to None, run_after=None
[2025-11-09T21:37:17.327+0000] {processor.py:208} INFO - Processing /home/airflow/.local/lib/python3.12/site-packages/airflow/example_dags/example_subdag_operator.py took 0.570 seconds
[2025-11-09T21:37:47.535+0000] {processor.py:186} INFO - Started process (PID=3788) to work on /home/airflow/.local/lib/python3.12/site-packages/airflow/example_dags/example_subdag_operator.py
[2025-11-09T21:37:47.537+0000] {processor.py:914} INFO - Processing file /home/airflow/.local/lib/python3.12/site-packages/airflow/example_dags/example_subdag_operator.py for tasks to queue
[2025-11-09T21:37:47.545+0000] {logging_mixin.py:190} INFO - [2025-11-09T21:37:47.544+0000] {dagbag.py:588} INFO - Filling up the DagBag from /home/airflow/.local/lib/python3.12/site-packages/airflow/example_dags/example_subdag_operator.py
[2025-11-09T21:37:47.620+0000] {processor.py:925} INFO - DAG(s) 'example_subdag_operator.section-1', 'example_subdag_operator.section-2', 'example_subdag_operator' retrieved from /home/airflow/.local/lib/python3.12/site-packages/airflow/example_dags/example_subdag_operator.py
[2025-11-09T21:37:47.662+0000] {logging_mixin.py:190} INFO - [2025-11-09T21:37:47.661+0000] {dag.py:3239} INFO - Sync 3 DAGs
[2025-11-09T21:37:47.728+0000] {logging_mixin.py:190} INFO - [2025-11-09T21:37:47.728+0000] {dag.py:4180} INFO - Setting next_dagrun for example_subdag_operator to 2022-01-01 00:00:00+00:00, run_after=2022-01-01 00:00:00+00:00
[2025-11-09T21:37:47.738+0000] {logging_mixin.py:190} INFO - [2025-11-09T21:37:47.738+0000] {dag.py:4180} INFO - Setting next_dagrun for example_subdag_operator.section-1 to None, run_after=None
[2025-11-09T21:37:47.742+0000] {logging_mixin.py:190} INFO - [2025-11-09T21:37:47.742+0000] {dag.py:4180} INFO - Setting next_dagrun for example_subdag_operator.section-2 to None, run_after=None
[2025-11-09T21:37:47.764+0000] {logging_mixin.py:190} INFO - [2025-11-09T21:37:47.763+0000] {dag.py:3239} INFO - Sync 2 DAGs
[2025-11-09T21:37:47.780+0000] {logging_mixin.py:190} INFO - [2025-11-09T21:37:47.780+0000] {dag.py:4180} INFO - Setting next_dagrun for example_subdag_operator.section-1 to None, run_after=None
[2025-11-09T21:37:47.782+0000] {logging_mixin.py:190} INFO - [2025-11-09T21:37:47.781+0000] {dag.py:4180} INFO - Setting next_dagrun for example_subdag_operator.section-2 to None, run_after=None
[2025-11-09T21:37:47.811+0000] {processor.py:208} INFO - Processing /home/airflow/.local/lib/python3.12/site-packages/airflow/example_dags/example_subdag_operator.py took 0.294 seconds
[2025-11-09T21:38:17.929+0000] {processor.py:186} INFO - Started process (PID=3851) to work on /home/airflow/.local/lib/python3.12/site-packages/airflow/example_dags/example_subdag_operator.py
[2025-11-09T21:38:17.931+0000] {processor.py:914} INFO - Processing file /home/airflow/.local/lib/python3.12/site-packages/airflow/example_dags/example_subdag_operator.py for tasks to queue
[2025-11-09T21:38:17.934+0000] {logging_mixin.py:190} INFO - [2025-11-09T21:38:17.934+0000] {dagbag.py:588} INFO - Filling up the DagBag from /home/airflow/.local/lib/python3.12/site-packages/airflow/example_dags/example_subdag_operator.py
[2025-11-09T21:38:17.980+0000] {processor.py:925} INFO - DAG(s) 'example_subdag_operator.section-1', 'example_subdag_operator.section-2', 'example_subdag_operator' retrieved from /home/airflow/.local/lib/python3.12/site-packages/airflow/example_dags/example_subdag_operator.py
[2025-11-09T21:38:18.001+0000] {logging_mixin.py:190} INFO - [2025-11-09T21:38:18.001+0000] {dag.py:3239} INFO - Sync 3 DAGs
[2025-11-09T21:38:18.036+0000] {logging_mixin.py:190} INFO - [2025-11-09T21:38:18.035+0000] {dag.py:4180} INFO - Setting next_dagrun for example_subdag_operator to 2022-01-01 00:00:00+00:00, run_after=2022-01-01 00:00:00+00:00
[2025-11-09T21:38:18.041+0000] {logging_mixin.py:190} INFO - [2025-11-09T21:38:18.041+0000] {dag.py:4180} INFO - Setting next_dagrun for example_subdag_operator.section-1 to None, run_after=None
[2025-11-09T21:38:18.044+0000] {logging_mixin.py:190} INFO - [2025-11-09T21:38:18.044+0000] {dag.py:4180} INFO - Setting next_dagrun for example_subdag_operator.section-2 to None, run_after=None
[2025-11-09T21:38:18.056+0000] {logging_mixin.py:190} INFO - [2025-11-09T21:38:18.056+0000] {dag.py:3239} INFO - Sync 2 DAGs
[2025-11-09T21:38:18.067+0000] {logging_mixin.py:190} INFO - [2025-11-09T21:38:18.066+0000] {dag.py:4180} INFO - Setting next_dagrun for example_subdag_operator.section-1 to None, run_after=None
[2025-11-09T21:38:18.068+0000] {logging_mixin.py:190} INFO - [2025-11-09T21:38:18.068+0000] {dag.py:4180} INFO - Setting next_dagrun for example_subdag_operator.section-2 to None, run_after=None
[2025-11-09T21:38:18.092+0000] {processor.py:208} INFO - Processing /home/airflow/.local/lib/python3.12/site-packages/airflow/example_dags/example_subdag_operator.py took 0.173 seconds
[2025-11-09T21:38:48.784+0000] {processor.py:186} INFO - Started process (PID=3916) to work on /home/airflow/.local/lib/python3.12/site-packages/airflow/example_dags/example_subdag_operator.py
[2025-11-09T21:38:48.786+0000] {processor.py:914} INFO - Processing file /home/airflow/.local/lib/python3.12/site-packages/airflow/example_dags/example_subdag_operator.py for tasks to queue
[2025-11-09T21:38:48.791+0000] {logging_mixin.py:190} INFO - [2025-11-09T21:38:48.790+0000] {dagbag.py:588} INFO - Filling up the DagBag from /home/airflow/.local/lib/python3.12/site-packages/airflow/example_dags/example_subdag_operator.py
[2025-11-09T21:38:48.841+0000] {processor.py:925} INFO - DAG(s) 'example_subdag_operator.section-1', 'example_subdag_operator.section-2', 'example_subdag_operator' retrieved from /home/airflow/.local/lib/python3.12/site-packages/airflow/example_dags/example_subdag_operator.py
[2025-11-09T21:38:48.870+0000] {logging_mixin.py:190} INFO - [2025-11-09T21:38:48.870+0000] {dag.py:3239} INFO - Sync 3 DAGs
[2025-11-09T21:38:48.916+0000] {logging_mixin.py:190} INFO - [2025-11-09T21:38:48.916+0000] {dag.py:4180} INFO - Setting next_dagrun for example_subdag_operator to 2022-01-01 00:00:00+00:00, run_after=2022-01-01 00:00:00+00:00
[2025-11-09T21:38:48.924+0000] {logging_mixin.py:190} INFO - [2025-11-09T21:38:48.923+0000] {dag.py:4180} INFO - Setting next_dagrun for example_subdag_operator.section-1 to None, run_after=None
[2025-11-09T21:38:48.928+0000] {logging_mixin.py:190} INFO - [2025-11-09T21:38:48.927+0000] {dag.py:4180} INFO - Setting next_dagrun for example_subdag_operator.section-2 to None, run_after=None
[2025-11-09T21:38:48.941+0000] {logging_mixin.py:190} INFO - [2025-11-09T21:38:48.940+0000] {dag.py:3239} INFO - Sync 2 DAGs
[2025-11-09T21:38:48.952+0000] {logging_mixin.py:190} INFO - [2025-11-09T21:38:48.952+0000] {dag.py:4180} INFO - Setting next_dagrun for example_subdag_operator.section-1 to None, run_after=None
[2025-11-09T21:38:48.954+0000] {logging_mixin.py:190} INFO - [2025-11-09T21:38:48.953+0000] {dag.py:4180} INFO - Setting next_dagrun for example_subdag_operator.section-2 to None, run_after=None
[2025-11-09T21:38:48.975+0000] {processor.py:208} INFO - Processing /home/airflow/.local/lib/python3.12/site-packages/airflow/example_dags/example_subdag_operator.py took 0.205 seconds
[2025-11-09T21:39:19.936+0000] {processor.py:186} INFO - Started process (PID=3980) to work on /home/airflow/.local/lib/python3.12/site-packages/airflow/example_dags/example_subdag_operator.py
[2025-11-09T21:39:19.939+0000] {processor.py:914} INFO - Processing file /home/airflow/.local/lib/python3.12/site-packages/airflow/example_dags/example_subdag_operator.py for tasks to queue
[2025-11-09T21:39:19.948+0000] {logging_mixin.py:190} INFO - [2025-11-09T21:39:19.946+0000] {dagbag.py:588} INFO - Filling up the DagBag from /home/airflow/.local/lib/python3.12/site-packages/airflow/example_dags/example_subdag_operator.py
[2025-11-09T21:39:20.031+0000] {processor.py:925} INFO - DAG(s) 'example_subdag_operator.section-1', 'example_subdag_operator.section-2', 'example_subdag_operator' retrieved from /home/airflow/.local/lib/python3.12/site-packages/airflow/example_dags/example_subdag_operator.py
[2025-11-09T21:39:20.093+0000] {logging_mixin.py:190} INFO - [2025-11-09T21:39:20.092+0000] {dag.py:3239} INFO - Sync 3 DAGs
[2025-11-09T21:39:20.193+0000] {logging_mixin.py:190} INFO - [2025-11-09T21:39:20.192+0000] {dag.py:4180} INFO - Setting next_dagrun for example_subdag_operator to 2022-01-01 00:00:00+00:00, run_after=2022-01-01 00:00:00+00:00
[2025-11-09T21:39:20.211+0000] {logging_mixin.py:190} INFO - [2025-11-09T21:39:20.211+0000] {dag.py:4180} INFO - Setting next_dagrun for example_subdag_operator.section-1 to None, run_after=None
[2025-11-09T21:39:20.219+0000] {logging_mixin.py:190} INFO - [2025-11-09T21:39:20.219+0000] {dag.py:4180} INFO - Setting next_dagrun for example_subdag_operator.section-2 to None, run_after=None
[2025-11-09T21:39:20.267+0000] {logging_mixin.py:190} INFO - [2025-11-09T21:39:20.266+0000] {dag.py:3239} INFO - Sync 2 DAGs
[2025-11-09T21:39:20.290+0000] {logging_mixin.py:190} INFO - [2025-11-09T21:39:20.290+0000] {dag.py:4180} INFO - Setting next_dagrun for example_subdag_operator.section-1 to None, run_after=None
[2025-11-09T21:39:20.292+0000] {logging_mixin.py:190} INFO - [2025-11-09T21:39:20.292+0000] {dag.py:4180} INFO - Setting next_dagrun for example_subdag_operator.section-2 to None, run_after=None
[2025-11-09T21:39:20.356+0000] {processor.py:208} INFO - Processing /home/airflow/.local/lib/python3.12/site-packages/airflow/example_dags/example_subdag_operator.py took 0.440 seconds
[2025-11-09T21:39:50.856+0000] {processor.py:186} INFO - Started process (PID=4045) to work on /home/airflow/.local/lib/python3.12/site-packages/airflow/example_dags/example_subdag_operator.py
[2025-11-09T21:39:50.859+0000] {processor.py:914} INFO - Processing file /home/airflow/.local/lib/python3.12/site-packages/airflow/example_dags/example_subdag_operator.py for tasks to queue
[2025-11-09T21:39:50.868+0000] {logging_mixin.py:190} INFO - [2025-11-09T21:39:50.867+0000] {dagbag.py:588} INFO - Filling up the DagBag from /home/airflow/.local/lib/python3.12/site-packages/airflow/example_dags/example_subdag_operator.py
[2025-11-09T21:39:50.932+0000] {processor.py:925} INFO - DAG(s) 'example_subdag_operator.section-1', 'example_subdag_operator.section-2', 'example_subdag_operator' retrieved from /home/airflow/.local/lib/python3.12/site-packages/airflow/example_dags/example_subdag_operator.py
[2025-11-09T21:39:50.972+0000] {logging_mixin.py:190} INFO - [2025-11-09T21:39:50.971+0000] {dag.py:3239} INFO - Sync 3 DAGs
[2025-11-09T21:39:51.033+0000] {logging_mixin.py:190} INFO - [2025-11-09T21:39:51.032+0000] {dag.py:4180} INFO - Setting next_dagrun for example_subdag_operator to 2022-01-01 00:00:00+00:00, run_after=2022-01-01 00:00:00+00:00
[2025-11-09T21:39:51.043+0000] {logging_mixin.py:190} INFO - [2025-11-09T21:39:51.043+0000] {dag.py:4180} INFO - Setting next_dagrun for example_subdag_operator.section-1 to None, run_after=None
[2025-11-09T21:39:51.048+0000] {logging_mixin.py:190} INFO - [2025-11-09T21:39:51.047+0000] {dag.py:4180} INFO - Setting next_dagrun for example_subdag_operator.section-2 to None, run_after=None
[2025-11-09T21:39:51.063+0000] {logging_mixin.py:190} INFO - [2025-11-09T21:39:51.063+0000] {dag.py:3239} INFO - Sync 2 DAGs
[2025-11-09T21:39:51.074+0000] {logging_mixin.py:190} INFO - [2025-11-09T21:39:51.074+0000] {dag.py:4180} INFO - Setting next_dagrun for example_subdag_operator.section-1 to None, run_after=None
[2025-11-09T21:39:51.076+0000] {logging_mixin.py:190} INFO - [2025-11-09T21:39:51.075+0000] {dag.py:4180} INFO - Setting next_dagrun for example_subdag_operator.section-2 to None, run_after=None
[2025-11-09T21:39:51.101+0000] {processor.py:208} INFO - Processing /home/airflow/.local/lib/python3.12/site-packages/airflow/example_dags/example_subdag_operator.py took 0.264 seconds
[2025-11-09T21:40:21.413+0000] {processor.py:186} INFO - Started process (PID=4108) to work on /home/airflow/.local/lib/python3.12/site-packages/airflow/example_dags/example_subdag_operator.py
[2025-11-09T21:40:21.415+0000] {processor.py:914} INFO - Processing file /home/airflow/.local/lib/python3.12/site-packages/airflow/example_dags/example_subdag_operator.py for tasks to queue
[2025-11-09T21:40:21.419+0000] {logging_mixin.py:190} INFO - [2025-11-09T21:40:21.418+0000] {dagbag.py:588} INFO - Filling up the DagBag from /home/airflow/.local/lib/python3.12/site-packages/airflow/example_dags/example_subdag_operator.py
[2025-11-09T21:40:21.471+0000] {processor.py:925} INFO - DAG(s) 'example_subdag_operator.section-1', 'example_subdag_operator.section-2', 'example_subdag_operator' retrieved from /home/airflow/.local/lib/python3.12/site-packages/airflow/example_dags/example_subdag_operator.py
[2025-11-09T21:40:21.495+0000] {logging_mixin.py:190} INFO - [2025-11-09T21:40:21.494+0000] {dag.py:3239} INFO - Sync 3 DAGs
[2025-11-09T21:40:21.538+0000] {logging_mixin.py:190} INFO - [2025-11-09T21:40:21.538+0000] {dag.py:4180} INFO - Setting next_dagrun for example_subdag_operator to 2022-01-01 00:00:00+00:00, run_after=2022-01-01 00:00:00+00:00
[2025-11-09T21:40:21.547+0000] {logging_mixin.py:190} INFO - [2025-11-09T21:40:21.546+0000] {dag.py:4180} INFO - Setting next_dagrun for example_subdag_operator.section-1 to None, run_after=None
[2025-11-09T21:40:21.551+0000] {logging_mixin.py:190} INFO - [2025-11-09T21:40:21.550+0000] {dag.py:4180} INFO - Setting next_dagrun for example_subdag_operator.section-2 to None, run_after=None
[2025-11-09T21:40:21.567+0000] {logging_mixin.py:190} INFO - [2025-11-09T21:40:21.567+0000] {dag.py:3239} INFO - Sync 2 DAGs
[2025-11-09T21:40:21.581+0000] {logging_mixin.py:190} INFO - [2025-11-09T21:40:21.580+0000] {dag.py:4180} INFO - Setting next_dagrun for example_subdag_operator.section-1 to None, run_after=None
[2025-11-09T21:40:21.582+0000] {logging_mixin.py:190} INFO - [2025-11-09T21:40:21.582+0000] {dag.py:4180} INFO - Setting next_dagrun for example_subdag_operator.section-2 to None, run_after=None
[2025-11-09T21:40:21.615+0000] {processor.py:208} INFO - Processing /home/airflow/.local/lib/python3.12/site-packages/airflow/example_dags/example_subdag_operator.py took 0.211 seconds
[2025-11-09T21:40:52.109+0000] {processor.py:186} INFO - Started process (PID=4172) to work on /home/airflow/.local/lib/python3.12/site-packages/airflow/example_dags/example_subdag_operator.py
[2025-11-09T21:40:52.111+0000] {processor.py:914} INFO - Processing file /home/airflow/.local/lib/python3.12/site-packages/airflow/example_dags/example_subdag_operator.py for tasks to queue
[2025-11-09T21:40:52.117+0000] {logging_mixin.py:190} INFO - [2025-11-09T21:40:52.116+0000] {dagbag.py:588} INFO - Filling up the DagBag from /home/airflow/.local/lib/python3.12/site-packages/airflow/example_dags/example_subdag_operator.py
[2025-11-09T21:40:52.165+0000] {processor.py:925} INFO - DAG(s) 'example_subdag_operator.section-1', 'example_subdag_operator.section-2', 'example_subdag_operator' retrieved from /home/airflow/.local/lib/python3.12/site-packages/airflow/example_dags/example_subdag_operator.py
[2025-11-09T21:40:52.193+0000] {logging_mixin.py:190} INFO - [2025-11-09T21:40:52.193+0000] {dag.py:3239} INFO - Sync 3 DAGs
[2025-11-09T21:40:52.235+0000] {logging_mixin.py:190} INFO - [2025-11-09T21:40:52.234+0000] {dag.py:4180} INFO - Setting next_dagrun for example_subdag_operator to 2022-01-01 00:00:00+00:00, run_after=2022-01-01 00:00:00+00:00
[2025-11-09T21:40:52.242+0000] {logging_mixin.py:190} INFO - [2025-11-09T21:40:52.242+0000] {dag.py:4180} INFO - Setting next_dagrun for example_subdag_operator.section-1 to None, run_after=None
[2025-11-09T21:40:52.247+0000] {logging_mixin.py:190} INFO - [2025-11-09T21:40:52.246+0000] {dag.py:4180} INFO - Setting next_dagrun for example_subdag_operator.section-2 to None, run_after=None
[2025-11-09T21:40:52.261+0000] {logging_mixin.py:190} INFO - [2025-11-09T21:40:52.260+0000] {dag.py:3239} INFO - Sync 2 DAGs
[2025-11-09T21:40:52.271+0000] {logging_mixin.py:190} INFO - [2025-11-09T21:40:52.271+0000] {dag.py:4180} INFO - Setting next_dagrun for example_subdag_operator.section-1 to None, run_after=None
[2025-11-09T21:40:52.272+0000] {logging_mixin.py:190} INFO - [2025-11-09T21:40:52.272+0000] {dag.py:4180} INFO - Setting next_dagrun for example_subdag_operator.section-2 to None, run_after=None
[2025-11-09T21:40:52.291+0000] {processor.py:208} INFO - Processing /home/airflow/.local/lib/python3.12/site-packages/airflow/example_dags/example_subdag_operator.py took 0.192 seconds
[2025-11-09T21:41:22.843+0000] {processor.py:186} INFO - Started process (PID=4236) to work on /home/airflow/.local/lib/python3.12/site-packages/airflow/example_dags/example_subdag_operator.py
[2025-11-09T21:41:22.845+0000] {processor.py:914} INFO - Processing file /home/airflow/.local/lib/python3.12/site-packages/airflow/example_dags/example_subdag_operator.py for tasks to queue
[2025-11-09T21:41:22.851+0000] {logging_mixin.py:190} INFO - [2025-11-09T21:41:22.850+0000] {dagbag.py:588} INFO - Filling up the DagBag from /home/airflow/.local/lib/python3.12/site-packages/airflow/example_dags/example_subdag_operator.py
[2025-11-09T21:41:22.921+0000] {processor.py:925} INFO - DAG(s) 'example_subdag_operator.section-1', 'example_subdag_operator.section-2', 'example_subdag_operator' retrieved from /home/airflow/.local/lib/python3.12/site-packages/airflow/example_dags/example_subdag_operator.py
[2025-11-09T21:41:22.958+0000] {logging_mixin.py:190} INFO - [2025-11-09T21:41:22.958+0000] {dag.py:3239} INFO - Sync 3 DAGs
[2025-11-09T21:41:23.023+0000] {logging_mixin.py:190} INFO - [2025-11-09T21:41:23.023+0000] {dag.py:4180} INFO - Setting next_dagrun for example_subdag_operator to 2022-01-01 00:00:00+00:00, run_after=2022-01-01 00:00:00+00:00
[2025-11-09T21:41:23.031+0000] {logging_mixin.py:190} INFO - [2025-11-09T21:41:23.031+0000] {dag.py:4180} INFO - Setting next_dagrun for example_subdag_operator.section-1 to None, run_after=None
[2025-11-09T21:41:23.037+0000] {logging_mixin.py:190} INFO - [2025-11-09T21:41:23.036+0000] {dag.py:4180} INFO - Setting next_dagrun for example_subdag_operator.section-2 to None, run_after=None
[2025-11-09T21:41:23.056+0000] {logging_mixin.py:190} INFO - [2025-11-09T21:41:23.056+0000] {dag.py:3239} INFO - Sync 2 DAGs
[2025-11-09T21:41:23.072+0000] {logging_mixin.py:190} INFO - [2025-11-09T21:41:23.072+0000] {dag.py:4180} INFO - Setting next_dagrun for example_subdag_operator.section-1 to None, run_after=None
[2025-11-09T21:41:23.074+0000] {logging_mixin.py:190} INFO - [2025-11-09T21:41:23.074+0000] {dag.py:4180} INFO - Setting next_dagrun for example_subdag_operator.section-2 to None, run_after=None
[2025-11-09T21:41:23.101+0000] {processor.py:208} INFO - Processing /home/airflow/.local/lib/python3.12/site-packages/airflow/example_dags/example_subdag_operator.py took 0.273 seconds
[2025-11-09T21:41:53.647+0000] {processor.py:186} INFO - Started process (PID=4300) to work on /home/airflow/.local/lib/python3.12/site-packages/airflow/example_dags/example_subdag_operator.py
[2025-11-09T21:41:53.649+0000] {processor.py:914} INFO - Processing file /home/airflow/.local/lib/python3.12/site-packages/airflow/example_dags/example_subdag_operator.py for tasks to queue
[2025-11-09T21:41:53.654+0000] {logging_mixin.py:190} INFO - [2025-11-09T21:41:53.653+0000] {dagbag.py:588} INFO - Filling up the DagBag from /home/airflow/.local/lib/python3.12/site-packages/airflow/example_dags/example_subdag_operator.py
[2025-11-09T21:41:53.704+0000] {processor.py:925} INFO - DAG(s) 'example_subdag_operator.section-1', 'example_subdag_operator.section-2', 'example_subdag_operator' retrieved from /home/airflow/.local/lib/python3.12/site-packages/airflow/example_dags/example_subdag_operator.py
[2025-11-09T21:41:53.733+0000] {logging_mixin.py:190} INFO - [2025-11-09T21:41:53.733+0000] {dag.py:3239} INFO - Sync 3 DAGs
[2025-11-09T21:41:53.788+0000] {logging_mixin.py:190} INFO - [2025-11-09T21:41:53.787+0000] {dag.py:4180} INFO - Setting next_dagrun for example_subdag_operator to 2022-01-01 00:00:00+00:00, run_after=2022-01-01 00:00:00+00:00
[2025-11-09T21:41:53.797+0000] {logging_mixin.py:190} INFO - [2025-11-09T21:41:53.796+0000] {dag.py:4180} INFO - Setting next_dagrun for example_subdag_operator.section-1 to None, run_after=None
[2025-11-09T21:41:53.803+0000] {logging_mixin.py:190} INFO - [2025-11-09T21:41:53.803+0000] {dag.py:4180} INFO - Setting next_dagrun for example_subdag_operator.section-2 to None, run_after=None
[2025-11-09T21:41:53.819+0000] {logging_mixin.py:190} INFO - [2025-11-09T21:41:53.819+0000] {dag.py:3239} INFO - Sync 2 DAGs
[2025-11-09T21:41:53.834+0000] {logging_mixin.py:190} INFO - [2025-11-09T21:41:53.834+0000] {dag.py:4180} INFO - Setting next_dagrun for example_subdag_operator.section-1 to None, run_after=None
[2025-11-09T21:41:53.836+0000] {logging_mixin.py:190} INFO - [2025-11-09T21:41:53.835+0000] {dag.py:4180} INFO - Setting next_dagrun for example_subdag_operator.section-2 to None, run_after=None
[2025-11-09T21:41:53.857+0000] {processor.py:208} INFO - Processing /home/airflow/.local/lib/python3.12/site-packages/airflow/example_dags/example_subdag_operator.py took 0.221 seconds
[2025-11-09T21:42:23.965+0000] {processor.py:186} INFO - Started process (PID=4364) to work on /home/airflow/.local/lib/python3.12/site-packages/airflow/example_dags/example_subdag_operator.py
[2025-11-09T21:42:23.966+0000] {processor.py:914} INFO - Processing file /home/airflow/.local/lib/python3.12/site-packages/airflow/example_dags/example_subdag_operator.py for tasks to queue
[2025-11-09T21:42:23.971+0000] {logging_mixin.py:190} INFO - [2025-11-09T21:42:23.970+0000] {dagbag.py:588} INFO - Filling up the DagBag from /home/airflow/.local/lib/python3.12/site-packages/airflow/example_dags/example_subdag_operator.py
[2025-11-09T21:42:24.018+0000] {processor.py:925} INFO - DAG(s) 'example_subdag_operator.section-1', 'example_subdag_operator.section-2', 'example_subdag_operator' retrieved from /home/airflow/.local/lib/python3.12/site-packages/airflow/example_dags/example_subdag_operator.py
[2025-11-09T21:42:24.044+0000] {logging_mixin.py:190} INFO - [2025-11-09T21:42:24.044+0000] {dag.py:3239} INFO - Sync 3 DAGs
[2025-11-09T21:42:24.087+0000] {logging_mixin.py:190} INFO - [2025-11-09T21:42:24.086+0000] {dag.py:4180} INFO - Setting next_dagrun for example_subdag_operator to 2022-01-01 00:00:00+00:00, run_after=2022-01-01 00:00:00+00:00
[2025-11-09T21:42:24.093+0000] {logging_mixin.py:190} INFO - [2025-11-09T21:42:24.093+0000] {dag.py:4180} INFO - Setting next_dagrun for example_subdag_operator.section-1 to None, run_after=None
[2025-11-09T21:42:24.096+0000] {logging_mixin.py:190} INFO - [2025-11-09T21:42:24.096+0000] {dag.py:4180} INFO - Setting next_dagrun for example_subdag_operator.section-2 to None, run_after=None
[2025-11-09T21:42:24.110+0000] {logging_mixin.py:190} INFO - [2025-11-09T21:42:24.109+0000] {dag.py:3239} INFO - Sync 2 DAGs
[2025-11-09T21:42:24.123+0000] {logging_mixin.py:190} INFO - [2025-11-09T21:42:24.122+0000] {dag.py:4180} INFO - Setting next_dagrun for example_subdag_operator.section-1 to None, run_after=None
[2025-11-09T21:42:24.125+0000] {logging_mixin.py:190} INFO - [2025-11-09T21:42:24.125+0000] {dag.py:4180} INFO - Setting next_dagrun for example_subdag_operator.section-2 to None, run_after=None
[2025-11-09T21:42:24.146+0000] {processor.py:208} INFO - Processing /home/airflow/.local/lib/python3.12/site-packages/airflow/example_dags/example_subdag_operator.py took 0.191 seconds
[2025-11-09T21:42:54.636+0000] {processor.py:186} INFO - Started process (PID=4429) to work on /home/airflow/.local/lib/python3.12/site-packages/airflow/example_dags/example_subdag_operator.py
[2025-11-09T21:42:54.638+0000] {processor.py:914} INFO - Processing file /home/airflow/.local/lib/python3.12/site-packages/airflow/example_dags/example_subdag_operator.py for tasks to queue
[2025-11-09T21:42:54.644+0000] {logging_mixin.py:190} INFO - [2025-11-09T21:42:54.643+0000] {dagbag.py:588} INFO - Filling up the DagBag from /home/airflow/.local/lib/python3.12/site-packages/airflow/example_dags/example_subdag_operator.py
[2025-11-09T21:42:54.703+0000] {processor.py:925} INFO - DAG(s) 'example_subdag_operator.section-1', 'example_subdag_operator.section-2', 'example_subdag_operator' retrieved from /home/airflow/.local/lib/python3.12/site-packages/airflow/example_dags/example_subdag_operator.py
[2025-11-09T21:42:54.728+0000] {logging_mixin.py:190} INFO - [2025-11-09T21:42:54.728+0000] {dag.py:3239} INFO - Sync 3 DAGs
[2025-11-09T21:42:54.780+0000] {logging_mixin.py:190} INFO - [2025-11-09T21:42:54.779+0000] {dag.py:4180} INFO - Setting next_dagrun for example_subdag_operator to 2022-01-01 00:00:00+00:00, run_after=2022-01-01 00:00:00+00:00
[2025-11-09T21:42:54.786+0000] {logging_mixin.py:190} INFO - [2025-11-09T21:42:54.786+0000] {dag.py:4180} INFO - Setting next_dagrun for example_subdag_operator.section-1 to None, run_after=None
[2025-11-09T21:42:54.789+0000] {logging_mixin.py:190} INFO - [2025-11-09T21:42:54.789+0000] {dag.py:4180} INFO - Setting next_dagrun for example_subdag_operator.section-2 to None, run_after=None
[2025-11-09T21:42:54.802+0000] {logging_mixin.py:190} INFO - [2025-11-09T21:42:54.802+0000] {dag.py:3239} INFO - Sync 2 DAGs
[2025-11-09T21:42:54.814+0000] {logging_mixin.py:190} INFO - [2025-11-09T21:42:54.814+0000] {dag.py:4180} INFO - Setting next_dagrun for example_subdag_operator.section-1 to None, run_after=None
[2025-11-09T21:42:54.815+0000] {logging_mixin.py:190} INFO - [2025-11-09T21:42:54.815+0000] {dag.py:4180} INFO - Setting next_dagrun for example_subdag_operator.section-2 to None, run_after=None
[2025-11-09T21:42:54.837+0000] {processor.py:208} INFO - Processing /home/airflow/.local/lib/python3.12/site-packages/airflow/example_dags/example_subdag_operator.py took 0.214 seconds
[2025-11-09T21:43:25.290+0000] {processor.py:186} INFO - Started process (PID=4493) to work on /home/airflow/.local/lib/python3.12/site-packages/airflow/example_dags/example_subdag_operator.py
[2025-11-09T21:43:25.293+0000] {processor.py:914} INFO - Processing file /home/airflow/.local/lib/python3.12/site-packages/airflow/example_dags/example_subdag_operator.py for tasks to queue
[2025-11-09T21:43:25.299+0000] {logging_mixin.py:190} INFO - [2025-11-09T21:43:25.298+0000] {dagbag.py:588} INFO - Filling up the DagBag from /home/airflow/.local/lib/python3.12/site-packages/airflow/example_dags/example_subdag_operator.py
[2025-11-09T21:43:25.350+0000] {processor.py:925} INFO - DAG(s) 'example_subdag_operator.section-1', 'example_subdag_operator.section-2', 'example_subdag_operator' retrieved from /home/airflow/.local/lib/python3.12/site-packages/airflow/example_dags/example_subdag_operator.py
[2025-11-09T21:43:25.377+0000] {logging_mixin.py:190} INFO - [2025-11-09T21:43:25.377+0000] {dag.py:3239} INFO - Sync 3 DAGs
[2025-11-09T21:43:25.424+0000] {logging_mixin.py:190} INFO - [2025-11-09T21:43:25.424+0000] {dag.py:4180} INFO - Setting next_dagrun for example_subdag_operator to 2022-01-01 00:00:00+00:00, run_after=2022-01-01 00:00:00+00:00
[2025-11-09T21:43:25.431+0000] {logging_mixin.py:190} INFO - [2025-11-09T21:43:25.430+0000] {dag.py:4180} INFO - Setting next_dagrun for example_subdag_operator.section-1 to None, run_after=None
[2025-11-09T21:43:25.434+0000] {logging_mixin.py:190} INFO - [2025-11-09T21:43:25.433+0000] {dag.py:4180} INFO - Setting next_dagrun for example_subdag_operator.section-2 to None, run_after=None
[2025-11-09T21:43:25.447+0000] {logging_mixin.py:190} INFO - [2025-11-09T21:43:25.447+0000] {dag.py:3239} INFO - Sync 2 DAGs
[2025-11-09T21:43:25.457+0000] {logging_mixin.py:190} INFO - [2025-11-09T21:43:25.457+0000] {dag.py:4180} INFO - Setting next_dagrun for example_subdag_operator.section-1 to None, run_after=None
[2025-11-09T21:43:25.458+0000] {logging_mixin.py:190} INFO - [2025-11-09T21:43:25.458+0000] {dag.py:4180} INFO - Setting next_dagrun for example_subdag_operator.section-2 to None, run_after=None
[2025-11-09T21:43:25.478+0000] {processor.py:208} INFO - Processing /home/airflow/.local/lib/python3.12/site-packages/airflow/example_dags/example_subdag_operator.py took 0.199 seconds
[2025-11-09T21:43:56.352+0000] {processor.py:186} INFO - Started process (PID=4557) to work on /home/airflow/.local/lib/python3.12/site-packages/airflow/example_dags/example_subdag_operator.py
[2025-11-09T21:43:56.354+0000] {processor.py:914} INFO - Processing file /home/airflow/.local/lib/python3.12/site-packages/airflow/example_dags/example_subdag_operator.py for tasks to queue
[2025-11-09T21:43:56.360+0000] {logging_mixin.py:190} INFO - [2025-11-09T21:43:56.359+0000] {dagbag.py:588} INFO - Filling up the DagBag from /home/airflow/.local/lib/python3.12/site-packages/airflow/example_dags/example_subdag_operator.py
[2025-11-09T21:43:56.415+0000] {processor.py:925} INFO - DAG(s) 'example_subdag_operator.section-1', 'example_subdag_operator.section-2', 'example_subdag_operator' retrieved from /home/airflow/.local/lib/python3.12/site-packages/airflow/example_dags/example_subdag_operator.py
[2025-11-09T21:43:56.445+0000] {logging_mixin.py:190} INFO - [2025-11-09T21:43:56.444+0000] {dag.py:3239} INFO - Sync 3 DAGs
[2025-11-09T21:43:56.486+0000] {logging_mixin.py:190} INFO - [2025-11-09T21:43:56.486+0000] {dag.py:4180} INFO - Setting next_dagrun for example_subdag_operator to 2022-01-01 00:00:00+00:00, run_after=2022-01-01 00:00:00+00:00
[2025-11-09T21:43:56.494+0000] {logging_mixin.py:190} INFO - [2025-11-09T21:43:56.493+0000] {dag.py:4180} INFO - Setting next_dagrun for example_subdag_operator.section-1 to None, run_after=None
[2025-11-09T21:43:56.497+0000] {logging_mixin.py:190} INFO - [2025-11-09T21:43:56.497+0000] {dag.py:4180} INFO - Setting next_dagrun for example_subdag_operator.section-2 to None, run_after=None
[2025-11-09T21:43:56.513+0000] {logging_mixin.py:190} INFO - [2025-11-09T21:43:56.513+0000] {dag.py:3239} INFO - Sync 2 DAGs
[2025-11-09T21:43:56.525+0000] {logging_mixin.py:190} INFO - [2025-11-09T21:43:56.524+0000] {dag.py:4180} INFO - Setting next_dagrun for example_subdag_operator.section-1 to None, run_after=None
[2025-11-09T21:43:56.526+0000] {logging_mixin.py:190} INFO - [2025-11-09T21:43:56.526+0000] {dag.py:4180} INFO - Setting next_dagrun for example_subdag_operator.section-2 to None, run_after=None
[2025-11-09T21:43:56.548+0000] {processor.py:208} INFO - Processing /home/airflow/.local/lib/python3.12/site-packages/airflow/example_dags/example_subdag_operator.py took 0.208 seconds
[2025-11-09T21:44:26.842+0000] {processor.py:186} INFO - Started process (PID=4620) to work on /home/airflow/.local/lib/python3.12/site-packages/airflow/example_dags/example_subdag_operator.py
[2025-11-09T21:44:26.844+0000] {processor.py:914} INFO - Processing file /home/airflow/.local/lib/python3.12/site-packages/airflow/example_dags/example_subdag_operator.py for tasks to queue
[2025-11-09T21:44:26.848+0000] {logging_mixin.py:190} INFO - [2025-11-09T21:44:26.848+0000] {dagbag.py:588} INFO - Filling up the DagBag from /home/airflow/.local/lib/python3.12/site-packages/airflow/example_dags/example_subdag_operator.py
[2025-11-09T21:44:26.892+0000] {processor.py:925} INFO - DAG(s) 'example_subdag_operator.section-1', 'example_subdag_operator.section-2', 'example_subdag_operator' retrieved from /home/airflow/.local/lib/python3.12/site-packages/airflow/example_dags/example_subdag_operator.py
[2025-11-09T21:44:26.918+0000] {logging_mixin.py:190} INFO - [2025-11-09T21:44:26.917+0000] {dag.py:3239} INFO - Sync 3 DAGs
[2025-11-09T21:44:26.958+0000] {logging_mixin.py:190} INFO - [2025-11-09T21:44:26.958+0000] {dag.py:4180} INFO - Setting next_dagrun for example_subdag_operator to 2022-01-01 00:00:00+00:00, run_after=2022-01-01 00:00:00+00:00
[2025-11-09T21:44:26.966+0000] {logging_mixin.py:190} INFO - [2025-11-09T21:44:26.965+0000] {dag.py:4180} INFO - Setting next_dagrun for example_subdag_operator.section-1 to None, run_after=None
[2025-11-09T21:44:26.969+0000] {logging_mixin.py:190} INFO - [2025-11-09T21:44:26.969+0000] {dag.py:4180} INFO - Setting next_dagrun for example_subdag_operator.section-2 to None, run_after=None
[2025-11-09T21:44:26.982+0000] {logging_mixin.py:190} INFO - [2025-11-09T21:44:26.982+0000] {dag.py:3239} INFO - Sync 2 DAGs
[2025-11-09T21:44:26.991+0000] {logging_mixin.py:190} INFO - [2025-11-09T21:44:26.991+0000] {dag.py:4180} INFO - Setting next_dagrun for example_subdag_operator.section-1 to None, run_after=None
[2025-11-09T21:44:26.992+0000] {logging_mixin.py:190} INFO - [2025-11-09T21:44:26.992+0000] {dag.py:4180} INFO - Setting next_dagrun for example_subdag_operator.section-2 to None, run_after=None
[2025-11-09T21:44:27.012+0000] {processor.py:208} INFO - Processing /home/airflow/.local/lib/python3.12/site-packages/airflow/example_dags/example_subdag_operator.py took 0.179 seconds
[2025-11-09T21:44:57.434+0000] {processor.py:186} INFO - Started process (PID=4685) to work on /home/airflow/.local/lib/python3.12/site-packages/airflow/example_dags/example_subdag_operator.py
[2025-11-09T21:44:57.436+0000] {processor.py:914} INFO - Processing file /home/airflow/.local/lib/python3.12/site-packages/airflow/example_dags/example_subdag_operator.py for tasks to queue
[2025-11-09T21:44:57.442+0000] {logging_mixin.py:190} INFO - [2025-11-09T21:44:57.442+0000] {dagbag.py:588} INFO - Filling up the DagBag from /home/airflow/.local/lib/python3.12/site-packages/airflow/example_dags/example_subdag_operator.py
[2025-11-09T21:44:57.483+0000] {processor.py:925} INFO - DAG(s) 'example_subdag_operator.section-1', 'example_subdag_operator.section-2', 'example_subdag_operator' retrieved from /home/airflow/.local/lib/python3.12/site-packages/airflow/example_dags/example_subdag_operator.py
[2025-11-09T21:44:57.505+0000] {logging_mixin.py:190} INFO - [2025-11-09T21:44:57.504+0000] {dag.py:3239} INFO - Sync 3 DAGs
[2025-11-09T21:44:57.538+0000] {logging_mixin.py:190} INFO - [2025-11-09T21:44:57.538+0000] {dag.py:4180} INFO - Setting next_dagrun for example_subdag_operator to 2022-01-01 00:00:00+00:00, run_after=2022-01-01 00:00:00+00:00
[2025-11-09T21:44:57.544+0000] {logging_mixin.py:190} INFO - [2025-11-09T21:44:57.543+0000] {dag.py:4180} INFO - Setting next_dagrun for example_subdag_operator.section-1 to None, run_after=None
[2025-11-09T21:44:57.546+0000] {logging_mixin.py:190} INFO - [2025-11-09T21:44:57.546+0000] {dag.py:4180} INFO - Setting next_dagrun for example_subdag_operator.section-2 to None, run_after=None
[2025-11-09T21:44:57.559+0000] {logging_mixin.py:190} INFO - [2025-11-09T21:44:57.559+0000] {dag.py:3239} INFO - Sync 2 DAGs
[2025-11-09T21:44:57.568+0000] {logging_mixin.py:190} INFO - [2025-11-09T21:44:57.568+0000] {dag.py:4180} INFO - Setting next_dagrun for example_subdag_operator.section-1 to None, run_after=None
[2025-11-09T21:44:57.569+0000] {logging_mixin.py:190} INFO - [2025-11-09T21:44:57.569+0000] {dag.py:4180} INFO - Setting next_dagrun for example_subdag_operator.section-2 to None, run_after=None
[2025-11-09T21:44:57.587+0000] {processor.py:208} INFO - Processing /home/airflow/.local/lib/python3.12/site-packages/airflow/example_dags/example_subdag_operator.py took 0.164 seconds
[2025-11-09T21:45:27.922+0000] {processor.py:186} INFO - Started process (PID=4749) to work on /home/airflow/.local/lib/python3.12/site-packages/airflow/example_dags/example_subdag_operator.py
[2025-11-09T21:45:27.925+0000] {processor.py:914} INFO - Processing file /home/airflow/.local/lib/python3.12/site-packages/airflow/example_dags/example_subdag_operator.py for tasks to queue
[2025-11-09T21:45:27.935+0000] {logging_mixin.py:190} INFO - [2025-11-09T21:45:27.934+0000] {dagbag.py:588} INFO - Filling up the DagBag from /home/airflow/.local/lib/python3.12/site-packages/airflow/example_dags/example_subdag_operator.py
[2025-11-09T21:45:28.053+0000] {processor.py:925} INFO - DAG(s) 'example_subdag_operator.section-1', 'example_subdag_operator.section-2', 'example_subdag_operator' retrieved from /home/airflow/.local/lib/python3.12/site-packages/airflow/example_dags/example_subdag_operator.py
[2025-11-09T21:45:28.109+0000] {logging_mixin.py:190} INFO - [2025-11-09T21:45:28.108+0000] {dag.py:3239} INFO - Sync 3 DAGs
[2025-11-09T21:45:28.177+0000] {logging_mixin.py:190} INFO - [2025-11-09T21:45:28.176+0000] {dag.py:4180} INFO - Setting next_dagrun for example_subdag_operator to 2022-01-01 00:00:00+00:00, run_after=2022-01-01 00:00:00+00:00
[2025-11-09T21:45:28.190+0000] {logging_mixin.py:190} INFO - [2025-11-09T21:45:28.189+0000] {dag.py:4180} INFO - Setting next_dagrun for example_subdag_operator.section-1 to None, run_after=None
[2025-11-09T21:45:28.198+0000] {logging_mixin.py:190} INFO - [2025-11-09T21:45:28.197+0000] {dag.py:4180} INFO - Setting next_dagrun for example_subdag_operator.section-2 to None, run_after=None
[2025-11-09T21:45:28.229+0000] {logging_mixin.py:190} INFO - [2025-11-09T21:45:28.228+0000] {dag.py:3239} INFO - Sync 2 DAGs
[2025-11-09T21:45:28.247+0000] {logging_mixin.py:190} INFO - [2025-11-09T21:45:28.246+0000] {dag.py:4180} INFO - Setting next_dagrun for example_subdag_operator.section-1 to None, run_after=None
[2025-11-09T21:45:28.248+0000] {logging_mixin.py:190} INFO - [2025-11-09T21:45:28.248+0000] {dag.py:4180} INFO - Setting next_dagrun for example_subdag_operator.section-2 to None, run_after=None
[2025-11-09T21:45:28.283+0000] {processor.py:208} INFO - Processing /home/airflow/.local/lib/python3.12/site-packages/airflow/example_dags/example_subdag_operator.py took 0.387 seconds
[2025-11-09T21:45:58.452+0000] {processor.py:186} INFO - Started process (PID=4814) to work on /home/airflow/.local/lib/python3.12/site-packages/airflow/example_dags/example_subdag_operator.py
[2025-11-09T21:45:58.454+0000] {processor.py:914} INFO - Processing file /home/airflow/.local/lib/python3.12/site-packages/airflow/example_dags/example_subdag_operator.py for tasks to queue
[2025-11-09T21:45:58.461+0000] {logging_mixin.py:190} INFO - [2025-11-09T21:45:58.460+0000] {dagbag.py:588} INFO - Filling up the DagBag from /home/airflow/.local/lib/python3.12/site-packages/airflow/example_dags/example_subdag_operator.py
[2025-11-09T21:45:58.513+0000] {processor.py:925} INFO - DAG(s) 'example_subdag_operator.section-1', 'example_subdag_operator.section-2', 'example_subdag_operator' retrieved from /home/airflow/.local/lib/python3.12/site-packages/airflow/example_dags/example_subdag_operator.py
[2025-11-09T21:45:58.540+0000] {logging_mixin.py:190} INFO - [2025-11-09T21:45:58.540+0000] {dag.py:3239} INFO - Sync 3 DAGs
[2025-11-09T21:45:58.585+0000] {logging_mixin.py:190} INFO - [2025-11-09T21:45:58.584+0000] {dag.py:4180} INFO - Setting next_dagrun for example_subdag_operator to 2022-01-01 00:00:00+00:00, run_after=2022-01-01 00:00:00+00:00
[2025-11-09T21:45:58.591+0000] {logging_mixin.py:190} INFO - [2025-11-09T21:45:58.591+0000] {dag.py:4180} INFO - Setting next_dagrun for example_subdag_operator.section-1 to None, run_after=None
[2025-11-09T21:45:58.594+0000] {logging_mixin.py:190} INFO - [2025-11-09T21:45:58.594+0000] {dag.py:4180} INFO - Setting next_dagrun for example_subdag_operator.section-2 to None, run_after=None
[2025-11-09T21:45:58.606+0000] {logging_mixin.py:190} INFO - [2025-11-09T21:45:58.605+0000] {dag.py:3239} INFO - Sync 2 DAGs
[2025-11-09T21:45:58.616+0000] {logging_mixin.py:190} INFO - [2025-11-09T21:45:58.615+0000] {dag.py:4180} INFO - Setting next_dagrun for example_subdag_operator.section-1 to None, run_after=None
[2025-11-09T21:45:58.617+0000] {logging_mixin.py:190} INFO - [2025-11-09T21:45:58.616+0000] {dag.py:4180} INFO - Setting next_dagrun for example_subdag_operator.section-2 to None, run_after=None
[2025-11-09T21:45:58.635+0000] {processor.py:208} INFO - Processing /home/airflow/.local/lib/python3.12/site-packages/airflow/example_dags/example_subdag_operator.py took 0.194 seconds
[2025-11-09T21:46:29.461+0000] {processor.py:186} INFO - Started process (PID=4883) to work on /home/airflow/.local/lib/python3.12/site-packages/airflow/example_dags/example_subdag_operator.py
[2025-11-09T21:46:29.464+0000] {processor.py:914} INFO - Processing file /home/airflow/.local/lib/python3.12/site-packages/airflow/example_dags/example_subdag_operator.py for tasks to queue
[2025-11-09T21:46:29.471+0000] {logging_mixin.py:190} INFO - [2025-11-09T21:46:29.471+0000] {dagbag.py:588} INFO - Filling up the DagBag from /home/airflow/.local/lib/python3.12/site-packages/airflow/example_dags/example_subdag_operator.py
[2025-11-09T21:46:29.539+0000] {processor.py:925} INFO - DAG(s) 'example_subdag_operator.section-1', 'example_subdag_operator.section-2', 'example_subdag_operator' retrieved from /home/airflow/.local/lib/python3.12/site-packages/airflow/example_dags/example_subdag_operator.py
[2025-11-09T21:46:29.577+0000] {logging_mixin.py:190} INFO - [2025-11-09T21:46:29.576+0000] {dag.py:3239} INFO - Sync 3 DAGs
[2025-11-09T21:46:29.633+0000] {logging_mixin.py:190} INFO - [2025-11-09T21:46:29.633+0000] {dag.py:4180} INFO - Setting next_dagrun for example_subdag_operator to 2022-01-01 00:00:00+00:00, run_after=2022-01-01 00:00:00+00:00
[2025-11-09T21:46:29.643+0000] {logging_mixin.py:190} INFO - [2025-11-09T21:46:29.643+0000] {dag.py:4180} INFO - Setting next_dagrun for example_subdag_operator.section-1 to None, run_after=None
[2025-11-09T21:46:29.648+0000] {logging_mixin.py:190} INFO - [2025-11-09T21:46:29.648+0000] {dag.py:4180} INFO - Setting next_dagrun for example_subdag_operator.section-2 to None, run_after=None
[2025-11-09T21:46:29.665+0000] {logging_mixin.py:190} INFO - [2025-11-09T21:46:29.664+0000] {dag.py:3239} INFO - Sync 2 DAGs
[2025-11-09T21:46:29.678+0000] {logging_mixin.py:190} INFO - [2025-11-09T21:46:29.678+0000] {dag.py:4180} INFO - Setting next_dagrun for example_subdag_operator.section-1 to None, run_after=None
[2025-11-09T21:46:29.680+0000] {logging_mixin.py:190} INFO - [2025-11-09T21:46:29.679+0000] {dag.py:4180} INFO - Setting next_dagrun for example_subdag_operator.section-2 to None, run_after=None
[2025-11-09T21:46:29.705+0000] {processor.py:208} INFO - Processing /home/airflow/.local/lib/python3.12/site-packages/airflow/example_dags/example_subdag_operator.py took 0.258 seconds
[2025-11-09T21:46:59.916+0000] {processor.py:186} INFO - Started process (PID=4947) to work on /home/airflow/.local/lib/python3.12/site-packages/airflow/example_dags/example_subdag_operator.py
[2025-11-09T21:46:59.918+0000] {processor.py:914} INFO - Processing file /home/airflow/.local/lib/python3.12/site-packages/airflow/example_dags/example_subdag_operator.py for tasks to queue
[2025-11-09T21:46:59.924+0000] {logging_mixin.py:190} INFO - [2025-11-09T21:46:59.923+0000] {dagbag.py:588} INFO - Filling up the DagBag from /home/airflow/.local/lib/python3.12/site-packages/airflow/example_dags/example_subdag_operator.py
[2025-11-09T21:46:59.980+0000] {processor.py:925} INFO - DAG(s) 'example_subdag_operator.section-1', 'example_subdag_operator.section-2', 'example_subdag_operator' retrieved from /home/airflow/.local/lib/python3.12/site-packages/airflow/example_dags/example_subdag_operator.py
[2025-11-09T21:47:00.005+0000] {logging_mixin.py:190} INFO - [2025-11-09T21:47:00.004+0000] {dag.py:3239} INFO - Sync 3 DAGs
[2025-11-09T21:47:00.069+0000] {logging_mixin.py:190} INFO - [2025-11-09T21:47:00.069+0000] {dag.py:4180} INFO - Setting next_dagrun for example_subdag_operator to 2022-01-01 00:00:00+00:00, run_after=2022-01-01 00:00:00+00:00
[2025-11-09T21:47:00.079+0000] {logging_mixin.py:190} INFO - [2025-11-09T21:47:00.078+0000] {dag.py:4180} INFO - Setting next_dagrun for example_subdag_operator.section-1 to None, run_after=None
[2025-11-09T21:47:00.084+0000] {logging_mixin.py:190} INFO - [2025-11-09T21:47:00.083+0000] {dag.py:4180} INFO - Setting next_dagrun for example_subdag_operator.section-2 to None, run_after=None
[2025-11-09T21:47:00.104+0000] {logging_mixin.py:190} INFO - [2025-11-09T21:47:00.104+0000] {dag.py:3239} INFO - Sync 2 DAGs
[2025-11-09T21:47:00.119+0000] {logging_mixin.py:190} INFO - [2025-11-09T21:47:00.119+0000] {dag.py:4180} INFO - Setting next_dagrun for example_subdag_operator.section-1 to None, run_after=None
[2025-11-09T21:47:00.121+0000] {logging_mixin.py:190} INFO - [2025-11-09T21:47:00.120+0000] {dag.py:4180} INFO - Setting next_dagrun for example_subdag_operator.section-2 to None, run_after=None
[2025-11-09T21:47:00.155+0000] {processor.py:208} INFO - Processing /home/airflow/.local/lib/python3.12/site-packages/airflow/example_dags/example_subdag_operator.py took 0.255 seconds
[2025-11-09T21:47:30.385+0000] {processor.py:186} INFO - Started process (PID=5009) to work on /home/airflow/.local/lib/python3.12/site-packages/airflow/example_dags/example_subdag_operator.py
[2025-11-09T21:47:30.392+0000] {processor.py:914} INFO - Processing file /home/airflow/.local/lib/python3.12/site-packages/airflow/example_dags/example_subdag_operator.py for tasks to queue
[2025-11-09T21:47:30.401+0000] {logging_mixin.py:190} INFO - [2025-11-09T21:47:30.400+0000] {dagbag.py:588} INFO - Filling up the DagBag from /home/airflow/.local/lib/python3.12/site-packages/airflow/example_dags/example_subdag_operator.py
[2025-11-09T21:47:30.497+0000] {processor.py:925} INFO - DAG(s) 'example_subdag_operator.section-1', 'example_subdag_operator.section-2', 'example_subdag_operator' retrieved from /home/airflow/.local/lib/python3.12/site-packages/airflow/example_dags/example_subdag_operator.py
[2025-11-09T21:47:30.579+0000] {logging_mixin.py:190} INFO - [2025-11-09T21:47:30.578+0000] {dag.py:3239} INFO - Sync 3 DAGs
[2025-11-09T21:47:30.697+0000] {logging_mixin.py:190} INFO - [2025-11-09T21:47:30.696+0000] {dag.py:4180} INFO - Setting next_dagrun for example_subdag_operator to 2022-01-01 00:00:00+00:00, run_after=2022-01-01 00:00:00+00:00
[2025-11-09T21:47:30.710+0000] {logging_mixin.py:190} INFO - [2025-11-09T21:47:30.710+0000] {dag.py:4180} INFO - Setting next_dagrun for example_subdag_operator.section-1 to None, run_after=None
[2025-11-09T21:47:30.715+0000] {logging_mixin.py:190} INFO - [2025-11-09T21:47:30.715+0000] {dag.py:4180} INFO - Setting next_dagrun for example_subdag_operator.section-2 to None, run_after=None
[2025-11-09T21:47:30.745+0000] {logging_mixin.py:190} INFO - [2025-11-09T21:47:30.744+0000] {dag.py:3239} INFO - Sync 2 DAGs
[2025-11-09T21:47:30.765+0000] {logging_mixin.py:190} INFO - [2025-11-09T21:47:30.764+0000] {dag.py:4180} INFO - Setting next_dagrun for example_subdag_operator.section-1 to None, run_after=None
[2025-11-09T21:47:30.767+0000] {logging_mixin.py:190} INFO - [2025-11-09T21:47:30.767+0000] {dag.py:4180} INFO - Setting next_dagrun for example_subdag_operator.section-2 to None, run_after=None
[2025-11-09T21:47:30.809+0000] {processor.py:208} INFO - Processing /home/airflow/.local/lib/python3.12/site-packages/airflow/example_dags/example_subdag_operator.py took 0.455 seconds
[2025-11-09T21:48:01.031+0000] {processor.py:186} INFO - Started process (PID=5073) to work on /home/airflow/.local/lib/python3.12/site-packages/airflow/example_dags/example_subdag_operator.py
[2025-11-09T21:48:01.035+0000] {processor.py:914} INFO - Processing file /home/airflow/.local/lib/python3.12/site-packages/airflow/example_dags/example_subdag_operator.py for tasks to queue
[2025-11-09T21:48:01.042+0000] {logging_mixin.py:190} INFO - [2025-11-09T21:48:01.041+0000] {dagbag.py:588} INFO - Filling up the DagBag from /home/airflow/.local/lib/python3.12/site-packages/airflow/example_dags/example_subdag_operator.py
[2025-11-09T21:48:01.135+0000] {processor.py:925} INFO - DAG(s) 'example_subdag_operator.section-1', 'example_subdag_operator.section-2', 'example_subdag_operator' retrieved from /home/airflow/.local/lib/python3.12/site-packages/airflow/example_dags/example_subdag_operator.py
[2025-11-09T21:48:01.174+0000] {logging_mixin.py:190} INFO - [2025-11-09T21:48:01.174+0000] {dag.py:3239} INFO - Sync 3 DAGs
[2025-11-09T21:48:01.232+0000] {logging_mixin.py:190} INFO - [2025-11-09T21:48:01.231+0000] {dag.py:4180} INFO - Setting next_dagrun for example_subdag_operator to 2022-01-01 00:00:00+00:00, run_after=2022-01-01 00:00:00+00:00
[2025-11-09T21:48:01.241+0000] {logging_mixin.py:190} INFO - [2025-11-09T21:48:01.240+0000] {dag.py:4180} INFO - Setting next_dagrun for example_subdag_operator.section-1 to None, run_after=None
[2025-11-09T21:48:01.244+0000] {logging_mixin.py:190} INFO - [2025-11-09T21:48:01.244+0000] {dag.py:4180} INFO - Setting next_dagrun for example_subdag_operator.section-2 to None, run_after=None
[2025-11-09T21:48:01.261+0000] {logging_mixin.py:190} INFO - [2025-11-09T21:48:01.261+0000] {dag.py:3239} INFO - Sync 2 DAGs
[2025-11-09T21:48:01.273+0000] {logging_mixin.py:190} INFO - [2025-11-09T21:48:01.273+0000] {dag.py:4180} INFO - Setting next_dagrun for example_subdag_operator.section-1 to None, run_after=None
[2025-11-09T21:48:01.275+0000] {logging_mixin.py:190} INFO - [2025-11-09T21:48:01.274+0000] {dag.py:4180} INFO - Setting next_dagrun for example_subdag_operator.section-2 to None, run_after=None
[2025-11-09T21:48:01.300+0000] {processor.py:208} INFO - Processing /home/airflow/.local/lib/python3.12/site-packages/airflow/example_dags/example_subdag_operator.py took 0.297 seconds
[2025-11-09T21:48:31.395+0000] {processor.py:186} INFO - Started process (PID=5136) to work on /home/airflow/.local/lib/python3.12/site-packages/airflow/example_dags/example_subdag_operator.py
[2025-11-09T21:48:31.396+0000] {processor.py:914} INFO - Processing file /home/airflow/.local/lib/python3.12/site-packages/airflow/example_dags/example_subdag_operator.py for tasks to queue
[2025-11-09T21:48:31.401+0000] {logging_mixin.py:190} INFO - [2025-11-09T21:48:31.400+0000] {dagbag.py:588} INFO - Filling up the DagBag from /home/airflow/.local/lib/python3.12/site-packages/airflow/example_dags/example_subdag_operator.py
[2025-11-09T21:48:31.447+0000] {processor.py:925} INFO - DAG(s) 'example_subdag_operator.section-1', 'example_subdag_operator.section-2', 'example_subdag_operator' retrieved from /home/airflow/.local/lib/python3.12/site-packages/airflow/example_dags/example_subdag_operator.py
[2025-11-09T21:48:31.468+0000] {logging_mixin.py:190} INFO - [2025-11-09T21:48:31.468+0000] {dag.py:3239} INFO - Sync 3 DAGs
[2025-11-09T21:48:31.502+0000] {logging_mixin.py:190} INFO - [2025-11-09T21:48:31.502+0000] {dag.py:4180} INFO - Setting next_dagrun for example_subdag_operator to 2022-01-01 00:00:00+00:00, run_after=2022-01-01 00:00:00+00:00
[2025-11-09T21:48:31.509+0000] {logging_mixin.py:190} INFO - [2025-11-09T21:48:31.509+0000] {dag.py:4180} INFO - Setting next_dagrun for example_subdag_operator.section-1 to None, run_after=None
[2025-11-09T21:48:31.512+0000] {logging_mixin.py:190} INFO - [2025-11-09T21:48:31.512+0000] {dag.py:4180} INFO - Setting next_dagrun for example_subdag_operator.section-2 to None, run_after=None
[2025-11-09T21:48:31.523+0000] {logging_mixin.py:190} INFO - [2025-11-09T21:48:31.522+0000] {dag.py:3239} INFO - Sync 2 DAGs
[2025-11-09T21:48:31.532+0000] {logging_mixin.py:190} INFO - [2025-11-09T21:48:31.532+0000] {dag.py:4180} INFO - Setting next_dagrun for example_subdag_operator.section-1 to None, run_after=None
[2025-11-09T21:48:31.534+0000] {logging_mixin.py:190} INFO - [2025-11-09T21:48:31.533+0000] {dag.py:4180} INFO - Setting next_dagrun for example_subdag_operator.section-2 to None, run_after=None
[2025-11-09T21:48:31.553+0000] {processor.py:208} INFO - Processing /home/airflow/.local/lib/python3.12/site-packages/airflow/example_dags/example_subdag_operator.py took 0.167 seconds
[2025-11-09T21:49:01.675+0000] {processor.py:186} INFO - Started process (PID=5199) to work on /home/airflow/.local/lib/python3.12/site-packages/airflow/example_dags/example_subdag_operator.py
[2025-11-09T21:49:01.677+0000] {processor.py:914} INFO - Processing file /home/airflow/.local/lib/python3.12/site-packages/airflow/example_dags/example_subdag_operator.py for tasks to queue
[2025-11-09T21:49:01.683+0000] {logging_mixin.py:190} INFO - [2025-11-09T21:49:01.683+0000] {dagbag.py:588} INFO - Filling up the DagBag from /home/airflow/.local/lib/python3.12/site-packages/airflow/example_dags/example_subdag_operator.py
[2025-11-09T21:49:01.734+0000] {processor.py:925} INFO - DAG(s) 'example_subdag_operator.section-1', 'example_subdag_operator.section-2', 'example_subdag_operator' retrieved from /home/airflow/.local/lib/python3.12/site-packages/airflow/example_dags/example_subdag_operator.py
[2025-11-09T21:49:01.761+0000] {logging_mixin.py:190} INFO - [2025-11-09T21:49:01.761+0000] {dag.py:3239} INFO - Sync 3 DAGs
[2025-11-09T21:49:01.806+0000] {logging_mixin.py:190} INFO - [2025-11-09T21:49:01.805+0000] {dag.py:4180} INFO - Setting next_dagrun for example_subdag_operator to 2022-01-01 00:00:00+00:00, run_after=2022-01-01 00:00:00+00:00
[2025-11-09T21:49:01.814+0000] {logging_mixin.py:190} INFO - [2025-11-09T21:49:01.814+0000] {dag.py:4180} INFO - Setting next_dagrun for example_subdag_operator.section-1 to None, run_after=None
[2025-11-09T21:49:01.817+0000] {logging_mixin.py:190} INFO - [2025-11-09T21:49:01.817+0000] {dag.py:4180} INFO - Setting next_dagrun for example_subdag_operator.section-2 to None, run_after=None
[2025-11-09T21:49:01.831+0000] {logging_mixin.py:190} INFO - [2025-11-09T21:49:01.831+0000] {dag.py:3239} INFO - Sync 2 DAGs
[2025-11-09T21:49:01.843+0000] {logging_mixin.py:190} INFO - [2025-11-09T21:49:01.843+0000] {dag.py:4180} INFO - Setting next_dagrun for example_subdag_operator.section-1 to None, run_after=None
[2025-11-09T21:49:01.845+0000] {logging_mixin.py:190} INFO - [2025-11-09T21:49:01.844+0000] {dag.py:4180} INFO - Setting next_dagrun for example_subdag_operator.section-2 to None, run_after=None
[2025-11-09T21:49:01.865+0000] {processor.py:208} INFO - Processing /home/airflow/.local/lib/python3.12/site-packages/airflow/example_dags/example_subdag_operator.py took 0.201 seconds
[2025-11-09T21:49:32.129+0000] {processor.py:186} INFO - Started process (PID=5264) to work on /home/airflow/.local/lib/python3.12/site-packages/airflow/example_dags/example_subdag_operator.py
[2025-11-09T21:49:32.131+0000] {processor.py:914} INFO - Processing file /home/airflow/.local/lib/python3.12/site-packages/airflow/example_dags/example_subdag_operator.py for tasks to queue
[2025-11-09T21:49:32.138+0000] {logging_mixin.py:190} INFO - [2025-11-09T21:49:32.137+0000] {dagbag.py:588} INFO - Filling up the DagBag from /home/airflow/.local/lib/python3.12/site-packages/airflow/example_dags/example_subdag_operator.py
[2025-11-09T21:49:32.199+0000] {processor.py:925} INFO - DAG(s) 'example_subdag_operator.section-1', 'example_subdag_operator.section-2', 'example_subdag_operator' retrieved from /home/airflow/.local/lib/python3.12/site-packages/airflow/example_dags/example_subdag_operator.py
[2025-11-09T21:49:32.227+0000] {logging_mixin.py:190} INFO - [2025-11-09T21:49:32.226+0000] {dag.py:3239} INFO - Sync 3 DAGs
[2025-11-09T21:49:32.278+0000] {logging_mixin.py:190} INFO - [2025-11-09T21:49:32.278+0000] {dag.py:4180} INFO - Setting next_dagrun for example_subdag_operator to 2022-01-01 00:00:00+00:00, run_after=2022-01-01 00:00:00+00:00
[2025-11-09T21:49:32.286+0000] {logging_mixin.py:190} INFO - [2025-11-09T21:49:32.285+0000] {dag.py:4180} INFO - Setting next_dagrun for example_subdag_operator.section-1 to None, run_after=None
[2025-11-09T21:49:32.289+0000] {logging_mixin.py:190} INFO - [2025-11-09T21:49:32.289+0000] {dag.py:4180} INFO - Setting next_dagrun for example_subdag_operator.section-2 to None, run_after=None
[2025-11-09T21:49:32.304+0000] {logging_mixin.py:190} INFO - [2025-11-09T21:49:32.304+0000] {dag.py:3239} INFO - Sync 2 DAGs
[2025-11-09T21:49:32.315+0000] {logging_mixin.py:190} INFO - [2025-11-09T21:49:32.315+0000] {dag.py:4180} INFO - Setting next_dagrun for example_subdag_operator.section-1 to None, run_after=None
[2025-11-09T21:49:32.316+0000] {logging_mixin.py:190} INFO - [2025-11-09T21:49:32.316+0000] {dag.py:4180} INFO - Setting next_dagrun for example_subdag_operator.section-2 to None, run_after=None
[2025-11-09T21:49:32.339+0000] {processor.py:208} INFO - Processing /home/airflow/.local/lib/python3.12/site-packages/airflow/example_dags/example_subdag_operator.py took 0.224 seconds
[2025-11-09T21:50:02.535+0000] {processor.py:186} INFO - Started process (PID=5329) to work on /home/airflow/.local/lib/python3.12/site-packages/airflow/example_dags/example_subdag_operator.py
[2025-11-09T21:50:02.538+0000] {processor.py:914} INFO - Processing file /home/airflow/.local/lib/python3.12/site-packages/airflow/example_dags/example_subdag_operator.py for tasks to queue
[2025-11-09T21:50:02.543+0000] {logging_mixin.py:190} INFO - [2025-11-09T21:50:02.542+0000] {dagbag.py:588} INFO - Filling up the DagBag from /home/airflow/.local/lib/python3.12/site-packages/airflow/example_dags/example_subdag_operator.py
[2025-11-09T21:50:02.612+0000] {processor.py:925} INFO - DAG(s) 'example_subdag_operator.section-1', 'example_subdag_operator.section-2', 'example_subdag_operator' retrieved from /home/airflow/.local/lib/python3.12/site-packages/airflow/example_dags/example_subdag_operator.py
[2025-11-09T21:50:02.657+0000] {logging_mixin.py:190} INFO - [2025-11-09T21:50:02.657+0000] {dag.py:3239} INFO - Sync 3 DAGs
[2025-11-09T21:50:02.707+0000] {logging_mixin.py:190} INFO - [2025-11-09T21:50:02.707+0000] {dag.py:4180} INFO - Setting next_dagrun for example_subdag_operator to 2022-01-01 00:00:00+00:00, run_after=2022-01-01 00:00:00+00:00
[2025-11-09T21:50:02.714+0000] {logging_mixin.py:190} INFO - [2025-11-09T21:50:02.713+0000] {dag.py:4180} INFO - Setting next_dagrun for example_subdag_operator.section-1 to None, run_after=None
[2025-11-09T21:50:02.717+0000] {logging_mixin.py:190} INFO - [2025-11-09T21:50:02.717+0000] {dag.py:4180} INFO - Setting next_dagrun for example_subdag_operator.section-2 to None, run_after=None
[2025-11-09T21:50:02.733+0000] {logging_mixin.py:190} INFO - [2025-11-09T21:50:02.733+0000] {dag.py:3239} INFO - Sync 2 DAGs
[2025-11-09T21:50:02.745+0000] {logging_mixin.py:190} INFO - [2025-11-09T21:50:02.745+0000] {dag.py:4180} INFO - Setting next_dagrun for example_subdag_operator.section-1 to None, run_after=None
[2025-11-09T21:50:02.746+0000] {logging_mixin.py:190} INFO - [2025-11-09T21:50:02.746+0000] {dag.py:4180} INFO - Setting next_dagrun for example_subdag_operator.section-2 to None, run_after=None
[2025-11-09T21:50:02.769+0000] {processor.py:208} INFO - Processing /home/airflow/.local/lib/python3.12/site-packages/airflow/example_dags/example_subdag_operator.py took 0.249 seconds
[2025-11-09T21:50:33.515+0000] {processor.py:186} INFO - Started process (PID=5394) to work on /home/airflow/.local/lib/python3.12/site-packages/airflow/example_dags/example_subdag_operator.py
[2025-11-09T21:50:33.517+0000] {processor.py:914} INFO - Processing file /home/airflow/.local/lib/python3.12/site-packages/airflow/example_dags/example_subdag_operator.py for tasks to queue
[2025-11-09T21:50:33.521+0000] {logging_mixin.py:190} INFO - [2025-11-09T21:50:33.521+0000] {dagbag.py:588} INFO - Filling up the DagBag from /home/airflow/.local/lib/python3.12/site-packages/airflow/example_dags/example_subdag_operator.py
[2025-11-09T21:50:33.570+0000] {processor.py:925} INFO - DAG(s) 'example_subdag_operator.section-1', 'example_subdag_operator.section-2', 'example_subdag_operator' retrieved from /home/airflow/.local/lib/python3.12/site-packages/airflow/example_dags/example_subdag_operator.py
[2025-11-09T21:50:33.604+0000] {logging_mixin.py:190} INFO - [2025-11-09T21:50:33.604+0000] {dag.py:3239} INFO - Sync 3 DAGs
[2025-11-09T21:50:33.651+0000] {logging_mixin.py:190} INFO - [2025-11-09T21:50:33.650+0000] {dag.py:4180} INFO - Setting next_dagrun for example_subdag_operator to 2022-01-01 00:00:00+00:00, run_after=2022-01-01 00:00:00+00:00
[2025-11-09T21:50:33.658+0000] {logging_mixin.py:190} INFO - [2025-11-09T21:50:33.658+0000] {dag.py:4180} INFO - Setting next_dagrun for example_subdag_operator.section-1 to None, run_after=None
[2025-11-09T21:50:33.661+0000] {logging_mixin.py:190} INFO - [2025-11-09T21:50:33.661+0000] {dag.py:4180} INFO - Setting next_dagrun for example_subdag_operator.section-2 to None, run_after=None
[2025-11-09T21:50:33.677+0000] {logging_mixin.py:190} INFO - [2025-11-09T21:50:33.676+0000] {dag.py:3239} INFO - Sync 2 DAGs
[2025-11-09T21:50:33.687+0000] {logging_mixin.py:190} INFO - [2025-11-09T21:50:33.687+0000] {dag.py:4180} INFO - Setting next_dagrun for example_subdag_operator.section-1 to None, run_after=None
[2025-11-09T21:50:33.689+0000] {logging_mixin.py:190} INFO - [2025-11-09T21:50:33.688+0000] {dag.py:4180} INFO - Setting next_dagrun for example_subdag_operator.section-2 to None, run_after=None
[2025-11-09T21:50:33.707+0000] {processor.py:208} INFO - Processing /home/airflow/.local/lib/python3.12/site-packages/airflow/example_dags/example_subdag_operator.py took 0.203 seconds
[2025-11-09T21:51:05.747+0000] {processor.py:186} INFO - Started process (PID=5457) to work on /home/airflow/.local/lib/python3.12/site-packages/airflow/example_dags/example_subdag_operator.py
[2025-11-09T21:51:05.749+0000] {processor.py:914} INFO - Processing file /home/airflow/.local/lib/python3.12/site-packages/airflow/example_dags/example_subdag_operator.py for tasks to queue
[2025-11-09T21:51:05.756+0000] {logging_mixin.py:190} INFO - [2025-11-09T21:51:05.755+0000] {dagbag.py:588} INFO - Filling up the DagBag from /home/airflow/.local/lib/python3.12/site-packages/airflow/example_dags/example_subdag_operator.py
[2025-11-09T21:51:05.885+0000] {processor.py:925} INFO - DAG(s) 'example_subdag_operator.section-1', 'example_subdag_operator.section-2', 'example_subdag_operator' retrieved from /home/airflow/.local/lib/python3.12/site-packages/airflow/example_dags/example_subdag_operator.py
[2025-11-09T21:51:05.924+0000] {logging_mixin.py:190} INFO - [2025-11-09T21:51:05.923+0000] {dag.py:3239} INFO - Sync 3 DAGs
[2025-11-09T21:51:05.970+0000] {logging_mixin.py:190} INFO - [2025-11-09T21:51:05.970+0000] {dag.py:4180} INFO - Setting next_dagrun for example_subdag_operator to 2022-01-01 00:00:00+00:00, run_after=2022-01-01 00:00:00+00:00
[2025-11-09T21:51:05.977+0000] {logging_mixin.py:190} INFO - [2025-11-09T21:51:05.977+0000] {dag.py:4180} INFO - Setting next_dagrun for example_subdag_operator.section-1 to None, run_after=None
[2025-11-09T21:51:05.980+0000] {logging_mixin.py:190} INFO - [2025-11-09T21:51:05.980+0000] {dag.py:4180} INFO - Setting next_dagrun for example_subdag_operator.section-2 to None, run_after=None
[2025-11-09T21:51:05.996+0000] {logging_mixin.py:190} INFO - [2025-11-09T21:51:05.996+0000] {dag.py:3239} INFO - Sync 2 DAGs
[2025-11-09T21:51:06.008+0000] {logging_mixin.py:190} INFO - [2025-11-09T21:51:06.007+0000] {dag.py:4180} INFO - Setting next_dagrun for example_subdag_operator.section-1 to None, run_after=None
[2025-11-09T21:51:06.010+0000] {logging_mixin.py:190} INFO - [2025-11-09T21:51:06.009+0000] {dag.py:4180} INFO - Setting next_dagrun for example_subdag_operator.section-2 to None, run_after=None
[2025-11-09T21:51:06.032+0000] {processor.py:208} INFO - Processing /home/airflow/.local/lib/python3.12/site-packages/airflow/example_dags/example_subdag_operator.py took 0.300 seconds
[2025-11-09T21:51:37.449+0000] {processor.py:186} INFO - Started process (PID=5522) to work on /home/airflow/.local/lib/python3.12/site-packages/airflow/example_dags/example_subdag_operator.py
[2025-11-09T21:51:37.452+0000] {processor.py:914} INFO - Processing file /home/airflow/.local/lib/python3.12/site-packages/airflow/example_dags/example_subdag_operator.py for tasks to queue
[2025-11-09T21:51:37.457+0000] {logging_mixin.py:190} INFO - [2025-11-09T21:51:37.456+0000] {dagbag.py:588} INFO - Filling up the DagBag from /home/airflow/.local/lib/python3.12/site-packages/airflow/example_dags/example_subdag_operator.py
[2025-11-09T21:51:37.514+0000] {processor.py:925} INFO - DAG(s) 'example_subdag_operator.section-1', 'example_subdag_operator.section-2', 'example_subdag_operator' retrieved from /home/airflow/.local/lib/python3.12/site-packages/airflow/example_dags/example_subdag_operator.py
[2025-11-09T21:51:37.547+0000] {logging_mixin.py:190} INFO - [2025-11-09T21:51:37.547+0000] {dag.py:3239} INFO - Sync 3 DAGs
[2025-11-09T21:51:37.597+0000] {logging_mixin.py:190} INFO - [2025-11-09T21:51:37.596+0000] {dag.py:4180} INFO - Setting next_dagrun for example_subdag_operator to 2022-01-01 00:00:00+00:00, run_after=2022-01-01 00:00:00+00:00
[2025-11-09T21:51:37.605+0000] {logging_mixin.py:190} INFO - [2025-11-09T21:51:37.605+0000] {dag.py:4180} INFO - Setting next_dagrun for example_subdag_operator.section-1 to None, run_after=None
[2025-11-09T21:51:37.609+0000] {logging_mixin.py:190} INFO - [2025-11-09T21:51:37.608+0000] {dag.py:4180} INFO - Setting next_dagrun for example_subdag_operator.section-2 to None, run_after=None
[2025-11-09T21:51:37.623+0000] {logging_mixin.py:190} INFO - [2025-11-09T21:51:37.623+0000] {dag.py:3239} INFO - Sync 2 DAGs
[2025-11-09T21:51:37.635+0000] {logging_mixin.py:190} INFO - [2025-11-09T21:51:37.635+0000] {dag.py:4180} INFO - Setting next_dagrun for example_subdag_operator.section-1 to None, run_after=None
[2025-11-09T21:51:37.636+0000] {logging_mixin.py:190} INFO - [2025-11-09T21:51:37.636+0000] {dag.py:4180} INFO - Setting next_dagrun for example_subdag_operator.section-2 to None, run_after=None
[2025-11-09T21:51:37.660+0000] {processor.py:208} INFO - Processing /home/airflow/.local/lib/python3.12/site-packages/airflow/example_dags/example_subdag_operator.py took 0.224 seconds
[2025-11-09T21:52:08.742+0000] {processor.py:186} INFO - Started process (PID=5582) to work on /home/airflow/.local/lib/python3.12/site-packages/airflow/example_dags/example_subdag_operator.py
[2025-11-09T21:52:08.744+0000] {processor.py:914} INFO - Processing file /home/airflow/.local/lib/python3.12/site-packages/airflow/example_dags/example_subdag_operator.py for tasks to queue
[2025-11-09T21:52:08.752+0000] {logging_mixin.py:190} INFO - [2025-11-09T21:52:08.751+0000] {dagbag.py:588} INFO - Filling up the DagBag from /home/airflow/.local/lib/python3.12/site-packages/airflow/example_dags/example_subdag_operator.py
[2025-11-09T21:52:08.819+0000] {processor.py:925} INFO - DAG(s) 'example_subdag_operator.section-1', 'example_subdag_operator.section-2', 'example_subdag_operator' retrieved from /home/airflow/.local/lib/python3.12/site-packages/airflow/example_dags/example_subdag_operator.py
[2025-11-09T21:52:08.858+0000] {logging_mixin.py:190} INFO - [2025-11-09T21:52:08.857+0000] {dag.py:3239} INFO - Sync 3 DAGs
[2025-11-09T21:52:08.920+0000] {logging_mixin.py:190} INFO - [2025-11-09T21:52:08.920+0000] {dag.py:4180} INFO - Setting next_dagrun for example_subdag_operator to 2022-01-01 00:00:00+00:00, run_after=2022-01-01 00:00:00+00:00
[2025-11-09T21:52:08.930+0000] {logging_mixin.py:190} INFO - [2025-11-09T21:52:08.930+0000] {dag.py:4180} INFO - Setting next_dagrun for example_subdag_operator.section-1 to None, run_after=None
[2025-11-09T21:52:08.936+0000] {logging_mixin.py:190} INFO - [2025-11-09T21:52:08.936+0000] {dag.py:4180} INFO - Setting next_dagrun for example_subdag_operator.section-2 to None, run_after=None
[2025-11-09T21:52:08.952+0000] {logging_mixin.py:190} INFO - [2025-11-09T21:52:08.951+0000] {dag.py:3239} INFO - Sync 2 DAGs
[2025-11-09T21:52:08.965+0000] {logging_mixin.py:190} INFO - [2025-11-09T21:52:08.964+0000] {dag.py:4180} INFO - Setting next_dagrun for example_subdag_operator.section-1 to None, run_after=None
[2025-11-09T21:52:08.966+0000] {logging_mixin.py:190} INFO - [2025-11-09T21:52:08.966+0000] {dag.py:4180} INFO - Setting next_dagrun for example_subdag_operator.section-2 to None, run_after=None
[2025-11-09T21:52:08.996+0000] {processor.py:208} INFO - Processing /home/airflow/.local/lib/python3.12/site-packages/airflow/example_dags/example_subdag_operator.py took 0.271 seconds
[2025-11-09T21:52:39.631+0000] {processor.py:186} INFO - Started process (PID=5646) to work on /home/airflow/.local/lib/python3.12/site-packages/airflow/example_dags/example_subdag_operator.py
[2025-11-09T21:52:39.633+0000] {processor.py:914} INFO - Processing file /home/airflow/.local/lib/python3.12/site-packages/airflow/example_dags/example_subdag_operator.py for tasks to queue
[2025-11-09T21:52:39.638+0000] {logging_mixin.py:190} INFO - [2025-11-09T21:52:39.638+0000] {dagbag.py:588} INFO - Filling up the DagBag from /home/airflow/.local/lib/python3.12/site-packages/airflow/example_dags/example_subdag_operator.py
[2025-11-09T21:52:39.691+0000] {processor.py:925} INFO - DAG(s) 'example_subdag_operator.section-1', 'example_subdag_operator.section-2', 'example_subdag_operator' retrieved from /home/airflow/.local/lib/python3.12/site-packages/airflow/example_dags/example_subdag_operator.py
[2025-11-09T21:52:39.722+0000] {logging_mixin.py:190} INFO - [2025-11-09T21:52:39.721+0000] {dag.py:3239} INFO - Sync 3 DAGs
[2025-11-09T21:52:39.762+0000] {logging_mixin.py:190} INFO - [2025-11-09T21:52:39.762+0000] {dag.py:4180} INFO - Setting next_dagrun for example_subdag_operator to 2022-01-01 00:00:00+00:00, run_after=2022-01-01 00:00:00+00:00
[2025-11-09T21:52:39.768+0000] {logging_mixin.py:190} INFO - [2025-11-09T21:52:39.768+0000] {dag.py:4180} INFO - Setting next_dagrun for example_subdag_operator.section-1 to None, run_after=None
[2025-11-09T21:52:39.771+0000] {logging_mixin.py:190} INFO - [2025-11-09T21:52:39.770+0000] {dag.py:4180} INFO - Setting next_dagrun for example_subdag_operator.section-2 to None, run_after=None
[2025-11-09T21:52:39.782+0000] {logging_mixin.py:190} INFO - [2025-11-09T21:52:39.781+0000] {dag.py:3239} INFO - Sync 2 DAGs
[2025-11-09T21:52:39.792+0000] {logging_mixin.py:190} INFO - [2025-11-09T21:52:39.792+0000] {dag.py:4180} INFO - Setting next_dagrun for example_subdag_operator.section-1 to None, run_after=None
[2025-11-09T21:52:39.793+0000] {logging_mixin.py:190} INFO - [2025-11-09T21:52:39.793+0000] {dag.py:4180} INFO - Setting next_dagrun for example_subdag_operator.section-2 to None, run_after=None
[2025-11-09T21:52:39.811+0000] {processor.py:208} INFO - Processing /home/airflow/.local/lib/python3.12/site-packages/airflow/example_dags/example_subdag_operator.py took 0.192 seconds
[2025-11-09T21:53:13.134+0000] {processor.py:186} INFO - Started process (PID=5711) to work on /home/airflow/.local/lib/python3.12/site-packages/airflow/example_dags/example_subdag_operator.py
[2025-11-09T21:53:13.136+0000] {processor.py:914} INFO - Processing file /home/airflow/.local/lib/python3.12/site-packages/airflow/example_dags/example_subdag_operator.py for tasks to queue
[2025-11-09T21:53:13.144+0000] {logging_mixin.py:190} INFO - [2025-11-09T21:53:13.143+0000] {dagbag.py:588} INFO - Filling up the DagBag from /home/airflow/.local/lib/python3.12/site-packages/airflow/example_dags/example_subdag_operator.py
[2025-11-09T21:53:13.232+0000] {processor.py:925} INFO - DAG(s) 'example_subdag_operator.section-1', 'example_subdag_operator.section-2', 'example_subdag_operator' retrieved from /home/airflow/.local/lib/python3.12/site-packages/airflow/example_dags/example_subdag_operator.py
[2025-11-09T21:53:13.281+0000] {logging_mixin.py:190} INFO - [2025-11-09T21:53:13.280+0000] {dag.py:3239} INFO - Sync 3 DAGs
[2025-11-09T21:53:13.350+0000] {logging_mixin.py:190} INFO - [2025-11-09T21:53:13.349+0000] {dag.py:4180} INFO - Setting next_dagrun for example_subdag_operator to 2022-01-01 00:00:00+00:00, run_after=2022-01-01 00:00:00+00:00
[2025-11-09T21:53:13.360+0000] {logging_mixin.py:190} INFO - [2025-11-09T21:53:13.359+0000] {dag.py:4180} INFO - Setting next_dagrun for example_subdag_operator.section-1 to None, run_after=None
[2025-11-09T21:53:13.364+0000] {logging_mixin.py:190} INFO - [2025-11-09T21:53:13.364+0000] {dag.py:4180} INFO - Setting next_dagrun for example_subdag_operator.section-2 to None, run_after=None
[2025-11-09T21:53:13.386+0000] {logging_mixin.py:190} INFO - [2025-11-09T21:53:13.385+0000] {dag.py:3239} INFO - Sync 2 DAGs
[2025-11-09T21:53:13.405+0000] {logging_mixin.py:190} INFO - [2025-11-09T21:53:13.405+0000] {dag.py:4180} INFO - Setting next_dagrun for example_subdag_operator.section-1 to None, run_after=None
[2025-11-09T21:53:13.407+0000] {logging_mixin.py:190} INFO - [2025-11-09T21:53:13.407+0000] {dag.py:4180} INFO - Setting next_dagrun for example_subdag_operator.section-2 to None, run_after=None
[2025-11-09T21:53:13.440+0000] {processor.py:208} INFO - Processing /home/airflow/.local/lib/python3.12/site-packages/airflow/example_dags/example_subdag_operator.py took 0.324 seconds
[2025-11-09T21:53:45.039+0000] {processor.py:186} INFO - Started process (PID=5774) to work on /home/airflow/.local/lib/python3.12/site-packages/airflow/example_dags/example_subdag_operator.py
[2025-11-09T21:53:45.042+0000] {processor.py:914} INFO - Processing file /home/airflow/.local/lib/python3.12/site-packages/airflow/example_dags/example_subdag_operator.py for tasks to queue
[2025-11-09T21:53:45.051+0000] {logging_mixin.py:190} INFO - [2025-11-09T21:53:45.050+0000] {dagbag.py:588} INFO - Filling up the DagBag from /home/airflow/.local/lib/python3.12/site-packages/airflow/example_dags/example_subdag_operator.py
[2025-11-09T21:53:45.149+0000] {processor.py:925} INFO - DAG(s) 'example_subdag_operator.section-1', 'example_subdag_operator.section-2', 'example_subdag_operator' retrieved from /home/airflow/.local/lib/python3.12/site-packages/airflow/example_dags/example_subdag_operator.py
[2025-11-09T21:53:45.200+0000] {logging_mixin.py:190} INFO - [2025-11-09T21:53:45.199+0000] {dag.py:3239} INFO - Sync 3 DAGs
[2025-11-09T21:53:45.283+0000] {logging_mixin.py:190} INFO - [2025-11-09T21:53:45.282+0000] {dag.py:4180} INFO - Setting next_dagrun for example_subdag_operator to 2022-01-01 00:00:00+00:00, run_after=2022-01-01 00:00:00+00:00
[2025-11-09T21:53:45.301+0000] {logging_mixin.py:190} INFO - [2025-11-09T21:53:45.300+0000] {dag.py:4180} INFO - Setting next_dagrun for example_subdag_operator.section-1 to None, run_after=None
[2025-11-09T21:53:45.308+0000] {logging_mixin.py:190} INFO - [2025-11-09T21:53:45.308+0000] {dag.py:4180} INFO - Setting next_dagrun for example_subdag_operator.section-2 to None, run_after=None
[2025-11-09T21:53:45.333+0000] {logging_mixin.py:190} INFO - [2025-11-09T21:53:45.333+0000] {dag.py:3239} INFO - Sync 2 DAGs
[2025-11-09T21:53:45.352+0000] {logging_mixin.py:190} INFO - [2025-11-09T21:53:45.351+0000] {dag.py:4180} INFO - Setting next_dagrun for example_subdag_operator.section-1 to None, run_after=None
[2025-11-09T21:53:45.354+0000] {logging_mixin.py:190} INFO - [2025-11-09T21:53:45.354+0000] {dag.py:4180} INFO - Setting next_dagrun for example_subdag_operator.section-2 to None, run_after=None
[2025-11-09T21:53:45.399+0000] {processor.py:208} INFO - Processing /home/airflow/.local/lib/python3.12/site-packages/airflow/example_dags/example_subdag_operator.py took 0.384 seconds
[2025-11-09T21:54:15.578+0000] {processor.py:186} INFO - Started process (PID=5838) to work on /home/airflow/.local/lib/python3.12/site-packages/airflow/example_dags/example_subdag_operator.py
[2025-11-09T21:54:15.580+0000] {processor.py:914} INFO - Processing file /home/airflow/.local/lib/python3.12/site-packages/airflow/example_dags/example_subdag_operator.py for tasks to queue
[2025-11-09T21:54:15.592+0000] {logging_mixin.py:190} INFO - [2025-11-09T21:54:15.591+0000] {dagbag.py:588} INFO - Filling up the DagBag from /home/airflow/.local/lib/python3.12/site-packages/airflow/example_dags/example_subdag_operator.py
[2025-11-09T21:54:15.664+0000] {processor.py:925} INFO - DAG(s) 'example_subdag_operator.section-1', 'example_subdag_operator.section-2', 'example_subdag_operator' retrieved from /home/airflow/.local/lib/python3.12/site-packages/airflow/example_dags/example_subdag_operator.py
[2025-11-09T21:54:15.699+0000] {logging_mixin.py:190} INFO - [2025-11-09T21:54:15.699+0000] {dag.py:3239} INFO - Sync 3 DAGs
[2025-11-09T21:54:15.751+0000] {logging_mixin.py:190} INFO - [2025-11-09T21:54:15.751+0000] {dag.py:4180} INFO - Setting next_dagrun for example_subdag_operator to 2022-01-01 00:00:00+00:00, run_after=2022-01-01 00:00:00+00:00
[2025-11-09T21:54:15.759+0000] {logging_mixin.py:190} INFO - [2025-11-09T21:54:15.758+0000] {dag.py:4180} INFO - Setting next_dagrun for example_subdag_operator.section-1 to None, run_after=None
[2025-11-09T21:54:15.762+0000] {logging_mixin.py:190} INFO - [2025-11-09T21:54:15.761+0000] {dag.py:4180} INFO - Setting next_dagrun for example_subdag_operator.section-2 to None, run_after=None
[2025-11-09T21:54:15.776+0000] {logging_mixin.py:190} INFO - [2025-11-09T21:54:15.776+0000] {dag.py:3239} INFO - Sync 2 DAGs
[2025-11-09T21:54:15.787+0000] {logging_mixin.py:190} INFO - [2025-11-09T21:54:15.786+0000] {dag.py:4180} INFO - Setting next_dagrun for example_subdag_operator.section-1 to None, run_after=None
[2025-11-09T21:54:15.788+0000] {logging_mixin.py:190} INFO - [2025-11-09T21:54:15.787+0000] {dag.py:4180} INFO - Setting next_dagrun for example_subdag_operator.section-2 to None, run_after=None
[2025-11-09T21:54:15.808+0000] {processor.py:208} INFO - Processing /home/airflow/.local/lib/python3.12/site-packages/airflow/example_dags/example_subdag_operator.py took 0.251 seconds
[2025-11-09T21:54:46.699+0000] {processor.py:186} INFO - Started process (PID=5902) to work on /home/airflow/.local/lib/python3.12/site-packages/airflow/example_dags/example_subdag_operator.py
[2025-11-09T21:54:46.701+0000] {processor.py:914} INFO - Processing file /home/airflow/.local/lib/python3.12/site-packages/airflow/example_dags/example_subdag_operator.py for tasks to queue
[2025-11-09T21:54:46.706+0000] {logging_mixin.py:190} INFO - [2025-11-09T21:54:46.705+0000] {dagbag.py:588} INFO - Filling up the DagBag from /home/airflow/.local/lib/python3.12/site-packages/airflow/example_dags/example_subdag_operator.py
[2025-11-09T21:54:46.759+0000] {processor.py:925} INFO - DAG(s) 'example_subdag_operator.section-1', 'example_subdag_operator.section-2', 'example_subdag_operator' retrieved from /home/airflow/.local/lib/python3.12/site-packages/airflow/example_dags/example_subdag_operator.py
[2025-11-09T21:54:46.790+0000] {logging_mixin.py:190} INFO - [2025-11-09T21:54:46.790+0000] {dag.py:3239} INFO - Sync 3 DAGs
[2025-11-09T21:54:46.840+0000] {logging_mixin.py:190} INFO - [2025-11-09T21:54:46.839+0000] {dag.py:4180} INFO - Setting next_dagrun for example_subdag_operator to 2022-01-01 00:00:00+00:00, run_after=2022-01-01 00:00:00+00:00
[2025-11-09T21:54:46.846+0000] {logging_mixin.py:190} INFO - [2025-11-09T21:54:46.846+0000] {dag.py:4180} INFO - Setting next_dagrun for example_subdag_operator.section-1 to None, run_after=None
[2025-11-09T21:54:46.849+0000] {logging_mixin.py:190} INFO - [2025-11-09T21:54:46.848+0000] {dag.py:4180} INFO - Setting next_dagrun for example_subdag_operator.section-2 to None, run_after=None
[2025-11-09T21:54:46.866+0000] {logging_mixin.py:190} INFO - [2025-11-09T21:54:46.866+0000] {dag.py:3239} INFO - Sync 2 DAGs
[2025-11-09T21:54:46.879+0000] {logging_mixin.py:190} INFO - [2025-11-09T21:54:46.879+0000] {dag.py:4180} INFO - Setting next_dagrun for example_subdag_operator.section-1 to None, run_after=None
[2025-11-09T21:54:46.881+0000] {logging_mixin.py:190} INFO - [2025-11-09T21:54:46.880+0000] {dag.py:4180} INFO - Setting next_dagrun for example_subdag_operator.section-2 to None, run_after=None
[2025-11-09T21:54:46.905+0000] {processor.py:208} INFO - Processing /home/airflow/.local/lib/python3.12/site-packages/airflow/example_dags/example_subdag_operator.py took 0.219 seconds
[2025-11-09T21:55:17.973+0000] {processor.py:186} INFO - Started process (PID=5965) to work on /home/airflow/.local/lib/python3.12/site-packages/airflow/example_dags/example_subdag_operator.py
[2025-11-09T21:55:17.987+0000] {processor.py:914} INFO - Processing file /home/airflow/.local/lib/python3.12/site-packages/airflow/example_dags/example_subdag_operator.py for tasks to queue
[2025-11-09T21:55:17.998+0000] {logging_mixin.py:190} INFO - [2025-11-09T21:55:17.997+0000] {dagbag.py:588} INFO - Filling up the DagBag from /home/airflow/.local/lib/python3.12/site-packages/airflow/example_dags/example_subdag_operator.py
[2025-11-09T21:55:18.165+0000] {processor.py:925} INFO - DAG(s) 'example_subdag_operator.section-1', 'example_subdag_operator.section-2', 'example_subdag_operator' retrieved from /home/airflow/.local/lib/python3.12/site-packages/airflow/example_dags/example_subdag_operator.py
[2025-11-09T21:55:18.308+0000] {logging_mixin.py:190} INFO - [2025-11-09T21:55:18.307+0000] {dag.py:3239} INFO - Sync 3 DAGs
[2025-11-09T21:55:18.490+0000] {logging_mixin.py:190} INFO - [2025-11-09T21:55:18.488+0000] {dag.py:4180} INFO - Setting next_dagrun for example_subdag_operator to 2022-01-01 00:00:00+00:00, run_after=2022-01-01 00:00:00+00:00
[2025-11-09T21:55:18.554+0000] {logging_mixin.py:190} INFO - [2025-11-09T21:55:18.553+0000] {dag.py:4180} INFO - Setting next_dagrun for example_subdag_operator.section-1 to None, run_after=None
[2025-11-09T21:55:18.588+0000] {logging_mixin.py:190} INFO - [2025-11-09T21:55:18.587+0000] {dag.py:4180} INFO - Setting next_dagrun for example_subdag_operator.section-2 to None, run_after=None
[2025-11-09T21:55:18.681+0000] {logging_mixin.py:190} INFO - [2025-11-09T21:55:18.680+0000] {dag.py:3239} INFO - Sync 2 DAGs
[2025-11-09T21:55:18.723+0000] {logging_mixin.py:190} INFO - [2025-11-09T21:55:18.722+0000] {dag.py:4180} INFO - Setting next_dagrun for example_subdag_operator.section-1 to None, run_after=None
[2025-11-09T21:55:18.727+0000] {logging_mixin.py:190} INFO - [2025-11-09T21:55:18.726+0000] {dag.py:4180} INFO - Setting next_dagrun for example_subdag_operator.section-2 to None, run_after=None
[2025-11-09T21:55:18.827+0000] {processor.py:208} INFO - Processing /home/airflow/.local/lib/python3.12/site-packages/airflow/example_dags/example_subdag_operator.py took 0.893 seconds
[2025-11-09T21:55:49.137+0000] {processor.py:186} INFO - Started process (PID=6029) to work on /home/airflow/.local/lib/python3.12/site-packages/airflow/example_dags/example_subdag_operator.py
[2025-11-09T21:55:49.140+0000] {processor.py:914} INFO - Processing file /home/airflow/.local/lib/python3.12/site-packages/airflow/example_dags/example_subdag_operator.py for tasks to queue
[2025-11-09T21:55:49.147+0000] {logging_mixin.py:190} INFO - [2025-11-09T21:55:49.146+0000] {dagbag.py:588} INFO - Filling up the DagBag from /home/airflow/.local/lib/python3.12/site-packages/airflow/example_dags/example_subdag_operator.py
[2025-11-09T21:55:49.224+0000] {processor.py:925} INFO - DAG(s) 'example_subdag_operator.section-1', 'example_subdag_operator.section-2', 'example_subdag_operator' retrieved from /home/airflow/.local/lib/python3.12/site-packages/airflow/example_dags/example_subdag_operator.py
[2025-11-09T21:55:49.270+0000] {logging_mixin.py:190} INFO - [2025-11-09T21:55:49.270+0000] {dag.py:3239} INFO - Sync 3 DAGs
[2025-11-09T21:55:49.332+0000] {logging_mixin.py:190} INFO - [2025-11-09T21:55:49.332+0000] {dag.py:4180} INFO - Setting next_dagrun for example_subdag_operator to 2022-01-01 00:00:00+00:00, run_after=2022-01-01 00:00:00+00:00
[2025-11-09T21:55:49.341+0000] {logging_mixin.py:190} INFO - [2025-11-09T21:55:49.341+0000] {dag.py:4180} INFO - Setting next_dagrun for example_subdag_operator.section-1 to None, run_after=None
[2025-11-09T21:55:49.347+0000] {logging_mixin.py:190} INFO - [2025-11-09T21:55:49.346+0000] {dag.py:4180} INFO - Setting next_dagrun for example_subdag_operator.section-2 to None, run_after=None
[2025-11-09T21:55:49.365+0000] {logging_mixin.py:190} INFO - [2025-11-09T21:55:49.364+0000] {dag.py:3239} INFO - Sync 2 DAGs
[2025-11-09T21:55:49.379+0000] {logging_mixin.py:190} INFO - [2025-11-09T21:55:49.379+0000] {dag.py:4180} INFO - Setting next_dagrun for example_subdag_operator.section-1 to None, run_after=None
[2025-11-09T21:55:49.381+0000] {logging_mixin.py:190} INFO - [2025-11-09T21:55:49.380+0000] {dag.py:4180} INFO - Setting next_dagrun for example_subdag_operator.section-2 to None, run_after=None
[2025-11-09T21:55:49.411+0000] {processor.py:208} INFO - Processing /home/airflow/.local/lib/python3.12/site-packages/airflow/example_dags/example_subdag_operator.py took 0.290 seconds
[2025-11-09T21:56:19.674+0000] {processor.py:186} INFO - Started process (PID=6093) to work on /home/airflow/.local/lib/python3.12/site-packages/airflow/example_dags/example_subdag_operator.py
[2025-11-09T21:56:19.676+0000] {processor.py:914} INFO - Processing file /home/airflow/.local/lib/python3.12/site-packages/airflow/example_dags/example_subdag_operator.py for tasks to queue
[2025-11-09T21:56:19.681+0000] {logging_mixin.py:190} INFO - [2025-11-09T21:56:19.680+0000] {dagbag.py:588} INFO - Filling up the DagBag from /home/airflow/.local/lib/python3.12/site-packages/airflow/example_dags/example_subdag_operator.py
[2025-11-09T21:56:19.743+0000] {processor.py:925} INFO - DAG(s) 'example_subdag_operator.section-1', 'example_subdag_operator.section-2', 'example_subdag_operator' retrieved from /home/airflow/.local/lib/python3.12/site-packages/airflow/example_dags/example_subdag_operator.py
[2025-11-09T21:56:19.771+0000] {logging_mixin.py:190} INFO - [2025-11-09T21:56:19.770+0000] {dag.py:3239} INFO - Sync 3 DAGs
[2025-11-09T21:56:19.816+0000] {logging_mixin.py:190} INFO - [2025-11-09T21:56:19.816+0000] {dag.py:4180} INFO - Setting next_dagrun for example_subdag_operator to 2022-01-01 00:00:00+00:00, run_after=2022-01-01 00:00:00+00:00
[2025-11-09T21:56:19.824+0000] {logging_mixin.py:190} INFO - [2025-11-09T21:56:19.824+0000] {dag.py:4180} INFO - Setting next_dagrun for example_subdag_operator.section-1 to None, run_after=None
[2025-11-09T21:56:19.828+0000] {logging_mixin.py:190} INFO - [2025-11-09T21:56:19.828+0000] {dag.py:4180} INFO - Setting next_dagrun for example_subdag_operator.section-2 to None, run_after=None
[2025-11-09T21:56:19.844+0000] {logging_mixin.py:190} INFO - [2025-11-09T21:56:19.843+0000] {dag.py:3239} INFO - Sync 2 DAGs
[2025-11-09T21:56:19.856+0000] {logging_mixin.py:190} INFO - [2025-11-09T21:56:19.855+0000] {dag.py:4180} INFO - Setting next_dagrun for example_subdag_operator.section-1 to None, run_after=None
[2025-11-09T21:56:19.857+0000] {logging_mixin.py:190} INFO - [2025-11-09T21:56:19.856+0000] {dag.py:4180} INFO - Setting next_dagrun for example_subdag_operator.section-2 to None, run_after=None
[2025-11-09T21:56:19.881+0000] {processor.py:208} INFO - Processing /home/airflow/.local/lib/python3.12/site-packages/airflow/example_dags/example_subdag_operator.py took 0.218 seconds
[2025-11-09T21:56:50.002+0000] {processor.py:186} INFO - Started process (PID=6156) to work on /home/airflow/.local/lib/python3.12/site-packages/airflow/example_dags/example_subdag_operator.py
[2025-11-09T21:56:50.004+0000] {processor.py:914} INFO - Processing file /home/airflow/.local/lib/python3.12/site-packages/airflow/example_dags/example_subdag_operator.py for tasks to queue
[2025-11-09T21:56:50.008+0000] {logging_mixin.py:190} INFO - [2025-11-09T21:56:50.007+0000] {dagbag.py:588} INFO - Filling up the DagBag from /home/airflow/.local/lib/python3.12/site-packages/airflow/example_dags/example_subdag_operator.py
[2025-11-09T21:56:50.057+0000] {processor.py:925} INFO - DAG(s) 'example_subdag_operator.section-1', 'example_subdag_operator.section-2', 'example_subdag_operator' retrieved from /home/airflow/.local/lib/python3.12/site-packages/airflow/example_dags/example_subdag_operator.py
[2025-11-09T21:56:50.079+0000] {logging_mixin.py:190} INFO - [2025-11-09T21:56:50.078+0000] {dag.py:3239} INFO - Sync 3 DAGs
[2025-11-09T21:56:50.123+0000] {logging_mixin.py:190} INFO - [2025-11-09T21:56:50.123+0000] {dag.py:4180} INFO - Setting next_dagrun for example_subdag_operator to 2022-01-01 00:00:00+00:00, run_after=2022-01-01 00:00:00+00:00
[2025-11-09T21:56:50.130+0000] {logging_mixin.py:190} INFO - [2025-11-09T21:56:50.130+0000] {dag.py:4180} INFO - Setting next_dagrun for example_subdag_operator.section-1 to None, run_after=None
[2025-11-09T21:56:50.133+0000] {logging_mixin.py:190} INFO - [2025-11-09T21:56:50.133+0000] {dag.py:4180} INFO - Setting next_dagrun for example_subdag_operator.section-2 to None, run_after=None
[2025-11-09T21:56:50.149+0000] {logging_mixin.py:190} INFO - [2025-11-09T21:56:50.149+0000] {dag.py:3239} INFO - Sync 2 DAGs
[2025-11-09T21:56:50.160+0000] {logging_mixin.py:190} INFO - [2025-11-09T21:56:50.160+0000] {dag.py:4180} INFO - Setting next_dagrun for example_subdag_operator.section-1 to None, run_after=None
[2025-11-09T21:56:50.161+0000] {logging_mixin.py:190} INFO - [2025-11-09T21:56:50.161+0000] {dag.py:4180} INFO - Setting next_dagrun for example_subdag_operator.section-2 to None, run_after=None
[2025-11-09T21:56:50.178+0000] {processor.py:208} INFO - Processing /home/airflow/.local/lib/python3.12/site-packages/airflow/example_dags/example_subdag_operator.py took 0.185 seconds
[2025-11-09T21:57:20.277+0000] {processor.py:186} INFO - Started process (PID=6220) to work on /home/airflow/.local/lib/python3.12/site-packages/airflow/example_dags/example_subdag_operator.py
[2025-11-09T21:57:20.279+0000] {processor.py:914} INFO - Processing file /home/airflow/.local/lib/python3.12/site-packages/airflow/example_dags/example_subdag_operator.py for tasks to queue
[2025-11-09T21:57:20.285+0000] {logging_mixin.py:190} INFO - [2025-11-09T21:57:20.284+0000] {dagbag.py:588} INFO - Filling up the DagBag from /home/airflow/.local/lib/python3.12/site-packages/airflow/example_dags/example_subdag_operator.py
[2025-11-09T21:57:20.340+0000] {processor.py:925} INFO - DAG(s) 'example_subdag_operator.section-1', 'example_subdag_operator.section-2', 'example_subdag_operator' retrieved from /home/airflow/.local/lib/python3.12/site-packages/airflow/example_dags/example_subdag_operator.py
[2025-11-09T21:57:20.364+0000] {logging_mixin.py:190} INFO - [2025-11-09T21:57:20.364+0000] {dag.py:3239} INFO - Sync 3 DAGs
[2025-11-09T21:57:20.406+0000] {logging_mixin.py:190} INFO - [2025-11-09T21:57:20.405+0000] {dag.py:4180} INFO - Setting next_dagrun for example_subdag_operator to 2022-01-01 00:00:00+00:00, run_after=2022-01-01 00:00:00+00:00
[2025-11-09T21:57:20.412+0000] {logging_mixin.py:190} INFO - [2025-11-09T21:57:20.411+0000] {dag.py:4180} INFO - Setting next_dagrun for example_subdag_operator.section-1 to None, run_after=None
[2025-11-09T21:57:20.414+0000] {logging_mixin.py:190} INFO - [2025-11-09T21:57:20.414+0000] {dag.py:4180} INFO - Setting next_dagrun for example_subdag_operator.section-2 to None, run_after=None
[2025-11-09T21:57:20.429+0000] {logging_mixin.py:190} INFO - [2025-11-09T21:57:20.429+0000] {dag.py:3239} INFO - Sync 2 DAGs
[2025-11-09T21:57:20.440+0000] {logging_mixin.py:190} INFO - [2025-11-09T21:57:20.440+0000] {dag.py:4180} INFO - Setting next_dagrun for example_subdag_operator.section-1 to None, run_after=None
[2025-11-09T21:57:20.442+0000] {logging_mixin.py:190} INFO - [2025-11-09T21:57:20.441+0000] {dag.py:4180} INFO - Setting next_dagrun for example_subdag_operator.section-2 to None, run_after=None
[2025-11-09T21:57:20.465+0000] {processor.py:208} INFO - Processing /home/airflow/.local/lib/python3.12/site-packages/airflow/example_dags/example_subdag_operator.py took 0.199 seconds
[2025-11-09T21:57:51.033+0000] {processor.py:186} INFO - Started process (PID=6283) to work on /home/airflow/.local/lib/python3.12/site-packages/airflow/example_dags/example_subdag_operator.py
[2025-11-09T21:57:51.034+0000] {processor.py:914} INFO - Processing file /home/airflow/.local/lib/python3.12/site-packages/airflow/example_dags/example_subdag_operator.py for tasks to queue
[2025-11-09T21:57:51.038+0000] {logging_mixin.py:190} INFO - [2025-11-09T21:57:51.038+0000] {dagbag.py:588} INFO - Filling up the DagBag from /home/airflow/.local/lib/python3.12/site-packages/airflow/example_dags/example_subdag_operator.py
[2025-11-09T21:57:51.088+0000] {processor.py:925} INFO - DAG(s) 'example_subdag_operator.section-1', 'example_subdag_operator.section-2', 'example_subdag_operator' retrieved from /home/airflow/.local/lib/python3.12/site-packages/airflow/example_dags/example_subdag_operator.py
[2025-11-09T21:57:51.111+0000] {logging_mixin.py:190} INFO - [2025-11-09T21:57:51.111+0000] {dag.py:3239} INFO - Sync 3 DAGs
[2025-11-09T21:57:51.150+0000] {logging_mixin.py:190} INFO - [2025-11-09T21:57:51.150+0000] {dag.py:4180} INFO - Setting next_dagrun for example_subdag_operator to 2022-01-01 00:00:00+00:00, run_after=2022-01-01 00:00:00+00:00
[2025-11-09T21:57:51.157+0000] {logging_mixin.py:190} INFO - [2025-11-09T21:57:51.157+0000] {dag.py:4180} INFO - Setting next_dagrun for example_subdag_operator.section-1 to None, run_after=None
[2025-11-09T21:57:51.160+0000] {logging_mixin.py:190} INFO - [2025-11-09T21:57:51.160+0000] {dag.py:4180} INFO - Setting next_dagrun for example_subdag_operator.section-2 to None, run_after=None
[2025-11-09T21:57:51.172+0000] {logging_mixin.py:190} INFO - [2025-11-09T21:57:51.172+0000] {dag.py:3239} INFO - Sync 2 DAGs
[2025-11-09T21:57:51.182+0000] {logging_mixin.py:190} INFO - [2025-11-09T21:57:51.182+0000] {dag.py:4180} INFO - Setting next_dagrun for example_subdag_operator.section-1 to None, run_after=None
[2025-11-09T21:57:51.184+0000] {logging_mixin.py:190} INFO - [2025-11-09T21:57:51.183+0000] {dag.py:4180} INFO - Setting next_dagrun for example_subdag_operator.section-2 to None, run_after=None
[2025-11-09T21:57:51.208+0000] {processor.py:208} INFO - Processing /home/airflow/.local/lib/python3.12/site-packages/airflow/example_dags/example_subdag_operator.py took 0.185 seconds
[2025-11-09T21:58:21.523+0000] {processor.py:186} INFO - Started process (PID=6347) to work on /home/airflow/.local/lib/python3.12/site-packages/airflow/example_dags/example_subdag_operator.py
[2025-11-09T21:58:21.525+0000] {processor.py:914} INFO - Processing file /home/airflow/.local/lib/python3.12/site-packages/airflow/example_dags/example_subdag_operator.py for tasks to queue
[2025-11-09T21:58:21.530+0000] {logging_mixin.py:190} INFO - [2025-11-09T21:58:21.530+0000] {dagbag.py:588} INFO - Filling up the DagBag from /home/airflow/.local/lib/python3.12/site-packages/airflow/example_dags/example_subdag_operator.py
[2025-11-09T21:58:21.604+0000] {processor.py:925} INFO - DAG(s) 'example_subdag_operator.section-1', 'example_subdag_operator.section-2', 'example_subdag_operator' retrieved from /home/airflow/.local/lib/python3.12/site-packages/airflow/example_dags/example_subdag_operator.py
[2025-11-09T21:58:21.643+0000] {logging_mixin.py:190} INFO - [2025-11-09T21:58:21.642+0000] {dag.py:3239} INFO - Sync 3 DAGs
[2025-11-09T21:58:21.703+0000] {logging_mixin.py:190} INFO - [2025-11-09T21:58:21.703+0000] {dag.py:4180} INFO - Setting next_dagrun for example_subdag_operator to 2022-01-01 00:00:00+00:00, run_after=2022-01-01 00:00:00+00:00
[2025-11-09T21:58:21.712+0000] {logging_mixin.py:190} INFO - [2025-11-09T21:58:21.712+0000] {dag.py:4180} INFO - Setting next_dagrun for example_subdag_operator.section-1 to None, run_after=None
[2025-11-09T21:58:21.716+0000] {logging_mixin.py:190} INFO - [2025-11-09T21:58:21.716+0000] {dag.py:4180} INFO - Setting next_dagrun for example_subdag_operator.section-2 to None, run_after=None
[2025-11-09T21:58:21.736+0000] {logging_mixin.py:190} INFO - [2025-11-09T21:58:21.735+0000] {dag.py:3239} INFO - Sync 2 DAGs
[2025-11-09T21:58:21.752+0000] {logging_mixin.py:190} INFO - [2025-11-09T21:58:21.752+0000] {dag.py:4180} INFO - Setting next_dagrun for example_subdag_operator.section-1 to None, run_after=None
[2025-11-09T21:58:21.758+0000] {logging_mixin.py:190} INFO - [2025-11-09T21:58:21.757+0000] {dag.py:4180} INFO - Setting next_dagrun for example_subdag_operator.section-2 to None, run_after=None
[2025-11-09T21:58:21.783+0000] {processor.py:208} INFO - Processing /home/airflow/.local/lib/python3.12/site-packages/airflow/example_dags/example_subdag_operator.py took 0.275 seconds
[2025-11-09T21:58:52.190+0000] {processor.py:186} INFO - Started process (PID=6411) to work on /home/airflow/.local/lib/python3.12/site-packages/airflow/example_dags/example_subdag_operator.py
[2025-11-09T21:58:52.192+0000] {processor.py:914} INFO - Processing file /home/airflow/.local/lib/python3.12/site-packages/airflow/example_dags/example_subdag_operator.py for tasks to queue
[2025-11-09T21:58:52.197+0000] {logging_mixin.py:190} INFO - [2025-11-09T21:58:52.196+0000] {dagbag.py:588} INFO - Filling up the DagBag from /home/airflow/.local/lib/python3.12/site-packages/airflow/example_dags/example_subdag_operator.py
[2025-11-09T21:58:52.249+0000] {processor.py:925} INFO - DAG(s) 'example_subdag_operator.section-1', 'example_subdag_operator.section-2', 'example_subdag_operator' retrieved from /home/airflow/.local/lib/python3.12/site-packages/airflow/example_dags/example_subdag_operator.py
[2025-11-09T21:58:52.276+0000] {logging_mixin.py:190} INFO - [2025-11-09T21:58:52.275+0000] {dag.py:3239} INFO - Sync 3 DAGs
[2025-11-09T21:58:52.320+0000] {logging_mixin.py:190} INFO - [2025-11-09T21:58:52.320+0000] {dag.py:4180} INFO - Setting next_dagrun for example_subdag_operator to 2022-01-01 00:00:00+00:00, run_after=2022-01-01 00:00:00+00:00
[2025-11-09T21:58:52.328+0000] {logging_mixin.py:190} INFO - [2025-11-09T21:58:52.328+0000] {dag.py:4180} INFO - Setting next_dagrun for example_subdag_operator.section-1 to None, run_after=None
[2025-11-09T21:58:52.332+0000] {logging_mixin.py:190} INFO - [2025-11-09T21:58:52.331+0000] {dag.py:4180} INFO - Setting next_dagrun for example_subdag_operator.section-2 to None, run_after=None
[2025-11-09T21:58:52.347+0000] {logging_mixin.py:190} INFO - [2025-11-09T21:58:52.347+0000] {dag.py:3239} INFO - Sync 2 DAGs
[2025-11-09T21:58:52.359+0000] {logging_mixin.py:190} INFO - [2025-11-09T21:58:52.358+0000] {dag.py:4180} INFO - Setting next_dagrun for example_subdag_operator.section-1 to None, run_after=None
[2025-11-09T21:58:52.360+0000] {logging_mixin.py:190} INFO - [2025-11-09T21:58:52.360+0000] {dag.py:4180} INFO - Setting next_dagrun for example_subdag_operator.section-2 to None, run_after=None
[2025-11-09T21:58:52.381+0000] {processor.py:208} INFO - Processing /home/airflow/.local/lib/python3.12/site-packages/airflow/example_dags/example_subdag_operator.py took 0.204 seconds
[2025-11-09T21:59:22.898+0000] {processor.py:186} INFO - Started process (PID=6475) to work on /home/airflow/.local/lib/python3.12/site-packages/airflow/example_dags/example_subdag_operator.py
[2025-11-09T21:59:22.900+0000] {processor.py:914} INFO - Processing file /home/airflow/.local/lib/python3.12/site-packages/airflow/example_dags/example_subdag_operator.py for tasks to queue
[2025-11-09T21:59:22.905+0000] {logging_mixin.py:190} INFO - [2025-11-09T21:59:22.904+0000] {dagbag.py:588} INFO - Filling up the DagBag from /home/airflow/.local/lib/python3.12/site-packages/airflow/example_dags/example_subdag_operator.py
[2025-11-09T21:59:22.954+0000] {processor.py:925} INFO - DAG(s) 'example_subdag_operator.section-1', 'example_subdag_operator.section-2', 'example_subdag_operator' retrieved from /home/airflow/.local/lib/python3.12/site-packages/airflow/example_dags/example_subdag_operator.py
[2025-11-09T21:59:22.980+0000] {logging_mixin.py:190} INFO - [2025-11-09T21:59:22.980+0000] {dag.py:3239} INFO - Sync 3 DAGs
[2025-11-09T21:59:23.021+0000] {logging_mixin.py:190} INFO - [2025-11-09T21:59:23.020+0000] {dag.py:4180} INFO - Setting next_dagrun for example_subdag_operator to 2022-01-01 00:00:00+00:00, run_after=2022-01-01 00:00:00+00:00
[2025-11-09T21:59:23.027+0000] {logging_mixin.py:190} INFO - [2025-11-09T21:59:23.027+0000] {dag.py:4180} INFO - Setting next_dagrun for example_subdag_operator.section-1 to None, run_after=None
[2025-11-09T21:59:23.030+0000] {logging_mixin.py:190} INFO - [2025-11-09T21:59:23.030+0000] {dag.py:4180} INFO - Setting next_dagrun for example_subdag_operator.section-2 to None, run_after=None
[2025-11-09T21:59:23.044+0000] {logging_mixin.py:190} INFO - [2025-11-09T21:59:23.044+0000] {dag.py:3239} INFO - Sync 2 DAGs
[2025-11-09T21:59:23.057+0000] {logging_mixin.py:190} INFO - [2025-11-09T21:59:23.056+0000] {dag.py:4180} INFO - Setting next_dagrun for example_subdag_operator.section-1 to None, run_after=None
[2025-11-09T21:59:23.058+0000] {logging_mixin.py:190} INFO - [2025-11-09T21:59:23.057+0000] {dag.py:4180} INFO - Setting next_dagrun for example_subdag_operator.section-2 to None, run_after=None
[2025-11-09T21:59:23.079+0000] {processor.py:208} INFO - Processing /home/airflow/.local/lib/python3.12/site-packages/airflow/example_dags/example_subdag_operator.py took 0.192 seconds
[2025-11-09T21:59:53.601+0000] {processor.py:186} INFO - Started process (PID=6539) to work on /home/airflow/.local/lib/python3.12/site-packages/airflow/example_dags/example_subdag_operator.py
[2025-11-09T21:59:53.603+0000] {processor.py:914} INFO - Processing file /home/airflow/.local/lib/python3.12/site-packages/airflow/example_dags/example_subdag_operator.py for tasks to queue
[2025-11-09T21:59:53.608+0000] {logging_mixin.py:190} INFO - [2025-11-09T21:59:53.608+0000] {dagbag.py:588} INFO - Filling up the DagBag from /home/airflow/.local/lib/python3.12/site-packages/airflow/example_dags/example_subdag_operator.py
[2025-11-09T21:59:53.659+0000] {processor.py:925} INFO - DAG(s) 'example_subdag_operator.section-1', 'example_subdag_operator.section-2', 'example_subdag_operator' retrieved from /home/airflow/.local/lib/python3.12/site-packages/airflow/example_dags/example_subdag_operator.py
[2025-11-09T21:59:53.685+0000] {logging_mixin.py:190} INFO - [2025-11-09T21:59:53.685+0000] {dag.py:3239} INFO - Sync 3 DAGs
[2025-11-09T21:59:53.734+0000] {logging_mixin.py:190} INFO - [2025-11-09T21:59:53.733+0000] {dag.py:4180} INFO - Setting next_dagrun for example_subdag_operator to 2022-01-01 00:00:00+00:00, run_after=2022-01-01 00:00:00+00:00
[2025-11-09T21:59:53.741+0000] {logging_mixin.py:190} INFO - [2025-11-09T21:59:53.741+0000] {dag.py:4180} INFO - Setting next_dagrun for example_subdag_operator.section-1 to None, run_after=None
[2025-11-09T21:59:53.744+0000] {logging_mixin.py:190} INFO - [2025-11-09T21:59:53.744+0000] {dag.py:4180} INFO - Setting next_dagrun for example_subdag_operator.section-2 to None, run_after=None
[2025-11-09T21:59:53.760+0000] {logging_mixin.py:190} INFO - [2025-11-09T21:59:53.760+0000] {dag.py:3239} INFO - Sync 2 DAGs
[2025-11-09T21:59:53.772+0000] {logging_mixin.py:190} INFO - [2025-11-09T21:59:53.772+0000] {dag.py:4180} INFO - Setting next_dagrun for example_subdag_operator.section-1 to None, run_after=None
[2025-11-09T21:59:53.773+0000] {logging_mixin.py:190} INFO - [2025-11-09T21:59:53.773+0000] {dag.py:4180} INFO - Setting next_dagrun for example_subdag_operator.section-2 to None, run_after=None
[2025-11-09T21:59:53.794+0000] {processor.py:208} INFO - Processing /home/airflow/.local/lib/python3.12/site-packages/airflow/example_dags/example_subdag_operator.py took 0.205 seconds
[2025-11-09T22:00:24.192+0000] {processor.py:186} INFO - Started process (PID=6604) to work on /home/airflow/.local/lib/python3.12/site-packages/airflow/example_dags/example_subdag_operator.py
[2025-11-09T22:00:24.205+0000] {processor.py:914} INFO - Processing file /home/airflow/.local/lib/python3.12/site-packages/airflow/example_dags/example_subdag_operator.py for tasks to queue
[2025-11-09T22:00:24.218+0000] {logging_mixin.py:190} INFO - [2025-11-09T22:00:24.216+0000] {dagbag.py:588} INFO - Filling up the DagBag from /home/airflow/.local/lib/python3.12/site-packages/airflow/example_dags/example_subdag_operator.py
[2025-11-09T22:00:24.280+0000] {processor.py:925} INFO - DAG(s) 'example_subdag_operator.section-1', 'example_subdag_operator.section-2', 'example_subdag_operator' retrieved from /home/airflow/.local/lib/python3.12/site-packages/airflow/example_dags/example_subdag_operator.py
[2025-11-09T22:00:24.315+0000] {logging_mixin.py:190} INFO - [2025-11-09T22:00:24.314+0000] {dag.py:3239} INFO - Sync 3 DAGs
[2025-11-09T22:00:24.369+0000] {logging_mixin.py:190} INFO - [2025-11-09T22:00:24.368+0000] {dag.py:4180} INFO - Setting next_dagrun for example_subdag_operator to 2022-01-01 00:00:00+00:00, run_after=2022-01-01 00:00:00+00:00
[2025-11-09T22:00:24.376+0000] {logging_mixin.py:190} INFO - [2025-11-09T22:00:24.376+0000] {dag.py:4180} INFO - Setting next_dagrun for example_subdag_operator.section-1 to None, run_after=None
[2025-11-09T22:00:24.380+0000] {logging_mixin.py:190} INFO - [2025-11-09T22:00:24.379+0000] {dag.py:4180} INFO - Setting next_dagrun for example_subdag_operator.section-2 to None, run_after=None
[2025-11-09T22:00:24.396+0000] {logging_mixin.py:190} INFO - [2025-11-09T22:00:24.395+0000] {dag.py:3239} INFO - Sync 2 DAGs
[2025-11-09T22:00:24.408+0000] {logging_mixin.py:190} INFO - [2025-11-09T22:00:24.407+0000] {dag.py:4180} INFO - Setting next_dagrun for example_subdag_operator.section-1 to None, run_after=None
[2025-11-09T22:00:24.409+0000] {logging_mixin.py:190} INFO - [2025-11-09T22:00:24.409+0000] {dag.py:4180} INFO - Setting next_dagrun for example_subdag_operator.section-2 to None, run_after=None
[2025-11-09T22:00:24.433+0000] {processor.py:208} INFO - Processing /home/airflow/.local/lib/python3.12/site-packages/airflow/example_dags/example_subdag_operator.py took 0.255 seconds
