[2025-11-09T20:27:49.565+0000] {processor.py:186} INFO - Started process (PID=97) to work on /home/airflow/.local/lib/python3.12/site-packages/airflow/example_dags/example_inlet_event_extra.py
[2025-11-09T20:27:49.567+0000] {processor.py:914} INFO - Processing file /home/airflow/.local/lib/python3.12/site-packages/airflow/example_dags/example_inlet_event_extra.py for tasks to queue
[2025-11-09T20:27:49.571+0000] {logging_mixin.py:190} INFO - [2025-11-09T20:27:49.571+0000] {dagbag.py:588} INFO - Filling up the DagBag from /home/airflow/.local/lib/python3.12/site-packages/airflow/example_dags/example_inlet_event_extra.py
[2025-11-09T20:27:54.241+0000] {processor.py:925} INFO - DAG(s) 'read_dataset_event', 'read_dataset_event_from_classic' retrieved from /home/airflow/.local/lib/python3.12/site-packages/airflow/example_dags/example_inlet_event_extra.py
[2025-11-09T20:27:54.581+0000] {logging_mixin.py:190} INFO - [2025-11-09T20:27:54.578+0000] {override.py:1911} INFO - Created Permission View: can edit on DAG:read_dataset_event
[2025-11-09T20:27:54.616+0000] {logging_mixin.py:190} INFO - [2025-11-09T20:27:54.616+0000] {override.py:1911} INFO - Created Permission View: can read on DAG:read_dataset_event
[2025-11-09T20:27:54.647+0000] {logging_mixin.py:190} INFO - [2025-11-09T20:27:54.646+0000] {override.py:1911} INFO - Created Permission View: can delete on DAG:read_dataset_event
[2025-11-09T20:27:54.674+0000] {logging_mixin.py:190} INFO - [2025-11-09T20:27:54.673+0000] {override.py:1911} INFO - Created Permission View: can read on DAG Run:read_dataset_event
[2025-11-09T20:27:54.698+0000] {logging_mixin.py:190} INFO - [2025-11-09T20:27:54.697+0000] {override.py:1911} INFO - Created Permission View: can create on DAG Run:read_dataset_event
[2025-11-09T20:27:54.718+0000] {logging_mixin.py:190} INFO - [2025-11-09T20:27:54.717+0000] {override.py:1911} INFO - Created Permission View: menu access on DAG Run:read_dataset_event
[2025-11-09T20:27:54.737+0000] {logging_mixin.py:190} INFO - [2025-11-09T20:27:54.737+0000] {override.py:1911} INFO - Created Permission View: can delete on DAG Run:read_dataset_event
[2025-11-09T20:27:54.779+0000] {logging_mixin.py:190} INFO - [2025-11-09T20:27:54.779+0000] {override.py:1911} INFO - Created Permission View: can edit on DAG:read_dataset_event_from_classic
[2025-11-09T20:27:54.801+0000] {logging_mixin.py:190} INFO - [2025-11-09T20:27:54.801+0000] {override.py:1911} INFO - Created Permission View: can read on DAG:read_dataset_event_from_classic
[2025-11-09T20:27:54.821+0000] {logging_mixin.py:190} INFO - [2025-11-09T20:27:54.820+0000] {override.py:1911} INFO - Created Permission View: can delete on DAG:read_dataset_event_from_classic
[2025-11-09T20:27:54.844+0000] {logging_mixin.py:190} INFO - [2025-11-09T20:27:54.842+0000] {override.py:1911} INFO - Created Permission View: can read on DAG Run:read_dataset_event_from_classic
[2025-11-09T20:27:54.868+0000] {logging_mixin.py:190} INFO - [2025-11-09T20:27:54.867+0000] {override.py:1911} INFO - Created Permission View: can create on DAG Run:read_dataset_event_from_classic
[2025-11-09T20:27:54.891+0000] {logging_mixin.py:190} INFO - [2025-11-09T20:27:54.891+0000] {override.py:1911} INFO - Created Permission View: menu access on DAG Run:read_dataset_event_from_classic
[2025-11-09T20:27:54.916+0000] {logging_mixin.py:190} INFO - [2025-11-09T20:27:54.914+0000] {override.py:1911} INFO - Created Permission View: can delete on DAG Run:read_dataset_event_from_classic
[2025-11-09T20:27:54.917+0000] {logging_mixin.py:190} INFO - [2025-11-09T20:27:54.917+0000] {dag.py:3239} INFO - Sync 2 DAGs
[2025-11-09T20:27:54.960+0000] {logging_mixin.py:190} INFO - [2025-11-09T20:27:54.959+0000] {dag.py:3262} INFO - Creating ORM DAG for read_dataset_event
[2025-11-09T20:27:54.963+0000] {logging_mixin.py:190} INFO - [2025-11-09T20:27:54.962+0000] {dag.py:3262} INFO - Creating ORM DAG for read_dataset_event_from_classic
[2025-11-09T20:27:54.992+0000] {logging_mixin.py:190} INFO - [2025-11-09T20:27:54.992+0000] {dag.py:4180} INFO - Setting next_dagrun for read_dataset_event to 2025-11-08 00:00:00+00:00, run_after=2025-11-09 00:00:00+00:00
[2025-11-09T20:27:55.000+0000] {logging_mixin.py:190} INFO - [2025-11-09T20:27:54.999+0000] {dag.py:4180} INFO - Setting next_dagrun for read_dataset_event_from_classic to 2025-11-08 00:00:00+00:00, run_after=2025-11-09 00:00:00+00:00
[2025-11-09T20:27:55.054+0000] {processor.py:208} INFO - Processing /home/airflow/.local/lib/python3.12/site-packages/airflow/example_dags/example_inlet_event_extra.py took 5.500 seconds
[2025-11-09T20:28:25.748+0000] {processor.py:186} INFO - Started process (PID=166) to work on /home/airflow/.local/lib/python3.12/site-packages/airflow/example_dags/example_inlet_event_extra.py
[2025-11-09T20:28:25.750+0000] {processor.py:914} INFO - Processing file /home/airflow/.local/lib/python3.12/site-packages/airflow/example_dags/example_inlet_event_extra.py for tasks to queue
[2025-11-09T20:28:25.754+0000] {logging_mixin.py:190} INFO - [2025-11-09T20:28:25.754+0000] {dagbag.py:588} INFO - Filling up the DagBag from /home/airflow/.local/lib/python3.12/site-packages/airflow/example_dags/example_inlet_event_extra.py
[2025-11-09T20:28:26.796+0000] {processor.py:925} INFO - DAG(s) 'read_dataset_event_from_classic', 'read_dataset_event' retrieved from /home/airflow/.local/lib/python3.12/site-packages/airflow/example_dags/example_inlet_event_extra.py
[2025-11-09T20:28:26.837+0000] {logging_mixin.py:190} INFO - [2025-11-09T20:28:26.837+0000] {dag.py:3239} INFO - Sync 2 DAGs
[2025-11-09T20:28:26.877+0000] {logging_mixin.py:190} INFO - [2025-11-09T20:28:26.876+0000] {dag.py:4180} INFO - Setting next_dagrun for read_dataset_event to 2025-11-08 00:00:00+00:00, run_after=2025-11-09 00:00:00+00:00
[2025-11-09T20:28:26.891+0000] {logging_mixin.py:190} INFO - [2025-11-09T20:28:26.890+0000] {dag.py:4180} INFO - Setting next_dagrun for read_dataset_event_from_classic to 2025-11-08 00:00:00+00:00, run_after=2025-11-09 00:00:00+00:00
[2025-11-09T20:28:26.926+0000] {processor.py:208} INFO - Processing /home/airflow/.local/lib/python3.12/site-packages/airflow/example_dags/example_inlet_event_extra.py took 1.194 seconds
[2025-11-09T20:28:57.793+0000] {processor.py:186} INFO - Started process (PID=238) to work on /home/airflow/.local/lib/python3.12/site-packages/airflow/example_dags/example_inlet_event_extra.py
[2025-11-09T20:28:57.795+0000] {processor.py:914} INFO - Processing file /home/airflow/.local/lib/python3.12/site-packages/airflow/example_dags/example_inlet_event_extra.py for tasks to queue
[2025-11-09T20:28:57.802+0000] {logging_mixin.py:190} INFO - [2025-11-09T20:28:57.801+0000] {dagbag.py:588} INFO - Filling up the DagBag from /home/airflow/.local/lib/python3.12/site-packages/airflow/example_dags/example_inlet_event_extra.py
[2025-11-09T20:28:58.660+0000] {processor.py:925} INFO - DAG(s) 'read_dataset_event_from_classic', 'read_dataset_event' retrieved from /home/airflow/.local/lib/python3.12/site-packages/airflow/example_dags/example_inlet_event_extra.py
[2025-11-09T20:28:58.695+0000] {logging_mixin.py:190} INFO - [2025-11-09T20:28:58.695+0000] {dag.py:3239} INFO - Sync 2 DAGs
[2025-11-09T20:28:58.730+0000] {logging_mixin.py:190} INFO - [2025-11-09T20:28:58.730+0000] {dag.py:4180} INFO - Setting next_dagrun for read_dataset_event to 2025-11-08 00:00:00+00:00, run_after=2025-11-09 00:00:00+00:00
[2025-11-09T20:28:58.741+0000] {logging_mixin.py:190} INFO - [2025-11-09T20:28:58.741+0000] {dag.py:4180} INFO - Setting next_dagrun for read_dataset_event_from_classic to 2025-11-08 00:00:00+00:00, run_after=2025-11-09 00:00:00+00:00
[2025-11-09T20:28:58.771+0000] {processor.py:208} INFO - Processing /home/airflow/.local/lib/python3.12/site-packages/airflow/example_dags/example_inlet_event_extra.py took 0.988 seconds
[2025-11-09T20:29:29.468+0000] {processor.py:186} INFO - Started process (PID=303) to work on /home/airflow/.local/lib/python3.12/site-packages/airflow/example_dags/example_inlet_event_extra.py
[2025-11-09T20:29:29.470+0000] {processor.py:914} INFO - Processing file /home/airflow/.local/lib/python3.12/site-packages/airflow/example_dags/example_inlet_event_extra.py for tasks to queue
[2025-11-09T20:29:29.476+0000] {logging_mixin.py:190} INFO - [2025-11-09T20:29:29.476+0000] {dagbag.py:588} INFO - Filling up the DagBag from /home/airflow/.local/lib/python3.12/site-packages/airflow/example_dags/example_inlet_event_extra.py
[2025-11-09T20:29:30.574+0000] {processor.py:925} INFO - DAG(s) 'read_dataset_event_from_classic', 'read_dataset_event' retrieved from /home/airflow/.local/lib/python3.12/site-packages/airflow/example_dags/example_inlet_event_extra.py
[2025-11-09T20:29:30.616+0000] {logging_mixin.py:190} INFO - [2025-11-09T20:29:30.615+0000] {dag.py:3239} INFO - Sync 2 DAGs
[2025-11-09T20:29:30.661+0000] {logging_mixin.py:190} INFO - [2025-11-09T20:29:30.660+0000] {dag.py:4180} INFO - Setting next_dagrun for read_dataset_event to 2025-11-08 00:00:00+00:00, run_after=2025-11-09 00:00:00+00:00
[2025-11-09T20:29:30.673+0000] {logging_mixin.py:190} INFO - [2025-11-09T20:29:30.672+0000] {dag.py:4180} INFO - Setting next_dagrun for read_dataset_event_from_classic to 2025-11-08 00:00:00+00:00, run_after=2025-11-09 00:00:00+00:00
[2025-11-09T20:29:30.706+0000] {processor.py:208} INFO - Processing /home/airflow/.local/lib/python3.12/site-packages/airflow/example_dags/example_inlet_event_extra.py took 1.248 seconds
[2025-11-09T20:30:01.318+0000] {processor.py:186} INFO - Started process (PID=368) to work on /home/airflow/.local/lib/python3.12/site-packages/airflow/example_dags/example_inlet_event_extra.py
[2025-11-09T20:30:01.321+0000] {processor.py:914} INFO - Processing file /home/airflow/.local/lib/python3.12/site-packages/airflow/example_dags/example_inlet_event_extra.py for tasks to queue
[2025-11-09T20:30:01.326+0000] {logging_mixin.py:190} INFO - [2025-11-09T20:30:01.325+0000] {dagbag.py:588} INFO - Filling up the DagBag from /home/airflow/.local/lib/python3.12/site-packages/airflow/example_dags/example_inlet_event_extra.py
[2025-11-09T20:30:02.452+0000] {processor.py:925} INFO - DAG(s) 'read_dataset_event', 'read_dataset_event_from_classic' retrieved from /home/airflow/.local/lib/python3.12/site-packages/airflow/example_dags/example_inlet_event_extra.py
[2025-11-09T20:30:02.487+0000] {logging_mixin.py:190} INFO - [2025-11-09T20:30:02.486+0000] {dag.py:3239} INFO - Sync 2 DAGs
[2025-11-09T20:30:02.538+0000] {logging_mixin.py:190} INFO - [2025-11-09T20:30:02.538+0000] {dag.py:4180} INFO - Setting next_dagrun for read_dataset_event to 2025-11-08 00:00:00+00:00, run_after=2025-11-09 00:00:00+00:00
[2025-11-09T20:30:02.548+0000] {logging_mixin.py:190} INFO - [2025-11-09T20:30:02.548+0000] {dag.py:4180} INFO - Setting next_dagrun for read_dataset_event_from_classic to 2025-11-08 00:00:00+00:00, run_after=2025-11-09 00:00:00+00:00
[2025-11-09T20:30:02.580+0000] {processor.py:208} INFO - Processing /home/airflow/.local/lib/python3.12/site-packages/airflow/example_dags/example_inlet_event_extra.py took 1.275 seconds
[2025-11-09T20:30:32.886+0000] {processor.py:186} INFO - Started process (PID=434) to work on /home/airflow/.local/lib/python3.12/site-packages/airflow/example_dags/example_inlet_event_extra.py
[2025-11-09T20:30:32.888+0000] {processor.py:914} INFO - Processing file /home/airflow/.local/lib/python3.12/site-packages/airflow/example_dags/example_inlet_event_extra.py for tasks to queue
[2025-11-09T20:30:32.896+0000] {logging_mixin.py:190} INFO - [2025-11-09T20:30:32.895+0000] {dagbag.py:588} INFO - Filling up the DagBag from /home/airflow/.local/lib/python3.12/site-packages/airflow/example_dags/example_inlet_event_extra.py
[2025-11-09T20:30:34.456+0000] {processor.py:925} INFO - DAG(s) 'read_dataset_event_from_classic', 'read_dataset_event' retrieved from /home/airflow/.local/lib/python3.12/site-packages/airflow/example_dags/example_inlet_event_extra.py
[2025-11-09T20:30:34.517+0000] {logging_mixin.py:190} INFO - [2025-11-09T20:30:34.517+0000] {dag.py:3239} INFO - Sync 2 DAGs
[2025-11-09T20:30:34.589+0000] {logging_mixin.py:190} INFO - [2025-11-09T20:30:34.589+0000] {dag.py:4180} INFO - Setting next_dagrun for read_dataset_event to 2025-11-08 00:00:00+00:00, run_after=2025-11-09 00:00:00+00:00
[2025-11-09T20:30:34.610+0000] {logging_mixin.py:190} INFO - [2025-11-09T20:30:34.606+0000] {dag.py:4180} INFO - Setting next_dagrun for read_dataset_event_from_classic to 2025-11-08 00:00:00+00:00, run_after=2025-11-09 00:00:00+00:00
[2025-11-09T20:30:34.666+0000] {processor.py:208} INFO - Processing /home/airflow/.local/lib/python3.12/site-packages/airflow/example_dags/example_inlet_event_extra.py took 1.801 seconds
[2025-11-09T20:31:05.242+0000] {processor.py:186} INFO - Started process (PID=498) to work on /home/airflow/.local/lib/python3.12/site-packages/airflow/example_dags/example_inlet_event_extra.py
[2025-11-09T20:31:05.243+0000] {processor.py:914} INFO - Processing file /home/airflow/.local/lib/python3.12/site-packages/airflow/example_dags/example_inlet_event_extra.py for tasks to queue
[2025-11-09T20:31:05.248+0000] {logging_mixin.py:190} INFO - [2025-11-09T20:31:05.248+0000] {dagbag.py:588} INFO - Filling up the DagBag from /home/airflow/.local/lib/python3.12/site-packages/airflow/example_dags/example_inlet_event_extra.py
[2025-11-09T20:31:06.150+0000] {processor.py:925} INFO - DAG(s) 'read_dataset_event', 'read_dataset_event_from_classic' retrieved from /home/airflow/.local/lib/python3.12/site-packages/airflow/example_dags/example_inlet_event_extra.py
[2025-11-09T20:31:06.190+0000] {logging_mixin.py:190} INFO - [2025-11-09T20:31:06.190+0000] {dag.py:3239} INFO - Sync 2 DAGs
[2025-11-09T20:31:06.230+0000] {logging_mixin.py:190} INFO - [2025-11-09T20:31:06.230+0000] {dag.py:4180} INFO - Setting next_dagrun for read_dataset_event to 2025-11-08 00:00:00+00:00, run_after=2025-11-09 00:00:00+00:00
[2025-11-09T20:31:06.242+0000] {logging_mixin.py:190} INFO - [2025-11-09T20:31:06.241+0000] {dag.py:4180} INFO - Setting next_dagrun for read_dataset_event_from_classic to 2025-11-08 00:00:00+00:00, run_after=2025-11-09 00:00:00+00:00
[2025-11-09T20:31:06.269+0000] {processor.py:208} INFO - Processing /home/airflow/.local/lib/python3.12/site-packages/airflow/example_dags/example_inlet_event_extra.py took 1.038 seconds
[2025-11-09T20:31:36.861+0000] {processor.py:186} INFO - Started process (PID=562) to work on /home/airflow/.local/lib/python3.12/site-packages/airflow/example_dags/example_inlet_event_extra.py
[2025-11-09T20:31:36.863+0000] {processor.py:914} INFO - Processing file /home/airflow/.local/lib/python3.12/site-packages/airflow/example_dags/example_inlet_event_extra.py for tasks to queue
[2025-11-09T20:31:36.868+0000] {logging_mixin.py:190} INFO - [2025-11-09T20:31:36.868+0000] {dagbag.py:588} INFO - Filling up the DagBag from /home/airflow/.local/lib/python3.12/site-packages/airflow/example_dags/example_inlet_event_extra.py
[2025-11-09T20:31:37.696+0000] {processor.py:925} INFO - DAG(s) 'read_dataset_event_from_classic', 'read_dataset_event' retrieved from /home/airflow/.local/lib/python3.12/site-packages/airflow/example_dags/example_inlet_event_extra.py
[2025-11-09T20:31:37.730+0000] {logging_mixin.py:190} INFO - [2025-11-09T20:31:37.730+0000] {dag.py:3239} INFO - Sync 2 DAGs
[2025-11-09T20:31:37.766+0000] {logging_mixin.py:190} INFO - [2025-11-09T20:31:37.766+0000] {dag.py:4180} INFO - Setting next_dagrun for read_dataset_event to 2025-11-08 00:00:00+00:00, run_after=2025-11-09 00:00:00+00:00
[2025-11-09T20:31:37.773+0000] {logging_mixin.py:190} INFO - [2025-11-09T20:31:37.773+0000] {dag.py:4180} INFO - Setting next_dagrun for read_dataset_event_from_classic to 2025-11-08 00:00:00+00:00, run_after=2025-11-09 00:00:00+00:00
[2025-11-09T20:31:37.804+0000] {processor.py:208} INFO - Processing /home/airflow/.local/lib/python3.12/site-packages/airflow/example_dags/example_inlet_event_extra.py took 0.953 seconds
[2025-11-09T20:32:08.435+0000] {processor.py:186} INFO - Started process (PID=626) to work on /home/airflow/.local/lib/python3.12/site-packages/airflow/example_dags/example_inlet_event_extra.py
[2025-11-09T20:32:08.437+0000] {processor.py:914} INFO - Processing file /home/airflow/.local/lib/python3.12/site-packages/airflow/example_dags/example_inlet_event_extra.py for tasks to queue
[2025-11-09T20:32:08.444+0000] {logging_mixin.py:190} INFO - [2025-11-09T20:32:08.443+0000] {dagbag.py:588} INFO - Filling up the DagBag from /home/airflow/.local/lib/python3.12/site-packages/airflow/example_dags/example_inlet_event_extra.py
[2025-11-09T20:32:09.690+0000] {processor.py:925} INFO - DAG(s) 'read_dataset_event', 'read_dataset_event_from_classic' retrieved from /home/airflow/.local/lib/python3.12/site-packages/airflow/example_dags/example_inlet_event_extra.py
[2025-11-09T20:32:09.737+0000] {logging_mixin.py:190} INFO - [2025-11-09T20:32:09.736+0000] {dag.py:3239} INFO - Sync 2 DAGs
[2025-11-09T20:32:09.789+0000] {logging_mixin.py:190} INFO - [2025-11-09T20:32:09.788+0000] {dag.py:4180} INFO - Setting next_dagrun for read_dataset_event to 2025-11-08 00:00:00+00:00, run_after=2025-11-09 00:00:00+00:00
[2025-11-09T20:32:09.800+0000] {logging_mixin.py:190} INFO - [2025-11-09T20:32:09.800+0000] {dag.py:4180} INFO - Setting next_dagrun for read_dataset_event_from_classic to 2025-11-08 00:00:00+00:00, run_after=2025-11-09 00:00:00+00:00
[2025-11-09T20:32:09.834+0000] {processor.py:208} INFO - Processing /home/airflow/.local/lib/python3.12/site-packages/airflow/example_dags/example_inlet_event_extra.py took 1.410 seconds
[2025-11-09T20:32:40.345+0000] {processor.py:186} INFO - Started process (PID=691) to work on /home/airflow/.local/lib/python3.12/site-packages/airflow/example_dags/example_inlet_event_extra.py
[2025-11-09T20:32:40.353+0000] {processor.py:914} INFO - Processing file /home/airflow/.local/lib/python3.12/site-packages/airflow/example_dags/example_inlet_event_extra.py for tasks to queue
[2025-11-09T20:32:40.360+0000] {logging_mixin.py:190} INFO - [2025-11-09T20:32:40.359+0000] {dagbag.py:588} INFO - Filling up the DagBag from /home/airflow/.local/lib/python3.12/site-packages/airflow/example_dags/example_inlet_event_extra.py
[2025-11-09T20:32:41.249+0000] {processor.py:925} INFO - DAG(s) 'read_dataset_event_from_classic', 'read_dataset_event' retrieved from /home/airflow/.local/lib/python3.12/site-packages/airflow/example_dags/example_inlet_event_extra.py
[2025-11-09T20:32:41.293+0000] {logging_mixin.py:190} INFO - [2025-11-09T20:32:41.293+0000] {dag.py:3239} INFO - Sync 2 DAGs
[2025-11-09T20:32:41.339+0000] {logging_mixin.py:190} INFO - [2025-11-09T20:32:41.339+0000] {dag.py:4180} INFO - Setting next_dagrun for read_dataset_event to 2025-11-08 00:00:00+00:00, run_after=2025-11-09 00:00:00+00:00
[2025-11-09T20:32:41.348+0000] {logging_mixin.py:190} INFO - [2025-11-09T20:32:41.348+0000] {dag.py:4180} INFO - Setting next_dagrun for read_dataset_event_from_classic to 2025-11-08 00:00:00+00:00, run_after=2025-11-09 00:00:00+00:00
[2025-11-09T20:32:41.380+0000] {processor.py:208} INFO - Processing /home/airflow/.local/lib/python3.12/site-packages/airflow/example_dags/example_inlet_event_extra.py took 1.049 seconds
[2025-11-09T20:33:11.768+0000] {processor.py:186} INFO - Started process (PID=755) to work on /home/airflow/.local/lib/python3.12/site-packages/airflow/example_dags/example_inlet_event_extra.py
[2025-11-09T20:33:11.770+0000] {processor.py:914} INFO - Processing file /home/airflow/.local/lib/python3.12/site-packages/airflow/example_dags/example_inlet_event_extra.py for tasks to queue
[2025-11-09T20:33:11.774+0000] {logging_mixin.py:190} INFO - [2025-11-09T20:33:11.773+0000] {dagbag.py:588} INFO - Filling up the DagBag from /home/airflow/.local/lib/python3.12/site-packages/airflow/example_dags/example_inlet_event_extra.py
[2025-11-09T20:33:12.612+0000] {processor.py:925} INFO - DAG(s) 'read_dataset_event_from_classic', 'read_dataset_event' retrieved from /home/airflow/.local/lib/python3.12/site-packages/airflow/example_dags/example_inlet_event_extra.py
[2025-11-09T20:33:12.644+0000] {logging_mixin.py:190} INFO - [2025-11-09T20:33:12.643+0000] {dag.py:3239} INFO - Sync 2 DAGs
[2025-11-09T20:33:12.677+0000] {logging_mixin.py:190} INFO - [2025-11-09T20:33:12.676+0000] {dag.py:4180} INFO - Setting next_dagrun for read_dataset_event to 2025-11-08 00:00:00+00:00, run_after=2025-11-09 00:00:00+00:00
[2025-11-09T20:33:12.684+0000] {logging_mixin.py:190} INFO - [2025-11-09T20:33:12.683+0000] {dag.py:4180} INFO - Setting next_dagrun for read_dataset_event_from_classic to 2025-11-08 00:00:00+00:00, run_after=2025-11-09 00:00:00+00:00
[2025-11-09T20:33:12.708+0000] {processor.py:208} INFO - Processing /home/airflow/.local/lib/python3.12/site-packages/airflow/example_dags/example_inlet_event_extra.py took 0.950 seconds
[2025-11-09T20:33:43.573+0000] {processor.py:186} INFO - Started process (PID=819) to work on /home/airflow/.local/lib/python3.12/site-packages/airflow/example_dags/example_inlet_event_extra.py
[2025-11-09T20:33:43.575+0000] {processor.py:914} INFO - Processing file /home/airflow/.local/lib/python3.12/site-packages/airflow/example_dags/example_inlet_event_extra.py for tasks to queue
[2025-11-09T20:33:43.581+0000] {logging_mixin.py:190} INFO - [2025-11-09T20:33:43.580+0000] {dagbag.py:588} INFO - Filling up the DagBag from /home/airflow/.local/lib/python3.12/site-packages/airflow/example_dags/example_inlet_event_extra.py
[2025-11-09T20:33:44.490+0000] {processor.py:925} INFO - DAG(s) 'read_dataset_event_from_classic', 'read_dataset_event' retrieved from /home/airflow/.local/lib/python3.12/site-packages/airflow/example_dags/example_inlet_event_extra.py
[2025-11-09T20:33:44.522+0000] {logging_mixin.py:190} INFO - [2025-11-09T20:33:44.522+0000] {dag.py:3239} INFO - Sync 2 DAGs
[2025-11-09T20:33:44.558+0000] {logging_mixin.py:190} INFO - [2025-11-09T20:33:44.557+0000] {dag.py:4180} INFO - Setting next_dagrun for read_dataset_event to 2025-11-08 00:00:00+00:00, run_after=2025-11-09 00:00:00+00:00
[2025-11-09T20:33:44.567+0000] {logging_mixin.py:190} INFO - [2025-11-09T20:33:44.566+0000] {dag.py:4180} INFO - Setting next_dagrun for read_dataset_event_from_classic to 2025-11-08 00:00:00+00:00, run_after=2025-11-09 00:00:00+00:00
[2025-11-09T20:33:44.596+0000] {processor.py:208} INFO - Processing /home/airflow/.local/lib/python3.12/site-packages/airflow/example_dags/example_inlet_event_extra.py took 1.034 seconds
[2025-11-09T20:34:14.778+0000] {processor.py:186} INFO - Started process (PID=885) to work on /home/airflow/.local/lib/python3.12/site-packages/airflow/example_dags/example_inlet_event_extra.py
[2025-11-09T20:34:14.780+0000] {processor.py:914} INFO - Processing file /home/airflow/.local/lib/python3.12/site-packages/airflow/example_dags/example_inlet_event_extra.py for tasks to queue
[2025-11-09T20:34:14.784+0000] {logging_mixin.py:190} INFO - [2025-11-09T20:34:14.784+0000] {dagbag.py:588} INFO - Filling up the DagBag from /home/airflow/.local/lib/python3.12/site-packages/airflow/example_dags/example_inlet_event_extra.py
[2025-11-09T20:34:15.670+0000] {processor.py:925} INFO - DAG(s) 'read_dataset_event', 'read_dataset_event_from_classic' retrieved from /home/airflow/.local/lib/python3.12/site-packages/airflow/example_dags/example_inlet_event_extra.py
[2025-11-09T20:34:15.708+0000] {logging_mixin.py:190} INFO - [2025-11-09T20:34:15.708+0000] {dag.py:3239} INFO - Sync 2 DAGs
[2025-11-09T20:34:15.753+0000] {logging_mixin.py:190} INFO - [2025-11-09T20:34:15.753+0000] {dag.py:4180} INFO - Setting next_dagrun for read_dataset_event to 2025-11-08 00:00:00+00:00, run_after=2025-11-09 00:00:00+00:00
[2025-11-09T20:34:15.762+0000] {logging_mixin.py:190} INFO - [2025-11-09T20:34:15.762+0000] {dag.py:4180} INFO - Setting next_dagrun for read_dataset_event_from_classic to 2025-11-08 00:00:00+00:00, run_after=2025-11-09 00:00:00+00:00
[2025-11-09T20:34:15.797+0000] {processor.py:208} INFO - Processing /home/airflow/.local/lib/python3.12/site-packages/airflow/example_dags/example_inlet_event_extra.py took 1.029 seconds
[2025-11-09T20:34:46.255+0000] {processor.py:186} INFO - Started process (PID=948) to work on /home/airflow/.local/lib/python3.12/site-packages/airflow/example_dags/example_inlet_event_extra.py
[2025-11-09T20:34:46.257+0000] {processor.py:914} INFO - Processing file /home/airflow/.local/lib/python3.12/site-packages/airflow/example_dags/example_inlet_event_extra.py for tasks to queue
[2025-11-09T20:34:46.263+0000] {logging_mixin.py:190} INFO - [2025-11-09T20:34:46.262+0000] {dagbag.py:588} INFO - Filling up the DagBag from /home/airflow/.local/lib/python3.12/site-packages/airflow/example_dags/example_inlet_event_extra.py
[2025-11-09T20:34:47.264+0000] {processor.py:925} INFO - DAG(s) 'read_dataset_event_from_classic', 'read_dataset_event' retrieved from /home/airflow/.local/lib/python3.12/site-packages/airflow/example_dags/example_inlet_event_extra.py
[2025-11-09T20:34:47.305+0000] {logging_mixin.py:190} INFO - [2025-11-09T20:34:47.305+0000] {dag.py:3239} INFO - Sync 2 DAGs
[2025-11-09T20:34:47.348+0000] {logging_mixin.py:190} INFO - [2025-11-09T20:34:47.347+0000] {dag.py:4180} INFO - Setting next_dagrun for read_dataset_event to 2025-11-08 00:00:00+00:00, run_after=2025-11-09 00:00:00+00:00
[2025-11-09T20:34:47.358+0000] {logging_mixin.py:190} INFO - [2025-11-09T20:34:47.357+0000] {dag.py:4180} INFO - Setting next_dagrun for read_dataset_event_from_classic to 2025-11-08 00:00:00+00:00, run_after=2025-11-09 00:00:00+00:00
[2025-11-09T20:34:47.387+0000] {processor.py:208} INFO - Processing /home/airflow/.local/lib/python3.12/site-packages/airflow/example_dags/example_inlet_event_extra.py took 1.147 seconds
[2025-11-09T20:35:17.819+0000] {processor.py:186} INFO - Started process (PID=1012) to work on /home/airflow/.local/lib/python3.12/site-packages/airflow/example_dags/example_inlet_event_extra.py
[2025-11-09T20:35:17.821+0000] {processor.py:914} INFO - Processing file /home/airflow/.local/lib/python3.12/site-packages/airflow/example_dags/example_inlet_event_extra.py for tasks to queue
[2025-11-09T20:35:17.825+0000] {logging_mixin.py:190} INFO - [2025-11-09T20:35:17.825+0000] {dagbag.py:588} INFO - Filling up the DagBag from /home/airflow/.local/lib/python3.12/site-packages/airflow/example_dags/example_inlet_event_extra.py
[2025-11-09T20:35:18.682+0000] {processor.py:925} INFO - DAG(s) 'read_dataset_event_from_classic', 'read_dataset_event' retrieved from /home/airflow/.local/lib/python3.12/site-packages/airflow/example_dags/example_inlet_event_extra.py
[2025-11-09T20:35:18.716+0000] {logging_mixin.py:190} INFO - [2025-11-09T20:35:18.716+0000] {dag.py:3239} INFO - Sync 2 DAGs
[2025-11-09T20:35:18.750+0000] {logging_mixin.py:190} INFO - [2025-11-09T20:35:18.750+0000] {dag.py:4180} INFO - Setting next_dagrun for read_dataset_event to 2025-11-08 00:00:00+00:00, run_after=2025-11-09 00:00:00+00:00
[2025-11-09T20:35:18.758+0000] {logging_mixin.py:190} INFO - [2025-11-09T20:35:18.757+0000] {dag.py:4180} INFO - Setting next_dagrun for read_dataset_event_from_classic to 2025-11-08 00:00:00+00:00, run_after=2025-11-09 00:00:00+00:00
[2025-11-09T20:35:18.781+0000] {processor.py:208} INFO - Processing /home/airflow/.local/lib/python3.12/site-packages/airflow/example_dags/example_inlet_event_extra.py took 0.975 seconds
[2025-11-09T20:35:49.401+0000] {processor.py:186} INFO - Started process (PID=1075) to work on /home/airflow/.local/lib/python3.12/site-packages/airflow/example_dags/example_inlet_event_extra.py
[2025-11-09T20:35:49.403+0000] {processor.py:914} INFO - Processing file /home/airflow/.local/lib/python3.12/site-packages/airflow/example_dags/example_inlet_event_extra.py for tasks to queue
[2025-11-09T20:35:49.407+0000] {logging_mixin.py:190} INFO - [2025-11-09T20:35:49.407+0000] {dagbag.py:588} INFO - Filling up the DagBag from /home/airflow/.local/lib/python3.12/site-packages/airflow/example_dags/example_inlet_event_extra.py
[2025-11-09T20:35:50.473+0000] {processor.py:925} INFO - DAG(s) 'read_dataset_event', 'read_dataset_event_from_classic' retrieved from /home/airflow/.local/lib/python3.12/site-packages/airflow/example_dags/example_inlet_event_extra.py
[2025-11-09T20:35:50.526+0000] {logging_mixin.py:190} INFO - [2025-11-09T20:35:50.526+0000] {dag.py:3239} INFO - Sync 2 DAGs
[2025-11-09T20:35:50.582+0000] {logging_mixin.py:190} INFO - [2025-11-09T20:35:50.582+0000] {dag.py:4180} INFO - Setting next_dagrun for read_dataset_event to 2025-11-08 00:00:00+00:00, run_after=2025-11-09 00:00:00+00:00
[2025-11-09T20:35:50.592+0000] {logging_mixin.py:190} INFO - [2025-11-09T20:35:50.592+0000] {dag.py:4180} INFO - Setting next_dagrun for read_dataset_event_from_classic to 2025-11-08 00:00:00+00:00, run_after=2025-11-09 00:00:00+00:00
[2025-11-09T20:35:50.628+0000] {processor.py:208} INFO - Processing /home/airflow/.local/lib/python3.12/site-packages/airflow/example_dags/example_inlet_event_extra.py took 1.237 seconds
[2025-11-09T20:36:21.227+0000] {processor.py:186} INFO - Started process (PID=1141) to work on /home/airflow/.local/lib/python3.12/site-packages/airflow/example_dags/example_inlet_event_extra.py
[2025-11-09T20:36:21.229+0000] {processor.py:914} INFO - Processing file /home/airflow/.local/lib/python3.12/site-packages/airflow/example_dags/example_inlet_event_extra.py for tasks to queue
[2025-11-09T20:36:21.233+0000] {logging_mixin.py:190} INFO - [2025-11-09T20:36:21.233+0000] {dagbag.py:588} INFO - Filling up the DagBag from /home/airflow/.local/lib/python3.12/site-packages/airflow/example_dags/example_inlet_event_extra.py
[2025-11-09T20:36:22.147+0000] {processor.py:925} INFO - DAG(s) 'read_dataset_event_from_classic', 'read_dataset_event' retrieved from /home/airflow/.local/lib/python3.12/site-packages/airflow/example_dags/example_inlet_event_extra.py
[2025-11-09T20:36:22.194+0000] {logging_mixin.py:190} INFO - [2025-11-09T20:36:22.194+0000] {dag.py:3239} INFO - Sync 2 DAGs
[2025-11-09T20:36:22.237+0000] {logging_mixin.py:190} INFO - [2025-11-09T20:36:22.236+0000] {dag.py:4180} INFO - Setting next_dagrun for read_dataset_event to 2025-11-08 00:00:00+00:00, run_after=2025-11-09 00:00:00+00:00
[2025-11-09T20:36:22.247+0000] {logging_mixin.py:190} INFO - [2025-11-09T20:36:22.246+0000] {dag.py:4180} INFO - Setting next_dagrun for read_dataset_event_from_classic to 2025-11-08 00:00:00+00:00, run_after=2025-11-09 00:00:00+00:00
[2025-11-09T20:36:22.284+0000] {processor.py:208} INFO - Processing /home/airflow/.local/lib/python3.12/site-packages/airflow/example_dags/example_inlet_event_extra.py took 1.066 seconds
[2025-11-09T20:36:52.433+0000] {processor.py:186} INFO - Started process (PID=1208) to work on /home/airflow/.local/lib/python3.12/site-packages/airflow/example_dags/example_inlet_event_extra.py
[2025-11-09T20:36:52.434+0000] {processor.py:914} INFO - Processing file /home/airflow/.local/lib/python3.12/site-packages/airflow/example_dags/example_inlet_event_extra.py for tasks to queue
[2025-11-09T20:36:52.438+0000] {logging_mixin.py:190} INFO - [2025-11-09T20:36:52.438+0000] {dagbag.py:588} INFO - Filling up the DagBag from /home/airflow/.local/lib/python3.12/site-packages/airflow/example_dags/example_inlet_event_extra.py
[2025-11-09T20:36:53.286+0000] {processor.py:925} INFO - DAG(s) 'read_dataset_event', 'read_dataset_event_from_classic' retrieved from /home/airflow/.local/lib/python3.12/site-packages/airflow/example_dags/example_inlet_event_extra.py
[2025-11-09T20:36:53.320+0000] {logging_mixin.py:190} INFO - [2025-11-09T20:36:53.320+0000] {dag.py:3239} INFO - Sync 2 DAGs
[2025-11-09T20:36:53.359+0000] {logging_mixin.py:190} INFO - [2025-11-09T20:36:53.359+0000] {dag.py:4180} INFO - Setting next_dagrun for read_dataset_event to 2025-11-08 00:00:00+00:00, run_after=2025-11-09 00:00:00+00:00
[2025-11-09T20:36:53.366+0000] {logging_mixin.py:190} INFO - [2025-11-09T20:36:53.366+0000] {dag.py:4180} INFO - Setting next_dagrun for read_dataset_event_from_classic to 2025-11-08 00:00:00+00:00, run_after=2025-11-09 00:00:00+00:00
[2025-11-09T20:36:53.392+0000] {processor.py:208} INFO - Processing /home/airflow/.local/lib/python3.12/site-packages/airflow/example_dags/example_inlet_event_extra.py took 0.969 seconds
[2025-11-09T20:37:24.218+0000] {processor.py:186} INFO - Started process (PID=1275) to work on /home/airflow/.local/lib/python3.12/site-packages/airflow/example_dags/example_inlet_event_extra.py
[2025-11-09T20:37:24.219+0000] {processor.py:914} INFO - Processing file /home/airflow/.local/lib/python3.12/site-packages/airflow/example_dags/example_inlet_event_extra.py for tasks to queue
[2025-11-09T20:37:24.223+0000] {logging_mixin.py:190} INFO - [2025-11-09T20:37:24.223+0000] {dagbag.py:588} INFO - Filling up the DagBag from /home/airflow/.local/lib/python3.12/site-packages/airflow/example_dags/example_inlet_event_extra.py
[2025-11-09T20:37:25.399+0000] {processor.py:925} INFO - DAG(s) 'read_dataset_event', 'read_dataset_event_from_classic' retrieved from /home/airflow/.local/lib/python3.12/site-packages/airflow/example_dags/example_inlet_event_extra.py
[2025-11-09T20:37:25.445+0000] {logging_mixin.py:190} INFO - [2025-11-09T20:37:25.444+0000] {dag.py:3239} INFO - Sync 2 DAGs
[2025-11-09T20:37:25.495+0000] {logging_mixin.py:190} INFO - [2025-11-09T20:37:25.495+0000] {dag.py:4180} INFO - Setting next_dagrun for read_dataset_event to 2025-11-08 00:00:00+00:00, run_after=2025-11-09 00:00:00+00:00
[2025-11-09T20:37:25.505+0000] {logging_mixin.py:190} INFO - [2025-11-09T20:37:25.504+0000] {dag.py:4180} INFO - Setting next_dagrun for read_dataset_event_from_classic to 2025-11-08 00:00:00+00:00, run_after=2025-11-09 00:00:00+00:00
[2025-11-09T20:37:25.531+0000] {processor.py:208} INFO - Processing /home/airflow/.local/lib/python3.12/site-packages/airflow/example_dags/example_inlet_event_extra.py took 1.323 seconds
[2025-11-09T20:37:55.709+0000] {processor.py:186} INFO - Started process (PID=1340) to work on /home/airflow/.local/lib/python3.12/site-packages/airflow/example_dags/example_inlet_event_extra.py
[2025-11-09T20:37:55.711+0000] {processor.py:914} INFO - Processing file /home/airflow/.local/lib/python3.12/site-packages/airflow/example_dags/example_inlet_event_extra.py for tasks to queue
[2025-11-09T20:37:55.715+0000] {logging_mixin.py:190} INFO - [2025-11-09T20:37:55.714+0000] {dagbag.py:588} INFO - Filling up the DagBag from /home/airflow/.local/lib/python3.12/site-packages/airflow/example_dags/example_inlet_event_extra.py
[2025-11-09T20:37:56.706+0000] {processor.py:925} INFO - DAG(s) 'read_dataset_event_from_classic', 'read_dataset_event' retrieved from /home/airflow/.local/lib/python3.12/site-packages/airflow/example_dags/example_inlet_event_extra.py
[2025-11-09T20:37:56.745+0000] {logging_mixin.py:190} INFO - [2025-11-09T20:37:56.745+0000] {dag.py:3239} INFO - Sync 2 DAGs
[2025-11-09T20:37:56.788+0000] {logging_mixin.py:190} INFO - [2025-11-09T20:37:56.787+0000] {dag.py:4180} INFO - Setting next_dagrun for read_dataset_event to 2025-11-08 00:00:00+00:00, run_after=2025-11-09 00:00:00+00:00
[2025-11-09T20:37:56.798+0000] {logging_mixin.py:190} INFO - [2025-11-09T20:37:56.797+0000] {dag.py:4180} INFO - Setting next_dagrun for read_dataset_event_from_classic to 2025-11-08 00:00:00+00:00, run_after=2025-11-09 00:00:00+00:00
[2025-11-09T20:37:56.829+0000] {processor.py:208} INFO - Processing /home/airflow/.local/lib/python3.12/site-packages/airflow/example_dags/example_inlet_event_extra.py took 1.134 seconds
[2025-11-09T20:38:27.270+0000] {processor.py:186} INFO - Started process (PID=1404) to work on /home/airflow/.local/lib/python3.12/site-packages/airflow/example_dags/example_inlet_event_extra.py
[2025-11-09T20:38:27.271+0000] {processor.py:914} INFO - Processing file /home/airflow/.local/lib/python3.12/site-packages/airflow/example_dags/example_inlet_event_extra.py for tasks to queue
[2025-11-09T20:38:27.275+0000] {logging_mixin.py:190} INFO - [2025-11-09T20:38:27.275+0000] {dagbag.py:588} INFO - Filling up the DagBag from /home/airflow/.local/lib/python3.12/site-packages/airflow/example_dags/example_inlet_event_extra.py
[2025-11-09T20:38:28.091+0000] {processor.py:925} INFO - DAG(s) 'read_dataset_event', 'read_dataset_event_from_classic' retrieved from /home/airflow/.local/lib/python3.12/site-packages/airflow/example_dags/example_inlet_event_extra.py
[2025-11-09T20:38:28.125+0000] {logging_mixin.py:190} INFO - [2025-11-09T20:38:28.124+0000] {dag.py:3239} INFO - Sync 2 DAGs
[2025-11-09T20:38:28.158+0000] {logging_mixin.py:190} INFO - [2025-11-09T20:38:28.158+0000] {dag.py:4180} INFO - Setting next_dagrun for read_dataset_event to 2025-11-08 00:00:00+00:00, run_after=2025-11-09 00:00:00+00:00
[2025-11-09T20:38:28.165+0000] {logging_mixin.py:190} INFO - [2025-11-09T20:38:28.165+0000] {dag.py:4180} INFO - Setting next_dagrun for read_dataset_event_from_classic to 2025-11-08 00:00:00+00:00, run_after=2025-11-09 00:00:00+00:00
[2025-11-09T20:38:28.191+0000] {processor.py:208} INFO - Processing /home/airflow/.local/lib/python3.12/site-packages/airflow/example_dags/example_inlet_event_extra.py took 0.930 seconds
[2025-11-09T20:38:58.460+0000] {processor.py:186} INFO - Started process (PID=1469) to work on /home/airflow/.local/lib/python3.12/site-packages/airflow/example_dags/example_inlet_event_extra.py
[2025-11-09T20:38:58.462+0000] {processor.py:914} INFO - Processing file /home/airflow/.local/lib/python3.12/site-packages/airflow/example_dags/example_inlet_event_extra.py for tasks to queue
[2025-11-09T20:38:58.466+0000] {logging_mixin.py:190} INFO - [2025-11-09T20:38:58.465+0000] {dagbag.py:588} INFO - Filling up the DagBag from /home/airflow/.local/lib/python3.12/site-packages/airflow/example_dags/example_inlet_event_extra.py
[2025-11-09T20:38:59.326+0000] {processor.py:925} INFO - DAG(s) 'read_dataset_event_from_classic', 'read_dataset_event' retrieved from /home/airflow/.local/lib/python3.12/site-packages/airflow/example_dags/example_inlet_event_extra.py
[2025-11-09T20:38:59.371+0000] {logging_mixin.py:190} INFO - [2025-11-09T20:38:59.371+0000] {dag.py:3239} INFO - Sync 2 DAGs
[2025-11-09T20:38:59.414+0000] {logging_mixin.py:190} INFO - [2025-11-09T20:38:59.413+0000] {dag.py:4180} INFO - Setting next_dagrun for read_dataset_event to 2025-11-08 00:00:00+00:00, run_after=2025-11-09 00:00:00+00:00
[2025-11-09T20:38:59.423+0000] {logging_mixin.py:190} INFO - [2025-11-09T20:38:59.422+0000] {dag.py:4180} INFO - Setting next_dagrun for read_dataset_event_from_classic to 2025-11-08 00:00:00+00:00, run_after=2025-11-09 00:00:00+00:00
[2025-11-09T20:38:59.454+0000] {processor.py:208} INFO - Processing /home/airflow/.local/lib/python3.12/site-packages/airflow/example_dags/example_inlet_event_extra.py took 1.003 seconds
[2025-11-09T20:39:29.914+0000] {processor.py:186} INFO - Started process (PID=1539) to work on /home/airflow/.local/lib/python3.12/site-packages/airflow/example_dags/example_inlet_event_extra.py
[2025-11-09T20:39:29.916+0000] {processor.py:914} INFO - Processing file /home/airflow/.local/lib/python3.12/site-packages/airflow/example_dags/example_inlet_event_extra.py for tasks to queue
[2025-11-09T20:39:29.924+0000] {logging_mixin.py:190} INFO - [2025-11-09T20:39:29.922+0000] {dagbag.py:588} INFO - Filling up the DagBag from /home/airflow/.local/lib/python3.12/site-packages/airflow/example_dags/example_inlet_event_extra.py
[2025-11-09T20:39:31.165+0000] {processor.py:925} INFO - DAG(s) 'read_dataset_event_from_classic', 'read_dataset_event' retrieved from /home/airflow/.local/lib/python3.12/site-packages/airflow/example_dags/example_inlet_event_extra.py
[2025-11-09T20:39:31.205+0000] {logging_mixin.py:190} INFO - [2025-11-09T20:39:31.204+0000] {dag.py:3239} INFO - Sync 2 DAGs
[2025-11-09T20:39:31.260+0000] {logging_mixin.py:190} INFO - [2025-11-09T20:39:31.259+0000] {dag.py:4180} INFO - Setting next_dagrun for read_dataset_event to 2025-11-08 00:00:00+00:00, run_after=2025-11-09 00:00:00+00:00
[2025-11-09T20:39:31.268+0000] {logging_mixin.py:190} INFO - [2025-11-09T20:39:31.267+0000] {dag.py:4180} INFO - Setting next_dagrun for read_dataset_event_from_classic to 2025-11-08 00:00:00+00:00, run_after=2025-11-09 00:00:00+00:00
[2025-11-09T20:39:31.297+0000] {processor.py:208} INFO - Processing /home/airflow/.local/lib/python3.12/site-packages/airflow/example_dags/example_inlet_event_extra.py took 1.397 seconds
[2025-11-09T20:40:01.538+0000] {processor.py:186} INFO - Started process (PID=1604) to work on /home/airflow/.local/lib/python3.12/site-packages/airflow/example_dags/example_inlet_event_extra.py
[2025-11-09T20:40:01.540+0000] {processor.py:914} INFO - Processing file /home/airflow/.local/lib/python3.12/site-packages/airflow/example_dags/example_inlet_event_extra.py for tasks to queue
[2025-11-09T20:40:01.544+0000] {logging_mixin.py:190} INFO - [2025-11-09T20:40:01.543+0000] {dagbag.py:588} INFO - Filling up the DagBag from /home/airflow/.local/lib/python3.12/site-packages/airflow/example_dags/example_inlet_event_extra.py
[2025-11-09T20:40:02.372+0000] {processor.py:925} INFO - DAG(s) 'read_dataset_event', 'read_dataset_event_from_classic' retrieved from /home/airflow/.local/lib/python3.12/site-packages/airflow/example_dags/example_inlet_event_extra.py
[2025-11-09T20:40:02.407+0000] {logging_mixin.py:190} INFO - [2025-11-09T20:40:02.407+0000] {dag.py:3239} INFO - Sync 2 DAGs
[2025-11-09T20:40:02.445+0000] {logging_mixin.py:190} INFO - [2025-11-09T20:40:02.445+0000] {dag.py:4180} INFO - Setting next_dagrun for read_dataset_event to 2025-11-08 00:00:00+00:00, run_after=2025-11-09 00:00:00+00:00
[2025-11-09T20:40:02.452+0000] {logging_mixin.py:190} INFO - [2025-11-09T20:40:02.452+0000] {dag.py:4180} INFO - Setting next_dagrun for read_dataset_event_from_classic to 2025-11-08 00:00:00+00:00, run_after=2025-11-09 00:00:00+00:00
[2025-11-09T20:40:02.484+0000] {processor.py:208} INFO - Processing /home/airflow/.local/lib/python3.12/site-packages/airflow/example_dags/example_inlet_event_extra.py took 0.955 seconds
[2025-11-09T20:40:33.230+0000] {processor.py:186} INFO - Started process (PID=1670) to work on /home/airflow/.local/lib/python3.12/site-packages/airflow/example_dags/example_inlet_event_extra.py
[2025-11-09T20:40:33.231+0000] {processor.py:914} INFO - Processing file /home/airflow/.local/lib/python3.12/site-packages/airflow/example_dags/example_inlet_event_extra.py for tasks to queue
[2025-11-09T20:40:33.235+0000] {logging_mixin.py:190} INFO - [2025-11-09T20:40:33.235+0000] {dagbag.py:588} INFO - Filling up the DagBag from /home/airflow/.local/lib/python3.12/site-packages/airflow/example_dags/example_inlet_event_extra.py
[2025-11-09T20:40:34.093+0000] {processor.py:925} INFO - DAG(s) 'read_dataset_event_from_classic', 'read_dataset_event' retrieved from /home/airflow/.local/lib/python3.12/site-packages/airflow/example_dags/example_inlet_event_extra.py
[2025-11-09T20:40:34.130+0000] {logging_mixin.py:190} INFO - [2025-11-09T20:40:34.130+0000] {dag.py:3239} INFO - Sync 2 DAGs
[2025-11-09T20:40:34.165+0000] {logging_mixin.py:190} INFO - [2025-11-09T20:40:34.165+0000] {dag.py:4180} INFO - Setting next_dagrun for read_dataset_event to 2025-11-08 00:00:00+00:00, run_after=2025-11-09 00:00:00+00:00
[2025-11-09T20:40:34.174+0000] {logging_mixin.py:190} INFO - [2025-11-09T20:40:34.174+0000] {dag.py:4180} INFO - Setting next_dagrun for read_dataset_event_from_classic to 2025-11-08 00:00:00+00:00, run_after=2025-11-09 00:00:00+00:00
[2025-11-09T20:40:34.200+0000] {processor.py:208} INFO - Processing /home/airflow/.local/lib/python3.12/site-packages/airflow/example_dags/example_inlet_event_extra.py took 0.980 seconds
[2025-11-09T20:41:05.723+0000] {processor.py:186} INFO - Started process (PID=1738) to work on /home/airflow/.local/lib/python3.12/site-packages/airflow/example_dags/example_inlet_event_extra.py
[2025-11-09T20:41:05.725+0000] {processor.py:914} INFO - Processing file /home/airflow/.local/lib/python3.12/site-packages/airflow/example_dags/example_inlet_event_extra.py for tasks to queue
[2025-11-09T20:41:05.731+0000] {logging_mixin.py:190} INFO - [2025-11-09T20:41:05.730+0000] {dagbag.py:588} INFO - Filling up the DagBag from /home/airflow/.local/lib/python3.12/site-packages/airflow/example_dags/example_inlet_event_extra.py
[2025-11-09T20:41:06.557+0000] {processor.py:925} INFO - DAG(s) 'read_dataset_event_from_classic', 'read_dataset_event' retrieved from /home/airflow/.local/lib/python3.12/site-packages/airflow/example_dags/example_inlet_event_extra.py
[2025-11-09T20:41:06.591+0000] {logging_mixin.py:190} INFO - [2025-11-09T20:41:06.590+0000] {dag.py:3239} INFO - Sync 2 DAGs
[2025-11-09T20:41:06.625+0000] {logging_mixin.py:190} INFO - [2025-11-09T20:41:06.624+0000] {dag.py:4180} INFO - Setting next_dagrun for read_dataset_event to 2025-11-08 00:00:00+00:00, run_after=2025-11-09 00:00:00+00:00
[2025-11-09T20:41:06.632+0000] {logging_mixin.py:190} INFO - [2025-11-09T20:41:06.631+0000] {dag.py:4180} INFO - Setting next_dagrun for read_dataset_event_from_classic to 2025-11-08 00:00:00+00:00, run_after=2025-11-09 00:00:00+00:00
[2025-11-09T20:41:06.656+0000] {processor.py:208} INFO - Processing /home/airflow/.local/lib/python3.12/site-packages/airflow/example_dags/example_inlet_event_extra.py took 0.944 seconds
[2025-11-09T20:41:37.471+0000] {processor.py:186} INFO - Started process (PID=1802) to work on /home/airflow/.local/lib/python3.12/site-packages/airflow/example_dags/example_inlet_event_extra.py
[2025-11-09T20:41:37.473+0000] {processor.py:914} INFO - Processing file /home/airflow/.local/lib/python3.12/site-packages/airflow/example_dags/example_inlet_event_extra.py for tasks to queue
[2025-11-09T20:41:37.482+0000] {logging_mixin.py:190} INFO - [2025-11-09T20:41:37.481+0000] {dagbag.py:588} INFO - Filling up the DagBag from /home/airflow/.local/lib/python3.12/site-packages/airflow/example_dags/example_inlet_event_extra.py
[2025-11-09T20:41:38.896+0000] {processor.py:925} INFO - DAG(s) 'read_dataset_event', 'read_dataset_event_from_classic' retrieved from /home/airflow/.local/lib/python3.12/site-packages/airflow/example_dags/example_inlet_event_extra.py
[2025-11-09T20:41:38.951+0000] {logging_mixin.py:190} INFO - [2025-11-09T20:41:38.950+0000] {dag.py:3239} INFO - Sync 2 DAGs
[2025-11-09T20:41:39.017+0000] {logging_mixin.py:190} INFO - [2025-11-09T20:41:39.016+0000] {dag.py:4180} INFO - Setting next_dagrun for read_dataset_event to 2025-11-08 00:00:00+00:00, run_after=2025-11-09 00:00:00+00:00
[2025-11-09T20:41:39.029+0000] {logging_mixin.py:190} INFO - [2025-11-09T20:41:39.028+0000] {dag.py:4180} INFO - Setting next_dagrun for read_dataset_event_from_classic to 2025-11-08 00:00:00+00:00, run_after=2025-11-09 00:00:00+00:00
[2025-11-09T20:41:39.103+0000] {processor.py:208} INFO - Processing /home/airflow/.local/lib/python3.12/site-packages/airflow/example_dags/example_inlet_event_extra.py took 1.644 seconds
[2025-11-09T20:42:09.418+0000] {processor.py:186} INFO - Started process (PID=1868) to work on /home/airflow/.local/lib/python3.12/site-packages/airflow/example_dags/example_inlet_event_extra.py
[2025-11-09T20:42:09.421+0000] {processor.py:914} INFO - Processing file /home/airflow/.local/lib/python3.12/site-packages/airflow/example_dags/example_inlet_event_extra.py for tasks to queue
[2025-11-09T20:42:09.427+0000] {logging_mixin.py:190} INFO - [2025-11-09T20:42:09.426+0000] {dagbag.py:588} INFO - Filling up the DagBag from /home/airflow/.local/lib/python3.12/site-packages/airflow/example_dags/example_inlet_event_extra.py
[2025-11-09T20:42:11.424+0000] {processor.py:925} INFO - DAG(s) 'read_dataset_event', 'read_dataset_event_from_classic' retrieved from /home/airflow/.local/lib/python3.12/site-packages/airflow/example_dags/example_inlet_event_extra.py
[2025-11-09T20:42:11.476+0000] {logging_mixin.py:190} INFO - [2025-11-09T20:42:11.476+0000] {dag.py:3239} INFO - Sync 2 DAGs
[2025-11-09T20:42:11.547+0000] {logging_mixin.py:190} INFO - [2025-11-09T20:42:11.546+0000] {dag.py:4180} INFO - Setting next_dagrun for read_dataset_event to 2025-11-08 00:00:00+00:00, run_after=2025-11-09 00:00:00+00:00
[2025-11-09T20:42:11.559+0000] {logging_mixin.py:190} INFO - [2025-11-09T20:42:11.559+0000] {dag.py:4180} INFO - Setting next_dagrun for read_dataset_event_from_classic to 2025-11-08 00:00:00+00:00, run_after=2025-11-09 00:00:00+00:00
[2025-11-09T20:42:11.599+0000] {processor.py:208} INFO - Processing /home/airflow/.local/lib/python3.12/site-packages/airflow/example_dags/example_inlet_event_extra.py took 2.193 seconds
[2025-11-09T20:42:41.923+0000] {processor.py:186} INFO - Started process (PID=1934) to work on /home/airflow/.local/lib/python3.12/site-packages/airflow/example_dags/example_inlet_event_extra.py
[2025-11-09T20:42:41.926+0000] {processor.py:914} INFO - Processing file /home/airflow/.local/lib/python3.12/site-packages/airflow/example_dags/example_inlet_event_extra.py for tasks to queue
[2025-11-09T20:42:41.941+0000] {logging_mixin.py:190} INFO - [2025-11-09T20:42:41.940+0000] {dagbag.py:588} INFO - Filling up the DagBag from /home/airflow/.local/lib/python3.12/site-packages/airflow/example_dags/example_inlet_event_extra.py
[2025-11-09T20:42:44.306+0000] {processor.py:925} INFO - DAG(s) 'read_dataset_event_from_classic', 'read_dataset_event' retrieved from /home/airflow/.local/lib/python3.12/site-packages/airflow/example_dags/example_inlet_event_extra.py
[2025-11-09T20:42:44.366+0000] {logging_mixin.py:190} INFO - [2025-11-09T20:42:44.365+0000] {dag.py:3239} INFO - Sync 2 DAGs
[2025-11-09T20:42:44.454+0000] {logging_mixin.py:190} INFO - [2025-11-09T20:42:44.453+0000] {dag.py:4180} INFO - Setting next_dagrun for read_dataset_event to 2025-11-08 00:00:00+00:00, run_after=2025-11-09 00:00:00+00:00
[2025-11-09T20:42:44.468+0000] {logging_mixin.py:190} INFO - [2025-11-09T20:42:44.468+0000] {dag.py:4180} INFO - Setting next_dagrun for read_dataset_event_from_classic to 2025-11-08 00:00:00+00:00, run_after=2025-11-09 00:00:00+00:00
[2025-11-09T20:42:44.519+0000] {processor.py:208} INFO - Processing /home/airflow/.local/lib/python3.12/site-packages/airflow/example_dags/example_inlet_event_extra.py took 2.621 seconds
[2025-11-09T20:43:15.445+0000] {processor.py:186} INFO - Started process (PID=2001) to work on /home/airflow/.local/lib/python3.12/site-packages/airflow/example_dags/example_inlet_event_extra.py
[2025-11-09T20:43:15.447+0000] {processor.py:914} INFO - Processing file /home/airflow/.local/lib/python3.12/site-packages/airflow/example_dags/example_inlet_event_extra.py for tasks to queue
[2025-11-09T20:43:15.450+0000] {logging_mixin.py:190} INFO - [2025-11-09T20:43:15.450+0000] {dagbag.py:588} INFO - Filling up the DagBag from /home/airflow/.local/lib/python3.12/site-packages/airflow/example_dags/example_inlet_event_extra.py
[2025-11-09T20:43:16.440+0000] {processor.py:925} INFO - DAG(s) 'read_dataset_event', 'read_dataset_event_from_classic' retrieved from /home/airflow/.local/lib/python3.12/site-packages/airflow/example_dags/example_inlet_event_extra.py
[2025-11-09T20:43:16.487+0000] {logging_mixin.py:190} INFO - [2025-11-09T20:43:16.486+0000] {dag.py:3239} INFO - Sync 2 DAGs
[2025-11-09T20:43:16.534+0000] {logging_mixin.py:190} INFO - [2025-11-09T20:43:16.534+0000] {dag.py:4180} INFO - Setting next_dagrun for read_dataset_event to 2025-11-08 00:00:00+00:00, run_after=2025-11-09 00:00:00+00:00
[2025-11-09T20:43:16.545+0000] {logging_mixin.py:190} INFO - [2025-11-09T20:43:16.544+0000] {dag.py:4180} INFO - Setting next_dagrun for read_dataset_event_from_classic to 2025-11-08 00:00:00+00:00, run_after=2025-11-09 00:00:00+00:00
[2025-11-09T20:43:16.579+0000] {processor.py:208} INFO - Processing /home/airflow/.local/lib/python3.12/site-packages/airflow/example_dags/example_inlet_event_extra.py took 1.143 seconds
[2025-11-09T20:43:46.816+0000] {processor.py:186} INFO - Started process (PID=2065) to work on /home/airflow/.local/lib/python3.12/site-packages/airflow/example_dags/example_inlet_event_extra.py
[2025-11-09T20:43:46.818+0000] {processor.py:914} INFO - Processing file /home/airflow/.local/lib/python3.12/site-packages/airflow/example_dags/example_inlet_event_extra.py for tasks to queue
[2025-11-09T20:43:46.823+0000] {logging_mixin.py:190} INFO - [2025-11-09T20:43:46.822+0000] {dagbag.py:588} INFO - Filling up the DagBag from /home/airflow/.local/lib/python3.12/site-packages/airflow/example_dags/example_inlet_event_extra.py
[2025-11-09T20:43:47.639+0000] {processor.py:925} INFO - DAG(s) 'read_dataset_event', 'read_dataset_event_from_classic' retrieved from /home/airflow/.local/lib/python3.12/site-packages/airflow/example_dags/example_inlet_event_extra.py
[2025-11-09T20:43:47.676+0000] {logging_mixin.py:190} INFO - [2025-11-09T20:43:47.676+0000] {dag.py:3239} INFO - Sync 2 DAGs
[2025-11-09T20:43:47.712+0000] {logging_mixin.py:190} INFO - [2025-11-09T20:43:47.712+0000] {dag.py:4180} INFO - Setting next_dagrun for read_dataset_event to 2025-11-08 00:00:00+00:00, run_after=2025-11-09 00:00:00+00:00
[2025-11-09T20:43:47.721+0000] {logging_mixin.py:190} INFO - [2025-11-09T20:43:47.721+0000] {dag.py:4180} INFO - Setting next_dagrun for read_dataset_event_from_classic to 2025-11-08 00:00:00+00:00, run_after=2025-11-09 00:00:00+00:00
[2025-11-09T20:43:47.746+0000] {processor.py:208} INFO - Processing /home/airflow/.local/lib/python3.12/site-packages/airflow/example_dags/example_inlet_event_extra.py took 0.939 seconds
[2025-11-09T20:44:18.589+0000] {processor.py:186} INFO - Started process (PID=2129) to work on /home/airflow/.local/lib/python3.12/site-packages/airflow/example_dags/example_inlet_event_extra.py
[2025-11-09T20:44:18.591+0000] {processor.py:914} INFO - Processing file /home/airflow/.local/lib/python3.12/site-packages/airflow/example_dags/example_inlet_event_extra.py for tasks to queue
[2025-11-09T20:44:18.596+0000] {logging_mixin.py:190} INFO - [2025-11-09T20:44:18.595+0000] {dagbag.py:588} INFO - Filling up the DagBag from /home/airflow/.local/lib/python3.12/site-packages/airflow/example_dags/example_inlet_event_extra.py
[2025-11-09T20:44:19.541+0000] {processor.py:925} INFO - DAG(s) 'read_dataset_event_from_classic', 'read_dataset_event' retrieved from /home/airflow/.local/lib/python3.12/site-packages/airflow/example_dags/example_inlet_event_extra.py
[2025-11-09T20:44:19.586+0000] {logging_mixin.py:190} INFO - [2025-11-09T20:44:19.586+0000] {dag.py:3239} INFO - Sync 2 DAGs
[2025-11-09T20:44:19.634+0000] {logging_mixin.py:190} INFO - [2025-11-09T20:44:19.634+0000] {dag.py:4180} INFO - Setting next_dagrun for read_dataset_event to 2025-11-08 00:00:00+00:00, run_after=2025-11-09 00:00:00+00:00
[2025-11-09T20:44:19.643+0000] {logging_mixin.py:190} INFO - [2025-11-09T20:44:19.643+0000] {dag.py:4180} INFO - Setting next_dagrun for read_dataset_event_from_classic to 2025-11-08 00:00:00+00:00, run_after=2025-11-09 00:00:00+00:00
[2025-11-09T20:44:19.672+0000] {processor.py:208} INFO - Processing /home/airflow/.local/lib/python3.12/site-packages/airflow/example_dags/example_inlet_event_extra.py took 1.096 seconds
[2025-11-09T20:44:49.815+0000] {processor.py:186} INFO - Started process (PID=2193) to work on /home/airflow/.local/lib/python3.12/site-packages/airflow/example_dags/example_inlet_event_extra.py
[2025-11-09T20:44:49.817+0000] {processor.py:914} INFO - Processing file /home/airflow/.local/lib/python3.12/site-packages/airflow/example_dags/example_inlet_event_extra.py for tasks to queue
[2025-11-09T20:44:49.822+0000] {logging_mixin.py:190} INFO - [2025-11-09T20:44:49.822+0000] {dagbag.py:588} INFO - Filling up the DagBag from /home/airflow/.local/lib/python3.12/site-packages/airflow/example_dags/example_inlet_event_extra.py
[2025-11-09T20:44:50.775+0000] {processor.py:925} INFO - DAG(s) 'read_dataset_event_from_classic', 'read_dataset_event' retrieved from /home/airflow/.local/lib/python3.12/site-packages/airflow/example_dags/example_inlet_event_extra.py
[2025-11-09T20:44:50.816+0000] {logging_mixin.py:190} INFO - [2025-11-09T20:44:50.816+0000] {dag.py:3239} INFO - Sync 2 DAGs
[2025-11-09T20:44:50.869+0000] {logging_mixin.py:190} INFO - [2025-11-09T20:44:50.869+0000] {dag.py:4180} INFO - Setting next_dagrun for read_dataset_event to 2025-11-08 00:00:00+00:00, run_after=2025-11-09 00:00:00+00:00
[2025-11-09T20:44:50.880+0000] {logging_mixin.py:190} INFO - [2025-11-09T20:44:50.879+0000] {dag.py:4180} INFO - Setting next_dagrun for read_dataset_event_from_classic to 2025-11-08 00:00:00+00:00, run_after=2025-11-09 00:00:00+00:00
[2025-11-09T20:44:50.910+0000] {processor.py:208} INFO - Processing /home/airflow/.local/lib/python3.12/site-packages/airflow/example_dags/example_inlet_event_extra.py took 1.107 seconds
[2025-11-09T20:45:21.191+0000] {processor.py:186} INFO - Started process (PID=2262) to work on /home/airflow/.local/lib/python3.12/site-packages/airflow/example_dags/example_inlet_event_extra.py
[2025-11-09T20:45:21.192+0000] {processor.py:914} INFO - Processing file /home/airflow/.local/lib/python3.12/site-packages/airflow/example_dags/example_inlet_event_extra.py for tasks to queue
[2025-11-09T20:45:21.197+0000] {logging_mixin.py:190} INFO - [2025-11-09T20:45:21.196+0000] {dagbag.py:588} INFO - Filling up the DagBag from /home/airflow/.local/lib/python3.12/site-packages/airflow/example_dags/example_inlet_event_extra.py
[2025-11-09T20:45:22.263+0000] {processor.py:925} INFO - DAG(s) 'read_dataset_event_from_classic', 'read_dataset_event' retrieved from /home/airflow/.local/lib/python3.12/site-packages/airflow/example_dags/example_inlet_event_extra.py
[2025-11-09T20:45:22.304+0000] {logging_mixin.py:190} INFO - [2025-11-09T20:45:22.304+0000] {dag.py:3239} INFO - Sync 2 DAGs
[2025-11-09T20:45:22.348+0000] {logging_mixin.py:190} INFO - [2025-11-09T20:45:22.348+0000] {dag.py:4180} INFO - Setting next_dagrun for read_dataset_event to 2025-11-08 00:00:00+00:00, run_after=2025-11-09 00:00:00+00:00
[2025-11-09T20:45:22.357+0000] {logging_mixin.py:190} INFO - [2025-11-09T20:45:22.357+0000] {dag.py:4180} INFO - Setting next_dagrun for read_dataset_event_from_classic to 2025-11-08 00:00:00+00:00, run_after=2025-11-09 00:00:00+00:00
[2025-11-09T20:45:22.388+0000] {processor.py:208} INFO - Processing /home/airflow/.local/lib/python3.12/site-packages/airflow/example_dags/example_inlet_event_extra.py took 1.208 seconds
[2025-11-09T20:45:53.425+0000] {processor.py:186} INFO - Started process (PID=2329) to work on /home/airflow/.local/lib/python3.12/site-packages/airflow/example_dags/example_inlet_event_extra.py
[2025-11-09T20:45:53.427+0000] {processor.py:914} INFO - Processing file /home/airflow/.local/lib/python3.12/site-packages/airflow/example_dags/example_inlet_event_extra.py for tasks to queue
[2025-11-09T20:45:53.433+0000] {logging_mixin.py:190} INFO - [2025-11-09T20:45:53.432+0000] {dagbag.py:588} INFO - Filling up the DagBag from /home/airflow/.local/lib/python3.12/site-packages/airflow/example_dags/example_inlet_event_extra.py
[2025-11-09T20:45:54.600+0000] {processor.py:925} INFO - DAG(s) 'read_dataset_event_from_classic', 'read_dataset_event' retrieved from /home/airflow/.local/lib/python3.12/site-packages/airflow/example_dags/example_inlet_event_extra.py
[2025-11-09T20:45:54.646+0000] {logging_mixin.py:190} INFO - [2025-11-09T20:45:54.645+0000] {dag.py:3239} INFO - Sync 2 DAGs
[2025-11-09T20:45:54.687+0000] {logging_mixin.py:190} INFO - [2025-11-09T20:45:54.687+0000] {dag.py:4180} INFO - Setting next_dagrun for read_dataset_event to 2025-11-08 00:00:00+00:00, run_after=2025-11-09 00:00:00+00:00
[2025-11-09T20:45:54.698+0000] {logging_mixin.py:190} INFO - [2025-11-09T20:45:54.698+0000] {dag.py:4180} INFO - Setting next_dagrun for read_dataset_event_from_classic to 2025-11-08 00:00:00+00:00, run_after=2025-11-09 00:00:00+00:00
[2025-11-09T20:45:54.731+0000] {processor.py:208} INFO - Processing /home/airflow/.local/lib/python3.12/site-packages/airflow/example_dags/example_inlet_event_extra.py took 1.316 seconds
[2025-11-09T20:46:25.549+0000] {processor.py:186} INFO - Started process (PID=2397) to work on /home/airflow/.local/lib/python3.12/site-packages/airflow/example_dags/example_inlet_event_extra.py
[2025-11-09T20:46:25.551+0000] {processor.py:914} INFO - Processing file /home/airflow/.local/lib/python3.12/site-packages/airflow/example_dags/example_inlet_event_extra.py for tasks to queue
[2025-11-09T20:46:25.558+0000] {logging_mixin.py:190} INFO - [2025-11-09T20:46:25.557+0000] {dagbag.py:588} INFO - Filling up the DagBag from /home/airflow/.local/lib/python3.12/site-packages/airflow/example_dags/example_inlet_event_extra.py
[2025-11-09T20:46:26.976+0000] {processor.py:925} INFO - DAG(s) 'read_dataset_event_from_classic', 'read_dataset_event' retrieved from /home/airflow/.local/lib/python3.12/site-packages/airflow/example_dags/example_inlet_event_extra.py
[2025-11-09T20:46:27.027+0000] {logging_mixin.py:190} INFO - [2025-11-09T20:46:27.026+0000] {dag.py:3239} INFO - Sync 2 DAGs
[2025-11-09T20:46:27.075+0000] {logging_mixin.py:190} INFO - [2025-11-09T20:46:27.075+0000] {dag.py:4180} INFO - Setting next_dagrun for read_dataset_event to 2025-11-08 00:00:00+00:00, run_after=2025-11-09 00:00:00+00:00
[2025-11-09T20:46:27.087+0000] {logging_mixin.py:190} INFO - [2025-11-09T20:46:27.087+0000] {dag.py:4180} INFO - Setting next_dagrun for read_dataset_event_from_classic to 2025-11-08 00:00:00+00:00, run_after=2025-11-09 00:00:00+00:00
[2025-11-09T20:46:27.123+0000] {processor.py:208} INFO - Processing /home/airflow/.local/lib/python3.12/site-packages/airflow/example_dags/example_inlet_event_extra.py took 1.592 seconds
[2025-11-09T20:46:57.405+0000] {processor.py:186} INFO - Started process (PID=2462) to work on /home/airflow/.local/lib/python3.12/site-packages/airflow/example_dags/example_inlet_event_extra.py
[2025-11-09T20:46:57.407+0000] {processor.py:914} INFO - Processing file /home/airflow/.local/lib/python3.12/site-packages/airflow/example_dags/example_inlet_event_extra.py for tasks to queue
[2025-11-09T20:46:57.412+0000] {logging_mixin.py:190} INFO - [2025-11-09T20:46:57.411+0000] {dagbag.py:588} INFO - Filling up the DagBag from /home/airflow/.local/lib/python3.12/site-packages/airflow/example_dags/example_inlet_event_extra.py
[2025-11-09T20:46:58.322+0000] {processor.py:925} INFO - DAG(s) 'read_dataset_event_from_classic', 'read_dataset_event' retrieved from /home/airflow/.local/lib/python3.12/site-packages/airflow/example_dags/example_inlet_event_extra.py
[2025-11-09T20:46:58.366+0000] {logging_mixin.py:190} INFO - [2025-11-09T20:46:58.365+0000] {dag.py:3239} INFO - Sync 2 DAGs
[2025-11-09T20:46:58.414+0000] {logging_mixin.py:190} INFO - [2025-11-09T20:46:58.413+0000] {dag.py:4180} INFO - Setting next_dagrun for read_dataset_event to 2025-11-08 00:00:00+00:00, run_after=2025-11-09 00:00:00+00:00
[2025-11-09T20:46:58.426+0000] {logging_mixin.py:190} INFO - [2025-11-09T20:46:58.425+0000] {dag.py:4180} INFO - Setting next_dagrun for read_dataset_event_from_classic to 2025-11-08 00:00:00+00:00, run_after=2025-11-09 00:00:00+00:00
[2025-11-09T20:46:58.459+0000] {processor.py:208} INFO - Processing /home/airflow/.local/lib/python3.12/site-packages/airflow/example_dags/example_inlet_event_extra.py took 1.063 seconds
[2025-11-09T20:47:29.060+0000] {processor.py:186} INFO - Started process (PID=2527) to work on /home/airflow/.local/lib/python3.12/site-packages/airflow/example_dags/example_inlet_event_extra.py
[2025-11-09T20:47:29.062+0000] {processor.py:914} INFO - Processing file /home/airflow/.local/lib/python3.12/site-packages/airflow/example_dags/example_inlet_event_extra.py for tasks to queue
[2025-11-09T20:47:29.067+0000] {logging_mixin.py:190} INFO - [2025-11-09T20:47:29.066+0000] {dagbag.py:588} INFO - Filling up the DagBag from /home/airflow/.local/lib/python3.12/site-packages/airflow/example_dags/example_inlet_event_extra.py
[2025-11-09T20:47:30.304+0000] {processor.py:925} INFO - DAG(s) 'read_dataset_event', 'read_dataset_event_from_classic' retrieved from /home/airflow/.local/lib/python3.12/site-packages/airflow/example_dags/example_inlet_event_extra.py
[2025-11-09T20:47:30.351+0000] {logging_mixin.py:190} INFO - [2025-11-09T20:47:30.350+0000] {dag.py:3239} INFO - Sync 2 DAGs
[2025-11-09T20:47:30.396+0000] {logging_mixin.py:190} INFO - [2025-11-09T20:47:30.395+0000] {dag.py:4180} INFO - Setting next_dagrun for read_dataset_event to 2025-11-08 00:00:00+00:00, run_after=2025-11-09 00:00:00+00:00
[2025-11-09T20:47:30.403+0000] {logging_mixin.py:190} INFO - [2025-11-09T20:47:30.403+0000] {dag.py:4180} INFO - Setting next_dagrun for read_dataset_event_from_classic to 2025-11-08 00:00:00+00:00, run_after=2025-11-09 00:00:00+00:00
[2025-11-09T20:47:30.429+0000] {processor.py:208} INFO - Processing /home/airflow/.local/lib/python3.12/site-packages/airflow/example_dags/example_inlet_event_extra.py took 1.384 seconds
[2025-11-09T20:48:01.010+0000] {processor.py:186} INFO - Started process (PID=2593) to work on /home/airflow/.local/lib/python3.12/site-packages/airflow/example_dags/example_inlet_event_extra.py
[2025-11-09T20:48:01.013+0000] {processor.py:914} INFO - Processing file /home/airflow/.local/lib/python3.12/site-packages/airflow/example_dags/example_inlet_event_extra.py for tasks to queue
[2025-11-09T20:48:01.022+0000] {logging_mixin.py:190} INFO - [2025-11-09T20:48:01.021+0000] {dagbag.py:588} INFO - Filling up the DagBag from /home/airflow/.local/lib/python3.12/site-packages/airflow/example_dags/example_inlet_event_extra.py
[2025-11-09T20:48:02.883+0000] {processor.py:925} INFO - DAG(s) 'read_dataset_event_from_classic', 'read_dataset_event' retrieved from /home/airflow/.local/lib/python3.12/site-packages/airflow/example_dags/example_inlet_event_extra.py
[2025-11-09T20:48:02.930+0000] {logging_mixin.py:190} INFO - [2025-11-09T20:48:02.930+0000] {dag.py:3239} INFO - Sync 2 DAGs
[2025-11-09T20:48:02.984+0000] {logging_mixin.py:190} INFO - [2025-11-09T20:48:02.984+0000] {dag.py:4180} INFO - Setting next_dagrun for read_dataset_event to 2025-11-08 00:00:00+00:00, run_after=2025-11-09 00:00:00+00:00
[2025-11-09T20:48:02.999+0000] {logging_mixin.py:190} INFO - [2025-11-09T20:48:02.998+0000] {dag.py:4180} INFO - Setting next_dagrun for read_dataset_event_from_classic to 2025-11-08 00:00:00+00:00, run_after=2025-11-09 00:00:00+00:00
[2025-11-09T20:48:03.044+0000] {processor.py:208} INFO - Processing /home/airflow/.local/lib/python3.12/site-packages/airflow/example_dags/example_inlet_event_extra.py took 2.051 seconds
[2025-11-09T20:48:33.522+0000] {processor.py:186} INFO - Started process (PID=2667) to work on /home/airflow/.local/lib/python3.12/site-packages/airflow/example_dags/example_inlet_event_extra.py
[2025-11-09T20:48:33.525+0000] {processor.py:914} INFO - Processing file /home/airflow/.local/lib/python3.12/site-packages/airflow/example_dags/example_inlet_event_extra.py for tasks to queue
[2025-11-09T20:48:33.537+0000] {logging_mixin.py:190} INFO - [2025-11-09T20:48:33.536+0000] {dagbag.py:588} INFO - Filling up the DagBag from /home/airflow/.local/lib/python3.12/site-packages/airflow/example_dags/example_inlet_event_extra.py
[2025-11-09T20:48:35.395+0000] {processor.py:925} INFO - DAG(s) 'read_dataset_event_from_classic', 'read_dataset_event' retrieved from /home/airflow/.local/lib/python3.12/site-packages/airflow/example_dags/example_inlet_event_extra.py
[2025-11-09T20:48:35.467+0000] {logging_mixin.py:190} INFO - [2025-11-09T20:48:35.466+0000] {dag.py:3239} INFO - Sync 2 DAGs
[2025-11-09T20:48:35.548+0000] {logging_mixin.py:190} INFO - [2025-11-09T20:48:35.547+0000] {dag.py:4180} INFO - Setting next_dagrun for read_dataset_event to 2025-11-08 00:00:00+00:00, run_after=2025-11-09 00:00:00+00:00
[2025-11-09T20:48:35.565+0000] {logging_mixin.py:190} INFO - [2025-11-09T20:48:35.564+0000] {dag.py:4180} INFO - Setting next_dagrun for read_dataset_event_from_classic to 2025-11-08 00:00:00+00:00, run_after=2025-11-09 00:00:00+00:00
[2025-11-09T20:48:35.619+0000] {processor.py:208} INFO - Processing /home/airflow/.local/lib/python3.12/site-packages/airflow/example_dags/example_inlet_event_extra.py took 2.122 seconds
[2025-11-09T20:49:06.104+0000] {processor.py:186} INFO - Started process (PID=2731) to work on /home/airflow/.local/lib/python3.12/site-packages/airflow/example_dags/example_inlet_event_extra.py
[2025-11-09T20:49:06.107+0000] {processor.py:914} INFO - Processing file /home/airflow/.local/lib/python3.12/site-packages/airflow/example_dags/example_inlet_event_extra.py for tasks to queue
[2025-11-09T20:49:06.113+0000] {logging_mixin.py:190} INFO - [2025-11-09T20:49:06.113+0000] {dagbag.py:588} INFO - Filling up the DagBag from /home/airflow/.local/lib/python3.12/site-packages/airflow/example_dags/example_inlet_event_extra.py
[2025-11-09T20:49:07.151+0000] {processor.py:925} INFO - DAG(s) 'read_dataset_event', 'read_dataset_event_from_classic' retrieved from /home/airflow/.local/lib/python3.12/site-packages/airflow/example_dags/example_inlet_event_extra.py
[2025-11-09T20:49:07.188+0000] {logging_mixin.py:190} INFO - [2025-11-09T20:49:07.188+0000] {dag.py:3239} INFO - Sync 2 DAGs
[2025-11-09T20:49:07.228+0000] {logging_mixin.py:190} INFO - [2025-11-09T20:49:07.227+0000] {dag.py:4180} INFO - Setting next_dagrun for read_dataset_event to 2025-11-08 00:00:00+00:00, run_after=2025-11-09 00:00:00+00:00
[2025-11-09T20:49:07.237+0000] {logging_mixin.py:190} INFO - [2025-11-09T20:49:07.236+0000] {dag.py:4180} INFO - Setting next_dagrun for read_dataset_event_from_classic to 2025-11-08 00:00:00+00:00, run_after=2025-11-09 00:00:00+00:00
[2025-11-09T20:49:07.263+0000] {processor.py:208} INFO - Processing /home/airflow/.local/lib/python3.12/site-packages/airflow/example_dags/example_inlet_event_extra.py took 1.177 seconds
[2025-11-09T20:49:37.515+0000] {processor.py:186} INFO - Started process (PID=2795) to work on /home/airflow/.local/lib/python3.12/site-packages/airflow/example_dags/example_inlet_event_extra.py
[2025-11-09T20:49:37.517+0000] {processor.py:914} INFO - Processing file /home/airflow/.local/lib/python3.12/site-packages/airflow/example_dags/example_inlet_event_extra.py for tasks to queue
[2025-11-09T20:49:37.522+0000] {logging_mixin.py:190} INFO - [2025-11-09T20:49:37.521+0000] {dagbag.py:588} INFO - Filling up the DagBag from /home/airflow/.local/lib/python3.12/site-packages/airflow/example_dags/example_inlet_event_extra.py
[2025-11-09T20:49:38.405+0000] {processor.py:925} INFO - DAG(s) 'read_dataset_event_from_classic', 'read_dataset_event' retrieved from /home/airflow/.local/lib/python3.12/site-packages/airflow/example_dags/example_inlet_event_extra.py
[2025-11-09T20:49:38.449+0000] {logging_mixin.py:190} INFO - [2025-11-09T20:49:38.449+0000] {dag.py:3239} INFO - Sync 2 DAGs
[2025-11-09T20:49:38.498+0000] {logging_mixin.py:190} INFO - [2025-11-09T20:49:38.498+0000] {dag.py:4180} INFO - Setting next_dagrun for read_dataset_event to 2025-11-08 00:00:00+00:00, run_after=2025-11-09 00:00:00+00:00
[2025-11-09T20:49:38.507+0000] {logging_mixin.py:190} INFO - [2025-11-09T20:49:38.506+0000] {dag.py:4180} INFO - Setting next_dagrun for read_dataset_event_from_classic to 2025-11-08 00:00:00+00:00, run_after=2025-11-09 00:00:00+00:00
[2025-11-09T20:49:38.539+0000] {processor.py:208} INFO - Processing /home/airflow/.local/lib/python3.12/site-packages/airflow/example_dags/example_inlet_event_extra.py took 1.035 seconds
[2025-11-09T20:50:08.882+0000] {processor.py:186} INFO - Started process (PID=2862) to work on /home/airflow/.local/lib/python3.12/site-packages/airflow/example_dags/example_inlet_event_extra.py
[2025-11-09T20:50:08.884+0000] {processor.py:914} INFO - Processing file /home/airflow/.local/lib/python3.12/site-packages/airflow/example_dags/example_inlet_event_extra.py for tasks to queue
[2025-11-09T20:50:08.889+0000] {logging_mixin.py:190} INFO - [2025-11-09T20:50:08.889+0000] {dagbag.py:588} INFO - Filling up the DagBag from /home/airflow/.local/lib/python3.12/site-packages/airflow/example_dags/example_inlet_event_extra.py
[2025-11-09T20:50:10.068+0000] {processor.py:925} INFO - DAG(s) 'read_dataset_event_from_classic', 'read_dataset_event' retrieved from /home/airflow/.local/lib/python3.12/site-packages/airflow/example_dags/example_inlet_event_extra.py
[2025-11-09T20:50:10.109+0000] {logging_mixin.py:190} INFO - [2025-11-09T20:50:10.108+0000] {dag.py:3239} INFO - Sync 2 DAGs
[2025-11-09T20:50:10.152+0000] {logging_mixin.py:190} INFO - [2025-11-09T20:50:10.152+0000] {dag.py:4180} INFO - Setting next_dagrun for read_dataset_event to 2025-11-08 00:00:00+00:00, run_after=2025-11-09 00:00:00+00:00
[2025-11-09T20:50:10.166+0000] {logging_mixin.py:190} INFO - [2025-11-09T20:50:10.166+0000] {dag.py:4180} INFO - Setting next_dagrun for read_dataset_event_from_classic to 2025-11-08 00:00:00+00:00, run_after=2025-11-09 00:00:00+00:00
[2025-11-09T20:50:10.195+0000] {processor.py:208} INFO - Processing /home/airflow/.local/lib/python3.12/site-packages/airflow/example_dags/example_inlet_event_extra.py took 1.326 seconds
[2025-11-09T20:50:40.790+0000] {processor.py:186} INFO - Started process (PID=2925) to work on /home/airflow/.local/lib/python3.12/site-packages/airflow/example_dags/example_inlet_event_extra.py
[2025-11-09T20:50:40.794+0000] {processor.py:914} INFO - Processing file /home/airflow/.local/lib/python3.12/site-packages/airflow/example_dags/example_inlet_event_extra.py for tasks to queue
[2025-11-09T20:50:40.809+0000] {logging_mixin.py:190} INFO - [2025-11-09T20:50:40.807+0000] {dagbag.py:588} INFO - Filling up the DagBag from /home/airflow/.local/lib/python3.12/site-packages/airflow/example_dags/example_inlet_event_extra.py
[2025-11-09T20:50:43.431+0000] {processor.py:925} INFO - DAG(s) 'read_dataset_event', 'read_dataset_event_from_classic' retrieved from /home/airflow/.local/lib/python3.12/site-packages/airflow/example_dags/example_inlet_event_extra.py
[2025-11-09T20:50:43.515+0000] {logging_mixin.py:190} INFO - [2025-11-09T20:50:43.515+0000] {dag.py:3239} INFO - Sync 2 DAGs
[2025-11-09T20:50:43.663+0000] {logging_mixin.py:190} INFO - [2025-11-09T20:50:43.663+0000] {dag.py:4180} INFO - Setting next_dagrun for read_dataset_event to 2025-11-08 00:00:00+00:00, run_after=2025-11-09 00:00:00+00:00
[2025-11-09T20:50:43.681+0000] {logging_mixin.py:190} INFO - [2025-11-09T20:50:43.680+0000] {dag.py:4180} INFO - Setting next_dagrun for read_dataset_event_from_classic to 2025-11-08 00:00:00+00:00, run_after=2025-11-09 00:00:00+00:00
[2025-11-09T20:50:43.739+0000] {processor.py:208} INFO - Processing /home/airflow/.local/lib/python3.12/site-packages/airflow/example_dags/example_inlet_event_extra.py took 2.982 seconds
[2025-11-09T20:51:14.032+0000] {processor.py:186} INFO - Started process (PID=2992) to work on /home/airflow/.local/lib/python3.12/site-packages/airflow/example_dags/example_inlet_event_extra.py
[2025-11-09T20:51:14.035+0000] {processor.py:914} INFO - Processing file /home/airflow/.local/lib/python3.12/site-packages/airflow/example_dags/example_inlet_event_extra.py for tasks to queue
[2025-11-09T20:51:14.043+0000] {logging_mixin.py:190} INFO - [2025-11-09T20:51:14.042+0000] {dagbag.py:588} INFO - Filling up the DagBag from /home/airflow/.local/lib/python3.12/site-packages/airflow/example_dags/example_inlet_event_extra.py
[2025-11-09T20:51:15.494+0000] {processor.py:925} INFO - DAG(s) 'read_dataset_event_from_classic', 'read_dataset_event' retrieved from /home/airflow/.local/lib/python3.12/site-packages/airflow/example_dags/example_inlet_event_extra.py
[2025-11-09T20:51:15.567+0000] {logging_mixin.py:190} INFO - [2025-11-09T20:51:15.567+0000] {dag.py:3239} INFO - Sync 2 DAGs
[2025-11-09T20:51:15.640+0000] {logging_mixin.py:190} INFO - [2025-11-09T20:51:15.639+0000] {dag.py:4180} INFO - Setting next_dagrun for read_dataset_event to 2025-11-08 00:00:00+00:00, run_after=2025-11-09 00:00:00+00:00
[2025-11-09T20:51:15.653+0000] {logging_mixin.py:190} INFO - [2025-11-09T20:51:15.652+0000] {dag.py:4180} INFO - Setting next_dagrun for read_dataset_event_from_classic to 2025-11-08 00:00:00+00:00, run_after=2025-11-09 00:00:00+00:00
[2025-11-09T20:51:15.697+0000] {processor.py:208} INFO - Processing /home/airflow/.local/lib/python3.12/site-packages/airflow/example_dags/example_inlet_event_extra.py took 1.679 seconds
[2025-11-09T20:51:45.848+0000] {processor.py:186} INFO - Started process (PID=3060) to work on /home/airflow/.local/lib/python3.12/site-packages/airflow/example_dags/example_inlet_event_extra.py
[2025-11-09T20:51:45.850+0000] {processor.py:914} INFO - Processing file /home/airflow/.local/lib/python3.12/site-packages/airflow/example_dags/example_inlet_event_extra.py for tasks to queue
[2025-11-09T20:51:45.854+0000] {logging_mixin.py:190} INFO - [2025-11-09T20:51:45.853+0000] {dagbag.py:588} INFO - Filling up the DagBag from /home/airflow/.local/lib/python3.12/site-packages/airflow/example_dags/example_inlet_event_extra.py
[2025-11-09T20:51:46.442+0000] {processor.py:925} INFO - DAG(s) 'read_dataset_event', 'read_dataset_event_from_classic' retrieved from /home/airflow/.local/lib/python3.12/site-packages/airflow/example_dags/example_inlet_event_extra.py
[2025-11-09T20:51:46.487+0000] {logging_mixin.py:190} INFO - [2025-11-09T20:51:46.486+0000] {dag.py:3239} INFO - Sync 2 DAGs
[2025-11-09T20:51:46.528+0000] {logging_mixin.py:190} INFO - [2025-11-09T20:51:46.528+0000] {dag.py:4180} INFO - Setting next_dagrun for read_dataset_event to 2025-11-08 00:00:00+00:00, run_after=2025-11-09 00:00:00+00:00
[2025-11-09T20:51:46.536+0000] {logging_mixin.py:190} INFO - [2025-11-09T20:51:46.535+0000] {dag.py:4180} INFO - Setting next_dagrun for read_dataset_event_from_classic to 2025-11-08 00:00:00+00:00, run_after=2025-11-09 00:00:00+00:00
[2025-11-09T20:51:46.566+0000] {processor.py:208} INFO - Processing /home/airflow/.local/lib/python3.12/site-packages/airflow/example_dags/example_inlet_event_extra.py took 0.727 seconds
[2025-11-09T20:52:17.112+0000] {processor.py:186} INFO - Started process (PID=3130) to work on /home/airflow/.local/lib/python3.12/site-packages/airflow/example_dags/example_inlet_event_extra.py
[2025-11-09T20:52:17.115+0000] {processor.py:914} INFO - Processing file /home/airflow/.local/lib/python3.12/site-packages/airflow/example_dags/example_inlet_event_extra.py for tasks to queue
[2025-11-09T20:52:17.122+0000] {logging_mixin.py:190} INFO - [2025-11-09T20:52:17.121+0000] {dagbag.py:588} INFO - Filling up the DagBag from /home/airflow/.local/lib/python3.12/site-packages/airflow/example_dags/example_inlet_event_extra.py
[2025-11-09T20:52:17.884+0000] {processor.py:925} INFO - DAG(s) 'read_dataset_event_from_classic', 'read_dataset_event' retrieved from /home/airflow/.local/lib/python3.12/site-packages/airflow/example_dags/example_inlet_event_extra.py
[2025-11-09T20:52:17.937+0000] {logging_mixin.py:190} INFO - [2025-11-09T20:52:17.937+0000] {dag.py:3239} INFO - Sync 2 DAGs
[2025-11-09T20:52:17.988+0000] {logging_mixin.py:190} INFO - [2025-11-09T20:52:17.987+0000] {dag.py:4180} INFO - Setting next_dagrun for read_dataset_event to 2025-11-08 00:00:00+00:00, run_after=2025-11-09 00:00:00+00:00
[2025-11-09T20:52:17.999+0000] {logging_mixin.py:190} INFO - [2025-11-09T20:52:17.998+0000] {dag.py:4180} INFO - Setting next_dagrun for read_dataset_event_from_classic to 2025-11-08 00:00:00+00:00, run_after=2025-11-09 00:00:00+00:00
[2025-11-09T20:52:18.034+0000] {processor.py:208} INFO - Processing /home/airflow/.local/lib/python3.12/site-packages/airflow/example_dags/example_inlet_event_extra.py took 0.932 seconds
[2025-11-09T20:52:48.333+0000] {processor.py:186} INFO - Started process (PID=3198) to work on /home/airflow/.local/lib/python3.12/site-packages/airflow/example_dags/example_inlet_event_extra.py
[2025-11-09T20:52:48.334+0000] {processor.py:914} INFO - Processing file /home/airflow/.local/lib/python3.12/site-packages/airflow/example_dags/example_inlet_event_extra.py for tasks to queue
[2025-11-09T20:52:48.340+0000] {logging_mixin.py:190} INFO - [2025-11-09T20:52:48.339+0000] {dagbag.py:588} INFO - Filling up the DagBag from /home/airflow/.local/lib/python3.12/site-packages/airflow/example_dags/example_inlet_event_extra.py
[2025-11-09T20:52:49.159+0000] {processor.py:925} INFO - DAG(s) 'read_dataset_event', 'read_dataset_event_from_classic' retrieved from /home/airflow/.local/lib/python3.12/site-packages/airflow/example_dags/example_inlet_event_extra.py
[2025-11-09T20:52:49.204+0000] {logging_mixin.py:190} INFO - [2025-11-09T20:52:49.203+0000] {dag.py:3239} INFO - Sync 2 DAGs
[2025-11-09T20:52:49.276+0000] {logging_mixin.py:190} INFO - [2025-11-09T20:52:49.276+0000] {dag.py:4180} INFO - Setting next_dagrun for read_dataset_event to 2025-11-08 00:00:00+00:00, run_after=2025-11-09 00:00:00+00:00
[2025-11-09T20:52:49.287+0000] {logging_mixin.py:190} INFO - [2025-11-09T20:52:49.286+0000] {dag.py:4180} INFO - Setting next_dagrun for read_dataset_event_from_classic to 2025-11-08 00:00:00+00:00, run_after=2025-11-09 00:00:00+00:00
[2025-11-09T20:52:49.324+0000] {processor.py:208} INFO - Processing /home/airflow/.local/lib/python3.12/site-packages/airflow/example_dags/example_inlet_event_extra.py took 1.004 seconds
[2025-11-09T20:53:19.515+0000] {processor.py:186} INFO - Started process (PID=3265) to work on /home/airflow/.local/lib/python3.12/site-packages/airflow/example_dags/example_inlet_event_extra.py
[2025-11-09T20:53:19.518+0000] {processor.py:914} INFO - Processing file /home/airflow/.local/lib/python3.12/site-packages/airflow/example_dags/example_inlet_event_extra.py for tasks to queue
[2025-11-09T20:53:19.525+0000] {logging_mixin.py:190} INFO - [2025-11-09T20:53:19.524+0000] {dagbag.py:588} INFO - Filling up the DagBag from /home/airflow/.local/lib/python3.12/site-packages/airflow/example_dags/example_inlet_event_extra.py
[2025-11-09T20:53:21.084+0000] {processor.py:925} INFO - DAG(s) 'read_dataset_event', 'read_dataset_event_from_classic' retrieved from /home/airflow/.local/lib/python3.12/site-packages/airflow/example_dags/example_inlet_event_extra.py
[2025-11-09T20:53:21.185+0000] {logging_mixin.py:190} INFO - [2025-11-09T20:53:21.185+0000] {dag.py:3239} INFO - Sync 2 DAGs
[2025-11-09T20:53:21.304+0000] {logging_mixin.py:190} INFO - [2025-11-09T20:53:21.304+0000] {dag.py:4180} INFO - Setting next_dagrun for read_dataset_event to 2025-11-08 00:00:00+00:00, run_after=2025-11-09 00:00:00+00:00
[2025-11-09T20:53:21.328+0000] {logging_mixin.py:190} INFO - [2025-11-09T20:53:21.327+0000] {dag.py:4180} INFO - Setting next_dagrun for read_dataset_event_from_classic to 2025-11-08 00:00:00+00:00, run_after=2025-11-09 00:00:00+00:00
[2025-11-09T20:53:21.378+0000] {processor.py:208} INFO - Processing /home/airflow/.local/lib/python3.12/site-packages/airflow/example_dags/example_inlet_event_extra.py took 1.885 seconds
[2025-11-09T20:53:52.321+0000] {processor.py:186} INFO - Started process (PID=3334) to work on /home/airflow/.local/lib/python3.12/site-packages/airflow/example_dags/example_inlet_event_extra.py
[2025-11-09T20:53:52.324+0000] {processor.py:914} INFO - Processing file /home/airflow/.local/lib/python3.12/site-packages/airflow/example_dags/example_inlet_event_extra.py for tasks to queue
[2025-11-09T20:53:52.330+0000] {logging_mixin.py:190} INFO - [2025-11-09T20:53:52.330+0000] {dagbag.py:588} INFO - Filling up the DagBag from /home/airflow/.local/lib/python3.12/site-packages/airflow/example_dags/example_inlet_event_extra.py
[2025-11-09T20:53:53.331+0000] {processor.py:925} INFO - DAG(s) 'read_dataset_event_from_classic', 'read_dataset_event' retrieved from /home/airflow/.local/lib/python3.12/site-packages/airflow/example_dags/example_inlet_event_extra.py
[2025-11-09T20:53:53.377+0000] {logging_mixin.py:190} INFO - [2025-11-09T20:53:53.376+0000] {dag.py:3239} INFO - Sync 2 DAGs
[2025-11-09T20:53:53.430+0000] {logging_mixin.py:190} INFO - [2025-11-09T20:53:53.429+0000] {dag.py:4180} INFO - Setting next_dagrun for read_dataset_event to 2025-11-08 00:00:00+00:00, run_after=2025-11-09 00:00:00+00:00
[2025-11-09T20:53:53.438+0000] {logging_mixin.py:190} INFO - [2025-11-09T20:53:53.438+0000] {dag.py:4180} INFO - Setting next_dagrun for read_dataset_event_from_classic to 2025-11-08 00:00:00+00:00, run_after=2025-11-09 00:00:00+00:00
[2025-11-09T20:53:53.471+0000] {processor.py:208} INFO - Processing /home/airflow/.local/lib/python3.12/site-packages/airflow/example_dags/example_inlet_event_extra.py took 1.165 seconds
[2025-11-09T20:54:24.036+0000] {processor.py:186} INFO - Started process (PID=3401) to work on /home/airflow/.local/lib/python3.12/site-packages/airflow/example_dags/example_inlet_event_extra.py
[2025-11-09T20:54:24.038+0000] {processor.py:914} INFO - Processing file /home/airflow/.local/lib/python3.12/site-packages/airflow/example_dags/example_inlet_event_extra.py for tasks to queue
[2025-11-09T20:54:24.044+0000] {logging_mixin.py:190} INFO - [2025-11-09T20:54:24.043+0000] {dagbag.py:588} INFO - Filling up the DagBag from /home/airflow/.local/lib/python3.12/site-packages/airflow/example_dags/example_inlet_event_extra.py
[2025-11-09T20:54:24.950+0000] {processor.py:925} INFO - DAG(s) 'read_dataset_event_from_classic', 'read_dataset_event' retrieved from /home/airflow/.local/lib/python3.12/site-packages/airflow/example_dags/example_inlet_event_extra.py
[2025-11-09T20:54:24.998+0000] {logging_mixin.py:190} INFO - [2025-11-09T20:54:24.998+0000] {dag.py:3239} INFO - Sync 2 DAGs
[2025-11-09T20:54:25.049+0000] {logging_mixin.py:190} INFO - [2025-11-09T20:54:25.048+0000] {dag.py:4180} INFO - Setting next_dagrun for read_dataset_event to 2025-11-08 00:00:00+00:00, run_after=2025-11-09 00:00:00+00:00
[2025-11-09T20:54:25.057+0000] {logging_mixin.py:190} INFO - [2025-11-09T20:54:25.057+0000] {dag.py:4180} INFO - Setting next_dagrun for read_dataset_event_from_classic to 2025-11-08 00:00:00+00:00, run_after=2025-11-09 00:00:00+00:00
[2025-11-09T20:54:25.088+0000] {processor.py:208} INFO - Processing /home/airflow/.local/lib/python3.12/site-packages/airflow/example_dags/example_inlet_event_extra.py took 1.065 seconds
[2025-11-09T20:54:55.962+0000] {processor.py:186} INFO - Started process (PID=3469) to work on /home/airflow/.local/lib/python3.12/site-packages/airflow/example_dags/example_inlet_event_extra.py
[2025-11-09T20:54:55.964+0000] {processor.py:914} INFO - Processing file /home/airflow/.local/lib/python3.12/site-packages/airflow/example_dags/example_inlet_event_extra.py for tasks to queue
[2025-11-09T20:54:55.969+0000] {logging_mixin.py:190} INFO - [2025-11-09T20:54:55.968+0000] {dagbag.py:588} INFO - Filling up the DagBag from /home/airflow/.local/lib/python3.12/site-packages/airflow/example_dags/example_inlet_event_extra.py
[2025-11-09T20:54:56.847+0000] {processor.py:925} INFO - DAG(s) 'read_dataset_event', 'read_dataset_event_from_classic' retrieved from /home/airflow/.local/lib/python3.12/site-packages/airflow/example_dags/example_inlet_event_extra.py
[2025-11-09T20:54:56.902+0000] {logging_mixin.py:190} INFO - [2025-11-09T20:54:56.901+0000] {dag.py:3239} INFO - Sync 2 DAGs
[2025-11-09T20:54:56.972+0000] {logging_mixin.py:190} INFO - [2025-11-09T20:54:56.972+0000] {dag.py:4180} INFO - Setting next_dagrun for read_dataset_event to 2025-11-08 00:00:00+00:00, run_after=2025-11-09 00:00:00+00:00
[2025-11-09T20:54:56.984+0000] {logging_mixin.py:190} INFO - [2025-11-09T20:54:56.984+0000] {dag.py:4180} INFO - Setting next_dagrun for read_dataset_event_from_classic to 2025-11-08 00:00:00+00:00, run_after=2025-11-09 00:00:00+00:00
[2025-11-09T20:54:57.031+0000] {processor.py:208} INFO - Processing /home/airflow/.local/lib/python3.12/site-packages/airflow/example_dags/example_inlet_event_extra.py took 1.084 seconds
[2025-11-09T20:55:28.155+0000] {processor.py:186} INFO - Started process (PID=3539) to work on /home/airflow/.local/lib/python3.12/site-packages/airflow/example_dags/example_inlet_event_extra.py
[2025-11-09T20:55:28.158+0000] {processor.py:914} INFO - Processing file /home/airflow/.local/lib/python3.12/site-packages/airflow/example_dags/example_inlet_event_extra.py for tasks to queue
[2025-11-09T20:55:28.168+0000] {logging_mixin.py:190} INFO - [2025-11-09T20:55:28.167+0000] {dagbag.py:588} INFO - Filling up the DagBag from /home/airflow/.local/lib/python3.12/site-packages/airflow/example_dags/example_inlet_event_extra.py
[2025-11-09T20:55:29.487+0000] {processor.py:925} INFO - DAG(s) 'read_dataset_event_from_classic', 'read_dataset_event' retrieved from /home/airflow/.local/lib/python3.12/site-packages/airflow/example_dags/example_inlet_event_extra.py
[2025-11-09T20:55:29.601+0000] {logging_mixin.py:190} INFO - [2025-11-09T20:55:29.601+0000] {dag.py:3239} INFO - Sync 2 DAGs
[2025-11-09T20:55:29.720+0000] {logging_mixin.py:190} INFO - [2025-11-09T20:55:29.718+0000] {dag.py:4180} INFO - Setting next_dagrun for read_dataset_event to 2025-11-08 00:00:00+00:00, run_after=2025-11-09 00:00:00+00:00
[2025-11-09T20:55:29.740+0000] {logging_mixin.py:190} INFO - [2025-11-09T20:55:29.739+0000] {dag.py:4180} INFO - Setting next_dagrun for read_dataset_event_from_classic to 2025-11-08 00:00:00+00:00, run_after=2025-11-09 00:00:00+00:00
[2025-11-09T20:55:29.804+0000] {processor.py:208} INFO - Processing /home/airflow/.local/lib/python3.12/site-packages/airflow/example_dags/example_inlet_event_extra.py took 1.669 seconds
[2025-11-09T20:55:59.932+0000] {processor.py:186} INFO - Started process (PID=3603) to work on /home/airflow/.local/lib/python3.12/site-packages/airflow/example_dags/example_inlet_event_extra.py
[2025-11-09T20:55:59.934+0000] {processor.py:914} INFO - Processing file /home/airflow/.local/lib/python3.12/site-packages/airflow/example_dags/example_inlet_event_extra.py for tasks to queue
[2025-11-09T20:55:59.940+0000] {logging_mixin.py:190} INFO - [2025-11-09T20:55:59.939+0000] {dagbag.py:588} INFO - Filling up the DagBag from /home/airflow/.local/lib/python3.12/site-packages/airflow/example_dags/example_inlet_event_extra.py
[2025-11-09T20:56:01.678+0000] {processor.py:925} INFO - DAG(s) 'read_dataset_event', 'read_dataset_event_from_classic' retrieved from /home/airflow/.local/lib/python3.12/site-packages/airflow/example_dags/example_inlet_event_extra.py
[2025-11-09T20:56:01.749+0000] {logging_mixin.py:190} INFO - [2025-11-09T20:56:01.748+0000] {dag.py:3239} INFO - Sync 2 DAGs
[2025-11-09T20:56:01.811+0000] {logging_mixin.py:190} INFO - [2025-11-09T20:56:01.810+0000] {dag.py:4180} INFO - Setting next_dagrun for read_dataset_event to 2025-11-08 00:00:00+00:00, run_after=2025-11-09 00:00:00+00:00
[2025-11-09T20:56:01.821+0000] {logging_mixin.py:190} INFO - [2025-11-09T20:56:01.821+0000] {dag.py:4180} INFO - Setting next_dagrun for read_dataset_event_from_classic to 2025-11-08 00:00:00+00:00, run_after=2025-11-09 00:00:00+00:00
[2025-11-09T20:56:01.861+0000] {processor.py:208} INFO - Processing /home/airflow/.local/lib/python3.12/site-packages/airflow/example_dags/example_inlet_event_extra.py took 1.942 seconds
[2025-11-09T20:56:32.672+0000] {processor.py:186} INFO - Started process (PID=3670) to work on /home/airflow/.local/lib/python3.12/site-packages/airflow/example_dags/example_inlet_event_extra.py
[2025-11-09T20:56:32.674+0000] {processor.py:914} INFO - Processing file /home/airflow/.local/lib/python3.12/site-packages/airflow/example_dags/example_inlet_event_extra.py for tasks to queue
[2025-11-09T20:56:32.679+0000] {logging_mixin.py:190} INFO - [2025-11-09T20:56:32.678+0000] {dagbag.py:588} INFO - Filling up the DagBag from /home/airflow/.local/lib/python3.12/site-packages/airflow/example_dags/example_inlet_event_extra.py
[2025-11-09T20:56:33.375+0000] {processor.py:925} INFO - DAG(s) 'read_dataset_event_from_classic', 'read_dataset_event' retrieved from /home/airflow/.local/lib/python3.12/site-packages/airflow/example_dags/example_inlet_event_extra.py
[2025-11-09T20:56:33.419+0000] {logging_mixin.py:190} INFO - [2025-11-09T20:56:33.419+0000] {dag.py:3239} INFO - Sync 2 DAGs
[2025-11-09T20:56:33.467+0000] {logging_mixin.py:190} INFO - [2025-11-09T20:56:33.467+0000] {dag.py:4180} INFO - Setting next_dagrun for read_dataset_event to 2025-11-08 00:00:00+00:00, run_after=2025-11-09 00:00:00+00:00
[2025-11-09T20:56:33.481+0000] {logging_mixin.py:190} INFO - [2025-11-09T20:56:33.480+0000] {dag.py:4180} INFO - Setting next_dagrun for read_dataset_event_from_classic to 2025-11-08 00:00:00+00:00, run_after=2025-11-09 00:00:00+00:00
[2025-11-09T20:56:33.516+0000] {processor.py:208} INFO - Processing /home/airflow/.local/lib/python3.12/site-packages/airflow/example_dags/example_inlet_event_extra.py took 0.855 seconds
[2025-11-09T20:57:03.702+0000] {processor.py:186} INFO - Started process (PID=3736) to work on /home/airflow/.local/lib/python3.12/site-packages/airflow/example_dags/example_inlet_event_extra.py
[2025-11-09T20:57:03.704+0000] {processor.py:914} INFO - Processing file /home/airflow/.local/lib/python3.12/site-packages/airflow/example_dags/example_inlet_event_extra.py for tasks to queue
[2025-11-09T20:57:03.708+0000] {logging_mixin.py:190} INFO - [2025-11-09T20:57:03.707+0000] {dagbag.py:588} INFO - Filling up the DagBag from /home/airflow/.local/lib/python3.12/site-packages/airflow/example_dags/example_inlet_event_extra.py
[2025-11-09T20:57:04.265+0000] {processor.py:925} INFO - DAG(s) 'read_dataset_event_from_classic', 'read_dataset_event' retrieved from /home/airflow/.local/lib/python3.12/site-packages/airflow/example_dags/example_inlet_event_extra.py
[2025-11-09T20:57:04.301+0000] {logging_mixin.py:190} INFO - [2025-11-09T20:57:04.300+0000] {dag.py:3239} INFO - Sync 2 DAGs
[2025-11-09T20:57:04.338+0000] {logging_mixin.py:190} INFO - [2025-11-09T20:57:04.338+0000] {dag.py:4180} INFO - Setting next_dagrun for read_dataset_event to 2025-11-08 00:00:00+00:00, run_after=2025-11-09 00:00:00+00:00
[2025-11-09T20:57:04.346+0000] {logging_mixin.py:190} INFO - [2025-11-09T20:57:04.346+0000] {dag.py:4180} INFO - Setting next_dagrun for read_dataset_event_from_classic to 2025-11-08 00:00:00+00:00, run_after=2025-11-09 00:00:00+00:00
[2025-11-09T20:57:04.374+0000] {processor.py:208} INFO - Processing /home/airflow/.local/lib/python3.12/site-packages/airflow/example_dags/example_inlet_event_extra.py took 0.683 seconds
[2025-11-09T20:57:34.995+0000] {processor.py:186} INFO - Started process (PID=3800) to work on /home/airflow/.local/lib/python3.12/site-packages/airflow/example_dags/example_inlet_event_extra.py
[2025-11-09T20:57:34.998+0000] {processor.py:914} INFO - Processing file /home/airflow/.local/lib/python3.12/site-packages/airflow/example_dags/example_inlet_event_extra.py for tasks to queue
[2025-11-09T20:57:35.004+0000] {logging_mixin.py:190} INFO - [2025-11-09T20:57:35.003+0000] {dagbag.py:588} INFO - Filling up the DagBag from /home/airflow/.local/lib/python3.12/site-packages/airflow/example_dags/example_inlet_event_extra.py
[2025-11-09T20:57:35.933+0000] {processor.py:925} INFO - DAG(s) 'read_dataset_event', 'read_dataset_event_from_classic' retrieved from /home/airflow/.local/lib/python3.12/site-packages/airflow/example_dags/example_inlet_event_extra.py
[2025-11-09T20:57:35.981+0000] {logging_mixin.py:190} INFO - [2025-11-09T20:57:35.980+0000] {dag.py:3239} INFO - Sync 2 DAGs
[2025-11-09T20:57:36.031+0000] {logging_mixin.py:190} INFO - [2025-11-09T20:57:36.031+0000] {dag.py:4180} INFO - Setting next_dagrun for read_dataset_event to 2025-11-08 00:00:00+00:00, run_after=2025-11-09 00:00:00+00:00
[2025-11-09T20:57:36.042+0000] {logging_mixin.py:190} INFO - [2025-11-09T20:57:36.042+0000] {dag.py:4180} INFO - Setting next_dagrun for read_dataset_event_from_classic to 2025-11-08 00:00:00+00:00, run_after=2025-11-09 00:00:00+00:00
[2025-11-09T20:57:36.093+0000] {processor.py:208} INFO - Processing /home/airflow/.local/lib/python3.12/site-packages/airflow/example_dags/example_inlet_event_extra.py took 1.109 seconds
[2025-11-09T20:58:06.275+0000] {processor.py:186} INFO - Started process (PID=3873) to work on /home/airflow/.local/lib/python3.12/site-packages/airflow/example_dags/example_inlet_event_extra.py
[2025-11-09T20:58:06.277+0000] {processor.py:914} INFO - Processing file /home/airflow/.local/lib/python3.12/site-packages/airflow/example_dags/example_inlet_event_extra.py for tasks to queue
[2025-11-09T20:58:06.284+0000] {logging_mixin.py:190} INFO - [2025-11-09T20:58:06.283+0000] {dagbag.py:588} INFO - Filling up the DagBag from /home/airflow/.local/lib/python3.12/site-packages/airflow/example_dags/example_inlet_event_extra.py
[2025-11-09T20:58:07.452+0000] {processor.py:925} INFO - DAG(s) 'read_dataset_event', 'read_dataset_event_from_classic' retrieved from /home/airflow/.local/lib/python3.12/site-packages/airflow/example_dags/example_inlet_event_extra.py
[2025-11-09T20:58:07.510+0000] {logging_mixin.py:190} INFO - [2025-11-09T20:58:07.509+0000] {dag.py:3239} INFO - Sync 2 DAGs
[2025-11-09T20:58:07.622+0000] {logging_mixin.py:190} INFO - [2025-11-09T20:58:07.621+0000] {dag.py:4180} INFO - Setting next_dagrun for read_dataset_event to 2025-11-08 00:00:00+00:00, run_after=2025-11-09 00:00:00+00:00
[2025-11-09T20:58:07.646+0000] {logging_mixin.py:190} INFO - [2025-11-09T20:58:07.646+0000] {dag.py:4180} INFO - Setting next_dagrun for read_dataset_event_from_classic to 2025-11-08 00:00:00+00:00, run_after=2025-11-09 00:00:00+00:00
[2025-11-09T20:58:07.704+0000] {processor.py:208} INFO - Processing /home/airflow/.local/lib/python3.12/site-packages/airflow/example_dags/example_inlet_event_extra.py took 1.449 seconds
[2025-11-09T20:58:38.281+0000] {processor.py:186} INFO - Started process (PID=3937) to work on /home/airflow/.local/lib/python3.12/site-packages/airflow/example_dags/example_inlet_event_extra.py
[2025-11-09T20:58:38.283+0000] {processor.py:914} INFO - Processing file /home/airflow/.local/lib/python3.12/site-packages/airflow/example_dags/example_inlet_event_extra.py for tasks to queue
[2025-11-09T20:58:38.289+0000] {logging_mixin.py:190} INFO - [2025-11-09T20:58:38.288+0000] {dagbag.py:588} INFO - Filling up the DagBag from /home/airflow/.local/lib/python3.12/site-packages/airflow/example_dags/example_inlet_event_extra.py
[2025-11-09T20:58:39.529+0000] {processor.py:925} INFO - DAG(s) 'read_dataset_event_from_classic', 'read_dataset_event' retrieved from /home/airflow/.local/lib/python3.12/site-packages/airflow/example_dags/example_inlet_event_extra.py
[2025-11-09T20:58:39.587+0000] {logging_mixin.py:190} INFO - [2025-11-09T20:58:39.586+0000] {dag.py:3239} INFO - Sync 2 DAGs
[2025-11-09T20:58:39.656+0000] {logging_mixin.py:190} INFO - [2025-11-09T20:58:39.656+0000] {dag.py:4180} INFO - Setting next_dagrun for read_dataset_event to 2025-11-08 00:00:00+00:00, run_after=2025-11-09 00:00:00+00:00
[2025-11-09T20:58:39.670+0000] {logging_mixin.py:190} INFO - [2025-11-09T20:58:39.670+0000] {dag.py:4180} INFO - Setting next_dagrun for read_dataset_event_from_classic to 2025-11-08 00:00:00+00:00, run_after=2025-11-09 00:00:00+00:00
[2025-11-09T20:58:39.714+0000] {processor.py:208} INFO - Processing /home/airflow/.local/lib/python3.12/site-packages/airflow/example_dags/example_inlet_event_extra.py took 1.445 seconds
[2025-11-09T20:59:10.151+0000] {processor.py:186} INFO - Started process (PID=4004) to work on /home/airflow/.local/lib/python3.12/site-packages/airflow/example_dags/example_inlet_event_extra.py
[2025-11-09T20:59:10.153+0000] {processor.py:914} INFO - Processing file /home/airflow/.local/lib/python3.12/site-packages/airflow/example_dags/example_inlet_event_extra.py for tasks to queue
[2025-11-09T20:59:10.159+0000] {logging_mixin.py:190} INFO - [2025-11-09T20:59:10.158+0000] {dagbag.py:588} INFO - Filling up the DagBag from /home/airflow/.local/lib/python3.12/site-packages/airflow/example_dags/example_inlet_event_extra.py
[2025-11-09T20:59:11.025+0000] {processor.py:925} INFO - DAG(s) 'read_dataset_event_from_classic', 'read_dataset_event' retrieved from /home/airflow/.local/lib/python3.12/site-packages/airflow/example_dags/example_inlet_event_extra.py
[2025-11-09T20:59:11.070+0000] {logging_mixin.py:190} INFO - [2025-11-09T20:59:11.069+0000] {dag.py:3239} INFO - Sync 2 DAGs
[2025-11-09T20:59:11.119+0000] {logging_mixin.py:190} INFO - [2025-11-09T20:59:11.119+0000] {dag.py:4180} INFO - Setting next_dagrun for read_dataset_event to 2025-11-08 00:00:00+00:00, run_after=2025-11-09 00:00:00+00:00
[2025-11-09T20:59:11.128+0000] {logging_mixin.py:190} INFO - [2025-11-09T20:59:11.128+0000] {dag.py:4180} INFO - Setting next_dagrun for read_dataset_event_from_classic to 2025-11-08 00:00:00+00:00, run_after=2025-11-09 00:00:00+00:00
[2025-11-09T20:59:11.159+0000] {processor.py:208} INFO - Processing /home/airflow/.local/lib/python3.12/site-packages/airflow/example_dags/example_inlet_event_extra.py took 1.022 seconds
[2025-11-09T20:59:41.847+0000] {processor.py:186} INFO - Started process (PID=4071) to work on /home/airflow/.local/lib/python3.12/site-packages/airflow/example_dags/example_inlet_event_extra.py
[2025-11-09T20:59:41.850+0000] {processor.py:914} INFO - Processing file /home/airflow/.local/lib/python3.12/site-packages/airflow/example_dags/example_inlet_event_extra.py for tasks to queue
[2025-11-09T20:59:41.855+0000] {logging_mixin.py:190} INFO - [2025-11-09T20:59:41.855+0000] {dagbag.py:588} INFO - Filling up the DagBag from /home/airflow/.local/lib/python3.12/site-packages/airflow/example_dags/example_inlet_event_extra.py
[2025-11-09T20:59:42.601+0000] {processor.py:925} INFO - DAG(s) 'read_dataset_event', 'read_dataset_event_from_classic' retrieved from /home/airflow/.local/lib/python3.12/site-packages/airflow/example_dags/example_inlet_event_extra.py
[2025-11-09T20:59:42.639+0000] {logging_mixin.py:190} INFO - [2025-11-09T20:59:42.639+0000] {dag.py:3239} INFO - Sync 2 DAGs
[2025-11-09T20:59:42.686+0000] {logging_mixin.py:190} INFO - [2025-11-09T20:59:42.685+0000] {dag.py:4180} INFO - Setting next_dagrun for read_dataset_event to 2025-11-08 00:00:00+00:00, run_after=2025-11-09 00:00:00+00:00
[2025-11-09T20:59:42.693+0000] {logging_mixin.py:190} INFO - [2025-11-09T20:59:42.693+0000] {dag.py:4180} INFO - Setting next_dagrun for read_dataset_event_from_classic to 2025-11-08 00:00:00+00:00, run_after=2025-11-09 00:00:00+00:00
[2025-11-09T20:59:42.724+0000] {processor.py:208} INFO - Processing /home/airflow/.local/lib/python3.12/site-packages/airflow/example_dags/example_inlet_event_extra.py took 0.890 seconds
[2025-11-09T21:00:12.951+0000] {processor.py:186} INFO - Started process (PID=4135) to work on /home/airflow/.local/lib/python3.12/site-packages/airflow/example_dags/example_inlet_event_extra.py
[2025-11-09T21:00:12.954+0000] {processor.py:914} INFO - Processing file /home/airflow/.local/lib/python3.12/site-packages/airflow/example_dags/example_inlet_event_extra.py for tasks to queue
[2025-11-09T21:00:12.959+0000] {logging_mixin.py:190} INFO - [2025-11-09T21:00:12.958+0000] {dagbag.py:588} INFO - Filling up the DagBag from /home/airflow/.local/lib/python3.12/site-packages/airflow/example_dags/example_inlet_event_extra.py
[2025-11-09T21:00:13.819+0000] {processor.py:925} INFO - DAG(s) 'read_dataset_event_from_classic', 'read_dataset_event' retrieved from /home/airflow/.local/lib/python3.12/site-packages/airflow/example_dags/example_inlet_event_extra.py
[2025-11-09T21:00:13.867+0000] {logging_mixin.py:190} INFO - [2025-11-09T21:00:13.866+0000] {dag.py:3239} INFO - Sync 2 DAGs
[2025-11-09T21:00:13.920+0000] {logging_mixin.py:190} INFO - [2025-11-09T21:00:13.919+0000] {dag.py:4180} INFO - Setting next_dagrun for read_dataset_event to 2025-11-08 00:00:00+00:00, run_after=2025-11-09 00:00:00+00:00
[2025-11-09T21:00:13.930+0000] {logging_mixin.py:190} INFO - [2025-11-09T21:00:13.930+0000] {dag.py:4180} INFO - Setting next_dagrun for read_dataset_event_from_classic to 2025-11-08 00:00:00+00:00, run_after=2025-11-09 00:00:00+00:00
[2025-11-09T21:00:13.963+0000] {processor.py:208} INFO - Processing /home/airflow/.local/lib/python3.12/site-packages/airflow/example_dags/example_inlet_event_extra.py took 1.025 seconds
[2025-11-09T21:00:44.105+0000] {processor.py:186} INFO - Started process (PID=4202) to work on /home/airflow/.local/lib/python3.12/site-packages/airflow/example_dags/example_inlet_event_extra.py
[2025-11-09T21:00:44.107+0000] {processor.py:914} INFO - Processing file /home/airflow/.local/lib/python3.12/site-packages/airflow/example_dags/example_inlet_event_extra.py for tasks to queue
[2025-11-09T21:00:44.112+0000] {logging_mixin.py:190} INFO - [2025-11-09T21:00:44.112+0000] {dagbag.py:588} INFO - Filling up the DagBag from /home/airflow/.local/lib/python3.12/site-packages/airflow/example_dags/example_inlet_event_extra.py
[2025-11-09T21:00:44.891+0000] {processor.py:925} INFO - DAG(s) 'read_dataset_event', 'read_dataset_event_from_classic' retrieved from /home/airflow/.local/lib/python3.12/site-packages/airflow/example_dags/example_inlet_event_extra.py
[2025-11-09T21:00:44.931+0000] {logging_mixin.py:190} INFO - [2025-11-09T21:00:44.930+0000] {dag.py:3239} INFO - Sync 2 DAGs
[2025-11-09T21:00:44.981+0000] {logging_mixin.py:190} INFO - [2025-11-09T21:00:44.981+0000] {dag.py:4180} INFO - Setting next_dagrun for read_dataset_event to 2025-11-08 00:00:00+00:00, run_after=2025-11-09 00:00:00+00:00
[2025-11-09T21:00:44.991+0000] {logging_mixin.py:190} INFO - [2025-11-09T21:00:44.991+0000] {dag.py:4180} INFO - Setting next_dagrun for read_dataset_event_from_classic to 2025-11-08 00:00:00+00:00, run_after=2025-11-09 00:00:00+00:00
[2025-11-09T21:00:45.022+0000] {processor.py:208} INFO - Processing /home/airflow/.local/lib/python3.12/site-packages/airflow/example_dags/example_inlet_event_extra.py took 0.931 seconds
[2025-11-09T21:01:15.503+0000] {processor.py:186} INFO - Started process (PID=4270) to work on /home/airflow/.local/lib/python3.12/site-packages/airflow/example_dags/example_inlet_event_extra.py
[2025-11-09T21:01:15.506+0000] {processor.py:914} INFO - Processing file /home/airflow/.local/lib/python3.12/site-packages/airflow/example_dags/example_inlet_event_extra.py for tasks to queue
[2025-11-09T21:01:15.512+0000] {logging_mixin.py:190} INFO - [2025-11-09T21:01:15.511+0000] {dagbag.py:588} INFO - Filling up the DagBag from /home/airflow/.local/lib/python3.12/site-packages/airflow/example_dags/example_inlet_event_extra.py
[2025-11-09T21:01:16.488+0000] {processor.py:925} INFO - DAG(s) 'read_dataset_event', 'read_dataset_event_from_classic' retrieved from /home/airflow/.local/lib/python3.12/site-packages/airflow/example_dags/example_inlet_event_extra.py
[2025-11-09T21:01:16.545+0000] {logging_mixin.py:190} INFO - [2025-11-09T21:01:16.544+0000] {dag.py:3239} INFO - Sync 2 DAGs
[2025-11-09T21:01:16.604+0000] {logging_mixin.py:190} INFO - [2025-11-09T21:01:16.603+0000] {dag.py:4180} INFO - Setting next_dagrun for read_dataset_event to 2025-11-08 00:00:00+00:00, run_after=2025-11-09 00:00:00+00:00
[2025-11-09T21:01:16.616+0000] {logging_mixin.py:190} INFO - [2025-11-09T21:01:16.616+0000] {dag.py:4180} INFO - Setting next_dagrun for read_dataset_event_from_classic to 2025-11-08 00:00:00+00:00, run_after=2025-11-09 00:00:00+00:00
[2025-11-09T21:01:16.649+0000] {processor.py:208} INFO - Processing /home/airflow/.local/lib/python3.12/site-packages/airflow/example_dags/example_inlet_event_extra.py took 1.160 seconds
[2025-11-09T21:01:47.474+0000] {processor.py:186} INFO - Started process (PID=4337) to work on /home/airflow/.local/lib/python3.12/site-packages/airflow/example_dags/example_inlet_event_extra.py
[2025-11-09T21:01:47.476+0000] {processor.py:914} INFO - Processing file /home/airflow/.local/lib/python3.12/site-packages/airflow/example_dags/example_inlet_event_extra.py for tasks to queue
[2025-11-09T21:01:47.480+0000] {logging_mixin.py:190} INFO - [2025-11-09T21:01:47.479+0000] {dagbag.py:588} INFO - Filling up the DagBag from /home/airflow/.local/lib/python3.12/site-packages/airflow/example_dags/example_inlet_event_extra.py
[2025-11-09T21:01:48.353+0000] {processor.py:925} INFO - DAG(s) 'read_dataset_event_from_classic', 'read_dataset_event' retrieved from /home/airflow/.local/lib/python3.12/site-packages/airflow/example_dags/example_inlet_event_extra.py
[2025-11-09T21:01:48.401+0000] {logging_mixin.py:190} INFO - [2025-11-09T21:01:48.401+0000] {dag.py:3239} INFO - Sync 2 DAGs
[2025-11-09T21:01:48.793+0000] {logging_mixin.py:190} INFO - [2025-11-09T21:01:48.793+0000] {dag.py:4180} INFO - Setting next_dagrun for read_dataset_event to 2025-11-08 00:00:00+00:00, run_after=2025-11-09 00:00:00+00:00
[2025-11-09T21:01:48.804+0000] {logging_mixin.py:190} INFO - [2025-11-09T21:01:48.804+0000] {dag.py:4180} INFO - Setting next_dagrun for read_dataset_event_from_classic to 2025-11-08 00:00:00+00:00, run_after=2025-11-09 00:00:00+00:00
[2025-11-09T21:01:48.838+0000] {processor.py:208} INFO - Processing /home/airflow/.local/lib/python3.12/site-packages/airflow/example_dags/example_inlet_event_extra.py took 1.374 seconds
[2025-11-09T21:02:19.008+0000] {processor.py:186} INFO - Started process (PID=4403) to work on /home/airflow/.local/lib/python3.12/site-packages/airflow/example_dags/example_inlet_event_extra.py
[2025-11-09T21:02:19.010+0000] {processor.py:914} INFO - Processing file /home/airflow/.local/lib/python3.12/site-packages/airflow/example_dags/example_inlet_event_extra.py for tasks to queue
[2025-11-09T21:02:19.015+0000] {logging_mixin.py:190} INFO - [2025-11-09T21:02:19.014+0000] {dagbag.py:588} INFO - Filling up the DagBag from /home/airflow/.local/lib/python3.12/site-packages/airflow/example_dags/example_inlet_event_extra.py
[2025-11-09T21:02:19.623+0000] {processor.py:925} INFO - DAG(s) 'read_dataset_event_from_classic', 'read_dataset_event' retrieved from /home/airflow/.local/lib/python3.12/site-packages/airflow/example_dags/example_inlet_event_extra.py
[2025-11-09T21:02:19.663+0000] {logging_mixin.py:190} INFO - [2025-11-09T21:02:19.662+0000] {dag.py:3239} INFO - Sync 2 DAGs
[2025-11-09T21:02:19.914+0000] {logging_mixin.py:190} INFO - [2025-11-09T21:02:19.914+0000] {dag.py:4180} INFO - Setting next_dagrun for read_dataset_event to 2025-11-08 00:00:00+00:00, run_after=2025-11-09 00:00:00+00:00
[2025-11-09T21:02:19.922+0000] {logging_mixin.py:190} INFO - [2025-11-09T21:02:19.921+0000] {dag.py:4180} INFO - Setting next_dagrun for read_dataset_event_from_classic to 2025-11-08 00:00:00+00:00, run_after=2025-11-09 00:00:00+00:00
[2025-11-09T21:02:19.947+0000] {processor.py:208} INFO - Processing /home/airflow/.local/lib/python3.12/site-packages/airflow/example_dags/example_inlet_event_extra.py took 0.949 seconds
[2025-11-09T21:02:50.584+0000] {processor.py:186} INFO - Started process (PID=4468) to work on /home/airflow/.local/lib/python3.12/site-packages/airflow/example_dags/example_inlet_event_extra.py
[2025-11-09T21:02:50.586+0000] {processor.py:914} INFO - Processing file /home/airflow/.local/lib/python3.12/site-packages/airflow/example_dags/example_inlet_event_extra.py for tasks to queue
[2025-11-09T21:02:50.591+0000] {logging_mixin.py:190} INFO - [2025-11-09T21:02:50.590+0000] {dagbag.py:588} INFO - Filling up the DagBag from /home/airflow/.local/lib/python3.12/site-packages/airflow/example_dags/example_inlet_event_extra.py
[2025-11-09T21:02:51.303+0000] {processor.py:925} INFO - DAG(s) 'read_dataset_event', 'read_dataset_event_from_classic' retrieved from /home/airflow/.local/lib/python3.12/site-packages/airflow/example_dags/example_inlet_event_extra.py
[2025-11-09T21:02:51.348+0000] {logging_mixin.py:190} INFO - [2025-11-09T21:02:51.347+0000] {dag.py:3239} INFO - Sync 2 DAGs
[2025-11-09T21:02:51.626+0000] {logging_mixin.py:190} INFO - [2025-11-09T21:02:51.626+0000] {dag.py:4180} INFO - Setting next_dagrun for read_dataset_event to 2025-11-08 00:00:00+00:00, run_after=2025-11-09 00:00:00+00:00
[2025-11-09T21:02:51.638+0000] {logging_mixin.py:190} INFO - [2025-11-09T21:02:51.637+0000] {dag.py:4180} INFO - Setting next_dagrun for read_dataset_event_from_classic to 2025-11-08 00:00:00+00:00, run_after=2025-11-09 00:00:00+00:00
[2025-11-09T21:02:51.679+0000] {processor.py:208} INFO - Processing /home/airflow/.local/lib/python3.12/site-packages/airflow/example_dags/example_inlet_event_extra.py took 1.107 seconds
[2025-11-09T21:03:22.285+0000] {processor.py:186} INFO - Started process (PID=4532) to work on /home/airflow/.local/lib/python3.12/site-packages/airflow/example_dags/example_inlet_event_extra.py
[2025-11-09T21:03:22.287+0000] {processor.py:914} INFO - Processing file /home/airflow/.local/lib/python3.12/site-packages/airflow/example_dags/example_inlet_event_extra.py for tasks to queue
[2025-11-09T21:03:22.293+0000] {logging_mixin.py:190} INFO - [2025-11-09T21:03:22.292+0000] {dagbag.py:588} INFO - Filling up the DagBag from /home/airflow/.local/lib/python3.12/site-packages/airflow/example_dags/example_inlet_event_extra.py
[2025-11-09T21:03:23.148+0000] {processor.py:925} INFO - DAG(s) 'read_dataset_event', 'read_dataset_event_from_classic' retrieved from /home/airflow/.local/lib/python3.12/site-packages/airflow/example_dags/example_inlet_event_extra.py
[2025-11-09T21:03:23.193+0000] {logging_mixin.py:190} INFO - [2025-11-09T21:03:23.193+0000] {dag.py:3239} INFO - Sync 2 DAGs
[2025-11-09T21:03:23.496+0000] {logging_mixin.py:190} INFO - [2025-11-09T21:03:23.496+0000] {dag.py:4180} INFO - Setting next_dagrun for read_dataset_event to 2025-11-08 00:00:00+00:00, run_after=2025-11-09 00:00:00+00:00
[2025-11-09T21:03:23.507+0000] {logging_mixin.py:190} INFO - [2025-11-09T21:03:23.506+0000] {dag.py:4180} INFO - Setting next_dagrun for read_dataset_event_from_classic to 2025-11-08 00:00:00+00:00, run_after=2025-11-09 00:00:00+00:00
[2025-11-09T21:03:23.539+0000] {processor.py:208} INFO - Processing /home/airflow/.local/lib/python3.12/site-packages/airflow/example_dags/example_inlet_event_extra.py took 1.268 seconds
[2025-11-09T21:03:53.819+0000] {processor.py:186} INFO - Started process (PID=4597) to work on /home/airflow/.local/lib/python3.12/site-packages/airflow/example_dags/example_inlet_event_extra.py
[2025-11-09T21:03:53.821+0000] {processor.py:914} INFO - Processing file /home/airflow/.local/lib/python3.12/site-packages/airflow/example_dags/example_inlet_event_extra.py for tasks to queue
[2025-11-09T21:03:53.826+0000] {logging_mixin.py:190} INFO - [2025-11-09T21:03:53.825+0000] {dagbag.py:588} INFO - Filling up the DagBag from /home/airflow/.local/lib/python3.12/site-packages/airflow/example_dags/example_inlet_event_extra.py
[2025-11-09T21:03:54.518+0000] {processor.py:925} INFO - DAG(s) 'read_dataset_event_from_classic', 'read_dataset_event' retrieved from /home/airflow/.local/lib/python3.12/site-packages/airflow/example_dags/example_inlet_event_extra.py
[2025-11-09T21:03:54.555+0000] {logging_mixin.py:190} INFO - [2025-11-09T21:03:54.555+0000] {dag.py:3239} INFO - Sync 2 DAGs
[2025-11-09T21:03:54.821+0000] {logging_mixin.py:190} INFO - [2025-11-09T21:03:54.820+0000] {dag.py:4180} INFO - Setting next_dagrun for read_dataset_event to 2025-11-08 00:00:00+00:00, run_after=2025-11-09 00:00:00+00:00
[2025-11-09T21:03:54.829+0000] {logging_mixin.py:190} INFO - [2025-11-09T21:03:54.828+0000] {dag.py:4180} INFO - Setting next_dagrun for read_dataset_event_from_classic to 2025-11-08 00:00:00+00:00, run_after=2025-11-09 00:00:00+00:00
[2025-11-09T21:03:54.858+0000] {processor.py:208} INFO - Processing /home/airflow/.local/lib/python3.12/site-packages/airflow/example_dags/example_inlet_event_extra.py took 1.052 seconds
[2025-11-09T21:04:25.296+0000] {processor.py:186} INFO - Started process (PID=4662) to work on /home/airflow/.local/lib/python3.12/site-packages/airflow/example_dags/example_inlet_event_extra.py
[2025-11-09T21:04:25.298+0000] {processor.py:914} INFO - Processing file /home/airflow/.local/lib/python3.12/site-packages/airflow/example_dags/example_inlet_event_extra.py for tasks to queue
[2025-11-09T21:04:25.303+0000] {logging_mixin.py:190} INFO - [2025-11-09T21:04:25.303+0000] {dagbag.py:588} INFO - Filling up the DagBag from /home/airflow/.local/lib/python3.12/site-packages/airflow/example_dags/example_inlet_event_extra.py
[2025-11-09T21:04:25.935+0000] {processor.py:925} INFO - DAG(s) 'read_dataset_event', 'read_dataset_event_from_classic' retrieved from /home/airflow/.local/lib/python3.12/site-packages/airflow/example_dags/example_inlet_event_extra.py
[2025-11-09T21:04:25.970+0000] {logging_mixin.py:190} INFO - [2025-11-09T21:04:25.969+0000] {dag.py:3239} INFO - Sync 2 DAGs
[2025-11-09T21:04:26.232+0000] {logging_mixin.py:190} INFO - [2025-11-09T21:04:26.232+0000] {dag.py:4180} INFO - Setting next_dagrun for read_dataset_event to 2025-11-08 00:00:00+00:00, run_after=2025-11-09 00:00:00+00:00
[2025-11-09T21:04:26.240+0000] {logging_mixin.py:190} INFO - [2025-11-09T21:04:26.240+0000] {dag.py:4180} INFO - Setting next_dagrun for read_dataset_event_from_classic to 2025-11-08 00:00:00+00:00, run_after=2025-11-09 00:00:00+00:00
[2025-11-09T21:04:26.274+0000] {processor.py:208} INFO - Processing /home/airflow/.local/lib/python3.12/site-packages/airflow/example_dags/example_inlet_event_extra.py took 0.992 seconds
[2025-11-09T21:04:56.548+0000] {processor.py:186} INFO - Started process (PID=4727) to work on /home/airflow/.local/lib/python3.12/site-packages/airflow/example_dags/example_inlet_event_extra.py
[2025-11-09T21:04:56.550+0000] {processor.py:914} INFO - Processing file /home/airflow/.local/lib/python3.12/site-packages/airflow/example_dags/example_inlet_event_extra.py for tasks to queue
[2025-11-09T21:04:56.557+0000] {logging_mixin.py:190} INFO - [2025-11-09T21:04:56.556+0000] {dagbag.py:588} INFO - Filling up the DagBag from /home/airflow/.local/lib/python3.12/site-packages/airflow/example_dags/example_inlet_event_extra.py
[2025-11-09T21:04:57.744+0000] {processor.py:925} INFO - DAG(s) 'read_dataset_event', 'read_dataset_event_from_classic' retrieved from /home/airflow/.local/lib/python3.12/site-packages/airflow/example_dags/example_inlet_event_extra.py
[2025-11-09T21:04:57.828+0000] {logging_mixin.py:190} INFO - [2025-11-09T21:04:57.828+0000] {dag.py:3239} INFO - Sync 2 DAGs
[2025-11-09T21:04:58.273+0000] {logging_mixin.py:190} INFO - [2025-11-09T21:04:58.272+0000] {dag.py:4180} INFO - Setting next_dagrun for read_dataset_event to 2025-11-08 00:00:00+00:00, run_after=2025-11-09 00:00:00+00:00
[2025-11-09T21:04:58.294+0000] {logging_mixin.py:190} INFO - [2025-11-09T21:04:58.294+0000] {dag.py:4180} INFO - Setting next_dagrun for read_dataset_event_from_classic to 2025-11-08 00:00:00+00:00, run_after=2025-11-09 00:00:00+00:00
[2025-11-09T21:04:58.341+0000] {processor.py:208} INFO - Processing /home/airflow/.local/lib/python3.12/site-packages/airflow/example_dags/example_inlet_event_extra.py took 1.804 seconds
[2025-11-09T21:08:09.415+0000] {processor.py:186} INFO - Started process (PID=102) to work on /home/airflow/.local/lib/python3.12/site-packages/airflow/example_dags/example_inlet_event_extra.py
[2025-11-09T21:08:09.419+0000] {processor.py:914} INFO - Processing file /home/airflow/.local/lib/python3.12/site-packages/airflow/example_dags/example_inlet_event_extra.py for tasks to queue
[2025-11-09T21:08:09.429+0000] {logging_mixin.py:190} INFO - [2025-11-09T21:08:09.428+0000] {dagbag.py:588} INFO - Filling up the DagBag from /home/airflow/.local/lib/python3.12/site-packages/airflow/example_dags/example_inlet_event_extra.py
[2025-11-09T21:08:13.937+0000] {processor.py:925} INFO - DAG(s) 'read_dataset_event_from_classic', 'read_dataset_event' retrieved from /home/airflow/.local/lib/python3.12/site-packages/airflow/example_dags/example_inlet_event_extra.py
[2025-11-09T21:08:13.988+0000] {logging_mixin.py:190} INFO - [2025-11-09T21:08:13.987+0000] {dag.py:3239} INFO - Sync 2 DAGs
[2025-11-09T21:08:14.049+0000] {logging_mixin.py:190} INFO - [2025-11-09T21:08:14.048+0000] {dag.py:4180} INFO - Setting next_dagrun for read_dataset_event to 2025-11-08 00:00:00+00:00, run_after=2025-11-09 00:00:00+00:00
[2025-11-09T21:08:14.059+0000] {logging_mixin.py:190} INFO - [2025-11-09T21:08:14.059+0000] {dag.py:4180} INFO - Setting next_dagrun for read_dataset_event_from_classic to 2025-11-08 00:00:00+00:00, run_after=2025-11-09 00:00:00+00:00
[2025-11-09T21:08:14.100+0000] {processor.py:208} INFO - Processing /home/airflow/.local/lib/python3.12/site-packages/airflow/example_dags/example_inlet_event_extra.py took 4.706 seconds
[2025-11-09T21:08:44.540+0000] {processor.py:186} INFO - Started process (PID=175) to work on /home/airflow/.local/lib/python3.12/site-packages/airflow/example_dags/example_inlet_event_extra.py
[2025-11-09T21:08:44.579+0000] {processor.py:914} INFO - Processing file /home/airflow/.local/lib/python3.12/site-packages/airflow/example_dags/example_inlet_event_extra.py for tasks to queue
[2025-11-09T21:08:44.594+0000] {logging_mixin.py:190} INFO - [2025-11-09T21:08:44.593+0000] {dagbag.py:588} INFO - Filling up the DagBag from /home/airflow/.local/lib/python3.12/site-packages/airflow/example_dags/example_inlet_event_extra.py
[2025-11-09T21:08:45.899+0000] {processor.py:925} INFO - DAG(s) 'read_dataset_event_from_classic', 'read_dataset_event' retrieved from /home/airflow/.local/lib/python3.12/site-packages/airflow/example_dags/example_inlet_event_extra.py
[2025-11-09T21:08:45.944+0000] {logging_mixin.py:190} INFO - [2025-11-09T21:08:45.943+0000] {dag.py:3239} INFO - Sync 2 DAGs
[2025-11-09T21:08:45.996+0000] {logging_mixin.py:190} INFO - [2025-11-09T21:08:45.995+0000] {dag.py:4180} INFO - Setting next_dagrun for read_dataset_event to 2025-11-08 00:00:00+00:00, run_after=2025-11-09 00:00:00+00:00
[2025-11-09T21:08:46.007+0000] {logging_mixin.py:190} INFO - [2025-11-09T21:08:46.007+0000] {dag.py:4180} INFO - Setting next_dagrun for read_dataset_event_from_classic to 2025-11-08 00:00:00+00:00, run_after=2025-11-09 00:00:00+00:00
[2025-11-09T21:08:46.040+0000] {processor.py:208} INFO - Processing /home/airflow/.local/lib/python3.12/site-packages/airflow/example_dags/example_inlet_event_extra.py took 1.536 seconds
[2025-11-09T21:09:16.470+0000] {processor.py:186} INFO - Started process (PID=246) to work on /home/airflow/.local/lib/python3.12/site-packages/airflow/example_dags/example_inlet_event_extra.py
[2025-11-09T21:09:16.473+0000] {processor.py:914} INFO - Processing file /home/airflow/.local/lib/python3.12/site-packages/airflow/example_dags/example_inlet_event_extra.py for tasks to queue
[2025-11-09T21:09:16.478+0000] {logging_mixin.py:190} INFO - [2025-11-09T21:09:16.477+0000] {dagbag.py:588} INFO - Filling up the DagBag from /home/airflow/.local/lib/python3.12/site-packages/airflow/example_dags/example_inlet_event_extra.py
[2025-11-09T21:09:17.773+0000] {processor.py:925} INFO - DAG(s) 'read_dataset_event', 'read_dataset_event_from_classic' retrieved from /home/airflow/.local/lib/python3.12/site-packages/airflow/example_dags/example_inlet_event_extra.py
[2025-11-09T21:09:17.821+0000] {logging_mixin.py:190} INFO - [2025-11-09T21:09:17.821+0000] {dag.py:3239} INFO - Sync 2 DAGs
[2025-11-09T21:09:17.883+0000] {logging_mixin.py:190} INFO - [2025-11-09T21:09:17.883+0000] {dag.py:4180} INFO - Setting next_dagrun for read_dataset_event to 2025-11-08 00:00:00+00:00, run_after=2025-11-09 00:00:00+00:00
[2025-11-09T21:09:17.895+0000] {logging_mixin.py:190} INFO - [2025-11-09T21:09:17.894+0000] {dag.py:4180} INFO - Setting next_dagrun for read_dataset_event_from_classic to 2025-11-08 00:00:00+00:00, run_after=2025-11-09 00:00:00+00:00
[2025-11-09T21:09:17.929+0000] {processor.py:208} INFO - Processing /home/airflow/.local/lib/python3.12/site-packages/airflow/example_dags/example_inlet_event_extra.py took 1.471 seconds
[2025-11-09T21:09:48.855+0000] {processor.py:186} INFO - Started process (PID=314) to work on /home/airflow/.local/lib/python3.12/site-packages/airflow/example_dags/example_inlet_event_extra.py
[2025-11-09T21:09:48.858+0000] {processor.py:914} INFO - Processing file /home/airflow/.local/lib/python3.12/site-packages/airflow/example_dags/example_inlet_event_extra.py for tasks to queue
[2025-11-09T21:09:48.866+0000] {logging_mixin.py:190} INFO - [2025-11-09T21:09:48.865+0000] {dagbag.py:588} INFO - Filling up the DagBag from /home/airflow/.local/lib/python3.12/site-packages/airflow/example_dags/example_inlet_event_extra.py
[2025-11-09T21:09:51.840+0000] {processor.py:925} INFO - DAG(s) 'read_dataset_event', 'read_dataset_event_from_classic' retrieved from /home/airflow/.local/lib/python3.12/site-packages/airflow/example_dags/example_inlet_event_extra.py
[2025-11-09T21:09:51.942+0000] {logging_mixin.py:190} INFO - [2025-11-09T21:09:51.941+0000] {dag.py:3239} INFO - Sync 2 DAGs
[2025-11-09T21:09:52.067+0000] {logging_mixin.py:190} INFO - [2025-11-09T21:09:52.066+0000] {dag.py:4180} INFO - Setting next_dagrun for read_dataset_event to 2025-11-08 00:00:00+00:00, run_after=2025-11-09 00:00:00+00:00
[2025-11-09T21:09:52.093+0000] {logging_mixin.py:190} INFO - [2025-11-09T21:09:52.091+0000] {dag.py:4180} INFO - Setting next_dagrun for read_dataset_event_from_classic to 2025-11-08 00:00:00+00:00, run_after=2025-11-09 00:00:00+00:00
[2025-11-09T21:09:52.160+0000] {processor.py:208} INFO - Processing /home/airflow/.local/lib/python3.12/site-packages/airflow/example_dags/example_inlet_event_extra.py took 3.322 seconds
[2025-11-09T21:10:22.533+0000] {processor.py:186} INFO - Started process (PID=384) to work on /home/airflow/.local/lib/python3.12/site-packages/airflow/example_dags/example_inlet_event_extra.py
[2025-11-09T21:10:22.536+0000] {processor.py:914} INFO - Processing file /home/airflow/.local/lib/python3.12/site-packages/airflow/example_dags/example_inlet_event_extra.py for tasks to queue
[2025-11-09T21:10:22.543+0000] {logging_mixin.py:190} INFO - [2025-11-09T21:10:22.542+0000] {dagbag.py:588} INFO - Filling up the DagBag from /home/airflow/.local/lib/python3.12/site-packages/airflow/example_dags/example_inlet_event_extra.py
[2025-11-09T21:10:24.868+0000] {processor.py:925} INFO - DAG(s) 'read_dataset_event', 'read_dataset_event_from_classic' retrieved from /home/airflow/.local/lib/python3.12/site-packages/airflow/example_dags/example_inlet_event_extra.py
[2025-11-09T21:10:24.969+0000] {logging_mixin.py:190} INFO - [2025-11-09T21:10:24.968+0000] {dag.py:3239} INFO - Sync 2 DAGs
[2025-11-09T21:10:25.101+0000] {logging_mixin.py:190} INFO - [2025-11-09T21:10:25.100+0000] {dag.py:4180} INFO - Setting next_dagrun for read_dataset_event to 2025-11-08 00:00:00+00:00, run_after=2025-11-09 00:00:00+00:00
[2025-11-09T21:10:25.132+0000] {logging_mixin.py:190} INFO - [2025-11-09T21:10:25.131+0000] {dag.py:4180} INFO - Setting next_dagrun for read_dataset_event_from_classic to 2025-11-08 00:00:00+00:00, run_after=2025-11-09 00:00:00+00:00
[2025-11-09T21:10:25.218+0000] {processor.py:208} INFO - Processing /home/airflow/.local/lib/python3.12/site-packages/airflow/example_dags/example_inlet_event_extra.py took 2.697 seconds
[2025-11-09T21:10:55.903+0000] {processor.py:186} INFO - Started process (PID=450) to work on /home/airflow/.local/lib/python3.12/site-packages/airflow/example_dags/example_inlet_event_extra.py
[2025-11-09T21:10:55.905+0000] {processor.py:914} INFO - Processing file /home/airflow/.local/lib/python3.12/site-packages/airflow/example_dags/example_inlet_event_extra.py for tasks to queue
[2025-11-09T21:10:55.909+0000] {logging_mixin.py:190} INFO - [2025-11-09T21:10:55.908+0000] {dagbag.py:588} INFO - Filling up the DagBag from /home/airflow/.local/lib/python3.12/site-packages/airflow/example_dags/example_inlet_event_extra.py
[2025-11-09T21:10:56.811+0000] {processor.py:925} INFO - DAG(s) 'read_dataset_event_from_classic', 'read_dataset_event' retrieved from /home/airflow/.local/lib/python3.12/site-packages/airflow/example_dags/example_inlet_event_extra.py
[2025-11-09T21:10:56.845+0000] {logging_mixin.py:190} INFO - [2025-11-09T21:10:56.845+0000] {dag.py:3239} INFO - Sync 2 DAGs
[2025-11-09T21:10:56.882+0000] {logging_mixin.py:190} INFO - [2025-11-09T21:10:56.882+0000] {dag.py:4180} INFO - Setting next_dagrun for read_dataset_event to 2025-11-08 00:00:00+00:00, run_after=2025-11-09 00:00:00+00:00
[2025-11-09T21:10:56.890+0000] {logging_mixin.py:190} INFO - [2025-11-09T21:10:56.890+0000] {dag.py:4180} INFO - Setting next_dagrun for read_dataset_event_from_classic to 2025-11-08 00:00:00+00:00, run_after=2025-11-09 00:00:00+00:00
[2025-11-09T21:10:56.922+0000] {processor.py:208} INFO - Processing /home/airflow/.local/lib/python3.12/site-packages/airflow/example_dags/example_inlet_event_extra.py took 1.031 seconds
[2025-11-09T21:11:27.659+0000] {processor.py:186} INFO - Started process (PID=516) to work on /home/airflow/.local/lib/python3.12/site-packages/airflow/example_dags/example_inlet_event_extra.py
[2025-11-09T21:11:27.661+0000] {processor.py:914} INFO - Processing file /home/airflow/.local/lib/python3.12/site-packages/airflow/example_dags/example_inlet_event_extra.py for tasks to queue
[2025-11-09T21:11:27.667+0000] {logging_mixin.py:190} INFO - [2025-11-09T21:11:27.666+0000] {dagbag.py:588} INFO - Filling up the DagBag from /home/airflow/.local/lib/python3.12/site-packages/airflow/example_dags/example_inlet_event_extra.py
[2025-11-09T21:11:28.758+0000] {processor.py:925} INFO - DAG(s) 'read_dataset_event_from_classic', 'read_dataset_event' retrieved from /home/airflow/.local/lib/python3.12/site-packages/airflow/example_dags/example_inlet_event_extra.py
[2025-11-09T21:11:28.839+0000] {logging_mixin.py:190} INFO - [2025-11-09T21:11:28.839+0000] {dag.py:3239} INFO - Sync 2 DAGs
[2025-11-09T21:11:28.920+0000] {logging_mixin.py:190} INFO - [2025-11-09T21:11:28.919+0000] {dag.py:4180} INFO - Setting next_dagrun for read_dataset_event to 2025-11-08 00:00:00+00:00, run_after=2025-11-09 00:00:00+00:00
[2025-11-09T21:11:28.935+0000] {logging_mixin.py:190} INFO - [2025-11-09T21:11:28.935+0000] {dag.py:4180} INFO - Setting next_dagrun for read_dataset_event_from_classic to 2025-11-08 00:00:00+00:00, run_after=2025-11-09 00:00:00+00:00
[2025-11-09T21:11:28.980+0000] {processor.py:208} INFO - Processing /home/airflow/.local/lib/python3.12/site-packages/airflow/example_dags/example_inlet_event_extra.py took 1.330 seconds
[2025-11-09T21:11:59.279+0000] {processor.py:186} INFO - Started process (PID=581) to work on /home/airflow/.local/lib/python3.12/site-packages/airflow/example_dags/example_inlet_event_extra.py
[2025-11-09T21:11:59.281+0000] {processor.py:914} INFO - Processing file /home/airflow/.local/lib/python3.12/site-packages/airflow/example_dags/example_inlet_event_extra.py for tasks to queue
[2025-11-09T21:11:59.287+0000] {logging_mixin.py:190} INFO - [2025-11-09T21:11:59.286+0000] {dagbag.py:588} INFO - Filling up the DagBag from /home/airflow/.local/lib/python3.12/site-packages/airflow/example_dags/example_inlet_event_extra.py
[2025-11-09T21:12:00.400+0000] {processor.py:925} INFO - DAG(s) 'read_dataset_event', 'read_dataset_event_from_classic' retrieved from /home/airflow/.local/lib/python3.12/site-packages/airflow/example_dags/example_inlet_event_extra.py
[2025-11-09T21:12:00.441+0000] {logging_mixin.py:190} INFO - [2025-11-09T21:12:00.440+0000] {dag.py:3239} INFO - Sync 2 DAGs
[2025-11-09T21:12:00.487+0000] {logging_mixin.py:190} INFO - [2025-11-09T21:12:00.487+0000] {dag.py:4180} INFO - Setting next_dagrun for read_dataset_event to 2025-11-08 00:00:00+00:00, run_after=2025-11-09 00:00:00+00:00
[2025-11-09T21:12:00.497+0000] {logging_mixin.py:190} INFO - [2025-11-09T21:12:00.497+0000] {dag.py:4180} INFO - Setting next_dagrun for read_dataset_event_from_classic to 2025-11-08 00:00:00+00:00, run_after=2025-11-09 00:00:00+00:00
[2025-11-09T21:12:00.525+0000] {processor.py:208} INFO - Processing /home/airflow/.local/lib/python3.12/site-packages/airflow/example_dags/example_inlet_event_extra.py took 1.257 seconds
[2025-11-09T21:12:31.071+0000] {processor.py:186} INFO - Started process (PID=646) to work on /home/airflow/.local/lib/python3.12/site-packages/airflow/example_dags/example_inlet_event_extra.py
[2025-11-09T21:12:31.075+0000] {processor.py:914} INFO - Processing file /home/airflow/.local/lib/python3.12/site-packages/airflow/example_dags/example_inlet_event_extra.py for tasks to queue
[2025-11-09T21:12:31.086+0000] {logging_mixin.py:190} INFO - [2025-11-09T21:12:31.085+0000] {dagbag.py:588} INFO - Filling up the DagBag from /home/airflow/.local/lib/python3.12/site-packages/airflow/example_dags/example_inlet_event_extra.py
[2025-11-09T21:12:33.639+0000] {processor.py:925} INFO - DAG(s) 'read_dataset_event', 'read_dataset_event_from_classic' retrieved from /home/airflow/.local/lib/python3.12/site-packages/airflow/example_dags/example_inlet_event_extra.py
[2025-11-09T21:12:33.696+0000] {logging_mixin.py:190} INFO - [2025-11-09T21:12:33.695+0000] {dag.py:3239} INFO - Sync 2 DAGs
[2025-11-09T21:12:33.768+0000] {logging_mixin.py:190} INFO - [2025-11-09T21:12:33.767+0000] {dag.py:4180} INFO - Setting next_dagrun for read_dataset_event to 2025-11-08 00:00:00+00:00, run_after=2025-11-09 00:00:00+00:00
[2025-11-09T21:12:33.783+0000] {logging_mixin.py:190} INFO - [2025-11-09T21:12:33.782+0000] {dag.py:4180} INFO - Setting next_dagrun for read_dataset_event_from_classic to 2025-11-08 00:00:00+00:00, run_after=2025-11-09 00:00:00+00:00
[2025-11-09T21:12:33.830+0000] {processor.py:208} INFO - Processing /home/airflow/.local/lib/python3.12/site-packages/airflow/example_dags/example_inlet_event_extra.py took 2.788 seconds
[2025-11-09T21:13:04.195+0000] {processor.py:186} INFO - Started process (PID=710) to work on /home/airflow/.local/lib/python3.12/site-packages/airflow/example_dags/example_inlet_event_extra.py
[2025-11-09T21:13:04.201+0000] {processor.py:914} INFO - Processing file /home/airflow/.local/lib/python3.12/site-packages/airflow/example_dags/example_inlet_event_extra.py for tasks to queue
[2025-11-09T21:13:04.214+0000] {logging_mixin.py:190} INFO - [2025-11-09T21:13:04.213+0000] {dagbag.py:588} INFO - Filling up the DagBag from /home/airflow/.local/lib/python3.12/site-packages/airflow/example_dags/example_inlet_event_extra.py
[2025-11-09T21:13:06.664+0000] {processor.py:925} INFO - DAG(s) 'read_dataset_event_from_classic', 'read_dataset_event' retrieved from /home/airflow/.local/lib/python3.12/site-packages/airflow/example_dags/example_inlet_event_extra.py
[2025-11-09T21:13:06.719+0000] {logging_mixin.py:190} INFO - [2025-11-09T21:13:06.718+0000] {dag.py:3239} INFO - Sync 2 DAGs
[2025-11-09T21:13:06.799+0000] {logging_mixin.py:190} INFO - [2025-11-09T21:13:06.798+0000] {dag.py:4180} INFO - Setting next_dagrun for read_dataset_event to 2025-11-08 00:00:00+00:00, run_after=2025-11-09 00:00:00+00:00
[2025-11-09T21:13:06.827+0000] {logging_mixin.py:190} INFO - [2025-11-09T21:13:06.827+0000] {dag.py:4180} INFO - Setting next_dagrun for read_dataset_event_from_classic to 2025-11-08 00:00:00+00:00, run_after=2025-11-09 00:00:00+00:00
[2025-11-09T21:13:06.932+0000] {processor.py:208} INFO - Processing /home/airflow/.local/lib/python3.12/site-packages/airflow/example_dags/example_inlet_event_extra.py took 2.766 seconds
[2025-11-09T21:13:37.693+0000] {processor.py:186} INFO - Started process (PID=775) to work on /home/airflow/.local/lib/python3.12/site-packages/airflow/example_dags/example_inlet_event_extra.py
[2025-11-09T21:13:37.696+0000] {processor.py:914} INFO - Processing file /home/airflow/.local/lib/python3.12/site-packages/airflow/example_dags/example_inlet_event_extra.py for tasks to queue
[2025-11-09T21:13:37.704+0000] {logging_mixin.py:190} INFO - [2025-11-09T21:13:37.703+0000] {dagbag.py:588} INFO - Filling up the DagBag from /home/airflow/.local/lib/python3.12/site-packages/airflow/example_dags/example_inlet_event_extra.py
[2025-11-09T21:13:39.565+0000] {processor.py:925} INFO - DAG(s) 'read_dataset_event', 'read_dataset_event_from_classic' retrieved from /home/airflow/.local/lib/python3.12/site-packages/airflow/example_dags/example_inlet_event_extra.py
[2025-11-09T21:13:39.617+0000] {logging_mixin.py:190} INFO - [2025-11-09T21:13:39.617+0000] {dag.py:3239} INFO - Sync 2 DAGs
[2025-11-09T21:13:39.686+0000] {logging_mixin.py:190} INFO - [2025-11-09T21:13:39.685+0000] {dag.py:4180} INFO - Setting next_dagrun for read_dataset_event to 2025-11-08 00:00:00+00:00, run_after=2025-11-09 00:00:00+00:00
[2025-11-09T21:13:39.701+0000] {logging_mixin.py:190} INFO - [2025-11-09T21:13:39.701+0000] {dag.py:4180} INFO - Setting next_dagrun for read_dataset_event_from_classic to 2025-11-08 00:00:00+00:00, run_after=2025-11-09 00:00:00+00:00
[2025-11-09T21:13:39.744+0000] {processor.py:208} INFO - Processing /home/airflow/.local/lib/python3.12/site-packages/airflow/example_dags/example_inlet_event_extra.py took 2.068 seconds
[2025-11-09T21:14:09.933+0000] {processor.py:186} INFO - Started process (PID=841) to work on /home/airflow/.local/lib/python3.12/site-packages/airflow/example_dags/example_inlet_event_extra.py
[2025-11-09T21:14:09.935+0000] {processor.py:914} INFO - Processing file /home/airflow/.local/lib/python3.12/site-packages/airflow/example_dags/example_inlet_event_extra.py for tasks to queue
[2025-11-09T21:14:09.941+0000] {logging_mixin.py:190} INFO - [2025-11-09T21:14:09.941+0000] {dagbag.py:588} INFO - Filling up the DagBag from /home/airflow/.local/lib/python3.12/site-packages/airflow/example_dags/example_inlet_event_extra.py
[2025-11-09T21:14:11.280+0000] {processor.py:925} INFO - DAG(s) 'read_dataset_event_from_classic', 'read_dataset_event' retrieved from /home/airflow/.local/lib/python3.12/site-packages/airflow/example_dags/example_inlet_event_extra.py
[2025-11-09T21:14:11.325+0000] {logging_mixin.py:190} INFO - [2025-11-09T21:14:11.324+0000] {dag.py:3239} INFO - Sync 2 DAGs
[2025-11-09T21:14:11.383+0000] {logging_mixin.py:190} INFO - [2025-11-09T21:14:11.382+0000] {dag.py:4180} INFO - Setting next_dagrun for read_dataset_event to 2025-11-08 00:00:00+00:00, run_after=2025-11-09 00:00:00+00:00
[2025-11-09T21:14:11.397+0000] {logging_mixin.py:190} INFO - [2025-11-09T21:14:11.396+0000] {dag.py:4180} INFO - Setting next_dagrun for read_dataset_event_from_classic to 2025-11-08 00:00:00+00:00, run_after=2025-11-09 00:00:00+00:00
[2025-11-09T21:14:11.439+0000] {processor.py:208} INFO - Processing /home/airflow/.local/lib/python3.12/site-packages/airflow/example_dags/example_inlet_event_extra.py took 1.519 seconds
[2025-11-09T21:14:41.629+0000] {processor.py:186} INFO - Started process (PID=905) to work on /home/airflow/.local/lib/python3.12/site-packages/airflow/example_dags/example_inlet_event_extra.py
[2025-11-09T21:14:41.631+0000] {processor.py:914} INFO - Processing file /home/airflow/.local/lib/python3.12/site-packages/airflow/example_dags/example_inlet_event_extra.py for tasks to queue
[2025-11-09T21:14:41.636+0000] {logging_mixin.py:190} INFO - [2025-11-09T21:14:41.635+0000] {dagbag.py:588} INFO - Filling up the DagBag from /home/airflow/.local/lib/python3.12/site-packages/airflow/example_dags/example_inlet_event_extra.py
[2025-11-09T21:14:42.806+0000] {processor.py:925} INFO - DAG(s) 'read_dataset_event', 'read_dataset_event_from_classic' retrieved from /home/airflow/.local/lib/python3.12/site-packages/airflow/example_dags/example_inlet_event_extra.py
[2025-11-09T21:14:42.843+0000] {logging_mixin.py:190} INFO - [2025-11-09T21:14:42.843+0000] {dag.py:3239} INFO - Sync 2 DAGs
[2025-11-09T21:14:42.888+0000] {logging_mixin.py:190} INFO - [2025-11-09T21:14:42.888+0000] {dag.py:4180} INFO - Setting next_dagrun for read_dataset_event to 2025-11-08 00:00:00+00:00, run_after=2025-11-09 00:00:00+00:00
[2025-11-09T21:14:42.898+0000] {logging_mixin.py:190} INFO - [2025-11-09T21:14:42.898+0000] {dag.py:4180} INFO - Setting next_dagrun for read_dataset_event_from_classic to 2025-11-08 00:00:00+00:00, run_after=2025-11-09 00:00:00+00:00
[2025-11-09T21:14:42.929+0000] {processor.py:208} INFO - Processing /home/airflow/.local/lib/python3.12/site-packages/airflow/example_dags/example_inlet_event_extra.py took 1.311 seconds
[2025-11-09T21:15:13.256+0000] {processor.py:186} INFO - Started process (PID=971) to work on /home/airflow/.local/lib/python3.12/site-packages/airflow/example_dags/example_inlet_event_extra.py
[2025-11-09T21:15:13.259+0000] {processor.py:914} INFO - Processing file /home/airflow/.local/lib/python3.12/site-packages/airflow/example_dags/example_inlet_event_extra.py for tasks to queue
[2025-11-09T21:15:13.266+0000] {logging_mixin.py:190} INFO - [2025-11-09T21:15:13.265+0000] {dagbag.py:588} INFO - Filling up the DagBag from /home/airflow/.local/lib/python3.12/site-packages/airflow/example_dags/example_inlet_event_extra.py
[2025-11-09T21:15:14.243+0000] {processor.py:925} INFO - DAG(s) 'read_dataset_event', 'read_dataset_event_from_classic' retrieved from /home/airflow/.local/lib/python3.12/site-packages/airflow/example_dags/example_inlet_event_extra.py
[2025-11-09T21:15:14.276+0000] {logging_mixin.py:190} INFO - [2025-11-09T21:15:14.276+0000] {dag.py:3239} INFO - Sync 2 DAGs
[2025-11-09T21:15:14.313+0000] {logging_mixin.py:190} INFO - [2025-11-09T21:15:14.313+0000] {dag.py:4180} INFO - Setting next_dagrun for read_dataset_event to 2025-11-08 00:00:00+00:00, run_after=2025-11-09 00:00:00+00:00
[2025-11-09T21:15:14.320+0000] {logging_mixin.py:190} INFO - [2025-11-09T21:15:14.320+0000] {dag.py:4180} INFO - Setting next_dagrun for read_dataset_event_from_classic to 2025-11-08 00:00:00+00:00, run_after=2025-11-09 00:00:00+00:00
[2025-11-09T21:15:14.355+0000] {processor.py:208} INFO - Processing /home/airflow/.local/lib/python3.12/site-packages/airflow/example_dags/example_inlet_event_extra.py took 1.118 seconds
[2025-11-09T21:15:44.901+0000] {processor.py:186} INFO - Started process (PID=1036) to work on /home/airflow/.local/lib/python3.12/site-packages/airflow/example_dags/example_inlet_event_extra.py
[2025-11-09T21:15:44.903+0000] {processor.py:914} INFO - Processing file /home/airflow/.local/lib/python3.12/site-packages/airflow/example_dags/example_inlet_event_extra.py for tasks to queue
[2025-11-09T21:15:44.910+0000] {logging_mixin.py:190} INFO - [2025-11-09T21:15:44.909+0000] {dagbag.py:588} INFO - Filling up the DagBag from /home/airflow/.local/lib/python3.12/site-packages/airflow/example_dags/example_inlet_event_extra.py
[2025-11-09T21:15:45.845+0000] {processor.py:925} INFO - DAG(s) 'read_dataset_event', 'read_dataset_event_from_classic' retrieved from /home/airflow/.local/lib/python3.12/site-packages/airflow/example_dags/example_inlet_event_extra.py
[2025-11-09T21:15:45.880+0000] {logging_mixin.py:190} INFO - [2025-11-09T21:15:45.880+0000] {dag.py:3239} INFO - Sync 2 DAGs
[2025-11-09T21:15:45.925+0000] {logging_mixin.py:190} INFO - [2025-11-09T21:15:45.924+0000] {dag.py:4180} INFO - Setting next_dagrun for read_dataset_event to 2025-11-08 00:00:00+00:00, run_after=2025-11-09 00:00:00+00:00
[2025-11-09T21:15:45.931+0000] {logging_mixin.py:190} INFO - [2025-11-09T21:15:45.931+0000] {dag.py:4180} INFO - Setting next_dagrun for read_dataset_event_from_classic to 2025-11-08 00:00:00+00:00, run_after=2025-11-09 00:00:00+00:00
[2025-11-09T21:15:45.957+0000] {processor.py:208} INFO - Processing /home/airflow/.local/lib/python3.12/site-packages/airflow/example_dags/example_inlet_event_extra.py took 1.065 seconds
[2025-11-09T21:16:16.837+0000] {processor.py:186} INFO - Started process (PID=1102) to work on /home/airflow/.local/lib/python3.12/site-packages/airflow/example_dags/example_inlet_event_extra.py
[2025-11-09T21:16:16.840+0000] {processor.py:914} INFO - Processing file /home/airflow/.local/lib/python3.12/site-packages/airflow/example_dags/example_inlet_event_extra.py for tasks to queue
[2025-11-09T21:16:16.850+0000] {logging_mixin.py:190} INFO - [2025-11-09T21:16:16.849+0000] {dagbag.py:588} INFO - Filling up the DagBag from /home/airflow/.local/lib/python3.12/site-packages/airflow/example_dags/example_inlet_event_extra.py
[2025-11-09T21:16:19.358+0000] {processor.py:925} INFO - DAG(s) 'read_dataset_event_from_classic', 'read_dataset_event' retrieved from /home/airflow/.local/lib/python3.12/site-packages/airflow/example_dags/example_inlet_event_extra.py
[2025-11-09T21:16:19.443+0000] {logging_mixin.py:190} INFO - [2025-11-09T21:16:19.442+0000] {dag.py:3239} INFO - Sync 2 DAGs
[2025-11-09T21:16:19.557+0000] {logging_mixin.py:190} INFO - [2025-11-09T21:16:19.556+0000] {dag.py:4180} INFO - Setting next_dagrun for read_dataset_event to 2025-11-08 00:00:00+00:00, run_after=2025-11-09 00:00:00+00:00
[2025-11-09T21:16:19.579+0000] {logging_mixin.py:190} INFO - [2025-11-09T21:16:19.579+0000] {dag.py:4180} INFO - Setting next_dagrun for read_dataset_event_from_classic to 2025-11-08 00:00:00+00:00, run_after=2025-11-09 00:00:00+00:00
[2025-11-09T21:16:19.646+0000] {processor.py:208} INFO - Processing /home/airflow/.local/lib/python3.12/site-packages/airflow/example_dags/example_inlet_event_extra.py took 2.830 seconds
[2025-11-09T21:16:49.970+0000] {processor.py:186} INFO - Started process (PID=1174) to work on /home/airflow/.local/lib/python3.12/site-packages/airflow/example_dags/example_inlet_event_extra.py
[2025-11-09T21:16:49.972+0000] {processor.py:914} INFO - Processing file /home/airflow/.local/lib/python3.12/site-packages/airflow/example_dags/example_inlet_event_extra.py for tasks to queue
[2025-11-09T21:16:49.979+0000] {logging_mixin.py:190} INFO - [2025-11-09T21:16:49.978+0000] {dagbag.py:588} INFO - Filling up the DagBag from /home/airflow/.local/lib/python3.12/site-packages/airflow/example_dags/example_inlet_event_extra.py
[2025-11-09T21:16:51.310+0000] {processor.py:925} INFO - DAG(s) 'read_dataset_event', 'read_dataset_event_from_classic' retrieved from /home/airflow/.local/lib/python3.12/site-packages/airflow/example_dags/example_inlet_event_extra.py
[2025-11-09T21:16:51.358+0000] {logging_mixin.py:190} INFO - [2025-11-09T21:16:51.357+0000] {dag.py:3239} INFO - Sync 2 DAGs
[2025-11-09T21:16:51.409+0000] {logging_mixin.py:190} INFO - [2025-11-09T21:16:51.409+0000] {dag.py:4180} INFO - Setting next_dagrun for read_dataset_event to 2025-11-08 00:00:00+00:00, run_after=2025-11-09 00:00:00+00:00
[2025-11-09T21:16:51.420+0000] {logging_mixin.py:190} INFO - [2025-11-09T21:16:51.419+0000] {dag.py:4180} INFO - Setting next_dagrun for read_dataset_event_from_classic to 2025-11-08 00:00:00+00:00, run_after=2025-11-09 00:00:00+00:00
[2025-11-09T21:16:51.452+0000] {processor.py:208} INFO - Processing /home/airflow/.local/lib/python3.12/site-packages/airflow/example_dags/example_inlet_event_extra.py took 1.496 seconds
[2025-11-09T21:17:22.651+0000] {processor.py:186} INFO - Started process (PID=1243) to work on /home/airflow/.local/lib/python3.12/site-packages/airflow/example_dags/example_inlet_event_extra.py
[2025-11-09T21:17:22.653+0000] {processor.py:914} INFO - Processing file /home/airflow/.local/lib/python3.12/site-packages/airflow/example_dags/example_inlet_event_extra.py for tasks to queue
[2025-11-09T21:17:22.657+0000] {logging_mixin.py:190} INFO - [2025-11-09T21:17:22.657+0000] {dagbag.py:588} INFO - Filling up the DagBag from /home/airflow/.local/lib/python3.12/site-packages/airflow/example_dags/example_inlet_event_extra.py
[2025-11-09T21:17:23.617+0000] {processor.py:925} INFO - DAG(s) 'read_dataset_event', 'read_dataset_event_from_classic' retrieved from /home/airflow/.local/lib/python3.12/site-packages/airflow/example_dags/example_inlet_event_extra.py
[2025-11-09T21:17:23.651+0000] {logging_mixin.py:190} INFO - [2025-11-09T21:17:23.650+0000] {dag.py:3239} INFO - Sync 2 DAGs
[2025-11-09T21:17:23.700+0000] {logging_mixin.py:190} INFO - [2025-11-09T21:17:23.699+0000] {dag.py:4180} INFO - Setting next_dagrun for read_dataset_event to 2025-11-08 00:00:00+00:00, run_after=2025-11-09 00:00:00+00:00
[2025-11-09T21:17:23.709+0000] {logging_mixin.py:190} INFO - [2025-11-09T21:17:23.709+0000] {dag.py:4180} INFO - Setting next_dagrun for read_dataset_event_from_classic to 2025-11-08 00:00:00+00:00, run_after=2025-11-09 00:00:00+00:00
[2025-11-09T21:17:23.736+0000] {processor.py:208} INFO - Processing /home/airflow/.local/lib/python3.12/site-packages/airflow/example_dags/example_inlet_event_extra.py took 1.096 seconds
[2025-11-09T21:17:54.533+0000] {processor.py:186} INFO - Started process (PID=1313) to work on /home/airflow/.local/lib/python3.12/site-packages/airflow/example_dags/example_inlet_event_extra.py
[2025-11-09T21:17:54.536+0000] {processor.py:914} INFO - Processing file /home/airflow/.local/lib/python3.12/site-packages/airflow/example_dags/example_inlet_event_extra.py for tasks to queue
[2025-11-09T21:17:54.543+0000] {logging_mixin.py:190} INFO - [2025-11-09T21:17:54.542+0000] {dagbag.py:588} INFO - Filling up the DagBag from /home/airflow/.local/lib/python3.12/site-packages/airflow/example_dags/example_inlet_event_extra.py
[2025-11-09T21:17:55.807+0000] {processor.py:925} INFO - DAG(s) 'read_dataset_event_from_classic', 'read_dataset_event' retrieved from /home/airflow/.local/lib/python3.12/site-packages/airflow/example_dags/example_inlet_event_extra.py
[2025-11-09T21:17:55.841+0000] {logging_mixin.py:190} INFO - [2025-11-09T21:17:55.841+0000] {dag.py:3239} INFO - Sync 2 DAGs
[2025-11-09T21:17:55.884+0000] {logging_mixin.py:190} INFO - [2025-11-09T21:17:55.883+0000] {dag.py:4180} INFO - Setting next_dagrun for read_dataset_event to 2025-11-08 00:00:00+00:00, run_after=2025-11-09 00:00:00+00:00
[2025-11-09T21:17:55.892+0000] {logging_mixin.py:190} INFO - [2025-11-09T21:17:55.891+0000] {dag.py:4180} INFO - Setting next_dagrun for read_dataset_event_from_classic to 2025-11-08 00:00:00+00:00, run_after=2025-11-09 00:00:00+00:00
[2025-11-09T21:17:55.921+0000] {processor.py:208} INFO - Processing /home/airflow/.local/lib/python3.12/site-packages/airflow/example_dags/example_inlet_event_extra.py took 1.404 seconds
[2025-11-09T21:18:26.310+0000] {processor.py:186} INFO - Started process (PID=1381) to work on /home/airflow/.local/lib/python3.12/site-packages/airflow/example_dags/example_inlet_event_extra.py
[2025-11-09T21:18:26.312+0000] {processor.py:914} INFO - Processing file /home/airflow/.local/lib/python3.12/site-packages/airflow/example_dags/example_inlet_event_extra.py for tasks to queue
[2025-11-09T21:18:26.317+0000] {logging_mixin.py:190} INFO - [2025-11-09T21:18:26.316+0000] {dagbag.py:588} INFO - Filling up the DagBag from /home/airflow/.local/lib/python3.12/site-packages/airflow/example_dags/example_inlet_event_extra.py
[2025-11-09T21:18:27.884+0000] {processor.py:925} INFO - DAG(s) 'read_dataset_event_from_classic', 'read_dataset_event' retrieved from /home/airflow/.local/lib/python3.12/site-packages/airflow/example_dags/example_inlet_event_extra.py
[2025-11-09T21:18:27.936+0000] {logging_mixin.py:190} INFO - [2025-11-09T21:18:27.935+0000] {dag.py:3239} INFO - Sync 2 DAGs
[2025-11-09T21:18:28.002+0000] {logging_mixin.py:190} INFO - [2025-11-09T21:18:28.001+0000] {dag.py:4180} INFO - Setting next_dagrun for read_dataset_event to 2025-11-08 00:00:00+00:00, run_after=2025-11-09 00:00:00+00:00
[2025-11-09T21:18:28.015+0000] {logging_mixin.py:190} INFO - [2025-11-09T21:18:28.015+0000] {dag.py:4180} INFO - Setting next_dagrun for read_dataset_event_from_classic to 2025-11-08 00:00:00+00:00, run_after=2025-11-09 00:00:00+00:00
[2025-11-09T21:18:28.053+0000] {processor.py:208} INFO - Processing /home/airflow/.local/lib/python3.12/site-packages/airflow/example_dags/example_inlet_event_extra.py took 1.755 seconds
[2025-11-09T21:18:59.248+0000] {processor.py:186} INFO - Started process (PID=1449) to work on /home/airflow/.local/lib/python3.12/site-packages/airflow/example_dags/example_inlet_event_extra.py
[2025-11-09T21:18:59.251+0000] {processor.py:914} INFO - Processing file /home/airflow/.local/lib/python3.12/site-packages/airflow/example_dags/example_inlet_event_extra.py for tasks to queue
[2025-11-09T21:18:59.259+0000] {logging_mixin.py:190} INFO - [2025-11-09T21:18:59.258+0000] {dagbag.py:588} INFO - Filling up the DagBag from /home/airflow/.local/lib/python3.12/site-packages/airflow/example_dags/example_inlet_event_extra.py
[2025-11-09T21:19:00.404+0000] {processor.py:925} INFO - DAG(s) 'read_dataset_event_from_classic', 'read_dataset_event' retrieved from /home/airflow/.local/lib/python3.12/site-packages/airflow/example_dags/example_inlet_event_extra.py
[2025-11-09T21:19:00.453+0000] {logging_mixin.py:190} INFO - [2025-11-09T21:19:00.453+0000] {dag.py:3239} INFO - Sync 2 DAGs
[2025-11-09T21:19:00.512+0000] {logging_mixin.py:190} INFO - [2025-11-09T21:19:00.511+0000] {dag.py:4180} INFO - Setting next_dagrun for read_dataset_event to 2025-11-08 00:00:00+00:00, run_after=2025-11-09 00:00:00+00:00
[2025-11-09T21:19:00.531+0000] {logging_mixin.py:190} INFO - [2025-11-09T21:19:00.530+0000] {dag.py:4180} INFO - Setting next_dagrun for read_dataset_event_from_classic to 2025-11-08 00:00:00+00:00, run_after=2025-11-09 00:00:00+00:00
[2025-11-09T21:19:00.591+0000] {processor.py:208} INFO - Processing /home/airflow/.local/lib/python3.12/site-packages/airflow/example_dags/example_inlet_event_extra.py took 1.355 seconds
[2025-11-09T21:19:31.255+0000] {processor.py:186} INFO - Started process (PID=1515) to work on /home/airflow/.local/lib/python3.12/site-packages/airflow/example_dags/example_inlet_event_extra.py
[2025-11-09T21:19:31.260+0000] {processor.py:914} INFO - Processing file /home/airflow/.local/lib/python3.12/site-packages/airflow/example_dags/example_inlet_event_extra.py for tasks to queue
[2025-11-09T21:19:31.269+0000] {logging_mixin.py:190} INFO - [2025-11-09T21:19:31.268+0000] {dagbag.py:588} INFO - Filling up the DagBag from /home/airflow/.local/lib/python3.12/site-packages/airflow/example_dags/example_inlet_event_extra.py
[2025-11-09T21:19:33.499+0000] {processor.py:925} INFO - DAG(s) 'read_dataset_event', 'read_dataset_event_from_classic' retrieved from /home/airflow/.local/lib/python3.12/site-packages/airflow/example_dags/example_inlet_event_extra.py
[2025-11-09T21:19:33.556+0000] {logging_mixin.py:190} INFO - [2025-11-09T21:19:33.556+0000] {dag.py:3239} INFO - Sync 2 DAGs
[2025-11-09T21:19:33.637+0000] {logging_mixin.py:190} INFO - [2025-11-09T21:19:33.636+0000] {dag.py:4180} INFO - Setting next_dagrun for read_dataset_event to 2025-11-08 00:00:00+00:00, run_after=2025-11-09 00:00:00+00:00
[2025-11-09T21:19:33.653+0000] {logging_mixin.py:190} INFO - [2025-11-09T21:19:33.652+0000] {dag.py:4180} INFO - Setting next_dagrun for read_dataset_event_from_classic to 2025-11-08 00:00:00+00:00, run_after=2025-11-09 00:00:00+00:00
[2025-11-09T21:19:33.698+0000] {processor.py:208} INFO - Processing /home/airflow/.local/lib/python3.12/site-packages/airflow/example_dags/example_inlet_event_extra.py took 2.481 seconds
[2025-11-09T21:20:04.011+0000] {processor.py:186} INFO - Started process (PID=1583) to work on /home/airflow/.local/lib/python3.12/site-packages/airflow/example_dags/example_inlet_event_extra.py
[2025-11-09T21:20:04.017+0000] {processor.py:914} INFO - Processing file /home/airflow/.local/lib/python3.12/site-packages/airflow/example_dags/example_inlet_event_extra.py for tasks to queue
[2025-11-09T21:20:04.028+0000] {logging_mixin.py:190} INFO - [2025-11-09T21:20:04.027+0000] {dagbag.py:588} INFO - Filling up the DagBag from /home/airflow/.local/lib/python3.12/site-packages/airflow/example_dags/example_inlet_event_extra.py
[2025-11-09T21:20:06.735+0000] {processor.py:925} INFO - DAG(s) 'read_dataset_event', 'read_dataset_event_from_classic' retrieved from /home/airflow/.local/lib/python3.12/site-packages/airflow/example_dags/example_inlet_event_extra.py
[2025-11-09T21:20:06.784+0000] {logging_mixin.py:190} INFO - [2025-11-09T21:20:06.784+0000] {dag.py:3239} INFO - Sync 2 DAGs
[2025-11-09T21:20:06.839+0000] {logging_mixin.py:190} INFO - [2025-11-09T21:20:06.839+0000] {dag.py:4180} INFO - Setting next_dagrun for read_dataset_event to 2025-11-08 00:00:00+00:00, run_after=2025-11-09 00:00:00+00:00
[2025-11-09T21:20:06.850+0000] {logging_mixin.py:190} INFO - [2025-11-09T21:20:06.850+0000] {dag.py:4180} INFO - Setting next_dagrun for read_dataset_event_from_classic to 2025-11-08 00:00:00+00:00, run_after=2025-11-09 00:00:00+00:00
[2025-11-09T21:20:06.887+0000] {processor.py:208} INFO - Processing /home/airflow/.local/lib/python3.12/site-packages/airflow/example_dags/example_inlet_event_extra.py took 2.897 seconds
[2025-11-09T21:20:37.118+0000] {processor.py:186} INFO - Started process (PID=1651) to work on /home/airflow/.local/lib/python3.12/site-packages/airflow/example_dags/example_inlet_event_extra.py
[2025-11-09T21:20:37.120+0000] {processor.py:914} INFO - Processing file /home/airflow/.local/lib/python3.12/site-packages/airflow/example_dags/example_inlet_event_extra.py for tasks to queue
[2025-11-09T21:20:37.126+0000] {logging_mixin.py:190} INFO - [2025-11-09T21:20:37.125+0000] {dagbag.py:588} INFO - Filling up the DagBag from /home/airflow/.local/lib/python3.12/site-packages/airflow/example_dags/example_inlet_event_extra.py
[2025-11-09T21:20:38.656+0000] {processor.py:925} INFO - DAG(s) 'read_dataset_event', 'read_dataset_event_from_classic' retrieved from /home/airflow/.local/lib/python3.12/site-packages/airflow/example_dags/example_inlet_event_extra.py
[2025-11-09T21:20:38.713+0000] {logging_mixin.py:190} INFO - [2025-11-09T21:20:38.712+0000] {dag.py:3239} INFO - Sync 2 DAGs
[2025-11-09T21:20:38.781+0000] {logging_mixin.py:190} INFO - [2025-11-09T21:20:38.781+0000] {dag.py:4180} INFO - Setting next_dagrun for read_dataset_event to 2025-11-08 00:00:00+00:00, run_after=2025-11-09 00:00:00+00:00
[2025-11-09T21:20:38.797+0000] {logging_mixin.py:190} INFO - [2025-11-09T21:20:38.796+0000] {dag.py:4180} INFO - Setting next_dagrun for read_dataset_event_from_classic to 2025-11-08 00:00:00+00:00, run_after=2025-11-09 00:00:00+00:00
[2025-11-09T21:20:38.842+0000] {processor.py:208} INFO - Processing /home/airflow/.local/lib/python3.12/site-packages/airflow/example_dags/example_inlet_event_extra.py took 1.738 seconds
[2025-11-09T21:21:10.538+0000] {processor.py:186} INFO - Started process (PID=1718) to work on /home/airflow/.local/lib/python3.12/site-packages/airflow/example_dags/example_inlet_event_extra.py
[2025-11-09T21:21:10.569+0000] {processor.py:914} INFO - Processing file /home/airflow/.local/lib/python3.12/site-packages/airflow/example_dags/example_inlet_event_extra.py for tasks to queue
[2025-11-09T21:21:10.607+0000] {logging_mixin.py:190} INFO - [2025-11-09T21:21:10.606+0000] {dagbag.py:588} INFO - Filling up the DagBag from /home/airflow/.local/lib/python3.12/site-packages/airflow/example_dags/example_inlet_event_extra.py
[2025-11-09T21:21:16.205+0000] {processor.py:925} INFO - DAG(s) 'read_dataset_event', 'read_dataset_event_from_classic' retrieved from /home/airflow/.local/lib/python3.12/site-packages/airflow/example_dags/example_inlet_event_extra.py
[2025-11-09T21:21:16.358+0000] {logging_mixin.py:190} INFO - [2025-11-09T21:21:16.356+0000] {dag.py:3239} INFO - Sync 2 DAGs
[2025-11-09T21:21:16.572+0000] {logging_mixin.py:190} INFO - [2025-11-09T21:21:16.571+0000] {dag.py:4180} INFO - Setting next_dagrun for read_dataset_event to 2025-11-08 00:00:00+00:00, run_after=2025-11-09 00:00:00+00:00
[2025-11-09T21:21:16.619+0000] {logging_mixin.py:190} INFO - [2025-11-09T21:21:16.618+0000] {dag.py:4180} INFO - Setting next_dagrun for read_dataset_event_from_classic to 2025-11-08 00:00:00+00:00, run_after=2025-11-09 00:00:00+00:00
[2025-11-09T21:21:16.724+0000] {processor.py:208} INFO - Processing /home/airflow/.local/lib/python3.12/site-packages/airflow/example_dags/example_inlet_event_extra.py took 6.260 seconds
[2025-11-09T21:21:47.429+0000] {processor.py:186} INFO - Started process (PID=1787) to work on /home/airflow/.local/lib/python3.12/site-packages/airflow/example_dags/example_inlet_event_extra.py
[2025-11-09T21:21:47.431+0000] {processor.py:914} INFO - Processing file /home/airflow/.local/lib/python3.12/site-packages/airflow/example_dags/example_inlet_event_extra.py for tasks to queue
[2025-11-09T21:21:47.437+0000] {logging_mixin.py:190} INFO - [2025-11-09T21:21:47.437+0000] {dagbag.py:588} INFO - Filling up the DagBag from /home/airflow/.local/lib/python3.12/site-packages/airflow/example_dags/example_inlet_event_extra.py
[2025-11-09T21:21:48.339+0000] {processor.py:925} INFO - DAG(s) 'read_dataset_event_from_classic', 'read_dataset_event' retrieved from /home/airflow/.local/lib/python3.12/site-packages/airflow/example_dags/example_inlet_event_extra.py
[2025-11-09T21:21:48.375+0000] {logging_mixin.py:190} INFO - [2025-11-09T21:21:48.375+0000] {dag.py:3239} INFO - Sync 2 DAGs
[2025-11-09T21:21:48.409+0000] {logging_mixin.py:190} INFO - [2025-11-09T21:21:48.409+0000] {dag.py:4180} INFO - Setting next_dagrun for read_dataset_event to 2025-11-08 00:00:00+00:00, run_after=2025-11-09 00:00:00+00:00
[2025-11-09T21:21:48.416+0000] {logging_mixin.py:190} INFO - [2025-11-09T21:21:48.416+0000] {dag.py:4180} INFO - Setting next_dagrun for read_dataset_event_from_classic to 2025-11-08 00:00:00+00:00, run_after=2025-11-09 00:00:00+00:00
[2025-11-09T21:21:48.442+0000] {processor.py:208} INFO - Processing /home/airflow/.local/lib/python3.12/site-packages/airflow/example_dags/example_inlet_event_extra.py took 1.024 seconds
[2025-11-09T21:22:19.156+0000] {processor.py:186} INFO - Started process (PID=1852) to work on /home/airflow/.local/lib/python3.12/site-packages/airflow/example_dags/example_inlet_event_extra.py
[2025-11-09T21:22:19.158+0000] {processor.py:914} INFO - Processing file /home/airflow/.local/lib/python3.12/site-packages/airflow/example_dags/example_inlet_event_extra.py for tasks to queue
[2025-11-09T21:22:19.162+0000] {logging_mixin.py:190} INFO - [2025-11-09T21:22:19.162+0000] {dagbag.py:588} INFO - Filling up the DagBag from /home/airflow/.local/lib/python3.12/site-packages/airflow/example_dags/example_inlet_event_extra.py
[2025-11-09T21:22:20.124+0000] {processor.py:925} INFO - DAG(s) 'read_dataset_event', 'read_dataset_event_from_classic' retrieved from /home/airflow/.local/lib/python3.12/site-packages/airflow/example_dags/example_inlet_event_extra.py
[2025-11-09T21:22:20.167+0000] {logging_mixin.py:190} INFO - [2025-11-09T21:22:20.166+0000] {dag.py:3239} INFO - Sync 2 DAGs
[2025-11-09T21:22:20.220+0000] {logging_mixin.py:190} INFO - [2025-11-09T21:22:20.219+0000] {dag.py:4180} INFO - Setting next_dagrun for read_dataset_event to 2025-11-08 00:00:00+00:00, run_after=2025-11-09 00:00:00+00:00
[2025-11-09T21:22:20.231+0000] {logging_mixin.py:190} INFO - [2025-11-09T21:22:20.231+0000] {dag.py:4180} INFO - Setting next_dagrun for read_dataset_event_from_classic to 2025-11-08 00:00:00+00:00, run_after=2025-11-09 00:00:00+00:00
[2025-11-09T21:22:20.265+0000] {processor.py:208} INFO - Processing /home/airflow/.local/lib/python3.12/site-packages/airflow/example_dags/example_inlet_event_extra.py took 1.119 seconds
[2025-11-09T21:22:50.488+0000] {processor.py:186} INFO - Started process (PID=1917) to work on /home/airflow/.local/lib/python3.12/site-packages/airflow/example_dags/example_inlet_event_extra.py
[2025-11-09T21:22:50.490+0000] {processor.py:914} INFO - Processing file /home/airflow/.local/lib/python3.12/site-packages/airflow/example_dags/example_inlet_event_extra.py for tasks to queue
[2025-11-09T21:22:50.495+0000] {logging_mixin.py:190} INFO - [2025-11-09T21:22:50.494+0000] {dagbag.py:588} INFO - Filling up the DagBag from /home/airflow/.local/lib/python3.12/site-packages/airflow/example_dags/example_inlet_event_extra.py
[2025-11-09T21:22:52.746+0000] {processor.py:925} INFO - DAG(s) 'read_dataset_event_from_classic', 'read_dataset_event' retrieved from /home/airflow/.local/lib/python3.12/site-packages/airflow/example_dags/example_inlet_event_extra.py
[2025-11-09T21:22:52.801+0000] {logging_mixin.py:190} INFO - [2025-11-09T21:22:52.800+0000] {dag.py:3239} INFO - Sync 2 DAGs
[2025-11-09T21:22:52.862+0000] {logging_mixin.py:190} INFO - [2025-11-09T21:22:52.861+0000] {dag.py:4180} INFO - Setting next_dagrun for read_dataset_event to 2025-11-08 00:00:00+00:00, run_after=2025-11-09 00:00:00+00:00
[2025-11-09T21:22:52.876+0000] {logging_mixin.py:190} INFO - [2025-11-09T21:22:52.876+0000] {dag.py:4180} INFO - Setting next_dagrun for read_dataset_event_from_classic to 2025-11-08 00:00:00+00:00, run_after=2025-11-09 00:00:00+00:00
[2025-11-09T21:22:52.917+0000] {processor.py:208} INFO - Processing /home/airflow/.local/lib/python3.12/site-packages/airflow/example_dags/example_inlet_event_extra.py took 2.442 seconds
[2025-11-09T21:23:23.441+0000] {processor.py:186} INFO - Started process (PID=1990) to work on /home/airflow/.local/lib/python3.12/site-packages/airflow/example_dags/example_inlet_event_extra.py
[2025-11-09T21:23:23.443+0000] {processor.py:914} INFO - Processing file /home/airflow/.local/lib/python3.12/site-packages/airflow/example_dags/example_inlet_event_extra.py for tasks to queue
[2025-11-09T21:23:23.447+0000] {logging_mixin.py:190} INFO - [2025-11-09T21:23:23.446+0000] {dagbag.py:588} INFO - Filling up the DagBag from /home/airflow/.local/lib/python3.12/site-packages/airflow/example_dags/example_inlet_event_extra.py
[2025-11-09T21:23:24.408+0000] {processor.py:925} INFO - DAG(s) 'read_dataset_event', 'read_dataset_event_from_classic' retrieved from /home/airflow/.local/lib/python3.12/site-packages/airflow/example_dags/example_inlet_event_extra.py
[2025-11-09T21:23:24.439+0000] {logging_mixin.py:190} INFO - [2025-11-09T21:23:24.439+0000] {dag.py:3239} INFO - Sync 2 DAGs
[2025-11-09T21:23:24.471+0000] {logging_mixin.py:190} INFO - [2025-11-09T21:23:24.471+0000] {dag.py:4180} INFO - Setting next_dagrun for read_dataset_event to 2025-11-08 00:00:00+00:00, run_after=2025-11-09 00:00:00+00:00
[2025-11-09T21:23:24.481+0000] {logging_mixin.py:190} INFO - [2025-11-09T21:23:24.481+0000] {dag.py:4180} INFO - Setting next_dagrun for read_dataset_event_from_classic to 2025-11-08 00:00:00+00:00, run_after=2025-11-09 00:00:00+00:00
[2025-11-09T21:23:24.510+0000] {processor.py:208} INFO - Processing /home/airflow/.local/lib/python3.12/site-packages/airflow/example_dags/example_inlet_event_extra.py took 1.080 seconds
[2025-11-09T21:23:54.674+0000] {processor.py:186} INFO - Started process (PID=2057) to work on /home/airflow/.local/lib/python3.12/site-packages/airflow/example_dags/example_inlet_event_extra.py
[2025-11-09T21:23:54.677+0000] {processor.py:914} INFO - Processing file /home/airflow/.local/lib/python3.12/site-packages/airflow/example_dags/example_inlet_event_extra.py for tasks to queue
[2025-11-09T21:23:54.683+0000] {logging_mixin.py:190} INFO - [2025-11-09T21:23:54.682+0000] {dagbag.py:588} INFO - Filling up the DagBag from /home/airflow/.local/lib/python3.12/site-packages/airflow/example_dags/example_inlet_event_extra.py
[2025-11-09T21:23:56.816+0000] {processor.py:925} INFO - DAG(s) 'read_dataset_event', 'read_dataset_event_from_classic' retrieved from /home/airflow/.local/lib/python3.12/site-packages/airflow/example_dags/example_inlet_event_extra.py
[2025-11-09T21:23:56.867+0000] {logging_mixin.py:190} INFO - [2025-11-09T21:23:56.867+0000] {dag.py:3239} INFO - Sync 2 DAGs
[2025-11-09T21:23:56.928+0000] {logging_mixin.py:190} INFO - [2025-11-09T21:23:56.927+0000] {dag.py:4180} INFO - Setting next_dagrun for read_dataset_event to 2025-11-08 00:00:00+00:00, run_after=2025-11-09 00:00:00+00:00
[2025-11-09T21:23:56.941+0000] {logging_mixin.py:190} INFO - [2025-11-09T21:23:56.941+0000] {dag.py:4180} INFO - Setting next_dagrun for read_dataset_event_from_classic to 2025-11-08 00:00:00+00:00, run_after=2025-11-09 00:00:00+00:00
[2025-11-09T21:23:56.991+0000] {processor.py:208} INFO - Processing /home/airflow/.local/lib/python3.12/site-packages/airflow/example_dags/example_inlet_event_extra.py took 2.337 seconds
[2025-11-09T21:24:27.251+0000] {processor.py:186} INFO - Started process (PID=2123) to work on /home/airflow/.local/lib/python3.12/site-packages/airflow/example_dags/example_inlet_event_extra.py
[2025-11-09T21:24:27.253+0000] {processor.py:914} INFO - Processing file /home/airflow/.local/lib/python3.12/site-packages/airflow/example_dags/example_inlet_event_extra.py for tasks to queue
[2025-11-09T21:24:27.258+0000] {logging_mixin.py:190} INFO - [2025-11-09T21:24:27.258+0000] {dagbag.py:588} INFO - Filling up the DagBag from /home/airflow/.local/lib/python3.12/site-packages/airflow/example_dags/example_inlet_event_extra.py
[2025-11-09T21:24:28.164+0000] {processor.py:925} INFO - DAG(s) 'read_dataset_event', 'read_dataset_event_from_classic' retrieved from /home/airflow/.local/lib/python3.12/site-packages/airflow/example_dags/example_inlet_event_extra.py
[2025-11-09T21:24:28.202+0000] {logging_mixin.py:190} INFO - [2025-11-09T21:24:28.201+0000] {dag.py:3239} INFO - Sync 2 DAGs
[2025-11-09T21:24:28.251+0000] {logging_mixin.py:190} INFO - [2025-11-09T21:24:28.251+0000] {dag.py:4180} INFO - Setting next_dagrun for read_dataset_event to 2025-11-08 00:00:00+00:00, run_after=2025-11-09 00:00:00+00:00
[2025-11-09T21:24:28.260+0000] {logging_mixin.py:190} INFO - [2025-11-09T21:24:28.260+0000] {dag.py:4180} INFO - Setting next_dagrun for read_dataset_event_from_classic to 2025-11-08 00:00:00+00:00, run_after=2025-11-09 00:00:00+00:00
[2025-11-09T21:24:28.289+0000] {processor.py:208} INFO - Processing /home/airflow/.local/lib/python3.12/site-packages/airflow/example_dags/example_inlet_event_extra.py took 1.050 seconds
[2025-11-09T21:24:58.652+0000] {processor.py:186} INFO - Started process (PID=2188) to work on /home/airflow/.local/lib/python3.12/site-packages/airflow/example_dags/example_inlet_event_extra.py
[2025-11-09T21:24:58.654+0000] {processor.py:914} INFO - Processing file /home/airflow/.local/lib/python3.12/site-packages/airflow/example_dags/example_inlet_event_extra.py for tasks to queue
[2025-11-09T21:24:58.661+0000] {logging_mixin.py:190} INFO - [2025-11-09T21:24:58.660+0000] {dagbag.py:588} INFO - Filling up the DagBag from /home/airflow/.local/lib/python3.12/site-packages/airflow/example_dags/example_inlet_event_extra.py
[2025-11-09T21:25:00.490+0000] {processor.py:925} INFO - DAG(s) 'read_dataset_event', 'read_dataset_event_from_classic' retrieved from /home/airflow/.local/lib/python3.12/site-packages/airflow/example_dags/example_inlet_event_extra.py
[2025-11-09T21:25:00.544+0000] {logging_mixin.py:190} INFO - [2025-11-09T21:25:00.543+0000] {dag.py:3239} INFO - Sync 2 DAGs
[2025-11-09T21:25:00.590+0000] {logging_mixin.py:190} INFO - [2025-11-09T21:25:00.590+0000] {dag.py:4180} INFO - Setting next_dagrun for read_dataset_event to 2025-11-08 00:00:00+00:00, run_after=2025-11-09 00:00:00+00:00
[2025-11-09T21:25:00.601+0000] {logging_mixin.py:190} INFO - [2025-11-09T21:25:00.601+0000] {dag.py:4180} INFO - Setting next_dagrun for read_dataset_event_from_classic to 2025-11-08 00:00:00+00:00, run_after=2025-11-09 00:00:00+00:00
[2025-11-09T21:25:00.644+0000] {processor.py:208} INFO - Processing /home/airflow/.local/lib/python3.12/site-packages/airflow/example_dags/example_inlet_event_extra.py took 2.005 seconds
[2025-11-09T21:25:31.090+0000] {processor.py:186} INFO - Started process (PID=2256) to work on /home/airflow/.local/lib/python3.12/site-packages/airflow/example_dags/example_inlet_event_extra.py
[2025-11-09T21:25:31.096+0000] {processor.py:914} INFO - Processing file /home/airflow/.local/lib/python3.12/site-packages/airflow/example_dags/example_inlet_event_extra.py for tasks to queue
[2025-11-09T21:25:31.109+0000] {logging_mixin.py:190} INFO - [2025-11-09T21:25:31.107+0000] {dagbag.py:588} INFO - Filling up the DagBag from /home/airflow/.local/lib/python3.12/site-packages/airflow/example_dags/example_inlet_event_extra.py
[2025-11-09T21:25:33.101+0000] {processor.py:925} INFO - DAG(s) 'read_dataset_event', 'read_dataset_event_from_classic' retrieved from /home/airflow/.local/lib/python3.12/site-packages/airflow/example_dags/example_inlet_event_extra.py
[2025-11-09T21:25:33.156+0000] {logging_mixin.py:190} INFO - [2025-11-09T21:25:33.156+0000] {dag.py:3239} INFO - Sync 2 DAGs
[2025-11-09T21:25:33.224+0000] {logging_mixin.py:190} INFO - [2025-11-09T21:25:33.223+0000] {dag.py:4180} INFO - Setting next_dagrun for read_dataset_event to 2025-11-08 00:00:00+00:00, run_after=2025-11-09 00:00:00+00:00
[2025-11-09T21:25:33.236+0000] {logging_mixin.py:190} INFO - [2025-11-09T21:25:33.236+0000] {dag.py:4180} INFO - Setting next_dagrun for read_dataset_event_from_classic to 2025-11-08 00:00:00+00:00, run_after=2025-11-09 00:00:00+00:00
[2025-11-09T21:25:33.276+0000] {processor.py:208} INFO - Processing /home/airflow/.local/lib/python3.12/site-packages/airflow/example_dags/example_inlet_event_extra.py took 2.211 seconds
[2025-11-09T21:26:03.824+0000] {processor.py:186} INFO - Started process (PID=2325) to work on /home/airflow/.local/lib/python3.12/site-packages/airflow/example_dags/example_inlet_event_extra.py
[2025-11-09T21:26:03.829+0000] {processor.py:914} INFO - Processing file /home/airflow/.local/lib/python3.12/site-packages/airflow/example_dags/example_inlet_event_extra.py for tasks to queue
[2025-11-09T21:26:03.837+0000] {logging_mixin.py:190} INFO - [2025-11-09T21:26:03.837+0000] {dagbag.py:588} INFO - Filling up the DagBag from /home/airflow/.local/lib/python3.12/site-packages/airflow/example_dags/example_inlet_event_extra.py
[2025-11-09T21:26:05.954+0000] {processor.py:925} INFO - DAG(s) 'read_dataset_event', 'read_dataset_event_from_classic' retrieved from /home/airflow/.local/lib/python3.12/site-packages/airflow/example_dags/example_inlet_event_extra.py
[2025-11-09T21:26:06.027+0000] {logging_mixin.py:190} INFO - [2025-11-09T21:26:06.027+0000] {dag.py:3239} INFO - Sync 2 DAGs
[2025-11-09T21:26:06.101+0000] {logging_mixin.py:190} INFO - [2025-11-09T21:26:06.100+0000] {dag.py:4180} INFO - Setting next_dagrun for read_dataset_event to 2025-11-08 00:00:00+00:00, run_after=2025-11-09 00:00:00+00:00
[2025-11-09T21:26:06.114+0000] {logging_mixin.py:190} INFO - [2025-11-09T21:26:06.114+0000] {dag.py:4180} INFO - Setting next_dagrun for read_dataset_event_from_classic to 2025-11-08 00:00:00+00:00, run_after=2025-11-09 00:00:00+00:00
[2025-11-09T21:26:06.156+0000] {processor.py:208} INFO - Processing /home/airflow/.local/lib/python3.12/site-packages/airflow/example_dags/example_inlet_event_extra.py took 2.354 seconds
[2025-11-09T21:26:36.813+0000] {processor.py:186} INFO - Started process (PID=2393) to work on /home/airflow/.local/lib/python3.12/site-packages/airflow/example_dags/example_inlet_event_extra.py
[2025-11-09T21:26:36.818+0000] {processor.py:914} INFO - Processing file /home/airflow/.local/lib/python3.12/site-packages/airflow/example_dags/example_inlet_event_extra.py for tasks to queue
[2025-11-09T21:26:36.827+0000] {logging_mixin.py:190} INFO - [2025-11-09T21:26:36.826+0000] {dagbag.py:588} INFO - Filling up the DagBag from /home/airflow/.local/lib/python3.12/site-packages/airflow/example_dags/example_inlet_event_extra.py
[2025-11-09T21:26:38.590+0000] {processor.py:925} INFO - DAG(s) 'read_dataset_event_from_classic', 'read_dataset_event' retrieved from /home/airflow/.local/lib/python3.12/site-packages/airflow/example_dags/example_inlet_event_extra.py
[2025-11-09T21:26:38.638+0000] {logging_mixin.py:190} INFO - [2025-11-09T21:26:38.638+0000] {dag.py:3239} INFO - Sync 2 DAGs
[2025-11-09T21:26:38.689+0000] {logging_mixin.py:190} INFO - [2025-11-09T21:26:38.688+0000] {dag.py:4180} INFO - Setting next_dagrun for read_dataset_event to 2025-11-08 00:00:00+00:00, run_after=2025-11-09 00:00:00+00:00
[2025-11-09T21:26:38.700+0000] {logging_mixin.py:190} INFO - [2025-11-09T21:26:38.700+0000] {dag.py:4180} INFO - Setting next_dagrun for read_dataset_event_from_classic to 2025-11-08 00:00:00+00:00, run_after=2025-11-09 00:00:00+00:00
[2025-11-09T21:26:38.737+0000] {processor.py:208} INFO - Processing /home/airflow/.local/lib/python3.12/site-packages/airflow/example_dags/example_inlet_event_extra.py took 1.945 seconds
[2025-11-09T21:27:09.233+0000] {processor.py:186} INFO - Started process (PID=2461) to work on /home/airflow/.local/lib/python3.12/site-packages/airflow/example_dags/example_inlet_event_extra.py
[2025-11-09T21:27:09.236+0000] {processor.py:914} INFO - Processing file /home/airflow/.local/lib/python3.12/site-packages/airflow/example_dags/example_inlet_event_extra.py for tasks to queue
[2025-11-09T21:27:09.242+0000] {logging_mixin.py:190} INFO - [2025-11-09T21:27:09.241+0000] {dagbag.py:588} INFO - Filling up the DagBag from /home/airflow/.local/lib/python3.12/site-packages/airflow/example_dags/example_inlet_event_extra.py
[2025-11-09T21:27:10.380+0000] {processor.py:925} INFO - DAG(s) 'read_dataset_event', 'read_dataset_event_from_classic' retrieved from /home/airflow/.local/lib/python3.12/site-packages/airflow/example_dags/example_inlet_event_extra.py
[2025-11-09T21:27:10.418+0000] {logging_mixin.py:190} INFO - [2025-11-09T21:27:10.418+0000] {dag.py:3239} INFO - Sync 2 DAGs
[2025-11-09T21:27:10.469+0000] {logging_mixin.py:190} INFO - [2025-11-09T21:27:10.469+0000] {dag.py:4180} INFO - Setting next_dagrun for read_dataset_event to 2025-11-08 00:00:00+00:00, run_after=2025-11-09 00:00:00+00:00
[2025-11-09T21:27:10.486+0000] {logging_mixin.py:190} INFO - [2025-11-09T21:27:10.485+0000] {dag.py:4180} INFO - Setting next_dagrun for read_dataset_event_from_classic to 2025-11-08 00:00:00+00:00, run_after=2025-11-09 00:00:00+00:00
[2025-11-09T21:27:10.520+0000] {processor.py:208} INFO - Processing /home/airflow/.local/lib/python3.12/site-packages/airflow/example_dags/example_inlet_event_extra.py took 1.301 seconds
[2025-11-09T21:27:40.838+0000] {processor.py:186} INFO - Started process (PID=2527) to work on /home/airflow/.local/lib/python3.12/site-packages/airflow/example_dags/example_inlet_event_extra.py
[2025-11-09T21:27:40.840+0000] {processor.py:914} INFO - Processing file /home/airflow/.local/lib/python3.12/site-packages/airflow/example_dags/example_inlet_event_extra.py for tasks to queue
[2025-11-09T21:27:40.846+0000] {logging_mixin.py:190} INFO - [2025-11-09T21:27:40.845+0000] {dagbag.py:588} INFO - Filling up the DagBag from /home/airflow/.local/lib/python3.12/site-packages/airflow/example_dags/example_inlet_event_extra.py
[2025-11-09T21:27:41.681+0000] {processor.py:925} INFO - DAG(s) 'read_dataset_event_from_classic', 'read_dataset_event' retrieved from /home/airflow/.local/lib/python3.12/site-packages/airflow/example_dags/example_inlet_event_extra.py
[2025-11-09T21:27:41.716+0000] {logging_mixin.py:190} INFO - [2025-11-09T21:27:41.716+0000] {dag.py:3239} INFO - Sync 2 DAGs
[2025-11-09T21:27:41.752+0000] {logging_mixin.py:190} INFO - [2025-11-09T21:27:41.751+0000] {dag.py:4180} INFO - Setting next_dagrun for read_dataset_event to 2025-11-08 00:00:00+00:00, run_after=2025-11-09 00:00:00+00:00
[2025-11-09T21:27:41.759+0000] {logging_mixin.py:190} INFO - [2025-11-09T21:27:41.758+0000] {dag.py:4180} INFO - Setting next_dagrun for read_dataset_event_from_classic to 2025-11-08 00:00:00+00:00, run_after=2025-11-09 00:00:00+00:00
[2025-11-09T21:27:41.783+0000] {processor.py:208} INFO - Processing /home/airflow/.local/lib/python3.12/site-packages/airflow/example_dags/example_inlet_event_extra.py took 0.955 seconds
[2025-11-09T21:28:12.194+0000] {processor.py:186} INFO - Started process (PID=2592) to work on /home/airflow/.local/lib/python3.12/site-packages/airflow/example_dags/example_inlet_event_extra.py
[2025-11-09T21:28:12.196+0000] {processor.py:914} INFO - Processing file /home/airflow/.local/lib/python3.12/site-packages/airflow/example_dags/example_inlet_event_extra.py for tasks to queue
[2025-11-09T21:28:12.203+0000] {logging_mixin.py:190} INFO - [2025-11-09T21:28:12.201+0000] {dagbag.py:588} INFO - Filling up the DagBag from /home/airflow/.local/lib/python3.12/site-packages/airflow/example_dags/example_inlet_event_extra.py
[2025-11-09T21:28:13.091+0000] {processor.py:925} INFO - DAG(s) 'read_dataset_event', 'read_dataset_event_from_classic' retrieved from /home/airflow/.local/lib/python3.12/site-packages/airflow/example_dags/example_inlet_event_extra.py
[2025-11-09T21:28:13.120+0000] {logging_mixin.py:190} INFO - [2025-11-09T21:28:13.120+0000] {dag.py:3239} INFO - Sync 2 DAGs
[2025-11-09T21:28:13.158+0000] {logging_mixin.py:190} INFO - [2025-11-09T21:28:13.158+0000] {dag.py:4180} INFO - Setting next_dagrun for read_dataset_event to 2025-11-08 00:00:00+00:00, run_after=2025-11-09 00:00:00+00:00
[2025-11-09T21:28:13.165+0000] {logging_mixin.py:190} INFO - [2025-11-09T21:28:13.165+0000] {dag.py:4180} INFO - Setting next_dagrun for read_dataset_event_from_classic to 2025-11-08 00:00:00+00:00, run_after=2025-11-09 00:00:00+00:00
[2025-11-09T21:28:13.188+0000] {processor.py:208} INFO - Processing /home/airflow/.local/lib/python3.12/site-packages/airflow/example_dags/example_inlet_event_extra.py took 1.006 seconds
[2025-11-09T21:28:43.430+0000] {processor.py:186} INFO - Started process (PID=2657) to work on /home/airflow/.local/lib/python3.12/site-packages/airflow/example_dags/example_inlet_event_extra.py
[2025-11-09T21:28:43.432+0000] {processor.py:914} INFO - Processing file /home/airflow/.local/lib/python3.12/site-packages/airflow/example_dags/example_inlet_event_extra.py for tasks to queue
[2025-11-09T21:28:43.438+0000] {logging_mixin.py:190} INFO - [2025-11-09T21:28:43.437+0000] {dagbag.py:588} INFO - Filling up the DagBag from /home/airflow/.local/lib/python3.12/site-packages/airflow/example_dags/example_inlet_event_extra.py
[2025-11-09T21:28:44.926+0000] {processor.py:925} INFO - DAG(s) 'read_dataset_event_from_classic', 'read_dataset_event' retrieved from /home/airflow/.local/lib/python3.12/site-packages/airflow/example_dags/example_inlet_event_extra.py
[2025-11-09T21:28:44.970+0000] {logging_mixin.py:190} INFO - [2025-11-09T21:28:44.969+0000] {dag.py:3239} INFO - Sync 2 DAGs
[2025-11-09T21:28:45.027+0000] {logging_mixin.py:190} INFO - [2025-11-09T21:28:45.027+0000] {dag.py:4180} INFO - Setting next_dagrun for read_dataset_event to 2025-11-08 00:00:00+00:00, run_after=2025-11-09 00:00:00+00:00
[2025-11-09T21:28:45.035+0000] {logging_mixin.py:190} INFO - [2025-11-09T21:28:45.035+0000] {dag.py:4180} INFO - Setting next_dagrun for read_dataset_event_from_classic to 2025-11-08 00:00:00+00:00, run_after=2025-11-09 00:00:00+00:00
[2025-11-09T21:28:45.064+0000] {processor.py:208} INFO - Processing /home/airflow/.local/lib/python3.12/site-packages/airflow/example_dags/example_inlet_event_extra.py took 1.647 seconds
[2025-11-09T21:29:15.669+0000] {processor.py:186} INFO - Started process (PID=2727) to work on /home/airflow/.local/lib/python3.12/site-packages/airflow/example_dags/example_inlet_event_extra.py
[2025-11-09T21:29:15.674+0000] {processor.py:914} INFO - Processing file /home/airflow/.local/lib/python3.12/site-packages/airflow/example_dags/example_inlet_event_extra.py for tasks to queue
[2025-11-09T21:29:15.685+0000] {logging_mixin.py:190} INFO - [2025-11-09T21:29:15.684+0000] {dagbag.py:588} INFO - Filling up the DagBag from /home/airflow/.local/lib/python3.12/site-packages/airflow/example_dags/example_inlet_event_extra.py
[2025-11-09T21:29:17.435+0000] {processor.py:925} INFO - DAG(s) 'read_dataset_event_from_classic', 'read_dataset_event' retrieved from /home/airflow/.local/lib/python3.12/site-packages/airflow/example_dags/example_inlet_event_extra.py
[2025-11-09T21:29:17.487+0000] {logging_mixin.py:190} INFO - [2025-11-09T21:29:17.486+0000] {dag.py:3239} INFO - Sync 2 DAGs
[2025-11-09T21:29:17.543+0000] {logging_mixin.py:190} INFO - [2025-11-09T21:29:17.543+0000] {dag.py:4180} INFO - Setting next_dagrun for read_dataset_event to 2025-11-08 00:00:00+00:00, run_after=2025-11-09 00:00:00+00:00
[2025-11-09T21:29:17.557+0000] {logging_mixin.py:190} INFO - [2025-11-09T21:29:17.557+0000] {dag.py:4180} INFO - Setting next_dagrun for read_dataset_event_from_classic to 2025-11-08 00:00:00+00:00, run_after=2025-11-09 00:00:00+00:00
[2025-11-09T21:29:17.596+0000] {processor.py:208} INFO - Processing /home/airflow/.local/lib/python3.12/site-packages/airflow/example_dags/example_inlet_event_extra.py took 1.954 seconds
[2025-11-09T21:29:48.327+0000] {processor.py:186} INFO - Started process (PID=2797) to work on /home/airflow/.local/lib/python3.12/site-packages/airflow/example_dags/example_inlet_event_extra.py
[2025-11-09T21:29:48.329+0000] {processor.py:914} INFO - Processing file /home/airflow/.local/lib/python3.12/site-packages/airflow/example_dags/example_inlet_event_extra.py for tasks to queue
[2025-11-09T21:29:48.335+0000] {logging_mixin.py:190} INFO - [2025-11-09T21:29:48.335+0000] {dagbag.py:588} INFO - Filling up the DagBag from /home/airflow/.local/lib/python3.12/site-packages/airflow/example_dags/example_inlet_event_extra.py
[2025-11-09T21:29:49.344+0000] {processor.py:925} INFO - DAG(s) 'read_dataset_event', 'read_dataset_event_from_classic' retrieved from /home/airflow/.local/lib/python3.12/site-packages/airflow/example_dags/example_inlet_event_extra.py
[2025-11-09T21:29:49.378+0000] {logging_mixin.py:190} INFO - [2025-11-09T21:29:49.377+0000] {dag.py:3239} INFO - Sync 2 DAGs
[2025-11-09T21:29:49.416+0000] {logging_mixin.py:190} INFO - [2025-11-09T21:29:49.415+0000] {dag.py:4180} INFO - Setting next_dagrun for read_dataset_event to 2025-11-08 00:00:00+00:00, run_after=2025-11-09 00:00:00+00:00
[2025-11-09T21:29:49.425+0000] {logging_mixin.py:190} INFO - [2025-11-09T21:29:49.424+0000] {dag.py:4180} INFO - Setting next_dagrun for read_dataset_event_from_classic to 2025-11-08 00:00:00+00:00, run_after=2025-11-09 00:00:00+00:00
[2025-11-09T21:29:49.449+0000] {processor.py:208} INFO - Processing /home/airflow/.local/lib/python3.12/site-packages/airflow/example_dags/example_inlet_event_extra.py took 1.136 seconds
[2025-11-09T21:30:19.681+0000] {processor.py:186} INFO - Started process (PID=2865) to work on /home/airflow/.local/lib/python3.12/site-packages/airflow/example_dags/example_inlet_event_extra.py
[2025-11-09T21:30:19.684+0000] {processor.py:914} INFO - Processing file /home/airflow/.local/lib/python3.12/site-packages/airflow/example_dags/example_inlet_event_extra.py for tasks to queue
[2025-11-09T21:30:19.691+0000] {logging_mixin.py:190} INFO - [2025-11-09T21:30:19.690+0000] {dagbag.py:588} INFO - Filling up the DagBag from /home/airflow/.local/lib/python3.12/site-packages/airflow/example_dags/example_inlet_event_extra.py
[2025-11-09T21:30:20.614+0000] {processor.py:925} INFO - DAG(s) 'read_dataset_event', 'read_dataset_event_from_classic' retrieved from /home/airflow/.local/lib/python3.12/site-packages/airflow/example_dags/example_inlet_event_extra.py
[2025-11-09T21:30:20.658+0000] {logging_mixin.py:190} INFO - [2025-11-09T21:30:20.658+0000] {dag.py:3239} INFO - Sync 2 DAGs
[2025-11-09T21:30:20.725+0000] {logging_mixin.py:190} INFO - [2025-11-09T21:30:20.725+0000] {dag.py:4180} INFO - Setting next_dagrun for read_dataset_event to 2025-11-08 00:00:00+00:00, run_after=2025-11-09 00:00:00+00:00
[2025-11-09T21:30:20.736+0000] {logging_mixin.py:190} INFO - [2025-11-09T21:30:20.736+0000] {dag.py:4180} INFO - Setting next_dagrun for read_dataset_event_from_classic to 2025-11-08 00:00:00+00:00, run_after=2025-11-09 00:00:00+00:00
[2025-11-09T21:30:20.767+0000] {processor.py:208} INFO - Processing /home/airflow/.local/lib/python3.12/site-packages/airflow/example_dags/example_inlet_event_extra.py took 1.105 seconds
[2025-11-09T21:30:50.975+0000] {processor.py:186} INFO - Started process (PID=2929) to work on /home/airflow/.local/lib/python3.12/site-packages/airflow/example_dags/example_inlet_event_extra.py
[2025-11-09T21:30:50.977+0000] {processor.py:914} INFO - Processing file /home/airflow/.local/lib/python3.12/site-packages/airflow/example_dags/example_inlet_event_extra.py for tasks to queue
[2025-11-09T21:30:50.982+0000] {logging_mixin.py:190} INFO - [2025-11-09T21:30:50.981+0000] {dagbag.py:588} INFO - Filling up the DagBag from /home/airflow/.local/lib/python3.12/site-packages/airflow/example_dags/example_inlet_event_extra.py
[2025-11-09T21:30:52.219+0000] {processor.py:925} INFO - DAG(s) 'read_dataset_event', 'read_dataset_event_from_classic' retrieved from /home/airflow/.local/lib/python3.12/site-packages/airflow/example_dags/example_inlet_event_extra.py
[2025-11-09T21:30:52.261+0000] {logging_mixin.py:190} INFO - [2025-11-09T21:30:52.260+0000] {dag.py:3239} INFO - Sync 2 DAGs
[2025-11-09T21:30:52.323+0000] {logging_mixin.py:190} INFO - [2025-11-09T21:30:52.322+0000] {dag.py:4180} INFO - Setting next_dagrun for read_dataset_event to 2025-11-08 00:00:00+00:00, run_after=2025-11-09 00:00:00+00:00
[2025-11-09T21:30:52.334+0000] {logging_mixin.py:190} INFO - [2025-11-09T21:30:52.333+0000] {dag.py:4180} INFO - Setting next_dagrun for read_dataset_event_from_classic to 2025-11-08 00:00:00+00:00, run_after=2025-11-09 00:00:00+00:00
[2025-11-09T21:30:52.368+0000] {processor.py:208} INFO - Processing /home/airflow/.local/lib/python3.12/site-packages/airflow/example_dags/example_inlet_event_extra.py took 1.406 seconds
[2025-11-09T21:31:22.598+0000] {processor.py:186} INFO - Started process (PID=2995) to work on /home/airflow/.local/lib/python3.12/site-packages/airflow/example_dags/example_inlet_event_extra.py
[2025-11-09T21:31:22.601+0000] {processor.py:914} INFO - Processing file /home/airflow/.local/lib/python3.12/site-packages/airflow/example_dags/example_inlet_event_extra.py for tasks to queue
[2025-11-09T21:31:22.605+0000] {logging_mixin.py:190} INFO - [2025-11-09T21:31:22.605+0000] {dagbag.py:588} INFO - Filling up the DagBag from /home/airflow/.local/lib/python3.12/site-packages/airflow/example_dags/example_inlet_event_extra.py
[2025-11-09T21:31:23.521+0000] {processor.py:925} INFO - DAG(s) 'read_dataset_event_from_classic', 'read_dataset_event' retrieved from /home/airflow/.local/lib/python3.12/site-packages/airflow/example_dags/example_inlet_event_extra.py
[2025-11-09T21:31:23.567+0000] {logging_mixin.py:190} INFO - [2025-11-09T21:31:23.566+0000] {dag.py:3239} INFO - Sync 2 DAGs
[2025-11-09T21:31:23.622+0000] {logging_mixin.py:190} INFO - [2025-11-09T21:31:23.622+0000] {dag.py:4180} INFO - Setting next_dagrun for read_dataset_event to 2025-11-08 00:00:00+00:00, run_after=2025-11-09 00:00:00+00:00
[2025-11-09T21:31:23.634+0000] {logging_mixin.py:190} INFO - [2025-11-09T21:31:23.633+0000] {dag.py:4180} INFO - Setting next_dagrun for read_dataset_event_from_classic to 2025-11-08 00:00:00+00:00, run_after=2025-11-09 00:00:00+00:00
[2025-11-09T21:31:23.668+0000] {processor.py:208} INFO - Processing /home/airflow/.local/lib/python3.12/site-packages/airflow/example_dags/example_inlet_event_extra.py took 1.081 seconds
[2025-11-09T21:31:53.814+0000] {processor.py:186} INFO - Started process (PID=3067) to work on /home/airflow/.local/lib/python3.12/site-packages/airflow/example_dags/example_inlet_event_extra.py
[2025-11-09T21:31:53.815+0000] {processor.py:914} INFO - Processing file /home/airflow/.local/lib/python3.12/site-packages/airflow/example_dags/example_inlet_event_extra.py for tasks to queue
[2025-11-09T21:31:53.820+0000] {logging_mixin.py:190} INFO - [2025-11-09T21:31:53.819+0000] {dagbag.py:588} INFO - Filling up the DagBag from /home/airflow/.local/lib/python3.12/site-packages/airflow/example_dags/example_inlet_event_extra.py
[2025-11-09T21:31:54.686+0000] {processor.py:925} INFO - DAG(s) 'read_dataset_event', 'read_dataset_event_from_classic' retrieved from /home/airflow/.local/lib/python3.12/site-packages/airflow/example_dags/example_inlet_event_extra.py
[2025-11-09T21:31:54.739+0000] {logging_mixin.py:190} INFO - [2025-11-09T21:31:54.739+0000] {dag.py:3239} INFO - Sync 2 DAGs
[2025-11-09T21:31:54.817+0000] {logging_mixin.py:190} INFO - [2025-11-09T21:31:54.817+0000] {dag.py:4180} INFO - Setting next_dagrun for read_dataset_event to 2025-11-08 00:00:00+00:00, run_after=2025-11-09 00:00:00+00:00
[2025-11-09T21:31:54.829+0000] {logging_mixin.py:190} INFO - [2025-11-09T21:31:54.828+0000] {dag.py:4180} INFO - Setting next_dagrun for read_dataset_event_from_classic to 2025-11-08 00:00:00+00:00, run_after=2025-11-09 00:00:00+00:00
[2025-11-09T21:31:54.870+0000] {processor.py:208} INFO - Processing /home/airflow/.local/lib/python3.12/site-packages/airflow/example_dags/example_inlet_event_extra.py took 1.066 seconds
[2025-11-09T21:32:25.073+0000] {processor.py:186} INFO - Started process (PID=3131) to work on /home/airflow/.local/lib/python3.12/site-packages/airflow/example_dags/example_inlet_event_extra.py
[2025-11-09T21:32:25.075+0000] {processor.py:914} INFO - Processing file /home/airflow/.local/lib/python3.12/site-packages/airflow/example_dags/example_inlet_event_extra.py for tasks to queue
[2025-11-09T21:32:25.080+0000] {logging_mixin.py:190} INFO - [2025-11-09T21:32:25.080+0000] {dagbag.py:588} INFO - Filling up the DagBag from /home/airflow/.local/lib/python3.12/site-packages/airflow/example_dags/example_inlet_event_extra.py
[2025-11-09T21:32:26.657+0000] {processor.py:925} INFO - DAG(s) 'read_dataset_event', 'read_dataset_event_from_classic' retrieved from /home/airflow/.local/lib/python3.12/site-packages/airflow/example_dags/example_inlet_event_extra.py
[2025-11-09T21:32:26.720+0000] {logging_mixin.py:190} INFO - [2025-11-09T21:32:26.719+0000] {dag.py:3239} INFO - Sync 2 DAGs
[2025-11-09T21:32:26.810+0000] {logging_mixin.py:190} INFO - [2025-11-09T21:32:26.809+0000] {dag.py:4180} INFO - Setting next_dagrun for read_dataset_event to 2025-11-08 00:00:00+00:00, run_after=2025-11-09 00:00:00+00:00
[2025-11-09T21:32:26.827+0000] {logging_mixin.py:190} INFO - [2025-11-09T21:32:26.826+0000] {dag.py:4180} INFO - Setting next_dagrun for read_dataset_event_from_classic to 2025-11-08 00:00:00+00:00, run_after=2025-11-09 00:00:00+00:00
[2025-11-09T21:32:26.870+0000] {processor.py:208} INFO - Processing /home/airflow/.local/lib/python3.12/site-packages/airflow/example_dags/example_inlet_event_extra.py took 1.813 seconds
[2025-11-09T21:32:57.848+0000] {processor.py:186} INFO - Started process (PID=3196) to work on /home/airflow/.local/lib/python3.12/site-packages/airflow/example_dags/example_inlet_event_extra.py
[2025-11-09T21:32:57.850+0000] {processor.py:914} INFO - Processing file /home/airflow/.local/lib/python3.12/site-packages/airflow/example_dags/example_inlet_event_extra.py for tasks to queue
[2025-11-09T21:32:57.855+0000] {logging_mixin.py:190} INFO - [2025-11-09T21:32:57.855+0000] {dagbag.py:588} INFO - Filling up the DagBag from /home/airflow/.local/lib/python3.12/site-packages/airflow/example_dags/example_inlet_event_extra.py
[2025-11-09T21:32:58.763+0000] {processor.py:925} INFO - DAG(s) 'read_dataset_event_from_classic', 'read_dataset_event' retrieved from /home/airflow/.local/lib/python3.12/site-packages/airflow/example_dags/example_inlet_event_extra.py
[2025-11-09T21:32:58.812+0000] {logging_mixin.py:190} INFO - [2025-11-09T21:32:58.812+0000] {dag.py:3239} INFO - Sync 2 DAGs
[2025-11-09T21:32:58.860+0000] {logging_mixin.py:190} INFO - [2025-11-09T21:32:58.860+0000] {dag.py:4180} INFO - Setting next_dagrun for read_dataset_event to 2025-11-08 00:00:00+00:00, run_after=2025-11-09 00:00:00+00:00
[2025-11-09T21:32:58.869+0000] {logging_mixin.py:190} INFO - [2025-11-09T21:32:58.869+0000] {dag.py:4180} INFO - Setting next_dagrun for read_dataset_event_from_classic to 2025-11-08 00:00:00+00:00, run_after=2025-11-09 00:00:00+00:00
[2025-11-09T21:32:58.907+0000] {processor.py:208} INFO - Processing /home/airflow/.local/lib/python3.12/site-packages/airflow/example_dags/example_inlet_event_extra.py took 1.078 seconds
[2025-11-09T21:33:29.775+0000] {processor.py:186} INFO - Started process (PID=3262) to work on /home/airflow/.local/lib/python3.12/site-packages/airflow/example_dags/example_inlet_event_extra.py
[2025-11-09T21:33:29.777+0000] {processor.py:914} INFO - Processing file /home/airflow/.local/lib/python3.12/site-packages/airflow/example_dags/example_inlet_event_extra.py for tasks to queue
[2025-11-09T21:33:29.781+0000] {logging_mixin.py:190} INFO - [2025-11-09T21:33:29.781+0000] {dagbag.py:588} INFO - Filling up the DagBag from /home/airflow/.local/lib/python3.12/site-packages/airflow/example_dags/example_inlet_event_extra.py
[2025-11-09T21:33:30.682+0000] {processor.py:925} INFO - DAG(s) 'read_dataset_event_from_classic', 'read_dataset_event' retrieved from /home/airflow/.local/lib/python3.12/site-packages/airflow/example_dags/example_inlet_event_extra.py
[2025-11-09T21:33:30.729+0000] {logging_mixin.py:190} INFO - [2025-11-09T21:33:30.729+0000] {dag.py:3239} INFO - Sync 2 DAGs
[2025-11-09T21:33:30.788+0000] {logging_mixin.py:190} INFO - [2025-11-09T21:33:30.788+0000] {dag.py:4180} INFO - Setting next_dagrun for read_dataset_event to 2025-11-08 00:00:00+00:00, run_after=2025-11-09 00:00:00+00:00
[2025-11-09T21:33:30.800+0000] {logging_mixin.py:190} INFO - [2025-11-09T21:33:30.799+0000] {dag.py:4180} INFO - Setting next_dagrun for read_dataset_event_from_classic to 2025-11-08 00:00:00+00:00, run_after=2025-11-09 00:00:00+00:00
[2025-11-09T21:33:30.833+0000] {processor.py:208} INFO - Processing /home/airflow/.local/lib/python3.12/site-packages/airflow/example_dags/example_inlet_event_extra.py took 1.068 seconds
[2025-11-09T21:34:01.612+0000] {processor.py:186} INFO - Started process (PID=3325) to work on /home/airflow/.local/lib/python3.12/site-packages/airflow/example_dags/example_inlet_event_extra.py
[2025-11-09T21:34:01.614+0000] {processor.py:914} INFO - Processing file /home/airflow/.local/lib/python3.12/site-packages/airflow/example_dags/example_inlet_event_extra.py for tasks to queue
[2025-11-09T21:34:01.622+0000] {logging_mixin.py:190} INFO - [2025-11-09T21:34:01.621+0000] {dagbag.py:588} INFO - Filling up the DagBag from /home/airflow/.local/lib/python3.12/site-packages/airflow/example_dags/example_inlet_event_extra.py
[2025-11-09T21:34:03.072+0000] {processor.py:925} INFO - DAG(s) 'read_dataset_event', 'read_dataset_event_from_classic' retrieved from /home/airflow/.local/lib/python3.12/site-packages/airflow/example_dags/example_inlet_event_extra.py
[2025-11-09T21:34:03.138+0000] {logging_mixin.py:190} INFO - [2025-11-09T21:34:03.137+0000] {dag.py:3239} INFO - Sync 2 DAGs
[2025-11-09T21:34:03.216+0000] {logging_mixin.py:190} INFO - [2025-11-09T21:34:03.215+0000] {dag.py:4180} INFO - Setting next_dagrun for read_dataset_event to 2025-11-08 00:00:00+00:00, run_after=2025-11-09 00:00:00+00:00
[2025-11-09T21:34:03.230+0000] {logging_mixin.py:190} INFO - [2025-11-09T21:34:03.230+0000] {dag.py:4180} INFO - Setting next_dagrun for read_dataset_event_from_classic to 2025-11-08 00:00:00+00:00, run_after=2025-11-09 00:00:00+00:00
[2025-11-09T21:34:03.273+0000] {processor.py:208} INFO - Processing /home/airflow/.local/lib/python3.12/site-packages/airflow/example_dags/example_inlet_event_extra.py took 1.681 seconds
[2025-11-09T21:34:33.551+0000] {processor.py:186} INFO - Started process (PID=3391) to work on /home/airflow/.local/lib/python3.12/site-packages/airflow/example_dags/example_inlet_event_extra.py
[2025-11-09T21:34:33.553+0000] {processor.py:914} INFO - Processing file /home/airflow/.local/lib/python3.12/site-packages/airflow/example_dags/example_inlet_event_extra.py for tasks to queue
[2025-11-09T21:34:33.559+0000] {logging_mixin.py:190} INFO - [2025-11-09T21:34:33.558+0000] {dagbag.py:588} INFO - Filling up the DagBag from /home/airflow/.local/lib/python3.12/site-packages/airflow/example_dags/example_inlet_event_extra.py
[2025-11-09T21:34:35.070+0000] {processor.py:925} INFO - DAG(s) 'read_dataset_event', 'read_dataset_event_from_classic' retrieved from /home/airflow/.local/lib/python3.12/site-packages/airflow/example_dags/example_inlet_event_extra.py
[2025-11-09T21:34:35.136+0000] {logging_mixin.py:190} INFO - [2025-11-09T21:34:35.136+0000] {dag.py:3239} INFO - Sync 2 DAGs
[2025-11-09T21:34:35.206+0000] {logging_mixin.py:190} INFO - [2025-11-09T21:34:35.206+0000] {dag.py:4180} INFO - Setting next_dagrun for read_dataset_event to 2025-11-08 00:00:00+00:00, run_after=2025-11-09 00:00:00+00:00
[2025-11-09T21:34:35.221+0000] {logging_mixin.py:190} INFO - [2025-11-09T21:34:35.220+0000] {dag.py:4180} INFO - Setting next_dagrun for read_dataset_event_from_classic to 2025-11-08 00:00:00+00:00, run_after=2025-11-09 00:00:00+00:00
[2025-11-09T21:34:35.260+0000] {processor.py:208} INFO - Processing /home/airflow/.local/lib/python3.12/site-packages/airflow/example_dags/example_inlet_event_extra.py took 1.724 seconds
[2025-11-09T21:35:05.390+0000] {processor.py:186} INFO - Started process (PID=3458) to work on /home/airflow/.local/lib/python3.12/site-packages/airflow/example_dags/example_inlet_event_extra.py
[2025-11-09T21:35:05.393+0000] {processor.py:914} INFO - Processing file /home/airflow/.local/lib/python3.12/site-packages/airflow/example_dags/example_inlet_event_extra.py for tasks to queue
[2025-11-09T21:35:05.398+0000] {logging_mixin.py:190} INFO - [2025-11-09T21:35:05.398+0000] {dagbag.py:588} INFO - Filling up the DagBag from /home/airflow/.local/lib/python3.12/site-packages/airflow/example_dags/example_inlet_event_extra.py
[2025-11-09T21:35:06.532+0000] {processor.py:925} INFO - DAG(s) 'read_dataset_event_from_classic', 'read_dataset_event' retrieved from /home/airflow/.local/lib/python3.12/site-packages/airflow/example_dags/example_inlet_event_extra.py
[2025-11-09T21:35:06.655+0000] {logging_mixin.py:190} INFO - [2025-11-09T21:35:06.654+0000] {dag.py:3239} INFO - Sync 2 DAGs
[2025-11-09T21:35:06.863+0000] {logging_mixin.py:190} INFO - [2025-11-09T21:35:06.862+0000] {dag.py:4180} INFO - Setting next_dagrun for read_dataset_event to 2025-11-08 00:00:00+00:00, run_after=2025-11-09 00:00:00+00:00
[2025-11-09T21:35:06.890+0000] {logging_mixin.py:190} INFO - [2025-11-09T21:35:06.889+0000] {dag.py:4180} INFO - Setting next_dagrun for read_dataset_event_from_classic to 2025-11-08 00:00:00+00:00, run_after=2025-11-09 00:00:00+00:00
[2025-11-09T21:35:06.957+0000] {processor.py:208} INFO - Processing /home/airflow/.local/lib/python3.12/site-packages/airflow/example_dags/example_inlet_event_extra.py took 1.581 seconds
[2025-11-09T21:35:37.520+0000] {processor.py:186} INFO - Started process (PID=3522) to work on /home/airflow/.local/lib/python3.12/site-packages/airflow/example_dags/example_inlet_event_extra.py
[2025-11-09T21:35:37.524+0000] {processor.py:914} INFO - Processing file /home/airflow/.local/lib/python3.12/site-packages/airflow/example_dags/example_inlet_event_extra.py for tasks to queue
[2025-11-09T21:35:37.541+0000] {logging_mixin.py:190} INFO - [2025-11-09T21:35:37.537+0000] {dagbag.py:588} INFO - Filling up the DagBag from /home/airflow/.local/lib/python3.12/site-packages/airflow/example_dags/example_inlet_event_extra.py
[2025-11-09T21:35:39.315+0000] {processor.py:925} INFO - DAG(s) 'read_dataset_event_from_classic', 'read_dataset_event' retrieved from /home/airflow/.local/lib/python3.12/site-packages/airflow/example_dags/example_inlet_event_extra.py
[2025-11-09T21:35:39.389+0000] {logging_mixin.py:190} INFO - [2025-11-09T21:35:39.388+0000] {dag.py:3239} INFO - Sync 2 DAGs
[2025-11-09T21:35:39.496+0000] {logging_mixin.py:190} INFO - [2025-11-09T21:35:39.495+0000] {dag.py:4180} INFO - Setting next_dagrun for read_dataset_event to 2025-11-08 00:00:00+00:00, run_after=2025-11-09 00:00:00+00:00
[2025-11-09T21:35:39.516+0000] {logging_mixin.py:190} INFO - [2025-11-09T21:35:39.515+0000] {dag.py:4180} INFO - Setting next_dagrun for read_dataset_event_from_classic to 2025-11-08 00:00:00+00:00, run_after=2025-11-09 00:00:00+00:00
[2025-11-09T21:35:39.571+0000] {processor.py:208} INFO - Processing /home/airflow/.local/lib/python3.12/site-packages/airflow/example_dags/example_inlet_event_extra.py took 2.082 seconds
[2025-11-09T21:36:09.852+0000] {processor.py:186} INFO - Started process (PID=3588) to work on /home/airflow/.local/lib/python3.12/site-packages/airflow/example_dags/example_inlet_event_extra.py
[2025-11-09T21:36:09.855+0000] {processor.py:914} INFO - Processing file /home/airflow/.local/lib/python3.12/site-packages/airflow/example_dags/example_inlet_event_extra.py for tasks to queue
[2025-11-09T21:36:09.864+0000] {logging_mixin.py:190} INFO - [2025-11-09T21:36:09.863+0000] {dagbag.py:588} INFO - Filling up the DagBag from /home/airflow/.local/lib/python3.12/site-packages/airflow/example_dags/example_inlet_event_extra.py
[2025-11-09T21:36:11.062+0000] {processor.py:925} INFO - DAG(s) 'read_dataset_event_from_classic', 'read_dataset_event' retrieved from /home/airflow/.local/lib/python3.12/site-packages/airflow/example_dags/example_inlet_event_extra.py
[2025-11-09T21:36:11.116+0000] {logging_mixin.py:190} INFO - [2025-11-09T21:36:11.115+0000] {dag.py:3239} INFO - Sync 2 DAGs
[2025-11-09T21:36:11.176+0000] {logging_mixin.py:190} INFO - [2025-11-09T21:36:11.176+0000] {dag.py:4180} INFO - Setting next_dagrun for read_dataset_event to 2025-11-08 00:00:00+00:00, run_after=2025-11-09 00:00:00+00:00
[2025-11-09T21:36:11.190+0000] {logging_mixin.py:190} INFO - [2025-11-09T21:36:11.190+0000] {dag.py:4180} INFO - Setting next_dagrun for read_dataset_event_from_classic to 2025-11-08 00:00:00+00:00, run_after=2025-11-09 00:00:00+00:00
[2025-11-09T21:36:11.224+0000] {processor.py:208} INFO - Processing /home/airflow/.local/lib/python3.12/site-packages/airflow/example_dags/example_inlet_event_extra.py took 1.393 seconds
[2025-11-09T21:36:41.807+0000] {processor.py:186} INFO - Started process (PID=3655) to work on /home/airflow/.local/lib/python3.12/site-packages/airflow/example_dags/example_inlet_event_extra.py
[2025-11-09T21:36:41.809+0000] {processor.py:914} INFO - Processing file /home/airflow/.local/lib/python3.12/site-packages/airflow/example_dags/example_inlet_event_extra.py for tasks to queue
[2025-11-09T21:36:41.817+0000] {logging_mixin.py:190} INFO - [2025-11-09T21:36:41.816+0000] {dagbag.py:588} INFO - Filling up the DagBag from /home/airflow/.local/lib/python3.12/site-packages/airflow/example_dags/example_inlet_event_extra.py
[2025-11-09T21:36:42.894+0000] {processor.py:925} INFO - DAG(s) 'read_dataset_event_from_classic', 'read_dataset_event' retrieved from /home/airflow/.local/lib/python3.12/site-packages/airflow/example_dags/example_inlet_event_extra.py
[2025-11-09T21:36:42.947+0000] {logging_mixin.py:190} INFO - [2025-11-09T21:36:42.946+0000] {dag.py:3239} INFO - Sync 2 DAGs
[2025-11-09T21:36:43.012+0000] {logging_mixin.py:190} INFO - [2025-11-09T21:36:43.011+0000] {dag.py:4180} INFO - Setting next_dagrun for read_dataset_event to 2025-11-08 00:00:00+00:00, run_after=2025-11-09 00:00:00+00:00
[2025-11-09T21:36:43.024+0000] {logging_mixin.py:190} INFO - [2025-11-09T21:36:43.023+0000] {dag.py:4180} INFO - Setting next_dagrun for read_dataset_event_from_classic to 2025-11-08 00:00:00+00:00, run_after=2025-11-09 00:00:00+00:00
[2025-11-09T21:36:43.072+0000] {processor.py:208} INFO - Processing /home/airflow/.local/lib/python3.12/site-packages/airflow/example_dags/example_inlet_event_extra.py took 1.284 seconds
[2025-11-09T21:37:13.430+0000] {processor.py:186} INFO - Started process (PID=3720) to work on /home/airflow/.local/lib/python3.12/site-packages/airflow/example_dags/example_inlet_event_extra.py
[2025-11-09T21:37:13.435+0000] {processor.py:914} INFO - Processing file /home/airflow/.local/lib/python3.12/site-packages/airflow/example_dags/example_inlet_event_extra.py for tasks to queue
[2025-11-09T21:37:13.445+0000] {logging_mixin.py:190} INFO - [2025-11-09T21:37:13.444+0000] {dagbag.py:588} INFO - Filling up the DagBag from /home/airflow/.local/lib/python3.12/site-packages/airflow/example_dags/example_inlet_event_extra.py
[2025-11-09T21:37:15.839+0000] {processor.py:925} INFO - DAG(s) 'read_dataset_event_from_classic', 'read_dataset_event' retrieved from /home/airflow/.local/lib/python3.12/site-packages/airflow/example_dags/example_inlet_event_extra.py
[2025-11-09T21:37:15.953+0000] {logging_mixin.py:190} INFO - [2025-11-09T21:37:15.952+0000] {dag.py:3239} INFO - Sync 2 DAGs
[2025-11-09T21:37:16.117+0000] {logging_mixin.py:190} INFO - [2025-11-09T21:37:16.116+0000] {dag.py:4180} INFO - Setting next_dagrun for read_dataset_event to 2025-11-08 00:00:00+00:00, run_after=2025-11-09 00:00:00+00:00
[2025-11-09T21:37:16.138+0000] {logging_mixin.py:190} INFO - [2025-11-09T21:37:16.137+0000] {dag.py:4180} INFO - Setting next_dagrun for read_dataset_event_from_classic to 2025-11-08 00:00:00+00:00, run_after=2025-11-09 00:00:00+00:00
[2025-11-09T21:37:16.206+0000] {processor.py:208} INFO - Processing /home/airflow/.local/lib/python3.12/site-packages/airflow/example_dags/example_inlet_event_extra.py took 2.809 seconds
[2025-11-09T21:37:46.567+0000] {processor.py:186} INFO - Started process (PID=3786) to work on /home/airflow/.local/lib/python3.12/site-packages/airflow/example_dags/example_inlet_event_extra.py
[2025-11-09T21:37:46.570+0000] {processor.py:914} INFO - Processing file /home/airflow/.local/lib/python3.12/site-packages/airflow/example_dags/example_inlet_event_extra.py for tasks to queue
[2025-11-09T21:37:46.580+0000] {logging_mixin.py:190} INFO - [2025-11-09T21:37:46.578+0000] {dagbag.py:588} INFO - Filling up the DagBag from /home/airflow/.local/lib/python3.12/site-packages/airflow/example_dags/example_inlet_event_extra.py
[2025-11-09T21:37:47.956+0000] {processor.py:925} INFO - DAG(s) 'read_dataset_event', 'read_dataset_event_from_classic' retrieved from /home/airflow/.local/lib/python3.12/site-packages/airflow/example_dags/example_inlet_event_extra.py
[2025-11-09T21:37:48.018+0000] {logging_mixin.py:190} INFO - [2025-11-09T21:37:48.017+0000] {dag.py:3239} INFO - Sync 2 DAGs
[2025-11-09T21:37:48.089+0000] {logging_mixin.py:190} INFO - [2025-11-09T21:37:48.088+0000] {dag.py:4180} INFO - Setting next_dagrun for read_dataset_event to 2025-11-08 00:00:00+00:00, run_after=2025-11-09 00:00:00+00:00
[2025-11-09T21:37:48.104+0000] {logging_mixin.py:190} INFO - [2025-11-09T21:37:48.104+0000] {dag.py:4180} INFO - Setting next_dagrun for read_dataset_event_from_classic to 2025-11-08 00:00:00+00:00, run_after=2025-11-09 00:00:00+00:00
[2025-11-09T21:37:48.152+0000] {processor.py:208} INFO - Processing /home/airflow/.local/lib/python3.12/site-packages/airflow/example_dags/example_inlet_event_extra.py took 1.608 seconds
[2025-11-09T21:38:18.955+0000] {processor.py:186} INFO - Started process (PID=3852) to work on /home/airflow/.local/lib/python3.12/site-packages/airflow/example_dags/example_inlet_event_extra.py
[2025-11-09T21:38:18.957+0000] {processor.py:914} INFO - Processing file /home/airflow/.local/lib/python3.12/site-packages/airflow/example_dags/example_inlet_event_extra.py for tasks to queue
[2025-11-09T21:38:18.961+0000] {logging_mixin.py:190} INFO - [2025-11-09T21:38:18.960+0000] {dagbag.py:588} INFO - Filling up the DagBag from /home/airflow/.local/lib/python3.12/site-packages/airflow/example_dags/example_inlet_event_extra.py
[2025-11-09T21:38:19.581+0000] {processor.py:925} INFO - DAG(s) 'read_dataset_event_from_classic', 'read_dataset_event' retrieved from /home/airflow/.local/lib/python3.12/site-packages/airflow/example_dags/example_inlet_event_extra.py
[2025-11-09T21:38:19.620+0000] {logging_mixin.py:190} INFO - [2025-11-09T21:38:19.620+0000] {dag.py:3239} INFO - Sync 2 DAGs
[2025-11-09T21:38:19.659+0000] {logging_mixin.py:190} INFO - [2025-11-09T21:38:19.659+0000] {dag.py:4180} INFO - Setting next_dagrun for read_dataset_event to 2025-11-08 00:00:00+00:00, run_after=2025-11-09 00:00:00+00:00
[2025-11-09T21:38:19.666+0000] {logging_mixin.py:190} INFO - [2025-11-09T21:38:19.666+0000] {dag.py:4180} INFO - Setting next_dagrun for read_dataset_event_from_classic to 2025-11-08 00:00:00+00:00, run_after=2025-11-09 00:00:00+00:00
[2025-11-09T21:38:19.694+0000] {processor.py:208} INFO - Processing /home/airflow/.local/lib/python3.12/site-packages/airflow/example_dags/example_inlet_event_extra.py took 0.751 seconds
[2025-11-09T21:38:50.029+0000] {processor.py:186} INFO - Started process (PID=3917) to work on /home/airflow/.local/lib/python3.12/site-packages/airflow/example_dags/example_inlet_event_extra.py
[2025-11-09T21:38:50.031+0000] {processor.py:914} INFO - Processing file /home/airflow/.local/lib/python3.12/site-packages/airflow/example_dags/example_inlet_event_extra.py for tasks to queue
[2025-11-09T21:38:50.037+0000] {logging_mixin.py:190} INFO - [2025-11-09T21:38:50.036+0000] {dagbag.py:588} INFO - Filling up the DagBag from /home/airflow/.local/lib/python3.12/site-packages/airflow/example_dags/example_inlet_event_extra.py
[2025-11-09T21:38:50.873+0000] {processor.py:925} INFO - DAG(s) 'read_dataset_event', 'read_dataset_event_from_classic' retrieved from /home/airflow/.local/lib/python3.12/site-packages/airflow/example_dags/example_inlet_event_extra.py
[2025-11-09T21:38:50.914+0000] {logging_mixin.py:190} INFO - [2025-11-09T21:38:50.913+0000] {dag.py:3239} INFO - Sync 2 DAGs
[2025-11-09T21:38:50.962+0000] {logging_mixin.py:190} INFO - [2025-11-09T21:38:50.961+0000] {dag.py:4180} INFO - Setting next_dagrun for read_dataset_event to 2025-11-08 00:00:00+00:00, run_after=2025-11-09 00:00:00+00:00
[2025-11-09T21:38:50.971+0000] {logging_mixin.py:190} INFO - [2025-11-09T21:38:50.971+0000] {dag.py:4180} INFO - Setting next_dagrun for read_dataset_event_from_classic to 2025-11-08 00:00:00+00:00, run_after=2025-11-09 00:00:00+00:00
[2025-11-09T21:38:51.004+0000] {processor.py:208} INFO - Processing /home/airflow/.local/lib/python3.12/site-packages/airflow/example_dags/example_inlet_event_extra.py took 0.993 seconds
[2025-11-09T21:39:21.410+0000] {processor.py:186} INFO - Started process (PID=3983) to work on /home/airflow/.local/lib/python3.12/site-packages/airflow/example_dags/example_inlet_event_extra.py
[2025-11-09T21:39:21.413+0000] {processor.py:914} INFO - Processing file /home/airflow/.local/lib/python3.12/site-packages/airflow/example_dags/example_inlet_event_extra.py for tasks to queue
[2025-11-09T21:39:21.419+0000] {logging_mixin.py:190} INFO - [2025-11-09T21:39:21.418+0000] {dagbag.py:588} INFO - Filling up the DagBag from /home/airflow/.local/lib/python3.12/site-packages/airflow/example_dags/example_inlet_event_extra.py
[2025-11-09T21:39:22.686+0000] {processor.py:925} INFO - DAG(s) 'read_dataset_event_from_classic', 'read_dataset_event' retrieved from /home/airflow/.local/lib/python3.12/site-packages/airflow/example_dags/example_inlet_event_extra.py
[2025-11-09T21:39:22.789+0000] {logging_mixin.py:190} INFO - [2025-11-09T21:39:22.788+0000] {dag.py:3239} INFO - Sync 2 DAGs
[2025-11-09T21:39:22.980+0000] {logging_mixin.py:190} INFO - [2025-11-09T21:39:22.979+0000] {dag.py:4180} INFO - Setting next_dagrun for read_dataset_event to 2025-11-08 00:00:00+00:00, run_after=2025-11-09 00:00:00+00:00
[2025-11-09T21:39:23.002+0000] {logging_mixin.py:190} INFO - [2025-11-09T21:39:23.001+0000] {dag.py:4180} INFO - Setting next_dagrun for read_dataset_event_from_classic to 2025-11-08 00:00:00+00:00, run_after=2025-11-09 00:00:00+00:00
[2025-11-09T21:39:23.063+0000] {processor.py:208} INFO - Processing /home/airflow/.local/lib/python3.12/site-packages/airflow/example_dags/example_inlet_event_extra.py took 1.671 seconds
[2025-11-09T21:39:53.683+0000] {processor.py:186} INFO - Started process (PID=4049) to work on /home/airflow/.local/lib/python3.12/site-packages/airflow/example_dags/example_inlet_event_extra.py
[2025-11-09T21:39:53.685+0000] {processor.py:914} INFO - Processing file /home/airflow/.local/lib/python3.12/site-packages/airflow/example_dags/example_inlet_event_extra.py for tasks to queue
[2025-11-09T21:39:53.692+0000] {logging_mixin.py:190} INFO - [2025-11-09T21:39:53.691+0000] {dagbag.py:588} INFO - Filling up the DagBag from /home/airflow/.local/lib/python3.12/site-packages/airflow/example_dags/example_inlet_event_extra.py
[2025-11-09T21:39:54.583+0000] {processor.py:925} INFO - DAG(s) 'read_dataset_event', 'read_dataset_event_from_classic' retrieved from /home/airflow/.local/lib/python3.12/site-packages/airflow/example_dags/example_inlet_event_extra.py
[2025-11-09T21:39:54.638+0000] {logging_mixin.py:190} INFO - [2025-11-09T21:39:54.637+0000] {dag.py:3239} INFO - Sync 2 DAGs
[2025-11-09T21:39:54.717+0000] {logging_mixin.py:190} INFO - [2025-11-09T21:39:54.716+0000] {dag.py:4180} INFO - Setting next_dagrun for read_dataset_event to 2025-11-08 00:00:00+00:00, run_after=2025-11-09 00:00:00+00:00
[2025-11-09T21:39:54.731+0000] {logging_mixin.py:190} INFO - [2025-11-09T21:39:54.730+0000] {dag.py:4180} INFO - Setting next_dagrun for read_dataset_event_from_classic to 2025-11-08 00:00:00+00:00, run_after=2025-11-09 00:00:00+00:00
[2025-11-09T21:39:54.774+0000] {processor.py:208} INFO - Processing /home/airflow/.local/lib/python3.12/site-packages/airflow/example_dags/example_inlet_event_extra.py took 1.109 seconds
[2025-11-09T21:40:25.344+0000] {processor.py:186} INFO - Started process (PID=4116) to work on /home/airflow/.local/lib/python3.12/site-packages/airflow/example_dags/example_inlet_event_extra.py
[2025-11-09T21:40:25.346+0000] {processor.py:914} INFO - Processing file /home/airflow/.local/lib/python3.12/site-packages/airflow/example_dags/example_inlet_event_extra.py for tasks to queue
[2025-11-09T21:40:25.350+0000] {logging_mixin.py:190} INFO - [2025-11-09T21:40:25.349+0000] {dagbag.py:588} INFO - Filling up the DagBag from /home/airflow/.local/lib/python3.12/site-packages/airflow/example_dags/example_inlet_event_extra.py
[2025-11-09T21:40:25.915+0000] {processor.py:925} INFO - DAG(s) 'read_dataset_event_from_classic', 'read_dataset_event' retrieved from /home/airflow/.local/lib/python3.12/site-packages/airflow/example_dags/example_inlet_event_extra.py
[2025-11-09T21:40:25.956+0000] {logging_mixin.py:190} INFO - [2025-11-09T21:40:25.955+0000] {dag.py:3239} INFO - Sync 2 DAGs
[2025-11-09T21:40:25.997+0000] {logging_mixin.py:190} INFO - [2025-11-09T21:40:25.996+0000] {dag.py:4180} INFO - Setting next_dagrun for read_dataset_event to 2025-11-08 00:00:00+00:00, run_after=2025-11-09 00:00:00+00:00
[2025-11-09T21:40:26.004+0000] {logging_mixin.py:190} INFO - [2025-11-09T21:40:26.004+0000] {dag.py:4180} INFO - Setting next_dagrun for read_dataset_event_from_classic to 2025-11-08 00:00:00+00:00, run_after=2025-11-09 00:00:00+00:00
[2025-11-09T21:40:26.033+0000] {processor.py:208} INFO - Processing /home/airflow/.local/lib/python3.12/site-packages/airflow/example_dags/example_inlet_event_extra.py took 0.698 seconds
[2025-11-09T21:40:56.737+0000] {processor.py:186} INFO - Started process (PID=4180) to work on /home/airflow/.local/lib/python3.12/site-packages/airflow/example_dags/example_inlet_event_extra.py
[2025-11-09T21:40:56.739+0000] {processor.py:914} INFO - Processing file /home/airflow/.local/lib/python3.12/site-packages/airflow/example_dags/example_inlet_event_extra.py for tasks to queue
[2025-11-09T21:40:56.743+0000] {logging_mixin.py:190} INFO - [2025-11-09T21:40:56.743+0000] {dagbag.py:588} INFO - Filling up the DagBag from /home/airflow/.local/lib/python3.12/site-packages/airflow/example_dags/example_inlet_event_extra.py
[2025-11-09T21:40:57.474+0000] {processor.py:925} INFO - DAG(s) 'read_dataset_event_from_classic', 'read_dataset_event' retrieved from /home/airflow/.local/lib/python3.12/site-packages/airflow/example_dags/example_inlet_event_extra.py
[2025-11-09T21:40:57.518+0000] {logging_mixin.py:190} INFO - [2025-11-09T21:40:57.517+0000] {dag.py:3239} INFO - Sync 2 DAGs
[2025-11-09T21:40:57.567+0000] {logging_mixin.py:190} INFO - [2025-11-09T21:40:57.567+0000] {dag.py:4180} INFO - Setting next_dagrun for read_dataset_event to 2025-11-08 00:00:00+00:00, run_after=2025-11-09 00:00:00+00:00
[2025-11-09T21:40:57.576+0000] {logging_mixin.py:190} INFO - [2025-11-09T21:40:57.576+0000] {dag.py:4180} INFO - Setting next_dagrun for read_dataset_event_from_classic to 2025-11-08 00:00:00+00:00, run_after=2025-11-09 00:00:00+00:00
[2025-11-09T21:40:57.607+0000] {processor.py:208} INFO - Processing /home/airflow/.local/lib/python3.12/site-packages/airflow/example_dags/example_inlet_event_extra.py took 0.879 seconds
[2025-11-09T21:41:28.252+0000] {processor.py:186} INFO - Started process (PID=4252) to work on /home/airflow/.local/lib/python3.12/site-packages/airflow/example_dags/example_inlet_event_extra.py
[2025-11-09T21:41:28.253+0000] {processor.py:914} INFO - Processing file /home/airflow/.local/lib/python3.12/site-packages/airflow/example_dags/example_inlet_event_extra.py for tasks to queue
[2025-11-09T21:41:28.258+0000] {logging_mixin.py:190} INFO - [2025-11-09T21:41:28.257+0000] {dagbag.py:588} INFO - Filling up the DagBag from /home/airflow/.local/lib/python3.12/site-packages/airflow/example_dags/example_inlet_event_extra.py
[2025-11-09T21:41:28.881+0000] {processor.py:925} INFO - DAG(s) 'read_dataset_event', 'read_dataset_event_from_classic' retrieved from /home/airflow/.local/lib/python3.12/site-packages/airflow/example_dags/example_inlet_event_extra.py
[2025-11-09T21:41:28.917+0000] {logging_mixin.py:190} INFO - [2025-11-09T21:41:28.917+0000] {dag.py:3239} INFO - Sync 2 DAGs
[2025-11-09T21:41:28.958+0000] {logging_mixin.py:190} INFO - [2025-11-09T21:41:28.958+0000] {dag.py:4180} INFO - Setting next_dagrun for read_dataset_event to 2025-11-08 00:00:00+00:00, run_after=2025-11-09 00:00:00+00:00
[2025-11-09T21:41:28.965+0000] {logging_mixin.py:190} INFO - [2025-11-09T21:41:28.965+0000] {dag.py:4180} INFO - Setting next_dagrun for read_dataset_event_from_classic to 2025-11-08 00:00:00+00:00, run_after=2025-11-09 00:00:00+00:00
[2025-11-09T21:41:28.994+0000] {processor.py:208} INFO - Processing /home/airflow/.local/lib/python3.12/site-packages/airflow/example_dags/example_inlet_event_extra.py took 0.753 seconds
[2025-11-09T21:41:59.099+0000] {processor.py:186} INFO - Started process (PID=4316) to work on /home/airflow/.local/lib/python3.12/site-packages/airflow/example_dags/example_inlet_event_extra.py
[2025-11-09T21:41:59.102+0000] {processor.py:914} INFO - Processing file /home/airflow/.local/lib/python3.12/site-packages/airflow/example_dags/example_inlet_event_extra.py for tasks to queue
[2025-11-09T21:41:59.107+0000] {logging_mixin.py:190} INFO - [2025-11-09T21:41:59.106+0000] {dagbag.py:588} INFO - Filling up the DagBag from /home/airflow/.local/lib/python3.12/site-packages/airflow/example_dags/example_inlet_event_extra.py
[2025-11-09T21:42:00.142+0000] {processor.py:925} INFO - DAG(s) 'read_dataset_event', 'read_dataset_event_from_classic' retrieved from /home/airflow/.local/lib/python3.12/site-packages/airflow/example_dags/example_inlet_event_extra.py
[2025-11-09T21:42:00.205+0000] {logging_mixin.py:190} INFO - [2025-11-09T21:42:00.204+0000] {dag.py:3239} INFO - Sync 2 DAGs
[2025-11-09T21:42:00.292+0000] {logging_mixin.py:190} INFO - [2025-11-09T21:42:00.292+0000] {dag.py:4180} INFO - Setting next_dagrun for read_dataset_event to 2025-11-08 00:00:00+00:00, run_after=2025-11-09 00:00:00+00:00
[2025-11-09T21:42:00.308+0000] {logging_mixin.py:190} INFO - [2025-11-09T21:42:00.307+0000] {dag.py:4180} INFO - Setting next_dagrun for read_dataset_event_from_classic to 2025-11-08 00:00:00+00:00, run_after=2025-11-09 00:00:00+00:00
[2025-11-09T21:42:00.350+0000] {processor.py:208} INFO - Processing /home/airflow/.local/lib/python3.12/site-packages/airflow/example_dags/example_inlet_event_extra.py took 1.265 seconds
[2025-11-09T21:42:31.303+0000] {processor.py:186} INFO - Started process (PID=4384) to work on /home/airflow/.local/lib/python3.12/site-packages/airflow/example_dags/example_inlet_event_extra.py
[2025-11-09T21:42:31.305+0000] {processor.py:914} INFO - Processing file /home/airflow/.local/lib/python3.12/site-packages/airflow/example_dags/example_inlet_event_extra.py for tasks to queue
[2025-11-09T21:42:31.309+0000] {logging_mixin.py:190} INFO - [2025-11-09T21:42:31.309+0000] {dagbag.py:588} INFO - Filling up the DagBag from /home/airflow/.local/lib/python3.12/site-packages/airflow/example_dags/example_inlet_event_extra.py
[2025-11-09T21:42:32.006+0000] {processor.py:925} INFO - DAG(s) 'read_dataset_event_from_classic', 'read_dataset_event' retrieved from /home/airflow/.local/lib/python3.12/site-packages/airflow/example_dags/example_inlet_event_extra.py
[2025-11-09T21:42:32.046+0000] {logging_mixin.py:190} INFO - [2025-11-09T21:42:32.046+0000] {dag.py:3239} INFO - Sync 2 DAGs
[2025-11-09T21:42:32.099+0000] {logging_mixin.py:190} INFO - [2025-11-09T21:42:32.098+0000] {dag.py:4180} INFO - Setting next_dagrun for read_dataset_event to 2025-11-08 00:00:00+00:00, run_after=2025-11-09 00:00:00+00:00
[2025-11-09T21:42:32.108+0000] {logging_mixin.py:190} INFO - [2025-11-09T21:42:32.107+0000] {dag.py:4180} INFO - Setting next_dagrun for read_dataset_event_from_classic to 2025-11-08 00:00:00+00:00, run_after=2025-11-09 00:00:00+00:00
[2025-11-09T21:42:32.139+0000] {processor.py:208} INFO - Processing /home/airflow/.local/lib/python3.12/site-packages/airflow/example_dags/example_inlet_event_extra.py took 0.848 seconds
[2025-11-09T21:43:02.908+0000] {processor.py:186} INFO - Started process (PID=4451) to work on /home/airflow/.local/lib/python3.12/site-packages/airflow/example_dags/example_inlet_event_extra.py
[2025-11-09T21:43:02.910+0000] {processor.py:914} INFO - Processing file /home/airflow/.local/lib/python3.12/site-packages/airflow/example_dags/example_inlet_event_extra.py for tasks to queue
[2025-11-09T21:43:02.916+0000] {logging_mixin.py:190} INFO - [2025-11-09T21:43:02.915+0000] {dagbag.py:588} INFO - Filling up the DagBag from /home/airflow/.local/lib/python3.12/site-packages/airflow/example_dags/example_inlet_event_extra.py
[2025-11-09T21:43:03.728+0000] {processor.py:925} INFO - DAG(s) 'read_dataset_event', 'read_dataset_event_from_classic' retrieved from /home/airflow/.local/lib/python3.12/site-packages/airflow/example_dags/example_inlet_event_extra.py
[2025-11-09T21:43:03.773+0000] {logging_mixin.py:190} INFO - [2025-11-09T21:43:03.772+0000] {dag.py:3239} INFO - Sync 2 DAGs
[2025-11-09T21:43:03.818+0000] {logging_mixin.py:190} INFO - [2025-11-09T21:43:03.818+0000] {dag.py:4180} INFO - Setting next_dagrun for read_dataset_event to 2025-11-08 00:00:00+00:00, run_after=2025-11-09 00:00:00+00:00
[2025-11-09T21:43:03.827+0000] {logging_mixin.py:190} INFO - [2025-11-09T21:43:03.827+0000] {dag.py:4180} INFO - Setting next_dagrun for read_dataset_event_from_classic to 2025-11-08 00:00:00+00:00, run_after=2025-11-09 00:00:00+00:00
[2025-11-09T21:43:03.854+0000] {processor.py:208} INFO - Processing /home/airflow/.local/lib/python3.12/site-packages/airflow/example_dags/example_inlet_event_extra.py took 0.959 seconds
[2025-11-09T21:43:34.077+0000] {processor.py:186} INFO - Started process (PID=4515) to work on /home/airflow/.local/lib/python3.12/site-packages/airflow/example_dags/example_inlet_event_extra.py
[2025-11-09T21:43:34.080+0000] {processor.py:914} INFO - Processing file /home/airflow/.local/lib/python3.12/site-packages/airflow/example_dags/example_inlet_event_extra.py for tasks to queue
[2025-11-09T21:43:34.088+0000] {logging_mixin.py:190} INFO - [2025-11-09T21:43:34.087+0000] {dagbag.py:588} INFO - Filling up the DagBag from /home/airflow/.local/lib/python3.12/site-packages/airflow/example_dags/example_inlet_event_extra.py
[2025-11-09T21:43:35.128+0000] {processor.py:925} INFO - DAG(s) 'read_dataset_event', 'read_dataset_event_from_classic' retrieved from /home/airflow/.local/lib/python3.12/site-packages/airflow/example_dags/example_inlet_event_extra.py
[2025-11-09T21:43:35.197+0000] {logging_mixin.py:190} INFO - [2025-11-09T21:43:35.196+0000] {dag.py:3239} INFO - Sync 2 DAGs
[2025-11-09T21:43:35.258+0000] {logging_mixin.py:190} INFO - [2025-11-09T21:43:35.257+0000] {dag.py:4180} INFO - Setting next_dagrun for read_dataset_event to 2025-11-08 00:00:00+00:00, run_after=2025-11-09 00:00:00+00:00
[2025-11-09T21:43:35.269+0000] {logging_mixin.py:190} INFO - [2025-11-09T21:43:35.269+0000] {dag.py:4180} INFO - Setting next_dagrun for read_dataset_event_from_classic to 2025-11-08 00:00:00+00:00, run_after=2025-11-09 00:00:00+00:00
[2025-11-09T21:43:35.315+0000] {processor.py:208} INFO - Processing /home/airflow/.local/lib/python3.12/site-packages/airflow/example_dags/example_inlet_event_extra.py took 1.256 seconds
[2025-11-09T21:44:05.470+0000] {processor.py:186} INFO - Started process (PID=4581) to work on /home/airflow/.local/lib/python3.12/site-packages/airflow/example_dags/example_inlet_event_extra.py
[2025-11-09T21:44:05.473+0000] {processor.py:914} INFO - Processing file /home/airflow/.local/lib/python3.12/site-packages/airflow/example_dags/example_inlet_event_extra.py for tasks to queue
[2025-11-09T21:44:05.478+0000] {logging_mixin.py:190} INFO - [2025-11-09T21:44:05.478+0000] {dagbag.py:588} INFO - Filling up the DagBag from /home/airflow/.local/lib/python3.12/site-packages/airflow/example_dags/example_inlet_event_extra.py
[2025-11-09T21:44:06.302+0000] {processor.py:925} INFO - DAG(s) 'read_dataset_event_from_classic', 'read_dataset_event' retrieved from /home/airflow/.local/lib/python3.12/site-packages/airflow/example_dags/example_inlet_event_extra.py
[2025-11-09T21:44:06.348+0000] {logging_mixin.py:190} INFO - [2025-11-09T21:44:06.347+0000] {dag.py:3239} INFO - Sync 2 DAGs
[2025-11-09T21:44:06.396+0000] {logging_mixin.py:190} INFO - [2025-11-09T21:44:06.396+0000] {dag.py:4180} INFO - Setting next_dagrun for read_dataset_event to 2025-11-08 00:00:00+00:00, run_after=2025-11-09 00:00:00+00:00
[2025-11-09T21:44:06.407+0000] {logging_mixin.py:190} INFO - [2025-11-09T21:44:06.407+0000] {dag.py:4180} INFO - Setting next_dagrun for read_dataset_event_from_classic to 2025-11-08 00:00:00+00:00, run_after=2025-11-09 00:00:00+00:00
[2025-11-09T21:44:06.438+0000] {processor.py:208} INFO - Processing /home/airflow/.local/lib/python3.12/site-packages/airflow/example_dags/example_inlet_event_extra.py took 0.981 seconds
[2025-11-09T21:44:36.947+0000] {processor.py:186} INFO - Started process (PID=4646) to work on /home/airflow/.local/lib/python3.12/site-packages/airflow/example_dags/example_inlet_event_extra.py
[2025-11-09T21:44:36.950+0000] {processor.py:914} INFO - Processing file /home/airflow/.local/lib/python3.12/site-packages/airflow/example_dags/example_inlet_event_extra.py for tasks to queue
[2025-11-09T21:44:36.960+0000] {logging_mixin.py:190} INFO - [2025-11-09T21:44:36.959+0000] {dagbag.py:588} INFO - Filling up the DagBag from /home/airflow/.local/lib/python3.12/site-packages/airflow/example_dags/example_inlet_event_extra.py
[2025-11-09T21:44:38.014+0000] {processor.py:925} INFO - DAG(s) 'read_dataset_event', 'read_dataset_event_from_classic' retrieved from /home/airflow/.local/lib/python3.12/site-packages/airflow/example_dags/example_inlet_event_extra.py
[2025-11-09T21:44:38.060+0000] {logging_mixin.py:190} INFO - [2025-11-09T21:44:38.059+0000] {dag.py:3239} INFO - Sync 2 DAGs
[2025-11-09T21:44:38.363+0000] {logging_mixin.py:190} INFO - [2025-11-09T21:44:38.363+0000] {dag.py:4180} INFO - Setting next_dagrun for read_dataset_event to 2025-11-08 00:00:00+00:00, run_after=2025-11-09 00:00:00+00:00
[2025-11-09T21:44:38.372+0000] {logging_mixin.py:190} INFO - [2025-11-09T21:44:38.372+0000] {dag.py:4180} INFO - Setting next_dagrun for read_dataset_event_from_classic to 2025-11-08 00:00:00+00:00, run_after=2025-11-09 00:00:00+00:00
[2025-11-09T21:44:38.401+0000] {processor.py:208} INFO - Processing /home/airflow/.local/lib/python3.12/site-packages/airflow/example_dags/example_inlet_event_extra.py took 1.473 seconds
[2025-11-09T21:45:08.566+0000] {processor.py:186} INFO - Started process (PID=4711) to work on /home/airflow/.local/lib/python3.12/site-packages/airflow/example_dags/example_inlet_event_extra.py
[2025-11-09T21:45:08.568+0000] {processor.py:914} INFO - Processing file /home/airflow/.local/lib/python3.12/site-packages/airflow/example_dags/example_inlet_event_extra.py for tasks to queue
[2025-11-09T21:45:08.575+0000] {logging_mixin.py:190} INFO - [2025-11-09T21:45:08.574+0000] {dagbag.py:588} INFO - Filling up the DagBag from /home/airflow/.local/lib/python3.12/site-packages/airflow/example_dags/example_inlet_event_extra.py
[2025-11-09T21:45:09.377+0000] {processor.py:925} INFO - DAG(s) 'read_dataset_event', 'read_dataset_event_from_classic' retrieved from /home/airflow/.local/lib/python3.12/site-packages/airflow/example_dags/example_inlet_event_extra.py
[2025-11-09T21:45:09.420+0000] {logging_mixin.py:190} INFO - [2025-11-09T21:45:09.420+0000] {dag.py:3239} INFO - Sync 2 DAGs
[2025-11-09T21:45:09.683+0000] {logging_mixin.py:190} INFO - [2025-11-09T21:45:09.683+0000] {dag.py:4180} INFO - Setting next_dagrun for read_dataset_event to 2025-11-08 00:00:00+00:00, run_after=2025-11-09 00:00:00+00:00
[2025-11-09T21:45:09.691+0000] {logging_mixin.py:190} INFO - [2025-11-09T21:45:09.690+0000] {dag.py:4180} INFO - Setting next_dagrun for read_dataset_event_from_classic to 2025-11-08 00:00:00+00:00, run_after=2025-11-09 00:00:00+00:00
[2025-11-09T21:45:09.713+0000] {processor.py:208} INFO - Processing /home/airflow/.local/lib/python3.12/site-packages/airflow/example_dags/example_inlet_event_extra.py took 1.161 seconds
[2025-11-09T21:45:40.217+0000] {processor.py:186} INFO - Started process (PID=4777) to work on /home/airflow/.local/lib/python3.12/site-packages/airflow/example_dags/example_inlet_event_extra.py
[2025-11-09T21:45:40.220+0000] {processor.py:914} INFO - Processing file /home/airflow/.local/lib/python3.12/site-packages/airflow/example_dags/example_inlet_event_extra.py for tasks to queue
[2025-11-09T21:45:40.230+0000] {logging_mixin.py:190} INFO - [2025-11-09T21:45:40.229+0000] {dagbag.py:588} INFO - Filling up the DagBag from /home/airflow/.local/lib/python3.12/site-packages/airflow/example_dags/example_inlet_event_extra.py
[2025-11-09T21:45:41.633+0000] {processor.py:925} INFO - DAG(s) 'read_dataset_event', 'read_dataset_event_from_classic' retrieved from /home/airflow/.local/lib/python3.12/site-packages/airflow/example_dags/example_inlet_event_extra.py
[2025-11-09T21:45:41.694+0000] {logging_mixin.py:190} INFO - [2025-11-09T21:45:41.694+0000] {dag.py:3239} INFO - Sync 2 DAGs
[2025-11-09T21:45:42.135+0000] {logging_mixin.py:190} INFO - [2025-11-09T21:45:42.135+0000] {dag.py:4180} INFO - Setting next_dagrun for read_dataset_event to 2025-11-08 00:00:00+00:00, run_after=2025-11-09 00:00:00+00:00
[2025-11-09T21:45:42.152+0000] {logging_mixin.py:190} INFO - [2025-11-09T21:45:42.151+0000] {dag.py:4180} INFO - Setting next_dagrun for read_dataset_event_from_classic to 2025-11-08 00:00:00+00:00, run_after=2025-11-09 00:00:00+00:00
[2025-11-09T21:45:42.198+0000] {processor.py:208} INFO - Processing /home/airflow/.local/lib/python3.12/site-packages/airflow/example_dags/example_inlet_event_extra.py took 2.007 seconds
[2025-11-09T21:46:12.655+0000] {processor.py:186} INFO - Started process (PID=4841) to work on /home/airflow/.local/lib/python3.12/site-packages/airflow/example_dags/example_inlet_event_extra.py
[2025-11-09T21:46:12.658+0000] {processor.py:914} INFO - Processing file /home/airflow/.local/lib/python3.12/site-packages/airflow/example_dags/example_inlet_event_extra.py for tasks to queue
[2025-11-09T21:46:12.667+0000] {logging_mixin.py:190} INFO - [2025-11-09T21:46:12.666+0000] {dagbag.py:588} INFO - Filling up the DagBag from /home/airflow/.local/lib/python3.12/site-packages/airflow/example_dags/example_inlet_event_extra.py
[2025-11-09T21:46:14.319+0000] {processor.py:925} INFO - DAG(s) 'read_dataset_event', 'read_dataset_event_from_classic' retrieved from /home/airflow/.local/lib/python3.12/site-packages/airflow/example_dags/example_inlet_event_extra.py
[2025-11-09T21:46:14.402+0000] {logging_mixin.py:190} INFO - [2025-11-09T21:46:14.402+0000] {dag.py:3239} INFO - Sync 2 DAGs
[2025-11-09T21:46:14.944+0000] {logging_mixin.py:190} INFO - [2025-11-09T21:46:14.943+0000] {dag.py:4180} INFO - Setting next_dagrun for read_dataset_event to 2025-11-08 00:00:00+00:00, run_after=2025-11-09 00:00:00+00:00
[2025-11-09T21:46:14.960+0000] {logging_mixin.py:190} INFO - [2025-11-09T21:46:14.959+0000] {dag.py:4180} INFO - Setting next_dagrun for read_dataset_event_from_classic to 2025-11-08 00:00:00+00:00, run_after=2025-11-09 00:00:00+00:00
[2025-11-09T21:46:14.999+0000] {processor.py:208} INFO - Processing /home/airflow/.local/lib/python3.12/site-packages/airflow/example_dags/example_inlet_event_extra.py took 2.369 seconds
[2025-11-09T21:46:45.921+0000] {processor.py:186} INFO - Started process (PID=4905) to work on /home/airflow/.local/lib/python3.12/site-packages/airflow/example_dags/example_inlet_event_extra.py
[2025-11-09T21:46:45.925+0000] {processor.py:914} INFO - Processing file /home/airflow/.local/lib/python3.12/site-packages/airflow/example_dags/example_inlet_event_extra.py for tasks to queue
[2025-11-09T21:46:45.933+0000] {logging_mixin.py:190} INFO - [2025-11-09T21:46:45.932+0000] {dagbag.py:588} INFO - Filling up the DagBag from /home/airflow/.local/lib/python3.12/site-packages/airflow/example_dags/example_inlet_event_extra.py
[2025-11-09T21:46:47.023+0000] {processor.py:925} INFO - DAG(s) 'read_dataset_event', 'read_dataset_event_from_classic' retrieved from /home/airflow/.local/lib/python3.12/site-packages/airflow/example_dags/example_inlet_event_extra.py
[2025-11-09T21:46:47.083+0000] {logging_mixin.py:190} INFO - [2025-11-09T21:46:47.082+0000] {dag.py:3239} INFO - Sync 2 DAGs
[2025-11-09T21:46:47.147+0000] {logging_mixin.py:190} INFO - [2025-11-09T21:46:47.147+0000] {dag.py:4180} INFO - Setting next_dagrun for read_dataset_event to 2025-11-08 00:00:00+00:00, run_after=2025-11-09 00:00:00+00:00
[2025-11-09T21:46:47.159+0000] {logging_mixin.py:190} INFO - [2025-11-09T21:46:47.158+0000] {dag.py:4180} INFO - Setting next_dagrun for read_dataset_event_from_classic to 2025-11-08 00:00:00+00:00, run_after=2025-11-09 00:00:00+00:00
[2025-11-09T21:46:47.202+0000] {processor.py:208} INFO - Processing /home/airflow/.local/lib/python3.12/site-packages/airflow/example_dags/example_inlet_event_extra.py took 1.297 seconds
[2025-11-09T21:47:17.951+0000] {processor.py:186} INFO - Started process (PID=4972) to work on /home/airflow/.local/lib/python3.12/site-packages/airflow/example_dags/example_inlet_event_extra.py
[2025-11-09T21:47:17.953+0000] {processor.py:914} INFO - Processing file /home/airflow/.local/lib/python3.12/site-packages/airflow/example_dags/example_inlet_event_extra.py for tasks to queue
[2025-11-09T21:47:17.958+0000] {logging_mixin.py:190} INFO - [2025-11-09T21:47:17.957+0000] {dagbag.py:588} INFO - Filling up the DagBag from /home/airflow/.local/lib/python3.12/site-packages/airflow/example_dags/example_inlet_event_extra.py
[2025-11-09T21:47:19.197+0000] {processor.py:925} INFO - DAG(s) 'read_dataset_event_from_classic', 'read_dataset_event' retrieved from /home/airflow/.local/lib/python3.12/site-packages/airflow/example_dags/example_inlet_event_extra.py
[2025-11-09T21:47:19.241+0000] {logging_mixin.py:190} INFO - [2025-11-09T21:47:19.241+0000] {dag.py:3239} INFO - Sync 2 DAGs
[2025-11-09T21:47:19.284+0000] {logging_mixin.py:190} INFO - [2025-11-09T21:47:19.284+0000] {dag.py:4180} INFO - Setting next_dagrun for read_dataset_event to 2025-11-08 00:00:00+00:00, run_after=2025-11-09 00:00:00+00:00
[2025-11-09T21:47:19.293+0000] {logging_mixin.py:190} INFO - [2025-11-09T21:47:19.293+0000] {dag.py:4180} INFO - Setting next_dagrun for read_dataset_event_from_classic to 2025-11-08 00:00:00+00:00, run_after=2025-11-09 00:00:00+00:00
[2025-11-09T21:47:19.322+0000] {processor.py:208} INFO - Processing /home/airflow/.local/lib/python3.12/site-packages/airflow/example_dags/example_inlet_event_extra.py took 1.382 seconds
[2025-11-09T21:47:49.643+0000] {processor.py:186} INFO - Started process (PID=5039) to work on /home/airflow/.local/lib/python3.12/site-packages/airflow/example_dags/example_inlet_event_extra.py
[2025-11-09T21:47:49.645+0000] {processor.py:914} INFO - Processing file /home/airflow/.local/lib/python3.12/site-packages/airflow/example_dags/example_inlet_event_extra.py for tasks to queue
[2025-11-09T21:47:49.652+0000] {logging_mixin.py:190} INFO - [2025-11-09T21:47:49.651+0000] {dagbag.py:588} INFO - Filling up the DagBag from /home/airflow/.local/lib/python3.12/site-packages/airflow/example_dags/example_inlet_event_extra.py
[2025-11-09T21:47:50.769+0000] {processor.py:925} INFO - DAG(s) 'read_dataset_event_from_classic', 'read_dataset_event' retrieved from /home/airflow/.local/lib/python3.12/site-packages/airflow/example_dags/example_inlet_event_extra.py
[2025-11-09T21:47:50.824+0000] {logging_mixin.py:190} INFO - [2025-11-09T21:47:50.823+0000] {dag.py:3239} INFO - Sync 2 DAGs
[2025-11-09T21:47:50.893+0000] {logging_mixin.py:190} INFO - [2025-11-09T21:47:50.892+0000] {dag.py:4180} INFO - Setting next_dagrun for read_dataset_event to 2025-11-08 00:00:00+00:00, run_after=2025-11-09 00:00:00+00:00
[2025-11-09T21:47:50.905+0000] {logging_mixin.py:190} INFO - [2025-11-09T21:47:50.905+0000] {dag.py:4180} INFO - Setting next_dagrun for read_dataset_event_from_classic to 2025-11-08 00:00:00+00:00, run_after=2025-11-09 00:00:00+00:00
[2025-11-09T21:47:51.322+0000] {processor.py:208} INFO - Processing /home/airflow/.local/lib/python3.12/site-packages/airflow/example_dags/example_inlet_event_extra.py took 1.697 seconds
[2025-11-09T21:48:21.575+0000] {processor.py:186} INFO - Started process (PID=5103) to work on /home/airflow/.local/lib/python3.12/site-packages/airflow/example_dags/example_inlet_event_extra.py
[2025-11-09T21:48:21.578+0000] {processor.py:914} INFO - Processing file /home/airflow/.local/lib/python3.12/site-packages/airflow/example_dags/example_inlet_event_extra.py for tasks to queue
[2025-11-09T21:48:21.585+0000] {logging_mixin.py:190} INFO - [2025-11-09T21:48:21.584+0000] {dagbag.py:588} INFO - Filling up the DagBag from /home/airflow/.local/lib/python3.12/site-packages/airflow/example_dags/example_inlet_event_extra.py
[2025-11-09T21:48:22.767+0000] {processor.py:925} INFO - DAG(s) 'read_dataset_event_from_classic', 'read_dataset_event' retrieved from /home/airflow/.local/lib/python3.12/site-packages/airflow/example_dags/example_inlet_event_extra.py
[2025-11-09T21:48:22.809+0000] {logging_mixin.py:190} INFO - [2025-11-09T21:48:22.809+0000] {dag.py:3239} INFO - Sync 2 DAGs
[2025-11-09T21:48:22.857+0000] {logging_mixin.py:190} INFO - [2025-11-09T21:48:22.857+0000] {dag.py:4180} INFO - Setting next_dagrun for read_dataset_event to 2025-11-08 00:00:00+00:00, run_after=2025-11-09 00:00:00+00:00
[2025-11-09T21:48:22.867+0000] {logging_mixin.py:190} INFO - [2025-11-09T21:48:22.866+0000] {dag.py:4180} INFO - Setting next_dagrun for read_dataset_event_from_classic to 2025-11-08 00:00:00+00:00, run_after=2025-11-09 00:00:00+00:00
[2025-11-09T21:48:22.898+0000] {processor.py:208} INFO - Processing /home/airflow/.local/lib/python3.12/site-packages/airflow/example_dags/example_inlet_event_extra.py took 1.337 seconds
[2025-11-09T21:48:53.339+0000] {processor.py:186} INFO - Started process (PID=5171) to work on /home/airflow/.local/lib/python3.12/site-packages/airflow/example_dags/example_inlet_event_extra.py
[2025-11-09T21:48:53.342+0000] {processor.py:914} INFO - Processing file /home/airflow/.local/lib/python3.12/site-packages/airflow/example_dags/example_inlet_event_extra.py for tasks to queue
[2025-11-09T21:48:53.348+0000] {logging_mixin.py:190} INFO - [2025-11-09T21:48:53.347+0000] {dagbag.py:588} INFO - Filling up the DagBag from /home/airflow/.local/lib/python3.12/site-packages/airflow/example_dags/example_inlet_event_extra.py
[2025-11-09T21:48:54.491+0000] {processor.py:925} INFO - DAG(s) 'read_dataset_event', 'read_dataset_event_from_classic' retrieved from /home/airflow/.local/lib/python3.12/site-packages/airflow/example_dags/example_inlet_event_extra.py
[2025-11-09T21:48:54.543+0000] {logging_mixin.py:190} INFO - [2025-11-09T21:48:54.542+0000] {dag.py:3239} INFO - Sync 2 DAGs
[2025-11-09T21:48:54.619+0000] {logging_mixin.py:190} INFO - [2025-11-09T21:48:54.618+0000] {dag.py:4180} INFO - Setting next_dagrun for read_dataset_event to 2025-11-08 00:00:00+00:00, run_after=2025-11-09 00:00:00+00:00
[2025-11-09T21:48:54.633+0000] {logging_mixin.py:190} INFO - [2025-11-09T21:48:54.633+0000] {dag.py:4180} INFO - Setting next_dagrun for read_dataset_event_from_classic to 2025-11-08 00:00:00+00:00, run_after=2025-11-09 00:00:00+00:00
[2025-11-09T21:48:54.678+0000] {processor.py:208} INFO - Processing /home/airflow/.local/lib/python3.12/site-packages/airflow/example_dags/example_inlet_event_extra.py took 1.351 seconds
[2025-11-09T21:49:25.262+0000] {processor.py:186} INFO - Started process (PID=5236) to work on /home/airflow/.local/lib/python3.12/site-packages/airflow/example_dags/example_inlet_event_extra.py
[2025-11-09T21:49:25.264+0000] {processor.py:914} INFO - Processing file /home/airflow/.local/lib/python3.12/site-packages/airflow/example_dags/example_inlet_event_extra.py for tasks to queue
[2025-11-09T21:49:25.269+0000] {logging_mixin.py:190} INFO - [2025-11-09T21:49:25.268+0000] {dagbag.py:588} INFO - Filling up the DagBag from /home/airflow/.local/lib/python3.12/site-packages/airflow/example_dags/example_inlet_event_extra.py
[2025-11-09T21:49:26.280+0000] {processor.py:925} INFO - DAG(s) 'read_dataset_event_from_classic', 'read_dataset_event' retrieved from /home/airflow/.local/lib/python3.12/site-packages/airflow/example_dags/example_inlet_event_extra.py
[2025-11-09T21:49:26.318+0000] {logging_mixin.py:190} INFO - [2025-11-09T21:49:26.317+0000] {dag.py:3239} INFO - Sync 2 DAGs
[2025-11-09T21:49:26.361+0000] {logging_mixin.py:190} INFO - [2025-11-09T21:49:26.361+0000] {dag.py:4180} INFO - Setting next_dagrun for read_dataset_event to 2025-11-08 00:00:00+00:00, run_after=2025-11-09 00:00:00+00:00
[2025-11-09T21:49:26.370+0000] {logging_mixin.py:190} INFO - [2025-11-09T21:49:26.370+0000] {dag.py:4180} INFO - Setting next_dagrun for read_dataset_event_from_classic to 2025-11-08 00:00:00+00:00, run_after=2025-11-09 00:00:00+00:00
[2025-11-09T21:49:26.395+0000] {processor.py:208} INFO - Processing /home/airflow/.local/lib/python3.12/site-packages/airflow/example_dags/example_inlet_event_extra.py took 1.147 seconds
[2025-11-09T21:49:57.713+0000] {processor.py:186} INFO - Started process (PID=5304) to work on /home/airflow/.local/lib/python3.12/site-packages/airflow/example_dags/example_inlet_event_extra.py
[2025-11-09T21:49:57.717+0000] {processor.py:914} INFO - Processing file /home/airflow/.local/lib/python3.12/site-packages/airflow/example_dags/example_inlet_event_extra.py for tasks to queue
[2025-11-09T21:49:57.731+0000] {logging_mixin.py:190} INFO - [2025-11-09T21:49:57.730+0000] {dagbag.py:588} INFO - Filling up the DagBag from /home/airflow/.local/lib/python3.12/site-packages/airflow/example_dags/example_inlet_event_extra.py
[2025-11-09T21:49:59.598+0000] {processor.py:925} INFO - DAG(s) 'read_dataset_event', 'read_dataset_event_from_classic' retrieved from /home/airflow/.local/lib/python3.12/site-packages/airflow/example_dags/example_inlet_event_extra.py
[2025-11-09T21:49:59.645+0000] {logging_mixin.py:190} INFO - [2025-11-09T21:49:59.644+0000] {dag.py:3239} INFO - Sync 2 DAGs
[2025-11-09T21:49:59.700+0000] {logging_mixin.py:190} INFO - [2025-11-09T21:49:59.700+0000] {dag.py:4180} INFO - Setting next_dagrun for read_dataset_event to 2025-11-08 00:00:00+00:00, run_after=2025-11-09 00:00:00+00:00
[2025-11-09T21:49:59.711+0000] {logging_mixin.py:190} INFO - [2025-11-09T21:49:59.711+0000] {dag.py:4180} INFO - Setting next_dagrun for read_dataset_event_from_classic to 2025-11-08 00:00:00+00:00, run_after=2025-11-09 00:00:00+00:00
[2025-11-09T21:49:59.751+0000] {processor.py:208} INFO - Processing /home/airflow/.local/lib/python3.12/site-packages/airflow/example_dags/example_inlet_event_extra.py took 2.064 seconds
[2025-11-09T21:50:30.313+0000] {processor.py:186} INFO - Started process (PID=5369) to work on /home/airflow/.local/lib/python3.12/site-packages/airflow/example_dags/example_inlet_event_extra.py
[2025-11-09T21:50:30.315+0000] {processor.py:914} INFO - Processing file /home/airflow/.local/lib/python3.12/site-packages/airflow/example_dags/example_inlet_event_extra.py for tasks to queue
[2025-11-09T21:50:30.325+0000] {logging_mixin.py:190} INFO - [2025-11-09T21:50:30.323+0000] {dagbag.py:588} INFO - Filling up the DagBag from /home/airflow/.local/lib/python3.12/site-packages/airflow/example_dags/example_inlet_event_extra.py
[2025-11-09T21:50:31.625+0000] {processor.py:925} INFO - DAG(s) 'read_dataset_event_from_classic', 'read_dataset_event' retrieved from /home/airflow/.local/lib/python3.12/site-packages/airflow/example_dags/example_inlet_event_extra.py
[2025-11-09T21:50:31.668+0000] {logging_mixin.py:190} INFO - [2025-11-09T21:50:31.667+0000] {dag.py:3239} INFO - Sync 2 DAGs
[2025-11-09T21:50:31.712+0000] {logging_mixin.py:190} INFO - [2025-11-09T21:50:31.712+0000] {dag.py:4180} INFO - Setting next_dagrun for read_dataset_event to 2025-11-08 00:00:00+00:00, run_after=2025-11-09 00:00:00+00:00
[2025-11-09T21:50:31.721+0000] {logging_mixin.py:190} INFO - [2025-11-09T21:50:31.720+0000] {dag.py:4180} INFO - Setting next_dagrun for read_dataset_event_from_classic to 2025-11-08 00:00:00+00:00, run_after=2025-11-09 00:00:00+00:00
[2025-11-09T21:50:31.747+0000] {processor.py:208} INFO - Processing /home/airflow/.local/lib/python3.12/site-packages/airflow/example_dags/example_inlet_event_extra.py took 1.457 seconds
[2025-11-09T21:51:02.469+0000] {processor.py:186} INFO - Started process (PID=5443) to work on /home/airflow/.local/lib/python3.12/site-packages/airflow/example_dags/example_inlet_event_extra.py
[2025-11-09T21:51:02.474+0000] {processor.py:914} INFO - Processing file /home/airflow/.local/lib/python3.12/site-packages/airflow/example_dags/example_inlet_event_extra.py for tasks to queue
[2025-11-09T21:51:02.482+0000] {logging_mixin.py:190} INFO - [2025-11-09T21:51:02.481+0000] {dagbag.py:588} INFO - Filling up the DagBag from /home/airflow/.local/lib/python3.12/site-packages/airflow/example_dags/example_inlet_event_extra.py
[2025-11-09T21:51:04.006+0000] {processor.py:925} INFO - DAG(s) 'read_dataset_event_from_classic', 'read_dataset_event' retrieved from /home/airflow/.local/lib/python3.12/site-packages/airflow/example_dags/example_inlet_event_extra.py
[2025-11-09T21:51:04.062+0000] {logging_mixin.py:190} INFO - [2025-11-09T21:51:04.062+0000] {dag.py:3239} INFO - Sync 2 DAGs
[2025-11-09T21:51:04.132+0000] {logging_mixin.py:190} INFO - [2025-11-09T21:51:04.131+0000] {dag.py:4180} INFO - Setting next_dagrun for read_dataset_event to 2025-11-08 00:00:00+00:00, run_after=2025-11-09 00:00:00+00:00
[2025-11-09T21:51:04.145+0000] {logging_mixin.py:190} INFO - [2025-11-09T21:51:04.144+0000] {dag.py:4180} INFO - Setting next_dagrun for read_dataset_event_from_classic to 2025-11-08 00:00:00+00:00, run_after=2025-11-09 00:00:00+00:00
[2025-11-09T21:51:04.185+0000] {processor.py:208} INFO - Processing /home/airflow/.local/lib/python3.12/site-packages/airflow/example_dags/example_inlet_event_extra.py took 1.739 seconds
[2025-11-09T21:51:34.624+0000] {processor.py:186} INFO - Started process (PID=5509) to work on /home/airflow/.local/lib/python3.12/site-packages/airflow/example_dags/example_inlet_event_extra.py
[2025-11-09T21:51:34.626+0000] {processor.py:914} INFO - Processing file /home/airflow/.local/lib/python3.12/site-packages/airflow/example_dags/example_inlet_event_extra.py for tasks to queue
[2025-11-09T21:51:34.631+0000] {logging_mixin.py:190} INFO - [2025-11-09T21:51:34.630+0000] {dagbag.py:588} INFO - Filling up the DagBag from /home/airflow/.local/lib/python3.12/site-packages/airflow/example_dags/example_inlet_event_extra.py
[2025-11-09T21:51:35.646+0000] {processor.py:925} INFO - DAG(s) 'read_dataset_event_from_classic', 'read_dataset_event' retrieved from /home/airflow/.local/lib/python3.12/site-packages/airflow/example_dags/example_inlet_event_extra.py
[2025-11-09T21:51:35.684+0000] {logging_mixin.py:190} INFO - [2025-11-09T21:51:35.684+0000] {dag.py:3239} INFO - Sync 2 DAGs
[2025-11-09T21:51:35.734+0000] {logging_mixin.py:190} INFO - [2025-11-09T21:51:35.733+0000] {dag.py:4180} INFO - Setting next_dagrun for read_dataset_event to 2025-11-08 00:00:00+00:00, run_after=2025-11-09 00:00:00+00:00
[2025-11-09T21:51:35.745+0000] {logging_mixin.py:190} INFO - [2025-11-09T21:51:35.745+0000] {dag.py:4180} INFO - Setting next_dagrun for read_dataset_event_from_classic to 2025-11-08 00:00:00+00:00, run_after=2025-11-09 00:00:00+00:00
[2025-11-09T21:51:35.778+0000] {processor.py:208} INFO - Processing /home/airflow/.local/lib/python3.12/site-packages/airflow/example_dags/example_inlet_event_extra.py took 1.166 seconds
[2025-11-09T21:52:06.045+0000] {processor.py:186} INFO - Started process (PID=5574) to work on /home/airflow/.local/lib/python3.12/site-packages/airflow/example_dags/example_inlet_event_extra.py
[2025-11-09T21:52:06.048+0000] {processor.py:914} INFO - Processing file /home/airflow/.local/lib/python3.12/site-packages/airflow/example_dags/example_inlet_event_extra.py for tasks to queue
[2025-11-09T21:52:06.054+0000] {logging_mixin.py:190} INFO - [2025-11-09T21:52:06.053+0000] {dagbag.py:588} INFO - Filling up the DagBag from /home/airflow/.local/lib/python3.12/site-packages/airflow/example_dags/example_inlet_event_extra.py
[2025-11-09T21:52:07.315+0000] {processor.py:925} INFO - DAG(s) 'read_dataset_event', 'read_dataset_event_from_classic' retrieved from /home/airflow/.local/lib/python3.12/site-packages/airflow/example_dags/example_inlet_event_extra.py
[2025-11-09T21:52:07.357+0000] {logging_mixin.py:190} INFO - [2025-11-09T21:52:07.356+0000] {dag.py:3239} INFO - Sync 2 DAGs
[2025-11-09T21:52:07.400+0000] {logging_mixin.py:190} INFO - [2025-11-09T21:52:07.400+0000] {dag.py:4180} INFO - Setting next_dagrun for read_dataset_event to 2025-11-08 00:00:00+00:00, run_after=2025-11-09 00:00:00+00:00
[2025-11-09T21:52:07.410+0000] {logging_mixin.py:190} INFO - [2025-11-09T21:52:07.409+0000] {dag.py:4180} INFO - Setting next_dagrun for read_dataset_event_from_classic to 2025-11-08 00:00:00+00:00, run_after=2025-11-09 00:00:00+00:00
[2025-11-09T21:52:07.442+0000] {processor.py:208} INFO - Processing /home/airflow/.local/lib/python3.12/site-packages/airflow/example_dags/example_inlet_event_extra.py took 1.414 seconds
[2025-11-09T21:52:37.632+0000] {processor.py:186} INFO - Started process (PID=5637) to work on /home/airflow/.local/lib/python3.12/site-packages/airflow/example_dags/example_inlet_event_extra.py
[2025-11-09T21:52:37.633+0000] {processor.py:914} INFO - Processing file /home/airflow/.local/lib/python3.12/site-packages/airflow/example_dags/example_inlet_event_extra.py for tasks to queue
[2025-11-09T21:52:37.637+0000] {logging_mixin.py:190} INFO - [2025-11-09T21:52:37.637+0000] {dagbag.py:588} INFO - Filling up the DagBag from /home/airflow/.local/lib/python3.12/site-packages/airflow/example_dags/example_inlet_event_extra.py
[2025-11-09T21:52:38.599+0000] {processor.py:925} INFO - DAG(s) 'read_dataset_event_from_classic', 'read_dataset_event' retrieved from /home/airflow/.local/lib/python3.12/site-packages/airflow/example_dags/example_inlet_event_extra.py
[2025-11-09T21:52:38.635+0000] {logging_mixin.py:190} INFO - [2025-11-09T21:52:38.634+0000] {dag.py:3239} INFO - Sync 2 DAGs
[2025-11-09T21:52:38.680+0000] {logging_mixin.py:190} INFO - [2025-11-09T21:52:38.680+0000] {dag.py:4180} INFO - Setting next_dagrun for read_dataset_event to 2025-11-08 00:00:00+00:00, run_after=2025-11-09 00:00:00+00:00
[2025-11-09T21:52:38.689+0000] {logging_mixin.py:190} INFO - [2025-11-09T21:52:38.689+0000] {dag.py:4180} INFO - Setting next_dagrun for read_dataset_event_from_classic to 2025-11-08 00:00:00+00:00, run_after=2025-11-09 00:00:00+00:00
[2025-11-09T21:52:38.719+0000] {processor.py:208} INFO - Processing /home/airflow/.local/lib/python3.12/site-packages/airflow/example_dags/example_inlet_event_extra.py took 1.097 seconds
[2025-11-09T21:53:09.512+0000] {processor.py:186} INFO - Started process (PID=5703) to work on /home/airflow/.local/lib/python3.12/site-packages/airflow/example_dags/example_inlet_event_extra.py
[2025-11-09T21:53:09.515+0000] {processor.py:914} INFO - Processing file /home/airflow/.local/lib/python3.12/site-packages/airflow/example_dags/example_inlet_event_extra.py for tasks to queue
[2025-11-09T21:53:09.524+0000] {logging_mixin.py:190} INFO - [2025-11-09T21:53:09.523+0000] {dagbag.py:588} INFO - Filling up the DagBag from /home/airflow/.local/lib/python3.12/site-packages/airflow/example_dags/example_inlet_event_extra.py
[2025-11-09T21:53:11.531+0000] {processor.py:925} INFO - DAG(s) 'read_dataset_event_from_classic', 'read_dataset_event' retrieved from /home/airflow/.local/lib/python3.12/site-packages/airflow/example_dags/example_inlet_event_extra.py
[2025-11-09T21:53:11.587+0000] {logging_mixin.py:190} INFO - [2025-11-09T21:53:11.587+0000] {dag.py:3239} INFO - Sync 2 DAGs
[2025-11-09T21:53:11.657+0000] {logging_mixin.py:190} INFO - [2025-11-09T21:53:11.657+0000] {dag.py:4180} INFO - Setting next_dagrun for read_dataset_event to 2025-11-08 00:00:00+00:00, run_after=2025-11-09 00:00:00+00:00
[2025-11-09T21:53:11.671+0000] {logging_mixin.py:190} INFO - [2025-11-09T21:53:11.670+0000] {dag.py:4180} INFO - Setting next_dagrun for read_dataset_event_from_classic to 2025-11-08 00:00:00+00:00, run_after=2025-11-09 00:00:00+00:00
[2025-11-09T21:53:11.715+0000] {processor.py:208} INFO - Processing /home/airflow/.local/lib/python3.12/site-packages/airflow/example_dags/example_inlet_event_extra.py took 2.227 seconds
[2025-11-09T21:53:42.111+0000] {processor.py:186} INFO - Started process (PID=5769) to work on /home/airflow/.local/lib/python3.12/site-packages/airflow/example_dags/example_inlet_event_extra.py
[2025-11-09T21:53:42.114+0000] {processor.py:914} INFO - Processing file /home/airflow/.local/lib/python3.12/site-packages/airflow/example_dags/example_inlet_event_extra.py for tasks to queue
[2025-11-09T21:53:42.123+0000] {logging_mixin.py:190} INFO - [2025-11-09T21:53:42.122+0000] {dagbag.py:588} INFO - Filling up the DagBag from /home/airflow/.local/lib/python3.12/site-packages/airflow/example_dags/example_inlet_event_extra.py
[2025-11-09T21:53:44.007+0000] {processor.py:925} INFO - DAG(s) 'read_dataset_event_from_classic', 'read_dataset_event' retrieved from /home/airflow/.local/lib/python3.12/site-packages/airflow/example_dags/example_inlet_event_extra.py
[2025-11-09T21:53:44.093+0000] {logging_mixin.py:190} INFO - [2025-11-09T21:53:44.092+0000] {dag.py:3239} INFO - Sync 2 DAGs
[2025-11-09T21:53:44.206+0000] {logging_mixin.py:190} INFO - [2025-11-09T21:53:44.205+0000] {dag.py:4180} INFO - Setting next_dagrun for read_dataset_event to 2025-11-08 00:00:00+00:00, run_after=2025-11-09 00:00:00+00:00
[2025-11-09T21:53:44.227+0000] {logging_mixin.py:190} INFO - [2025-11-09T21:53:44.226+0000] {dag.py:4180} INFO - Setting next_dagrun for read_dataset_event_from_classic to 2025-11-08 00:00:00+00:00, run_after=2025-11-09 00:00:00+00:00
[2025-11-09T21:53:44.311+0000] {processor.py:208} INFO - Processing /home/airflow/.local/lib/python3.12/site-packages/airflow/example_dags/example_inlet_event_extra.py took 2.218 seconds
[2025-11-09T21:54:14.855+0000] {processor.py:186} INFO - Started process (PID=5834) to work on /home/airflow/.local/lib/python3.12/site-packages/airflow/example_dags/example_inlet_event_extra.py
[2025-11-09T21:54:14.857+0000] {processor.py:914} INFO - Processing file /home/airflow/.local/lib/python3.12/site-packages/airflow/example_dags/example_inlet_event_extra.py for tasks to queue
[2025-11-09T21:54:14.863+0000] {logging_mixin.py:190} INFO - [2025-11-09T21:54:14.862+0000] {dagbag.py:588} INFO - Filling up the DagBag from /home/airflow/.local/lib/python3.12/site-packages/airflow/example_dags/example_inlet_event_extra.py
[2025-11-09T21:54:15.859+0000] {processor.py:925} INFO - DAG(s) 'read_dataset_event', 'read_dataset_event_from_classic' retrieved from /home/airflow/.local/lib/python3.12/site-packages/airflow/example_dags/example_inlet_event_extra.py
[2025-11-09T21:54:15.900+0000] {logging_mixin.py:190} INFO - [2025-11-09T21:54:15.900+0000] {dag.py:3239} INFO - Sync 2 DAGs
[2025-11-09T21:54:15.945+0000] {logging_mixin.py:190} INFO - [2025-11-09T21:54:15.944+0000] {dag.py:4180} INFO - Setting next_dagrun for read_dataset_event to 2025-11-08 00:00:00+00:00, run_after=2025-11-09 00:00:00+00:00
[2025-11-09T21:54:15.954+0000] {logging_mixin.py:190} INFO - [2025-11-09T21:54:15.953+0000] {dag.py:4180} INFO - Setting next_dagrun for read_dataset_event_from_classic to 2025-11-08 00:00:00+00:00, run_after=2025-11-09 00:00:00+00:00
[2025-11-09T21:54:15.983+0000] {processor.py:208} INFO - Processing /home/airflow/.local/lib/python3.12/site-packages/airflow/example_dags/example_inlet_event_extra.py took 1.140 seconds
[2025-11-09T21:54:46.695+0000] {processor.py:186} INFO - Started process (PID=5901) to work on /home/airflow/.local/lib/python3.12/site-packages/airflow/example_dags/example_inlet_event_extra.py
[2025-11-09T21:54:46.697+0000] {processor.py:914} INFO - Processing file /home/airflow/.local/lib/python3.12/site-packages/airflow/example_dags/example_inlet_event_extra.py for tasks to queue
[2025-11-09T21:54:46.703+0000] {logging_mixin.py:190} INFO - [2025-11-09T21:54:46.702+0000] {dagbag.py:588} INFO - Filling up the DagBag from /home/airflow/.local/lib/python3.12/site-packages/airflow/example_dags/example_inlet_event_extra.py
[2025-11-09T21:54:47.781+0000] {processor.py:925} INFO - DAG(s) 'read_dataset_event_from_classic', 'read_dataset_event' retrieved from /home/airflow/.local/lib/python3.12/site-packages/airflow/example_dags/example_inlet_event_extra.py
[2025-11-09T21:54:47.820+0000] {logging_mixin.py:190} INFO - [2025-11-09T21:54:47.820+0000] {dag.py:3239} INFO - Sync 2 DAGs
[2025-11-09T21:54:47.866+0000] {logging_mixin.py:190} INFO - [2025-11-09T21:54:47.866+0000] {dag.py:4180} INFO - Setting next_dagrun for read_dataset_event to 2025-11-08 00:00:00+00:00, run_after=2025-11-09 00:00:00+00:00
[2025-11-09T21:54:47.874+0000] {logging_mixin.py:190} INFO - [2025-11-09T21:54:47.874+0000] {dag.py:4180} INFO - Setting next_dagrun for read_dataset_event_from_classic to 2025-11-08 00:00:00+00:00, run_after=2025-11-09 00:00:00+00:00
[2025-11-09T21:54:47.903+0000] {processor.py:208} INFO - Processing /home/airflow/.local/lib/python3.12/site-packages/airflow/example_dags/example_inlet_event_extra.py took 1.220 seconds
[2025-11-09T21:55:20.720+0000] {processor.py:186} INFO - Started process (PID=5972) to work on /home/airflow/.local/lib/python3.12/site-packages/airflow/example_dags/example_inlet_event_extra.py
[2025-11-09T21:55:20.724+0000] {processor.py:914} INFO - Processing file /home/airflow/.local/lib/python3.12/site-packages/airflow/example_dags/example_inlet_event_extra.py for tasks to queue
[2025-11-09T21:55:20.734+0000] {logging_mixin.py:190} INFO - [2025-11-09T21:55:20.732+0000] {dagbag.py:588} INFO - Filling up the DagBag from /home/airflow/.local/lib/python3.12/site-packages/airflow/example_dags/example_inlet_event_extra.py
[2025-11-09T21:55:24.902+0000] {processor.py:925} INFO - DAG(s) 'read_dataset_event', 'read_dataset_event_from_classic' retrieved from /home/airflow/.local/lib/python3.12/site-packages/airflow/example_dags/example_inlet_event_extra.py
[2025-11-09T21:55:24.990+0000] {logging_mixin.py:190} INFO - [2025-11-09T21:55:24.989+0000] {dag.py:3239} INFO - Sync 2 DAGs
[2025-11-09T21:55:25.089+0000] {logging_mixin.py:190} INFO - [2025-11-09T21:55:25.088+0000] {dag.py:4180} INFO - Setting next_dagrun for read_dataset_event to 2025-11-08 00:00:00+00:00, run_after=2025-11-09 00:00:00+00:00
[2025-11-09T21:55:25.111+0000] {logging_mixin.py:190} INFO - [2025-11-09T21:55:25.110+0000] {dag.py:4180} INFO - Setting next_dagrun for read_dataset_event_from_classic to 2025-11-08 00:00:00+00:00, run_after=2025-11-09 00:00:00+00:00
[2025-11-09T21:55:25.176+0000] {processor.py:208} INFO - Processing /home/airflow/.local/lib/python3.12/site-packages/airflow/example_dags/example_inlet_event_extra.py took 4.487 seconds
[2025-11-09T21:55:55.599+0000] {processor.py:186} INFO - Started process (PID=6041) to work on /home/airflow/.local/lib/python3.12/site-packages/airflow/example_dags/example_inlet_event_extra.py
[2025-11-09T21:55:55.605+0000] {processor.py:914} INFO - Processing file /home/airflow/.local/lib/python3.12/site-packages/airflow/example_dags/example_inlet_event_extra.py for tasks to queue
[2025-11-09T21:55:55.615+0000] {logging_mixin.py:190} INFO - [2025-11-09T21:55:55.614+0000] {dagbag.py:588} INFO - Filling up the DagBag from /home/airflow/.local/lib/python3.12/site-packages/airflow/example_dags/example_inlet_event_extra.py
[2025-11-09T21:55:57.395+0000] {processor.py:925} INFO - DAG(s) 'read_dataset_event_from_classic', 'read_dataset_event' retrieved from /home/airflow/.local/lib/python3.12/site-packages/airflow/example_dags/example_inlet_event_extra.py
[2025-11-09T21:55:57.450+0000] {logging_mixin.py:190} INFO - [2025-11-09T21:55:57.450+0000] {dag.py:3239} INFO - Sync 2 DAGs
[2025-11-09T21:55:57.509+0000] {logging_mixin.py:190} INFO - [2025-11-09T21:55:57.508+0000] {dag.py:4180} INFO - Setting next_dagrun for read_dataset_event to 2025-11-08 00:00:00+00:00, run_after=2025-11-09 00:00:00+00:00
[2025-11-09T21:55:57.519+0000] {logging_mixin.py:190} INFO - [2025-11-09T21:55:57.518+0000] {dag.py:4180} INFO - Setting next_dagrun for read_dataset_event_from_classic to 2025-11-08 00:00:00+00:00, run_after=2025-11-09 00:00:00+00:00
[2025-11-09T21:55:57.550+0000] {processor.py:208} INFO - Processing /home/airflow/.local/lib/python3.12/site-packages/airflow/example_dags/example_inlet_event_extra.py took 1.979 seconds
[2025-11-09T21:56:27.742+0000] {processor.py:186} INFO - Started process (PID=6111) to work on /home/airflow/.local/lib/python3.12/site-packages/airflow/example_dags/example_inlet_event_extra.py
[2025-11-09T21:56:27.744+0000] {processor.py:914} INFO - Processing file /home/airflow/.local/lib/python3.12/site-packages/airflow/example_dags/example_inlet_event_extra.py for tasks to queue
[2025-11-09T21:56:27.750+0000] {logging_mixin.py:190} INFO - [2025-11-09T21:56:27.749+0000] {dagbag.py:588} INFO - Filling up the DagBag from /home/airflow/.local/lib/python3.12/site-packages/airflow/example_dags/example_inlet_event_extra.py
[2025-11-09T21:56:28.565+0000] {processor.py:925} INFO - DAG(s) 'read_dataset_event', 'read_dataset_event_from_classic' retrieved from /home/airflow/.local/lib/python3.12/site-packages/airflow/example_dags/example_inlet_event_extra.py
[2025-11-09T21:56:28.606+0000] {logging_mixin.py:190} INFO - [2025-11-09T21:56:28.606+0000] {dag.py:3239} INFO - Sync 2 DAGs
[2025-11-09T21:56:28.687+0000] {logging_mixin.py:190} INFO - [2025-11-09T21:56:28.685+0000] {dag.py:4180} INFO - Setting next_dagrun for read_dataset_event to 2025-11-08 00:00:00+00:00, run_after=2025-11-09 00:00:00+00:00
[2025-11-09T21:56:28.705+0000] {logging_mixin.py:190} INFO - [2025-11-09T21:56:28.705+0000] {dag.py:4180} INFO - Setting next_dagrun for read_dataset_event_from_classic to 2025-11-08 00:00:00+00:00, run_after=2025-11-09 00:00:00+00:00
[2025-11-09T21:56:28.751+0000] {processor.py:208} INFO - Processing /home/airflow/.local/lib/python3.12/site-packages/airflow/example_dags/example_inlet_event_extra.py took 1.022 seconds
[2025-11-09T21:56:59.155+0000] {processor.py:186} INFO - Started process (PID=6175) to work on /home/airflow/.local/lib/python3.12/site-packages/airflow/example_dags/example_inlet_event_extra.py
[2025-11-09T21:56:59.156+0000] {processor.py:914} INFO - Processing file /home/airflow/.local/lib/python3.12/site-packages/airflow/example_dags/example_inlet_event_extra.py for tasks to queue
[2025-11-09T21:56:59.161+0000] {logging_mixin.py:190} INFO - [2025-11-09T21:56:59.160+0000] {dagbag.py:588} INFO - Filling up the DagBag from /home/airflow/.local/lib/python3.12/site-packages/airflow/example_dags/example_inlet_event_extra.py
[2025-11-09T21:57:00.000+0000] {processor.py:925} INFO - DAG(s) 'read_dataset_event', 'read_dataset_event_from_classic' retrieved from /home/airflow/.local/lib/python3.12/site-packages/airflow/example_dags/example_inlet_event_extra.py
[2025-11-09T21:57:00.037+0000] {logging_mixin.py:190} INFO - [2025-11-09T21:57:00.037+0000] {dag.py:3239} INFO - Sync 2 DAGs
[2025-11-09T21:57:00.072+0000] {logging_mixin.py:190} INFO - [2025-11-09T21:57:00.072+0000] {dag.py:4180} INFO - Setting next_dagrun for read_dataset_event to 2025-11-08 00:00:00+00:00, run_after=2025-11-09 00:00:00+00:00
[2025-11-09T21:57:00.079+0000] {logging_mixin.py:190} INFO - [2025-11-09T21:57:00.079+0000] {dag.py:4180} INFO - Setting next_dagrun for read_dataset_event_from_classic to 2025-11-08 00:00:00+00:00, run_after=2025-11-09 00:00:00+00:00
[2025-11-09T21:57:00.103+0000] {processor.py:208} INFO - Processing /home/airflow/.local/lib/python3.12/site-packages/airflow/example_dags/example_inlet_event_extra.py took 0.959 seconds
[2025-11-09T21:57:31.034+0000] {processor.py:186} INFO - Started process (PID=6240) to work on /home/airflow/.local/lib/python3.12/site-packages/airflow/example_dags/example_inlet_event_extra.py
[2025-11-09T21:57:31.036+0000] {processor.py:914} INFO - Processing file /home/airflow/.local/lib/python3.12/site-packages/airflow/example_dags/example_inlet_event_extra.py for tasks to queue
[2025-11-09T21:57:31.041+0000] {logging_mixin.py:190} INFO - [2025-11-09T21:57:31.040+0000] {dagbag.py:588} INFO - Filling up the DagBag from /home/airflow/.local/lib/python3.12/site-packages/airflow/example_dags/example_inlet_event_extra.py
[2025-11-09T21:57:32.082+0000] {processor.py:925} INFO - DAG(s) 'read_dataset_event_from_classic', 'read_dataset_event' retrieved from /home/airflow/.local/lib/python3.12/site-packages/airflow/example_dags/example_inlet_event_extra.py
[2025-11-09T21:57:32.124+0000] {logging_mixin.py:190} INFO - [2025-11-09T21:57:32.124+0000] {dag.py:3239} INFO - Sync 2 DAGs
[2025-11-09T21:57:32.173+0000] {logging_mixin.py:190} INFO - [2025-11-09T21:57:32.172+0000] {dag.py:4180} INFO - Setting next_dagrun for read_dataset_event to 2025-11-08 00:00:00+00:00, run_after=2025-11-09 00:00:00+00:00
[2025-11-09T21:57:32.182+0000] {logging_mixin.py:190} INFO - [2025-11-09T21:57:32.182+0000] {dag.py:4180} INFO - Setting next_dagrun for read_dataset_event_from_classic to 2025-11-08 00:00:00+00:00, run_after=2025-11-09 00:00:00+00:00
[2025-11-09T21:57:32.217+0000] {processor.py:208} INFO - Processing /home/airflow/.local/lib/python3.12/site-packages/airflow/example_dags/example_inlet_event_extra.py took 1.193 seconds
[2025-11-09T21:58:02.385+0000] {processor.py:186} INFO - Started process (PID=6304) to work on /home/airflow/.local/lib/python3.12/site-packages/airflow/example_dags/example_inlet_event_extra.py
[2025-11-09T21:58:02.387+0000] {processor.py:914} INFO - Processing file /home/airflow/.local/lib/python3.12/site-packages/airflow/example_dags/example_inlet_event_extra.py for tasks to queue
[2025-11-09T21:58:02.394+0000] {logging_mixin.py:190} INFO - [2025-11-09T21:58:02.393+0000] {dagbag.py:588} INFO - Filling up the DagBag from /home/airflow/.local/lib/python3.12/site-packages/airflow/example_dags/example_inlet_event_extra.py
[2025-11-09T21:58:03.524+0000] {processor.py:925} INFO - DAG(s) 'read_dataset_event', 'read_dataset_event_from_classic' retrieved from /home/airflow/.local/lib/python3.12/site-packages/airflow/example_dags/example_inlet_event_extra.py
[2025-11-09T21:58:03.568+0000] {logging_mixin.py:190} INFO - [2025-11-09T21:58:03.568+0000] {dag.py:3239} INFO - Sync 2 DAGs
[2025-11-09T21:58:03.618+0000] {logging_mixin.py:190} INFO - [2025-11-09T21:58:03.617+0000] {dag.py:4180} INFO - Setting next_dagrun for read_dataset_event to 2025-11-08 00:00:00+00:00, run_after=2025-11-09 00:00:00+00:00
[2025-11-09T21:58:03.627+0000] {logging_mixin.py:190} INFO - [2025-11-09T21:58:03.626+0000] {dag.py:4180} INFO - Setting next_dagrun for read_dataset_event_from_classic to 2025-11-08 00:00:00+00:00, run_after=2025-11-09 00:00:00+00:00
[2025-11-09T21:58:03.658+0000] {processor.py:208} INFO - Processing /home/airflow/.local/lib/python3.12/site-packages/airflow/example_dags/example_inlet_event_extra.py took 1.289 seconds
[2025-11-09T21:58:33.924+0000] {processor.py:186} INFO - Started process (PID=6377) to work on /home/airflow/.local/lib/python3.12/site-packages/airflow/example_dags/example_inlet_event_extra.py
[2025-11-09T21:58:33.926+0000] {processor.py:914} INFO - Processing file /home/airflow/.local/lib/python3.12/site-packages/airflow/example_dags/example_inlet_event_extra.py for tasks to queue
[2025-11-09T21:58:33.931+0000] {logging_mixin.py:190} INFO - [2025-11-09T21:58:33.931+0000] {dagbag.py:588} INFO - Filling up the DagBag from /home/airflow/.local/lib/python3.12/site-packages/airflow/example_dags/example_inlet_event_extra.py
[2025-11-09T21:58:34.864+0000] {processor.py:925} INFO - DAG(s) 'read_dataset_event', 'read_dataset_event_from_classic' retrieved from /home/airflow/.local/lib/python3.12/site-packages/airflow/example_dags/example_inlet_event_extra.py
[2025-11-09T21:58:34.901+0000] {logging_mixin.py:190} INFO - [2025-11-09T21:58:34.901+0000] {dag.py:3239} INFO - Sync 2 DAGs
[2025-11-09T21:58:34.944+0000] {logging_mixin.py:190} INFO - [2025-11-09T21:58:34.944+0000] {dag.py:4180} INFO - Setting next_dagrun for read_dataset_event to 2025-11-08 00:00:00+00:00, run_after=2025-11-09 00:00:00+00:00
[2025-11-09T21:58:34.953+0000] {logging_mixin.py:190} INFO - [2025-11-09T21:58:34.952+0000] {dag.py:4180} INFO - Setting next_dagrun for read_dataset_event_from_classic to 2025-11-08 00:00:00+00:00, run_after=2025-11-09 00:00:00+00:00
[2025-11-09T21:58:34.981+0000] {processor.py:208} INFO - Processing /home/airflow/.local/lib/python3.12/site-packages/airflow/example_dags/example_inlet_event_extra.py took 1.070 seconds
[2025-11-09T21:59:05.251+0000] {processor.py:186} INFO - Started process (PID=6442) to work on /home/airflow/.local/lib/python3.12/site-packages/airflow/example_dags/example_inlet_event_extra.py
[2025-11-09T21:59:05.254+0000] {processor.py:914} INFO - Processing file /home/airflow/.local/lib/python3.12/site-packages/airflow/example_dags/example_inlet_event_extra.py for tasks to queue
[2025-11-09T21:59:05.261+0000] {logging_mixin.py:190} INFO - [2025-11-09T21:59:05.260+0000] {dagbag.py:588} INFO - Filling up the DagBag from /home/airflow/.local/lib/python3.12/site-packages/airflow/example_dags/example_inlet_event_extra.py
[2025-11-09T21:59:06.544+0000] {processor.py:925} INFO - DAG(s) 'read_dataset_event_from_classic', 'read_dataset_event' retrieved from /home/airflow/.local/lib/python3.12/site-packages/airflow/example_dags/example_inlet_event_extra.py
[2025-11-09T21:59:06.592+0000] {logging_mixin.py:190} INFO - [2025-11-09T21:59:06.592+0000] {dag.py:3239} INFO - Sync 2 DAGs
[2025-11-09T21:59:06.643+0000] {logging_mixin.py:190} INFO - [2025-11-09T21:59:06.643+0000] {dag.py:4180} INFO - Setting next_dagrun for read_dataset_event to 2025-11-08 00:00:00+00:00, run_after=2025-11-09 00:00:00+00:00
[2025-11-09T21:59:06.654+0000] {logging_mixin.py:190} INFO - [2025-11-09T21:59:06.653+0000] {dag.py:4180} INFO - Setting next_dagrun for read_dataset_event_from_classic to 2025-11-08 00:00:00+00:00, run_after=2025-11-09 00:00:00+00:00
[2025-11-09T21:59:06.685+0000] {processor.py:208} INFO - Processing /home/airflow/.local/lib/python3.12/site-packages/airflow/example_dags/example_inlet_event_extra.py took 1.448 seconds
[2025-11-09T21:59:36.846+0000] {processor.py:186} INFO - Started process (PID=6510) to work on /home/airflow/.local/lib/python3.12/site-packages/airflow/example_dags/example_inlet_event_extra.py
[2025-11-09T21:59:36.849+0000] {processor.py:914} INFO - Processing file /home/airflow/.local/lib/python3.12/site-packages/airflow/example_dags/example_inlet_event_extra.py for tasks to queue
[2025-11-09T21:59:36.855+0000] {logging_mixin.py:190} INFO - [2025-11-09T21:59:36.854+0000] {dagbag.py:588} INFO - Filling up the DagBag from /home/airflow/.local/lib/python3.12/site-packages/airflow/example_dags/example_inlet_event_extra.py
[2025-11-09T21:59:37.815+0000] {processor.py:925} INFO - DAG(s) 'read_dataset_event_from_classic', 'read_dataset_event' retrieved from /home/airflow/.local/lib/python3.12/site-packages/airflow/example_dags/example_inlet_event_extra.py
[2025-11-09T21:59:37.849+0000] {logging_mixin.py:190} INFO - [2025-11-09T21:59:37.848+0000] {dag.py:3239} INFO - Sync 2 DAGs
[2025-11-09T21:59:37.891+0000] {logging_mixin.py:190} INFO - [2025-11-09T21:59:37.890+0000] {dag.py:4180} INFO - Setting next_dagrun for read_dataset_event to 2025-11-08 00:00:00+00:00, run_after=2025-11-09 00:00:00+00:00
[2025-11-09T21:59:37.897+0000] {logging_mixin.py:190} INFO - [2025-11-09T21:59:37.897+0000] {dag.py:4180} INFO - Setting next_dagrun for read_dataset_event_from_classic to 2025-11-08 00:00:00+00:00, run_after=2025-11-09 00:00:00+00:00
[2025-11-09T21:59:37.921+0000] {processor.py:208} INFO - Processing /home/airflow/.local/lib/python3.12/site-packages/airflow/example_dags/example_inlet_event_extra.py took 1.089 seconds
[2025-11-09T22:00:08.225+0000] {processor.py:186} INFO - Started process (PID=6576) to work on /home/airflow/.local/lib/python3.12/site-packages/airflow/example_dags/example_inlet_event_extra.py
[2025-11-09T22:00:08.227+0000] {processor.py:914} INFO - Processing file /home/airflow/.local/lib/python3.12/site-packages/airflow/example_dags/example_inlet_event_extra.py for tasks to queue
[2025-11-09T22:00:08.234+0000] {logging_mixin.py:190} INFO - [2025-11-09T22:00:08.233+0000] {dagbag.py:588} INFO - Filling up the DagBag from /home/airflow/.local/lib/python3.12/site-packages/airflow/example_dags/example_inlet_event_extra.py
[2025-11-09T22:00:09.424+0000] {processor.py:925} INFO - DAG(s) 'read_dataset_event_from_classic', 'read_dataset_event' retrieved from /home/airflow/.local/lib/python3.12/site-packages/airflow/example_dags/example_inlet_event_extra.py
[2025-11-09T22:00:09.461+0000] {logging_mixin.py:190} INFO - [2025-11-09T22:00:09.461+0000] {dag.py:3239} INFO - Sync 2 DAGs
[2025-11-09T22:00:09.501+0000] {logging_mixin.py:190} INFO - [2025-11-09T22:00:09.501+0000] {dag.py:4180} INFO - Setting next_dagrun for read_dataset_event to 2025-11-08 00:00:00+00:00, run_after=2025-11-09 00:00:00+00:00
[2025-11-09T22:00:09.509+0000] {logging_mixin.py:190} INFO - [2025-11-09T22:00:09.509+0000] {dag.py:4180} INFO - Setting next_dagrun for read_dataset_event_from_classic to 2025-11-08 00:00:00+00:00, run_after=2025-11-09 00:00:00+00:00
[2025-11-09T22:00:09.534+0000] {processor.py:208} INFO - Processing /home/airflow/.local/lib/python3.12/site-packages/airflow/example_dags/example_inlet_event_extra.py took 1.323 seconds
[2025-11-09T22:00:40.136+0000] {processor.py:186} INFO - Started process (PID=6642) to work on /home/airflow/.local/lib/python3.12/site-packages/airflow/example_dags/example_inlet_event_extra.py
[2025-11-09T22:00:40.138+0000] {processor.py:914} INFO - Processing file /home/airflow/.local/lib/python3.12/site-packages/airflow/example_dags/example_inlet_event_extra.py for tasks to queue
[2025-11-09T22:00:40.143+0000] {logging_mixin.py:190} INFO - [2025-11-09T22:00:40.142+0000] {dagbag.py:588} INFO - Filling up the DagBag from /home/airflow/.local/lib/python3.12/site-packages/airflow/example_dags/example_inlet_event_extra.py
[2025-11-09T22:00:41.474+0000] {processor.py:925} INFO - DAG(s) 'read_dataset_event', 'read_dataset_event_from_classic' retrieved from /home/airflow/.local/lib/python3.12/site-packages/airflow/example_dags/example_inlet_event_extra.py
[2025-11-09T22:00:41.543+0000] {logging_mixin.py:190} INFO - [2025-11-09T22:00:41.542+0000] {dag.py:3239} INFO - Sync 2 DAGs
[2025-11-09T22:00:41.623+0000] {logging_mixin.py:190} INFO - [2025-11-09T22:00:41.623+0000] {dag.py:4180} INFO - Setting next_dagrun for read_dataset_event to 2025-11-08 00:00:00+00:00, run_after=2025-11-09 00:00:00+00:00
[2025-11-09T22:00:41.638+0000] {logging_mixin.py:190} INFO - [2025-11-09T22:00:41.637+0000] {dag.py:4180} INFO - Setting next_dagrun for read_dataset_event_from_classic to 2025-11-08 00:00:00+00:00, run_after=2025-11-09 00:00:00+00:00
[2025-11-09T22:00:41.692+0000] {processor.py:208} INFO - Processing /home/airflow/.local/lib/python3.12/site-packages/airflow/example_dags/example_inlet_event_extra.py took 1.566 seconds
[2025-11-09T22:01:11.989+0000] {processor.py:186} INFO - Started process (PID=6709) to work on /home/airflow/.local/lib/python3.12/site-packages/airflow/example_dags/example_inlet_event_extra.py
[2025-11-09T22:01:11.991+0000] {processor.py:914} INFO - Processing file /home/airflow/.local/lib/python3.12/site-packages/airflow/example_dags/example_inlet_event_extra.py for tasks to queue
[2025-11-09T22:01:11.996+0000] {logging_mixin.py:190} INFO - [2025-11-09T22:01:11.995+0000] {dagbag.py:588} INFO - Filling up the DagBag from /home/airflow/.local/lib/python3.12/site-packages/airflow/example_dags/example_inlet_event_extra.py
[2025-11-09T22:01:12.897+0000] {processor.py:925} INFO - DAG(s) 'read_dataset_event', 'read_dataset_event_from_classic' retrieved from /home/airflow/.local/lib/python3.12/site-packages/airflow/example_dags/example_inlet_event_extra.py
[2025-11-09T22:01:12.928+0000] {logging_mixin.py:190} INFO - [2025-11-09T22:01:12.927+0000] {dag.py:3239} INFO - Sync 2 DAGs
[2025-11-09T22:01:12.966+0000] {logging_mixin.py:190} INFO - [2025-11-09T22:01:12.966+0000] {dag.py:4180} INFO - Setting next_dagrun for read_dataset_event to 2025-11-08 00:00:00+00:00, run_after=2025-11-09 00:00:00+00:00
[2025-11-09T22:01:12.973+0000] {logging_mixin.py:190} INFO - [2025-11-09T22:01:12.973+0000] {dag.py:4180} INFO - Setting next_dagrun for read_dataset_event_from_classic to 2025-11-08 00:00:00+00:00, run_after=2025-11-09 00:00:00+00:00
[2025-11-09T22:01:12.999+0000] {processor.py:208} INFO - Processing /home/airflow/.local/lib/python3.12/site-packages/airflow/example_dags/example_inlet_event_extra.py took 1.021 seconds
[2025-11-09T22:01:43.685+0000] {processor.py:186} INFO - Started process (PID=6778) to work on /home/airflow/.local/lib/python3.12/site-packages/airflow/example_dags/example_inlet_event_extra.py
[2025-11-09T22:01:43.687+0000] {processor.py:914} INFO - Processing file /home/airflow/.local/lib/python3.12/site-packages/airflow/example_dags/example_inlet_event_extra.py for tasks to queue
[2025-11-09T22:01:43.692+0000] {logging_mixin.py:190} INFO - [2025-11-09T22:01:43.691+0000] {dagbag.py:588} INFO - Filling up the DagBag from /home/airflow/.local/lib/python3.12/site-packages/airflow/example_dags/example_inlet_event_extra.py
[2025-11-09T22:01:44.849+0000] {processor.py:925} INFO - DAG(s) 'read_dataset_event', 'read_dataset_event_from_classic' retrieved from /home/airflow/.local/lib/python3.12/site-packages/airflow/example_dags/example_inlet_event_extra.py
[2025-11-09T22:01:44.904+0000] {logging_mixin.py:190} INFO - [2025-11-09T22:01:44.903+0000] {dag.py:3239} INFO - Sync 2 DAGs
[2025-11-09T22:01:44.961+0000] {logging_mixin.py:190} INFO - [2025-11-09T22:01:44.960+0000] {dag.py:4180} INFO - Setting next_dagrun for read_dataset_event to 2025-11-08 00:00:00+00:00, run_after=2025-11-09 00:00:00+00:00
[2025-11-09T22:01:44.974+0000] {logging_mixin.py:190} INFO - [2025-11-09T22:01:44.974+0000] {dag.py:4180} INFO - Setting next_dagrun for read_dataset_event_from_classic to 2025-11-08 00:00:00+00:00, run_after=2025-11-09 00:00:00+00:00
[2025-11-09T22:01:45.006+0000] {processor.py:208} INFO - Processing /home/airflow/.local/lib/python3.12/site-packages/airflow/example_dags/example_inlet_event_extra.py took 1.333 seconds
[2025-11-09T22:02:15.168+0000] {processor.py:186} INFO - Started process (PID=6842) to work on /home/airflow/.local/lib/python3.12/site-packages/airflow/example_dags/example_inlet_event_extra.py
[2025-11-09T22:02:15.171+0000] {processor.py:914} INFO - Processing file /home/airflow/.local/lib/python3.12/site-packages/airflow/example_dags/example_inlet_event_extra.py for tasks to queue
[2025-11-09T22:02:15.176+0000] {logging_mixin.py:190} INFO - [2025-11-09T22:02:15.175+0000] {dagbag.py:588} INFO - Filling up the DagBag from /home/airflow/.local/lib/python3.12/site-packages/airflow/example_dags/example_inlet_event_extra.py
[2025-11-09T22:02:16.559+0000] {processor.py:925} INFO - DAG(s) 'read_dataset_event', 'read_dataset_event_from_classic' retrieved from /home/airflow/.local/lib/python3.12/site-packages/airflow/example_dags/example_inlet_event_extra.py
[2025-11-09T22:02:16.613+0000] {logging_mixin.py:190} INFO - [2025-11-09T22:02:16.613+0000] {dag.py:3239} INFO - Sync 2 DAGs
[2025-11-09T22:02:16.696+0000] {logging_mixin.py:190} INFO - [2025-11-09T22:02:16.695+0000] {dag.py:4180} INFO - Setting next_dagrun for read_dataset_event to 2025-11-08 00:00:00+00:00, run_after=2025-11-09 00:00:00+00:00
[2025-11-09T22:02:16.708+0000] {logging_mixin.py:190} INFO - [2025-11-09T22:02:16.707+0000] {dag.py:4180} INFO - Setting next_dagrun for read_dataset_event_from_classic to 2025-11-08 00:00:00+00:00, run_after=2025-11-09 00:00:00+00:00
[2025-11-09T22:02:16.758+0000] {processor.py:208} INFO - Processing /home/airflow/.local/lib/python3.12/site-packages/airflow/example_dags/example_inlet_event_extra.py took 1.602 seconds
[2025-11-09T22:02:47.172+0000] {processor.py:186} INFO - Started process (PID=6907) to work on /home/airflow/.local/lib/python3.12/site-packages/airflow/example_dags/example_inlet_event_extra.py
[2025-11-09T22:02:47.174+0000] {processor.py:914} INFO - Processing file /home/airflow/.local/lib/python3.12/site-packages/airflow/example_dags/example_inlet_event_extra.py for tasks to queue
[2025-11-09T22:02:47.180+0000] {logging_mixin.py:190} INFO - [2025-11-09T22:02:47.179+0000] {dagbag.py:588} INFO - Filling up the DagBag from /home/airflow/.local/lib/python3.12/site-packages/airflow/example_dags/example_inlet_event_extra.py
[2025-11-09T22:02:48.403+0000] {processor.py:925} INFO - DAG(s) 'read_dataset_event_from_classic', 'read_dataset_event' retrieved from /home/airflow/.local/lib/python3.12/site-packages/airflow/example_dags/example_inlet_event_extra.py
[2025-11-09T22:02:48.440+0000] {logging_mixin.py:190} INFO - [2025-11-09T22:02:48.439+0000] {dag.py:3239} INFO - Sync 2 DAGs
[2025-11-09T22:02:48.488+0000] {logging_mixin.py:190} INFO - [2025-11-09T22:02:48.487+0000] {dag.py:4180} INFO - Setting next_dagrun for read_dataset_event to 2025-11-08 00:00:00+00:00, run_after=2025-11-09 00:00:00+00:00
[2025-11-09T22:02:48.497+0000] {logging_mixin.py:190} INFO - [2025-11-09T22:02:48.496+0000] {dag.py:4180} INFO - Setting next_dagrun for read_dataset_event_from_classic to 2025-11-08 00:00:00+00:00, run_after=2025-11-09 00:00:00+00:00
[2025-11-09T22:02:48.533+0000] {processor.py:208} INFO - Processing /home/airflow/.local/lib/python3.12/site-packages/airflow/example_dags/example_inlet_event_extra.py took 1.374 seconds
[2025-11-09T22:03:18.768+0000] {processor.py:186} INFO - Started process (PID=6974) to work on /home/airflow/.local/lib/python3.12/site-packages/airflow/example_dags/example_inlet_event_extra.py
[2025-11-09T22:03:18.770+0000] {processor.py:914} INFO - Processing file /home/airflow/.local/lib/python3.12/site-packages/airflow/example_dags/example_inlet_event_extra.py for tasks to queue
[2025-11-09T22:03:18.777+0000] {logging_mixin.py:190} INFO - [2025-11-09T22:03:18.776+0000] {dagbag.py:588} INFO - Filling up the DagBag from /home/airflow/.local/lib/python3.12/site-packages/airflow/example_dags/example_inlet_event_extra.py
[2025-11-09T22:03:19.933+0000] {processor.py:925} INFO - DAG(s) 'read_dataset_event', 'read_dataset_event_from_classic' retrieved from /home/airflow/.local/lib/python3.12/site-packages/airflow/example_dags/example_inlet_event_extra.py
[2025-11-09T22:03:19.974+0000] {logging_mixin.py:190} INFO - [2025-11-09T22:03:19.974+0000] {dag.py:3239} INFO - Sync 2 DAGs
[2025-11-09T22:03:20.024+0000] {logging_mixin.py:190} INFO - [2025-11-09T22:03:20.023+0000] {dag.py:4180} INFO - Setting next_dagrun for read_dataset_event to 2025-11-08 00:00:00+00:00, run_after=2025-11-09 00:00:00+00:00
[2025-11-09T22:03:20.035+0000] {logging_mixin.py:190} INFO - [2025-11-09T22:03:20.034+0000] {dag.py:4180} INFO - Setting next_dagrun for read_dataset_event_from_classic to 2025-11-08 00:00:00+00:00, run_after=2025-11-09 00:00:00+00:00
[2025-11-09T22:03:20.067+0000] {processor.py:208} INFO - Processing /home/airflow/.local/lib/python3.12/site-packages/airflow/example_dags/example_inlet_event_extra.py took 1.314 seconds
[2025-11-09T22:03:50.240+0000] {processor.py:186} INFO - Started process (PID=7038) to work on /home/airflow/.local/lib/python3.12/site-packages/airflow/example_dags/example_inlet_event_extra.py
[2025-11-09T22:03:50.243+0000] {processor.py:914} INFO - Processing file /home/airflow/.local/lib/python3.12/site-packages/airflow/example_dags/example_inlet_event_extra.py for tasks to queue
[2025-11-09T22:03:50.248+0000] {logging_mixin.py:190} INFO - [2025-11-09T22:03:50.247+0000] {dagbag.py:588} INFO - Filling up the DagBag from /home/airflow/.local/lib/python3.12/site-packages/airflow/example_dags/example_inlet_event_extra.py
[2025-11-09T22:03:51.373+0000] {processor.py:925} INFO - DAG(s) 'read_dataset_event', 'read_dataset_event_from_classic' retrieved from /home/airflow/.local/lib/python3.12/site-packages/airflow/example_dags/example_inlet_event_extra.py
[2025-11-09T22:03:51.416+0000] {logging_mixin.py:190} INFO - [2025-11-09T22:03:51.416+0000] {dag.py:3239} INFO - Sync 2 DAGs
[2025-11-09T22:03:51.459+0000] {logging_mixin.py:190} INFO - [2025-11-09T22:03:51.458+0000] {dag.py:4180} INFO - Setting next_dagrun for read_dataset_event to 2025-11-08 00:00:00+00:00, run_after=2025-11-09 00:00:00+00:00
[2025-11-09T22:03:51.468+0000] {logging_mixin.py:190} INFO - [2025-11-09T22:03:51.468+0000] {dag.py:4180} INFO - Setting next_dagrun for read_dataset_event_from_classic to 2025-11-08 00:00:00+00:00, run_after=2025-11-09 00:00:00+00:00
[2025-11-09T22:03:51.499+0000] {processor.py:208} INFO - Processing /home/airflow/.local/lib/python3.12/site-packages/airflow/example_dags/example_inlet_event_extra.py took 1.272 seconds
[2025-11-09T22:04:21.939+0000] {processor.py:186} INFO - Started process (PID=7103) to work on /home/airflow/.local/lib/python3.12/site-packages/airflow/example_dags/example_inlet_event_extra.py
[2025-11-09T22:04:21.942+0000] {processor.py:914} INFO - Processing file /home/airflow/.local/lib/python3.12/site-packages/airflow/example_dags/example_inlet_event_extra.py for tasks to queue
[2025-11-09T22:04:21.949+0000] {logging_mixin.py:190} INFO - [2025-11-09T22:04:21.948+0000] {dagbag.py:588} INFO - Filling up the DagBag from /home/airflow/.local/lib/python3.12/site-packages/airflow/example_dags/example_inlet_event_extra.py
[2025-11-09T22:04:23.305+0000] {processor.py:925} INFO - DAG(s) 'read_dataset_event_from_classic', 'read_dataset_event' retrieved from /home/airflow/.local/lib/python3.12/site-packages/airflow/example_dags/example_inlet_event_extra.py
[2025-11-09T22:04:23.359+0000] {logging_mixin.py:190} INFO - [2025-11-09T22:04:23.359+0000] {dag.py:3239} INFO - Sync 2 DAGs
[2025-11-09T22:04:23.423+0000] {logging_mixin.py:190} INFO - [2025-11-09T22:04:23.423+0000] {dag.py:4180} INFO - Setting next_dagrun for read_dataset_event to 2025-11-08 00:00:00+00:00, run_after=2025-11-09 00:00:00+00:00
[2025-11-09T22:04:23.435+0000] {logging_mixin.py:190} INFO - [2025-11-09T22:04:23.435+0000] {dag.py:4180} INFO - Setting next_dagrun for read_dataset_event_from_classic to 2025-11-08 00:00:00+00:00, run_after=2025-11-09 00:00:00+00:00
[2025-11-09T22:04:23.471+0000] {processor.py:208} INFO - Processing /home/airflow/.local/lib/python3.12/site-packages/airflow/example_dags/example_inlet_event_extra.py took 1.549 seconds
[2025-11-09T22:04:54.419+0000] {processor.py:186} INFO - Started process (PID=7168) to work on /home/airflow/.local/lib/python3.12/site-packages/airflow/example_dags/example_inlet_event_extra.py
[2025-11-09T22:04:54.421+0000] {processor.py:914} INFO - Processing file /home/airflow/.local/lib/python3.12/site-packages/airflow/example_dags/example_inlet_event_extra.py for tasks to queue
[2025-11-09T22:04:54.425+0000] {logging_mixin.py:190} INFO - [2025-11-09T22:04:54.424+0000] {dagbag.py:588} INFO - Filling up the DagBag from /home/airflow/.local/lib/python3.12/site-packages/airflow/example_dags/example_inlet_event_extra.py
[2025-11-09T22:04:55.237+0000] {processor.py:925} INFO - DAG(s) 'read_dataset_event', 'read_dataset_event_from_classic' retrieved from /home/airflow/.local/lib/python3.12/site-packages/airflow/example_dags/example_inlet_event_extra.py
[2025-11-09T22:04:55.275+0000] {logging_mixin.py:190} INFO - [2025-11-09T22:04:55.275+0000] {dag.py:3239} INFO - Sync 2 DAGs
[2025-11-09T22:04:55.326+0000] {logging_mixin.py:190} INFO - [2025-11-09T22:04:55.325+0000] {dag.py:4180} INFO - Setting next_dagrun for read_dataset_event to 2025-11-08 00:00:00+00:00, run_after=2025-11-09 00:00:00+00:00
[2025-11-09T22:04:55.337+0000] {logging_mixin.py:190} INFO - [2025-11-09T22:04:55.337+0000] {dag.py:4180} INFO - Setting next_dagrun for read_dataset_event_from_classic to 2025-11-08 00:00:00+00:00, run_after=2025-11-09 00:00:00+00:00
[2025-11-09T22:04:55.369+0000] {processor.py:208} INFO - Processing /home/airflow/.local/lib/python3.12/site-packages/airflow/example_dags/example_inlet_event_extra.py took 0.959 seconds
[2025-11-09T22:05:26.129+0000] {processor.py:186} INFO - Started process (PID=7232) to work on /home/airflow/.local/lib/python3.12/site-packages/airflow/example_dags/example_inlet_event_extra.py
[2025-11-09T22:05:26.131+0000] {processor.py:914} INFO - Processing file /home/airflow/.local/lib/python3.12/site-packages/airflow/example_dags/example_inlet_event_extra.py for tasks to queue
[2025-11-09T22:05:26.138+0000] {logging_mixin.py:190} INFO - [2025-11-09T22:05:26.137+0000] {dagbag.py:588} INFO - Filling up the DagBag from /home/airflow/.local/lib/python3.12/site-packages/airflow/example_dags/example_inlet_event_extra.py
[2025-11-09T22:05:27.273+0000] {processor.py:925} INFO - DAG(s) 'read_dataset_event', 'read_dataset_event_from_classic' retrieved from /home/airflow/.local/lib/python3.12/site-packages/airflow/example_dags/example_inlet_event_extra.py
[2025-11-09T22:05:27.313+0000] {logging_mixin.py:190} INFO - [2025-11-09T22:05:27.313+0000] {dag.py:3239} INFO - Sync 2 DAGs
[2025-11-09T22:05:27.363+0000] {logging_mixin.py:190} INFO - [2025-11-09T22:05:27.362+0000] {dag.py:4180} INFO - Setting next_dagrun for read_dataset_event to 2025-11-08 00:00:00+00:00, run_after=2025-11-09 00:00:00+00:00
[2025-11-09T22:05:27.374+0000] {logging_mixin.py:190} INFO - [2025-11-09T22:05:27.373+0000] {dag.py:4180} INFO - Setting next_dagrun for read_dataset_event_from_classic to 2025-11-08 00:00:00+00:00, run_after=2025-11-09 00:00:00+00:00
[2025-11-09T22:05:27.407+0000] {processor.py:208} INFO - Processing /home/airflow/.local/lib/python3.12/site-packages/airflow/example_dags/example_inlet_event_extra.py took 1.296 seconds
[2025-11-09T22:05:58.328+0000] {processor.py:186} INFO - Started process (PID=7298) to work on /home/airflow/.local/lib/python3.12/site-packages/airflow/example_dags/example_inlet_event_extra.py
[2025-11-09T22:05:58.331+0000] {processor.py:914} INFO - Processing file /home/airflow/.local/lib/python3.12/site-packages/airflow/example_dags/example_inlet_event_extra.py for tasks to queue
[2025-11-09T22:05:58.341+0000] {logging_mixin.py:190} INFO - [2025-11-09T22:05:58.340+0000] {dagbag.py:588} INFO - Filling up the DagBag from /home/airflow/.local/lib/python3.12/site-packages/airflow/example_dags/example_inlet_event_extra.py
[2025-11-09T22:05:59.980+0000] {processor.py:925} INFO - DAG(s) 'read_dataset_event', 'read_dataset_event_from_classic' retrieved from /home/airflow/.local/lib/python3.12/site-packages/airflow/example_dags/example_inlet_event_extra.py
[2025-11-09T22:06:00.052+0000] {logging_mixin.py:190} INFO - [2025-11-09T22:06:00.051+0000] {dag.py:3239} INFO - Sync 2 DAGs
[2025-11-09T22:06:00.141+0000] {logging_mixin.py:190} INFO - [2025-11-09T22:06:00.141+0000] {dag.py:4180} INFO - Setting next_dagrun for read_dataset_event to 2025-11-08 00:00:00+00:00, run_after=2025-11-09 00:00:00+00:00
[2025-11-09T22:06:00.160+0000] {logging_mixin.py:190} INFO - [2025-11-09T22:06:00.160+0000] {dag.py:4180} INFO - Setting next_dagrun for read_dataset_event_from_classic to 2025-11-08 00:00:00+00:00, run_after=2025-11-09 00:00:00+00:00
[2025-11-09T22:06:00.213+0000] {processor.py:208} INFO - Processing /home/airflow/.local/lib/python3.12/site-packages/airflow/example_dags/example_inlet_event_extra.py took 1.907 seconds
[2025-11-09T22:06:30.728+0000] {processor.py:186} INFO - Started process (PID=7363) to work on /home/airflow/.local/lib/python3.12/site-packages/airflow/example_dags/example_inlet_event_extra.py
[2025-11-09T22:06:30.732+0000] {processor.py:914} INFO - Processing file /home/airflow/.local/lib/python3.12/site-packages/airflow/example_dags/example_inlet_event_extra.py for tasks to queue
[2025-11-09T22:06:30.744+0000] {logging_mixin.py:190} INFO - [2025-11-09T22:06:30.743+0000] {dagbag.py:588} INFO - Filling up the DagBag from /home/airflow/.local/lib/python3.12/site-packages/airflow/example_dags/example_inlet_event_extra.py
[2025-11-09T22:06:31.956+0000] {processor.py:925} INFO - DAG(s) 'read_dataset_event_from_classic', 'read_dataset_event' retrieved from /home/airflow/.local/lib/python3.12/site-packages/airflow/example_dags/example_inlet_event_extra.py
[2025-11-09T22:06:31.998+0000] {logging_mixin.py:190} INFO - [2025-11-09T22:06:31.998+0000] {dag.py:3239} INFO - Sync 2 DAGs
[2025-11-09T22:06:32.053+0000] {logging_mixin.py:190} INFO - [2025-11-09T22:06:32.052+0000] {dag.py:4180} INFO - Setting next_dagrun for read_dataset_event to 2025-11-08 00:00:00+00:00, run_after=2025-11-09 00:00:00+00:00
[2025-11-09T22:06:32.066+0000] {logging_mixin.py:190} INFO - [2025-11-09T22:06:32.066+0000] {dag.py:4180} INFO - Setting next_dagrun for read_dataset_event_from_classic to 2025-11-08 00:00:00+00:00, run_after=2025-11-09 00:00:00+00:00
[2025-11-09T22:06:32.100+0000] {processor.py:208} INFO - Processing /home/airflow/.local/lib/python3.12/site-packages/airflow/example_dags/example_inlet_event_extra.py took 1.394 seconds
[2025-11-09T22:07:02.759+0000] {processor.py:186} INFO - Started process (PID=7428) to work on /home/airflow/.local/lib/python3.12/site-packages/airflow/example_dags/example_inlet_event_extra.py
[2025-11-09T22:07:02.762+0000] {processor.py:914} INFO - Processing file /home/airflow/.local/lib/python3.12/site-packages/airflow/example_dags/example_inlet_event_extra.py for tasks to queue
[2025-11-09T22:07:02.773+0000] {logging_mixin.py:190} INFO - [2025-11-09T22:07:02.772+0000] {dagbag.py:588} INFO - Filling up the DagBag from /home/airflow/.local/lib/python3.12/site-packages/airflow/example_dags/example_inlet_event_extra.py
[2025-11-09T22:07:04.067+0000] {processor.py:925} INFO - DAG(s) 'read_dataset_event', 'read_dataset_event_from_classic' retrieved from /home/airflow/.local/lib/python3.12/site-packages/airflow/example_dags/example_inlet_event_extra.py
[2025-11-09T22:07:04.110+0000] {logging_mixin.py:190} INFO - [2025-11-09T22:07:04.110+0000] {dag.py:3239} INFO - Sync 2 DAGs
[2025-11-09T22:07:04.155+0000] {logging_mixin.py:190} INFO - [2025-11-09T22:07:04.154+0000] {dag.py:4180} INFO - Setting next_dagrun for read_dataset_event to 2025-11-08 00:00:00+00:00, run_after=2025-11-09 00:00:00+00:00
[2025-11-09T22:07:04.164+0000] {logging_mixin.py:190} INFO - [2025-11-09T22:07:04.164+0000] {dag.py:4180} INFO - Setting next_dagrun for read_dataset_event_from_classic to 2025-11-08 00:00:00+00:00, run_after=2025-11-09 00:00:00+00:00
[2025-11-09T22:07:04.196+0000] {processor.py:208} INFO - Processing /home/airflow/.local/lib/python3.12/site-packages/airflow/example_dags/example_inlet_event_extra.py took 1.453 seconds
[2025-11-09T22:07:34.591+0000] {processor.py:186} INFO - Started process (PID=7492) to work on /home/airflow/.local/lib/python3.12/site-packages/airflow/example_dags/example_inlet_event_extra.py
[2025-11-09T22:07:34.593+0000] {processor.py:914} INFO - Processing file /home/airflow/.local/lib/python3.12/site-packages/airflow/example_dags/example_inlet_event_extra.py for tasks to queue
[2025-11-09T22:07:34.599+0000] {logging_mixin.py:190} INFO - [2025-11-09T22:07:34.598+0000] {dagbag.py:588} INFO - Filling up the DagBag from /home/airflow/.local/lib/python3.12/site-packages/airflow/example_dags/example_inlet_event_extra.py
[2025-11-09T22:07:35.658+0000] {processor.py:925} INFO - DAG(s) 'read_dataset_event_from_classic', 'read_dataset_event' retrieved from /home/airflow/.local/lib/python3.12/site-packages/airflow/example_dags/example_inlet_event_extra.py
[2025-11-09T22:07:35.704+0000] {logging_mixin.py:190} INFO - [2025-11-09T22:07:35.703+0000] {dag.py:3239} INFO - Sync 2 DAGs
[2025-11-09T22:07:35.769+0000] {logging_mixin.py:190} INFO - [2025-11-09T22:07:35.769+0000] {dag.py:4180} INFO - Setting next_dagrun for read_dataset_event to 2025-11-08 00:00:00+00:00, run_after=2025-11-09 00:00:00+00:00
[2025-11-09T22:07:35.781+0000] {logging_mixin.py:190} INFO - [2025-11-09T22:07:35.781+0000] {dag.py:4180} INFO - Setting next_dagrun for read_dataset_event_from_classic to 2025-11-08 00:00:00+00:00, run_after=2025-11-09 00:00:00+00:00
[2025-11-09T22:07:35.818+0000] {processor.py:208} INFO - Processing /home/airflow/.local/lib/python3.12/site-packages/airflow/example_dags/example_inlet_event_extra.py took 1.238 seconds
[2025-11-09T22:08:06.577+0000] {processor.py:186} INFO - Started process (PID=7562) to work on /home/airflow/.local/lib/python3.12/site-packages/airflow/example_dags/example_inlet_event_extra.py
[2025-11-09T22:08:06.580+0000] {processor.py:914} INFO - Processing file /home/airflow/.local/lib/python3.12/site-packages/airflow/example_dags/example_inlet_event_extra.py for tasks to queue
[2025-11-09T22:08:06.586+0000] {logging_mixin.py:190} INFO - [2025-11-09T22:08:06.585+0000] {dagbag.py:588} INFO - Filling up the DagBag from /home/airflow/.local/lib/python3.12/site-packages/airflow/example_dags/example_inlet_event_extra.py
[2025-11-09T22:08:07.767+0000] {processor.py:925} INFO - DAG(s) 'read_dataset_event', 'read_dataset_event_from_classic' retrieved from /home/airflow/.local/lib/python3.12/site-packages/airflow/example_dags/example_inlet_event_extra.py
[2025-11-09T22:08:07.813+0000] {logging_mixin.py:190} INFO - [2025-11-09T22:08:07.813+0000] {dag.py:3239} INFO - Sync 2 DAGs
[2025-11-09T22:08:07.880+0000] {logging_mixin.py:190} INFO - [2025-11-09T22:08:07.880+0000] {dag.py:4180} INFO - Setting next_dagrun for read_dataset_event to 2025-11-08 00:00:00+00:00, run_after=2025-11-09 00:00:00+00:00
[2025-11-09T22:08:07.892+0000] {logging_mixin.py:190} INFO - [2025-11-09T22:08:07.892+0000] {dag.py:4180} INFO - Setting next_dagrun for read_dataset_event_from_classic to 2025-11-08 00:00:00+00:00, run_after=2025-11-09 00:00:00+00:00
[2025-11-09T22:08:07.933+0000] {processor.py:208} INFO - Processing /home/airflow/.local/lib/python3.12/site-packages/airflow/example_dags/example_inlet_event_extra.py took 1.370 seconds
[2025-11-09T22:08:38.835+0000] {processor.py:186} INFO - Started process (PID=7629) to work on /home/airflow/.local/lib/python3.12/site-packages/airflow/example_dags/example_inlet_event_extra.py
[2025-11-09T22:08:38.839+0000] {processor.py:914} INFO - Processing file /home/airflow/.local/lib/python3.12/site-packages/airflow/example_dags/example_inlet_event_extra.py for tasks to queue
[2025-11-09T22:08:38.848+0000] {logging_mixin.py:190} INFO - [2025-11-09T22:08:38.847+0000] {dagbag.py:588} INFO - Filling up the DagBag from /home/airflow/.local/lib/python3.12/site-packages/airflow/example_dags/example_inlet_event_extra.py
[2025-11-09T22:08:40.611+0000] {processor.py:925} INFO - DAG(s) 'read_dataset_event', 'read_dataset_event_from_classic' retrieved from /home/airflow/.local/lib/python3.12/site-packages/airflow/example_dags/example_inlet_event_extra.py
[2025-11-09T22:08:40.685+0000] {logging_mixin.py:190} INFO - [2025-11-09T22:08:40.684+0000] {dag.py:3239} INFO - Sync 2 DAGs
[2025-11-09T22:08:40.781+0000] {logging_mixin.py:190} INFO - [2025-11-09T22:08:40.781+0000] {dag.py:4180} INFO - Setting next_dagrun for read_dataset_event to 2025-11-08 00:00:00+00:00, run_after=2025-11-09 00:00:00+00:00
[2025-11-09T22:08:40.798+0000] {logging_mixin.py:190} INFO - [2025-11-09T22:08:40.798+0000] {dag.py:4180} INFO - Setting next_dagrun for read_dataset_event_from_classic to 2025-11-08 00:00:00+00:00, run_after=2025-11-09 00:00:00+00:00
[2025-11-09T22:08:40.853+0000] {processor.py:208} INFO - Processing /home/airflow/.local/lib/python3.12/site-packages/airflow/example_dags/example_inlet_event_extra.py took 2.042 seconds
[2025-11-09T22:09:11.282+0000] {processor.py:186} INFO - Started process (PID=7695) to work on /home/airflow/.local/lib/python3.12/site-packages/airflow/example_dags/example_inlet_event_extra.py
[2025-11-09T22:09:11.285+0000] {processor.py:914} INFO - Processing file /home/airflow/.local/lib/python3.12/site-packages/airflow/example_dags/example_inlet_event_extra.py for tasks to queue
[2025-11-09T22:09:11.291+0000] {logging_mixin.py:190} INFO - [2025-11-09T22:09:11.290+0000] {dagbag.py:588} INFO - Filling up the DagBag from /home/airflow/.local/lib/python3.12/site-packages/airflow/example_dags/example_inlet_event_extra.py
[2025-11-09T22:09:12.994+0000] {processor.py:925} INFO - DAG(s) 'read_dataset_event_from_classic', 'read_dataset_event' retrieved from /home/airflow/.local/lib/python3.12/site-packages/airflow/example_dags/example_inlet_event_extra.py
[2025-11-09T22:09:13.054+0000] {logging_mixin.py:190} INFO - [2025-11-09T22:09:13.053+0000] {dag.py:3239} INFO - Sync 2 DAGs
[2025-11-09T22:09:13.134+0000] {logging_mixin.py:190} INFO - [2025-11-09T22:09:13.134+0000] {dag.py:4180} INFO - Setting next_dagrun for read_dataset_event to 2025-11-08 00:00:00+00:00, run_after=2025-11-09 00:00:00+00:00
[2025-11-09T22:09:13.150+0000] {logging_mixin.py:190} INFO - [2025-11-09T22:09:13.150+0000] {dag.py:4180} INFO - Setting next_dagrun for read_dataset_event_from_classic to 2025-11-08 00:00:00+00:00, run_after=2025-11-09 00:00:00+00:00
[2025-11-09T22:09:13.195+0000] {processor.py:208} INFO - Processing /home/airflow/.local/lib/python3.12/site-packages/airflow/example_dags/example_inlet_event_extra.py took 1.930 seconds
[2025-11-09T22:09:44.117+0000] {processor.py:186} INFO - Started process (PID=7762) to work on /home/airflow/.local/lib/python3.12/site-packages/airflow/example_dags/example_inlet_event_extra.py
[2025-11-09T22:09:44.119+0000] {processor.py:914} INFO - Processing file /home/airflow/.local/lib/python3.12/site-packages/airflow/example_dags/example_inlet_event_extra.py for tasks to queue
[2025-11-09T22:09:44.125+0000] {logging_mixin.py:190} INFO - [2025-11-09T22:09:44.124+0000] {dagbag.py:588} INFO - Filling up the DagBag from /home/airflow/.local/lib/python3.12/site-packages/airflow/example_dags/example_inlet_event_extra.py
[2025-11-09T22:09:45.475+0000] {processor.py:925} INFO - DAG(s) 'read_dataset_event', 'read_dataset_event_from_classic' retrieved from /home/airflow/.local/lib/python3.12/site-packages/airflow/example_dags/example_inlet_event_extra.py
[2025-11-09T22:09:45.539+0000] {logging_mixin.py:190} INFO - [2025-11-09T22:09:45.538+0000] {dag.py:3239} INFO - Sync 2 DAGs
[2025-11-09T22:09:45.617+0000] {logging_mixin.py:190} INFO - [2025-11-09T22:09:45.617+0000] {dag.py:4180} INFO - Setting next_dagrun for read_dataset_event to 2025-11-08 00:00:00+00:00, run_after=2025-11-09 00:00:00+00:00
[2025-11-09T22:09:45.633+0000] {logging_mixin.py:190} INFO - [2025-11-09T22:09:45.632+0000] {dag.py:4180} INFO - Setting next_dagrun for read_dataset_event_from_classic to 2025-11-08 00:00:00+00:00, run_after=2025-11-09 00:00:00+00:00
[2025-11-09T22:09:45.683+0000] {processor.py:208} INFO - Processing /home/airflow/.local/lib/python3.12/site-packages/airflow/example_dags/example_inlet_event_extra.py took 1.581 seconds
[2025-11-09T22:10:16.051+0000] {processor.py:186} INFO - Started process (PID=7827) to work on /home/airflow/.local/lib/python3.12/site-packages/airflow/example_dags/example_inlet_event_extra.py
[2025-11-09T22:10:16.054+0000] {processor.py:914} INFO - Processing file /home/airflow/.local/lib/python3.12/site-packages/airflow/example_dags/example_inlet_event_extra.py for tasks to queue
[2025-11-09T22:10:16.060+0000] {logging_mixin.py:190} INFO - [2025-11-09T22:10:16.059+0000] {dagbag.py:588} INFO - Filling up the DagBag from /home/airflow/.local/lib/python3.12/site-packages/airflow/example_dags/example_inlet_event_extra.py
[2025-11-09T22:10:17.655+0000] {processor.py:925} INFO - DAG(s) 'read_dataset_event_from_classic', 'read_dataset_event' retrieved from /home/airflow/.local/lib/python3.12/site-packages/airflow/example_dags/example_inlet_event_extra.py
[2025-11-09T22:10:17.698+0000] {logging_mixin.py:190} INFO - [2025-11-09T22:10:17.697+0000] {dag.py:3239} INFO - Sync 2 DAGs
[2025-11-09T22:10:17.744+0000] {logging_mixin.py:190} INFO - [2025-11-09T22:10:17.743+0000] {dag.py:4180} INFO - Setting next_dagrun for read_dataset_event to 2025-11-08 00:00:00+00:00, run_after=2025-11-09 00:00:00+00:00
[2025-11-09T22:10:17.753+0000] {logging_mixin.py:190} INFO - [2025-11-09T22:10:17.752+0000] {dag.py:4180} INFO - Setting next_dagrun for read_dataset_event_from_classic to 2025-11-08 00:00:00+00:00, run_after=2025-11-09 00:00:00+00:00
[2025-11-09T22:10:17.782+0000] {processor.py:208} INFO - Processing /home/airflow/.local/lib/python3.12/site-packages/airflow/example_dags/example_inlet_event_extra.py took 1.750 seconds
[2025-11-09T22:10:47.985+0000] {processor.py:186} INFO - Started process (PID=7892) to work on /home/airflow/.local/lib/python3.12/site-packages/airflow/example_dags/example_inlet_event_extra.py
[2025-11-09T22:10:47.987+0000] {processor.py:914} INFO - Processing file /home/airflow/.local/lib/python3.12/site-packages/airflow/example_dags/example_inlet_event_extra.py for tasks to queue
[2025-11-09T22:10:47.995+0000] {logging_mixin.py:190} INFO - [2025-11-09T22:10:47.994+0000] {dagbag.py:588} INFO - Filling up the DagBag from /home/airflow/.local/lib/python3.12/site-packages/airflow/example_dags/example_inlet_event_extra.py
[2025-11-09T22:10:49.459+0000] {processor.py:925} INFO - DAG(s) 'read_dataset_event_from_classic', 'read_dataset_event' retrieved from /home/airflow/.local/lib/python3.12/site-packages/airflow/example_dags/example_inlet_event_extra.py
[2025-11-09T22:10:49.510+0000] {logging_mixin.py:190} INFO - [2025-11-09T22:10:49.509+0000] {dag.py:3239} INFO - Sync 2 DAGs
[2025-11-09T22:10:49.575+0000] {logging_mixin.py:190} INFO - [2025-11-09T22:10:49.574+0000] {dag.py:4180} INFO - Setting next_dagrun for read_dataset_event to 2025-11-08 00:00:00+00:00, run_after=2025-11-09 00:00:00+00:00
[2025-11-09T22:10:49.587+0000] {logging_mixin.py:190} INFO - [2025-11-09T22:10:49.586+0000] {dag.py:4180} INFO - Setting next_dagrun for read_dataset_event_from_classic to 2025-11-08 00:00:00+00:00, run_after=2025-11-09 00:00:00+00:00
[2025-11-09T22:10:49.628+0000] {processor.py:208} INFO - Processing /home/airflow/.local/lib/python3.12/site-packages/airflow/example_dags/example_inlet_event_extra.py took 1.658 seconds
[2025-11-09T22:11:20.247+0000] {processor.py:186} INFO - Started process (PID=7957) to work on /home/airflow/.local/lib/python3.12/site-packages/airflow/example_dags/example_inlet_event_extra.py
[2025-11-09T22:11:20.251+0000] {processor.py:914} INFO - Processing file /home/airflow/.local/lib/python3.12/site-packages/airflow/example_dags/example_inlet_event_extra.py for tasks to queue
[2025-11-09T22:11:20.262+0000] {logging_mixin.py:190} INFO - [2025-11-09T22:11:20.261+0000] {dagbag.py:588} INFO - Filling up the DagBag from /home/airflow/.local/lib/python3.12/site-packages/airflow/example_dags/example_inlet_event_extra.py
[2025-11-09T22:11:21.990+0000] {processor.py:925} INFO - DAG(s) 'read_dataset_event', 'read_dataset_event_from_classic' retrieved from /home/airflow/.local/lib/python3.12/site-packages/airflow/example_dags/example_inlet_event_extra.py
[2025-11-09T22:11:22.049+0000] {logging_mixin.py:190} INFO - [2025-11-09T22:11:22.048+0000] {dag.py:3239} INFO - Sync 2 DAGs
[2025-11-09T22:11:22.126+0000] {logging_mixin.py:190} INFO - [2025-11-09T22:11:22.125+0000] {dag.py:4180} INFO - Setting next_dagrun for read_dataset_event to 2025-11-08 00:00:00+00:00, run_after=2025-11-09 00:00:00+00:00
[2025-11-09T22:11:22.142+0000] {logging_mixin.py:190} INFO - [2025-11-09T22:11:22.141+0000] {dag.py:4180} INFO - Setting next_dagrun for read_dataset_event_from_classic to 2025-11-08 00:00:00+00:00, run_after=2025-11-09 00:00:00+00:00
[2025-11-09T22:11:22.188+0000] {processor.py:208} INFO - Processing /home/airflow/.local/lib/python3.12/site-packages/airflow/example_dags/example_inlet_event_extra.py took 1.970 seconds
[2025-11-09T22:11:52.809+0000] {processor.py:186} INFO - Started process (PID=8024) to work on /home/airflow/.local/lib/python3.12/site-packages/airflow/example_dags/example_inlet_event_extra.py
[2025-11-09T22:11:52.813+0000] {processor.py:914} INFO - Processing file /home/airflow/.local/lib/python3.12/site-packages/airflow/example_dags/example_inlet_event_extra.py for tasks to queue
[2025-11-09T22:11:52.824+0000] {logging_mixin.py:190} INFO - [2025-11-09T22:11:52.822+0000] {dagbag.py:588} INFO - Filling up the DagBag from /home/airflow/.local/lib/python3.12/site-packages/airflow/example_dags/example_inlet_event_extra.py
[2025-11-09T22:11:56.147+0000] {processor.py:925} INFO - DAG(s) 'read_dataset_event_from_classic', 'read_dataset_event' retrieved from /home/airflow/.local/lib/python3.12/site-packages/airflow/example_dags/example_inlet_event_extra.py
[2025-11-09T22:11:56.247+0000] {logging_mixin.py:190} INFO - [2025-11-09T22:11:56.245+0000] {dag.py:3239} INFO - Sync 2 DAGs
[2025-11-09T22:11:56.341+0000] {logging_mixin.py:190} INFO - [2025-11-09T22:11:56.341+0000] {dag.py:4180} INFO - Setting next_dagrun for read_dataset_event to 2025-11-08 00:00:00+00:00, run_after=2025-11-09 00:00:00+00:00
[2025-11-09T22:11:56.357+0000] {logging_mixin.py:190} INFO - [2025-11-09T22:11:56.357+0000] {dag.py:4180} INFO - Setting next_dagrun for read_dataset_event_from_classic to 2025-11-08 00:00:00+00:00, run_after=2025-11-09 00:00:00+00:00
[2025-11-09T22:11:56.416+0000] {processor.py:208} INFO - Processing /home/airflow/.local/lib/python3.12/site-packages/airflow/example_dags/example_inlet_event_extra.py took 3.634 seconds
[2025-11-09T22:12:27.141+0000] {processor.py:186} INFO - Started process (PID=8094) to work on /home/airflow/.local/lib/python3.12/site-packages/airflow/example_dags/example_inlet_event_extra.py
[2025-11-09T22:12:27.148+0000] {processor.py:914} INFO - Processing file /home/airflow/.local/lib/python3.12/site-packages/airflow/example_dags/example_inlet_event_extra.py for tasks to queue
[2025-11-09T22:12:27.160+0000] {logging_mixin.py:190} INFO - [2025-11-09T22:12:27.159+0000] {dagbag.py:588} INFO - Filling up the DagBag from /home/airflow/.local/lib/python3.12/site-packages/airflow/example_dags/example_inlet_event_extra.py
[2025-11-09T22:12:30.337+0000] {processor.py:925} INFO - DAG(s) 'read_dataset_event_from_classic', 'read_dataset_event' retrieved from /home/airflow/.local/lib/python3.12/site-packages/airflow/example_dags/example_inlet_event_extra.py
[2025-11-09T22:12:30.453+0000] {logging_mixin.py:190} INFO - [2025-11-09T22:12:30.452+0000] {dag.py:3239} INFO - Sync 2 DAGs
[2025-11-09T22:12:30.598+0000] {logging_mixin.py:190} INFO - [2025-11-09T22:12:30.597+0000] {dag.py:4180} INFO - Setting next_dagrun for read_dataset_event to 2025-11-08 00:00:00+00:00, run_after=2025-11-09 00:00:00+00:00
[2025-11-09T22:12:30.632+0000] {logging_mixin.py:190} INFO - [2025-11-09T22:12:30.631+0000] {dag.py:4180} INFO - Setting next_dagrun for read_dataset_event_from_classic to 2025-11-08 00:00:00+00:00, run_after=2025-11-09 00:00:00+00:00
[2025-11-09T22:12:30.774+0000] {processor.py:208} INFO - Processing /home/airflow/.local/lib/python3.12/site-packages/airflow/example_dags/example_inlet_event_extra.py took 3.679 seconds
[2025-11-09T22:13:01.421+0000] {processor.py:186} INFO - Started process (PID=8164) to work on /home/airflow/.local/lib/python3.12/site-packages/airflow/example_dags/example_inlet_event_extra.py
[2025-11-09T22:13:01.431+0000] {processor.py:914} INFO - Processing file /home/airflow/.local/lib/python3.12/site-packages/airflow/example_dags/example_inlet_event_extra.py for tasks to queue
[2025-11-09T22:13:01.446+0000] {logging_mixin.py:190} INFO - [2025-11-09T22:13:01.442+0000] {dagbag.py:588} INFO - Filling up the DagBag from /home/airflow/.local/lib/python3.12/site-packages/airflow/example_dags/example_inlet_event_extra.py
[2025-11-09T22:13:03.167+0000] {processor.py:925} INFO - DAG(s) 'read_dataset_event', 'read_dataset_event_from_classic' retrieved from /home/airflow/.local/lib/python3.12/site-packages/airflow/example_dags/example_inlet_event_extra.py
[2025-11-09T22:13:03.205+0000] {logging_mixin.py:190} INFO - [2025-11-09T22:13:03.204+0000] {dag.py:3239} INFO - Sync 2 DAGs
[2025-11-09T22:13:03.251+0000] {logging_mixin.py:190} INFO - [2025-11-09T22:13:03.251+0000] {dag.py:4180} INFO - Setting next_dagrun for read_dataset_event to 2025-11-08 00:00:00+00:00, run_after=2025-11-09 00:00:00+00:00
[2025-11-09T22:13:03.260+0000] {logging_mixin.py:190} INFO - [2025-11-09T22:13:03.260+0000] {dag.py:4180} INFO - Setting next_dagrun for read_dataset_event_from_classic to 2025-11-08 00:00:00+00:00, run_after=2025-11-09 00:00:00+00:00
[2025-11-09T22:13:03.290+0000] {processor.py:208} INFO - Processing /home/airflow/.local/lib/python3.12/site-packages/airflow/example_dags/example_inlet_event_extra.py took 1.899 seconds
[2025-11-09T22:13:33.568+0000] {processor.py:186} INFO - Started process (PID=8232) to work on /home/airflow/.local/lib/python3.12/site-packages/airflow/example_dags/example_inlet_event_extra.py
[2025-11-09T22:13:33.570+0000] {processor.py:914} INFO - Processing file /home/airflow/.local/lib/python3.12/site-packages/airflow/example_dags/example_inlet_event_extra.py for tasks to queue
[2025-11-09T22:13:33.575+0000] {logging_mixin.py:190} INFO - [2025-11-09T22:13:33.575+0000] {dagbag.py:588} INFO - Filling up the DagBag from /home/airflow/.local/lib/python3.12/site-packages/airflow/example_dags/example_inlet_event_extra.py
[2025-11-09T22:13:34.797+0000] {processor.py:925} INFO - DAG(s) 'read_dataset_event_from_classic', 'read_dataset_event' retrieved from /home/airflow/.local/lib/python3.12/site-packages/airflow/example_dags/example_inlet_event_extra.py
[2025-11-09T22:13:34.842+0000] {logging_mixin.py:190} INFO - [2025-11-09T22:13:34.841+0000] {dag.py:3239} INFO - Sync 2 DAGs
[2025-11-09T22:13:34.888+0000] {logging_mixin.py:190} INFO - [2025-11-09T22:13:34.887+0000] {dag.py:4180} INFO - Setting next_dagrun for read_dataset_event to 2025-11-08 00:00:00+00:00, run_after=2025-11-09 00:00:00+00:00
[2025-11-09T22:13:34.898+0000] {logging_mixin.py:190} INFO - [2025-11-09T22:13:34.897+0000] {dag.py:4180} INFO - Setting next_dagrun for read_dataset_event_from_classic to 2025-11-08 00:00:00+00:00, run_after=2025-11-09 00:00:00+00:00
[2025-11-09T22:13:34.934+0000] {processor.py:208} INFO - Processing /home/airflow/.local/lib/python3.12/site-packages/airflow/example_dags/example_inlet_event_extra.py took 1.378 seconds
[2025-11-09T22:14:05.548+0000] {processor.py:186} INFO - Started process (PID=8300) to work on /home/airflow/.local/lib/python3.12/site-packages/airflow/example_dags/example_inlet_event_extra.py
[2025-11-09T22:14:05.550+0000] {processor.py:914} INFO - Processing file /home/airflow/.local/lib/python3.12/site-packages/airflow/example_dags/example_inlet_event_extra.py for tasks to queue
[2025-11-09T22:14:05.556+0000] {logging_mixin.py:190} INFO - [2025-11-09T22:14:05.555+0000] {dagbag.py:588} INFO - Filling up the DagBag from /home/airflow/.local/lib/python3.12/site-packages/airflow/example_dags/example_inlet_event_extra.py
[2025-11-09T22:14:06.521+0000] {processor.py:925} INFO - DAG(s) 'read_dataset_event_from_classic', 'read_dataset_event' retrieved from /home/airflow/.local/lib/python3.12/site-packages/airflow/example_dags/example_inlet_event_extra.py
[2025-11-09T22:14:06.558+0000] {logging_mixin.py:190} INFO - [2025-11-09T22:14:06.558+0000] {dag.py:3239} INFO - Sync 2 DAGs
[2025-11-09T22:14:06.597+0000] {logging_mixin.py:190} INFO - [2025-11-09T22:14:06.596+0000] {dag.py:4180} INFO - Setting next_dagrun for read_dataset_event to 2025-11-08 00:00:00+00:00, run_after=2025-11-09 00:00:00+00:00
[2025-11-09T22:14:06.607+0000] {logging_mixin.py:190} INFO - [2025-11-09T22:14:06.607+0000] {dag.py:4180} INFO - Setting next_dagrun for read_dataset_event_from_classic to 2025-11-08 00:00:00+00:00, run_after=2025-11-09 00:00:00+00:00
[2025-11-09T22:14:06.635+0000] {processor.py:208} INFO - Processing /home/airflow/.local/lib/python3.12/site-packages/airflow/example_dags/example_inlet_event_extra.py took 1.098 seconds
[2025-11-09T22:14:37.499+0000] {processor.py:186} INFO - Started process (PID=8369) to work on /home/airflow/.local/lib/python3.12/site-packages/airflow/example_dags/example_inlet_event_extra.py
[2025-11-09T22:14:37.501+0000] {processor.py:914} INFO - Processing file /home/airflow/.local/lib/python3.12/site-packages/airflow/example_dags/example_inlet_event_extra.py for tasks to queue
[2025-11-09T22:14:37.505+0000] {logging_mixin.py:190} INFO - [2025-11-09T22:14:37.505+0000] {dagbag.py:588} INFO - Filling up the DagBag from /home/airflow/.local/lib/python3.12/site-packages/airflow/example_dags/example_inlet_event_extra.py
[2025-11-09T22:14:38.299+0000] {processor.py:925} INFO - DAG(s) 'read_dataset_event_from_classic', 'read_dataset_event' retrieved from /home/airflow/.local/lib/python3.12/site-packages/airflow/example_dags/example_inlet_event_extra.py
[2025-11-09T22:14:38.331+0000] {logging_mixin.py:190} INFO - [2025-11-09T22:14:38.331+0000] {dag.py:3239} INFO - Sync 2 DAGs
[2025-11-09T22:14:38.367+0000] {logging_mixin.py:190} INFO - [2025-11-09T22:14:38.367+0000] {dag.py:4180} INFO - Setting next_dagrun for read_dataset_event to 2025-11-08 00:00:00+00:00, run_after=2025-11-09 00:00:00+00:00
[2025-11-09T22:14:38.375+0000] {logging_mixin.py:190} INFO - [2025-11-09T22:14:38.374+0000] {dag.py:4180} INFO - Setting next_dagrun for read_dataset_event_from_classic to 2025-11-08 00:00:00+00:00, run_after=2025-11-09 00:00:00+00:00
[2025-11-09T22:14:38.414+0000] {processor.py:208} INFO - Processing /home/airflow/.local/lib/python3.12/site-packages/airflow/example_dags/example_inlet_event_extra.py took 0.925 seconds
[2025-11-09T22:15:09.004+0000] {processor.py:186} INFO - Started process (PID=8440) to work on /home/airflow/.local/lib/python3.12/site-packages/airflow/example_dags/example_inlet_event_extra.py
[2025-11-09T22:15:09.006+0000] {processor.py:914} INFO - Processing file /home/airflow/.local/lib/python3.12/site-packages/airflow/example_dags/example_inlet_event_extra.py for tasks to queue
[2025-11-09T22:15:09.010+0000] {logging_mixin.py:190} INFO - [2025-11-09T22:15:09.009+0000] {dagbag.py:588} INFO - Filling up the DagBag from /home/airflow/.local/lib/python3.12/site-packages/airflow/example_dags/example_inlet_event_extra.py
[2025-11-09T22:15:09.856+0000] {processor.py:925} INFO - DAG(s) 'read_dataset_event', 'read_dataset_event_from_classic' retrieved from /home/airflow/.local/lib/python3.12/site-packages/airflow/example_dags/example_inlet_event_extra.py
[2025-11-09T22:15:09.894+0000] {logging_mixin.py:190} INFO - [2025-11-09T22:15:09.893+0000] {dag.py:3239} INFO - Sync 2 DAGs
[2025-11-09T22:15:09.932+0000] {logging_mixin.py:190} INFO - [2025-11-09T22:15:09.932+0000] {dag.py:4180} INFO - Setting next_dagrun for read_dataset_event to 2025-11-08 00:00:00+00:00, run_after=2025-11-09 00:00:00+00:00
[2025-11-09T22:15:09.942+0000] {logging_mixin.py:190} INFO - [2025-11-09T22:15:09.942+0000] {dag.py:4180} INFO - Setting next_dagrun for read_dataset_event_from_classic to 2025-11-08 00:00:00+00:00, run_after=2025-11-09 00:00:00+00:00
[2025-11-09T22:15:09.972+0000] {processor.py:208} INFO - Processing /home/airflow/.local/lib/python3.12/site-packages/airflow/example_dags/example_inlet_event_extra.py took 0.978 seconds
[2025-11-09T22:15:40.180+0000] {processor.py:186} INFO - Started process (PID=8507) to work on /home/airflow/.local/lib/python3.12/site-packages/airflow/example_dags/example_inlet_event_extra.py
[2025-11-09T22:15:40.183+0000] {processor.py:914} INFO - Processing file /home/airflow/.local/lib/python3.12/site-packages/airflow/example_dags/example_inlet_event_extra.py for tasks to queue
[2025-11-09T22:15:40.189+0000] {logging_mixin.py:190} INFO - [2025-11-09T22:15:40.188+0000] {dagbag.py:588} INFO - Filling up the DagBag from /home/airflow/.local/lib/python3.12/site-packages/airflow/example_dags/example_inlet_event_extra.py
[2025-11-09T22:15:41.066+0000] {processor.py:925} INFO - DAG(s) 'read_dataset_event', 'read_dataset_event_from_classic' retrieved from /home/airflow/.local/lib/python3.12/site-packages/airflow/example_dags/example_inlet_event_extra.py
[2025-11-09T22:15:41.100+0000] {logging_mixin.py:190} INFO - [2025-11-09T22:15:41.100+0000] {dag.py:3239} INFO - Sync 2 DAGs
[2025-11-09T22:15:41.144+0000] {logging_mixin.py:190} INFO - [2025-11-09T22:15:41.144+0000] {dag.py:4180} INFO - Setting next_dagrun for read_dataset_event to 2025-11-08 00:00:00+00:00, run_after=2025-11-09 00:00:00+00:00
[2025-11-09T22:15:41.152+0000] {logging_mixin.py:190} INFO - [2025-11-09T22:15:41.151+0000] {dag.py:4180} INFO - Setting next_dagrun for read_dataset_event_from_classic to 2025-11-08 00:00:00+00:00, run_after=2025-11-09 00:00:00+00:00
[2025-11-09T22:15:41.179+0000] {processor.py:208} INFO - Processing /home/airflow/.local/lib/python3.12/site-packages/airflow/example_dags/example_inlet_event_extra.py took 1.011 seconds
[2025-11-09T22:16:11.892+0000] {processor.py:186} INFO - Started process (PID=8572) to work on /home/airflow/.local/lib/python3.12/site-packages/airflow/example_dags/example_inlet_event_extra.py
[2025-11-09T22:16:11.894+0000] {processor.py:914} INFO - Processing file /home/airflow/.local/lib/python3.12/site-packages/airflow/example_dags/example_inlet_event_extra.py for tasks to queue
[2025-11-09T22:16:11.899+0000] {logging_mixin.py:190} INFO - [2025-11-09T22:16:11.899+0000] {dagbag.py:588} INFO - Filling up the DagBag from /home/airflow/.local/lib/python3.12/site-packages/airflow/example_dags/example_inlet_event_extra.py
[2025-11-09T22:16:12.776+0000] {processor.py:925} INFO - DAG(s) 'read_dataset_event', 'read_dataset_event_from_classic' retrieved from /home/airflow/.local/lib/python3.12/site-packages/airflow/example_dags/example_inlet_event_extra.py
[2025-11-09T22:16:12.809+0000] {logging_mixin.py:190} INFO - [2025-11-09T22:16:12.809+0000] {dag.py:3239} INFO - Sync 2 DAGs
[2025-11-09T22:16:12.846+0000] {logging_mixin.py:190} INFO - [2025-11-09T22:16:12.846+0000] {dag.py:4180} INFO - Setting next_dagrun for read_dataset_event to 2025-11-08 00:00:00+00:00, run_after=2025-11-09 00:00:00+00:00
[2025-11-09T22:16:12.856+0000] {logging_mixin.py:190} INFO - [2025-11-09T22:16:12.856+0000] {dag.py:4180} INFO - Setting next_dagrun for read_dataset_event_from_classic to 2025-11-08 00:00:00+00:00, run_after=2025-11-09 00:00:00+00:00
[2025-11-09T22:16:12.889+0000] {processor.py:208} INFO - Processing /home/airflow/.local/lib/python3.12/site-packages/airflow/example_dags/example_inlet_event_extra.py took 1.007 seconds
[2025-11-09T22:16:43.701+0000] {processor.py:186} INFO - Started process (PID=8638) to work on /home/airflow/.local/lib/python3.12/site-packages/airflow/example_dags/example_inlet_event_extra.py
[2025-11-09T22:16:43.704+0000] {processor.py:914} INFO - Processing file /home/airflow/.local/lib/python3.12/site-packages/airflow/example_dags/example_inlet_event_extra.py for tasks to queue
[2025-11-09T22:16:43.710+0000] {logging_mixin.py:190} INFO - [2025-11-09T22:16:43.709+0000] {dagbag.py:588} INFO - Filling up the DagBag from /home/airflow/.local/lib/python3.12/site-packages/airflow/example_dags/example_inlet_event_extra.py
[2025-11-09T22:16:44.786+0000] {processor.py:925} INFO - DAG(s) 'read_dataset_event_from_classic', 'read_dataset_event' retrieved from /home/airflow/.local/lib/python3.12/site-packages/airflow/example_dags/example_inlet_event_extra.py
[2025-11-09T22:16:44.825+0000] {logging_mixin.py:190} INFO - [2025-11-09T22:16:44.825+0000] {dag.py:3239} INFO - Sync 2 DAGs
[2025-11-09T22:16:44.870+0000] {logging_mixin.py:190} INFO - [2025-11-09T22:16:44.869+0000] {dag.py:4180} INFO - Setting next_dagrun for read_dataset_event to 2025-11-08 00:00:00+00:00, run_after=2025-11-09 00:00:00+00:00
[2025-11-09T22:16:44.879+0000] {logging_mixin.py:190} INFO - [2025-11-09T22:16:44.878+0000] {dag.py:4180} INFO - Setting next_dagrun for read_dataset_event_from_classic to 2025-11-08 00:00:00+00:00, run_after=2025-11-09 00:00:00+00:00
[2025-11-09T22:16:44.914+0000] {processor.py:208} INFO - Processing /home/airflow/.local/lib/python3.12/site-packages/airflow/example_dags/example_inlet_event_extra.py took 1.223 seconds
[2025-11-09T22:17:15.478+0000] {processor.py:186} INFO - Started process (PID=8702) to work on /home/airflow/.local/lib/python3.12/site-packages/airflow/example_dags/example_inlet_event_extra.py
[2025-11-09T22:17:15.480+0000] {processor.py:914} INFO - Processing file /home/airflow/.local/lib/python3.12/site-packages/airflow/example_dags/example_inlet_event_extra.py for tasks to queue
[2025-11-09T22:17:15.486+0000] {logging_mixin.py:190} INFO - [2025-11-09T22:17:15.485+0000] {dagbag.py:588} INFO - Filling up the DagBag from /home/airflow/.local/lib/python3.12/site-packages/airflow/example_dags/example_inlet_event_extra.py
[2025-11-09T22:17:16.512+0000] {processor.py:925} INFO - DAG(s) 'read_dataset_event', 'read_dataset_event_from_classic' retrieved from /home/airflow/.local/lib/python3.12/site-packages/airflow/example_dags/example_inlet_event_extra.py
[2025-11-09T22:17:16.550+0000] {logging_mixin.py:190} INFO - [2025-11-09T22:17:16.549+0000] {dag.py:3239} INFO - Sync 2 DAGs
[2025-11-09T22:17:16.594+0000] {logging_mixin.py:190} INFO - [2025-11-09T22:17:16.594+0000] {dag.py:4180} INFO - Setting next_dagrun for read_dataset_event to 2025-11-08 00:00:00+00:00, run_after=2025-11-09 00:00:00+00:00
[2025-11-09T22:17:16.604+0000] {logging_mixin.py:190} INFO - [2025-11-09T22:17:16.603+0000] {dag.py:4180} INFO - Setting next_dagrun for read_dataset_event_from_classic to 2025-11-08 00:00:00+00:00, run_after=2025-11-09 00:00:00+00:00
[2025-11-09T22:17:16.633+0000] {processor.py:208} INFO - Processing /home/airflow/.local/lib/python3.12/site-packages/airflow/example_dags/example_inlet_event_extra.py took 1.166 seconds
[2025-11-09T22:17:47.190+0000] {processor.py:186} INFO - Started process (PID=8769) to work on /home/airflow/.local/lib/python3.12/site-packages/airflow/example_dags/example_inlet_event_extra.py
[2025-11-09T22:17:47.192+0000] {processor.py:914} INFO - Processing file /home/airflow/.local/lib/python3.12/site-packages/airflow/example_dags/example_inlet_event_extra.py for tasks to queue
[2025-11-09T22:17:47.197+0000] {logging_mixin.py:190} INFO - [2025-11-09T22:17:47.196+0000] {dagbag.py:588} INFO - Filling up the DagBag from /home/airflow/.local/lib/python3.12/site-packages/airflow/example_dags/example_inlet_event_extra.py
[2025-11-09T22:17:48.084+0000] {processor.py:925} INFO - DAG(s) 'read_dataset_event_from_classic', 'read_dataset_event' retrieved from /home/airflow/.local/lib/python3.12/site-packages/airflow/example_dags/example_inlet_event_extra.py
[2025-11-09T22:17:48.124+0000] {logging_mixin.py:190} INFO - [2025-11-09T22:17:48.123+0000] {dag.py:3239} INFO - Sync 2 DAGs
[2025-11-09T22:17:48.161+0000] {logging_mixin.py:190} INFO - [2025-11-09T22:17:48.161+0000] {dag.py:4180} INFO - Setting next_dagrun for read_dataset_event to 2025-11-08 00:00:00+00:00, run_after=2025-11-09 00:00:00+00:00
[2025-11-09T22:17:48.169+0000] {logging_mixin.py:190} INFO - [2025-11-09T22:17:48.168+0000] {dag.py:4180} INFO - Setting next_dagrun for read_dataset_event_from_classic to 2025-11-08 00:00:00+00:00, run_after=2025-11-09 00:00:00+00:00
[2025-11-09T22:17:48.198+0000] {processor.py:208} INFO - Processing /home/airflow/.local/lib/python3.12/site-packages/airflow/example_dags/example_inlet_event_extra.py took 1.017 seconds
[2025-11-09T22:18:18.325+0000] {processor.py:186} INFO - Started process (PID=8837) to work on /home/airflow/.local/lib/python3.12/site-packages/airflow/example_dags/example_inlet_event_extra.py
[2025-11-09T22:18:18.327+0000] {processor.py:914} INFO - Processing file /home/airflow/.local/lib/python3.12/site-packages/airflow/example_dags/example_inlet_event_extra.py for tasks to queue
[2025-11-09T22:18:18.333+0000] {logging_mixin.py:190} INFO - [2025-11-09T22:18:18.332+0000] {dagbag.py:588} INFO - Filling up the DagBag from /home/airflow/.local/lib/python3.12/site-packages/airflow/example_dags/example_inlet_event_extra.py
[2025-11-09T22:18:19.229+0000] {processor.py:925} INFO - DAG(s) 'read_dataset_event', 'read_dataset_event_from_classic' retrieved from /home/airflow/.local/lib/python3.12/site-packages/airflow/example_dags/example_inlet_event_extra.py
[2025-11-09T22:18:19.270+0000] {logging_mixin.py:190} INFO - [2025-11-09T22:18:19.269+0000] {dag.py:3239} INFO - Sync 2 DAGs
[2025-11-09T22:18:19.317+0000] {logging_mixin.py:190} INFO - [2025-11-09T22:18:19.316+0000] {dag.py:4180} INFO - Setting next_dagrun for read_dataset_event to 2025-11-08 00:00:00+00:00, run_after=2025-11-09 00:00:00+00:00
[2025-11-09T22:18:19.325+0000] {logging_mixin.py:190} INFO - [2025-11-09T22:18:19.324+0000] {dag.py:4180} INFO - Setting next_dagrun for read_dataset_event_from_classic to 2025-11-08 00:00:00+00:00, run_after=2025-11-09 00:00:00+00:00
[2025-11-09T22:18:19.352+0000] {processor.py:208} INFO - Processing /home/airflow/.local/lib/python3.12/site-packages/airflow/example_dags/example_inlet_event_extra.py took 1.038 seconds
[2025-11-09T22:18:49.943+0000] {processor.py:186} INFO - Started process (PID=8902) to work on /home/airflow/.local/lib/python3.12/site-packages/airflow/example_dags/example_inlet_event_extra.py
[2025-11-09T22:18:49.946+0000] {processor.py:914} INFO - Processing file /home/airflow/.local/lib/python3.12/site-packages/airflow/example_dags/example_inlet_event_extra.py for tasks to queue
[2025-11-09T22:18:49.950+0000] {logging_mixin.py:190} INFO - [2025-11-09T22:18:49.950+0000] {dagbag.py:588} INFO - Filling up the DagBag from /home/airflow/.local/lib/python3.12/site-packages/airflow/example_dags/example_inlet_event_extra.py
[2025-11-09T22:18:51.181+0000] {processor.py:925} INFO - DAG(s) 'read_dataset_event', 'read_dataset_event_from_classic' retrieved from /home/airflow/.local/lib/python3.12/site-packages/airflow/example_dags/example_inlet_event_extra.py
[2025-11-09T22:18:51.260+0000] {logging_mixin.py:190} INFO - [2025-11-09T22:18:51.259+0000] {dag.py:3239} INFO - Sync 2 DAGs
[2025-11-09T22:18:51.326+0000] {logging_mixin.py:190} INFO - [2025-11-09T22:18:51.326+0000] {dag.py:4180} INFO - Setting next_dagrun for read_dataset_event to 2025-11-08 00:00:00+00:00, run_after=2025-11-09 00:00:00+00:00
[2025-11-09T22:18:51.338+0000] {logging_mixin.py:190} INFO - [2025-11-09T22:18:51.337+0000] {dag.py:4180} INFO - Setting next_dagrun for read_dataset_event_from_classic to 2025-11-08 00:00:00+00:00, run_after=2025-11-09 00:00:00+00:00
[2025-11-09T22:18:51.377+0000] {processor.py:208} INFO - Processing /home/airflow/.local/lib/python3.12/site-packages/airflow/example_dags/example_inlet_event_extra.py took 1.445 seconds
[2025-11-09T22:19:21.682+0000] {processor.py:186} INFO - Started process (PID=8967) to work on /home/airflow/.local/lib/python3.12/site-packages/airflow/example_dags/example_inlet_event_extra.py
[2025-11-09T22:19:21.684+0000] {processor.py:914} INFO - Processing file /home/airflow/.local/lib/python3.12/site-packages/airflow/example_dags/example_inlet_event_extra.py for tasks to queue
[2025-11-09T22:19:21.690+0000] {logging_mixin.py:190} INFO - [2025-11-09T22:19:21.689+0000] {dagbag.py:588} INFO - Filling up the DagBag from /home/airflow/.local/lib/python3.12/site-packages/airflow/example_dags/example_inlet_event_extra.py
[2025-11-09T22:19:22.560+0000] {processor.py:925} INFO - DAG(s) 'read_dataset_event', 'read_dataset_event_from_classic' retrieved from /home/airflow/.local/lib/python3.12/site-packages/airflow/example_dags/example_inlet_event_extra.py
[2025-11-09T22:19:22.599+0000] {logging_mixin.py:190} INFO - [2025-11-09T22:19:22.598+0000] {dag.py:3239} INFO - Sync 2 DAGs
[2025-11-09T22:19:22.646+0000] {logging_mixin.py:190} INFO - [2025-11-09T22:19:22.645+0000] {dag.py:4180} INFO - Setting next_dagrun for read_dataset_event to 2025-11-08 00:00:00+00:00, run_after=2025-11-09 00:00:00+00:00
[2025-11-09T22:19:22.654+0000] {logging_mixin.py:190} INFO - [2025-11-09T22:19:22.653+0000] {dag.py:4180} INFO - Setting next_dagrun for read_dataset_event_from_classic to 2025-11-08 00:00:00+00:00, run_after=2025-11-09 00:00:00+00:00
[2025-11-09T22:19:22.681+0000] {processor.py:208} INFO - Processing /home/airflow/.local/lib/python3.12/site-packages/airflow/example_dags/example_inlet_event_extra.py took 1.010 seconds
[2025-11-09T22:19:53.269+0000] {processor.py:186} INFO - Started process (PID=9033) to work on /home/airflow/.local/lib/python3.12/site-packages/airflow/example_dags/example_inlet_event_extra.py
[2025-11-09T22:19:53.271+0000] {processor.py:914} INFO - Processing file /home/airflow/.local/lib/python3.12/site-packages/airflow/example_dags/example_inlet_event_extra.py for tasks to queue
[2025-11-09T22:19:53.275+0000] {logging_mixin.py:190} INFO - [2025-11-09T22:19:53.275+0000] {dagbag.py:588} INFO - Filling up the DagBag from /home/airflow/.local/lib/python3.12/site-packages/airflow/example_dags/example_inlet_event_extra.py
[2025-11-09T22:19:54.230+0000] {processor.py:925} INFO - DAG(s) 'read_dataset_event', 'read_dataset_event_from_classic' retrieved from /home/airflow/.local/lib/python3.12/site-packages/airflow/example_dags/example_inlet_event_extra.py
[2025-11-09T22:19:54.281+0000] {logging_mixin.py:190} INFO - [2025-11-09T22:19:54.280+0000] {dag.py:3239} INFO - Sync 2 DAGs
[2025-11-09T22:19:54.320+0000] {logging_mixin.py:190} INFO - [2025-11-09T22:19:54.320+0000] {dag.py:4180} INFO - Setting next_dagrun for read_dataset_event to 2025-11-08 00:00:00+00:00, run_after=2025-11-09 00:00:00+00:00
[2025-11-09T22:19:54.335+0000] {logging_mixin.py:190} INFO - [2025-11-09T22:19:54.334+0000] {dag.py:4180} INFO - Setting next_dagrun for read_dataset_event_from_classic to 2025-11-08 00:00:00+00:00, run_after=2025-11-09 00:00:00+00:00
[2025-11-09T22:19:54.365+0000] {processor.py:208} INFO - Processing /home/airflow/.local/lib/python3.12/site-packages/airflow/example_dags/example_inlet_event_extra.py took 1.105 seconds
[2025-11-09T22:20:24.880+0000] {processor.py:186} INFO - Started process (PID=9097) to work on /home/airflow/.local/lib/python3.12/site-packages/airflow/example_dags/example_inlet_event_extra.py
[2025-11-09T22:20:24.882+0000] {processor.py:914} INFO - Processing file /home/airflow/.local/lib/python3.12/site-packages/airflow/example_dags/example_inlet_event_extra.py for tasks to queue
[2025-11-09T22:20:24.887+0000] {logging_mixin.py:190} INFO - [2025-11-09T22:20:24.886+0000] {dagbag.py:588} INFO - Filling up the DagBag from /home/airflow/.local/lib/python3.12/site-packages/airflow/example_dags/example_inlet_event_extra.py
[2025-11-09T22:20:25.767+0000] {processor.py:925} INFO - DAG(s) 'read_dataset_event', 'read_dataset_event_from_classic' retrieved from /home/airflow/.local/lib/python3.12/site-packages/airflow/example_dags/example_inlet_event_extra.py
[2025-11-09T22:20:25.810+0000] {logging_mixin.py:190} INFO - [2025-11-09T22:20:25.809+0000] {dag.py:3239} INFO - Sync 2 DAGs
[2025-11-09T22:20:25.853+0000] {logging_mixin.py:190} INFO - [2025-11-09T22:20:25.852+0000] {dag.py:4180} INFO - Setting next_dagrun for read_dataset_event to 2025-11-08 00:00:00+00:00, run_after=2025-11-09 00:00:00+00:00
[2025-11-09T22:20:25.863+0000] {logging_mixin.py:190} INFO - [2025-11-09T22:20:25.863+0000] {dag.py:4180} INFO - Setting next_dagrun for read_dataset_event_from_classic to 2025-11-08 00:00:00+00:00, run_after=2025-11-09 00:00:00+00:00
[2025-11-09T22:20:25.897+0000] {processor.py:208} INFO - Processing /home/airflow/.local/lib/python3.12/site-packages/airflow/example_dags/example_inlet_event_extra.py took 1.028 seconds
[2025-11-09T22:20:56.201+0000] {processor.py:186} INFO - Started process (PID=9162) to work on /home/airflow/.local/lib/python3.12/site-packages/airflow/example_dags/example_inlet_event_extra.py
[2025-11-09T22:20:56.203+0000] {processor.py:914} INFO - Processing file /home/airflow/.local/lib/python3.12/site-packages/airflow/example_dags/example_inlet_event_extra.py for tasks to queue
[2025-11-09T22:20:56.209+0000] {logging_mixin.py:190} INFO - [2025-11-09T22:20:56.209+0000] {dagbag.py:588} INFO - Filling up the DagBag from /home/airflow/.local/lib/python3.12/site-packages/airflow/example_dags/example_inlet_event_extra.py
[2025-11-09T22:20:56.845+0000] {processor.py:925} INFO - DAG(s) 'read_dataset_event_from_classic', 'read_dataset_event' retrieved from /home/airflow/.local/lib/python3.12/site-packages/airflow/example_dags/example_inlet_event_extra.py
[2025-11-09T22:20:56.885+0000] {logging_mixin.py:190} INFO - [2025-11-09T22:20:56.885+0000] {dag.py:3239} INFO - Sync 2 DAGs
[2025-11-09T22:20:56.930+0000] {logging_mixin.py:190} INFO - [2025-11-09T22:20:56.929+0000] {dag.py:4180} INFO - Setting next_dagrun for read_dataset_event to 2025-11-08 00:00:00+00:00, run_after=2025-11-09 00:00:00+00:00
[2025-11-09T22:20:56.939+0000] {logging_mixin.py:190} INFO - [2025-11-09T22:20:56.938+0000] {dag.py:4180} INFO - Setting next_dagrun for read_dataset_event_from_classic to 2025-11-08 00:00:00+00:00, run_after=2025-11-09 00:00:00+00:00
[2025-11-09T22:20:56.965+0000] {processor.py:208} INFO - Processing /home/airflow/.local/lib/python3.12/site-packages/airflow/example_dags/example_inlet_event_extra.py took 0.775 seconds
[2025-11-09T22:21:27.850+0000] {processor.py:186} INFO - Started process (PID=9228) to work on /home/airflow/.local/lib/python3.12/site-packages/airflow/example_dags/example_inlet_event_extra.py
[2025-11-09T22:21:27.852+0000] {processor.py:914} INFO - Processing file /home/airflow/.local/lib/python3.12/site-packages/airflow/example_dags/example_inlet_event_extra.py for tasks to queue
[2025-11-09T22:21:27.860+0000] {logging_mixin.py:190} INFO - [2025-11-09T22:21:27.859+0000] {dagbag.py:588} INFO - Filling up the DagBag from /home/airflow/.local/lib/python3.12/site-packages/airflow/example_dags/example_inlet_event_extra.py
[2025-11-09T22:21:28.469+0000] {processor.py:925} INFO - DAG(s) 'read_dataset_event_from_classic', 'read_dataset_event' retrieved from /home/airflow/.local/lib/python3.12/site-packages/airflow/example_dags/example_inlet_event_extra.py
[2025-11-09T22:21:28.505+0000] {logging_mixin.py:190} INFO - [2025-11-09T22:21:28.504+0000] {dag.py:3239} INFO - Sync 2 DAGs
[2025-11-09T22:21:28.549+0000] {logging_mixin.py:190} INFO - [2025-11-09T22:21:28.548+0000] {dag.py:4180} INFO - Setting next_dagrun for read_dataset_event to 2025-11-08 00:00:00+00:00, run_after=2025-11-09 00:00:00+00:00
[2025-11-09T22:21:28.556+0000] {logging_mixin.py:190} INFO - [2025-11-09T22:21:28.556+0000] {dag.py:4180} INFO - Setting next_dagrun for read_dataset_event_from_classic to 2025-11-08 00:00:00+00:00, run_after=2025-11-09 00:00:00+00:00
[2025-11-09T22:21:28.586+0000] {processor.py:208} INFO - Processing /home/airflow/.local/lib/python3.12/site-packages/airflow/example_dags/example_inlet_event_extra.py took 0.746 seconds
[2025-11-09T22:21:58.679+0000] {processor.py:186} INFO - Started process (PID=9295) to work on /home/airflow/.local/lib/python3.12/site-packages/airflow/example_dags/example_inlet_event_extra.py
[2025-11-09T22:21:58.682+0000] {processor.py:914} INFO - Processing file /home/airflow/.local/lib/python3.12/site-packages/airflow/example_dags/example_inlet_event_extra.py for tasks to queue
[2025-11-09T22:21:58.688+0000] {logging_mixin.py:190} INFO - [2025-11-09T22:21:58.688+0000] {dagbag.py:588} INFO - Filling up the DagBag from /home/airflow/.local/lib/python3.12/site-packages/airflow/example_dags/example_inlet_event_extra.py
[2025-11-09T22:21:59.301+0000] {processor.py:925} INFO - DAG(s) 'read_dataset_event', 'read_dataset_event_from_classic' retrieved from /home/airflow/.local/lib/python3.12/site-packages/airflow/example_dags/example_inlet_event_extra.py
[2025-11-09T22:21:59.349+0000] {logging_mixin.py:190} INFO - [2025-11-09T22:21:59.348+0000] {dag.py:3239} INFO - Sync 2 DAGs
[2025-11-09T22:21:59.394+0000] {logging_mixin.py:190} INFO - [2025-11-09T22:21:59.393+0000] {dag.py:4180} INFO - Setting next_dagrun for read_dataset_event to 2025-11-08 00:00:00+00:00, run_after=2025-11-09 00:00:00+00:00
[2025-11-09T22:21:59.402+0000] {logging_mixin.py:190} INFO - [2025-11-09T22:21:59.401+0000] {dag.py:4180} INFO - Setting next_dagrun for read_dataset_event_from_classic to 2025-11-08 00:00:00+00:00, run_after=2025-11-09 00:00:00+00:00
[2025-11-09T22:21:59.429+0000] {processor.py:208} INFO - Processing /home/airflow/.local/lib/python3.12/site-packages/airflow/example_dags/example_inlet_event_extra.py took 0.760 seconds
[2025-11-09T22:22:29.871+0000] {processor.py:186} INFO - Started process (PID=9359) to work on /home/airflow/.local/lib/python3.12/site-packages/airflow/example_dags/example_inlet_event_extra.py
[2025-11-09T22:22:29.873+0000] {processor.py:914} INFO - Processing file /home/airflow/.local/lib/python3.12/site-packages/airflow/example_dags/example_inlet_event_extra.py for tasks to queue
[2025-11-09T22:22:29.879+0000] {logging_mixin.py:190} INFO - [2025-11-09T22:22:29.878+0000] {dagbag.py:588} INFO - Filling up the DagBag from /home/airflow/.local/lib/python3.12/site-packages/airflow/example_dags/example_inlet_event_extra.py
[2025-11-09T22:22:30.537+0000] {processor.py:925} INFO - DAG(s) 'read_dataset_event', 'read_dataset_event_from_classic' retrieved from /home/airflow/.local/lib/python3.12/site-packages/airflow/example_dags/example_inlet_event_extra.py
[2025-11-09T22:22:30.579+0000] {logging_mixin.py:190} INFO - [2025-11-09T22:22:30.579+0000] {dag.py:3239} INFO - Sync 2 DAGs
[2025-11-09T22:22:30.625+0000] {logging_mixin.py:190} INFO - [2025-11-09T22:22:30.625+0000] {dag.py:4180} INFO - Setting next_dagrun for read_dataset_event to 2025-11-08 00:00:00+00:00, run_after=2025-11-09 00:00:00+00:00
[2025-11-09T22:22:30.635+0000] {logging_mixin.py:190} INFO - [2025-11-09T22:22:30.635+0000] {dag.py:4180} INFO - Setting next_dagrun for read_dataset_event_from_classic to 2025-11-08 00:00:00+00:00, run_after=2025-11-09 00:00:00+00:00
[2025-11-09T22:22:30.665+0000] {processor.py:208} INFO - Processing /home/airflow/.local/lib/python3.12/site-packages/airflow/example_dags/example_inlet_event_extra.py took 0.805 seconds
[2025-11-09T22:23:00.810+0000] {processor.py:186} INFO - Started process (PID=9423) to work on /home/airflow/.local/lib/python3.12/site-packages/airflow/example_dags/example_inlet_event_extra.py
[2025-11-09T22:23:00.812+0000] {processor.py:914} INFO - Processing file /home/airflow/.local/lib/python3.12/site-packages/airflow/example_dags/example_inlet_event_extra.py for tasks to queue
[2025-11-09T22:23:00.820+0000] {logging_mixin.py:190} INFO - [2025-11-09T22:23:00.819+0000] {dagbag.py:588} INFO - Filling up the DagBag from /home/airflow/.local/lib/python3.12/site-packages/airflow/example_dags/example_inlet_event_extra.py
[2025-11-09T22:23:01.495+0000] {processor.py:925} INFO - DAG(s) 'read_dataset_event', 'read_dataset_event_from_classic' retrieved from /home/airflow/.local/lib/python3.12/site-packages/airflow/example_dags/example_inlet_event_extra.py
[2025-11-09T22:23:01.543+0000] {logging_mixin.py:190} INFO - [2025-11-09T22:23:01.543+0000] {dag.py:3239} INFO - Sync 2 DAGs
[2025-11-09T22:23:01.599+0000] {logging_mixin.py:190} INFO - [2025-11-09T22:23:01.598+0000] {dag.py:4180} INFO - Setting next_dagrun for read_dataset_event to 2025-11-08 00:00:00+00:00, run_after=2025-11-09 00:00:00+00:00
[2025-11-09T22:23:01.608+0000] {logging_mixin.py:190} INFO - [2025-11-09T22:23:01.608+0000] {dag.py:4180} INFO - Setting next_dagrun for read_dataset_event_from_classic to 2025-11-08 00:00:00+00:00, run_after=2025-11-09 00:00:00+00:00
[2025-11-09T22:23:01.640+0000] {processor.py:208} INFO - Processing /home/airflow/.local/lib/python3.12/site-packages/airflow/example_dags/example_inlet_event_extra.py took 0.841 seconds
[2025-11-09T22:23:31.932+0000] {processor.py:186} INFO - Started process (PID=9487) to work on /home/airflow/.local/lib/python3.12/site-packages/airflow/example_dags/example_inlet_event_extra.py
[2025-11-09T22:23:31.934+0000] {processor.py:914} INFO - Processing file /home/airflow/.local/lib/python3.12/site-packages/airflow/example_dags/example_inlet_event_extra.py for tasks to queue
[2025-11-09T22:23:31.939+0000] {logging_mixin.py:190} INFO - [2025-11-09T22:23:31.938+0000] {dagbag.py:588} INFO - Filling up the DagBag from /home/airflow/.local/lib/python3.12/site-packages/airflow/example_dags/example_inlet_event_extra.py
[2025-11-09T22:23:32.548+0000] {processor.py:925} INFO - DAG(s) 'read_dataset_event', 'read_dataset_event_from_classic' retrieved from /home/airflow/.local/lib/python3.12/site-packages/airflow/example_dags/example_inlet_event_extra.py
[2025-11-09T22:23:32.588+0000] {logging_mixin.py:190} INFO - [2025-11-09T22:23:32.587+0000] {dag.py:3239} INFO - Sync 2 DAGs
[2025-11-09T22:23:32.633+0000] {logging_mixin.py:190} INFO - [2025-11-09T22:23:32.633+0000] {dag.py:4180} INFO - Setting next_dagrun for read_dataset_event to 2025-11-08 00:00:00+00:00, run_after=2025-11-09 00:00:00+00:00
[2025-11-09T22:23:32.644+0000] {logging_mixin.py:190} INFO - [2025-11-09T22:23:32.644+0000] {dag.py:4180} INFO - Setting next_dagrun for read_dataset_event_from_classic to 2025-11-08 00:00:00+00:00, run_after=2025-11-09 00:00:00+00:00
[2025-11-09T22:23:32.679+0000] {processor.py:208} INFO - Processing /home/airflow/.local/lib/python3.12/site-packages/airflow/example_dags/example_inlet_event_extra.py took 0.756 seconds
[2025-11-09T22:24:03.430+0000] {processor.py:186} INFO - Started process (PID=9551) to work on /home/airflow/.local/lib/python3.12/site-packages/airflow/example_dags/example_inlet_event_extra.py
[2025-11-09T22:24:03.432+0000] {processor.py:914} INFO - Processing file /home/airflow/.local/lib/python3.12/site-packages/airflow/example_dags/example_inlet_event_extra.py for tasks to queue
[2025-11-09T22:24:03.439+0000] {logging_mixin.py:190} INFO - [2025-11-09T22:24:03.438+0000] {dagbag.py:588} INFO - Filling up the DagBag from /home/airflow/.local/lib/python3.12/site-packages/airflow/example_dags/example_inlet_event_extra.py
[2025-11-09T22:24:04.209+0000] {processor.py:925} INFO - DAG(s) 'read_dataset_event_from_classic', 'read_dataset_event' retrieved from /home/airflow/.local/lib/python3.12/site-packages/airflow/example_dags/example_inlet_event_extra.py
[2025-11-09T22:24:04.255+0000] {logging_mixin.py:190} INFO - [2025-11-09T22:24:04.255+0000] {dag.py:3239} INFO - Sync 2 DAGs
[2025-11-09T22:24:04.310+0000] {logging_mixin.py:190} INFO - [2025-11-09T22:24:04.310+0000] {dag.py:4180} INFO - Setting next_dagrun for read_dataset_event to 2025-11-08 00:00:00+00:00, run_after=2025-11-09 00:00:00+00:00
[2025-11-09T22:24:04.322+0000] {logging_mixin.py:190} INFO - [2025-11-09T22:24:04.322+0000] {dag.py:4180} INFO - Setting next_dagrun for read_dataset_event_from_classic to 2025-11-08 00:00:00+00:00, run_after=2025-11-09 00:00:00+00:00
[2025-11-09T22:24:04.356+0000] {processor.py:208} INFO - Processing /home/airflow/.local/lib/python3.12/site-packages/airflow/example_dags/example_inlet_event_extra.py took 0.939 seconds
[2025-11-09T22:24:34.786+0000] {processor.py:186} INFO - Started process (PID=9615) to work on /home/airflow/.local/lib/python3.12/site-packages/airflow/example_dags/example_inlet_event_extra.py
[2025-11-09T22:24:34.788+0000] {processor.py:914} INFO - Processing file /home/airflow/.local/lib/python3.12/site-packages/airflow/example_dags/example_inlet_event_extra.py for tasks to queue
[2025-11-09T22:24:34.792+0000] {logging_mixin.py:190} INFO - [2025-11-09T22:24:34.792+0000] {dagbag.py:588} INFO - Filling up the DagBag from /home/airflow/.local/lib/python3.12/site-packages/airflow/example_dags/example_inlet_event_extra.py
[2025-11-09T22:24:35.467+0000] {processor.py:925} INFO - DAG(s) 'read_dataset_event', 'read_dataset_event_from_classic' retrieved from /home/airflow/.local/lib/python3.12/site-packages/airflow/example_dags/example_inlet_event_extra.py
[2025-11-09T22:24:35.518+0000] {logging_mixin.py:190} INFO - [2025-11-09T22:24:35.518+0000] {dag.py:3239} INFO - Sync 2 DAGs
[2025-11-09T22:24:35.567+0000] {logging_mixin.py:190} INFO - [2025-11-09T22:24:35.567+0000] {dag.py:4180} INFO - Setting next_dagrun for read_dataset_event to 2025-11-08 00:00:00+00:00, run_after=2025-11-09 00:00:00+00:00
[2025-11-09T22:24:35.575+0000] {logging_mixin.py:190} INFO - [2025-11-09T22:24:35.575+0000] {dag.py:4180} INFO - Setting next_dagrun for read_dataset_event_from_classic to 2025-11-08 00:00:00+00:00, run_after=2025-11-09 00:00:00+00:00
[2025-11-09T22:24:35.611+0000] {processor.py:208} INFO - Processing /home/airflow/.local/lib/python3.12/site-packages/airflow/example_dags/example_inlet_event_extra.py took 0.836 seconds
[2025-11-09T22:25:06.450+0000] {processor.py:186} INFO - Started process (PID=9681) to work on /home/airflow/.local/lib/python3.12/site-packages/airflow/example_dags/example_inlet_event_extra.py
[2025-11-09T22:25:06.453+0000] {processor.py:914} INFO - Processing file /home/airflow/.local/lib/python3.12/site-packages/airflow/example_dags/example_inlet_event_extra.py for tasks to queue
[2025-11-09T22:25:06.459+0000] {logging_mixin.py:190} INFO - [2025-11-09T22:25:06.458+0000] {dagbag.py:588} INFO - Filling up the DagBag from /home/airflow/.local/lib/python3.12/site-packages/airflow/example_dags/example_inlet_event_extra.py
[2025-11-09T22:25:07.109+0000] {processor.py:925} INFO - DAG(s) 'read_dataset_event', 'read_dataset_event_from_classic' retrieved from /home/airflow/.local/lib/python3.12/site-packages/airflow/example_dags/example_inlet_event_extra.py
[2025-11-09T22:25:07.148+0000] {logging_mixin.py:190} INFO - [2025-11-09T22:25:07.148+0000] {dag.py:3239} INFO - Sync 2 DAGs
[2025-11-09T22:25:07.191+0000] {logging_mixin.py:190} INFO - [2025-11-09T22:25:07.190+0000] {dag.py:4180} INFO - Setting next_dagrun for read_dataset_event to 2025-11-08 00:00:00+00:00, run_after=2025-11-09 00:00:00+00:00
[2025-11-09T22:25:07.198+0000] {logging_mixin.py:190} INFO - [2025-11-09T22:25:07.198+0000] {dag.py:4180} INFO - Setting next_dagrun for read_dataset_event_from_classic to 2025-11-08 00:00:00+00:00, run_after=2025-11-09 00:00:00+00:00
[2025-11-09T22:25:07.228+0000] {processor.py:208} INFO - Processing /home/airflow/.local/lib/python3.12/site-packages/airflow/example_dags/example_inlet_event_extra.py took 0.789 seconds
[2025-11-09T22:25:38.149+0000] {processor.py:186} INFO - Started process (PID=9745) to work on /home/airflow/.local/lib/python3.12/site-packages/airflow/example_dags/example_inlet_event_extra.py
[2025-11-09T22:25:38.151+0000] {processor.py:914} INFO - Processing file /home/airflow/.local/lib/python3.12/site-packages/airflow/example_dags/example_inlet_event_extra.py for tasks to queue
[2025-11-09T22:25:38.155+0000] {logging_mixin.py:190} INFO - [2025-11-09T22:25:38.154+0000] {dagbag.py:588} INFO - Filling up the DagBag from /home/airflow/.local/lib/python3.12/site-packages/airflow/example_dags/example_inlet_event_extra.py
[2025-11-09T22:25:38.827+0000] {processor.py:925} INFO - DAG(s) 'read_dataset_event', 'read_dataset_event_from_classic' retrieved from /home/airflow/.local/lib/python3.12/site-packages/airflow/example_dags/example_inlet_event_extra.py
[2025-11-09T22:25:38.871+0000] {logging_mixin.py:190} INFO - [2025-11-09T22:25:38.870+0000] {dag.py:3239} INFO - Sync 2 DAGs
[2025-11-09T22:25:38.919+0000] {logging_mixin.py:190} INFO - [2025-11-09T22:25:38.919+0000] {dag.py:4180} INFO - Setting next_dagrun for read_dataset_event to 2025-11-08 00:00:00+00:00, run_after=2025-11-09 00:00:00+00:00
[2025-11-09T22:25:38.929+0000] {logging_mixin.py:190} INFO - [2025-11-09T22:25:38.928+0000] {dag.py:4180} INFO - Setting next_dagrun for read_dataset_event_from_classic to 2025-11-08 00:00:00+00:00, run_after=2025-11-09 00:00:00+00:00
[2025-11-09T22:25:38.957+0000] {processor.py:208} INFO - Processing /home/airflow/.local/lib/python3.12/site-packages/airflow/example_dags/example_inlet_event_extra.py took 0.817 seconds
[2025-11-09T22:26:09.453+0000] {processor.py:186} INFO - Started process (PID=9809) to work on /home/airflow/.local/lib/python3.12/site-packages/airflow/example_dags/example_inlet_event_extra.py
[2025-11-09T22:26:09.455+0000] {processor.py:914} INFO - Processing file /home/airflow/.local/lib/python3.12/site-packages/airflow/example_dags/example_inlet_event_extra.py for tasks to queue
[2025-11-09T22:26:09.460+0000] {logging_mixin.py:190} INFO - [2025-11-09T22:26:09.459+0000] {dagbag.py:588} INFO - Filling up the DagBag from /home/airflow/.local/lib/python3.12/site-packages/airflow/example_dags/example_inlet_event_extra.py
[2025-11-09T22:26:10.212+0000] {processor.py:925} INFO - DAG(s) 'read_dataset_event', 'read_dataset_event_from_classic' retrieved from /home/airflow/.local/lib/python3.12/site-packages/airflow/example_dags/example_inlet_event_extra.py
[2025-11-09T22:26:10.249+0000] {logging_mixin.py:190} INFO - [2025-11-09T22:26:10.249+0000] {dag.py:3239} INFO - Sync 2 DAGs
[2025-11-09T22:26:10.288+0000] {logging_mixin.py:190} INFO - [2025-11-09T22:26:10.287+0000] {dag.py:4180} INFO - Setting next_dagrun for read_dataset_event to 2025-11-08 00:00:00+00:00, run_after=2025-11-09 00:00:00+00:00
[2025-11-09T22:26:10.295+0000] {logging_mixin.py:190} INFO - [2025-11-09T22:26:10.295+0000] {dag.py:4180} INFO - Setting next_dagrun for read_dataset_event_from_classic to 2025-11-08 00:00:00+00:00, run_after=2025-11-09 00:00:00+00:00
[2025-11-09T22:26:10.323+0000] {processor.py:208} INFO - Processing /home/airflow/.local/lib/python3.12/site-packages/airflow/example_dags/example_inlet_event_extra.py took 0.880 seconds
[2025-11-09T22:26:40.664+0000] {processor.py:186} INFO - Started process (PID=9876) to work on /home/airflow/.local/lib/python3.12/site-packages/airflow/example_dags/example_inlet_event_extra.py
[2025-11-09T22:26:40.665+0000] {processor.py:914} INFO - Processing file /home/airflow/.local/lib/python3.12/site-packages/airflow/example_dags/example_inlet_event_extra.py for tasks to queue
[2025-11-09T22:26:40.669+0000] {logging_mixin.py:190} INFO - [2025-11-09T22:26:40.669+0000] {dagbag.py:588} INFO - Filling up the DagBag from /home/airflow/.local/lib/python3.12/site-packages/airflow/example_dags/example_inlet_event_extra.py
[2025-11-09T22:26:41.283+0000] {processor.py:925} INFO - DAG(s) 'read_dataset_event', 'read_dataset_event_from_classic' retrieved from /home/airflow/.local/lib/python3.12/site-packages/airflow/example_dags/example_inlet_event_extra.py
[2025-11-09T22:26:41.337+0000] {logging_mixin.py:190} INFO - [2025-11-09T22:26:41.336+0000] {dag.py:3239} INFO - Sync 2 DAGs
[2025-11-09T22:26:41.381+0000] {logging_mixin.py:190} INFO - [2025-11-09T22:26:41.381+0000] {dag.py:4180} INFO - Setting next_dagrun for read_dataset_event to 2025-11-08 00:00:00+00:00, run_after=2025-11-09 00:00:00+00:00
[2025-11-09T22:26:41.389+0000] {logging_mixin.py:190} INFO - [2025-11-09T22:26:41.389+0000] {dag.py:4180} INFO - Setting next_dagrun for read_dataset_event_from_classic to 2025-11-08 00:00:00+00:00, run_after=2025-11-09 00:00:00+00:00
[2025-11-09T22:26:41.421+0000] {processor.py:208} INFO - Processing /home/airflow/.local/lib/python3.12/site-packages/airflow/example_dags/example_inlet_event_extra.py took 0.766 seconds
[2025-11-09T22:27:12.008+0000] {processor.py:186} INFO - Started process (PID=9946) to work on /home/airflow/.local/lib/python3.12/site-packages/airflow/example_dags/example_inlet_event_extra.py
[2025-11-09T22:27:12.010+0000] {processor.py:914} INFO - Processing file /home/airflow/.local/lib/python3.12/site-packages/airflow/example_dags/example_inlet_event_extra.py for tasks to queue
[2025-11-09T22:27:12.014+0000] {logging_mixin.py:190} INFO - [2025-11-09T22:27:12.014+0000] {dagbag.py:588} INFO - Filling up the DagBag from /home/airflow/.local/lib/python3.12/site-packages/airflow/example_dags/example_inlet_event_extra.py
[2025-11-09T22:27:12.723+0000] {processor.py:925} INFO - DAG(s) 'read_dataset_event_from_classic', 'read_dataset_event' retrieved from /home/airflow/.local/lib/python3.12/site-packages/airflow/example_dags/example_inlet_event_extra.py
[2025-11-09T22:27:12.768+0000] {logging_mixin.py:190} INFO - [2025-11-09T22:27:12.768+0000] {dag.py:3239} INFO - Sync 2 DAGs
[2025-11-09T22:27:12.817+0000] {logging_mixin.py:190} INFO - [2025-11-09T22:27:12.817+0000] {dag.py:4180} INFO - Setting next_dagrun for read_dataset_event to 2025-11-08 00:00:00+00:00, run_after=2025-11-09 00:00:00+00:00
[2025-11-09T22:27:12.829+0000] {logging_mixin.py:190} INFO - [2025-11-09T22:27:12.829+0000] {dag.py:4180} INFO - Setting next_dagrun for read_dataset_event_from_classic to 2025-11-08 00:00:00+00:00, run_after=2025-11-09 00:00:00+00:00
[2025-11-09T22:27:12.860+0000] {processor.py:208} INFO - Processing /home/airflow/.local/lib/python3.12/site-packages/airflow/example_dags/example_inlet_event_extra.py took 0.862 seconds
[2025-11-09T22:27:43.685+0000] {processor.py:186} INFO - Started process (PID=10012) to work on /home/airflow/.local/lib/python3.12/site-packages/airflow/example_dags/example_inlet_event_extra.py
[2025-11-09T22:27:43.687+0000] {processor.py:914} INFO - Processing file /home/airflow/.local/lib/python3.12/site-packages/airflow/example_dags/example_inlet_event_extra.py for tasks to queue
[2025-11-09T22:27:43.694+0000] {logging_mixin.py:190} INFO - [2025-11-09T22:27:43.693+0000] {dagbag.py:588} INFO - Filling up the DagBag from /home/airflow/.local/lib/python3.12/site-packages/airflow/example_dags/example_inlet_event_extra.py
[2025-11-09T22:27:44.406+0000] {processor.py:925} INFO - DAG(s) 'read_dataset_event', 'read_dataset_event_from_classic' retrieved from /home/airflow/.local/lib/python3.12/site-packages/airflow/example_dags/example_inlet_event_extra.py
[2025-11-09T22:27:44.448+0000] {logging_mixin.py:190} INFO - [2025-11-09T22:27:44.448+0000] {dag.py:3239} INFO - Sync 2 DAGs
[2025-11-09T22:27:44.495+0000] {logging_mixin.py:190} INFO - [2025-11-09T22:27:44.495+0000] {dag.py:4180} INFO - Setting next_dagrun for read_dataset_event to 2025-11-08 00:00:00+00:00, run_after=2025-11-09 00:00:00+00:00
[2025-11-09T22:27:44.504+0000] {logging_mixin.py:190} INFO - [2025-11-09T22:27:44.504+0000] {dag.py:4180} INFO - Setting next_dagrun for read_dataset_event_from_classic to 2025-11-08 00:00:00+00:00, run_after=2025-11-09 00:00:00+00:00
[2025-11-09T22:27:44.542+0000] {processor.py:208} INFO - Processing /home/airflow/.local/lib/python3.12/site-packages/airflow/example_dags/example_inlet_event_extra.py took 0.870 seconds
[2025-11-09T22:28:14.724+0000] {processor.py:186} INFO - Started process (PID=10077) to work on /home/airflow/.local/lib/python3.12/site-packages/airflow/example_dags/example_inlet_event_extra.py
[2025-11-09T22:28:14.726+0000] {processor.py:914} INFO - Processing file /home/airflow/.local/lib/python3.12/site-packages/airflow/example_dags/example_inlet_event_extra.py for tasks to queue
[2025-11-09T22:28:14.732+0000] {logging_mixin.py:190} INFO - [2025-11-09T22:28:14.731+0000] {dagbag.py:588} INFO - Filling up the DagBag from /home/airflow/.local/lib/python3.12/site-packages/airflow/example_dags/example_inlet_event_extra.py
[2025-11-09T22:28:15.595+0000] {processor.py:925} INFO - DAG(s) 'read_dataset_event', 'read_dataset_event_from_classic' retrieved from /home/airflow/.local/lib/python3.12/site-packages/airflow/example_dags/example_inlet_event_extra.py
[2025-11-09T22:28:15.654+0000] {logging_mixin.py:190} INFO - [2025-11-09T22:28:15.653+0000] {dag.py:3239} INFO - Sync 2 DAGs
[2025-11-09T22:28:15.727+0000] {logging_mixin.py:190} INFO - [2025-11-09T22:28:15.727+0000] {dag.py:4180} INFO - Setting next_dagrun for read_dataset_event to 2025-11-08 00:00:00+00:00, run_after=2025-11-09 00:00:00+00:00
[2025-11-09T22:28:15.739+0000] {logging_mixin.py:190} INFO - [2025-11-09T22:28:15.738+0000] {dag.py:4180} INFO - Setting next_dagrun for read_dataset_event_from_classic to 2025-11-08 00:00:00+00:00, run_after=2025-11-09 00:00:00+00:00
[2025-11-09T22:28:15.779+0000] {processor.py:208} INFO - Processing /home/airflow/.local/lib/python3.12/site-packages/airflow/example_dags/example_inlet_event_extra.py took 1.070 seconds
[2025-11-09T22:28:46.480+0000] {processor.py:186} INFO - Started process (PID=10141) to work on /home/airflow/.local/lib/python3.12/site-packages/airflow/example_dags/example_inlet_event_extra.py
[2025-11-09T22:28:46.482+0000] {processor.py:914} INFO - Processing file /home/airflow/.local/lib/python3.12/site-packages/airflow/example_dags/example_inlet_event_extra.py for tasks to queue
[2025-11-09T22:28:46.490+0000] {logging_mixin.py:190} INFO - [2025-11-09T22:28:46.488+0000] {dagbag.py:588} INFO - Filling up the DagBag from /home/airflow/.local/lib/python3.12/site-packages/airflow/example_dags/example_inlet_event_extra.py
[2025-11-09T22:28:47.445+0000] {processor.py:925} INFO - DAG(s) 'read_dataset_event', 'read_dataset_event_from_classic' retrieved from /home/airflow/.local/lib/python3.12/site-packages/airflow/example_dags/example_inlet_event_extra.py
[2025-11-09T22:28:47.547+0000] {logging_mixin.py:190} INFO - [2025-11-09T22:28:47.519+0000] {dag.py:3239} INFO - Sync 2 DAGs
[2025-11-09T22:28:47.704+0000] {logging_mixin.py:190} INFO - [2025-11-09T22:28:47.703+0000] {dag.py:4180} INFO - Setting next_dagrun for read_dataset_event to 2025-11-08 00:00:00+00:00, run_after=2025-11-09 00:00:00+00:00
[2025-11-09T22:28:47.717+0000] {logging_mixin.py:190} INFO - [2025-11-09T22:28:47.717+0000] {dag.py:4180} INFO - Setting next_dagrun for read_dataset_event_from_classic to 2025-11-08 00:00:00+00:00, run_after=2025-11-09 00:00:00+00:00
[2025-11-09T22:28:47.758+0000] {processor.py:208} INFO - Processing /home/airflow/.local/lib/python3.12/site-packages/airflow/example_dags/example_inlet_event_extra.py took 1.294 seconds
[2025-11-09T22:29:18.540+0000] {processor.py:186} INFO - Started process (PID=10207) to work on /home/airflow/.local/lib/python3.12/site-packages/airflow/example_dags/example_inlet_event_extra.py
[2025-11-09T22:29:18.542+0000] {processor.py:914} INFO - Processing file /home/airflow/.local/lib/python3.12/site-packages/airflow/example_dags/example_inlet_event_extra.py for tasks to queue
[2025-11-09T22:29:18.547+0000] {logging_mixin.py:190} INFO - [2025-11-09T22:29:18.546+0000] {dagbag.py:588} INFO - Filling up the DagBag from /home/airflow/.local/lib/python3.12/site-packages/airflow/example_dags/example_inlet_event_extra.py
[2025-11-09T22:29:19.252+0000] {processor.py:925} INFO - DAG(s) 'read_dataset_event', 'read_dataset_event_from_classic' retrieved from /home/airflow/.local/lib/python3.12/site-packages/airflow/example_dags/example_inlet_event_extra.py
[2025-11-09T22:29:19.297+0000] {logging_mixin.py:190} INFO - [2025-11-09T22:29:19.297+0000] {dag.py:3239} INFO - Sync 2 DAGs
[2025-11-09T22:29:19.348+0000] {logging_mixin.py:190} INFO - [2025-11-09T22:29:19.347+0000] {dag.py:4180} INFO - Setting next_dagrun for read_dataset_event to 2025-11-08 00:00:00+00:00, run_after=2025-11-09 00:00:00+00:00
[2025-11-09T22:29:19.357+0000] {logging_mixin.py:190} INFO - [2025-11-09T22:29:19.356+0000] {dag.py:4180} INFO - Setting next_dagrun for read_dataset_event_from_classic to 2025-11-08 00:00:00+00:00, run_after=2025-11-09 00:00:00+00:00
[2025-11-09T22:29:19.389+0000] {processor.py:208} INFO - Processing /home/airflow/.local/lib/python3.12/site-packages/airflow/example_dags/example_inlet_event_extra.py took 0.860 seconds
[2025-11-09T22:29:49.941+0000] {processor.py:186} INFO - Started process (PID=10272) to work on /home/airflow/.local/lib/python3.12/site-packages/airflow/example_dags/example_inlet_event_extra.py
[2025-11-09T22:29:49.944+0000] {processor.py:914} INFO - Processing file /home/airflow/.local/lib/python3.12/site-packages/airflow/example_dags/example_inlet_event_extra.py for tasks to queue
[2025-11-09T22:29:49.951+0000] {logging_mixin.py:190} INFO - [2025-11-09T22:29:49.950+0000] {dagbag.py:588} INFO - Filling up the DagBag from /home/airflow/.local/lib/python3.12/site-packages/airflow/example_dags/example_inlet_event_extra.py
[2025-11-09T22:29:50.864+0000] {processor.py:925} INFO - DAG(s) 'read_dataset_event_from_classic', 'read_dataset_event' retrieved from /home/airflow/.local/lib/python3.12/site-packages/airflow/example_dags/example_inlet_event_extra.py
[2025-11-09T22:29:50.909+0000] {logging_mixin.py:190} INFO - [2025-11-09T22:29:50.908+0000] {dag.py:3239} INFO - Sync 2 DAGs
[2025-11-09T22:29:51.272+0000] {logging_mixin.py:190} INFO - [2025-11-09T22:29:51.272+0000] {dag.py:4180} INFO - Setting next_dagrun for read_dataset_event to 2025-11-08 00:00:00+00:00, run_after=2025-11-09 00:00:00+00:00
[2025-11-09T22:29:51.283+0000] {logging_mixin.py:190} INFO - [2025-11-09T22:29:51.282+0000] {dag.py:4180} INFO - Setting next_dagrun for read_dataset_event_from_classic to 2025-11-08 00:00:00+00:00, run_after=2025-11-09 00:00:00+00:00
[2025-11-09T22:29:51.317+0000] {processor.py:208} INFO - Processing /home/airflow/.local/lib/python3.12/site-packages/airflow/example_dags/example_inlet_event_extra.py took 1.390 seconds
