[2025-11-09T20:28:09.255+0000] {processor.py:186} INFO - Started process (PID=135) to work on /home/airflow/.local/lib/python3.12/site-packages/airflow/example_dags/example_xcomargs.py
[2025-11-09T20:28:09.258+0000] {processor.py:914} INFO - Processing file /home/airflow/.local/lib/python3.12/site-packages/airflow/example_dags/example_xcomargs.py for tasks to queue
[2025-11-09T20:28:09.263+0000] {logging_mixin.py:190} INFO - [2025-11-09T20:28:09.262+0000] {dagbag.py:588} INFO - Filling up the DagBag from /home/airflow/.local/lib/python3.12/site-packages/airflow/example_dags/example_xcomargs.py
[2025-11-09T20:28:09.285+0000] {processor.py:925} INFO - DAG(s) 'example_xcom_args_with_operators', 'example_xcom_args' retrieved from /home/airflow/.local/lib/python3.12/site-packages/airflow/example_dags/example_xcomargs.py
[2025-11-09T20:28:09.537+0000] {logging_mixin.py:190} INFO - [2025-11-09T20:28:09.535+0000] {override.py:1911} INFO - Created Permission View: can edit on DAG:example_xcom_args_with_operators
[2025-11-09T20:28:09.566+0000] {logging_mixin.py:190} INFO - [2025-11-09T20:28:09.565+0000] {override.py:1911} INFO - Created Permission View: can read on DAG:example_xcom_args_with_operators
[2025-11-09T20:28:09.587+0000] {logging_mixin.py:190} INFO - [2025-11-09T20:28:09.587+0000] {override.py:1911} INFO - Created Permission View: can delete on DAG:example_xcom_args_with_operators
[2025-11-09T20:28:09.614+0000] {logging_mixin.py:190} INFO - [2025-11-09T20:28:09.613+0000] {override.py:1911} INFO - Created Permission View: can read on DAG Run:example_xcom_args_with_operators
[2025-11-09T20:28:09.636+0000] {logging_mixin.py:190} INFO - [2025-11-09T20:28:09.635+0000] {override.py:1911} INFO - Created Permission View: can create on DAG Run:example_xcom_args_with_operators
[2025-11-09T20:28:09.661+0000] {logging_mixin.py:190} INFO - [2025-11-09T20:28:09.660+0000] {override.py:1911} INFO - Created Permission View: menu access on DAG Run:example_xcom_args_with_operators
[2025-11-09T20:28:09.690+0000] {logging_mixin.py:190} INFO - [2025-11-09T20:28:09.689+0000] {override.py:1911} INFO - Created Permission View: can delete on DAG Run:example_xcom_args_with_operators
[2025-11-09T20:28:09.731+0000] {logging_mixin.py:190} INFO - [2025-11-09T20:28:09.730+0000] {override.py:1911} INFO - Created Permission View: can edit on DAG:example_xcom_args
[2025-11-09T20:28:09.753+0000] {logging_mixin.py:190} INFO - [2025-11-09T20:28:09.752+0000] {override.py:1911} INFO - Created Permission View: can read on DAG:example_xcom_args
[2025-11-09T20:28:09.776+0000] {logging_mixin.py:190} INFO - [2025-11-09T20:28:09.775+0000] {override.py:1911} INFO - Created Permission View: can delete on DAG:example_xcom_args
[2025-11-09T20:28:09.802+0000] {logging_mixin.py:190} INFO - [2025-11-09T20:28:09.801+0000] {override.py:1911} INFO - Created Permission View: can read on DAG Run:example_xcom_args
[2025-11-09T20:28:09.823+0000] {logging_mixin.py:190} INFO - [2025-11-09T20:28:09.821+0000] {override.py:1911} INFO - Created Permission View: can create on DAG Run:example_xcom_args
[2025-11-09T20:28:09.842+0000] {logging_mixin.py:190} INFO - [2025-11-09T20:28:09.842+0000] {override.py:1911} INFO - Created Permission View: menu access on DAG Run:example_xcom_args
[2025-11-09T20:28:09.862+0000] {logging_mixin.py:190} INFO - [2025-11-09T20:28:09.861+0000] {override.py:1911} INFO - Created Permission View: can delete on DAG Run:example_xcom_args
[2025-11-09T20:28:09.868+0000] {logging_mixin.py:190} INFO - [2025-11-09T20:28:09.867+0000] {dag.py:3239} INFO - Sync 2 DAGs
[2025-11-09T20:28:09.913+0000] {logging_mixin.py:190} INFO - [2025-11-09T20:28:09.912+0000] {dag.py:3262} INFO - Creating ORM DAG for example_xcom_args_with_operators
[2025-11-09T20:28:09.915+0000] {logging_mixin.py:190} INFO - [2025-11-09T20:28:09.914+0000] {dag.py:3262} INFO - Creating ORM DAG for example_xcom_args
[2025-11-09T20:28:09.917+0000] {logging_mixin.py:190} INFO - [2025-11-09T20:28:09.917+0000] {dag.py:4180} INFO - Setting next_dagrun for example_xcom_args to None, run_after=None
[2025-11-09T20:28:09.920+0000] {logging_mixin.py:190} INFO - [2025-11-09T20:28:09.919+0000] {dag.py:4180} INFO - Setting next_dagrun for example_xcom_args_with_operators to None, run_after=None
[2025-11-09T20:28:09.966+0000] {processor.py:208} INFO - Processing /home/airflow/.local/lib/python3.12/site-packages/airflow/example_dags/example_xcomargs.py took 0.724 seconds
[2025-11-09T20:28:40.680+0000] {processor.py:186} INFO - Started process (PID=198) to work on /home/airflow/.local/lib/python3.12/site-packages/airflow/example_dags/example_xcomargs.py
[2025-11-09T20:28:40.682+0000] {processor.py:914} INFO - Processing file /home/airflow/.local/lib/python3.12/site-packages/airflow/example_dags/example_xcomargs.py for tasks to queue
[2025-11-09T20:28:40.686+0000] {logging_mixin.py:190} INFO - [2025-11-09T20:28:40.685+0000] {dagbag.py:588} INFO - Filling up the DagBag from /home/airflow/.local/lib/python3.12/site-packages/airflow/example_dags/example_xcomargs.py
[2025-11-09T20:28:40.704+0000] {processor.py:925} INFO - DAG(s) 'example_xcom_args_with_operators', 'example_xcom_args' retrieved from /home/airflow/.local/lib/python3.12/site-packages/airflow/example_dags/example_xcomargs.py
[2025-11-09T20:28:40.753+0000] {logging_mixin.py:190} INFO - [2025-11-09T20:28:40.753+0000] {dag.py:3239} INFO - Sync 2 DAGs
[2025-11-09T20:28:40.780+0000] {logging_mixin.py:190} INFO - [2025-11-09T20:28:40.780+0000] {dag.py:4180} INFO - Setting next_dagrun for example_xcom_args to None, run_after=None
[2025-11-09T20:28:40.788+0000] {logging_mixin.py:190} INFO - [2025-11-09T20:28:40.788+0000] {dag.py:4180} INFO - Setting next_dagrun for example_xcom_args_with_operators to None, run_after=None
[2025-11-09T20:28:40.819+0000] {processor.py:208} INFO - Processing /home/airflow/.local/lib/python3.12/site-packages/airflow/example_dags/example_xcomargs.py took 0.151 seconds
[2025-11-09T20:29:11.756+0000] {processor.py:186} INFO - Started process (PID=261) to work on /home/airflow/.local/lib/python3.12/site-packages/airflow/example_dags/example_xcomargs.py
[2025-11-09T20:29:11.758+0000] {processor.py:914} INFO - Processing file /home/airflow/.local/lib/python3.12/site-packages/airflow/example_dags/example_xcomargs.py for tasks to queue
[2025-11-09T20:29:11.764+0000] {logging_mixin.py:190} INFO - [2025-11-09T20:29:11.763+0000] {dagbag.py:588} INFO - Filling up the DagBag from /home/airflow/.local/lib/python3.12/site-packages/airflow/example_dags/example_xcomargs.py
[2025-11-09T20:29:11.781+0000] {processor.py:925} INFO - DAG(s) 'example_xcom_args_with_operators', 'example_xcom_args' retrieved from /home/airflow/.local/lib/python3.12/site-packages/airflow/example_dags/example_xcomargs.py
[2025-11-09T20:29:11.828+0000] {logging_mixin.py:190} INFO - [2025-11-09T20:29:11.828+0000] {dag.py:3239} INFO - Sync 2 DAGs
[2025-11-09T20:29:11.856+0000] {logging_mixin.py:190} INFO - [2025-11-09T20:29:11.855+0000] {dag.py:4180} INFO - Setting next_dagrun for example_xcom_args to None, run_after=None
[2025-11-09T20:29:11.863+0000] {logging_mixin.py:190} INFO - [2025-11-09T20:29:11.863+0000] {dag.py:4180} INFO - Setting next_dagrun for example_xcom_args_with_operators to None, run_after=None
[2025-11-09T20:29:11.896+0000] {processor.py:208} INFO - Processing /home/airflow/.local/lib/python3.12/site-packages/airflow/example_dags/example_xcomargs.py took 0.149 seconds
[2025-11-09T20:29:42.119+0000] {processor.py:186} INFO - Started process (PID=324) to work on /home/airflow/.local/lib/python3.12/site-packages/airflow/example_dags/example_xcomargs.py
[2025-11-09T20:29:42.122+0000] {processor.py:914} INFO - Processing file /home/airflow/.local/lib/python3.12/site-packages/airflow/example_dags/example_xcomargs.py for tasks to queue
[2025-11-09T20:29:42.128+0000] {logging_mixin.py:190} INFO - [2025-11-09T20:29:42.127+0000] {dagbag.py:588} INFO - Filling up the DagBag from /home/airflow/.local/lib/python3.12/site-packages/airflow/example_dags/example_xcomargs.py
[2025-11-09T20:29:42.150+0000] {processor.py:925} INFO - DAG(s) 'example_xcom_args', 'example_xcom_args_with_operators' retrieved from /home/airflow/.local/lib/python3.12/site-packages/airflow/example_dags/example_xcomargs.py
[2025-11-09T20:29:42.202+0000] {logging_mixin.py:190} INFO - [2025-11-09T20:29:42.202+0000] {dag.py:3239} INFO - Sync 2 DAGs
[2025-11-09T20:29:42.232+0000] {logging_mixin.py:190} INFO - [2025-11-09T20:29:42.232+0000] {dag.py:4180} INFO - Setting next_dagrun for example_xcom_args to None, run_after=None
[2025-11-09T20:29:42.240+0000] {logging_mixin.py:190} INFO - [2025-11-09T20:29:42.240+0000] {dag.py:4180} INFO - Setting next_dagrun for example_xcom_args_with_operators to None, run_after=None
[2025-11-09T20:29:42.274+0000] {processor.py:208} INFO - Processing /home/airflow/.local/lib/python3.12/site-packages/airflow/example_dags/example_xcomargs.py took 0.167 seconds
[2025-11-09T20:30:12.751+0000] {processor.py:186} INFO - Started process (PID=386) to work on /home/airflow/.local/lib/python3.12/site-packages/airflow/example_dags/example_xcomargs.py
[2025-11-09T20:30:12.753+0000] {processor.py:914} INFO - Processing file /home/airflow/.local/lib/python3.12/site-packages/airflow/example_dags/example_xcomargs.py for tasks to queue
[2025-11-09T20:30:12.758+0000] {logging_mixin.py:190} INFO - [2025-11-09T20:30:12.757+0000] {dagbag.py:588} INFO - Filling up the DagBag from /home/airflow/.local/lib/python3.12/site-packages/airflow/example_dags/example_xcomargs.py
[2025-11-09T20:30:12.782+0000] {processor.py:925} INFO - DAG(s) 'example_xcom_args', 'example_xcom_args_with_operators' retrieved from /home/airflow/.local/lib/python3.12/site-packages/airflow/example_dags/example_xcomargs.py
[2025-11-09T20:30:12.835+0000] {logging_mixin.py:190} INFO - [2025-11-09T20:30:12.835+0000] {dag.py:3239} INFO - Sync 2 DAGs
[2025-11-09T20:30:12.863+0000] {logging_mixin.py:190} INFO - [2025-11-09T20:30:12.863+0000] {dag.py:4180} INFO - Setting next_dagrun for example_xcom_args to None, run_after=None
[2025-11-09T20:30:12.870+0000] {logging_mixin.py:190} INFO - [2025-11-09T20:30:12.870+0000] {dag.py:4180} INFO - Setting next_dagrun for example_xcom_args_with_operators to None, run_after=None
[2025-11-09T20:30:12.905+0000] {processor.py:208} INFO - Processing /home/airflow/.local/lib/python3.12/site-packages/airflow/example_dags/example_xcomargs.py took 0.167 seconds
[2025-11-09T20:30:43.129+0000] {processor.py:186} INFO - Started process (PID=450) to work on /home/airflow/.local/lib/python3.12/site-packages/airflow/example_dags/example_xcomargs.py
[2025-11-09T20:30:43.131+0000] {processor.py:914} INFO - Processing file /home/airflow/.local/lib/python3.12/site-packages/airflow/example_dags/example_xcomargs.py for tasks to queue
[2025-11-09T20:30:43.136+0000] {logging_mixin.py:190} INFO - [2025-11-09T20:30:43.136+0000] {dagbag.py:588} INFO - Filling up the DagBag from /home/airflow/.local/lib/python3.12/site-packages/airflow/example_dags/example_xcomargs.py
[2025-11-09T20:30:43.157+0000] {processor.py:925} INFO - DAG(s) 'example_xcom_args', 'example_xcom_args_with_operators' retrieved from /home/airflow/.local/lib/python3.12/site-packages/airflow/example_dags/example_xcomargs.py
[2025-11-09T20:30:43.204+0000] {logging_mixin.py:190} INFO - [2025-11-09T20:30:43.204+0000] {dag.py:3239} INFO - Sync 2 DAGs
[2025-11-09T20:30:43.235+0000] {logging_mixin.py:190} INFO - [2025-11-09T20:30:43.235+0000] {dag.py:4180} INFO - Setting next_dagrun for example_xcom_args to None, run_after=None
[2025-11-09T20:30:43.244+0000] {logging_mixin.py:190} INFO - [2025-11-09T20:30:43.244+0000] {dag.py:4180} INFO - Setting next_dagrun for example_xcom_args_with_operators to None, run_after=None
[2025-11-09T20:30:43.272+0000] {processor.py:208} INFO - Processing /home/airflow/.local/lib/python3.12/site-packages/airflow/example_dags/example_xcomargs.py took 0.156 seconds
[2025-11-09T20:31:14.597+0000] {processor.py:186} INFO - Started process (PID=513) to work on /home/airflow/.local/lib/python3.12/site-packages/airflow/example_dags/example_xcomargs.py
[2025-11-09T20:31:14.599+0000] {processor.py:914} INFO - Processing file /home/airflow/.local/lib/python3.12/site-packages/airflow/example_dags/example_xcomargs.py for tasks to queue
[2025-11-09T20:31:14.606+0000] {logging_mixin.py:190} INFO - [2025-11-09T20:31:14.605+0000] {dagbag.py:588} INFO - Filling up the DagBag from /home/airflow/.local/lib/python3.12/site-packages/airflow/example_dags/example_xcomargs.py
[2025-11-09T20:31:14.635+0000] {processor.py:925} INFO - DAG(s) 'example_xcom_args', 'example_xcom_args_with_operators' retrieved from /home/airflow/.local/lib/python3.12/site-packages/airflow/example_dags/example_xcomargs.py
[2025-11-09T20:31:14.697+0000] {logging_mixin.py:190} INFO - [2025-11-09T20:31:14.696+0000] {dag.py:3239} INFO - Sync 2 DAGs
[2025-11-09T20:31:14.741+0000] {logging_mixin.py:190} INFO - [2025-11-09T20:31:14.740+0000] {dag.py:4180} INFO - Setting next_dagrun for example_xcom_args to None, run_after=None
[2025-11-09T20:31:14.753+0000] {logging_mixin.py:190} INFO - [2025-11-09T20:31:14.752+0000] {dag.py:4180} INFO - Setting next_dagrun for example_xcom_args_with_operators to None, run_after=None
[2025-11-09T20:31:14.788+0000] {processor.py:208} INFO - Processing /home/airflow/.local/lib/python3.12/site-packages/airflow/example_dags/example_xcomargs.py took 0.205 seconds
[2025-11-09T20:31:45.425+0000] {processor.py:186} INFO - Started process (PID=576) to work on /home/airflow/.local/lib/python3.12/site-packages/airflow/example_dags/example_xcomargs.py
[2025-11-09T20:31:45.428+0000] {processor.py:914} INFO - Processing file /home/airflow/.local/lib/python3.12/site-packages/airflow/example_dags/example_xcomargs.py for tasks to queue
[2025-11-09T20:31:45.438+0000] {logging_mixin.py:190} INFO - [2025-11-09T20:31:45.437+0000] {dagbag.py:588} INFO - Filling up the DagBag from /home/airflow/.local/lib/python3.12/site-packages/airflow/example_dags/example_xcomargs.py
[2025-11-09T20:31:45.458+0000] {processor.py:925} INFO - DAG(s) 'example_xcom_args_with_operators', 'example_xcom_args' retrieved from /home/airflow/.local/lib/python3.12/site-packages/airflow/example_dags/example_xcomargs.py
[2025-11-09T20:31:45.522+0000] {logging_mixin.py:190} INFO - [2025-11-09T20:31:45.521+0000] {dag.py:3239} INFO - Sync 2 DAGs
[2025-11-09T20:31:45.550+0000] {logging_mixin.py:190} INFO - [2025-11-09T20:31:45.550+0000] {dag.py:4180} INFO - Setting next_dagrun for example_xcom_args to None, run_after=None
[2025-11-09T20:31:45.557+0000] {logging_mixin.py:190} INFO - [2025-11-09T20:31:45.557+0000] {dag.py:4180} INFO - Setting next_dagrun for example_xcom_args_with_operators to None, run_after=None
[2025-11-09T20:31:45.601+0000] {processor.py:208} INFO - Processing /home/airflow/.local/lib/python3.12/site-packages/airflow/example_dags/example_xcomargs.py took 0.185 seconds
[2025-11-09T20:32:15.905+0000] {processor.py:186} INFO - Started process (PID=638) to work on /home/airflow/.local/lib/python3.12/site-packages/airflow/example_dags/example_xcomargs.py
[2025-11-09T20:32:15.907+0000] {processor.py:914} INFO - Processing file /home/airflow/.local/lib/python3.12/site-packages/airflow/example_dags/example_xcomargs.py for tasks to queue
[2025-11-09T20:32:15.912+0000] {logging_mixin.py:190} INFO - [2025-11-09T20:32:15.912+0000] {dagbag.py:588} INFO - Filling up the DagBag from /home/airflow/.local/lib/python3.12/site-packages/airflow/example_dags/example_xcomargs.py
[2025-11-09T20:32:15.936+0000] {processor.py:925} INFO - DAG(s) 'example_xcom_args_with_operators', 'example_xcom_args' retrieved from /home/airflow/.local/lib/python3.12/site-packages/airflow/example_dags/example_xcomargs.py
[2025-11-09T20:32:15.980+0000] {logging_mixin.py:190} INFO - [2025-11-09T20:32:15.980+0000] {dag.py:3239} INFO - Sync 2 DAGs
[2025-11-09T20:32:16.006+0000] {logging_mixin.py:190} INFO - [2025-11-09T20:32:16.006+0000] {dag.py:4180} INFO - Setting next_dagrun for example_xcom_args to None, run_after=None
[2025-11-09T20:32:16.013+0000] {logging_mixin.py:190} INFO - [2025-11-09T20:32:16.012+0000] {dag.py:4180} INFO - Setting next_dagrun for example_xcom_args_with_operators to None, run_after=None
[2025-11-09T20:32:16.044+0000] {processor.py:208} INFO - Processing /home/airflow/.local/lib/python3.12/site-packages/airflow/example_dags/example_xcomargs.py took 0.149 seconds
[2025-11-09T20:32:46.204+0000] {processor.py:186} INFO - Started process (PID=701) to work on /home/airflow/.local/lib/python3.12/site-packages/airflow/example_dags/example_xcomargs.py
[2025-11-09T20:32:46.206+0000] {processor.py:914} INFO - Processing file /home/airflow/.local/lib/python3.12/site-packages/airflow/example_dags/example_xcomargs.py for tasks to queue
[2025-11-09T20:32:46.210+0000] {logging_mixin.py:190} INFO - [2025-11-09T20:32:46.209+0000] {dagbag.py:588} INFO - Filling up the DagBag from /home/airflow/.local/lib/python3.12/site-packages/airflow/example_dags/example_xcomargs.py
[2025-11-09T20:32:46.224+0000] {processor.py:925} INFO - DAG(s) 'example_xcom_args', 'example_xcom_args_with_operators' retrieved from /home/airflow/.local/lib/python3.12/site-packages/airflow/example_dags/example_xcomargs.py
[2025-11-09T20:32:46.262+0000] {logging_mixin.py:190} INFO - [2025-11-09T20:32:46.262+0000] {dag.py:3239} INFO - Sync 2 DAGs
[2025-11-09T20:32:46.287+0000] {logging_mixin.py:190} INFO - [2025-11-09T20:32:46.287+0000] {dag.py:4180} INFO - Setting next_dagrun for example_xcom_args to None, run_after=None
[2025-11-09T20:32:46.294+0000] {logging_mixin.py:190} INFO - [2025-11-09T20:32:46.293+0000] {dag.py:4180} INFO - Setting next_dagrun for example_xcom_args_with_operators to None, run_after=None
[2025-11-09T20:32:46.323+0000] {processor.py:208} INFO - Processing /home/airflow/.local/lib/python3.12/site-packages/airflow/example_dags/example_xcomargs.py took 0.128 seconds
[2025-11-09T20:33:16.769+0000] {processor.py:186} INFO - Started process (PID=764) to work on /home/airflow/.local/lib/python3.12/site-packages/airflow/example_dags/example_xcomargs.py
[2025-11-09T20:33:16.772+0000] {processor.py:914} INFO - Processing file /home/airflow/.local/lib/python3.12/site-packages/airflow/example_dags/example_xcomargs.py for tasks to queue
[2025-11-09T20:33:16.777+0000] {logging_mixin.py:190} INFO - [2025-11-09T20:33:16.776+0000] {dagbag.py:588} INFO - Filling up the DagBag from /home/airflow/.local/lib/python3.12/site-packages/airflow/example_dags/example_xcomargs.py
[2025-11-09T20:33:16.795+0000] {processor.py:925} INFO - DAG(s) 'example_xcom_args', 'example_xcom_args_with_operators' retrieved from /home/airflow/.local/lib/python3.12/site-packages/airflow/example_dags/example_xcomargs.py
[2025-11-09T20:33:16.841+0000] {logging_mixin.py:190} INFO - [2025-11-09T20:33:16.841+0000] {dag.py:3239} INFO - Sync 2 DAGs
[2025-11-09T20:33:16.867+0000] {logging_mixin.py:190} INFO - [2025-11-09T20:33:16.866+0000] {dag.py:4180} INFO - Setting next_dagrun for example_xcom_args to None, run_after=None
[2025-11-09T20:33:16.873+0000] {logging_mixin.py:190} INFO - [2025-11-09T20:33:16.873+0000] {dag.py:4180} INFO - Setting next_dagrun for example_xcom_args_with_operators to None, run_after=None
[2025-11-09T20:33:16.912+0000] {processor.py:208} INFO - Processing /home/airflow/.local/lib/python3.12/site-packages/airflow/example_dags/example_xcomargs.py took 0.154 seconds
[2025-11-09T20:33:47.129+0000] {processor.py:186} INFO - Started process (PID=826) to work on /home/airflow/.local/lib/python3.12/site-packages/airflow/example_dags/example_xcomargs.py
[2025-11-09T20:33:47.131+0000] {processor.py:914} INFO - Processing file /home/airflow/.local/lib/python3.12/site-packages/airflow/example_dags/example_xcomargs.py for tasks to queue
[2025-11-09T20:33:47.135+0000] {logging_mixin.py:190} INFO - [2025-11-09T20:33:47.134+0000] {dagbag.py:588} INFO - Filling up the DagBag from /home/airflow/.local/lib/python3.12/site-packages/airflow/example_dags/example_xcomargs.py
[2025-11-09T20:33:47.150+0000] {processor.py:925} INFO - DAG(s) 'example_xcom_args_with_operators', 'example_xcom_args' retrieved from /home/airflow/.local/lib/python3.12/site-packages/airflow/example_dags/example_xcomargs.py
[2025-11-09T20:33:47.188+0000] {logging_mixin.py:190} INFO - [2025-11-09T20:33:47.188+0000] {dag.py:3239} INFO - Sync 2 DAGs
[2025-11-09T20:33:47.210+0000] {logging_mixin.py:190} INFO - [2025-11-09T20:33:47.210+0000] {dag.py:4180} INFO - Setting next_dagrun for example_xcom_args to None, run_after=None
[2025-11-09T20:33:47.216+0000] {logging_mixin.py:190} INFO - [2025-11-09T20:33:47.215+0000] {dag.py:4180} INFO - Setting next_dagrun for example_xcom_args_with_operators to None, run_after=None
[2025-11-09T20:33:47.242+0000] {processor.py:208} INFO - Processing /home/airflow/.local/lib/python3.12/site-packages/airflow/example_dags/example_xcomargs.py took 0.122 seconds
[2025-11-09T20:34:18.108+0000] {processor.py:186} INFO - Started process (PID=890) to work on /home/airflow/.local/lib/python3.12/site-packages/airflow/example_dags/example_xcomargs.py
[2025-11-09T20:34:18.112+0000] {processor.py:914} INFO - Processing file /home/airflow/.local/lib/python3.12/site-packages/airflow/example_dags/example_xcomargs.py for tasks to queue
[2025-11-09T20:34:18.117+0000] {logging_mixin.py:190} INFO - [2025-11-09T20:34:18.116+0000] {dagbag.py:588} INFO - Filling up the DagBag from /home/airflow/.local/lib/python3.12/site-packages/airflow/example_dags/example_xcomargs.py
[2025-11-09T20:34:18.134+0000] {processor.py:925} INFO - DAG(s) 'example_xcom_args_with_operators', 'example_xcom_args' retrieved from /home/airflow/.local/lib/python3.12/site-packages/airflow/example_dags/example_xcomargs.py
[2025-11-09T20:34:18.182+0000] {logging_mixin.py:190} INFO - [2025-11-09T20:34:18.182+0000] {dag.py:3239} INFO - Sync 2 DAGs
[2025-11-09T20:34:18.208+0000] {logging_mixin.py:190} INFO - [2025-11-09T20:34:18.208+0000] {dag.py:4180} INFO - Setting next_dagrun for example_xcom_args to None, run_after=None
[2025-11-09T20:34:18.215+0000] {logging_mixin.py:190} INFO - [2025-11-09T20:34:18.215+0000] {dag.py:4180} INFO - Setting next_dagrun for example_xcom_args_with_operators to None, run_after=None
[2025-11-09T20:34:18.249+0000] {processor.py:208} INFO - Processing /home/airflow/.local/lib/python3.12/site-packages/airflow/example_dags/example_xcomargs.py took 0.153 seconds
[2025-11-09T20:34:48.559+0000] {processor.py:186} INFO - Started process (PID=953) to work on /home/airflow/.local/lib/python3.12/site-packages/airflow/example_dags/example_xcomargs.py
[2025-11-09T20:34:48.562+0000] {processor.py:914} INFO - Processing file /home/airflow/.local/lib/python3.12/site-packages/airflow/example_dags/example_xcomargs.py for tasks to queue
[2025-11-09T20:34:48.567+0000] {logging_mixin.py:190} INFO - [2025-11-09T20:34:48.566+0000] {dagbag.py:588} INFO - Filling up the DagBag from /home/airflow/.local/lib/python3.12/site-packages/airflow/example_dags/example_xcomargs.py
[2025-11-09T20:34:48.585+0000] {processor.py:925} INFO - DAG(s) 'example_xcom_args', 'example_xcom_args_with_operators' retrieved from /home/airflow/.local/lib/python3.12/site-packages/airflow/example_dags/example_xcomargs.py
[2025-11-09T20:34:48.638+0000] {logging_mixin.py:190} INFO - [2025-11-09T20:34:48.637+0000] {dag.py:3239} INFO - Sync 2 DAGs
[2025-11-09T20:34:48.671+0000] {logging_mixin.py:190} INFO - [2025-11-09T20:34:48.670+0000] {dag.py:4180} INFO - Setting next_dagrun for example_xcom_args to None, run_after=None
[2025-11-09T20:34:48.680+0000] {logging_mixin.py:190} INFO - [2025-11-09T20:34:48.680+0000] {dag.py:4180} INFO - Setting next_dagrun for example_xcom_args_with_operators to None, run_after=None
[2025-11-09T20:34:48.715+0000] {processor.py:208} INFO - Processing /home/airflow/.local/lib/python3.12/site-packages/airflow/example_dags/example_xcomargs.py took 0.170 seconds
[2025-11-09T20:35:19.093+0000] {processor.py:186} INFO - Started process (PID=1016) to work on /home/airflow/.local/lib/python3.12/site-packages/airflow/example_dags/example_xcomargs.py
[2025-11-09T20:35:19.095+0000] {processor.py:914} INFO - Processing file /home/airflow/.local/lib/python3.12/site-packages/airflow/example_dags/example_xcomargs.py for tasks to queue
[2025-11-09T20:35:19.101+0000] {logging_mixin.py:190} INFO - [2025-11-09T20:35:19.100+0000] {dagbag.py:588} INFO - Filling up the DagBag from /home/airflow/.local/lib/python3.12/site-packages/airflow/example_dags/example_xcomargs.py
[2025-11-09T20:35:19.119+0000] {processor.py:925} INFO - DAG(s) 'example_xcom_args', 'example_xcom_args_with_operators' retrieved from /home/airflow/.local/lib/python3.12/site-packages/airflow/example_dags/example_xcomargs.py
[2025-11-09T20:35:19.161+0000] {logging_mixin.py:190} INFO - [2025-11-09T20:35:19.161+0000] {dag.py:3239} INFO - Sync 2 DAGs
[2025-11-09T20:35:19.184+0000] {logging_mixin.py:190} INFO - [2025-11-09T20:35:19.184+0000] {dag.py:4180} INFO - Setting next_dagrun for example_xcom_args to None, run_after=None
[2025-11-09T20:35:19.191+0000] {logging_mixin.py:190} INFO - [2025-11-09T20:35:19.190+0000] {dag.py:4180} INFO - Setting next_dagrun for example_xcom_args_with_operators to None, run_after=None
[2025-11-09T20:35:19.219+0000] {processor.py:208} INFO - Processing /home/airflow/.local/lib/python3.12/site-packages/airflow/example_dags/example_xcomargs.py took 0.136 seconds
[2025-11-09T20:35:50.152+0000] {processor.py:186} INFO - Started process (PID=1079) to work on /home/airflow/.local/lib/python3.12/site-packages/airflow/example_dags/example_xcomargs.py
[2025-11-09T20:35:50.154+0000] {processor.py:914} INFO - Processing file /home/airflow/.local/lib/python3.12/site-packages/airflow/example_dags/example_xcomargs.py for tasks to queue
[2025-11-09T20:35:50.160+0000] {logging_mixin.py:190} INFO - [2025-11-09T20:35:50.159+0000] {dagbag.py:588} INFO - Filling up the DagBag from /home/airflow/.local/lib/python3.12/site-packages/airflow/example_dags/example_xcomargs.py
[2025-11-09T20:35:50.178+0000] {processor.py:925} INFO - DAG(s) 'example_xcom_args', 'example_xcom_args_with_operators' retrieved from /home/airflow/.local/lib/python3.12/site-packages/airflow/example_dags/example_xcomargs.py
[2025-11-09T20:35:50.225+0000] {logging_mixin.py:190} INFO - [2025-11-09T20:35:50.225+0000] {dag.py:3239} INFO - Sync 2 DAGs
[2025-11-09T20:35:50.259+0000] {logging_mixin.py:190} INFO - [2025-11-09T20:35:50.259+0000] {dag.py:4180} INFO - Setting next_dagrun for example_xcom_args to None, run_after=None
[2025-11-09T20:35:50.267+0000] {logging_mixin.py:190} INFO - [2025-11-09T20:35:50.266+0000] {dag.py:4180} INFO - Setting next_dagrun for example_xcom_args_with_operators to None, run_after=None
[2025-11-09T20:35:50.302+0000] {processor.py:208} INFO - Processing /home/airflow/.local/lib/python3.12/site-packages/airflow/example_dags/example_xcomargs.py took 0.161 seconds
[2025-11-09T20:36:21.227+0000] {processor.py:186} INFO - Started process (PID=1142) to work on /home/airflow/.local/lib/python3.12/site-packages/airflow/example_dags/example_xcomargs.py
[2025-11-09T20:36:21.229+0000] {processor.py:914} INFO - Processing file /home/airflow/.local/lib/python3.12/site-packages/airflow/example_dags/example_xcomargs.py for tasks to queue
[2025-11-09T20:36:21.233+0000] {logging_mixin.py:190} INFO - [2025-11-09T20:36:21.233+0000] {dagbag.py:588} INFO - Filling up the DagBag from /home/airflow/.local/lib/python3.12/site-packages/airflow/example_dags/example_xcomargs.py
[2025-11-09T20:36:21.249+0000] {processor.py:925} INFO - DAG(s) 'example_xcom_args_with_operators', 'example_xcom_args' retrieved from /home/airflow/.local/lib/python3.12/site-packages/airflow/example_dags/example_xcomargs.py
[2025-11-09T20:36:21.293+0000] {logging_mixin.py:190} INFO - [2025-11-09T20:36:21.292+0000] {dag.py:3239} INFO - Sync 2 DAGs
[2025-11-09T20:36:21.317+0000] {logging_mixin.py:190} INFO - [2025-11-09T20:36:21.317+0000] {dag.py:4180} INFO - Setting next_dagrun for example_xcom_args to None, run_after=None
[2025-11-09T20:36:21.323+0000] {logging_mixin.py:190} INFO - [2025-11-09T20:36:21.323+0000] {dag.py:4180} INFO - Setting next_dagrun for example_xcom_args_with_operators to None, run_after=None
[2025-11-09T20:36:21.353+0000] {processor.py:208} INFO - Processing /home/airflow/.local/lib/python3.12/site-packages/airflow/example_dags/example_xcomargs.py took 0.135 seconds
[2025-11-09T20:36:51.811+0000] {processor.py:186} INFO - Started process (PID=1204) to work on /home/airflow/.local/lib/python3.12/site-packages/airflow/example_dags/example_xcomargs.py
[2025-11-09T20:36:51.813+0000] {processor.py:914} INFO - Processing file /home/airflow/.local/lib/python3.12/site-packages/airflow/example_dags/example_xcomargs.py for tasks to queue
[2025-11-09T20:36:51.818+0000] {logging_mixin.py:190} INFO - [2025-11-09T20:36:51.817+0000] {dagbag.py:588} INFO - Filling up the DagBag from /home/airflow/.local/lib/python3.12/site-packages/airflow/example_dags/example_xcomargs.py
[2025-11-09T20:36:51.834+0000] {processor.py:925} INFO - DAG(s) 'example_xcom_args', 'example_xcom_args_with_operators' retrieved from /home/airflow/.local/lib/python3.12/site-packages/airflow/example_dags/example_xcomargs.py
[2025-11-09T20:36:51.878+0000] {logging_mixin.py:190} INFO - [2025-11-09T20:36:51.878+0000] {dag.py:3239} INFO - Sync 2 DAGs
[2025-11-09T20:36:51.905+0000] {logging_mixin.py:190} INFO - [2025-11-09T20:36:51.905+0000] {dag.py:4180} INFO - Setting next_dagrun for example_xcom_args to None, run_after=None
[2025-11-09T20:36:51.913+0000] {logging_mixin.py:190} INFO - [2025-11-09T20:36:51.913+0000] {dag.py:4180} INFO - Setting next_dagrun for example_xcom_args_with_operators to None, run_after=None
[2025-11-09T20:36:51.942+0000] {processor.py:208} INFO - Processing /home/airflow/.local/lib/python3.12/site-packages/airflow/example_dags/example_xcomargs.py took 0.141 seconds
[2025-11-09T20:37:22.065+0000] {processor.py:186} INFO - Started process (PID=1268) to work on /home/airflow/.local/lib/python3.12/site-packages/airflow/example_dags/example_xcomargs.py
[2025-11-09T20:37:22.067+0000] {processor.py:914} INFO - Processing file /home/airflow/.local/lib/python3.12/site-packages/airflow/example_dags/example_xcomargs.py for tasks to queue
[2025-11-09T20:37:22.073+0000] {logging_mixin.py:190} INFO - [2025-11-09T20:37:22.072+0000] {dagbag.py:588} INFO - Filling up the DagBag from /home/airflow/.local/lib/python3.12/site-packages/airflow/example_dags/example_xcomargs.py
[2025-11-09T20:37:22.094+0000] {processor.py:925} INFO - DAG(s) 'example_xcom_args_with_operators', 'example_xcom_args' retrieved from /home/airflow/.local/lib/python3.12/site-packages/airflow/example_dags/example_xcomargs.py
[2025-11-09T20:37:22.146+0000] {logging_mixin.py:190} INFO - [2025-11-09T20:37:22.146+0000] {dag.py:3239} INFO - Sync 2 DAGs
[2025-11-09T20:37:22.174+0000] {logging_mixin.py:190} INFO - [2025-11-09T20:37:22.173+0000] {dag.py:4180} INFO - Setting next_dagrun for example_xcom_args to None, run_after=None
[2025-11-09T20:37:22.181+0000] {logging_mixin.py:190} INFO - [2025-11-09T20:37:22.180+0000] {dag.py:4180} INFO - Setting next_dagrun for example_xcom_args_with_operators to None, run_after=None
[2025-11-09T20:37:22.211+0000] {processor.py:208} INFO - Processing /home/airflow/.local/lib/python3.12/site-packages/airflow/example_dags/example_xcomargs.py took 0.157 seconds
[2025-11-09T20:37:52.643+0000] {processor.py:186} INFO - Started process (PID=1331) to work on /home/airflow/.local/lib/python3.12/site-packages/airflow/example_dags/example_xcomargs.py
[2025-11-09T20:37:52.644+0000] {processor.py:914} INFO - Processing file /home/airflow/.local/lib/python3.12/site-packages/airflow/example_dags/example_xcomargs.py for tasks to queue
[2025-11-09T20:37:52.650+0000] {logging_mixin.py:190} INFO - [2025-11-09T20:37:52.649+0000] {dagbag.py:588} INFO - Filling up the DagBag from /home/airflow/.local/lib/python3.12/site-packages/airflow/example_dags/example_xcomargs.py
[2025-11-09T20:37:52.668+0000] {processor.py:925} INFO - DAG(s) 'example_xcom_args_with_operators', 'example_xcom_args' retrieved from /home/airflow/.local/lib/python3.12/site-packages/airflow/example_dags/example_xcomargs.py
[2025-11-09T20:37:52.712+0000] {logging_mixin.py:190} INFO - [2025-11-09T20:37:52.711+0000] {dag.py:3239} INFO - Sync 2 DAGs
[2025-11-09T20:37:52.736+0000] {logging_mixin.py:190} INFO - [2025-11-09T20:37:52.736+0000] {dag.py:4180} INFO - Setting next_dagrun for example_xcom_args to None, run_after=None
[2025-11-09T20:37:52.744+0000] {logging_mixin.py:190} INFO - [2025-11-09T20:37:52.743+0000] {dag.py:4180} INFO - Setting next_dagrun for example_xcom_args_with_operators to None, run_after=None
[2025-11-09T20:37:52.774+0000] {processor.py:208} INFO - Processing /home/airflow/.local/lib/python3.12/site-packages/airflow/example_dags/example_xcomargs.py took 0.142 seconds
[2025-11-09T20:38:23.238+0000] {processor.py:186} INFO - Started process (PID=1394) to work on /home/airflow/.local/lib/python3.12/site-packages/airflow/example_dags/example_xcomargs.py
[2025-11-09T20:38:23.239+0000] {processor.py:914} INFO - Processing file /home/airflow/.local/lib/python3.12/site-packages/airflow/example_dags/example_xcomargs.py for tasks to queue
[2025-11-09T20:38:23.243+0000] {logging_mixin.py:190} INFO - [2025-11-09T20:38:23.243+0000] {dagbag.py:588} INFO - Filling up the DagBag from /home/airflow/.local/lib/python3.12/site-packages/airflow/example_dags/example_xcomargs.py
[2025-11-09T20:38:23.259+0000] {processor.py:925} INFO - DAG(s) 'example_xcom_args_with_operators', 'example_xcom_args' retrieved from /home/airflow/.local/lib/python3.12/site-packages/airflow/example_dags/example_xcomargs.py
[2025-11-09T20:38:23.298+0000] {logging_mixin.py:190} INFO - [2025-11-09T20:38:23.298+0000] {dag.py:3239} INFO - Sync 2 DAGs
[2025-11-09T20:38:23.326+0000] {logging_mixin.py:190} INFO - [2025-11-09T20:38:23.325+0000] {dag.py:4180} INFO - Setting next_dagrun for example_xcom_args to None, run_after=None
[2025-11-09T20:38:23.334+0000] {logging_mixin.py:190} INFO - [2025-11-09T20:38:23.333+0000] {dag.py:4180} INFO - Setting next_dagrun for example_xcom_args_with_operators to None, run_after=None
[2025-11-09T20:38:23.362+0000] {processor.py:208} INFO - Processing /home/airflow/.local/lib/python3.12/site-packages/airflow/example_dags/example_xcomargs.py took 0.133 seconds
[2025-11-09T20:38:53.523+0000] {processor.py:186} INFO - Started process (PID=1456) to work on /home/airflow/.local/lib/python3.12/site-packages/airflow/example_dags/example_xcomargs.py
[2025-11-09T20:38:53.525+0000] {processor.py:914} INFO - Processing file /home/airflow/.local/lib/python3.12/site-packages/airflow/example_dags/example_xcomargs.py for tasks to queue
[2025-11-09T20:38:53.530+0000] {logging_mixin.py:190} INFO - [2025-11-09T20:38:53.529+0000] {dagbag.py:588} INFO - Filling up the DagBag from /home/airflow/.local/lib/python3.12/site-packages/airflow/example_dags/example_xcomargs.py
[2025-11-09T20:38:53.549+0000] {processor.py:925} INFO - DAG(s) 'example_xcom_args_with_operators', 'example_xcom_args' retrieved from /home/airflow/.local/lib/python3.12/site-packages/airflow/example_dags/example_xcomargs.py
[2025-11-09T20:38:53.600+0000] {logging_mixin.py:190} INFO - [2025-11-09T20:38:53.599+0000] {dag.py:3239} INFO - Sync 2 DAGs
[2025-11-09T20:38:53.626+0000] {logging_mixin.py:190} INFO - [2025-11-09T20:38:53.625+0000] {dag.py:4180} INFO - Setting next_dagrun for example_xcom_args to None, run_after=None
[2025-11-09T20:38:53.632+0000] {logging_mixin.py:190} INFO - [2025-11-09T20:38:53.632+0000] {dag.py:4180} INFO - Setting next_dagrun for example_xcom_args_with_operators to None, run_after=None
[2025-11-09T20:38:53.663+0000] {processor.py:208} INFO - Processing /home/airflow/.local/lib/python3.12/site-packages/airflow/example_dags/example_xcomargs.py took 0.155 seconds
[2025-11-09T20:39:24.159+0000] {processor.py:186} INFO - Started process (PID=1519) to work on /home/airflow/.local/lib/python3.12/site-packages/airflow/example_dags/example_xcomargs.py
[2025-11-09T20:39:24.162+0000] {processor.py:914} INFO - Processing file /home/airflow/.local/lib/python3.12/site-packages/airflow/example_dags/example_xcomargs.py for tasks to queue
[2025-11-09T20:39:24.169+0000] {logging_mixin.py:190} INFO - [2025-11-09T20:39:24.168+0000] {dagbag.py:588} INFO - Filling up the DagBag from /home/airflow/.local/lib/python3.12/site-packages/airflow/example_dags/example_xcomargs.py
[2025-11-09T20:39:24.189+0000] {processor.py:925} INFO - DAG(s) 'example_xcom_args_with_operators', 'example_xcom_args' retrieved from /home/airflow/.local/lib/python3.12/site-packages/airflow/example_dags/example_xcomargs.py
[2025-11-09T20:39:24.244+0000] {logging_mixin.py:190} INFO - [2025-11-09T20:39:24.243+0000] {dag.py:3239} INFO - Sync 2 DAGs
[2025-11-09T20:39:24.269+0000] {logging_mixin.py:190} INFO - [2025-11-09T20:39:24.268+0000] {dag.py:4180} INFO - Setting next_dagrun for example_xcom_args to None, run_after=None
[2025-11-09T20:39:24.275+0000] {logging_mixin.py:190} INFO - [2025-11-09T20:39:24.275+0000] {dag.py:4180} INFO - Setting next_dagrun for example_xcom_args_with_operators to None, run_after=None
[2025-11-09T20:39:24.307+0000] {processor.py:208} INFO - Processing /home/airflow/.local/lib/python3.12/site-packages/airflow/example_dags/example_xcomargs.py took 0.161 seconds
[2025-11-09T20:39:54.661+0000] {processor.py:186} INFO - Started process (PID=1582) to work on /home/airflow/.local/lib/python3.12/site-packages/airflow/example_dags/example_xcomargs.py
[2025-11-09T20:39:54.662+0000] {processor.py:914} INFO - Processing file /home/airflow/.local/lib/python3.12/site-packages/airflow/example_dags/example_xcomargs.py for tasks to queue
[2025-11-09T20:39:54.667+0000] {logging_mixin.py:190} INFO - [2025-11-09T20:39:54.666+0000] {dagbag.py:588} INFO - Filling up the DagBag from /home/airflow/.local/lib/python3.12/site-packages/airflow/example_dags/example_xcomargs.py
[2025-11-09T20:39:54.685+0000] {processor.py:925} INFO - DAG(s) 'example_xcom_args_with_operators', 'example_xcom_args' retrieved from /home/airflow/.local/lib/python3.12/site-packages/airflow/example_dags/example_xcomargs.py
[2025-11-09T20:39:54.731+0000] {logging_mixin.py:190} INFO - [2025-11-09T20:39:54.731+0000] {dag.py:3239} INFO - Sync 2 DAGs
[2025-11-09T20:39:54.762+0000] {logging_mixin.py:190} INFO - [2025-11-09T20:39:54.761+0000] {dag.py:4180} INFO - Setting next_dagrun for example_xcom_args to None, run_after=None
[2025-11-09T20:39:54.768+0000] {logging_mixin.py:190} INFO - [2025-11-09T20:39:54.768+0000] {dag.py:4180} INFO - Setting next_dagrun for example_xcom_args_with_operators to None, run_after=None
[2025-11-09T20:39:54.803+0000] {processor.py:208} INFO - Processing /home/airflow/.local/lib/python3.12/site-packages/airflow/example_dags/example_xcomargs.py took 0.153 seconds
[2025-11-09T20:40:25.270+0000] {processor.py:186} INFO - Started process (PID=1645) to work on /home/airflow/.local/lib/python3.12/site-packages/airflow/example_dags/example_xcomargs.py
[2025-11-09T20:40:25.271+0000] {processor.py:914} INFO - Processing file /home/airflow/.local/lib/python3.12/site-packages/airflow/example_dags/example_xcomargs.py for tasks to queue
[2025-11-09T20:40:25.276+0000] {logging_mixin.py:190} INFO - [2025-11-09T20:40:25.275+0000] {dagbag.py:588} INFO - Filling up the DagBag from /home/airflow/.local/lib/python3.12/site-packages/airflow/example_dags/example_xcomargs.py
[2025-11-09T20:40:25.297+0000] {processor.py:925} INFO - DAG(s) 'example_xcom_args', 'example_xcom_args_with_operators' retrieved from /home/airflow/.local/lib/python3.12/site-packages/airflow/example_dags/example_xcomargs.py
[2025-11-09T20:40:25.344+0000] {logging_mixin.py:190} INFO - [2025-11-09T20:40:25.344+0000] {dag.py:3239} INFO - Sync 2 DAGs
[2025-11-09T20:40:25.373+0000] {logging_mixin.py:190} INFO - [2025-11-09T20:40:25.373+0000] {dag.py:4180} INFO - Setting next_dagrun for example_xcom_args to None, run_after=None
[2025-11-09T20:40:25.381+0000] {logging_mixin.py:190} INFO - [2025-11-09T20:40:25.380+0000] {dag.py:4180} INFO - Setting next_dagrun for example_xcom_args_with_operators to None, run_after=None
[2025-11-09T20:40:25.412+0000] {processor.py:208} INFO - Processing /home/airflow/.local/lib/python3.12/site-packages/airflow/example_dags/example_xcomargs.py took 0.155 seconds
[2025-11-09T20:40:55.972+0000] {processor.py:186} INFO - Started process (PID=1708) to work on /home/airflow/.local/lib/python3.12/site-packages/airflow/example_dags/example_xcomargs.py
[2025-11-09T20:40:55.974+0000] {processor.py:914} INFO - Processing file /home/airflow/.local/lib/python3.12/site-packages/airflow/example_dags/example_xcomargs.py for tasks to queue
[2025-11-09T20:40:55.978+0000] {logging_mixin.py:190} INFO - [2025-11-09T20:40:55.978+0000] {dagbag.py:588} INFO - Filling up the DagBag from /home/airflow/.local/lib/python3.12/site-packages/airflow/example_dags/example_xcomargs.py
[2025-11-09T20:40:55.995+0000] {processor.py:925} INFO - DAG(s) 'example_xcom_args', 'example_xcom_args_with_operators' retrieved from /home/airflow/.local/lib/python3.12/site-packages/airflow/example_dags/example_xcomargs.py
[2025-11-09T20:40:56.042+0000] {logging_mixin.py:190} INFO - [2025-11-09T20:40:56.041+0000] {dag.py:3239} INFO - Sync 2 DAGs
[2025-11-09T20:40:56.075+0000] {logging_mixin.py:190} INFO - [2025-11-09T20:40:56.074+0000] {dag.py:4180} INFO - Setting next_dagrun for example_xcom_args to None, run_after=None
[2025-11-09T20:40:56.084+0000] {logging_mixin.py:190} INFO - [2025-11-09T20:40:56.084+0000] {dag.py:4180} INFO - Setting next_dagrun for example_xcom_args_with_operators to None, run_after=None
[2025-11-09T20:40:56.123+0000] {processor.py:208} INFO - Processing /home/airflow/.local/lib/python3.12/site-packages/airflow/example_dags/example_xcomargs.py took 0.162 seconds
[2025-11-09T20:41:26.833+0000] {processor.py:186} INFO - Started process (PID=1771) to work on /home/airflow/.local/lib/python3.12/site-packages/airflow/example_dags/example_xcomargs.py
[2025-11-09T20:41:26.835+0000] {processor.py:914} INFO - Processing file /home/airflow/.local/lib/python3.12/site-packages/airflow/example_dags/example_xcomargs.py for tasks to queue
[2025-11-09T20:41:26.840+0000] {logging_mixin.py:190} INFO - [2025-11-09T20:41:26.839+0000] {dagbag.py:588} INFO - Filling up the DagBag from /home/airflow/.local/lib/python3.12/site-packages/airflow/example_dags/example_xcomargs.py
[2025-11-09T20:41:26.862+0000] {processor.py:925} INFO - DAG(s) 'example_xcom_args', 'example_xcom_args_with_operators' retrieved from /home/airflow/.local/lib/python3.12/site-packages/airflow/example_dags/example_xcomargs.py
[2025-11-09T20:41:26.922+0000] {logging_mixin.py:190} INFO - [2025-11-09T20:41:26.922+0000] {dag.py:3239} INFO - Sync 2 DAGs
[2025-11-09T20:41:26.955+0000] {logging_mixin.py:190} INFO - [2025-11-09T20:41:26.955+0000] {dag.py:4180} INFO - Setting next_dagrun for example_xcom_args to None, run_after=None
[2025-11-09T20:41:26.963+0000] {logging_mixin.py:190} INFO - [2025-11-09T20:41:26.963+0000] {dag.py:4180} INFO - Setting next_dagrun for example_xcom_args_with_operators to None, run_after=None
[2025-11-09T20:41:26.998+0000] {processor.py:208} INFO - Processing /home/airflow/.local/lib/python3.12/site-packages/airflow/example_dags/example_xcomargs.py took 0.176 seconds
[2025-11-09T20:41:57.454+0000] {processor.py:186} INFO - Started process (PID=1834) to work on /home/airflow/.local/lib/python3.12/site-packages/airflow/example_dags/example_xcomargs.py
[2025-11-09T20:41:57.456+0000] {processor.py:914} INFO - Processing file /home/airflow/.local/lib/python3.12/site-packages/airflow/example_dags/example_xcomargs.py for tasks to queue
[2025-11-09T20:41:57.462+0000] {logging_mixin.py:190} INFO - [2025-11-09T20:41:57.461+0000] {dagbag.py:588} INFO - Filling up the DagBag from /home/airflow/.local/lib/python3.12/site-packages/airflow/example_dags/example_xcomargs.py
[2025-11-09T20:41:57.490+0000] {processor.py:925} INFO - DAG(s) 'example_xcom_args', 'example_xcom_args_with_operators' retrieved from /home/airflow/.local/lib/python3.12/site-packages/airflow/example_dags/example_xcomargs.py
[2025-11-09T20:41:57.552+0000] {logging_mixin.py:190} INFO - [2025-11-09T20:41:57.551+0000] {dag.py:3239} INFO - Sync 2 DAGs
[2025-11-09T20:41:57.589+0000] {logging_mixin.py:190} INFO - [2025-11-09T20:41:57.588+0000] {dag.py:4180} INFO - Setting next_dagrun for example_xcom_args to None, run_after=None
[2025-11-09T20:41:57.599+0000] {logging_mixin.py:190} INFO - [2025-11-09T20:41:57.599+0000] {dag.py:4180} INFO - Setting next_dagrun for example_xcom_args_with_operators to None, run_after=None
[2025-11-09T20:41:57.645+0000] {processor.py:208} INFO - Processing /home/airflow/.local/lib/python3.12/site-packages/airflow/example_dags/example_xcomargs.py took 0.206 seconds
[2025-11-09T20:42:27.940+0000] {processor.py:186} INFO - Started process (PID=1897) to work on /home/airflow/.local/lib/python3.12/site-packages/airflow/example_dags/example_xcomargs.py
[2025-11-09T20:42:27.942+0000] {processor.py:914} INFO - Processing file /home/airflow/.local/lib/python3.12/site-packages/airflow/example_dags/example_xcomargs.py for tasks to queue
[2025-11-09T20:42:27.947+0000] {logging_mixin.py:190} INFO - [2025-11-09T20:42:27.946+0000] {dagbag.py:588} INFO - Filling up the DagBag from /home/airflow/.local/lib/python3.12/site-packages/airflow/example_dags/example_xcomargs.py
[2025-11-09T20:42:27.972+0000] {processor.py:925} INFO - DAG(s) 'example_xcom_args_with_operators', 'example_xcom_args' retrieved from /home/airflow/.local/lib/python3.12/site-packages/airflow/example_dags/example_xcomargs.py
[2025-11-09T20:42:28.028+0000] {logging_mixin.py:190} INFO - [2025-11-09T20:42:28.027+0000] {dag.py:3239} INFO - Sync 2 DAGs
[2025-11-09T20:42:28.067+0000] {logging_mixin.py:190} INFO - [2025-11-09T20:42:28.067+0000] {dag.py:4180} INFO - Setting next_dagrun for example_xcom_args to None, run_after=None
[2025-11-09T20:42:28.078+0000] {logging_mixin.py:190} INFO - [2025-11-09T20:42:28.077+0000] {dag.py:4180} INFO - Setting next_dagrun for example_xcom_args_with_operators to None, run_after=None
[2025-11-09T20:42:28.114+0000] {processor.py:208} INFO - Processing /home/airflow/.local/lib/python3.12/site-packages/airflow/example_dags/example_xcomargs.py took 0.188 seconds
[2025-11-09T20:42:58.629+0000] {processor.py:186} INFO - Started process (PID=1962) to work on /home/airflow/.local/lib/python3.12/site-packages/airflow/example_dags/example_xcomargs.py
[2025-11-09T20:42:58.632+0000] {processor.py:914} INFO - Processing file /home/airflow/.local/lib/python3.12/site-packages/airflow/example_dags/example_xcomargs.py for tasks to queue
[2025-11-09T20:42:58.638+0000] {logging_mixin.py:190} INFO - [2025-11-09T20:42:58.637+0000] {dagbag.py:588} INFO - Filling up the DagBag from /home/airflow/.local/lib/python3.12/site-packages/airflow/example_dags/example_xcomargs.py
[2025-11-09T20:42:58.661+0000] {processor.py:925} INFO - DAG(s) 'example_xcom_args', 'example_xcom_args_with_operators' retrieved from /home/airflow/.local/lib/python3.12/site-packages/airflow/example_dags/example_xcomargs.py
[2025-11-09T20:42:58.711+0000] {logging_mixin.py:190} INFO - [2025-11-09T20:42:58.711+0000] {dag.py:3239} INFO - Sync 2 DAGs
[2025-11-09T20:42:58.747+0000] {logging_mixin.py:190} INFO - [2025-11-09T20:42:58.747+0000] {dag.py:4180} INFO - Setting next_dagrun for example_xcom_args to None, run_after=None
[2025-11-09T20:42:58.757+0000] {logging_mixin.py:190} INFO - [2025-11-09T20:42:58.757+0000] {dag.py:4180} INFO - Setting next_dagrun for example_xcom_args_with_operators to None, run_after=None
[2025-11-09T20:42:58.792+0000] {processor.py:208} INFO - Processing /home/airflow/.local/lib/python3.12/site-packages/airflow/example_dags/example_xcomargs.py took 0.177 seconds
[2025-11-09T20:43:29.136+0000] {processor.py:186} INFO - Started process (PID=2026) to work on /home/airflow/.local/lib/python3.12/site-packages/airflow/example_dags/example_xcomargs.py
[2025-11-09T20:43:29.138+0000] {processor.py:914} INFO - Processing file /home/airflow/.local/lib/python3.12/site-packages/airflow/example_dags/example_xcomargs.py for tasks to queue
[2025-11-09T20:43:29.143+0000] {logging_mixin.py:190} INFO - [2025-11-09T20:43:29.142+0000] {dagbag.py:588} INFO - Filling up the DagBag from /home/airflow/.local/lib/python3.12/site-packages/airflow/example_dags/example_xcomargs.py
[2025-11-09T20:43:29.163+0000] {processor.py:925} INFO - DAG(s) 'example_xcom_args_with_operators', 'example_xcom_args' retrieved from /home/airflow/.local/lib/python3.12/site-packages/airflow/example_dags/example_xcomargs.py
[2025-11-09T20:43:29.210+0000] {logging_mixin.py:190} INFO - [2025-11-09T20:43:29.210+0000] {dag.py:3239} INFO - Sync 2 DAGs
[2025-11-09T20:43:29.237+0000] {logging_mixin.py:190} INFO - [2025-11-09T20:43:29.236+0000] {dag.py:4180} INFO - Setting next_dagrun for example_xcom_args to None, run_after=None
[2025-11-09T20:43:29.243+0000] {logging_mixin.py:190} INFO - [2025-11-09T20:43:29.243+0000] {dag.py:4180} INFO - Setting next_dagrun for example_xcom_args_with_operators to None, run_after=None
[2025-11-09T20:43:29.272+0000] {processor.py:208} INFO - Processing /home/airflow/.local/lib/python3.12/site-packages/airflow/example_dags/example_xcomargs.py took 0.147 seconds
[2025-11-09T20:43:59.591+0000] {processor.py:186} INFO - Started process (PID=2090) to work on /home/airflow/.local/lib/python3.12/site-packages/airflow/example_dags/example_xcomargs.py
[2025-11-09T20:43:59.593+0000] {processor.py:914} INFO - Processing file /home/airflow/.local/lib/python3.12/site-packages/airflow/example_dags/example_xcomargs.py for tasks to queue
[2025-11-09T20:43:59.598+0000] {logging_mixin.py:190} INFO - [2025-11-09T20:43:59.598+0000] {dagbag.py:588} INFO - Filling up the DagBag from /home/airflow/.local/lib/python3.12/site-packages/airflow/example_dags/example_xcomargs.py
[2025-11-09T20:43:59.618+0000] {processor.py:925} INFO - DAG(s) 'example_xcom_args_with_operators', 'example_xcom_args' retrieved from /home/airflow/.local/lib/python3.12/site-packages/airflow/example_dags/example_xcomargs.py
[2025-11-09T20:43:59.669+0000] {logging_mixin.py:190} INFO - [2025-11-09T20:43:59.668+0000] {dag.py:3239} INFO - Sync 2 DAGs
[2025-11-09T20:43:59.698+0000] {logging_mixin.py:190} INFO - [2025-11-09T20:43:59.698+0000] {dag.py:4180} INFO - Setting next_dagrun for example_xcom_args to None, run_after=None
[2025-11-09T20:43:59.706+0000] {logging_mixin.py:190} INFO - [2025-11-09T20:43:59.706+0000] {dag.py:4180} INFO - Setting next_dagrun for example_xcom_args_with_operators to None, run_after=None
[2025-11-09T20:43:59.742+0000] {processor.py:208} INFO - Processing /home/airflow/.local/lib/python3.12/site-packages/airflow/example_dags/example_xcomargs.py took 0.162 seconds
[2025-11-09T20:44:30.624+0000] {processor.py:186} INFO - Started process (PID=2153) to work on /home/airflow/.local/lib/python3.12/site-packages/airflow/example_dags/example_xcomargs.py
[2025-11-09T20:44:30.626+0000] {processor.py:914} INFO - Processing file /home/airflow/.local/lib/python3.12/site-packages/airflow/example_dags/example_xcomargs.py for tasks to queue
[2025-11-09T20:44:30.630+0000] {logging_mixin.py:190} INFO - [2025-11-09T20:44:30.629+0000] {dagbag.py:588} INFO - Filling up the DagBag from /home/airflow/.local/lib/python3.12/site-packages/airflow/example_dags/example_xcomargs.py
[2025-11-09T20:44:30.646+0000] {processor.py:925} INFO - DAG(s) 'example_xcom_args', 'example_xcom_args_with_operators' retrieved from /home/airflow/.local/lib/python3.12/site-packages/airflow/example_dags/example_xcomargs.py
[2025-11-09T20:44:30.689+0000] {logging_mixin.py:190} INFO - [2025-11-09T20:44:30.689+0000] {dag.py:3239} INFO - Sync 2 DAGs
[2025-11-09T20:44:30.735+0000] {logging_mixin.py:190} INFO - [2025-11-09T20:44:30.735+0000] {dag.py:4180} INFO - Setting next_dagrun for example_xcom_args to None, run_after=None
[2025-11-09T20:44:30.761+0000] {logging_mixin.py:190} INFO - [2025-11-09T20:44:30.760+0000] {dag.py:4180} INFO - Setting next_dagrun for example_xcom_args_with_operators to None, run_after=None
[2025-11-09T20:44:30.853+0000] {processor.py:208} INFO - Processing /home/airflow/.local/lib/python3.12/site-packages/airflow/example_dags/example_xcomargs.py took 0.240 seconds
[2025-11-09T20:45:01.184+0000] {processor.py:186} INFO - Started process (PID=2218) to work on /home/airflow/.local/lib/python3.12/site-packages/airflow/example_dags/example_xcomargs.py
[2025-11-09T20:45:01.186+0000] {processor.py:914} INFO - Processing file /home/airflow/.local/lib/python3.12/site-packages/airflow/example_dags/example_xcomargs.py for tasks to queue
[2025-11-09T20:45:01.192+0000] {logging_mixin.py:190} INFO - [2025-11-09T20:45:01.191+0000] {dagbag.py:588} INFO - Filling up the DagBag from /home/airflow/.local/lib/python3.12/site-packages/airflow/example_dags/example_xcomargs.py
[2025-11-09T20:45:01.209+0000] {processor.py:925} INFO - DAG(s) 'example_xcom_args', 'example_xcom_args_with_operators' retrieved from /home/airflow/.local/lib/python3.12/site-packages/airflow/example_dags/example_xcomargs.py
[2025-11-09T20:45:01.254+0000] {logging_mixin.py:190} INFO - [2025-11-09T20:45:01.253+0000] {dag.py:3239} INFO - Sync 2 DAGs
[2025-11-09T20:45:01.281+0000] {logging_mixin.py:190} INFO - [2025-11-09T20:45:01.280+0000] {dag.py:4180} INFO - Setting next_dagrun for example_xcom_args to None, run_after=None
[2025-11-09T20:45:01.289+0000] {logging_mixin.py:190} INFO - [2025-11-09T20:45:01.289+0000] {dag.py:4180} INFO - Setting next_dagrun for example_xcom_args_with_operators to None, run_after=None
[2025-11-09T20:45:01.322+0000] {processor.py:208} INFO - Processing /home/airflow/.local/lib/python3.12/site-packages/airflow/example_dags/example_xcomargs.py took 0.149 seconds
[2025-11-09T20:45:31.785+0000] {processor.py:186} INFO - Started process (PID=2287) to work on /home/airflow/.local/lib/python3.12/site-packages/airflow/example_dags/example_xcomargs.py
[2025-11-09T20:45:31.787+0000] {processor.py:914} INFO - Processing file /home/airflow/.local/lib/python3.12/site-packages/airflow/example_dags/example_xcomargs.py for tasks to queue
[2025-11-09T20:45:31.792+0000] {logging_mixin.py:190} INFO - [2025-11-09T20:45:31.791+0000] {dagbag.py:588} INFO - Filling up the DagBag from /home/airflow/.local/lib/python3.12/site-packages/airflow/example_dags/example_xcomargs.py
[2025-11-09T20:45:31.809+0000] {processor.py:925} INFO - DAG(s) 'example_xcom_args_with_operators', 'example_xcom_args' retrieved from /home/airflow/.local/lib/python3.12/site-packages/airflow/example_dags/example_xcomargs.py
[2025-11-09T20:45:31.855+0000] {logging_mixin.py:190} INFO - [2025-11-09T20:45:31.855+0000] {dag.py:3239} INFO - Sync 2 DAGs
[2025-11-09T20:45:31.880+0000] {logging_mixin.py:190} INFO - [2025-11-09T20:45:31.880+0000] {dag.py:4180} INFO - Setting next_dagrun for example_xcom_args to None, run_after=None
[2025-11-09T20:45:31.886+0000] {logging_mixin.py:190} INFO - [2025-11-09T20:45:31.886+0000] {dag.py:4180} INFO - Setting next_dagrun for example_xcom_args_with_operators to None, run_after=None
[2025-11-09T20:45:31.918+0000] {processor.py:208} INFO - Processing /home/airflow/.local/lib/python3.12/site-packages/airflow/example_dags/example_xcomargs.py took 0.143 seconds
[2025-11-09T20:46:02.163+0000] {processor.py:186} INFO - Started process (PID=2351) to work on /home/airflow/.local/lib/python3.12/site-packages/airflow/example_dags/example_xcomargs.py
[2025-11-09T20:46:02.166+0000] {processor.py:914} INFO - Processing file /home/airflow/.local/lib/python3.12/site-packages/airflow/example_dags/example_xcomargs.py for tasks to queue
[2025-11-09T20:46:02.173+0000] {logging_mixin.py:190} INFO - [2025-11-09T20:46:02.172+0000] {dagbag.py:588} INFO - Filling up the DagBag from /home/airflow/.local/lib/python3.12/site-packages/airflow/example_dags/example_xcomargs.py
[2025-11-09T20:46:02.196+0000] {processor.py:925} INFO - DAG(s) 'example_xcom_args', 'example_xcom_args_with_operators' retrieved from /home/airflow/.local/lib/python3.12/site-packages/airflow/example_dags/example_xcomargs.py
[2025-11-09T20:46:02.253+0000] {logging_mixin.py:190} INFO - [2025-11-09T20:46:02.252+0000] {dag.py:3239} INFO - Sync 2 DAGs
[2025-11-09T20:46:02.288+0000] {logging_mixin.py:190} INFO - [2025-11-09T20:46:02.288+0000] {dag.py:4180} INFO - Setting next_dagrun for example_xcom_args to None, run_after=None
[2025-11-09T20:46:02.297+0000] {logging_mixin.py:190} INFO - [2025-11-09T20:46:02.297+0000] {dag.py:4180} INFO - Setting next_dagrun for example_xcom_args_with_operators to None, run_after=None
[2025-11-09T20:46:02.338+0000] {processor.py:208} INFO - Processing /home/airflow/.local/lib/python3.12/site-packages/airflow/example_dags/example_xcomargs.py took 0.186 seconds
[2025-11-09T20:46:32.974+0000] {processor.py:186} INFO - Started process (PID=2415) to work on /home/airflow/.local/lib/python3.12/site-packages/airflow/example_dags/example_xcomargs.py
[2025-11-09T20:46:32.977+0000] {processor.py:914} INFO - Processing file /home/airflow/.local/lib/python3.12/site-packages/airflow/example_dags/example_xcomargs.py for tasks to queue
[2025-11-09T20:46:32.984+0000] {logging_mixin.py:190} INFO - [2025-11-09T20:46:32.983+0000] {dagbag.py:588} INFO - Filling up the DagBag from /home/airflow/.local/lib/python3.12/site-packages/airflow/example_dags/example_xcomargs.py
[2025-11-09T20:46:33.016+0000] {processor.py:925} INFO - DAG(s) 'example_xcom_args', 'example_xcom_args_with_operators' retrieved from /home/airflow/.local/lib/python3.12/site-packages/airflow/example_dags/example_xcomargs.py
[2025-11-09T20:46:33.073+0000] {logging_mixin.py:190} INFO - [2025-11-09T20:46:33.072+0000] {dag.py:3239} INFO - Sync 2 DAGs
[2025-11-09T20:46:33.109+0000] {logging_mixin.py:190} INFO - [2025-11-09T20:46:33.109+0000] {dag.py:4180} INFO - Setting next_dagrun for example_xcom_args to None, run_after=None
[2025-11-09T20:46:33.118+0000] {logging_mixin.py:190} INFO - [2025-11-09T20:46:33.117+0000] {dag.py:4180} INFO - Setting next_dagrun for example_xcom_args_with_operators to None, run_after=None
[2025-11-09T20:46:33.160+0000] {processor.py:208} INFO - Processing /home/airflow/.local/lib/python3.12/site-packages/airflow/example_dags/example_xcomargs.py took 0.204 seconds
[2025-11-09T20:47:03.771+0000] {processor.py:186} INFO - Started process (PID=2479) to work on /home/airflow/.local/lib/python3.12/site-packages/airflow/example_dags/example_xcomargs.py
[2025-11-09T20:47:03.773+0000] {processor.py:914} INFO - Processing file /home/airflow/.local/lib/python3.12/site-packages/airflow/example_dags/example_xcomargs.py for tasks to queue
[2025-11-09T20:47:03.778+0000] {logging_mixin.py:190} INFO - [2025-11-09T20:47:03.778+0000] {dagbag.py:588} INFO - Filling up the DagBag from /home/airflow/.local/lib/python3.12/site-packages/airflow/example_dags/example_xcomargs.py
[2025-11-09T20:47:03.800+0000] {processor.py:925} INFO - DAG(s) 'example_xcom_args', 'example_xcom_args_with_operators' retrieved from /home/airflow/.local/lib/python3.12/site-packages/airflow/example_dags/example_xcomargs.py
[2025-11-09T20:47:03.860+0000] {logging_mixin.py:190} INFO - [2025-11-09T20:47:03.859+0000] {dag.py:3239} INFO - Sync 2 DAGs
[2025-11-09T20:47:03.892+0000] {logging_mixin.py:190} INFO - [2025-11-09T20:47:03.891+0000] {dag.py:4180} INFO - Setting next_dagrun for example_xcom_args to None, run_after=None
[2025-11-09T20:47:03.901+0000] {logging_mixin.py:190} INFO - [2025-11-09T20:47:03.901+0000] {dag.py:4180} INFO - Setting next_dagrun for example_xcom_args_with_operators to None, run_after=None
[2025-11-09T20:47:03.933+0000] {processor.py:208} INFO - Processing /home/airflow/.local/lib/python3.12/site-packages/airflow/example_dags/example_xcomargs.py took 0.176 seconds
[2025-11-09T20:47:34.704+0000] {processor.py:186} INFO - Started process (PID=2544) to work on /home/airflow/.local/lib/python3.12/site-packages/airflow/example_dags/example_xcomargs.py
[2025-11-09T20:47:34.706+0000] {processor.py:914} INFO - Processing file /home/airflow/.local/lib/python3.12/site-packages/airflow/example_dags/example_xcomargs.py for tasks to queue
[2025-11-09T20:47:34.712+0000] {logging_mixin.py:190} INFO - [2025-11-09T20:47:34.711+0000] {dagbag.py:588} INFO - Filling up the DagBag from /home/airflow/.local/lib/python3.12/site-packages/airflow/example_dags/example_xcomargs.py
[2025-11-09T20:47:34.740+0000] {processor.py:925} INFO - DAG(s) 'example_xcom_args', 'example_xcom_args_with_operators' retrieved from /home/airflow/.local/lib/python3.12/site-packages/airflow/example_dags/example_xcomargs.py
[2025-11-09T20:47:34.793+0000] {logging_mixin.py:190} INFO - [2025-11-09T20:47:34.793+0000] {dag.py:3239} INFO - Sync 2 DAGs
[2025-11-09T20:47:34.827+0000] {logging_mixin.py:190} INFO - [2025-11-09T20:47:34.827+0000] {dag.py:4180} INFO - Setting next_dagrun for example_xcom_args to None, run_after=None
[2025-11-09T20:47:34.835+0000] {logging_mixin.py:190} INFO - [2025-11-09T20:47:34.835+0000] {dag.py:4180} INFO - Setting next_dagrun for example_xcom_args_with_operators to None, run_after=None
[2025-11-09T20:47:34.872+0000] {processor.py:208} INFO - Processing /home/airflow/.local/lib/python3.12/site-packages/airflow/example_dags/example_xcomargs.py took 0.185 seconds
[2025-11-09T20:48:05.336+0000] {processor.py:186} INFO - Started process (PID=2608) to work on /home/airflow/.local/lib/python3.12/site-packages/airflow/example_dags/example_xcomargs.py
[2025-11-09T20:48:05.339+0000] {processor.py:914} INFO - Processing file /home/airflow/.local/lib/python3.12/site-packages/airflow/example_dags/example_xcomargs.py for tasks to queue
[2025-11-09T20:48:05.348+0000] {logging_mixin.py:190} INFO - [2025-11-09T20:48:05.347+0000] {dagbag.py:588} INFO - Filling up the DagBag from /home/airflow/.local/lib/python3.12/site-packages/airflow/example_dags/example_xcomargs.py
[2025-11-09T20:48:05.392+0000] {processor.py:925} INFO - DAG(s) 'example_xcom_args_with_operators', 'example_xcom_args' retrieved from /home/airflow/.local/lib/python3.12/site-packages/airflow/example_dags/example_xcomargs.py
[2025-11-09T20:48:05.516+0000] {logging_mixin.py:190} INFO - [2025-11-09T20:48:05.516+0000] {dag.py:3239} INFO - Sync 2 DAGs
[2025-11-09T20:48:05.603+0000] {logging_mixin.py:190} INFO - [2025-11-09T20:48:05.603+0000] {dag.py:4180} INFO - Setting next_dagrun for example_xcom_args to None, run_after=None
[2025-11-09T20:48:05.621+0000] {logging_mixin.py:190} INFO - [2025-11-09T20:48:05.621+0000] {dag.py:4180} INFO - Setting next_dagrun for example_xcom_args_with_operators to None, run_after=None
[2025-11-09T20:48:05.684+0000] {processor.py:208} INFO - Processing /home/airflow/.local/lib/python3.12/site-packages/airflow/example_dags/example_xcomargs.py took 0.370 seconds
[2025-11-09T20:48:36.455+0000] {processor.py:186} INFO - Started process (PID=2673) to work on /home/airflow/.local/lib/python3.12/site-packages/airflow/example_dags/example_xcomargs.py
[2025-11-09T20:48:36.458+0000] {processor.py:914} INFO - Processing file /home/airflow/.local/lib/python3.12/site-packages/airflow/example_dags/example_xcomargs.py for tasks to queue
[2025-11-09T20:48:36.464+0000] {logging_mixin.py:190} INFO - [2025-11-09T20:48:36.463+0000] {dagbag.py:588} INFO - Filling up the DagBag from /home/airflow/.local/lib/python3.12/site-packages/airflow/example_dags/example_xcomargs.py
[2025-11-09T20:48:36.495+0000] {processor.py:925} INFO - DAG(s) 'example_xcom_args_with_operators', 'example_xcom_args' retrieved from /home/airflow/.local/lib/python3.12/site-packages/airflow/example_dags/example_xcomargs.py
[2025-11-09T20:48:36.567+0000] {logging_mixin.py:190} INFO - [2025-11-09T20:48:36.566+0000] {dag.py:3239} INFO - Sync 2 DAGs
[2025-11-09T20:48:36.604+0000] {logging_mixin.py:190} INFO - [2025-11-09T20:48:36.603+0000] {dag.py:4180} INFO - Setting next_dagrun for example_xcom_args to None, run_after=None
[2025-11-09T20:48:36.615+0000] {logging_mixin.py:190} INFO - [2025-11-09T20:48:36.615+0000] {dag.py:4180} INFO - Setting next_dagrun for example_xcom_args_with_operators to None, run_after=None
[2025-11-09T20:48:36.662+0000] {processor.py:208} INFO - Processing /home/airflow/.local/lib/python3.12/site-packages/airflow/example_dags/example_xcomargs.py took 0.222 seconds
[2025-11-09T20:49:07.331+0000] {processor.py:186} INFO - Started process (PID=2737) to work on /home/airflow/.local/lib/python3.12/site-packages/airflow/example_dags/example_xcomargs.py
[2025-11-09T20:49:07.333+0000] {processor.py:914} INFO - Processing file /home/airflow/.local/lib/python3.12/site-packages/airflow/example_dags/example_xcomargs.py for tasks to queue
[2025-11-09T20:49:07.340+0000] {logging_mixin.py:190} INFO - [2025-11-09T20:49:07.339+0000] {dagbag.py:588} INFO - Filling up the DagBag from /home/airflow/.local/lib/python3.12/site-packages/airflow/example_dags/example_xcomargs.py
[2025-11-09T20:49:07.360+0000] {processor.py:925} INFO - DAG(s) 'example_xcom_args', 'example_xcom_args_with_operators' retrieved from /home/airflow/.local/lib/python3.12/site-packages/airflow/example_dags/example_xcomargs.py
[2025-11-09T20:49:07.399+0000] {logging_mixin.py:190} INFO - [2025-11-09T20:49:07.398+0000] {dag.py:3239} INFO - Sync 2 DAGs
[2025-11-09T20:49:07.425+0000] {logging_mixin.py:190} INFO - [2025-11-09T20:49:07.424+0000] {dag.py:4180} INFO - Setting next_dagrun for example_xcom_args to None, run_after=None
[2025-11-09T20:49:07.431+0000] {logging_mixin.py:190} INFO - [2025-11-09T20:49:07.431+0000] {dag.py:4180} INFO - Setting next_dagrun for example_xcom_args_with_operators to None, run_after=None
[2025-11-09T20:49:07.457+0000] {processor.py:208} INFO - Processing /home/airflow/.local/lib/python3.12/site-packages/airflow/example_dags/example_xcomargs.py took 0.137 seconds
[2025-11-09T20:49:38.684+0000] {processor.py:186} INFO - Started process (PID=2801) to work on /home/airflow/.local/lib/python3.12/site-packages/airflow/example_dags/example_xcomargs.py
[2025-11-09T20:49:38.687+0000] {processor.py:914} INFO - Processing file /home/airflow/.local/lib/python3.12/site-packages/airflow/example_dags/example_xcomargs.py for tasks to queue
[2025-11-09T20:49:38.694+0000] {logging_mixin.py:190} INFO - [2025-11-09T20:49:38.693+0000] {dagbag.py:588} INFO - Filling up the DagBag from /home/airflow/.local/lib/python3.12/site-packages/airflow/example_dags/example_xcomargs.py
[2025-11-09T20:49:38.727+0000] {processor.py:925} INFO - DAG(s) 'example_xcom_args_with_operators', 'example_xcom_args' retrieved from /home/airflow/.local/lib/python3.12/site-packages/airflow/example_dags/example_xcomargs.py
[2025-11-09T20:49:38.775+0000] {logging_mixin.py:190} INFO - [2025-11-09T20:49:38.774+0000] {dag.py:3239} INFO - Sync 2 DAGs
[2025-11-09T20:49:38.803+0000] {logging_mixin.py:190} INFO - [2025-11-09T20:49:38.803+0000] {dag.py:4180} INFO - Setting next_dagrun for example_xcom_args to None, run_after=None
[2025-11-09T20:49:38.811+0000] {logging_mixin.py:190} INFO - [2025-11-09T20:49:38.811+0000] {dag.py:4180} INFO - Setting next_dagrun for example_xcom_args_with_operators to None, run_after=None
[2025-11-09T20:49:38.841+0000] {processor.py:208} INFO - Processing /home/airflow/.local/lib/python3.12/site-packages/airflow/example_dags/example_xcomargs.py took 0.173 seconds
[2025-11-09T20:50:10.160+0000] {processor.py:186} INFO - Started process (PID=2865) to work on /home/airflow/.local/lib/python3.12/site-packages/airflow/example_dags/example_xcomargs.py
[2025-11-09T20:50:10.162+0000] {processor.py:914} INFO - Processing file /home/airflow/.local/lib/python3.12/site-packages/airflow/example_dags/example_xcomargs.py for tasks to queue
[2025-11-09T20:50:10.167+0000] {logging_mixin.py:190} INFO - [2025-11-09T20:50:10.166+0000] {dagbag.py:588} INFO - Filling up the DagBag from /home/airflow/.local/lib/python3.12/site-packages/airflow/example_dags/example_xcomargs.py
[2025-11-09T20:50:10.188+0000] {processor.py:925} INFO - DAG(s) 'example_xcom_args', 'example_xcom_args_with_operators' retrieved from /home/airflow/.local/lib/python3.12/site-packages/airflow/example_dags/example_xcomargs.py
[2025-11-09T20:50:10.234+0000] {logging_mixin.py:190} INFO - [2025-11-09T20:50:10.234+0000] {dag.py:3239} INFO - Sync 2 DAGs
[2025-11-09T20:50:10.262+0000] {logging_mixin.py:190} INFO - [2025-11-09T20:50:10.261+0000] {dag.py:4180} INFO - Setting next_dagrun for example_xcom_args to None, run_after=None
[2025-11-09T20:50:10.269+0000] {logging_mixin.py:190} INFO - [2025-11-09T20:50:10.269+0000] {dag.py:4180} INFO - Setting next_dagrun for example_xcom_args_with_operators to None, run_after=None
[2025-11-09T20:50:10.302+0000] {processor.py:208} INFO - Processing /home/airflow/.local/lib/python3.12/site-packages/airflow/example_dags/example_xcomargs.py took 0.153 seconds
[2025-11-09T20:50:42.699+0000] {processor.py:186} INFO - Started process (PID=2928) to work on /home/airflow/.local/lib/python3.12/site-packages/airflow/example_dags/example_xcomargs.py
[2025-11-09T20:50:42.703+0000] {processor.py:914} INFO - Processing file /home/airflow/.local/lib/python3.12/site-packages/airflow/example_dags/example_xcomargs.py for tasks to queue
[2025-11-09T20:50:42.714+0000] {logging_mixin.py:190} INFO - [2025-11-09T20:50:42.713+0000] {dagbag.py:588} INFO - Filling up the DagBag from /home/airflow/.local/lib/python3.12/site-packages/airflow/example_dags/example_xcomargs.py
[2025-11-09T20:50:42.761+0000] {processor.py:925} INFO - DAG(s) 'example_xcom_args_with_operators', 'example_xcom_args' retrieved from /home/airflow/.local/lib/python3.12/site-packages/airflow/example_dags/example_xcomargs.py
[2025-11-09T20:50:42.871+0000] {logging_mixin.py:190} INFO - [2025-11-09T20:50:42.871+0000] {dag.py:3239} INFO - Sync 2 DAGs
[2025-11-09T20:50:42.943+0000] {logging_mixin.py:190} INFO - [2025-11-09T20:50:42.942+0000] {dag.py:4180} INFO - Setting next_dagrun for example_xcom_args to None, run_after=None
[2025-11-09T20:50:42.959+0000] {logging_mixin.py:190} INFO - [2025-11-09T20:50:42.958+0000] {dag.py:4180} INFO - Setting next_dagrun for example_xcom_args_with_operators to None, run_after=None
[2025-11-09T20:50:43.020+0000] {processor.py:208} INFO - Processing /home/airflow/.local/lib/python3.12/site-packages/airflow/example_dags/example_xcomargs.py took 0.352 seconds
[2025-11-09T20:51:14.037+0000] {processor.py:186} INFO - Started process (PID=2993) to work on /home/airflow/.local/lib/python3.12/site-packages/airflow/example_dags/example_xcomargs.py
[2025-11-09T20:51:14.040+0000] {processor.py:914} INFO - Processing file /home/airflow/.local/lib/python3.12/site-packages/airflow/example_dags/example_xcomargs.py for tasks to queue
[2025-11-09T20:51:14.046+0000] {logging_mixin.py:190} INFO - [2025-11-09T20:51:14.046+0000] {dagbag.py:588} INFO - Filling up the DagBag from /home/airflow/.local/lib/python3.12/site-packages/airflow/example_dags/example_xcomargs.py
[2025-11-09T20:51:14.070+0000] {processor.py:925} INFO - DAG(s) 'example_xcom_args', 'example_xcom_args_with_operators' retrieved from /home/airflow/.local/lib/python3.12/site-packages/airflow/example_dags/example_xcomargs.py
[2025-11-09T20:51:14.131+0000] {logging_mixin.py:190} INFO - [2025-11-09T20:51:14.131+0000] {dag.py:3239} INFO - Sync 2 DAGs
[2025-11-09T20:51:14.185+0000] {logging_mixin.py:190} INFO - [2025-11-09T20:51:14.185+0000] {dag.py:4180} INFO - Setting next_dagrun for example_xcom_args to None, run_after=None
[2025-11-09T20:51:14.194+0000] {logging_mixin.py:190} INFO - [2025-11-09T20:51:14.193+0000] {dag.py:4180} INFO - Setting next_dagrun for example_xcom_args_with_operators to None, run_after=None
[2025-11-09T20:51:14.242+0000] {processor.py:208} INFO - Processing /home/airflow/.local/lib/python3.12/site-packages/airflow/example_dags/example_xcomargs.py took 0.219 seconds
[2025-11-09T20:51:44.414+0000] {processor.py:186} INFO - Started process (PID=3056) to work on /home/airflow/.local/lib/python3.12/site-packages/airflow/example_dags/example_xcomargs.py
[2025-11-09T20:51:44.416+0000] {processor.py:914} INFO - Processing file /home/airflow/.local/lib/python3.12/site-packages/airflow/example_dags/example_xcomargs.py for tasks to queue
[2025-11-09T20:51:44.421+0000] {logging_mixin.py:190} INFO - [2025-11-09T20:51:44.420+0000] {dagbag.py:588} INFO - Filling up the DagBag from /home/airflow/.local/lib/python3.12/site-packages/airflow/example_dags/example_xcomargs.py
[2025-11-09T20:51:44.438+0000] {processor.py:925} INFO - DAG(s) 'example_xcom_args_with_operators', 'example_xcom_args' retrieved from /home/airflow/.local/lib/python3.12/site-packages/airflow/example_dags/example_xcomargs.py
[2025-11-09T20:51:44.473+0000] {logging_mixin.py:190} INFO - [2025-11-09T20:51:44.473+0000] {dag.py:3239} INFO - Sync 2 DAGs
[2025-11-09T20:51:44.496+0000] {logging_mixin.py:190} INFO - [2025-11-09T20:51:44.496+0000] {dag.py:4180} INFO - Setting next_dagrun for example_xcom_args to None, run_after=None
[2025-11-09T20:51:44.503+0000] {logging_mixin.py:190} INFO - [2025-11-09T20:51:44.503+0000] {dag.py:4180} INFO - Setting next_dagrun for example_xcom_args_with_operators to None, run_after=None
[2025-11-09T20:51:44.535+0000] {processor.py:208} INFO - Processing /home/airflow/.local/lib/python3.12/site-packages/airflow/example_dags/example_xcomargs.py took 0.135 seconds
[2025-11-09T20:52:14.656+0000] {processor.py:186} INFO - Started process (PID=3126) to work on /home/airflow/.local/lib/python3.12/site-packages/airflow/example_dags/example_xcomargs.py
[2025-11-09T20:52:14.660+0000] {processor.py:914} INFO - Processing file /home/airflow/.local/lib/python3.12/site-packages/airflow/example_dags/example_xcomargs.py for tasks to queue
[2025-11-09T20:52:14.664+0000] {logging_mixin.py:190} INFO - [2025-11-09T20:52:14.663+0000] {dagbag.py:588} INFO - Filling up the DagBag from /home/airflow/.local/lib/python3.12/site-packages/airflow/example_dags/example_xcomargs.py
[2025-11-09T20:52:14.680+0000] {processor.py:925} INFO - DAG(s) 'example_xcom_args', 'example_xcom_args_with_operators' retrieved from /home/airflow/.local/lib/python3.12/site-packages/airflow/example_dags/example_xcomargs.py
[2025-11-09T20:52:14.726+0000] {logging_mixin.py:190} INFO - [2025-11-09T20:52:14.726+0000] {dag.py:3239} INFO - Sync 2 DAGs
[2025-11-09T20:52:14.750+0000] {logging_mixin.py:190} INFO - [2025-11-09T20:52:14.750+0000] {dag.py:4180} INFO - Setting next_dagrun for example_xcom_args to None, run_after=None
[2025-11-09T20:52:14.757+0000] {logging_mixin.py:190} INFO - [2025-11-09T20:52:14.757+0000] {dag.py:4180} INFO - Setting next_dagrun for example_xcom_args_with_operators to None, run_after=None
[2025-11-09T20:52:14.784+0000] {processor.py:208} INFO - Processing /home/airflow/.local/lib/python3.12/site-packages/airflow/example_dags/example_xcomargs.py took 0.138 seconds
[2025-11-09T20:52:45.034+0000] {processor.py:186} INFO - Started process (PID=3190) to work on /home/airflow/.local/lib/python3.12/site-packages/airflow/example_dags/example_xcomargs.py
[2025-11-09T20:52:45.036+0000] {processor.py:914} INFO - Processing file /home/airflow/.local/lib/python3.12/site-packages/airflow/example_dags/example_xcomargs.py for tasks to queue
[2025-11-09T20:52:45.043+0000] {logging_mixin.py:190} INFO - [2025-11-09T20:52:45.042+0000] {dagbag.py:588} INFO - Filling up the DagBag from /home/airflow/.local/lib/python3.12/site-packages/airflow/example_dags/example_xcomargs.py
[2025-11-09T20:52:45.069+0000] {processor.py:925} INFO - DAG(s) 'example_xcom_args', 'example_xcom_args_with_operators' retrieved from /home/airflow/.local/lib/python3.12/site-packages/airflow/example_dags/example_xcomargs.py
[2025-11-09T20:52:45.124+0000] {logging_mixin.py:190} INFO - [2025-11-09T20:52:45.124+0000] {dag.py:3239} INFO - Sync 2 DAGs
[2025-11-09T20:52:45.156+0000] {logging_mixin.py:190} INFO - [2025-11-09T20:52:45.156+0000] {dag.py:4180} INFO - Setting next_dagrun for example_xcom_args to None, run_after=None
[2025-11-09T20:52:45.163+0000] {logging_mixin.py:190} INFO - [2025-11-09T20:52:45.163+0000] {dag.py:4180} INFO - Setting next_dagrun for example_xcom_args_with_operators to None, run_after=None
[2025-11-09T20:52:45.201+0000] {processor.py:208} INFO - Processing /home/airflow/.local/lib/python3.12/site-packages/airflow/example_dags/example_xcomargs.py took 0.182 seconds
[2025-11-09T20:53:15.725+0000] {processor.py:186} INFO - Started process (PID=3254) to work on /home/airflow/.local/lib/python3.12/site-packages/airflow/example_dags/example_xcomargs.py
[2025-11-09T20:53:15.727+0000] {processor.py:914} INFO - Processing file /home/airflow/.local/lib/python3.12/site-packages/airflow/example_dags/example_xcomargs.py for tasks to queue
[2025-11-09T20:53:15.732+0000] {logging_mixin.py:190} INFO - [2025-11-09T20:53:15.731+0000] {dagbag.py:588} INFO - Filling up the DagBag from /home/airflow/.local/lib/python3.12/site-packages/airflow/example_dags/example_xcomargs.py
[2025-11-09T20:53:15.753+0000] {processor.py:925} INFO - DAG(s) 'example_xcom_args', 'example_xcom_args_with_operators' retrieved from /home/airflow/.local/lib/python3.12/site-packages/airflow/example_dags/example_xcomargs.py
[2025-11-09T20:53:15.801+0000] {logging_mixin.py:190} INFO - [2025-11-09T20:53:15.801+0000] {dag.py:3239} INFO - Sync 2 DAGs
[2025-11-09T20:53:15.832+0000] {logging_mixin.py:190} INFO - [2025-11-09T20:53:15.831+0000] {dag.py:4180} INFO - Setting next_dagrun for example_xcom_args to None, run_after=None
[2025-11-09T20:53:15.841+0000] {logging_mixin.py:190} INFO - [2025-11-09T20:53:15.840+0000] {dag.py:4180} INFO - Setting next_dagrun for example_xcom_args_with_operators to None, run_after=None
[2025-11-09T20:53:15.876+0000] {processor.py:208} INFO - Processing /home/airflow/.local/lib/python3.12/site-packages/airflow/example_dags/example_xcomargs.py took 0.164 seconds
[2025-11-09T20:53:46.224+0000] {processor.py:186} INFO - Started process (PID=3318) to work on /home/airflow/.local/lib/python3.12/site-packages/airflow/example_dags/example_xcomargs.py
[2025-11-09T20:53:46.227+0000] {processor.py:914} INFO - Processing file /home/airflow/.local/lib/python3.12/site-packages/airflow/example_dags/example_xcomargs.py for tasks to queue
[2025-11-09T20:53:46.235+0000] {logging_mixin.py:190} INFO - [2025-11-09T20:53:46.234+0000] {dagbag.py:588} INFO - Filling up the DagBag from /home/airflow/.local/lib/python3.12/site-packages/airflow/example_dags/example_xcomargs.py
[2025-11-09T20:53:46.260+0000] {processor.py:925} INFO - DAG(s) 'example_xcom_args', 'example_xcom_args_with_operators' retrieved from /home/airflow/.local/lib/python3.12/site-packages/airflow/example_dags/example_xcomargs.py
[2025-11-09T20:53:46.327+0000] {logging_mixin.py:190} INFO - [2025-11-09T20:53:46.327+0000] {dag.py:3239} INFO - Sync 2 DAGs
[2025-11-09T20:53:46.365+0000] {logging_mixin.py:190} INFO - [2025-11-09T20:53:46.365+0000] {dag.py:4180} INFO - Setting next_dagrun for example_xcom_args to None, run_after=None
[2025-11-09T20:53:46.374+0000] {logging_mixin.py:190} INFO - [2025-11-09T20:53:46.373+0000] {dag.py:4180} INFO - Setting next_dagrun for example_xcom_args_with_operators to None, run_after=None
[2025-11-09T20:53:46.418+0000] {processor.py:208} INFO - Processing /home/airflow/.local/lib/python3.12/site-packages/airflow/example_dags/example_xcomargs.py took 0.212 seconds
[2025-11-09T20:54:16.620+0000] {processor.py:186} INFO - Started process (PID=3382) to work on /home/airflow/.local/lib/python3.12/site-packages/airflow/example_dags/example_xcomargs.py
[2025-11-09T20:54:16.622+0000] {processor.py:914} INFO - Processing file /home/airflow/.local/lib/python3.12/site-packages/airflow/example_dags/example_xcomargs.py for tasks to queue
[2025-11-09T20:54:16.628+0000] {logging_mixin.py:190} INFO - [2025-11-09T20:54:16.627+0000] {dagbag.py:588} INFO - Filling up the DagBag from /home/airflow/.local/lib/python3.12/site-packages/airflow/example_dags/example_xcomargs.py
[2025-11-09T20:54:16.649+0000] {processor.py:925} INFO - DAG(s) 'example_xcom_args', 'example_xcom_args_with_operators' retrieved from /home/airflow/.local/lib/python3.12/site-packages/airflow/example_dags/example_xcomargs.py
[2025-11-09T20:54:16.699+0000] {logging_mixin.py:190} INFO - [2025-11-09T20:54:16.699+0000] {dag.py:3239} INFO - Sync 2 DAGs
[2025-11-09T20:54:16.732+0000] {logging_mixin.py:190} INFO - [2025-11-09T20:54:16.732+0000] {dag.py:4180} INFO - Setting next_dagrun for example_xcom_args to None, run_after=None
[2025-11-09T20:54:16.739+0000] {logging_mixin.py:190} INFO - [2025-11-09T20:54:16.739+0000] {dag.py:4180} INFO - Setting next_dagrun for example_xcom_args_with_operators to None, run_after=None
[2025-11-09T20:54:16.770+0000] {processor.py:208} INFO - Processing /home/airflow/.local/lib/python3.12/site-packages/airflow/example_dags/example_xcomargs.py took 0.165 seconds
[2025-11-09T20:54:47.368+0000] {processor.py:186} INFO - Started process (PID=3447) to work on /home/airflow/.local/lib/python3.12/site-packages/airflow/example_dags/example_xcomargs.py
[2025-11-09T20:54:47.371+0000] {processor.py:914} INFO - Processing file /home/airflow/.local/lib/python3.12/site-packages/airflow/example_dags/example_xcomargs.py for tasks to queue
[2025-11-09T20:54:47.378+0000] {logging_mixin.py:190} INFO - [2025-11-09T20:54:47.377+0000] {dagbag.py:588} INFO - Filling up the DagBag from /home/airflow/.local/lib/python3.12/site-packages/airflow/example_dags/example_xcomargs.py
[2025-11-09T20:54:47.407+0000] {processor.py:925} INFO - DAG(s) 'example_xcom_args_with_operators', 'example_xcom_args' retrieved from /home/airflow/.local/lib/python3.12/site-packages/airflow/example_dags/example_xcomargs.py
[2025-11-09T20:54:47.461+0000] {logging_mixin.py:190} INFO - [2025-11-09T20:54:47.461+0000] {dag.py:3239} INFO - Sync 2 DAGs
[2025-11-09T20:54:47.502+0000] {logging_mixin.py:190} INFO - [2025-11-09T20:54:47.501+0000] {dag.py:4180} INFO - Setting next_dagrun for example_xcom_args to None, run_after=None
[2025-11-09T20:54:47.509+0000] {logging_mixin.py:190} INFO - [2025-11-09T20:54:47.509+0000] {dag.py:4180} INFO - Setting next_dagrun for example_xcom_args_with_operators to None, run_after=None
[2025-11-09T20:54:47.545+0000] {processor.py:208} INFO - Processing /home/airflow/.local/lib/python3.12/site-packages/airflow/example_dags/example_xcomargs.py took 0.195 seconds
[2025-11-09T20:55:17.775+0000] {processor.py:186} INFO - Started process (PID=3511) to work on /home/airflow/.local/lib/python3.12/site-packages/airflow/example_dags/example_xcomargs.py
[2025-11-09T20:55:17.777+0000] {processor.py:914} INFO - Processing file /home/airflow/.local/lib/python3.12/site-packages/airflow/example_dags/example_xcomargs.py for tasks to queue
[2025-11-09T20:55:17.782+0000] {logging_mixin.py:190} INFO - [2025-11-09T20:55:17.781+0000] {dagbag.py:588} INFO - Filling up the DagBag from /home/airflow/.local/lib/python3.12/site-packages/airflow/example_dags/example_xcomargs.py
[2025-11-09T20:55:17.798+0000] {processor.py:925} INFO - DAG(s) 'example_xcom_args', 'example_xcom_args_with_operators' retrieved from /home/airflow/.local/lib/python3.12/site-packages/airflow/example_dags/example_xcomargs.py
[2025-11-09T20:55:17.846+0000] {logging_mixin.py:190} INFO - [2025-11-09T20:55:17.845+0000] {dag.py:3239} INFO - Sync 2 DAGs
[2025-11-09T20:55:17.872+0000] {logging_mixin.py:190} INFO - [2025-11-09T20:55:17.872+0000] {dag.py:4180} INFO - Setting next_dagrun for example_xcom_args to None, run_after=None
[2025-11-09T20:55:17.880+0000] {logging_mixin.py:190} INFO - [2025-11-09T20:55:17.879+0000] {dag.py:4180} INFO - Setting next_dagrun for example_xcom_args_with_operators to None, run_after=None
[2025-11-09T20:55:17.913+0000] {processor.py:208} INFO - Processing /home/airflow/.local/lib/python3.12/site-packages/airflow/example_dags/example_xcomargs.py took 0.148 seconds
[2025-11-09T20:55:48.208+0000] {processor.py:186} INFO - Started process (PID=3579) to work on /home/airflow/.local/lib/python3.12/site-packages/airflow/example_dags/example_xcomargs.py
[2025-11-09T20:55:48.212+0000] {processor.py:914} INFO - Processing file /home/airflow/.local/lib/python3.12/site-packages/airflow/example_dags/example_xcomargs.py for tasks to queue
[2025-11-09T20:55:48.223+0000] {logging_mixin.py:190} INFO - [2025-11-09T20:55:48.221+0000] {dagbag.py:588} INFO - Filling up the DagBag from /home/airflow/.local/lib/python3.12/site-packages/airflow/example_dags/example_xcomargs.py
[2025-11-09T20:55:48.272+0000] {processor.py:925} INFO - DAG(s) 'example_xcom_args', 'example_xcom_args_with_operators' retrieved from /home/airflow/.local/lib/python3.12/site-packages/airflow/example_dags/example_xcomargs.py
[2025-11-09T20:55:48.375+0000] {logging_mixin.py:190} INFO - [2025-11-09T20:55:48.374+0000] {dag.py:3239} INFO - Sync 2 DAGs
[2025-11-09T20:55:48.443+0000] {logging_mixin.py:190} INFO - [2025-11-09T20:55:48.443+0000] {dag.py:4180} INFO - Setting next_dagrun for example_xcom_args to None, run_after=None
[2025-11-09T20:55:48.459+0000] {logging_mixin.py:190} INFO - [2025-11-09T20:55:48.458+0000] {dag.py:4180} INFO - Setting next_dagrun for example_xcom_args_with_operators to None, run_after=None
[2025-11-09T20:55:48.515+0000] {processor.py:208} INFO - Processing /home/airflow/.local/lib/python3.12/site-packages/airflow/example_dags/example_xcomargs.py took 0.337 seconds
[2025-11-09T20:56:19.203+0000] {processor.py:186} INFO - Started process (PID=3643) to work on /home/airflow/.local/lib/python3.12/site-packages/airflow/example_dags/example_xcomargs.py
[2025-11-09T20:56:19.205+0000] {processor.py:914} INFO - Processing file /home/airflow/.local/lib/python3.12/site-packages/airflow/example_dags/example_xcomargs.py for tasks to queue
[2025-11-09T20:56:19.214+0000] {logging_mixin.py:190} INFO - [2025-11-09T20:56:19.212+0000] {dagbag.py:588} INFO - Filling up the DagBag from /home/airflow/.local/lib/python3.12/site-packages/airflow/example_dags/example_xcomargs.py
[2025-11-09T20:56:19.247+0000] {processor.py:925} INFO - DAG(s) 'example_xcom_args', 'example_xcom_args_with_operators' retrieved from /home/airflow/.local/lib/python3.12/site-packages/airflow/example_dags/example_xcomargs.py
[2025-11-09T20:56:19.322+0000] {logging_mixin.py:190} INFO - [2025-11-09T20:56:19.321+0000] {dag.py:3239} INFO - Sync 2 DAGs
[2025-11-09T20:56:19.367+0000] {logging_mixin.py:190} INFO - [2025-11-09T20:56:19.367+0000] {dag.py:4180} INFO - Setting next_dagrun for example_xcom_args to None, run_after=None
[2025-11-09T20:56:19.377+0000] {logging_mixin.py:190} INFO - [2025-11-09T20:56:19.377+0000] {dag.py:4180} INFO - Setting next_dagrun for example_xcom_args_with_operators to None, run_after=None
[2025-11-09T20:56:19.412+0000] {processor.py:208} INFO - Processing /home/airflow/.local/lib/python3.12/site-packages/airflow/example_dags/example_xcomargs.py took 0.227 seconds
[2025-11-09T20:56:49.555+0000] {processor.py:186} INFO - Started process (PID=3707) to work on /home/airflow/.local/lib/python3.12/site-packages/airflow/example_dags/example_xcomargs.py
[2025-11-09T20:56:49.557+0000] {processor.py:914} INFO - Processing file /home/airflow/.local/lib/python3.12/site-packages/airflow/example_dags/example_xcomargs.py for tasks to queue
[2025-11-09T20:56:49.562+0000] {logging_mixin.py:190} INFO - [2025-11-09T20:56:49.561+0000] {dagbag.py:588} INFO - Filling up the DagBag from /home/airflow/.local/lib/python3.12/site-packages/airflow/example_dags/example_xcomargs.py
[2025-11-09T20:56:49.577+0000] {processor.py:925} INFO - DAG(s) 'example_xcom_args_with_operators', 'example_xcom_args' retrieved from /home/airflow/.local/lib/python3.12/site-packages/airflow/example_dags/example_xcomargs.py
[2025-11-09T20:56:49.618+0000] {logging_mixin.py:190} INFO - [2025-11-09T20:56:49.617+0000] {dag.py:3239} INFO - Sync 2 DAGs
[2025-11-09T20:56:49.641+0000] {logging_mixin.py:190} INFO - [2025-11-09T20:56:49.641+0000] {dag.py:4180} INFO - Setting next_dagrun for example_xcom_args to None, run_after=None
[2025-11-09T20:56:49.647+0000] {logging_mixin.py:190} INFO - [2025-11-09T20:56:49.647+0000] {dag.py:4180} INFO - Setting next_dagrun for example_xcom_args_with_operators to None, run_after=None
[2025-11-09T20:56:49.674+0000] {processor.py:208} INFO - Processing /home/airflow/.local/lib/python3.12/site-packages/airflow/example_dags/example_xcomargs.py took 0.130 seconds
[2025-11-09T20:57:20.122+0000] {processor.py:186} INFO - Started process (PID=3771) to work on /home/airflow/.local/lib/python3.12/site-packages/airflow/example_dags/example_xcomargs.py
[2025-11-09T20:57:20.124+0000] {processor.py:914} INFO - Processing file /home/airflow/.local/lib/python3.12/site-packages/airflow/example_dags/example_xcomargs.py for tasks to queue
[2025-11-09T20:57:20.130+0000] {logging_mixin.py:190} INFO - [2025-11-09T20:57:20.129+0000] {dagbag.py:588} INFO - Filling up the DagBag from /home/airflow/.local/lib/python3.12/site-packages/airflow/example_dags/example_xcomargs.py
[2025-11-09T20:57:20.149+0000] {processor.py:925} INFO - DAG(s) 'example_xcom_args', 'example_xcom_args_with_operators' retrieved from /home/airflow/.local/lib/python3.12/site-packages/airflow/example_dags/example_xcomargs.py
[2025-11-09T20:57:20.196+0000] {logging_mixin.py:190} INFO - [2025-11-09T20:57:20.196+0000] {dag.py:3239} INFO - Sync 2 DAGs
[2025-11-09T20:57:20.230+0000] {logging_mixin.py:190} INFO - [2025-11-09T20:57:20.230+0000] {dag.py:4180} INFO - Setting next_dagrun for example_xcom_args to None, run_after=None
[2025-11-09T20:57:20.237+0000] {logging_mixin.py:190} INFO - [2025-11-09T20:57:20.237+0000] {dag.py:4180} INFO - Setting next_dagrun for example_xcom_args_with_operators to None, run_after=None
[2025-11-09T20:57:20.271+0000] {processor.py:208} INFO - Processing /home/airflow/.local/lib/python3.12/site-packages/airflow/example_dags/example_xcomargs.py took 0.158 seconds
[2025-11-09T20:57:50.405+0000] {processor.py:186} INFO - Started process (PID=3834) to work on /home/airflow/.local/lib/python3.12/site-packages/airflow/example_dags/example_xcomargs.py
[2025-11-09T20:57:50.407+0000] {processor.py:914} INFO - Processing file /home/airflow/.local/lib/python3.12/site-packages/airflow/example_dags/example_xcomargs.py for tasks to queue
[2025-11-09T20:57:50.413+0000] {logging_mixin.py:190} INFO - [2025-11-09T20:57:50.412+0000] {dagbag.py:588} INFO - Filling up the DagBag from /home/airflow/.local/lib/python3.12/site-packages/airflow/example_dags/example_xcomargs.py
[2025-11-09T20:57:50.435+0000] {processor.py:925} INFO - DAG(s) 'example_xcom_args', 'example_xcom_args_with_operators' retrieved from /home/airflow/.local/lib/python3.12/site-packages/airflow/example_dags/example_xcomargs.py
[2025-11-09T20:57:50.511+0000] {logging_mixin.py:190} INFO - [2025-11-09T20:57:50.510+0000] {dag.py:3239} INFO - Sync 2 DAGs
[2025-11-09T20:57:50.556+0000] {logging_mixin.py:190} INFO - [2025-11-09T20:57:50.555+0000] {dag.py:4180} INFO - Setting next_dagrun for example_xcom_args to None, run_after=None
[2025-11-09T20:57:50.565+0000] {logging_mixin.py:190} INFO - [2025-11-09T20:57:50.565+0000] {dag.py:4180} INFO - Setting next_dagrun for example_xcom_args_with_operators to None, run_after=None
[2025-11-09T20:57:50.606+0000] {processor.py:208} INFO - Processing /home/airflow/.local/lib/python3.12/site-packages/airflow/example_dags/example_xcomargs.py took 0.213 seconds
[2025-11-09T20:58:20.709+0000] {processor.py:186} INFO - Started process (PID=3899) to work on /home/airflow/.local/lib/python3.12/site-packages/airflow/example_dags/example_xcomargs.py
[2025-11-09T20:58:20.711+0000] {processor.py:914} INFO - Processing file /home/airflow/.local/lib/python3.12/site-packages/airflow/example_dags/example_xcomargs.py for tasks to queue
[2025-11-09T20:58:20.716+0000] {logging_mixin.py:190} INFO - [2025-11-09T20:58:20.715+0000] {dagbag.py:588} INFO - Filling up the DagBag from /home/airflow/.local/lib/python3.12/site-packages/airflow/example_dags/example_xcomargs.py
[2025-11-09T20:58:20.734+0000] {processor.py:925} INFO - DAG(s) 'example_xcom_args', 'example_xcom_args_with_operators' retrieved from /home/airflow/.local/lib/python3.12/site-packages/airflow/example_dags/example_xcomargs.py
[2025-11-09T20:58:20.784+0000] {logging_mixin.py:190} INFO - [2025-11-09T20:58:20.784+0000] {dag.py:3239} INFO - Sync 2 DAGs
[2025-11-09T20:58:20.816+0000] {logging_mixin.py:190} INFO - [2025-11-09T20:58:20.816+0000] {dag.py:4180} INFO - Setting next_dagrun for example_xcom_args to None, run_after=None
[2025-11-09T20:58:20.824+0000] {logging_mixin.py:190} INFO - [2025-11-09T20:58:20.824+0000] {dag.py:4180} INFO - Setting next_dagrun for example_xcom_args_with_operators to None, run_after=None
[2025-11-09T20:58:20.852+0000] {processor.py:208} INFO - Processing /home/airflow/.local/lib/python3.12/site-packages/airflow/example_dags/example_xcomargs.py took 0.154 seconds
[2025-11-09T20:58:51.549+0000] {processor.py:186} INFO - Started process (PID=3963) to work on /home/airflow/.local/lib/python3.12/site-packages/airflow/example_dags/example_xcomargs.py
[2025-11-09T20:58:51.551+0000] {processor.py:914} INFO - Processing file /home/airflow/.local/lib/python3.12/site-packages/airflow/example_dags/example_xcomargs.py for tasks to queue
[2025-11-09T20:58:51.557+0000] {logging_mixin.py:190} INFO - [2025-11-09T20:58:51.556+0000] {dagbag.py:588} INFO - Filling up the DagBag from /home/airflow/.local/lib/python3.12/site-packages/airflow/example_dags/example_xcomargs.py
[2025-11-09T20:58:51.576+0000] {processor.py:925} INFO - DAG(s) 'example_xcom_args', 'example_xcom_args_with_operators' retrieved from /home/airflow/.local/lib/python3.12/site-packages/airflow/example_dags/example_xcomargs.py
[2025-11-09T20:58:51.620+0000] {logging_mixin.py:190} INFO - [2025-11-09T20:58:51.620+0000] {dag.py:3239} INFO - Sync 2 DAGs
[2025-11-09T20:58:51.646+0000] {logging_mixin.py:190} INFO - [2025-11-09T20:58:51.646+0000] {dag.py:4180} INFO - Setting next_dagrun for example_xcom_args to None, run_after=None
[2025-11-09T20:58:51.652+0000] {logging_mixin.py:190} INFO - [2025-11-09T20:58:51.652+0000] {dag.py:4180} INFO - Setting next_dagrun for example_xcom_args_with_operators to None, run_after=None
[2025-11-09T20:58:51.683+0000] {processor.py:208} INFO - Processing /home/airflow/.local/lib/python3.12/site-packages/airflow/example_dags/example_xcomargs.py took 0.148 seconds
[2025-11-09T20:59:22.582+0000] {processor.py:186} INFO - Started process (PID=4027) to work on /home/airflow/.local/lib/python3.12/site-packages/airflow/example_dags/example_xcomargs.py
[2025-11-09T20:59:22.585+0000] {processor.py:914} INFO - Processing file /home/airflow/.local/lib/python3.12/site-packages/airflow/example_dags/example_xcomargs.py for tasks to queue
[2025-11-09T20:59:22.590+0000] {logging_mixin.py:190} INFO - [2025-11-09T20:59:22.589+0000] {dagbag.py:588} INFO - Filling up the DagBag from /home/airflow/.local/lib/python3.12/site-packages/airflow/example_dags/example_xcomargs.py
[2025-11-09T20:59:22.614+0000] {processor.py:925} INFO - DAG(s) 'example_xcom_args_with_operators', 'example_xcom_args' retrieved from /home/airflow/.local/lib/python3.12/site-packages/airflow/example_dags/example_xcomargs.py
[2025-11-09T20:59:22.664+0000] {logging_mixin.py:190} INFO - [2025-11-09T20:59:22.663+0000] {dag.py:3239} INFO - Sync 2 DAGs
[2025-11-09T20:59:22.696+0000] {logging_mixin.py:190} INFO - [2025-11-09T20:59:22.695+0000] {dag.py:4180} INFO - Setting next_dagrun for example_xcom_args to None, run_after=None
[2025-11-09T20:59:22.704+0000] {logging_mixin.py:190} INFO - [2025-11-09T20:59:22.704+0000] {dag.py:4180} INFO - Setting next_dagrun for example_xcom_args_with_operators to None, run_after=None
[2025-11-09T20:59:22.738+0000] {processor.py:208} INFO - Processing /home/airflow/.local/lib/python3.12/site-packages/airflow/example_dags/example_xcomargs.py took 0.169 seconds
[2025-11-09T20:59:52.948+0000] {processor.py:186} INFO - Started process (PID=4092) to work on /home/airflow/.local/lib/python3.12/site-packages/airflow/example_dags/example_xcomargs.py
[2025-11-09T20:59:52.950+0000] {processor.py:914} INFO - Processing file /home/airflow/.local/lib/python3.12/site-packages/airflow/example_dags/example_xcomargs.py for tasks to queue
[2025-11-09T20:59:52.957+0000] {logging_mixin.py:190} INFO - [2025-11-09T20:59:52.956+0000] {dagbag.py:588} INFO - Filling up the DagBag from /home/airflow/.local/lib/python3.12/site-packages/airflow/example_dags/example_xcomargs.py
[2025-11-09T20:59:52.981+0000] {processor.py:925} INFO - DAG(s) 'example_xcom_args_with_operators', 'example_xcom_args' retrieved from /home/airflow/.local/lib/python3.12/site-packages/airflow/example_dags/example_xcomargs.py
[2025-11-09T20:59:53.038+0000] {logging_mixin.py:190} INFO - [2025-11-09T20:59:53.038+0000] {dag.py:3239} INFO - Sync 2 DAGs
[2025-11-09T20:59:53.070+0000] {logging_mixin.py:190} INFO - [2025-11-09T20:59:53.069+0000] {dag.py:4180} INFO - Setting next_dagrun for example_xcom_args to None, run_after=None
[2025-11-09T20:59:53.077+0000] {logging_mixin.py:190} INFO - [2025-11-09T20:59:53.077+0000] {dag.py:4180} INFO - Setting next_dagrun for example_xcom_args_with_operators to None, run_after=None
[2025-11-09T20:59:53.110+0000] {processor.py:208} INFO - Processing /home/airflow/.local/lib/python3.12/site-packages/airflow/example_dags/example_xcomargs.py took 0.178 seconds
[2025-11-09T21:00:23.572+0000] {processor.py:186} INFO - Started process (PID=4156) to work on /home/airflow/.local/lib/python3.12/site-packages/airflow/example_dags/example_xcomargs.py
[2025-11-09T21:00:23.575+0000] {processor.py:914} INFO - Processing file /home/airflow/.local/lib/python3.12/site-packages/airflow/example_dags/example_xcomargs.py for tasks to queue
[2025-11-09T21:00:23.581+0000] {logging_mixin.py:190} INFO - [2025-11-09T21:00:23.580+0000] {dagbag.py:588} INFO - Filling up the DagBag from /home/airflow/.local/lib/python3.12/site-packages/airflow/example_dags/example_xcomargs.py
[2025-11-09T21:00:23.613+0000] {processor.py:925} INFO - DAG(s) 'example_xcom_args', 'example_xcom_args_with_operators' retrieved from /home/airflow/.local/lib/python3.12/site-packages/airflow/example_dags/example_xcomargs.py
[2025-11-09T21:00:23.677+0000] {logging_mixin.py:190} INFO - [2025-11-09T21:00:23.676+0000] {dag.py:3239} INFO - Sync 2 DAGs
[2025-11-09T21:00:23.719+0000] {logging_mixin.py:190} INFO - [2025-11-09T21:00:23.718+0000] {dag.py:4180} INFO - Setting next_dagrun for example_xcom_args to None, run_after=None
[2025-11-09T21:00:23.729+0000] {logging_mixin.py:190} INFO - [2025-11-09T21:00:23.728+0000] {dag.py:4180} INFO - Setting next_dagrun for example_xcom_args_with_operators to None, run_after=None
[2025-11-09T21:00:23.769+0000] {processor.py:208} INFO - Processing /home/airflow/.local/lib/python3.12/site-packages/airflow/example_dags/example_xcomargs.py took 0.217 seconds
[2025-11-09T21:00:56.217+0000] {processor.py:186} INFO - Started process (PID=4225) to work on /home/airflow/.local/lib/python3.12/site-packages/airflow/example_dags/example_xcomargs.py
[2025-11-09T21:00:56.220+0000] {processor.py:914} INFO - Processing file /home/airflow/.local/lib/python3.12/site-packages/airflow/example_dags/example_xcomargs.py for tasks to queue
[2025-11-09T21:00:56.240+0000] {logging_mixin.py:190} INFO - [2025-11-09T21:00:56.239+0000] {dagbag.py:588} INFO - Filling up the DagBag from /home/airflow/.local/lib/python3.12/site-packages/airflow/example_dags/example_xcomargs.py
[2025-11-09T21:00:56.338+0000] {processor.py:925} INFO - DAG(s) 'example_xcom_args_with_operators', 'example_xcom_args' retrieved from /home/airflow/.local/lib/python3.12/site-packages/airflow/example_dags/example_xcomargs.py
[2025-11-09T21:00:56.445+0000] {logging_mixin.py:190} INFO - [2025-11-09T21:00:56.445+0000] {dag.py:3239} INFO - Sync 2 DAGs
[2025-11-09T21:00:56.507+0000] {logging_mixin.py:190} INFO - [2025-11-09T21:00:56.506+0000] {dag.py:4180} INFO - Setting next_dagrun for example_xcom_args to None, run_after=None
[2025-11-09T21:00:56.517+0000] {logging_mixin.py:190} INFO - [2025-11-09T21:00:56.517+0000] {dag.py:4180} INFO - Setting next_dagrun for example_xcom_args_with_operators to None, run_after=None
[2025-11-09T21:00:56.558+0000] {processor.py:208} INFO - Processing /home/airflow/.local/lib/python3.12/site-packages/airflow/example_dags/example_xcomargs.py took 0.358 seconds
[2025-11-09T21:01:27.823+0000] {processor.py:186} INFO - Started process (PID=4291) to work on /home/airflow/.local/lib/python3.12/site-packages/airflow/example_dags/example_xcomargs.py
[2025-11-09T21:01:27.825+0000] {processor.py:914} INFO - Processing file /home/airflow/.local/lib/python3.12/site-packages/airflow/example_dags/example_xcomargs.py for tasks to queue
[2025-11-09T21:01:27.830+0000] {logging_mixin.py:190} INFO - [2025-11-09T21:01:27.829+0000] {dagbag.py:588} INFO - Filling up the DagBag from /home/airflow/.local/lib/python3.12/site-packages/airflow/example_dags/example_xcomargs.py
[2025-11-09T21:01:27.850+0000] {processor.py:925} INFO - DAG(s) 'example_xcom_args_with_operators', 'example_xcom_args' retrieved from /home/airflow/.local/lib/python3.12/site-packages/airflow/example_dags/example_xcomargs.py
[2025-11-09T21:01:27.892+0000] {logging_mixin.py:190} INFO - [2025-11-09T21:01:27.892+0000] {dag.py:3239} INFO - Sync 2 DAGs
[2025-11-09T21:01:27.920+0000] {logging_mixin.py:190} INFO - [2025-11-09T21:01:27.920+0000] {dag.py:4180} INFO - Setting next_dagrun for example_xcom_args to None, run_after=None
[2025-11-09T21:01:27.927+0000] {logging_mixin.py:190} INFO - [2025-11-09T21:01:27.927+0000] {dag.py:4180} INFO - Setting next_dagrun for example_xcom_args_with_operators to None, run_after=None
[2025-11-09T21:01:27.955+0000] {processor.py:208} INFO - Processing /home/airflow/.local/lib/python3.12/site-packages/airflow/example_dags/example_xcomargs.py took 0.144 seconds
[2025-11-09T21:01:59.244+0000] {processor.py:186} INFO - Started process (PID=4355) to work on /home/airflow/.local/lib/python3.12/site-packages/airflow/example_dags/example_xcomargs.py
[2025-11-09T21:01:59.246+0000] {processor.py:914} INFO - Processing file /home/airflow/.local/lib/python3.12/site-packages/airflow/example_dags/example_xcomargs.py for tasks to queue
[2025-11-09T21:01:59.251+0000] {logging_mixin.py:190} INFO - [2025-11-09T21:01:59.251+0000] {dagbag.py:588} INFO - Filling up the DagBag from /home/airflow/.local/lib/python3.12/site-packages/airflow/example_dags/example_xcomargs.py
[2025-11-09T21:01:59.268+0000] {processor.py:925} INFO - DAG(s) 'example_xcom_args_with_operators', 'example_xcom_args' retrieved from /home/airflow/.local/lib/python3.12/site-packages/airflow/example_dags/example_xcomargs.py
[2025-11-09T21:01:59.308+0000] {logging_mixin.py:190} INFO - [2025-11-09T21:01:59.307+0000] {dag.py:3239} INFO - Sync 2 DAGs
[2025-11-09T21:01:59.334+0000] {logging_mixin.py:190} INFO - [2025-11-09T21:01:59.334+0000] {dag.py:4180} INFO - Setting next_dagrun for example_xcom_args to None, run_after=None
[2025-11-09T21:01:59.341+0000] {logging_mixin.py:190} INFO - [2025-11-09T21:01:59.340+0000] {dag.py:4180} INFO - Setting next_dagrun for example_xcom_args_with_operators to None, run_after=None
[2025-11-09T21:01:59.368+0000] {processor.py:208} INFO - Processing /home/airflow/.local/lib/python3.12/site-packages/airflow/example_dags/example_xcomargs.py took 0.136 seconds
[2025-11-09T21:02:30.678+0000] {processor.py:186} INFO - Started process (PID=4420) to work on /home/airflow/.local/lib/python3.12/site-packages/airflow/example_dags/example_xcomargs.py
[2025-11-09T21:02:30.680+0000] {processor.py:914} INFO - Processing file /home/airflow/.local/lib/python3.12/site-packages/airflow/example_dags/example_xcomargs.py for tasks to queue
[2025-11-09T21:02:30.684+0000] {logging_mixin.py:190} INFO - [2025-11-09T21:02:30.683+0000] {dagbag.py:588} INFO - Filling up the DagBag from /home/airflow/.local/lib/python3.12/site-packages/airflow/example_dags/example_xcomargs.py
[2025-11-09T21:02:30.703+0000] {processor.py:925} INFO - DAG(s) 'example_xcom_args_with_operators', 'example_xcom_args' retrieved from /home/airflow/.local/lib/python3.12/site-packages/airflow/example_dags/example_xcomargs.py
[2025-11-09T21:02:30.742+0000] {logging_mixin.py:190} INFO - [2025-11-09T21:02:30.741+0000] {dag.py:3239} INFO - Sync 2 DAGs
[2025-11-09T21:02:30.765+0000] {logging_mixin.py:190} INFO - [2025-11-09T21:02:30.764+0000] {dag.py:4180} INFO - Setting next_dagrun for example_xcom_args to None, run_after=None
[2025-11-09T21:02:30.770+0000] {logging_mixin.py:190} INFO - [2025-11-09T21:02:30.770+0000] {dag.py:4180} INFO - Setting next_dagrun for example_xcom_args_with_operators to None, run_after=None
[2025-11-09T21:02:30.798+0000] {processor.py:208} INFO - Processing /home/airflow/.local/lib/python3.12/site-packages/airflow/example_dags/example_xcomargs.py took 0.130 seconds
[2025-11-09T21:03:03.458+0000] {processor.py:186} INFO - Started process (PID=4485) to work on /home/airflow/.local/lib/python3.12/site-packages/airflow/example_dags/example_xcomargs.py
[2025-11-09T21:03:03.460+0000] {processor.py:914} INFO - Processing file /home/airflow/.local/lib/python3.12/site-packages/airflow/example_dags/example_xcomargs.py for tasks to queue
[2025-11-09T21:03:03.467+0000] {logging_mixin.py:190} INFO - [2025-11-09T21:03:03.466+0000] {dagbag.py:588} INFO - Filling up the DagBag from /home/airflow/.local/lib/python3.12/site-packages/airflow/example_dags/example_xcomargs.py
[2025-11-09T21:03:03.500+0000] {processor.py:925} INFO - DAG(s) 'example_xcom_args', 'example_xcom_args_with_operators' retrieved from /home/airflow/.local/lib/python3.12/site-packages/airflow/example_dags/example_xcomargs.py
[2025-11-09T21:03:03.563+0000] {logging_mixin.py:190} INFO - [2025-11-09T21:03:03.563+0000] {dag.py:3239} INFO - Sync 2 DAGs
[2025-11-09T21:03:03.600+0000] {logging_mixin.py:190} INFO - [2025-11-09T21:03:03.600+0000] {dag.py:4180} INFO - Setting next_dagrun for example_xcom_args to None, run_after=None
[2025-11-09T21:03:03.609+0000] {logging_mixin.py:190} INFO - [2025-11-09T21:03:03.609+0000] {dag.py:4180} INFO - Setting next_dagrun for example_xcom_args_with_operators to None, run_after=None
[2025-11-09T21:03:03.649+0000] {processor.py:208} INFO - Processing /home/airflow/.local/lib/python3.12/site-packages/airflow/example_dags/example_xcomargs.py took 0.211 seconds
[2025-11-09T21:03:34.645+0000] {processor.py:186} INFO - Started process (PID=4549) to work on /home/airflow/.local/lib/python3.12/site-packages/airflow/example_dags/example_xcomargs.py
[2025-11-09T21:03:34.647+0000] {processor.py:914} INFO - Processing file /home/airflow/.local/lib/python3.12/site-packages/airflow/example_dags/example_xcomargs.py for tasks to queue
[2025-11-09T21:03:34.654+0000] {logging_mixin.py:190} INFO - [2025-11-09T21:03:34.653+0000] {dagbag.py:588} INFO - Filling up the DagBag from /home/airflow/.local/lib/python3.12/site-packages/airflow/example_dags/example_xcomargs.py
[2025-11-09T21:03:34.686+0000] {processor.py:925} INFO - DAG(s) 'example_xcom_args', 'example_xcom_args_with_operators' retrieved from /home/airflow/.local/lib/python3.12/site-packages/airflow/example_dags/example_xcomargs.py
[2025-11-09T21:03:34.747+0000] {logging_mixin.py:190} INFO - [2025-11-09T21:03:34.747+0000] {dag.py:3239} INFO - Sync 2 DAGs
[2025-11-09T21:03:34.786+0000] {logging_mixin.py:190} INFO - [2025-11-09T21:03:34.785+0000] {dag.py:4180} INFO - Setting next_dagrun for example_xcom_args to None, run_after=None
[2025-11-09T21:03:34.794+0000] {logging_mixin.py:190} INFO - [2025-11-09T21:03:34.793+0000] {dag.py:4180} INFO - Setting next_dagrun for example_xcom_args_with_operators to None, run_after=None
[2025-11-09T21:03:34.829+0000] {processor.py:208} INFO - Processing /home/airflow/.local/lib/python3.12/site-packages/airflow/example_dags/example_xcomargs.py took 0.203 seconds
[2025-11-09T21:04:06.049+0000] {processor.py:186} INFO - Started process (PID=4613) to work on /home/airflow/.local/lib/python3.12/site-packages/airflow/example_dags/example_xcomargs.py
[2025-11-09T21:04:06.051+0000] {processor.py:914} INFO - Processing file /home/airflow/.local/lib/python3.12/site-packages/airflow/example_dags/example_xcomargs.py for tasks to queue
[2025-11-09T21:04:06.057+0000] {logging_mixin.py:190} INFO - [2025-11-09T21:04:06.056+0000] {dagbag.py:588} INFO - Filling up the DagBag from /home/airflow/.local/lib/python3.12/site-packages/airflow/example_dags/example_xcomargs.py
[2025-11-09T21:04:06.081+0000] {processor.py:925} INFO - DAG(s) 'example_xcom_args_with_operators', 'example_xcom_args' retrieved from /home/airflow/.local/lib/python3.12/site-packages/airflow/example_dags/example_xcomargs.py
[2025-11-09T21:04:06.127+0000] {logging_mixin.py:190} INFO - [2025-11-09T21:04:06.126+0000] {dag.py:3239} INFO - Sync 2 DAGs
[2025-11-09T21:04:06.155+0000] {logging_mixin.py:190} INFO - [2025-11-09T21:04:06.154+0000] {dag.py:4180} INFO - Setting next_dagrun for example_xcom_args to None, run_after=None
[2025-11-09T21:04:06.162+0000] {logging_mixin.py:190} INFO - [2025-11-09T21:04:06.162+0000] {dag.py:4180} INFO - Setting next_dagrun for example_xcom_args_with_operators to None, run_after=None
[2025-11-09T21:04:06.193+0000] {processor.py:208} INFO - Processing /home/airflow/.local/lib/python3.12/site-packages/airflow/example_dags/example_xcomargs.py took 0.160 seconds
[2025-11-09T21:04:37.561+0000] {processor.py:186} INFO - Started process (PID=4677) to work on /home/airflow/.local/lib/python3.12/site-packages/airflow/example_dags/example_xcomargs.py
[2025-11-09T21:04:37.563+0000] {processor.py:914} INFO - Processing file /home/airflow/.local/lib/python3.12/site-packages/airflow/example_dags/example_xcomargs.py for tasks to queue
[2025-11-09T21:04:37.570+0000] {logging_mixin.py:190} INFO - [2025-11-09T21:04:37.569+0000] {dagbag.py:588} INFO - Filling up the DagBag from /home/airflow/.local/lib/python3.12/site-packages/airflow/example_dags/example_xcomargs.py
[2025-11-09T21:04:37.600+0000] {processor.py:925} INFO - DAG(s) 'example_xcom_args_with_operators', 'example_xcom_args' retrieved from /home/airflow/.local/lib/python3.12/site-packages/airflow/example_dags/example_xcomargs.py
[2025-11-09T21:04:37.653+0000] {logging_mixin.py:190} INFO - [2025-11-09T21:04:37.652+0000] {dag.py:3239} INFO - Sync 2 DAGs
[2025-11-09T21:04:37.689+0000] {logging_mixin.py:190} INFO - [2025-11-09T21:04:37.689+0000] {dag.py:4180} INFO - Setting next_dagrun for example_xcom_args to None, run_after=None
[2025-11-09T21:04:37.696+0000] {logging_mixin.py:190} INFO - [2025-11-09T21:04:37.696+0000] {dag.py:4180} INFO - Setting next_dagrun for example_xcom_args_with_operators to None, run_after=None
[2025-11-09T21:04:37.725+0000] {processor.py:208} INFO - Processing /home/airflow/.local/lib/python3.12/site-packages/airflow/example_dags/example_xcomargs.py took 0.180 seconds
[2025-11-09T21:08:22.977+0000] {processor.py:186} INFO - Started process (PID=140) to work on /home/airflow/.local/lib/python3.12/site-packages/airflow/example_dags/example_xcomargs.py
[2025-11-09T21:08:22.980+0000] {processor.py:914} INFO - Processing file /home/airflow/.local/lib/python3.12/site-packages/airflow/example_dags/example_xcomargs.py for tasks to queue
[2025-11-09T21:08:22.987+0000] {logging_mixin.py:190} INFO - [2025-11-09T21:08:22.985+0000] {dagbag.py:588} INFO - Filling up the DagBag from /home/airflow/.local/lib/python3.12/site-packages/airflow/example_dags/example_xcomargs.py
[2025-11-09T21:08:23.025+0000] {processor.py:925} INFO - DAG(s) 'example_xcom_args_with_operators', 'example_xcom_args' retrieved from /home/airflow/.local/lib/python3.12/site-packages/airflow/example_dags/example_xcomargs.py
[2025-11-09T21:08:23.123+0000] {logging_mixin.py:190} INFO - [2025-11-09T21:08:23.122+0000] {dag.py:3239} INFO - Sync 2 DAGs
[2025-11-09T21:08:23.188+0000] {logging_mixin.py:190} INFO - [2025-11-09T21:08:23.188+0000] {dag.py:4180} INFO - Setting next_dagrun for example_xcom_args to None, run_after=None
[2025-11-09T21:08:23.206+0000] {logging_mixin.py:190} INFO - [2025-11-09T21:08:23.205+0000] {dag.py:4180} INFO - Setting next_dagrun for example_xcom_args_with_operators to None, run_after=None
[2025-11-09T21:08:23.258+0000] {processor.py:208} INFO - Processing /home/airflow/.local/lib/python3.12/site-packages/airflow/example_dags/example_xcomargs.py took 0.298 seconds
[2025-11-09T21:08:54.542+0000] {processor.py:186} INFO - Started process (PID=204) to work on /home/airflow/.local/lib/python3.12/site-packages/airflow/example_dags/example_xcomargs.py
[2025-11-09T21:08:54.545+0000] {processor.py:914} INFO - Processing file /home/airflow/.local/lib/python3.12/site-packages/airflow/example_dags/example_xcomargs.py for tasks to queue
[2025-11-09T21:08:54.555+0000] {logging_mixin.py:190} INFO - [2025-11-09T21:08:54.553+0000] {dagbag.py:588} INFO - Filling up the DagBag from /home/airflow/.local/lib/python3.12/site-packages/airflow/example_dags/example_xcomargs.py
[2025-11-09T21:08:54.589+0000] {processor.py:925} INFO - DAG(s) 'example_xcom_args', 'example_xcom_args_with_operators' retrieved from /home/airflow/.local/lib/python3.12/site-packages/airflow/example_dags/example_xcomargs.py
[2025-11-09T21:08:54.658+0000] {logging_mixin.py:190} INFO - [2025-11-09T21:08:54.658+0000] {dag.py:3239} INFO - Sync 2 DAGs
[2025-11-09T21:08:54.701+0000] {logging_mixin.py:190} INFO - [2025-11-09T21:08:54.700+0000] {dag.py:4180} INFO - Setting next_dagrun for example_xcom_args to None, run_after=None
[2025-11-09T21:08:54.712+0000] {logging_mixin.py:190} INFO - [2025-11-09T21:08:54.711+0000] {dag.py:4180} INFO - Setting next_dagrun for example_xcom_args_with_operators to None, run_after=None
[2025-11-09T21:08:54.755+0000] {processor.py:208} INFO - Processing /home/airflow/.local/lib/python3.12/site-packages/airflow/example_dags/example_xcomargs.py took 0.235 seconds
[2025-11-09T21:09:24.930+0000] {processor.py:186} INFO - Started process (PID=269) to work on /home/airflow/.local/lib/python3.12/site-packages/airflow/example_dags/example_xcomargs.py
[2025-11-09T21:09:24.932+0000] {processor.py:914} INFO - Processing file /home/airflow/.local/lib/python3.12/site-packages/airflow/example_dags/example_xcomargs.py for tasks to queue
[2025-11-09T21:09:24.938+0000] {logging_mixin.py:190} INFO - [2025-11-09T21:09:24.938+0000] {dagbag.py:588} INFO - Filling up the DagBag from /home/airflow/.local/lib/python3.12/site-packages/airflow/example_dags/example_xcomargs.py
[2025-11-09T21:09:24.966+0000] {processor.py:925} INFO - DAG(s) 'example_xcom_args_with_operators', 'example_xcom_args' retrieved from /home/airflow/.local/lib/python3.12/site-packages/airflow/example_dags/example_xcomargs.py
[2025-11-09T21:09:25.032+0000] {logging_mixin.py:190} INFO - [2025-11-09T21:09:25.032+0000] {dag.py:3239} INFO - Sync 2 DAGs
[2025-11-09T21:09:25.073+0000] {logging_mixin.py:190} INFO - [2025-11-09T21:09:25.073+0000] {dag.py:4180} INFO - Setting next_dagrun for example_xcom_args to None, run_after=None
[2025-11-09T21:09:25.085+0000] {logging_mixin.py:190} INFO - [2025-11-09T21:09:25.085+0000] {dag.py:4180} INFO - Setting next_dagrun for example_xcom_args_with_operators to None, run_after=None
[2025-11-09T21:09:25.133+0000] {processor.py:208} INFO - Processing /home/airflow/.local/lib/python3.12/site-packages/airflow/example_dags/example_xcomargs.py took 0.216 seconds
[2025-11-09T21:09:59.241+0000] {processor.py:186} INFO - Started process (PID=333) to work on /home/airflow/.local/lib/python3.12/site-packages/airflow/example_dags/example_xcomargs.py
[2025-11-09T21:09:59.244+0000] {processor.py:914} INFO - Processing file /home/airflow/.local/lib/python3.12/site-packages/airflow/example_dags/example_xcomargs.py for tasks to queue
[2025-11-09T21:09:59.254+0000] {logging_mixin.py:190} INFO - [2025-11-09T21:09:59.252+0000] {dagbag.py:588} INFO - Filling up the DagBag from /home/airflow/.local/lib/python3.12/site-packages/airflow/example_dags/example_xcomargs.py
[2025-11-09T21:09:59.297+0000] {processor.py:925} INFO - DAG(s) 'example_xcom_args_with_operators', 'example_xcom_args' retrieved from /home/airflow/.local/lib/python3.12/site-packages/airflow/example_dags/example_xcomargs.py
[2025-11-09T21:09:59.370+0000] {logging_mixin.py:190} INFO - [2025-11-09T21:09:59.369+0000] {dag.py:3239} INFO - Sync 2 DAGs
[2025-11-09T21:09:59.416+0000] {logging_mixin.py:190} INFO - [2025-11-09T21:09:59.415+0000] {dag.py:4180} INFO - Setting next_dagrun for example_xcom_args to None, run_after=None
[2025-11-09T21:09:59.430+0000] {logging_mixin.py:190} INFO - [2025-11-09T21:09:59.429+0000] {dag.py:4180} INFO - Setting next_dagrun for example_xcom_args_with_operators to None, run_after=None
[2025-11-09T21:09:59.478+0000] {processor.py:208} INFO - Processing /home/airflow/.local/lib/python3.12/site-packages/airflow/example_dags/example_xcomargs.py took 0.260 seconds
[2025-11-09T21:10:36.716+0000] {processor.py:186} INFO - Started process (PID=398) to work on /home/airflow/.local/lib/python3.12/site-packages/airflow/example_dags/example_xcomargs.py
[2025-11-09T21:10:36.725+0000] {processor.py:914} INFO - Processing file /home/airflow/.local/lib/python3.12/site-packages/airflow/example_dags/example_xcomargs.py for tasks to queue
[2025-11-09T21:10:36.747+0000] {logging_mixin.py:190} INFO - [2025-11-09T21:10:36.736+0000] {dagbag.py:588} INFO - Filling up the DagBag from /home/airflow/.local/lib/python3.12/site-packages/airflow/example_dags/example_xcomargs.py
[2025-11-09T21:10:36.818+0000] {processor.py:925} INFO - DAG(s) 'example_xcom_args', 'example_xcom_args_with_operators' retrieved from /home/airflow/.local/lib/python3.12/site-packages/airflow/example_dags/example_xcomargs.py
[2025-11-09T21:10:36.944+0000] {logging_mixin.py:190} INFO - [2025-11-09T21:10:36.943+0000] {dag.py:3239} INFO - Sync 2 DAGs
[2025-11-09T21:10:37.021+0000] {logging_mixin.py:190} INFO - [2025-11-09T21:10:37.019+0000] {dag.py:4180} INFO - Setting next_dagrun for example_xcom_args to None, run_after=None
[2025-11-09T21:10:37.037+0000] {logging_mixin.py:190} INFO - [2025-11-09T21:10:37.036+0000] {dag.py:4180} INFO - Setting next_dagrun for example_xcom_args_with_operators to None, run_after=None
[2025-11-09T21:10:37.122+0000] {processor.py:208} INFO - Processing /home/airflow/.local/lib/python3.12/site-packages/airflow/example_dags/example_xcomargs.py took 0.442 seconds
[2025-11-09T21:11:07.719+0000] {processor.py:186} INFO - Started process (PID=463) to work on /home/airflow/.local/lib/python3.12/site-packages/airflow/example_dags/example_xcomargs.py
[2025-11-09T21:11:07.721+0000] {processor.py:914} INFO - Processing file /home/airflow/.local/lib/python3.12/site-packages/airflow/example_dags/example_xcomargs.py for tasks to queue
[2025-11-09T21:11:07.728+0000] {logging_mixin.py:190} INFO - [2025-11-09T21:11:07.727+0000] {dagbag.py:588} INFO - Filling up the DagBag from /home/airflow/.local/lib/python3.12/site-packages/airflow/example_dags/example_xcomargs.py
[2025-11-09T21:11:07.777+0000] {processor.py:925} INFO - DAG(s) 'example_xcom_args', 'example_xcom_args_with_operators' retrieved from /home/airflow/.local/lib/python3.12/site-packages/airflow/example_dags/example_xcomargs.py
[2025-11-09T21:11:07.901+0000] {logging_mixin.py:190} INFO - [2025-11-09T21:11:07.900+0000] {dag.py:3239} INFO - Sync 2 DAGs
[2025-11-09T21:11:07.958+0000] {logging_mixin.py:190} INFO - [2025-11-09T21:11:07.958+0000] {dag.py:4180} INFO - Setting next_dagrun for example_xcom_args to None, run_after=None
[2025-11-09T21:11:07.971+0000] {logging_mixin.py:190} INFO - [2025-11-09T21:11:07.971+0000] {dag.py:4180} INFO - Setting next_dagrun for example_xcom_args_with_operators to None, run_after=None
[2025-11-09T21:11:08.021+0000] {processor.py:208} INFO - Processing /home/airflow/.local/lib/python3.12/site-packages/airflow/example_dags/example_xcomargs.py took 0.318 seconds
[2025-11-09T21:11:38.146+0000] {processor.py:186} INFO - Started process (PID=526) to work on /home/airflow/.local/lib/python3.12/site-packages/airflow/example_dags/example_xcomargs.py
[2025-11-09T21:11:38.148+0000] {processor.py:914} INFO - Processing file /home/airflow/.local/lib/python3.12/site-packages/airflow/example_dags/example_xcomargs.py for tasks to queue
[2025-11-09T21:11:38.154+0000] {logging_mixin.py:190} INFO - [2025-11-09T21:11:38.153+0000] {dagbag.py:588} INFO - Filling up the DagBag from /home/airflow/.local/lib/python3.12/site-packages/airflow/example_dags/example_xcomargs.py
[2025-11-09T21:11:38.173+0000] {processor.py:925} INFO - DAG(s) 'example_xcom_args_with_operators', 'example_xcom_args' retrieved from /home/airflow/.local/lib/python3.12/site-packages/airflow/example_dags/example_xcomargs.py
[2025-11-09T21:11:38.213+0000] {logging_mixin.py:190} INFO - [2025-11-09T21:11:38.213+0000] {dag.py:3239} INFO - Sync 2 DAGs
[2025-11-09T21:11:38.241+0000] {logging_mixin.py:190} INFO - [2025-11-09T21:11:38.241+0000] {dag.py:4180} INFO - Setting next_dagrun for example_xcom_args to None, run_after=None
[2025-11-09T21:11:38.248+0000] {logging_mixin.py:190} INFO - [2025-11-09T21:11:38.247+0000] {dag.py:4180} INFO - Setting next_dagrun for example_xcom_args_with_operators to None, run_after=None
[2025-11-09T21:11:38.271+0000] {processor.py:208} INFO - Processing /home/airflow/.local/lib/python3.12/site-packages/airflow/example_dags/example_xcomargs.py took 0.136 seconds
[2025-11-09T21:12:08.456+0000] {processor.py:186} INFO - Started process (PID=590) to work on /home/airflow/.local/lib/python3.12/site-packages/airflow/example_dags/example_xcomargs.py
[2025-11-09T21:12:08.458+0000] {processor.py:914} INFO - Processing file /home/airflow/.local/lib/python3.12/site-packages/airflow/example_dags/example_xcomargs.py for tasks to queue
[2025-11-09T21:12:08.463+0000] {logging_mixin.py:190} INFO - [2025-11-09T21:12:08.462+0000] {dagbag.py:588} INFO - Filling up the DagBag from /home/airflow/.local/lib/python3.12/site-packages/airflow/example_dags/example_xcomargs.py
[2025-11-09T21:12:08.487+0000] {processor.py:925} INFO - DAG(s) 'example_xcom_args_with_operators', 'example_xcom_args' retrieved from /home/airflow/.local/lib/python3.12/site-packages/airflow/example_dags/example_xcomargs.py
[2025-11-09T21:12:08.534+0000] {logging_mixin.py:190} INFO - [2025-11-09T21:12:08.533+0000] {dag.py:3239} INFO - Sync 2 DAGs
[2025-11-09T21:12:08.569+0000] {logging_mixin.py:190} INFO - [2025-11-09T21:12:08.569+0000] {dag.py:4180} INFO - Setting next_dagrun for example_xcom_args to None, run_after=None
[2025-11-09T21:12:08.577+0000] {logging_mixin.py:190} INFO - [2025-11-09T21:12:08.577+0000] {dag.py:4180} INFO - Setting next_dagrun for example_xcom_args_with_operators to None, run_after=None
[2025-11-09T21:12:08.606+0000] {processor.py:208} INFO - Processing /home/airflow/.local/lib/python3.12/site-packages/airflow/example_dags/example_xcomargs.py took 0.161 seconds
[2025-11-09T21:12:40.242+0000] {processor.py:186} INFO - Started process (PID=654) to work on /home/airflow/.local/lib/python3.12/site-packages/airflow/example_dags/example_xcomargs.py
[2025-11-09T21:12:40.250+0000] {processor.py:914} INFO - Processing file /home/airflow/.local/lib/python3.12/site-packages/airflow/example_dags/example_xcomargs.py for tasks to queue
[2025-11-09T21:12:40.265+0000] {logging_mixin.py:190} INFO - [2025-11-09T21:12:40.263+0000] {dagbag.py:588} INFO - Filling up the DagBag from /home/airflow/.local/lib/python3.12/site-packages/airflow/example_dags/example_xcomargs.py
[2025-11-09T21:12:40.324+0000] {processor.py:925} INFO - DAG(s) 'example_xcom_args', 'example_xcom_args_with_operators' retrieved from /home/airflow/.local/lib/python3.12/site-packages/airflow/example_dags/example_xcomargs.py
[2025-11-09T21:12:40.433+0000] {logging_mixin.py:190} INFO - [2025-11-09T21:12:40.432+0000] {dag.py:3239} INFO - Sync 2 DAGs
[2025-11-09T21:12:40.501+0000] {logging_mixin.py:190} INFO - [2025-11-09T21:12:40.500+0000] {dag.py:4180} INFO - Setting next_dagrun for example_xcom_args to None, run_after=None
[2025-11-09T21:12:40.514+0000] {logging_mixin.py:190} INFO - [2025-11-09T21:12:40.513+0000] {dag.py:4180} INFO - Setting next_dagrun for example_xcom_args_with_operators to None, run_after=None
[2025-11-09T21:12:40.575+0000] {processor.py:208} INFO - Processing /home/airflow/.local/lib/python3.12/site-packages/airflow/example_dags/example_xcomargs.py took 0.371 seconds
[2025-11-09T21:13:11.099+0000] {processor.py:186} INFO - Started process (PID=717) to work on /home/airflow/.local/lib/python3.12/site-packages/airflow/example_dags/example_xcomargs.py
[2025-11-09T21:13:11.103+0000] {processor.py:914} INFO - Processing file /home/airflow/.local/lib/python3.12/site-packages/airflow/example_dags/example_xcomargs.py for tasks to queue
[2025-11-09T21:13:11.112+0000] {logging_mixin.py:190} INFO - [2025-11-09T21:13:11.111+0000] {dagbag.py:588} INFO - Filling up the DagBag from /home/airflow/.local/lib/python3.12/site-packages/airflow/example_dags/example_xcomargs.py
[2025-11-09T21:13:11.150+0000] {processor.py:925} INFO - DAG(s) 'example_xcom_args_with_operators', 'example_xcom_args' retrieved from /home/airflow/.local/lib/python3.12/site-packages/airflow/example_dags/example_xcomargs.py
[2025-11-09T21:13:11.226+0000] {logging_mixin.py:190} INFO - [2025-11-09T21:13:11.225+0000] {dag.py:3239} INFO - Sync 2 DAGs
[2025-11-09T21:13:11.263+0000] {logging_mixin.py:190} INFO - [2025-11-09T21:13:11.263+0000] {dag.py:4180} INFO - Setting next_dagrun for example_xcom_args to None, run_after=None
[2025-11-09T21:13:11.272+0000] {logging_mixin.py:190} INFO - [2025-11-09T21:13:11.272+0000] {dag.py:4180} INFO - Setting next_dagrun for example_xcom_args_with_operators to None, run_after=None
[2025-11-09T21:13:11.309+0000] {processor.py:208} INFO - Processing /home/airflow/.local/lib/python3.12/site-packages/airflow/example_dags/example_xcomargs.py took 0.228 seconds
[2025-11-09T21:13:41.848+0000] {processor.py:186} INFO - Started process (PID=781) to work on /home/airflow/.local/lib/python3.12/site-packages/airflow/example_dags/example_xcomargs.py
[2025-11-09T21:13:41.853+0000] {processor.py:914} INFO - Processing file /home/airflow/.local/lib/python3.12/site-packages/airflow/example_dags/example_xcomargs.py for tasks to queue
[2025-11-09T21:13:41.862+0000] {logging_mixin.py:190} INFO - [2025-11-09T21:13:41.861+0000] {dagbag.py:588} INFO - Filling up the DagBag from /home/airflow/.local/lib/python3.12/site-packages/airflow/example_dags/example_xcomargs.py
[2025-11-09T21:13:41.905+0000] {processor.py:925} INFO - DAG(s) 'example_xcom_args', 'example_xcom_args_with_operators' retrieved from /home/airflow/.local/lib/python3.12/site-packages/airflow/example_dags/example_xcomargs.py
[2025-11-09T21:13:41.997+0000] {logging_mixin.py:190} INFO - [2025-11-09T21:13:41.996+0000] {dag.py:3239} INFO - Sync 2 DAGs
[2025-11-09T21:13:42.049+0000] {logging_mixin.py:190} INFO - [2025-11-09T21:13:42.048+0000] {dag.py:4180} INFO - Setting next_dagrun for example_xcom_args to None, run_after=None
[2025-11-09T21:13:42.061+0000] {logging_mixin.py:190} INFO - [2025-11-09T21:13:42.060+0000] {dag.py:4180} INFO - Setting next_dagrun for example_xcom_args_with_operators to None, run_after=None
[2025-11-09T21:13:42.108+0000] {processor.py:208} INFO - Processing /home/airflow/.local/lib/python3.12/site-packages/airflow/example_dags/example_xcomargs.py took 0.284 seconds
[2025-11-09T21:14:12.508+0000] {processor.py:186} INFO - Started process (PID=844) to work on /home/airflow/.local/lib/python3.12/site-packages/airflow/example_dags/example_xcomargs.py
[2025-11-09T21:14:12.510+0000] {processor.py:914} INFO - Processing file /home/airflow/.local/lib/python3.12/site-packages/airflow/example_dags/example_xcomargs.py for tasks to queue
[2025-11-09T21:14:12.515+0000] {logging_mixin.py:190} INFO - [2025-11-09T21:14:12.514+0000] {dagbag.py:588} INFO - Filling up the DagBag from /home/airflow/.local/lib/python3.12/site-packages/airflow/example_dags/example_xcomargs.py
[2025-11-09T21:14:12.537+0000] {processor.py:925} INFO - DAG(s) 'example_xcom_args', 'example_xcom_args_with_operators' retrieved from /home/airflow/.local/lib/python3.12/site-packages/airflow/example_dags/example_xcomargs.py
[2025-11-09T21:14:12.580+0000] {logging_mixin.py:190} INFO - [2025-11-09T21:14:12.579+0000] {dag.py:3239} INFO - Sync 2 DAGs
[2025-11-09T21:14:12.607+0000] {logging_mixin.py:190} INFO - [2025-11-09T21:14:12.606+0000] {dag.py:4180} INFO - Setting next_dagrun for example_xcom_args to None, run_after=None
[2025-11-09T21:14:12.615+0000] {logging_mixin.py:190} INFO - [2025-11-09T21:14:12.614+0000] {dag.py:4180} INFO - Setting next_dagrun for example_xcom_args_with_operators to None, run_after=None
[2025-11-09T21:14:12.647+0000] {processor.py:208} INFO - Processing /home/airflow/.local/lib/python3.12/site-packages/airflow/example_dags/example_xcomargs.py took 0.152 seconds
[2025-11-09T21:14:42.897+0000] {processor.py:186} INFO - Started process (PID=908) to work on /home/airflow/.local/lib/python3.12/site-packages/airflow/example_dags/example_xcomargs.py
[2025-11-09T21:14:42.899+0000] {processor.py:914} INFO - Processing file /home/airflow/.local/lib/python3.12/site-packages/airflow/example_dags/example_xcomargs.py for tasks to queue
[2025-11-09T21:14:42.904+0000] {logging_mixin.py:190} INFO - [2025-11-09T21:14:42.903+0000] {dagbag.py:588} INFO - Filling up the DagBag from /home/airflow/.local/lib/python3.12/site-packages/airflow/example_dags/example_xcomargs.py
[2025-11-09T21:14:42.926+0000] {processor.py:925} INFO - DAG(s) 'example_xcom_args_with_operators', 'example_xcom_args' retrieved from /home/airflow/.local/lib/python3.12/site-packages/airflow/example_dags/example_xcomargs.py
[2025-11-09T21:14:42.974+0000] {logging_mixin.py:190} INFO - [2025-11-09T21:14:42.974+0000] {dag.py:3239} INFO - Sync 2 DAGs
[2025-11-09T21:14:43.007+0000] {logging_mixin.py:190} INFO - [2025-11-09T21:14:43.006+0000] {dag.py:4180} INFO - Setting next_dagrun for example_xcom_args to None, run_after=None
[2025-11-09T21:14:43.015+0000] {logging_mixin.py:190} INFO - [2025-11-09T21:14:43.015+0000] {dag.py:4180} INFO - Setting next_dagrun for example_xcom_args_with_operators to None, run_after=None
[2025-11-09T21:14:43.048+0000] {processor.py:208} INFO - Processing /home/airflow/.local/lib/python3.12/site-packages/airflow/example_dags/example_xcomargs.py took 0.163 seconds
[2025-11-09T21:15:13.256+0000] {processor.py:186} INFO - Started process (PID=972) to work on /home/airflow/.local/lib/python3.12/site-packages/airflow/example_dags/example_xcomargs.py
[2025-11-09T21:15:13.259+0000] {processor.py:914} INFO - Processing file /home/airflow/.local/lib/python3.12/site-packages/airflow/example_dags/example_xcomargs.py for tasks to queue
[2025-11-09T21:15:13.265+0000] {logging_mixin.py:190} INFO - [2025-11-09T21:15:13.264+0000] {dagbag.py:588} INFO - Filling up the DagBag from /home/airflow/.local/lib/python3.12/site-packages/airflow/example_dags/example_xcomargs.py
[2025-11-09T21:15:13.294+0000] {processor.py:925} INFO - DAG(s) 'example_xcom_args', 'example_xcom_args_with_operators' retrieved from /home/airflow/.local/lib/python3.12/site-packages/airflow/example_dags/example_xcomargs.py
[2025-11-09T21:15:13.344+0000] {logging_mixin.py:190} INFO - [2025-11-09T21:15:13.344+0000] {dag.py:3239} INFO - Sync 2 DAGs
[2025-11-09T21:15:13.373+0000] {logging_mixin.py:190} INFO - [2025-11-09T21:15:13.372+0000] {dag.py:4180} INFO - Setting next_dagrun for example_xcom_args to None, run_after=None
[2025-11-09T21:15:13.381+0000] {logging_mixin.py:190} INFO - [2025-11-09T21:15:13.380+0000] {dag.py:4180} INFO - Setting next_dagrun for example_xcom_args_with_operators to None, run_after=None
[2025-11-09T21:15:13.412+0000] {processor.py:208} INFO - Processing /home/airflow/.local/lib/python3.12/site-packages/airflow/example_dags/example_xcomargs.py took 0.172 seconds
[2025-11-09T21:15:43.863+0000] {processor.py:186} INFO - Started process (PID=1035) to work on /home/airflow/.local/lib/python3.12/site-packages/airflow/example_dags/example_xcomargs.py
[2025-11-09T21:15:43.866+0000] {processor.py:914} INFO - Processing file /home/airflow/.local/lib/python3.12/site-packages/airflow/example_dags/example_xcomargs.py for tasks to queue
[2025-11-09T21:15:43.872+0000] {logging_mixin.py:190} INFO - [2025-11-09T21:15:43.871+0000] {dagbag.py:588} INFO - Filling up the DagBag from /home/airflow/.local/lib/python3.12/site-packages/airflow/example_dags/example_xcomargs.py
[2025-11-09T21:15:43.891+0000] {processor.py:925} INFO - DAG(s) 'example_xcom_args_with_operators', 'example_xcom_args' retrieved from /home/airflow/.local/lib/python3.12/site-packages/airflow/example_dags/example_xcomargs.py
[2025-11-09T21:15:43.936+0000] {logging_mixin.py:190} INFO - [2025-11-09T21:15:43.935+0000] {dag.py:3239} INFO - Sync 2 DAGs
[2025-11-09T21:15:43.960+0000] {logging_mixin.py:190} INFO - [2025-11-09T21:15:43.959+0000] {dag.py:4180} INFO - Setting next_dagrun for example_xcom_args to None, run_after=None
[2025-11-09T21:15:43.966+0000] {logging_mixin.py:190} INFO - [2025-11-09T21:15:43.966+0000] {dag.py:4180} INFO - Setting next_dagrun for example_xcom_args_with_operators to None, run_after=None
[2025-11-09T21:15:43.991+0000] {processor.py:208} INFO - Processing /home/airflow/.local/lib/python3.12/site-packages/airflow/example_dags/example_xcomargs.py took 0.137 seconds
[2025-11-09T21:16:14.511+0000] {processor.py:186} INFO - Started process (PID=1099) to work on /home/airflow/.local/lib/python3.12/site-packages/airflow/example_dags/example_xcomargs.py
[2025-11-09T21:16:14.513+0000] {processor.py:914} INFO - Processing file /home/airflow/.local/lib/python3.12/site-packages/airflow/example_dags/example_xcomargs.py for tasks to queue
[2025-11-09T21:16:14.519+0000] {logging_mixin.py:190} INFO - [2025-11-09T21:16:14.518+0000] {dagbag.py:588} INFO - Filling up the DagBag from /home/airflow/.local/lib/python3.12/site-packages/airflow/example_dags/example_xcomargs.py
[2025-11-09T21:16:14.547+0000] {processor.py:925} INFO - DAG(s) 'example_xcom_args_with_operators', 'example_xcom_args' retrieved from /home/airflow/.local/lib/python3.12/site-packages/airflow/example_dags/example_xcomargs.py
[2025-11-09T21:16:14.599+0000] {logging_mixin.py:190} INFO - [2025-11-09T21:16:14.599+0000] {dag.py:3239} INFO - Sync 2 DAGs
[2025-11-09T21:16:14.634+0000] {logging_mixin.py:190} INFO - [2025-11-09T21:16:14.633+0000] {dag.py:4180} INFO - Setting next_dagrun for example_xcom_args to None, run_after=None
[2025-11-09T21:16:14.643+0000] {logging_mixin.py:190} INFO - [2025-11-09T21:16:14.643+0000] {dag.py:4180} INFO - Setting next_dagrun for example_xcom_args_with_operators to None, run_after=None
[2025-11-09T21:16:14.676+0000] {processor.py:208} INFO - Processing /home/airflow/.local/lib/python3.12/site-packages/airflow/example_dags/example_xcomargs.py took 0.177 seconds
[2025-11-09T21:16:45.180+0000] {processor.py:186} INFO - Started process (PID=1163) to work on /home/airflow/.local/lib/python3.12/site-packages/airflow/example_dags/example_xcomargs.py
[2025-11-09T21:16:45.182+0000] {processor.py:914} INFO - Processing file /home/airflow/.local/lib/python3.12/site-packages/airflow/example_dags/example_xcomargs.py for tasks to queue
[2025-11-09T21:16:45.187+0000] {logging_mixin.py:190} INFO - [2025-11-09T21:16:45.186+0000] {dagbag.py:588} INFO - Filling up the DagBag from /home/airflow/.local/lib/python3.12/site-packages/airflow/example_dags/example_xcomargs.py
[2025-11-09T21:16:45.210+0000] {processor.py:925} INFO - DAG(s) 'example_xcom_args_with_operators', 'example_xcom_args' retrieved from /home/airflow/.local/lib/python3.12/site-packages/airflow/example_dags/example_xcomargs.py
[2025-11-09T21:16:45.257+0000] {logging_mixin.py:190} INFO - [2025-11-09T21:16:45.256+0000] {dag.py:3239} INFO - Sync 2 DAGs
[2025-11-09T21:16:45.288+0000] {logging_mixin.py:190} INFO - [2025-11-09T21:16:45.288+0000] {dag.py:4180} INFO - Setting next_dagrun for example_xcom_args to None, run_after=None
[2025-11-09T21:16:45.297+0000] {logging_mixin.py:190} INFO - [2025-11-09T21:16:45.297+0000] {dag.py:4180} INFO - Setting next_dagrun for example_xcom_args_with_operators to None, run_after=None
[2025-11-09T21:16:45.330+0000] {processor.py:208} INFO - Processing /home/airflow/.local/lib/python3.12/site-packages/airflow/example_dags/example_xcomargs.py took 0.162 seconds
[2025-11-09T21:17:15.740+0000] {processor.py:186} INFO - Started process (PID=1227) to work on /home/airflow/.local/lib/python3.12/site-packages/airflow/example_dags/example_xcomargs.py
[2025-11-09T21:17:15.741+0000] {processor.py:914} INFO - Processing file /home/airflow/.local/lib/python3.12/site-packages/airflow/example_dags/example_xcomargs.py for tasks to queue
[2025-11-09T21:17:15.746+0000] {logging_mixin.py:190} INFO - [2025-11-09T21:17:15.746+0000] {dagbag.py:588} INFO - Filling up the DagBag from /home/airflow/.local/lib/python3.12/site-packages/airflow/example_dags/example_xcomargs.py
[2025-11-09T21:17:15.766+0000] {processor.py:925} INFO - DAG(s) 'example_xcom_args', 'example_xcom_args_with_operators' retrieved from /home/airflow/.local/lib/python3.12/site-packages/airflow/example_dags/example_xcomargs.py
[2025-11-09T21:17:15.803+0000] {logging_mixin.py:190} INFO - [2025-11-09T21:17:15.803+0000] {dag.py:3239} INFO - Sync 2 DAGs
[2025-11-09T21:17:15.825+0000] {logging_mixin.py:190} INFO - [2025-11-09T21:17:15.825+0000] {dag.py:4180} INFO - Setting next_dagrun for example_xcom_args to None, run_after=None
[2025-11-09T21:17:15.833+0000] {logging_mixin.py:190} INFO - [2025-11-09T21:17:15.833+0000] {dag.py:4180} INFO - Setting next_dagrun for example_xcom_args_with_operators to None, run_after=None
[2025-11-09T21:17:15.859+0000] {processor.py:208} INFO - Processing /home/airflow/.local/lib/python3.12/site-packages/airflow/example_dags/example_xcomargs.py took 0.129 seconds
[2025-11-09T21:17:46.471+0000] {processor.py:186} INFO - Started process (PID=1291) to work on /home/airflow/.local/lib/python3.12/site-packages/airflow/example_dags/example_xcomargs.py
[2025-11-09T21:17:46.472+0000] {processor.py:914} INFO - Processing file /home/airflow/.local/lib/python3.12/site-packages/airflow/example_dags/example_xcomargs.py for tasks to queue
[2025-11-09T21:17:46.477+0000] {logging_mixin.py:190} INFO - [2025-11-09T21:17:46.476+0000] {dagbag.py:588} INFO - Filling up the DagBag from /home/airflow/.local/lib/python3.12/site-packages/airflow/example_dags/example_xcomargs.py
[2025-11-09T21:17:46.498+0000] {processor.py:925} INFO - DAG(s) 'example_xcom_args_with_operators', 'example_xcom_args' retrieved from /home/airflow/.local/lib/python3.12/site-packages/airflow/example_dags/example_xcomargs.py
[2025-11-09T21:17:46.538+0000] {logging_mixin.py:190} INFO - [2025-11-09T21:17:46.538+0000] {dag.py:3239} INFO - Sync 2 DAGs
[2025-11-09T21:17:46.562+0000] {logging_mixin.py:190} INFO - [2025-11-09T21:17:46.562+0000] {dag.py:4180} INFO - Setting next_dagrun for example_xcom_args to None, run_after=None
[2025-11-09T21:17:46.568+0000] {logging_mixin.py:190} INFO - [2025-11-09T21:17:46.568+0000] {dag.py:4180} INFO - Setting next_dagrun for example_xcom_args_with_operators to None, run_after=None
[2025-11-09T21:17:46.595+0000] {processor.py:208} INFO - Processing /home/airflow/.local/lib/python3.12/site-packages/airflow/example_dags/example_xcomargs.py took 0.132 seconds
[2025-11-09T21:18:17.006+0000] {processor.py:186} INFO - Started process (PID=1355) to work on /home/airflow/.local/lib/python3.12/site-packages/airflow/example_dags/example_xcomargs.py
[2025-11-09T21:18:17.008+0000] {processor.py:914} INFO - Processing file /home/airflow/.local/lib/python3.12/site-packages/airflow/example_dags/example_xcomargs.py for tasks to queue
[2025-11-09T21:18:17.014+0000] {logging_mixin.py:190} INFO - [2025-11-09T21:18:17.013+0000] {dagbag.py:588} INFO - Filling up the DagBag from /home/airflow/.local/lib/python3.12/site-packages/airflow/example_dags/example_xcomargs.py
[2025-11-09T21:18:17.037+0000] {processor.py:925} INFO - DAG(s) 'example_xcom_args_with_operators', 'example_xcom_args' retrieved from /home/airflow/.local/lib/python3.12/site-packages/airflow/example_dags/example_xcomargs.py
[2025-11-09T21:18:17.085+0000] {logging_mixin.py:190} INFO - [2025-11-09T21:18:17.084+0000] {dag.py:3239} INFO - Sync 2 DAGs
[2025-11-09T21:18:17.117+0000] {logging_mixin.py:190} INFO - [2025-11-09T21:18:17.116+0000] {dag.py:4180} INFO - Setting next_dagrun for example_xcom_args to None, run_after=None
[2025-11-09T21:18:17.125+0000] {logging_mixin.py:190} INFO - [2025-11-09T21:18:17.125+0000] {dag.py:4180} INFO - Setting next_dagrun for example_xcom_args_with_operators to None, run_after=None
[2025-11-09T21:18:17.160+0000] {processor.py:208} INFO - Processing /home/airflow/.local/lib/python3.12/site-packages/airflow/example_dags/example_xcomargs.py took 0.164 seconds
[2025-11-09T21:18:47.553+0000] {processor.py:186} INFO - Started process (PID=1419) to work on /home/airflow/.local/lib/python3.12/site-packages/airflow/example_dags/example_xcomargs.py
[2025-11-09T21:18:47.555+0000] {processor.py:914} INFO - Processing file /home/airflow/.local/lib/python3.12/site-packages/airflow/example_dags/example_xcomargs.py for tasks to queue
[2025-11-09T21:18:47.561+0000] {logging_mixin.py:190} INFO - [2025-11-09T21:18:47.560+0000] {dagbag.py:588} INFO - Filling up the DagBag from /home/airflow/.local/lib/python3.12/site-packages/airflow/example_dags/example_xcomargs.py
[2025-11-09T21:18:47.581+0000] {processor.py:925} INFO - DAG(s) 'example_xcom_args_with_operators', 'example_xcom_args' retrieved from /home/airflow/.local/lib/python3.12/site-packages/airflow/example_dags/example_xcomargs.py
[2025-11-09T21:18:47.625+0000] {logging_mixin.py:190} INFO - [2025-11-09T21:18:47.625+0000] {dag.py:3239} INFO - Sync 2 DAGs
[2025-11-09T21:18:47.651+0000] {logging_mixin.py:190} INFO - [2025-11-09T21:18:47.650+0000] {dag.py:4180} INFO - Setting next_dagrun for example_xcom_args to None, run_after=None
[2025-11-09T21:18:47.659+0000] {logging_mixin.py:190} INFO - [2025-11-09T21:18:47.659+0000] {dag.py:4180} INFO - Setting next_dagrun for example_xcom_args_with_operators to None, run_after=None
[2025-11-09T21:18:47.692+0000] {processor.py:208} INFO - Processing /home/airflow/.local/lib/python3.12/site-packages/airflow/example_dags/example_xcomargs.py took 0.153 seconds
[2025-11-09T21:19:17.890+0000] {processor.py:186} INFO - Started process (PID=1482) to work on /home/airflow/.local/lib/python3.12/site-packages/airflow/example_dags/example_xcomargs.py
[2025-11-09T21:19:17.893+0000] {processor.py:914} INFO - Processing file /home/airflow/.local/lib/python3.12/site-packages/airflow/example_dags/example_xcomargs.py for tasks to queue
[2025-11-09T21:19:17.899+0000] {logging_mixin.py:190} INFO - [2025-11-09T21:19:17.898+0000] {dagbag.py:588} INFO - Filling up the DagBag from /home/airflow/.local/lib/python3.12/site-packages/airflow/example_dags/example_xcomargs.py
[2025-11-09T21:19:17.930+0000] {processor.py:925} INFO - DAG(s) 'example_xcom_args', 'example_xcom_args_with_operators' retrieved from /home/airflow/.local/lib/python3.12/site-packages/airflow/example_dags/example_xcomargs.py
[2025-11-09T21:19:17.993+0000] {logging_mixin.py:190} INFO - [2025-11-09T21:19:17.993+0000] {dag.py:3239} INFO - Sync 2 DAGs
[2025-11-09T21:19:18.038+0000] {logging_mixin.py:190} INFO - [2025-11-09T21:19:18.037+0000] {dag.py:4180} INFO - Setting next_dagrun for example_xcom_args to None, run_after=None
[2025-11-09T21:19:18.050+0000] {logging_mixin.py:190} INFO - [2025-11-09T21:19:18.050+0000] {dag.py:4180} INFO - Setting next_dagrun for example_xcom_args_with_operators to None, run_after=None
[2025-11-09T21:19:18.089+0000] {processor.py:208} INFO - Processing /home/airflow/.local/lib/python3.12/site-packages/airflow/example_dags/example_xcomargs.py took 0.215 seconds
[2025-11-09T21:19:48.515+0000] {processor.py:186} INFO - Started process (PID=1546) to work on /home/airflow/.local/lib/python3.12/site-packages/airflow/example_dags/example_xcomargs.py
[2025-11-09T21:19:48.519+0000] {processor.py:914} INFO - Processing file /home/airflow/.local/lib/python3.12/site-packages/airflow/example_dags/example_xcomargs.py for tasks to queue
[2025-11-09T21:19:48.532+0000] {logging_mixin.py:190} INFO - [2025-11-09T21:19:48.531+0000] {dagbag.py:588} INFO - Filling up the DagBag from /home/airflow/.local/lib/python3.12/site-packages/airflow/example_dags/example_xcomargs.py
[2025-11-09T21:19:48.577+0000] {processor.py:925} INFO - DAG(s) 'example_xcom_args_with_operators', 'example_xcom_args' retrieved from /home/airflow/.local/lib/python3.12/site-packages/airflow/example_dags/example_xcomargs.py
[2025-11-09T21:19:48.669+0000] {logging_mixin.py:190} INFO - [2025-11-09T21:19:48.668+0000] {dag.py:3239} INFO - Sync 2 DAGs
[2025-11-09T21:19:48.720+0000] {logging_mixin.py:190} INFO - [2025-11-09T21:19:48.720+0000] {dag.py:4180} INFO - Setting next_dagrun for example_xcom_args to None, run_after=None
[2025-11-09T21:19:48.733+0000] {logging_mixin.py:190} INFO - [2025-11-09T21:19:48.733+0000] {dag.py:4180} INFO - Setting next_dagrun for example_xcom_args_with_operators to None, run_after=None
[2025-11-09T21:19:48.785+0000] {processor.py:208} INFO - Processing /home/airflow/.local/lib/python3.12/site-packages/airflow/example_dags/example_xcomargs.py took 0.294 seconds
[2025-11-09T21:20:19.140+0000] {processor.py:186} INFO - Started process (PID=1610) to work on /home/airflow/.local/lib/python3.12/site-packages/airflow/example_dags/example_xcomargs.py
[2025-11-09T21:20:19.144+0000] {processor.py:914} INFO - Processing file /home/airflow/.local/lib/python3.12/site-packages/airflow/example_dags/example_xcomargs.py for tasks to queue
[2025-11-09T21:20:19.152+0000] {logging_mixin.py:190} INFO - [2025-11-09T21:20:19.151+0000] {dagbag.py:588} INFO - Filling up the DagBag from /home/airflow/.local/lib/python3.12/site-packages/airflow/example_dags/example_xcomargs.py
[2025-11-09T21:20:19.188+0000] {processor.py:925} INFO - DAG(s) 'example_xcom_args', 'example_xcom_args_with_operators' retrieved from /home/airflow/.local/lib/python3.12/site-packages/airflow/example_dags/example_xcomargs.py
[2025-11-09T21:20:19.259+0000] {logging_mixin.py:190} INFO - [2025-11-09T21:20:19.258+0000] {dag.py:3239} INFO - Sync 2 DAGs
[2025-11-09T21:20:19.301+0000] {logging_mixin.py:190} INFO - [2025-11-09T21:20:19.301+0000] {dag.py:4180} INFO - Setting next_dagrun for example_xcom_args to None, run_after=None
[2025-11-09T21:20:19.311+0000] {logging_mixin.py:190} INFO - [2025-11-09T21:20:19.310+0000] {dag.py:4180} INFO - Setting next_dagrun for example_xcom_args_with_operators to None, run_after=None
[2025-11-09T21:20:19.365+0000] {processor.py:208} INFO - Processing /home/airflow/.local/lib/python3.12/site-packages/airflow/example_dags/example_xcomargs.py took 0.244 seconds
[2025-11-09T21:20:49.613+0000] {processor.py:186} INFO - Started process (PID=1673) to work on /home/airflow/.local/lib/python3.12/site-packages/airflow/example_dags/example_xcomargs.py
[2025-11-09T21:20:49.616+0000] {processor.py:914} INFO - Processing file /home/airflow/.local/lib/python3.12/site-packages/airflow/example_dags/example_xcomargs.py for tasks to queue
[2025-11-09T21:20:49.626+0000] {logging_mixin.py:190} INFO - [2025-11-09T21:20:49.625+0000] {dagbag.py:588} INFO - Filling up the DagBag from /home/airflow/.local/lib/python3.12/site-packages/airflow/example_dags/example_xcomargs.py
[2025-11-09T21:20:49.658+0000] {processor.py:925} INFO - DAG(s) 'example_xcom_args', 'example_xcom_args_with_operators' retrieved from /home/airflow/.local/lib/python3.12/site-packages/airflow/example_dags/example_xcomargs.py
[2025-11-09T21:20:49.725+0000] {logging_mixin.py:190} INFO - [2025-11-09T21:20:49.724+0000] {dag.py:3239} INFO - Sync 2 DAGs
[2025-11-09T21:20:49.771+0000] {logging_mixin.py:190} INFO - [2025-11-09T21:20:49.771+0000] {dag.py:4180} INFO - Setting next_dagrun for example_xcom_args to None, run_after=None
[2025-11-09T21:20:49.783+0000] {logging_mixin.py:190} INFO - [2025-11-09T21:20:49.783+0000] {dag.py:4180} INFO - Setting next_dagrun for example_xcom_args_with_operators to None, run_after=None
[2025-11-09T21:20:49.830+0000] {processor.py:208} INFO - Processing /home/airflow/.local/lib/python3.12/site-packages/airflow/example_dags/example_xcomargs.py took 0.230 seconds
[2025-11-09T21:21:23.439+0000] {processor.py:186} INFO - Started process (PID=1744) to work on /home/airflow/.local/lib/python3.12/site-packages/airflow/example_dags/example_xcomargs.py
[2025-11-09T21:21:23.442+0000] {processor.py:914} INFO - Processing file /home/airflow/.local/lib/python3.12/site-packages/airflow/example_dags/example_xcomargs.py for tasks to queue
[2025-11-09T21:21:23.450+0000] {logging_mixin.py:190} INFO - [2025-11-09T21:21:23.449+0000] {dagbag.py:588} INFO - Filling up the DagBag from /home/airflow/.local/lib/python3.12/site-packages/airflow/example_dags/example_xcomargs.py
[2025-11-09T21:21:23.492+0000] {processor.py:925} INFO - DAG(s) 'example_xcom_args_with_operators', 'example_xcom_args' retrieved from /home/airflow/.local/lib/python3.12/site-packages/airflow/example_dags/example_xcomargs.py
[2025-11-09T21:21:23.582+0000] {logging_mixin.py:190} INFO - [2025-11-09T21:21:23.582+0000] {dag.py:3239} INFO - Sync 2 DAGs
[2025-11-09T21:21:23.635+0000] {logging_mixin.py:190} INFO - [2025-11-09T21:21:23.634+0000] {dag.py:4180} INFO - Setting next_dagrun for example_xcom_args to None, run_after=None
[2025-11-09T21:21:23.646+0000] {logging_mixin.py:190} INFO - [2025-11-09T21:21:23.645+0000] {dag.py:4180} INFO - Setting next_dagrun for example_xcom_args_with_operators to None, run_after=None
[2025-11-09T21:21:23.689+0000] {processor.py:208} INFO - Processing /home/airflow/.local/lib/python3.12/site-packages/airflow/example_dags/example_xcomargs.py took 0.273 seconds
[2025-11-09T21:21:54.042+0000] {processor.py:186} INFO - Started process (PID=1808) to work on /home/airflow/.local/lib/python3.12/site-packages/airflow/example_dags/example_xcomargs.py
[2025-11-09T21:21:54.045+0000] {processor.py:914} INFO - Processing file /home/airflow/.local/lib/python3.12/site-packages/airflow/example_dags/example_xcomargs.py for tasks to queue
[2025-11-09T21:21:54.052+0000] {logging_mixin.py:190} INFO - [2025-11-09T21:21:54.051+0000] {dagbag.py:588} INFO - Filling up the DagBag from /home/airflow/.local/lib/python3.12/site-packages/airflow/example_dags/example_xcomargs.py
[2025-11-09T21:21:54.085+0000] {processor.py:925} INFO - DAG(s) 'example_xcom_args_with_operators', 'example_xcom_args' retrieved from /home/airflow/.local/lib/python3.12/site-packages/airflow/example_dags/example_xcomargs.py
[2025-11-09T21:21:54.149+0000] {logging_mixin.py:190} INFO - [2025-11-09T21:21:54.149+0000] {dag.py:3239} INFO - Sync 2 DAGs
[2025-11-09T21:21:54.184+0000] {logging_mixin.py:190} INFO - [2025-11-09T21:21:54.184+0000] {dag.py:4180} INFO - Setting next_dagrun for example_xcom_args to None, run_after=None
[2025-11-09T21:21:54.194+0000] {logging_mixin.py:190} INFO - [2025-11-09T21:21:54.193+0000] {dag.py:4180} INFO - Setting next_dagrun for example_xcom_args_with_operators to None, run_after=None
[2025-11-09T21:21:54.236+0000] {processor.py:208} INFO - Processing /home/airflow/.local/lib/python3.12/site-packages/airflow/example_dags/example_xcomargs.py took 0.207 seconds
[2025-11-09T21:22:24.896+0000] {processor.py:186} INFO - Started process (PID=1872) to work on /home/airflow/.local/lib/python3.12/site-packages/airflow/example_dags/example_xcomargs.py
[2025-11-09T21:22:24.898+0000] {processor.py:914} INFO - Processing file /home/airflow/.local/lib/python3.12/site-packages/airflow/example_dags/example_xcomargs.py for tasks to queue
[2025-11-09T21:22:24.904+0000] {logging_mixin.py:190} INFO - [2025-11-09T21:22:24.903+0000] {dagbag.py:588} INFO - Filling up the DagBag from /home/airflow/.local/lib/python3.12/site-packages/airflow/example_dags/example_xcomargs.py
[2025-11-09T21:22:24.925+0000] {processor.py:925} INFO - DAG(s) 'example_xcom_args', 'example_xcom_args_with_operators' retrieved from /home/airflow/.local/lib/python3.12/site-packages/airflow/example_dags/example_xcomargs.py
[2025-11-09T21:22:24.977+0000] {logging_mixin.py:190} INFO - [2025-11-09T21:22:24.977+0000] {dag.py:3239} INFO - Sync 2 DAGs
[2025-11-09T21:22:25.010+0000] {logging_mixin.py:190} INFO - [2025-11-09T21:22:25.010+0000] {dag.py:4180} INFO - Setting next_dagrun for example_xcom_args to None, run_after=None
[2025-11-09T21:22:25.018+0000] {logging_mixin.py:190} INFO - [2025-11-09T21:22:25.018+0000] {dag.py:4180} INFO - Setting next_dagrun for example_xcom_args_with_operators to None, run_after=None
[2025-11-09T21:22:25.048+0000] {processor.py:208} INFO - Processing /home/airflow/.local/lib/python3.12/site-packages/airflow/example_dags/example_xcomargs.py took 0.168 seconds
[2025-11-09T21:22:56.246+0000] {processor.py:186} INFO - Started process (PID=1936) to work on /home/airflow/.local/lib/python3.12/site-packages/airflow/example_dags/example_xcomargs.py
[2025-11-09T21:22:56.248+0000] {processor.py:914} INFO - Processing file /home/airflow/.local/lib/python3.12/site-packages/airflow/example_dags/example_xcomargs.py for tasks to queue
[2025-11-09T21:22:56.254+0000] {logging_mixin.py:190} INFO - [2025-11-09T21:22:56.253+0000] {dagbag.py:588} INFO - Filling up the DagBag from /home/airflow/.local/lib/python3.12/site-packages/airflow/example_dags/example_xcomargs.py
[2025-11-09T21:22:56.279+0000] {processor.py:925} INFO - DAG(s) 'example_xcom_args', 'example_xcom_args_with_operators' retrieved from /home/airflow/.local/lib/python3.12/site-packages/airflow/example_dags/example_xcomargs.py
[2025-11-09T21:22:56.328+0000] {logging_mixin.py:190} INFO - [2025-11-09T21:22:56.328+0000] {dag.py:3239} INFO - Sync 2 DAGs
[2025-11-09T21:22:56.363+0000] {logging_mixin.py:190} INFO - [2025-11-09T21:22:56.362+0000] {dag.py:4180} INFO - Setting next_dagrun for example_xcom_args to None, run_after=None
[2025-11-09T21:22:56.371+0000] {logging_mixin.py:190} INFO - [2025-11-09T21:22:56.371+0000] {dag.py:4180} INFO - Setting next_dagrun for example_xcom_args_with_operators to None, run_after=None
[2025-11-09T21:22:56.409+0000] {processor.py:208} INFO - Processing /home/airflow/.local/lib/python3.12/site-packages/airflow/example_dags/example_xcomargs.py took 0.176 seconds
[2025-11-09T21:23:26.520+0000] {processor.py:186} INFO - Started process (PID=1999) to work on /home/airflow/.local/lib/python3.12/site-packages/airflow/example_dags/example_xcomargs.py
[2025-11-09T21:23:26.523+0000] {processor.py:914} INFO - Processing file /home/airflow/.local/lib/python3.12/site-packages/airflow/example_dags/example_xcomargs.py for tasks to queue
[2025-11-09T21:23:26.528+0000] {logging_mixin.py:190} INFO - [2025-11-09T21:23:26.527+0000] {dagbag.py:588} INFO - Filling up the DagBag from /home/airflow/.local/lib/python3.12/site-packages/airflow/example_dags/example_xcomargs.py
[2025-11-09T21:23:26.543+0000] {processor.py:925} INFO - DAG(s) 'example_xcom_args', 'example_xcom_args_with_operators' retrieved from /home/airflow/.local/lib/python3.12/site-packages/airflow/example_dags/example_xcomargs.py
[2025-11-09T21:23:26.581+0000] {logging_mixin.py:190} INFO - [2025-11-09T21:23:26.580+0000] {dag.py:3239} INFO - Sync 2 DAGs
[2025-11-09T21:23:26.610+0000] {logging_mixin.py:190} INFO - [2025-11-09T21:23:26.609+0000] {dag.py:4180} INFO - Setting next_dagrun for example_xcom_args to None, run_after=None
[2025-11-09T21:23:26.616+0000] {logging_mixin.py:190} INFO - [2025-11-09T21:23:26.616+0000] {dag.py:4180} INFO - Setting next_dagrun for example_xcom_args_with_operators to None, run_after=None
[2025-11-09T21:23:26.644+0000] {processor.py:208} INFO - Processing /home/airflow/.local/lib/python3.12/site-packages/airflow/example_dags/example_xcomargs.py took 0.133 seconds
[2025-11-09T21:23:57.557+0000] {processor.py:186} INFO - Started process (PID=2063) to work on /home/airflow/.local/lib/python3.12/site-packages/airflow/example_dags/example_xcomargs.py
[2025-11-09T21:23:57.560+0000] {processor.py:914} INFO - Processing file /home/airflow/.local/lib/python3.12/site-packages/airflow/example_dags/example_xcomargs.py for tasks to queue
[2025-11-09T21:23:57.568+0000] {logging_mixin.py:190} INFO - [2025-11-09T21:23:57.567+0000] {dagbag.py:588} INFO - Filling up the DagBag from /home/airflow/.local/lib/python3.12/site-packages/airflow/example_dags/example_xcomargs.py
[2025-11-09T21:23:57.595+0000] {processor.py:925} INFO - DAG(s) 'example_xcom_args_with_operators', 'example_xcom_args' retrieved from /home/airflow/.local/lib/python3.12/site-packages/airflow/example_dags/example_xcomargs.py
[2025-11-09T21:23:57.653+0000] {logging_mixin.py:190} INFO - [2025-11-09T21:23:57.653+0000] {dag.py:3239} INFO - Sync 2 DAGs
[2025-11-09T21:23:57.690+0000] {logging_mixin.py:190} INFO - [2025-11-09T21:23:57.690+0000] {dag.py:4180} INFO - Setting next_dagrun for example_xcom_args to None, run_after=None
[2025-11-09T21:23:57.700+0000] {logging_mixin.py:190} INFO - [2025-11-09T21:23:57.699+0000] {dag.py:4180} INFO - Setting next_dagrun for example_xcom_args_with_operators to None, run_after=None
[2025-11-09T21:23:57.739+0000] {processor.py:208} INFO - Processing /home/airflow/.local/lib/python3.12/site-packages/airflow/example_dags/example_xcomargs.py took 0.200 seconds
[2025-11-09T21:24:28.641+0000] {processor.py:186} INFO - Started process (PID=2127) to work on /home/airflow/.local/lib/python3.12/site-packages/airflow/example_dags/example_xcomargs.py
[2025-11-09T21:24:28.643+0000] {processor.py:914} INFO - Processing file /home/airflow/.local/lib/python3.12/site-packages/airflow/example_dags/example_xcomargs.py for tasks to queue
[2025-11-09T21:24:28.648+0000] {logging_mixin.py:190} INFO - [2025-11-09T21:24:28.647+0000] {dagbag.py:588} INFO - Filling up the DagBag from /home/airflow/.local/lib/python3.12/site-packages/airflow/example_dags/example_xcomargs.py
[2025-11-09T21:24:28.666+0000] {processor.py:925} INFO - DAG(s) 'example_xcom_args', 'example_xcom_args_with_operators' retrieved from /home/airflow/.local/lib/python3.12/site-packages/airflow/example_dags/example_xcomargs.py
[2025-11-09T21:24:28.708+0000] {logging_mixin.py:190} INFO - [2025-11-09T21:24:28.708+0000] {dag.py:3239} INFO - Sync 2 DAGs
[2025-11-09T21:24:28.736+0000] {logging_mixin.py:190} INFO - [2025-11-09T21:24:28.735+0000] {dag.py:4180} INFO - Setting next_dagrun for example_xcom_args to None, run_after=None
[2025-11-09T21:24:28.744+0000] {logging_mixin.py:190} INFO - [2025-11-09T21:24:28.744+0000] {dag.py:4180} INFO - Setting next_dagrun for example_xcom_args_with_operators to None, run_after=None
[2025-11-09T21:24:28.772+0000] {processor.py:208} INFO - Processing /home/airflow/.local/lib/python3.12/site-packages/airflow/example_dags/example_xcomargs.py took 0.141 seconds
[2025-11-09T21:24:59.541+0000] {processor.py:186} INFO - Started process (PID=2191) to work on /home/airflow/.local/lib/python3.12/site-packages/airflow/example_dags/example_xcomargs.py
[2025-11-09T21:24:59.545+0000] {processor.py:914} INFO - Processing file /home/airflow/.local/lib/python3.12/site-packages/airflow/example_dags/example_xcomargs.py for tasks to queue
[2025-11-09T21:24:59.552+0000] {logging_mixin.py:190} INFO - [2025-11-09T21:24:59.551+0000] {dagbag.py:588} INFO - Filling up the DagBag from /home/airflow/.local/lib/python3.12/site-packages/airflow/example_dags/example_xcomargs.py
[2025-11-09T21:24:59.590+0000] {processor.py:925} INFO - DAG(s) 'example_xcom_args_with_operators', 'example_xcom_args' retrieved from /home/airflow/.local/lib/python3.12/site-packages/airflow/example_dags/example_xcomargs.py
[2025-11-09T21:24:59.672+0000] {logging_mixin.py:190} INFO - [2025-11-09T21:24:59.672+0000] {dag.py:3239} INFO - Sync 2 DAGs
[2025-11-09T21:24:59.725+0000] {logging_mixin.py:190} INFO - [2025-11-09T21:24:59.724+0000] {dag.py:4180} INFO - Setting next_dagrun for example_xcom_args to None, run_after=None
[2025-11-09T21:24:59.736+0000] {logging_mixin.py:190} INFO - [2025-11-09T21:24:59.735+0000] {dag.py:4180} INFO - Setting next_dagrun for example_xcom_args_with_operators to None, run_after=None
[2025-11-09T21:24:59.783+0000] {processor.py:208} INFO - Processing /home/airflow/.local/lib/python3.12/site-packages/airflow/example_dags/example_xcomargs.py took 0.261 seconds
[2025-11-09T21:25:30.050+0000] {processor.py:186} INFO - Started process (PID=2254) to work on /home/airflow/.local/lib/python3.12/site-packages/airflow/example_dags/example_xcomargs.py
[2025-11-09T21:25:30.054+0000] {processor.py:914} INFO - Processing file /home/airflow/.local/lib/python3.12/site-packages/airflow/example_dags/example_xcomargs.py for tasks to queue
[2025-11-09T21:25:30.065+0000] {logging_mixin.py:190} INFO - [2025-11-09T21:25:30.062+0000] {dagbag.py:588} INFO - Filling up the DagBag from /home/airflow/.local/lib/python3.12/site-packages/airflow/example_dags/example_xcomargs.py
[2025-11-09T21:25:30.143+0000] {processor.py:925} INFO - DAG(s) 'example_xcom_args_with_operators', 'example_xcom_args' retrieved from /home/airflow/.local/lib/python3.12/site-packages/airflow/example_dags/example_xcomargs.py
[2025-11-09T21:25:30.270+0000] {logging_mixin.py:190} INFO - [2025-11-09T21:25:30.269+0000] {dag.py:3239} INFO - Sync 2 DAGs
[2025-11-09T21:25:30.328+0000] {logging_mixin.py:190} INFO - [2025-11-09T21:25:30.327+0000] {dag.py:4180} INFO - Setting next_dagrun for example_xcom_args to None, run_after=None
[2025-11-09T21:25:30.349+0000] {logging_mixin.py:190} INFO - [2025-11-09T21:25:30.346+0000] {dag.py:4180} INFO - Setting next_dagrun for example_xcom_args_with_operators to None, run_after=None
[2025-11-09T21:25:30.465+0000] {processor.py:208} INFO - Processing /home/airflow/.local/lib/python3.12/site-packages/airflow/example_dags/example_xcomargs.py took 0.437 seconds
[2025-11-09T21:26:01.237+0000] {processor.py:186} INFO - Started process (PID=2318) to work on /home/airflow/.local/lib/python3.12/site-packages/airflow/example_dags/example_xcomargs.py
[2025-11-09T21:26:01.242+0000] {processor.py:914} INFO - Processing file /home/airflow/.local/lib/python3.12/site-packages/airflow/example_dags/example_xcomargs.py for tasks to queue
[2025-11-09T21:26:01.255+0000] {logging_mixin.py:190} INFO - [2025-11-09T21:26:01.254+0000] {dagbag.py:588} INFO - Filling up the DagBag from /home/airflow/.local/lib/python3.12/site-packages/airflow/example_dags/example_xcomargs.py
[2025-11-09T21:26:01.300+0000] {processor.py:925} INFO - DAG(s) 'example_xcom_args_with_operators', 'example_xcom_args' retrieved from /home/airflow/.local/lib/python3.12/site-packages/airflow/example_dags/example_xcomargs.py
[2025-11-09T21:26:01.414+0000] {logging_mixin.py:190} INFO - [2025-11-09T21:26:01.413+0000] {dag.py:3239} INFO - Sync 2 DAGs
[2025-11-09T21:26:01.495+0000] {logging_mixin.py:190} INFO - [2025-11-09T21:26:01.495+0000] {dag.py:4180} INFO - Setting next_dagrun for example_xcom_args to None, run_after=None
[2025-11-09T21:26:01.513+0000] {logging_mixin.py:190} INFO - [2025-11-09T21:26:01.512+0000] {dag.py:4180} INFO - Setting next_dagrun for example_xcom_args_with_operators to None, run_after=None
[2025-11-09T21:26:01.580+0000] {processor.py:208} INFO - Processing /home/airflow/.local/lib/python3.12/site-packages/airflow/example_dags/example_xcomargs.py took 0.367 seconds
[2025-11-09T21:26:32.502+0000] {processor.py:186} INFO - Started process (PID=2382) to work on /home/airflow/.local/lib/python3.12/site-packages/airflow/example_dags/example_xcomargs.py
[2025-11-09T21:26:32.562+0000] {processor.py:914} INFO - Processing file /home/airflow/.local/lib/python3.12/site-packages/airflow/example_dags/example_xcomargs.py for tasks to queue
[2025-11-09T21:26:32.583+0000] {logging_mixin.py:190} INFO - [2025-11-09T21:26:32.581+0000] {dagbag.py:588} INFO - Filling up the DagBag from /home/airflow/.local/lib/python3.12/site-packages/airflow/example_dags/example_xcomargs.py
[2025-11-09T21:26:32.702+0000] {processor.py:925} INFO - DAG(s) 'example_xcom_args_with_operators', 'example_xcom_args' retrieved from /home/airflow/.local/lib/python3.12/site-packages/airflow/example_dags/example_xcomargs.py
[2025-11-09T21:26:32.839+0000] {logging_mixin.py:190} INFO - [2025-11-09T21:26:32.837+0000] {dag.py:3239} INFO - Sync 2 DAGs
[2025-11-09T21:26:32.962+0000] {logging_mixin.py:190} INFO - [2025-11-09T21:26:32.961+0000] {dag.py:4180} INFO - Setting next_dagrun for example_xcom_args to None, run_after=None
[2025-11-09T21:26:33.005+0000] {logging_mixin.py:190} INFO - [2025-11-09T21:26:33.004+0000] {dag.py:4180} INFO - Setting next_dagrun for example_xcom_args_with_operators to None, run_after=None
[2025-11-09T21:26:33.087+0000] {processor.py:208} INFO - Processing /home/airflow/.local/lib/python3.12/site-packages/airflow/example_dags/example_xcomargs.py took 0.633 seconds
[2025-11-09T21:27:03.368+0000] {processor.py:186} INFO - Started process (PID=2447) to work on /home/airflow/.local/lib/python3.12/site-packages/airflow/example_dags/example_xcomargs.py
[2025-11-09T21:27:03.371+0000] {processor.py:914} INFO - Processing file /home/airflow/.local/lib/python3.12/site-packages/airflow/example_dags/example_xcomargs.py for tasks to queue
[2025-11-09T21:27:03.378+0000] {logging_mixin.py:190} INFO - [2025-11-09T21:27:03.377+0000] {dagbag.py:588} INFO - Filling up the DagBag from /home/airflow/.local/lib/python3.12/site-packages/airflow/example_dags/example_xcomargs.py
[2025-11-09T21:27:03.404+0000] {processor.py:925} INFO - DAG(s) 'example_xcom_args_with_operators', 'example_xcom_args' retrieved from /home/airflow/.local/lib/python3.12/site-packages/airflow/example_dags/example_xcomargs.py
[2025-11-09T21:27:03.451+0000] {logging_mixin.py:190} INFO - [2025-11-09T21:27:03.451+0000] {dag.py:3239} INFO - Sync 2 DAGs
[2025-11-09T21:27:03.479+0000] {logging_mixin.py:190} INFO - [2025-11-09T21:27:03.478+0000] {dag.py:4180} INFO - Setting next_dagrun for example_xcom_args to None, run_after=None
[2025-11-09T21:27:03.486+0000] {logging_mixin.py:190} INFO - [2025-11-09T21:27:03.486+0000] {dag.py:4180} INFO - Setting next_dagrun for example_xcom_args_with_operators to None, run_after=None
[2025-11-09T21:27:03.519+0000] {processor.py:208} INFO - Processing /home/airflow/.local/lib/python3.12/site-packages/airflow/example_dags/example_xcomargs.py took 0.165 seconds
[2025-11-09T21:27:33.679+0000] {processor.py:186} INFO - Started process (PID=2511) to work on /home/airflow/.local/lib/python3.12/site-packages/airflow/example_dags/example_xcomargs.py
[2025-11-09T21:27:33.681+0000] {processor.py:914} INFO - Processing file /home/airflow/.local/lib/python3.12/site-packages/airflow/example_dags/example_xcomargs.py for tasks to queue
[2025-11-09T21:27:33.687+0000] {logging_mixin.py:190} INFO - [2025-11-09T21:27:33.685+0000] {dagbag.py:588} INFO - Filling up the DagBag from /home/airflow/.local/lib/python3.12/site-packages/airflow/example_dags/example_xcomargs.py
[2025-11-09T21:27:33.706+0000] {processor.py:925} INFO - DAG(s) 'example_xcom_args', 'example_xcom_args_with_operators' retrieved from /home/airflow/.local/lib/python3.12/site-packages/airflow/example_dags/example_xcomargs.py
[2025-11-09T21:27:33.750+0000] {logging_mixin.py:190} INFO - [2025-11-09T21:27:33.749+0000] {dag.py:3239} INFO - Sync 2 DAGs
[2025-11-09T21:27:33.781+0000] {logging_mixin.py:190} INFO - [2025-11-09T21:27:33.780+0000] {dag.py:4180} INFO - Setting next_dagrun for example_xcom_args to None, run_after=None
[2025-11-09T21:27:33.790+0000] {logging_mixin.py:190} INFO - [2025-11-09T21:27:33.790+0000] {dag.py:4180} INFO - Setting next_dagrun for example_xcom_args_with_operators to None, run_after=None
[2025-11-09T21:27:33.823+0000] {processor.py:208} INFO - Processing /home/airflow/.local/lib/python3.12/site-packages/airflow/example_dags/example_xcomargs.py took 0.158 seconds
[2025-11-09T21:28:04.634+0000] {processor.py:186} INFO - Started process (PID=2576) to work on /home/airflow/.local/lib/python3.12/site-packages/airflow/example_dags/example_xcomargs.py
[2025-11-09T21:28:04.638+0000] {processor.py:914} INFO - Processing file /home/airflow/.local/lib/python3.12/site-packages/airflow/example_dags/example_xcomargs.py for tasks to queue
[2025-11-09T21:28:04.648+0000] {logging_mixin.py:190} INFO - [2025-11-09T21:28:04.647+0000] {dagbag.py:588} INFO - Filling up the DagBag from /home/airflow/.local/lib/python3.12/site-packages/airflow/example_dags/example_xcomargs.py
[2025-11-09T21:28:04.685+0000] {processor.py:925} INFO - DAG(s) 'example_xcom_args_with_operators', 'example_xcom_args' retrieved from /home/airflow/.local/lib/python3.12/site-packages/airflow/example_dags/example_xcomargs.py
[2025-11-09T21:28:04.750+0000] {logging_mixin.py:190} INFO - [2025-11-09T21:28:04.749+0000] {dag.py:3239} INFO - Sync 2 DAGs
[2025-11-09T21:28:04.788+0000] {logging_mixin.py:190} INFO - [2025-11-09T21:28:04.788+0000] {dag.py:4180} INFO - Setting next_dagrun for example_xcom_args to None, run_after=None
[2025-11-09T21:28:04.801+0000] {logging_mixin.py:190} INFO - [2025-11-09T21:28:04.800+0000] {dag.py:4180} INFO - Setting next_dagrun for example_xcom_args_with_operators to None, run_after=None
[2025-11-09T21:28:04.851+0000] {processor.py:208} INFO - Processing /home/airflow/.local/lib/python3.12/site-packages/airflow/example_dags/example_xcomargs.py took 0.254 seconds
[2025-11-09T21:28:34.978+0000] {processor.py:186} INFO - Started process (PID=2640) to work on /home/airflow/.local/lib/python3.12/site-packages/airflow/example_dags/example_xcomargs.py
[2025-11-09T21:28:34.980+0000] {processor.py:914} INFO - Processing file /home/airflow/.local/lib/python3.12/site-packages/airflow/example_dags/example_xcomargs.py for tasks to queue
[2025-11-09T21:28:34.983+0000] {logging_mixin.py:190} INFO - [2025-11-09T21:28:34.983+0000] {dagbag.py:588} INFO - Filling up the DagBag from /home/airflow/.local/lib/python3.12/site-packages/airflow/example_dags/example_xcomargs.py
[2025-11-09T21:28:35.001+0000] {processor.py:925} INFO - DAG(s) 'example_xcom_args_with_operators', 'example_xcom_args' retrieved from /home/airflow/.local/lib/python3.12/site-packages/airflow/example_dags/example_xcomargs.py
[2025-11-09T21:28:35.039+0000] {logging_mixin.py:190} INFO - [2025-11-09T21:28:35.039+0000] {dag.py:3239} INFO - Sync 2 DAGs
[2025-11-09T21:28:35.060+0000] {logging_mixin.py:190} INFO - [2025-11-09T21:28:35.060+0000] {dag.py:4180} INFO - Setting next_dagrun for example_xcom_args to None, run_after=None
[2025-11-09T21:28:35.065+0000] {logging_mixin.py:190} INFO - [2025-11-09T21:28:35.065+0000] {dag.py:4180} INFO - Setting next_dagrun for example_xcom_args_with_operators to None, run_after=None
[2025-11-09T21:28:35.088+0000] {processor.py:208} INFO - Processing /home/airflow/.local/lib/python3.12/site-packages/airflow/example_dags/example_xcomargs.py took 0.120 seconds
[2025-11-09T21:29:06.853+0000] {processor.py:186} INFO - Started process (PID=2705) to work on /home/airflow/.local/lib/python3.12/site-packages/airflow/example_dags/example_xcomargs.py
[2025-11-09T21:29:06.855+0000] {processor.py:914} INFO - Processing file /home/airflow/.local/lib/python3.12/site-packages/airflow/example_dags/example_xcomargs.py for tasks to queue
[2025-11-09T21:29:06.862+0000] {logging_mixin.py:190} INFO - [2025-11-09T21:29:06.861+0000] {dagbag.py:588} INFO - Filling up the DagBag from /home/airflow/.local/lib/python3.12/site-packages/airflow/example_dags/example_xcomargs.py
[2025-11-09T21:29:06.889+0000] {processor.py:925} INFO - DAG(s) 'example_xcom_args', 'example_xcom_args_with_operators' retrieved from /home/airflow/.local/lib/python3.12/site-packages/airflow/example_dags/example_xcomargs.py
[2025-11-09T21:29:06.955+0000] {logging_mixin.py:190} INFO - [2025-11-09T21:29:06.954+0000] {dag.py:3239} INFO - Sync 2 DAGs
[2025-11-09T21:29:07.008+0000] {logging_mixin.py:190} INFO - [2025-11-09T21:29:07.008+0000] {dag.py:4180} INFO - Setting next_dagrun for example_xcom_args to None, run_after=None
[2025-11-09T21:29:07.018+0000] {logging_mixin.py:190} INFO - [2025-11-09T21:29:07.017+0000] {dag.py:4180} INFO - Setting next_dagrun for example_xcom_args_with_operators to None, run_after=None
[2025-11-09T21:29:07.055+0000] {processor.py:208} INFO - Processing /home/airflow/.local/lib/python3.12/site-packages/airflow/example_dags/example_xcomargs.py took 0.219 seconds
[2025-11-09T21:29:38.203+0000] {processor.py:186} INFO - Started process (PID=2771) to work on /home/airflow/.local/lib/python3.12/site-packages/airflow/example_dags/example_xcomargs.py
[2025-11-09T21:29:38.205+0000] {processor.py:914} INFO - Processing file /home/airflow/.local/lib/python3.12/site-packages/airflow/example_dags/example_xcomargs.py for tasks to queue
[2025-11-09T21:29:38.209+0000] {logging_mixin.py:190} INFO - [2025-11-09T21:29:38.208+0000] {dagbag.py:588} INFO - Filling up the DagBag from /home/airflow/.local/lib/python3.12/site-packages/airflow/example_dags/example_xcomargs.py
[2025-11-09T21:29:38.229+0000] {processor.py:925} INFO - DAG(s) 'example_xcom_args', 'example_xcom_args_with_operators' retrieved from /home/airflow/.local/lib/python3.12/site-packages/airflow/example_dags/example_xcomargs.py
[2025-11-09T21:29:38.269+0000] {logging_mixin.py:190} INFO - [2025-11-09T21:29:38.269+0000] {dag.py:3239} INFO - Sync 2 DAGs
[2025-11-09T21:29:38.294+0000] {logging_mixin.py:190} INFO - [2025-11-09T21:29:38.293+0000] {dag.py:4180} INFO - Setting next_dagrun for example_xcom_args to None, run_after=None
[2025-11-09T21:29:38.299+0000] {logging_mixin.py:190} INFO - [2025-11-09T21:29:38.299+0000] {dag.py:4180} INFO - Setting next_dagrun for example_xcom_args_with_operators to None, run_after=None
[2025-11-09T21:29:38.325+0000] {processor.py:208} INFO - Processing /home/airflow/.local/lib/python3.12/site-packages/airflow/example_dags/example_xcomargs.py took 0.134 seconds
[2025-11-09T21:30:08.666+0000] {processor.py:186} INFO - Started process (PID=2835) to work on /home/airflow/.local/lib/python3.12/site-packages/airflow/example_dags/example_xcomargs.py
[2025-11-09T21:30:08.668+0000] {processor.py:914} INFO - Processing file /home/airflow/.local/lib/python3.12/site-packages/airflow/example_dags/example_xcomargs.py for tasks to queue
[2025-11-09T21:30:08.673+0000] {logging_mixin.py:190} INFO - [2025-11-09T21:30:08.673+0000] {dagbag.py:588} INFO - Filling up the DagBag from /home/airflow/.local/lib/python3.12/site-packages/airflow/example_dags/example_xcomargs.py
[2025-11-09T21:30:08.719+0000] {processor.py:925} INFO - DAG(s) 'example_xcom_args', 'example_xcom_args_with_operators' retrieved from /home/airflow/.local/lib/python3.12/site-packages/airflow/example_dags/example_xcomargs.py
[2025-11-09T21:30:08.789+0000] {logging_mixin.py:190} INFO - [2025-11-09T21:30:08.788+0000] {dag.py:3239} INFO - Sync 2 DAGs
[2025-11-09T21:30:08.828+0000] {logging_mixin.py:190} INFO - [2025-11-09T21:30:08.828+0000] {dag.py:4180} INFO - Setting next_dagrun for example_xcom_args to None, run_after=None
[2025-11-09T21:30:08.837+0000] {logging_mixin.py:190} INFO - [2025-11-09T21:30:08.836+0000] {dag.py:4180} INFO - Setting next_dagrun for example_xcom_args_with_operators to None, run_after=None
[2025-11-09T21:30:08.909+0000] {processor.py:208} INFO - Processing /home/airflow/.local/lib/python3.12/site-packages/airflow/example_dags/example_xcomargs.py took 0.257 seconds
[2025-11-09T21:30:39.116+0000] {processor.py:186} INFO - Started process (PID=2899) to work on /home/airflow/.local/lib/python3.12/site-packages/airflow/example_dags/example_xcomargs.py
[2025-11-09T21:30:39.119+0000] {processor.py:914} INFO - Processing file /home/airflow/.local/lib/python3.12/site-packages/airflow/example_dags/example_xcomargs.py for tasks to queue
[2025-11-09T21:30:39.124+0000] {logging_mixin.py:190} INFO - [2025-11-09T21:30:39.123+0000] {dagbag.py:588} INFO - Filling up the DagBag from /home/airflow/.local/lib/python3.12/site-packages/airflow/example_dags/example_xcomargs.py
[2025-11-09T21:30:39.144+0000] {processor.py:925} INFO - DAG(s) 'example_xcom_args_with_operators', 'example_xcom_args' retrieved from /home/airflow/.local/lib/python3.12/site-packages/airflow/example_dags/example_xcomargs.py
[2025-11-09T21:30:39.186+0000] {logging_mixin.py:190} INFO - [2025-11-09T21:30:39.186+0000] {dag.py:3239} INFO - Sync 2 DAGs
[2025-11-09T21:30:39.209+0000] {logging_mixin.py:190} INFO - [2025-11-09T21:30:39.209+0000] {dag.py:4180} INFO - Setting next_dagrun for example_xcom_args to None, run_after=None
[2025-11-09T21:30:39.215+0000] {logging_mixin.py:190} INFO - [2025-11-09T21:30:39.215+0000] {dag.py:4180} INFO - Setting next_dagrun for example_xcom_args_with_operators to None, run_after=None
[2025-11-09T21:30:39.241+0000] {processor.py:208} INFO - Processing /home/airflow/.local/lib/python3.12/site-packages/airflow/example_dags/example_xcomargs.py took 0.137 seconds
[2025-11-09T21:31:09.891+0000] {processor.py:186} INFO - Started process (PID=2963) to work on /home/airflow/.local/lib/python3.12/site-packages/airflow/example_dags/example_xcomargs.py
[2025-11-09T21:31:09.894+0000] {processor.py:914} INFO - Processing file /home/airflow/.local/lib/python3.12/site-packages/airflow/example_dags/example_xcomargs.py for tasks to queue
[2025-11-09T21:31:09.901+0000] {logging_mixin.py:190} INFO - [2025-11-09T21:31:09.900+0000] {dagbag.py:588} INFO - Filling up the DagBag from /home/airflow/.local/lib/python3.12/site-packages/airflow/example_dags/example_xcomargs.py
[2025-11-09T21:31:09.935+0000] {processor.py:925} INFO - DAG(s) 'example_xcom_args_with_operators', 'example_xcom_args' retrieved from /home/airflow/.local/lib/python3.12/site-packages/airflow/example_dags/example_xcomargs.py
[2025-11-09T21:31:10.011+0000] {logging_mixin.py:190} INFO - [2025-11-09T21:31:10.010+0000] {dag.py:3239} INFO - Sync 2 DAGs
[2025-11-09T21:31:10.066+0000] {logging_mixin.py:190} INFO - [2025-11-09T21:31:10.066+0000] {dag.py:4180} INFO - Setting next_dagrun for example_xcom_args to None, run_after=None
[2025-11-09T21:31:10.080+0000] {logging_mixin.py:190} INFO - [2025-11-09T21:31:10.080+0000] {dag.py:4180} INFO - Setting next_dagrun for example_xcom_args_with_operators to None, run_after=None
[2025-11-09T21:31:10.137+0000] {processor.py:208} INFO - Processing /home/airflow/.local/lib/python3.12/site-packages/airflow/example_dags/example_xcomargs.py took 0.266 seconds
[2025-11-09T21:31:40.325+0000] {processor.py:186} INFO - Started process (PID=3027) to work on /home/airflow/.local/lib/python3.12/site-packages/airflow/example_dags/example_xcomargs.py
[2025-11-09T21:31:40.327+0000] {processor.py:914} INFO - Processing file /home/airflow/.local/lib/python3.12/site-packages/airflow/example_dags/example_xcomargs.py for tasks to queue
[2025-11-09T21:31:40.333+0000] {logging_mixin.py:190} INFO - [2025-11-09T21:31:40.332+0000] {dagbag.py:588} INFO - Filling up the DagBag from /home/airflow/.local/lib/python3.12/site-packages/airflow/example_dags/example_xcomargs.py
[2025-11-09T21:31:40.354+0000] {processor.py:925} INFO - DAG(s) 'example_xcom_args', 'example_xcom_args_with_operators' retrieved from /home/airflow/.local/lib/python3.12/site-packages/airflow/example_dags/example_xcomargs.py
[2025-11-09T21:31:40.408+0000] {logging_mixin.py:190} INFO - [2025-11-09T21:31:40.407+0000] {dag.py:3239} INFO - Sync 2 DAGs
[2025-11-09T21:31:40.435+0000] {logging_mixin.py:190} INFO - [2025-11-09T21:31:40.435+0000] {dag.py:4180} INFO - Setting next_dagrun for example_xcom_args to None, run_after=None
[2025-11-09T21:31:40.441+0000] {logging_mixin.py:190} INFO - [2025-11-09T21:31:40.441+0000] {dag.py:4180} INFO - Setting next_dagrun for example_xcom_args_with_operators to None, run_after=None
[2025-11-09T21:31:40.467+0000] {processor.py:208} INFO - Processing /home/airflow/.local/lib/python3.12/site-packages/airflow/example_dags/example_xcomargs.py took 0.153 seconds
[2025-11-09T21:32:10.740+0000] {processor.py:186} INFO - Started process (PID=3091) to work on /home/airflow/.local/lib/python3.12/site-packages/airflow/example_dags/example_xcomargs.py
[2025-11-09T21:32:10.743+0000] {processor.py:914} INFO - Processing file /home/airflow/.local/lib/python3.12/site-packages/airflow/example_dags/example_xcomargs.py for tasks to queue
[2025-11-09T21:32:10.748+0000] {logging_mixin.py:190} INFO - [2025-11-09T21:32:10.747+0000] {dagbag.py:588} INFO - Filling up the DagBag from /home/airflow/.local/lib/python3.12/site-packages/airflow/example_dags/example_xcomargs.py
[2025-11-09T21:32:10.775+0000] {processor.py:925} INFO - DAG(s) 'example_xcom_args_with_operators', 'example_xcom_args' retrieved from /home/airflow/.local/lib/python3.12/site-packages/airflow/example_dags/example_xcomargs.py
[2025-11-09T21:32:10.832+0000] {logging_mixin.py:190} INFO - [2025-11-09T21:32:10.831+0000] {dag.py:3239} INFO - Sync 2 DAGs
[2025-11-09T21:32:10.864+0000] {logging_mixin.py:190} INFO - [2025-11-09T21:32:10.863+0000] {dag.py:4180} INFO - Setting next_dagrun for example_xcom_args to None, run_after=None
[2025-11-09T21:32:10.871+0000] {logging_mixin.py:190} INFO - [2025-11-09T21:32:10.871+0000] {dag.py:4180} INFO - Setting next_dagrun for example_xcom_args_with_operators to None, run_after=None
[2025-11-09T21:32:10.901+0000] {processor.py:208} INFO - Processing /home/airflow/.local/lib/python3.12/site-packages/airflow/example_dags/example_xcomargs.py took 0.175 seconds
[2025-11-09T21:32:42.040+0000] {processor.py:186} INFO - Started process (PID=3155) to work on /home/airflow/.local/lib/python3.12/site-packages/airflow/example_dags/example_xcomargs.py
[2025-11-09T21:32:42.043+0000] {processor.py:914} INFO - Processing file /home/airflow/.local/lib/python3.12/site-packages/airflow/example_dags/example_xcomargs.py for tasks to queue
[2025-11-09T21:32:42.051+0000] {logging_mixin.py:190} INFO - [2025-11-09T21:32:42.050+0000] {dagbag.py:588} INFO - Filling up the DagBag from /home/airflow/.local/lib/python3.12/site-packages/airflow/example_dags/example_xcomargs.py
[2025-11-09T21:32:42.077+0000] {processor.py:925} INFO - DAG(s) 'example_xcom_args', 'example_xcom_args_with_operators' retrieved from /home/airflow/.local/lib/python3.12/site-packages/airflow/example_dags/example_xcomargs.py
[2025-11-09T21:32:42.134+0000] {logging_mixin.py:190} INFO - [2025-11-09T21:32:42.133+0000] {dag.py:3239} INFO - Sync 2 DAGs
[2025-11-09T21:32:42.169+0000] {logging_mixin.py:190} INFO - [2025-11-09T21:32:42.169+0000] {dag.py:4180} INFO - Setting next_dagrun for example_xcom_args to None, run_after=None
[2025-11-09T21:32:42.177+0000] {logging_mixin.py:190} INFO - [2025-11-09T21:32:42.177+0000] {dag.py:4180} INFO - Setting next_dagrun for example_xcom_args_with_operators to None, run_after=None
[2025-11-09T21:32:42.220+0000] {processor.py:208} INFO - Processing /home/airflow/.local/lib/python3.12/site-packages/airflow/example_dags/example_xcomargs.py took 0.197 seconds
[2025-11-09T21:33:12.402+0000] {processor.py:186} INFO - Started process (PID=3219) to work on /home/airflow/.local/lib/python3.12/site-packages/airflow/example_dags/example_xcomargs.py
[2025-11-09T21:33:12.404+0000] {processor.py:914} INFO - Processing file /home/airflow/.local/lib/python3.12/site-packages/airflow/example_dags/example_xcomargs.py for tasks to queue
[2025-11-09T21:33:12.409+0000] {logging_mixin.py:190} INFO - [2025-11-09T21:33:12.408+0000] {dagbag.py:588} INFO - Filling up the DagBag from /home/airflow/.local/lib/python3.12/site-packages/airflow/example_dags/example_xcomargs.py
[2025-11-09T21:33:12.431+0000] {processor.py:925} INFO - DAG(s) 'example_xcom_args', 'example_xcom_args_with_operators' retrieved from /home/airflow/.local/lib/python3.12/site-packages/airflow/example_dags/example_xcomargs.py
[2025-11-09T21:33:12.472+0000] {logging_mixin.py:190} INFO - [2025-11-09T21:33:12.472+0000] {dag.py:3239} INFO - Sync 2 DAGs
[2025-11-09T21:33:12.502+0000] {logging_mixin.py:190} INFO - [2025-11-09T21:33:12.502+0000] {dag.py:4180} INFO - Setting next_dagrun for example_xcom_args to None, run_after=None
[2025-11-09T21:33:12.513+0000] {logging_mixin.py:190} INFO - [2025-11-09T21:33:12.512+0000] {dag.py:4180} INFO - Setting next_dagrun for example_xcom_args_with_operators to None, run_after=None
[2025-11-09T21:33:12.548+0000] {processor.py:208} INFO - Processing /home/airflow/.local/lib/python3.12/site-packages/airflow/example_dags/example_xcomargs.py took 0.158 seconds
[2025-11-09T21:33:43.410+0000] {processor.py:186} INFO - Started process (PID=3283) to work on /home/airflow/.local/lib/python3.12/site-packages/airflow/example_dags/example_xcomargs.py
[2025-11-09T21:33:43.412+0000] {processor.py:914} INFO - Processing file /home/airflow/.local/lib/python3.12/site-packages/airflow/example_dags/example_xcomargs.py for tasks to queue
[2025-11-09T21:33:43.418+0000] {logging_mixin.py:190} INFO - [2025-11-09T21:33:43.417+0000] {dagbag.py:588} INFO - Filling up the DagBag from /home/airflow/.local/lib/python3.12/site-packages/airflow/example_dags/example_xcomargs.py
[2025-11-09T21:33:43.446+0000] {processor.py:925} INFO - DAG(s) 'example_xcom_args_with_operators', 'example_xcom_args' retrieved from /home/airflow/.local/lib/python3.12/site-packages/airflow/example_dags/example_xcomargs.py
[2025-11-09T21:33:43.506+0000] {logging_mixin.py:190} INFO - [2025-11-09T21:33:43.505+0000] {dag.py:3239} INFO - Sync 2 DAGs
[2025-11-09T21:33:43.539+0000] {logging_mixin.py:190} INFO - [2025-11-09T21:33:43.539+0000] {dag.py:4180} INFO - Setting next_dagrun for example_xcom_args to None, run_after=None
[2025-11-09T21:33:43.547+0000] {logging_mixin.py:190} INFO - [2025-11-09T21:33:43.547+0000] {dag.py:4180} INFO - Setting next_dagrun for example_xcom_args_with_operators to None, run_after=None
[2025-11-09T21:33:43.587+0000] {processor.py:208} INFO - Processing /home/airflow/.local/lib/python3.12/site-packages/airflow/example_dags/example_xcomargs.py took 0.203 seconds
[2025-11-09T21:34:13.938+0000] {processor.py:186} INFO - Started process (PID=3346) to work on /home/airflow/.local/lib/python3.12/site-packages/airflow/example_dags/example_xcomargs.py
[2025-11-09T21:34:13.940+0000] {processor.py:914} INFO - Processing file /home/airflow/.local/lib/python3.12/site-packages/airflow/example_dags/example_xcomargs.py for tasks to queue
[2025-11-09T21:34:13.946+0000] {logging_mixin.py:190} INFO - [2025-11-09T21:34:13.945+0000] {dagbag.py:588} INFO - Filling up the DagBag from /home/airflow/.local/lib/python3.12/site-packages/airflow/example_dags/example_xcomargs.py
[2025-11-09T21:34:13.972+0000] {processor.py:925} INFO - DAG(s) 'example_xcom_args', 'example_xcom_args_with_operators' retrieved from /home/airflow/.local/lib/python3.12/site-packages/airflow/example_dags/example_xcomargs.py
[2025-11-09T21:34:14.021+0000] {logging_mixin.py:190} INFO - [2025-11-09T21:34:14.020+0000] {dag.py:3239} INFO - Sync 2 DAGs
[2025-11-09T21:34:14.053+0000] {logging_mixin.py:190} INFO - [2025-11-09T21:34:14.052+0000] {dag.py:4180} INFO - Setting next_dagrun for example_xcom_args to None, run_after=None
[2025-11-09T21:34:14.061+0000] {logging_mixin.py:190} INFO - [2025-11-09T21:34:14.060+0000] {dag.py:4180} INFO - Setting next_dagrun for example_xcom_args_with_operators to None, run_after=None
[2025-11-09T21:34:14.094+0000] {processor.py:208} INFO - Processing /home/airflow/.local/lib/python3.12/site-packages/airflow/example_dags/example_xcomargs.py took 0.170 seconds
[2025-11-09T21:34:44.493+0000] {processor.py:186} INFO - Started process (PID=3410) to work on /home/airflow/.local/lib/python3.12/site-packages/airflow/example_dags/example_xcomargs.py
[2025-11-09T21:34:44.495+0000] {processor.py:914} INFO - Processing file /home/airflow/.local/lib/python3.12/site-packages/airflow/example_dags/example_xcomargs.py for tasks to queue
[2025-11-09T21:34:44.500+0000] {logging_mixin.py:190} INFO - [2025-11-09T21:34:44.499+0000] {dagbag.py:588} INFO - Filling up the DagBag from /home/airflow/.local/lib/python3.12/site-packages/airflow/example_dags/example_xcomargs.py
[2025-11-09T21:34:44.520+0000] {processor.py:925} INFO - DAG(s) 'example_xcom_args_with_operators', 'example_xcom_args' retrieved from /home/airflow/.local/lib/python3.12/site-packages/airflow/example_dags/example_xcomargs.py
[2025-11-09T21:34:44.569+0000] {logging_mixin.py:190} INFO - [2025-11-09T21:34:44.568+0000] {dag.py:3239} INFO - Sync 2 DAGs
[2025-11-09T21:34:44.596+0000] {logging_mixin.py:190} INFO - [2025-11-09T21:34:44.596+0000] {dag.py:4180} INFO - Setting next_dagrun for example_xcom_args to None, run_after=None
[2025-11-09T21:34:44.603+0000] {logging_mixin.py:190} INFO - [2025-11-09T21:34:44.602+0000] {dag.py:4180} INFO - Setting next_dagrun for example_xcom_args_with_operators to None, run_after=None
[2025-11-09T21:34:44.630+0000] {processor.py:208} INFO - Processing /home/airflow/.local/lib/python3.12/site-packages/airflow/example_dags/example_xcomargs.py took 0.150 seconds
[2025-11-09T21:35:16.759+0000] {processor.py:186} INFO - Started process (PID=3475) to work on /home/airflow/.local/lib/python3.12/site-packages/airflow/example_dags/example_xcomargs.py
[2025-11-09T21:35:16.763+0000] {processor.py:914} INFO - Processing file /home/airflow/.local/lib/python3.12/site-packages/airflow/example_dags/example_xcomargs.py for tasks to queue
[2025-11-09T21:35:16.771+0000] {logging_mixin.py:190} INFO - [2025-11-09T21:35:16.770+0000] {dagbag.py:588} INFO - Filling up the DagBag from /home/airflow/.local/lib/python3.12/site-packages/airflow/example_dags/example_xcomargs.py
[2025-11-09T21:35:16.817+0000] {processor.py:925} INFO - DAG(s) 'example_xcom_args', 'example_xcom_args_with_operators' retrieved from /home/airflow/.local/lib/python3.12/site-packages/airflow/example_dags/example_xcomargs.py
[2025-11-09T21:35:16.914+0000] {logging_mixin.py:190} INFO - [2025-11-09T21:35:16.913+0000] {dag.py:3239} INFO - Sync 2 DAGs
[2025-11-09T21:35:16.972+0000] {logging_mixin.py:190} INFO - [2025-11-09T21:35:16.972+0000] {dag.py:4180} INFO - Setting next_dagrun for example_xcom_args to None, run_after=None
[2025-11-09T21:35:16.984+0000] {logging_mixin.py:190} INFO - [2025-11-09T21:35:16.983+0000] {dag.py:4180} INFO - Setting next_dagrun for example_xcom_args_with_operators to None, run_after=None
[2025-11-09T21:35:17.029+0000] {processor.py:208} INFO - Processing /home/airflow/.local/lib/python3.12/site-packages/airflow/example_dags/example_xcomargs.py took 0.291 seconds
[2025-11-09T21:35:47.422+0000] {processor.py:186} INFO - Started process (PID=3539) to work on /home/airflow/.local/lib/python3.12/site-packages/airflow/example_dags/example_xcomargs.py
[2025-11-09T21:35:47.425+0000] {processor.py:914} INFO - Processing file /home/airflow/.local/lib/python3.12/site-packages/airflow/example_dags/example_xcomargs.py for tasks to queue
[2025-11-09T21:35:47.433+0000] {logging_mixin.py:190} INFO - [2025-11-09T21:35:47.431+0000] {dagbag.py:588} INFO - Filling up the DagBag from /home/airflow/.local/lib/python3.12/site-packages/airflow/example_dags/example_xcomargs.py
[2025-11-09T21:35:47.463+0000] {processor.py:925} INFO - DAG(s) 'example_xcom_args_with_operators', 'example_xcom_args' retrieved from /home/airflow/.local/lib/python3.12/site-packages/airflow/example_dags/example_xcomargs.py
[2025-11-09T21:35:47.526+0000] {logging_mixin.py:190} INFO - [2025-11-09T21:35:47.525+0000] {dag.py:3239} INFO - Sync 2 DAGs
[2025-11-09T21:35:47.570+0000] {logging_mixin.py:190} INFO - [2025-11-09T21:35:47.570+0000] {dag.py:4180} INFO - Setting next_dagrun for example_xcom_args to None, run_after=None
[2025-11-09T21:35:47.583+0000] {logging_mixin.py:190} INFO - [2025-11-09T21:35:47.582+0000] {dag.py:4180} INFO - Setting next_dagrun for example_xcom_args_with_operators to None, run_after=None
[2025-11-09T21:35:47.624+0000] {processor.py:208} INFO - Processing /home/airflow/.local/lib/python3.12/site-packages/airflow/example_dags/example_xcomargs.py took 0.218 seconds
[2025-11-09T21:36:17.951+0000] {processor.py:186} INFO - Started process (PID=3603) to work on /home/airflow/.local/lib/python3.12/site-packages/airflow/example_dags/example_xcomargs.py
[2025-11-09T21:36:17.953+0000] {processor.py:914} INFO - Processing file /home/airflow/.local/lib/python3.12/site-packages/airflow/example_dags/example_xcomargs.py for tasks to queue
[2025-11-09T21:36:17.959+0000] {logging_mixin.py:190} INFO - [2025-11-09T21:36:17.958+0000] {dagbag.py:588} INFO - Filling up the DagBag from /home/airflow/.local/lib/python3.12/site-packages/airflow/example_dags/example_xcomargs.py
[2025-11-09T21:36:17.983+0000] {processor.py:925} INFO - DAG(s) 'example_xcom_args_with_operators', 'example_xcom_args' retrieved from /home/airflow/.local/lib/python3.12/site-packages/airflow/example_dags/example_xcomargs.py
[2025-11-09T21:36:18.036+0000] {logging_mixin.py:190} INFO - [2025-11-09T21:36:18.036+0000] {dag.py:3239} INFO - Sync 2 DAGs
[2025-11-09T21:36:18.068+0000] {logging_mixin.py:190} INFO - [2025-11-09T21:36:18.068+0000] {dag.py:4180} INFO - Setting next_dagrun for example_xcom_args to None, run_after=None
[2025-11-09T21:36:18.076+0000] {logging_mixin.py:190} INFO - [2025-11-09T21:36:18.076+0000] {dag.py:4180} INFO - Setting next_dagrun for example_xcom_args_with_operators to None, run_after=None
[2025-11-09T21:36:18.112+0000] {processor.py:208} INFO - Processing /home/airflow/.local/lib/python3.12/site-packages/airflow/example_dags/example_xcomargs.py took 0.176 seconds
[2025-11-09T21:36:48.611+0000] {processor.py:186} INFO - Started process (PID=3666) to work on /home/airflow/.local/lib/python3.12/site-packages/airflow/example_dags/example_xcomargs.py
[2025-11-09T21:36:48.614+0000] {processor.py:914} INFO - Processing file /home/airflow/.local/lib/python3.12/site-packages/airflow/example_dags/example_xcomargs.py for tasks to queue
[2025-11-09T21:36:48.624+0000] {logging_mixin.py:190} INFO - [2025-11-09T21:36:48.622+0000] {dagbag.py:588} INFO - Filling up the DagBag from /home/airflow/.local/lib/python3.12/site-packages/airflow/example_dags/example_xcomargs.py
[2025-11-09T21:36:48.667+0000] {processor.py:925} INFO - DAG(s) 'example_xcom_args_with_operators', 'example_xcom_args' retrieved from /home/airflow/.local/lib/python3.12/site-packages/airflow/example_dags/example_xcomargs.py
[2025-11-09T21:36:48.762+0000] {logging_mixin.py:190} INFO - [2025-11-09T21:36:48.761+0000] {dag.py:3239} INFO - Sync 2 DAGs
[2025-11-09T21:36:48.870+0000] {logging_mixin.py:190} INFO - [2025-11-09T21:36:48.858+0000] {dag.py:4180} INFO - Setting next_dagrun for example_xcom_args to None, run_after=None
[2025-11-09T21:36:48.914+0000] {logging_mixin.py:190} INFO - [2025-11-09T21:36:48.913+0000] {dag.py:4180} INFO - Setting next_dagrun for example_xcom_args_with_operators to None, run_after=None
[2025-11-09T21:36:48.974+0000] {processor.py:208} INFO - Processing /home/airflow/.local/lib/python3.12/site-packages/airflow/example_dags/example_xcomargs.py took 0.386 seconds
[2025-11-09T21:37:22.640+0000] {processor.py:186} INFO - Started process (PID=3733) to work on /home/airflow/.local/lib/python3.12/site-packages/airflow/example_dags/example_xcomargs.py
[2025-11-09T21:37:22.645+0000] {processor.py:914} INFO - Processing file /home/airflow/.local/lib/python3.12/site-packages/airflow/example_dags/example_xcomargs.py for tasks to queue
[2025-11-09T21:37:22.660+0000] {logging_mixin.py:190} INFO - [2025-11-09T21:37:22.658+0000] {dagbag.py:588} INFO - Filling up the DagBag from /home/airflow/.local/lib/python3.12/site-packages/airflow/example_dags/example_xcomargs.py
[2025-11-09T21:37:22.717+0000] {processor.py:925} INFO - DAG(s) 'example_xcom_args', 'example_xcom_args_with_operators' retrieved from /home/airflow/.local/lib/python3.12/site-packages/airflow/example_dags/example_xcomargs.py
[2025-11-09T21:37:22.863+0000] {logging_mixin.py:190} INFO - [2025-11-09T21:37:22.862+0000] {dag.py:3239} INFO - Sync 2 DAGs
[2025-11-09T21:37:22.952+0000] {logging_mixin.py:190} INFO - [2025-11-09T21:37:22.951+0000] {dag.py:4180} INFO - Setting next_dagrun for example_xcom_args to None, run_after=None
[2025-11-09T21:37:22.982+0000] {logging_mixin.py:190} INFO - [2025-11-09T21:37:22.981+0000] {dag.py:4180} INFO - Setting next_dagrun for example_xcom_args_with_operators to None, run_after=None
[2025-11-09T21:37:23.085+0000] {processor.py:208} INFO - Processing /home/airflow/.local/lib/python3.12/site-packages/airflow/example_dags/example_xcomargs.py took 0.485 seconds
[2025-11-09T21:37:53.985+0000] {processor.py:186} INFO - Started process (PID=3797) to work on /home/airflow/.local/lib/python3.12/site-packages/airflow/example_dags/example_xcomargs.py
[2025-11-09T21:37:53.988+0000] {processor.py:914} INFO - Processing file /home/airflow/.local/lib/python3.12/site-packages/airflow/example_dags/example_xcomargs.py for tasks to queue
[2025-11-09T21:37:53.998+0000] {logging_mixin.py:190} INFO - [2025-11-09T21:37:53.997+0000] {dagbag.py:588} INFO - Filling up the DagBag from /home/airflow/.local/lib/python3.12/site-packages/airflow/example_dags/example_xcomargs.py
[2025-11-09T21:37:54.029+0000] {processor.py:925} INFO - DAG(s) 'example_xcom_args', 'example_xcom_args_with_operators' retrieved from /home/airflow/.local/lib/python3.12/site-packages/airflow/example_dags/example_xcomargs.py
[2025-11-09T21:37:54.102+0000] {logging_mixin.py:190} INFO - [2025-11-09T21:37:54.101+0000] {dag.py:3239} INFO - Sync 2 DAGs
[2025-11-09T21:37:54.161+0000] {logging_mixin.py:190} INFO - [2025-11-09T21:37:54.160+0000] {dag.py:4180} INFO - Setting next_dagrun for example_xcom_args to None, run_after=None
[2025-11-09T21:37:54.174+0000] {logging_mixin.py:190} INFO - [2025-11-09T21:37:54.173+0000] {dag.py:4180} INFO - Setting next_dagrun for example_xcom_args_with_operators to None, run_after=None
[2025-11-09T21:37:54.223+0000] {processor.py:208} INFO - Processing /home/airflow/.local/lib/python3.12/site-packages/airflow/example_dags/example_xcomargs.py took 0.255 seconds
[2025-11-09T21:38:24.346+0000] {processor.py:186} INFO - Started process (PID=3860) to work on /home/airflow/.local/lib/python3.12/site-packages/airflow/example_dags/example_xcomargs.py
[2025-11-09T21:38:24.348+0000] {processor.py:914} INFO - Processing file /home/airflow/.local/lib/python3.12/site-packages/airflow/example_dags/example_xcomargs.py for tasks to queue
[2025-11-09T21:38:24.353+0000] {logging_mixin.py:190} INFO - [2025-11-09T21:38:24.352+0000] {dagbag.py:588} INFO - Filling up the DagBag from /home/airflow/.local/lib/python3.12/site-packages/airflow/example_dags/example_xcomargs.py
[2025-11-09T21:38:24.374+0000] {processor.py:925} INFO - DAG(s) 'example_xcom_args_with_operators', 'example_xcom_args' retrieved from /home/airflow/.local/lib/python3.12/site-packages/airflow/example_dags/example_xcomargs.py
[2025-11-09T21:38:24.425+0000] {logging_mixin.py:190} INFO - [2025-11-09T21:38:24.425+0000] {dag.py:3239} INFO - Sync 2 DAGs
[2025-11-09T21:38:24.456+0000] {logging_mixin.py:190} INFO - [2025-11-09T21:38:24.455+0000] {dag.py:4180} INFO - Setting next_dagrun for example_xcom_args to None, run_after=None
[2025-11-09T21:38:24.464+0000] {logging_mixin.py:190} INFO - [2025-11-09T21:38:24.464+0000] {dag.py:4180} INFO - Setting next_dagrun for example_xcom_args_with_operators to None, run_after=None
[2025-11-09T21:38:24.496+0000] {processor.py:208} INFO - Processing /home/airflow/.local/lib/python3.12/site-packages/airflow/example_dags/example_xcomargs.py took 0.160 seconds
[2025-11-09T21:38:54.684+0000] {processor.py:186} INFO - Started process (PID=3925) to work on /home/airflow/.local/lib/python3.12/site-packages/airflow/example_dags/example_xcomargs.py
[2025-11-09T21:38:54.686+0000] {processor.py:914} INFO - Processing file /home/airflow/.local/lib/python3.12/site-packages/airflow/example_dags/example_xcomargs.py for tasks to queue
[2025-11-09T21:38:54.692+0000] {logging_mixin.py:190} INFO - [2025-11-09T21:38:54.691+0000] {dagbag.py:588} INFO - Filling up the DagBag from /home/airflow/.local/lib/python3.12/site-packages/airflow/example_dags/example_xcomargs.py
[2025-11-09T21:38:54.714+0000] {processor.py:925} INFO - DAG(s) 'example_xcom_args', 'example_xcom_args_with_operators' retrieved from /home/airflow/.local/lib/python3.12/site-packages/airflow/example_dags/example_xcomargs.py
[2025-11-09T21:38:54.764+0000] {logging_mixin.py:190} INFO - [2025-11-09T21:38:54.763+0000] {dag.py:3239} INFO - Sync 2 DAGs
[2025-11-09T21:38:54.795+0000] {logging_mixin.py:190} INFO - [2025-11-09T21:38:54.794+0000] {dag.py:4180} INFO - Setting next_dagrun for example_xcom_args to None, run_after=None
[2025-11-09T21:38:54.803+0000] {logging_mixin.py:190} INFO - [2025-11-09T21:38:54.803+0000] {dag.py:4180} INFO - Setting next_dagrun for example_xcom_args_with_operators to None, run_after=None
[2025-11-09T21:38:54.838+0000] {processor.py:208} INFO - Processing /home/airflow/.local/lib/python3.12/site-packages/airflow/example_dags/example_xcomargs.py took 0.167 seconds
[2025-11-09T21:39:25.578+0000] {processor.py:186} INFO - Started process (PID=3989) to work on /home/airflow/.local/lib/python3.12/site-packages/airflow/example_dags/example_xcomargs.py
[2025-11-09T21:39:25.581+0000] {processor.py:914} INFO - Processing file /home/airflow/.local/lib/python3.12/site-packages/airflow/example_dags/example_xcomargs.py for tasks to queue
[2025-11-09T21:39:25.589+0000] {logging_mixin.py:190} INFO - [2025-11-09T21:39:25.588+0000] {dagbag.py:588} INFO - Filling up the DagBag from /home/airflow/.local/lib/python3.12/site-packages/airflow/example_dags/example_xcomargs.py
[2025-11-09T21:39:25.622+0000] {processor.py:925} INFO - DAG(s) 'example_xcom_args_with_operators', 'example_xcom_args' retrieved from /home/airflow/.local/lib/python3.12/site-packages/airflow/example_dags/example_xcomargs.py
[2025-11-09T21:39:25.692+0000] {logging_mixin.py:190} INFO - [2025-11-09T21:39:25.691+0000] {dag.py:3239} INFO - Sync 2 DAGs
[2025-11-09T21:39:25.741+0000] {logging_mixin.py:190} INFO - [2025-11-09T21:39:25.740+0000] {dag.py:4180} INFO - Setting next_dagrun for example_xcom_args to None, run_after=None
[2025-11-09T21:39:25.753+0000] {logging_mixin.py:190} INFO - [2025-11-09T21:39:25.753+0000] {dag.py:4180} INFO - Setting next_dagrun for example_xcom_args_with_operators to None, run_after=None
[2025-11-09T21:39:25.795+0000] {processor.py:208} INFO - Processing /home/airflow/.local/lib/python3.12/site-packages/airflow/example_dags/example_xcomargs.py took 0.231 seconds
[2025-11-09T21:39:56.085+0000] {processor.py:186} INFO - Started process (PID=4054) to work on /home/airflow/.local/lib/python3.12/site-packages/airflow/example_dags/example_xcomargs.py
[2025-11-09T21:39:56.088+0000] {processor.py:914} INFO - Processing file /home/airflow/.local/lib/python3.12/site-packages/airflow/example_dags/example_xcomargs.py for tasks to queue
[2025-11-09T21:39:56.096+0000] {logging_mixin.py:190} INFO - [2025-11-09T21:39:56.095+0000] {dagbag.py:588} INFO - Filling up the DagBag from /home/airflow/.local/lib/python3.12/site-packages/airflow/example_dags/example_xcomargs.py
[2025-11-09T21:39:56.123+0000] {processor.py:925} INFO - DAG(s) 'example_xcom_args_with_operators', 'example_xcom_args' retrieved from /home/airflow/.local/lib/python3.12/site-packages/airflow/example_dags/example_xcomargs.py
[2025-11-09T21:39:56.181+0000] {logging_mixin.py:190} INFO - [2025-11-09T21:39:56.180+0000] {dag.py:3239} INFO - Sync 2 DAGs
[2025-11-09T21:39:56.215+0000] {logging_mixin.py:190} INFO - [2025-11-09T21:39:56.215+0000] {dag.py:4180} INFO - Setting next_dagrun for example_xcom_args to None, run_after=None
[2025-11-09T21:39:56.224+0000] {logging_mixin.py:190} INFO - [2025-11-09T21:39:56.224+0000] {dag.py:4180} INFO - Setting next_dagrun for example_xcom_args_with_operators to None, run_after=None
[2025-11-09T21:39:56.262+0000] {processor.py:208} INFO - Processing /home/airflow/.local/lib/python3.12/site-packages/airflow/example_dags/example_xcomargs.py took 0.197 seconds
[2025-11-09T21:40:26.368+0000] {processor.py:186} INFO - Started process (PID=4118) to work on /home/airflow/.local/lib/python3.12/site-packages/airflow/example_dags/example_xcomargs.py
[2025-11-09T21:40:26.370+0000] {processor.py:914} INFO - Processing file /home/airflow/.local/lib/python3.12/site-packages/airflow/example_dags/example_xcomargs.py for tasks to queue
[2025-11-09T21:40:26.374+0000] {logging_mixin.py:190} INFO - [2025-11-09T21:40:26.373+0000] {dagbag.py:588} INFO - Filling up the DagBag from /home/airflow/.local/lib/python3.12/site-packages/airflow/example_dags/example_xcomargs.py
[2025-11-09T21:40:26.393+0000] {processor.py:925} INFO - DAG(s) 'example_xcom_args_with_operators', 'example_xcom_args' retrieved from /home/airflow/.local/lib/python3.12/site-packages/airflow/example_dags/example_xcomargs.py
[2025-11-09T21:40:26.434+0000] {logging_mixin.py:190} INFO - [2025-11-09T21:40:26.434+0000] {dag.py:3239} INFO - Sync 2 DAGs
[2025-11-09T21:40:26.460+0000] {logging_mixin.py:190} INFO - [2025-11-09T21:40:26.459+0000] {dag.py:4180} INFO - Setting next_dagrun for example_xcom_args to None, run_after=None
[2025-11-09T21:40:26.466+0000] {logging_mixin.py:190} INFO - [2025-11-09T21:40:26.466+0000] {dag.py:4180} INFO - Setting next_dagrun for example_xcom_args_with_operators to None, run_after=None
[2025-11-09T21:40:26.497+0000] {processor.py:208} INFO - Processing /home/airflow/.local/lib/python3.12/site-packages/airflow/example_dags/example_xcomargs.py took 0.138 seconds
[2025-11-09T21:40:56.948+0000] {processor.py:186} INFO - Started process (PID=4182) to work on /home/airflow/.local/lib/python3.12/site-packages/airflow/example_dags/example_xcomargs.py
[2025-11-09T21:40:56.950+0000] {processor.py:914} INFO - Processing file /home/airflow/.local/lib/python3.12/site-packages/airflow/example_dags/example_xcomargs.py for tasks to queue
[2025-11-09T21:40:56.955+0000] {logging_mixin.py:190} INFO - [2025-11-09T21:40:56.955+0000] {dagbag.py:588} INFO - Filling up the DagBag from /home/airflow/.local/lib/python3.12/site-packages/airflow/example_dags/example_xcomargs.py
[2025-11-09T21:40:56.974+0000] {processor.py:925} INFO - DAG(s) 'example_xcom_args', 'example_xcom_args_with_operators' retrieved from /home/airflow/.local/lib/python3.12/site-packages/airflow/example_dags/example_xcomargs.py
[2025-11-09T21:40:57.019+0000] {logging_mixin.py:190} INFO - [2025-11-09T21:40:57.019+0000] {dag.py:3239} INFO - Sync 2 DAGs
[2025-11-09T21:40:57.046+0000] {logging_mixin.py:190} INFO - [2025-11-09T21:40:57.046+0000] {dag.py:4180} INFO - Setting next_dagrun for example_xcom_args to None, run_after=None
[2025-11-09T21:40:57.052+0000] {logging_mixin.py:190} INFO - [2025-11-09T21:40:57.052+0000] {dag.py:4180} INFO - Setting next_dagrun for example_xcom_args_with_operators to None, run_after=None
[2025-11-09T21:40:57.083+0000] {processor.py:208} INFO - Processing /home/airflow/.local/lib/python3.12/site-packages/airflow/example_dags/example_xcomargs.py took 0.147 seconds
[2025-11-09T21:41:27.229+0000] {processor.py:186} INFO - Started process (PID=4245) to work on /home/airflow/.local/lib/python3.12/site-packages/airflow/example_dags/example_xcomargs.py
[2025-11-09T21:41:27.231+0000] {processor.py:914} INFO - Processing file /home/airflow/.local/lib/python3.12/site-packages/airflow/example_dags/example_xcomargs.py for tasks to queue
[2025-11-09T21:41:27.236+0000] {logging_mixin.py:190} INFO - [2025-11-09T21:41:27.235+0000] {dagbag.py:588} INFO - Filling up the DagBag from /home/airflow/.local/lib/python3.12/site-packages/airflow/example_dags/example_xcomargs.py
[2025-11-09T21:41:27.253+0000] {processor.py:925} INFO - DAG(s) 'example_xcom_args', 'example_xcom_args_with_operators' retrieved from /home/airflow/.local/lib/python3.12/site-packages/airflow/example_dags/example_xcomargs.py
[2025-11-09T21:41:27.294+0000] {logging_mixin.py:190} INFO - [2025-11-09T21:41:27.293+0000] {dag.py:3239} INFO - Sync 2 DAGs
[2025-11-09T21:41:27.316+0000] {logging_mixin.py:190} INFO - [2025-11-09T21:41:27.316+0000] {dag.py:4180} INFO - Setting next_dagrun for example_xcom_args to None, run_after=None
[2025-11-09T21:41:27.323+0000] {logging_mixin.py:190} INFO - [2025-11-09T21:41:27.323+0000] {dag.py:4180} INFO - Setting next_dagrun for example_xcom_args_with_operators to None, run_after=None
[2025-11-09T21:41:27.349+0000] {processor.py:208} INFO - Processing /home/airflow/.local/lib/python3.12/site-packages/airflow/example_dags/example_xcomargs.py took 0.131 seconds
[2025-11-09T21:41:57.776+0000] {processor.py:186} INFO - Started process (PID=4315) to work on /home/airflow/.local/lib/python3.12/site-packages/airflow/example_dags/example_xcomargs.py
[2025-11-09T21:41:57.778+0000] {processor.py:914} INFO - Processing file /home/airflow/.local/lib/python3.12/site-packages/airflow/example_dags/example_xcomargs.py for tasks to queue
[2025-11-09T21:41:57.784+0000] {logging_mixin.py:190} INFO - [2025-11-09T21:41:57.783+0000] {dagbag.py:588} INFO - Filling up the DagBag from /home/airflow/.local/lib/python3.12/site-packages/airflow/example_dags/example_xcomargs.py
[2025-11-09T21:41:57.809+0000] {processor.py:925} INFO - DAG(s) 'example_xcom_args_with_operators', 'example_xcom_args' retrieved from /home/airflow/.local/lib/python3.12/site-packages/airflow/example_dags/example_xcomargs.py
[2025-11-09T21:41:57.875+0000] {logging_mixin.py:190} INFO - [2025-11-09T21:41:57.874+0000] {dag.py:3239} INFO - Sync 2 DAGs
[2025-11-09T21:41:57.916+0000] {logging_mixin.py:190} INFO - [2025-11-09T21:41:57.915+0000] {dag.py:4180} INFO - Setting next_dagrun for example_xcom_args to None, run_after=None
[2025-11-09T21:41:57.925+0000] {logging_mixin.py:190} INFO - [2025-11-09T21:41:57.925+0000] {dag.py:4180} INFO - Setting next_dagrun for example_xcom_args_with_operators to None, run_after=None
[2025-11-09T21:41:57.968+0000] {processor.py:208} INFO - Processing /home/airflow/.local/lib/python3.12/site-packages/airflow/example_dags/example_xcomargs.py took 0.207 seconds
[2025-11-09T21:42:28.899+0000] {processor.py:186} INFO - Started process (PID=4379) to work on /home/airflow/.local/lib/python3.12/site-packages/airflow/example_dags/example_xcomargs.py
[2025-11-09T21:42:28.901+0000] {processor.py:914} INFO - Processing file /home/airflow/.local/lib/python3.12/site-packages/airflow/example_dags/example_xcomargs.py for tasks to queue
[2025-11-09T21:42:28.907+0000] {logging_mixin.py:190} INFO - [2025-11-09T21:42:28.907+0000] {dagbag.py:588} INFO - Filling up the DagBag from /home/airflow/.local/lib/python3.12/site-packages/airflow/example_dags/example_xcomargs.py
[2025-11-09T21:42:28.927+0000] {processor.py:925} INFO - DAG(s) 'example_xcom_args', 'example_xcom_args_with_operators' retrieved from /home/airflow/.local/lib/python3.12/site-packages/airflow/example_dags/example_xcomargs.py
[2025-11-09T21:42:28.970+0000] {logging_mixin.py:190} INFO - [2025-11-09T21:42:28.969+0000] {dag.py:3239} INFO - Sync 2 DAGs
[2025-11-09T21:42:28.999+0000] {logging_mixin.py:190} INFO - [2025-11-09T21:42:28.999+0000] {dag.py:4180} INFO - Setting next_dagrun for example_xcom_args to None, run_after=None
[2025-11-09T21:42:29.007+0000] {logging_mixin.py:190} INFO - [2025-11-09T21:42:29.006+0000] {dag.py:4180} INFO - Setting next_dagrun for example_xcom_args_with_operators to None, run_after=None
[2025-11-09T21:42:29.040+0000] {processor.py:208} INFO - Processing /home/airflow/.local/lib/python3.12/site-packages/airflow/example_dags/example_xcomargs.py took 0.152 seconds
[2025-11-09T21:42:59.700+0000] {processor.py:186} INFO - Started process (PID=4443) to work on /home/airflow/.local/lib/python3.12/site-packages/airflow/example_dags/example_xcomargs.py
[2025-11-09T21:42:59.702+0000] {processor.py:914} INFO - Processing file /home/airflow/.local/lib/python3.12/site-packages/airflow/example_dags/example_xcomargs.py for tasks to queue
[2025-11-09T21:42:59.707+0000] {logging_mixin.py:190} INFO - [2025-11-09T21:42:59.706+0000] {dagbag.py:588} INFO - Filling up the DagBag from /home/airflow/.local/lib/python3.12/site-packages/airflow/example_dags/example_xcomargs.py
[2025-11-09T21:42:59.725+0000] {processor.py:925} INFO - DAG(s) 'example_xcom_args_with_operators', 'example_xcom_args' retrieved from /home/airflow/.local/lib/python3.12/site-packages/airflow/example_dags/example_xcomargs.py
[2025-11-09T21:42:59.772+0000] {logging_mixin.py:190} INFO - [2025-11-09T21:42:59.771+0000] {dag.py:3239} INFO - Sync 2 DAGs
[2025-11-09T21:42:59.799+0000] {logging_mixin.py:190} INFO - [2025-11-09T21:42:59.798+0000] {dag.py:4180} INFO - Setting next_dagrun for example_xcom_args to None, run_after=None
[2025-11-09T21:42:59.806+0000] {logging_mixin.py:190} INFO - [2025-11-09T21:42:59.805+0000] {dag.py:4180} INFO - Setting next_dagrun for example_xcom_args_with_operators to None, run_after=None
[2025-11-09T21:42:59.837+0000] {processor.py:208} INFO - Processing /home/airflow/.local/lib/python3.12/site-packages/airflow/example_dags/example_xcomargs.py took 0.147 seconds
[2025-11-09T21:43:30.909+0000] {processor.py:186} INFO - Started process (PID=4507) to work on /home/airflow/.local/lib/python3.12/site-packages/airflow/example_dags/example_xcomargs.py
[2025-11-09T21:43:30.911+0000] {processor.py:914} INFO - Processing file /home/airflow/.local/lib/python3.12/site-packages/airflow/example_dags/example_xcomargs.py for tasks to queue
[2025-11-09T21:43:30.919+0000] {logging_mixin.py:190} INFO - [2025-11-09T21:43:30.917+0000] {dagbag.py:588} INFO - Filling up the DagBag from /home/airflow/.local/lib/python3.12/site-packages/airflow/example_dags/example_xcomargs.py
[2025-11-09T21:43:30.943+0000] {processor.py:925} INFO - DAG(s) 'example_xcom_args_with_operators', 'example_xcom_args' retrieved from /home/airflow/.local/lib/python3.12/site-packages/airflow/example_dags/example_xcomargs.py
[2025-11-09T21:43:30.993+0000] {logging_mixin.py:190} INFO - [2025-11-09T21:43:30.992+0000] {dag.py:3239} INFO - Sync 2 DAGs
[2025-11-09T21:43:31.019+0000] {logging_mixin.py:190} INFO - [2025-11-09T21:43:31.018+0000] {dag.py:4180} INFO - Setting next_dagrun for example_xcom_args to None, run_after=None
[2025-11-09T21:43:31.025+0000] {logging_mixin.py:190} INFO - [2025-11-09T21:43:31.024+0000] {dag.py:4180} INFO - Setting next_dagrun for example_xcom_args_with_operators to None, run_after=None
[2025-11-09T21:43:31.050+0000] {processor.py:208} INFO - Processing /home/airflow/.local/lib/python3.12/site-packages/airflow/example_dags/example_xcomargs.py took 0.156 seconds
[2025-11-09T21:44:01.205+0000] {processor.py:186} INFO - Started process (PID=4571) to work on /home/airflow/.local/lib/python3.12/site-packages/airflow/example_dags/example_xcomargs.py
[2025-11-09T21:44:01.207+0000] {processor.py:914} INFO - Processing file /home/airflow/.local/lib/python3.12/site-packages/airflow/example_dags/example_xcomargs.py for tasks to queue
[2025-11-09T21:44:01.214+0000] {logging_mixin.py:190} INFO - [2025-11-09T21:44:01.213+0000] {dagbag.py:588} INFO - Filling up the DagBag from /home/airflow/.local/lib/python3.12/site-packages/airflow/example_dags/example_xcomargs.py
[2025-11-09T21:44:01.231+0000] {processor.py:925} INFO - DAG(s) 'example_xcom_args_with_operators', 'example_xcom_args' retrieved from /home/airflow/.local/lib/python3.12/site-packages/airflow/example_dags/example_xcomargs.py
[2025-11-09T21:44:01.278+0000] {logging_mixin.py:190} INFO - [2025-11-09T21:44:01.278+0000] {dag.py:3239} INFO - Sync 2 DAGs
[2025-11-09T21:44:01.306+0000] {logging_mixin.py:190} INFO - [2025-11-09T21:44:01.306+0000] {dag.py:4180} INFO - Setting next_dagrun for example_xcom_args to None, run_after=None
[2025-11-09T21:44:01.314+0000] {logging_mixin.py:190} INFO - [2025-11-09T21:44:01.313+0000] {dag.py:4180} INFO - Setting next_dagrun for example_xcom_args_with_operators to None, run_after=None
[2025-11-09T21:44:01.345+0000] {processor.py:208} INFO - Processing /home/airflow/.local/lib/python3.12/site-packages/airflow/example_dags/example_xcomargs.py took 0.151 seconds
[2025-11-09T21:44:31.470+0000] {processor.py:186} INFO - Started process (PID=4636) to work on /home/airflow/.local/lib/python3.12/site-packages/airflow/example_dags/example_xcomargs.py
[2025-11-09T21:44:31.472+0000] {processor.py:914} INFO - Processing file /home/airflow/.local/lib/python3.12/site-packages/airflow/example_dags/example_xcomargs.py for tasks to queue
[2025-11-09T21:44:31.476+0000] {logging_mixin.py:190} INFO - [2025-11-09T21:44:31.475+0000] {dagbag.py:588} INFO - Filling up the DagBag from /home/airflow/.local/lib/python3.12/site-packages/airflow/example_dags/example_xcomargs.py
[2025-11-09T21:44:31.491+0000] {processor.py:925} INFO - DAG(s) 'example_xcom_args_with_operators', 'example_xcom_args' retrieved from /home/airflow/.local/lib/python3.12/site-packages/airflow/example_dags/example_xcomargs.py
[2025-11-09T21:44:31.529+0000] {logging_mixin.py:190} INFO - [2025-11-09T21:44:31.529+0000] {dag.py:3239} INFO - Sync 2 DAGs
[2025-11-09T21:44:31.551+0000] {logging_mixin.py:190} INFO - [2025-11-09T21:44:31.551+0000] {dag.py:4180} INFO - Setting next_dagrun for example_xcom_args to None, run_after=None
[2025-11-09T21:44:31.557+0000] {logging_mixin.py:190} INFO - [2025-11-09T21:44:31.557+0000] {dag.py:4180} INFO - Setting next_dagrun for example_xcom_args_with_operators to None, run_after=None
[2025-11-09T21:44:31.583+0000] {processor.py:208} INFO - Processing /home/airflow/.local/lib/python3.12/site-packages/airflow/example_dags/example_xcomargs.py took 0.122 seconds
[2025-11-09T21:45:02.523+0000] {processor.py:186} INFO - Started process (PID=4702) to work on /home/airflow/.local/lib/python3.12/site-packages/airflow/example_dags/example_xcomargs.py
[2025-11-09T21:45:02.525+0000] {processor.py:914} INFO - Processing file /home/airflow/.local/lib/python3.12/site-packages/airflow/example_dags/example_xcomargs.py for tasks to queue
[2025-11-09T21:45:02.531+0000] {logging_mixin.py:190} INFO - [2025-11-09T21:45:02.530+0000] {dagbag.py:588} INFO - Filling up the DagBag from /home/airflow/.local/lib/python3.12/site-packages/airflow/example_dags/example_xcomargs.py
[2025-11-09T21:45:02.549+0000] {processor.py:925} INFO - DAG(s) 'example_xcom_args', 'example_xcom_args_with_operators' retrieved from /home/airflow/.local/lib/python3.12/site-packages/airflow/example_dags/example_xcomargs.py
[2025-11-09T21:45:02.593+0000] {logging_mixin.py:190} INFO - [2025-11-09T21:45:02.592+0000] {dag.py:3239} INFO - Sync 2 DAGs
[2025-11-09T21:45:02.616+0000] {logging_mixin.py:190} INFO - [2025-11-09T21:45:02.616+0000] {dag.py:4180} INFO - Setting next_dagrun for example_xcom_args to None, run_after=None
[2025-11-09T21:45:02.622+0000] {logging_mixin.py:190} INFO - [2025-11-09T21:45:02.622+0000] {dag.py:4180} INFO - Setting next_dagrun for example_xcom_args_with_operators to None, run_after=None
[2025-11-09T21:45:02.649+0000] {processor.py:208} INFO - Processing /home/airflow/.local/lib/python3.12/site-packages/airflow/example_dags/example_xcomargs.py took 0.139 seconds
[2025-11-09T21:45:34.444+0000] {processor.py:186} INFO - Started process (PID=4766) to work on /home/airflow/.local/lib/python3.12/site-packages/airflow/example_dags/example_xcomargs.py
[2025-11-09T21:45:34.448+0000] {processor.py:914} INFO - Processing file /home/airflow/.local/lib/python3.12/site-packages/airflow/example_dags/example_xcomargs.py for tasks to queue
[2025-11-09T21:45:34.467+0000] {logging_mixin.py:190} INFO - [2025-11-09T21:45:34.466+0000] {dagbag.py:588} INFO - Filling up the DagBag from /home/airflow/.local/lib/python3.12/site-packages/airflow/example_dags/example_xcomargs.py
[2025-11-09T21:45:34.521+0000] {processor.py:925} INFO - DAG(s) 'example_xcom_args_with_operators', 'example_xcom_args' retrieved from /home/airflow/.local/lib/python3.12/site-packages/airflow/example_dags/example_xcomargs.py
[2025-11-09T21:45:34.641+0000] {logging_mixin.py:190} INFO - [2025-11-09T21:45:34.640+0000] {dag.py:3239} INFO - Sync 2 DAGs
[2025-11-09T21:45:34.711+0000] {logging_mixin.py:190} INFO - [2025-11-09T21:45:34.710+0000] {dag.py:4180} INFO - Setting next_dagrun for example_xcom_args to None, run_after=None
[2025-11-09T21:45:34.735+0000] {logging_mixin.py:190} INFO - [2025-11-09T21:45:34.734+0000] {dag.py:4180} INFO - Setting next_dagrun for example_xcom_args_with_operators to None, run_after=None
[2025-11-09T21:45:34.836+0000] {processor.py:208} INFO - Processing /home/airflow/.local/lib/python3.12/site-packages/airflow/example_dags/example_xcomargs.py took 0.421 seconds
[2025-11-09T21:46:05.129+0000] {processor.py:186} INFO - Started process (PID=4829) to work on /home/airflow/.local/lib/python3.12/site-packages/airflow/example_dags/example_xcomargs.py
[2025-11-09T21:46:05.137+0000] {processor.py:914} INFO - Processing file /home/airflow/.local/lib/python3.12/site-packages/airflow/example_dags/example_xcomargs.py for tasks to queue
[2025-11-09T21:46:05.148+0000] {logging_mixin.py:190} INFO - [2025-11-09T21:46:05.146+0000] {dagbag.py:588} INFO - Filling up the DagBag from /home/airflow/.local/lib/python3.12/site-packages/airflow/example_dags/example_xcomargs.py
[2025-11-09T21:46:05.190+0000] {processor.py:925} INFO - DAG(s) 'example_xcom_args', 'example_xcom_args_with_operators' retrieved from /home/airflow/.local/lib/python3.12/site-packages/airflow/example_dags/example_xcomargs.py
[2025-11-09T21:46:05.299+0000] {logging_mixin.py:190} INFO - [2025-11-09T21:46:05.298+0000] {dag.py:3239} INFO - Sync 2 DAGs
[2025-11-09T21:46:05.361+0000] {logging_mixin.py:190} INFO - [2025-11-09T21:46:05.360+0000] {dag.py:4180} INFO - Setting next_dagrun for example_xcom_args to None, run_after=None
[2025-11-09T21:46:05.379+0000] {logging_mixin.py:190} INFO - [2025-11-09T21:46:05.378+0000] {dag.py:4180} INFO - Setting next_dagrun for example_xcom_args_with_operators to None, run_after=None
[2025-11-09T21:46:05.430+0000] {processor.py:208} INFO - Processing /home/airflow/.local/lib/python3.12/site-packages/airflow/example_dags/example_xcomargs.py took 0.325 seconds
[2025-11-09T21:46:35.684+0000] {processor.py:186} INFO - Started process (PID=4893) to work on /home/airflow/.local/lib/python3.12/site-packages/airflow/example_dags/example_xcomargs.py
[2025-11-09T21:46:35.687+0000] {processor.py:914} INFO - Processing file /home/airflow/.local/lib/python3.12/site-packages/airflow/example_dags/example_xcomargs.py for tasks to queue
[2025-11-09T21:46:35.696+0000] {logging_mixin.py:190} INFO - [2025-11-09T21:46:35.695+0000] {dagbag.py:588} INFO - Filling up the DagBag from /home/airflow/.local/lib/python3.12/site-packages/airflow/example_dags/example_xcomargs.py
[2025-11-09T21:46:35.721+0000] {processor.py:925} INFO - DAG(s) 'example_xcom_args', 'example_xcom_args_with_operators' retrieved from /home/airflow/.local/lib/python3.12/site-packages/airflow/example_dags/example_xcomargs.py
[2025-11-09T21:46:35.769+0000] {logging_mixin.py:190} INFO - [2025-11-09T21:46:35.768+0000] {dag.py:3239} INFO - Sync 2 DAGs
[2025-11-09T21:46:35.801+0000] {logging_mixin.py:190} INFO - [2025-11-09T21:46:35.801+0000] {dag.py:4180} INFO - Setting next_dagrun for example_xcom_args to None, run_after=None
[2025-11-09T21:46:35.810+0000] {logging_mixin.py:190} INFO - [2025-11-09T21:46:35.809+0000] {dag.py:4180} INFO - Setting next_dagrun for example_xcom_args_with_operators to None, run_after=None
[2025-11-09T21:46:35.852+0000] {processor.py:208} INFO - Processing /home/airflow/.local/lib/python3.12/site-packages/airflow/example_dags/example_xcomargs.py took 0.183 seconds
[2025-11-09T21:47:06.846+0000] {processor.py:186} INFO - Started process (PID=4958) to work on /home/airflow/.local/lib/python3.12/site-packages/airflow/example_dags/example_xcomargs.py
[2025-11-09T21:47:06.849+0000] {processor.py:914} INFO - Processing file /home/airflow/.local/lib/python3.12/site-packages/airflow/example_dags/example_xcomargs.py for tasks to queue
[2025-11-09T21:47:06.860+0000] {logging_mixin.py:190} INFO - [2025-11-09T21:47:06.859+0000] {dagbag.py:588} INFO - Filling up the DagBag from /home/airflow/.local/lib/python3.12/site-packages/airflow/example_dags/example_xcomargs.py
[2025-11-09T21:47:06.894+0000] {processor.py:925} INFO - DAG(s) 'example_xcom_args_with_operators', 'example_xcom_args' retrieved from /home/airflow/.local/lib/python3.12/site-packages/airflow/example_dags/example_xcomargs.py
[2025-11-09T21:47:06.963+0000] {logging_mixin.py:190} INFO - [2025-11-09T21:47:06.963+0000] {dag.py:3239} INFO - Sync 2 DAGs
[2025-11-09T21:47:07.005+0000] {logging_mixin.py:190} INFO - [2025-11-09T21:47:07.004+0000] {dag.py:4180} INFO - Setting next_dagrun for example_xcom_args to None, run_after=None
[2025-11-09T21:47:07.017+0000] {logging_mixin.py:190} INFO - [2025-11-09T21:47:07.017+0000] {dag.py:4180} INFO - Setting next_dagrun for example_xcom_args_with_operators to None, run_after=None
[2025-11-09T21:47:07.057+0000] {processor.py:208} INFO - Processing /home/airflow/.local/lib/python3.12/site-packages/airflow/example_dags/example_xcomargs.py took 0.231 seconds
[2025-11-09T21:47:38.110+0000] {processor.py:186} INFO - Started process (PID=5021) to work on /home/airflow/.local/lib/python3.12/site-packages/airflow/example_dags/example_xcomargs.py
[2025-11-09T21:47:38.113+0000] {processor.py:914} INFO - Processing file /home/airflow/.local/lib/python3.12/site-packages/airflow/example_dags/example_xcomargs.py for tasks to queue
[2025-11-09T21:47:38.120+0000] {logging_mixin.py:190} INFO - [2025-11-09T21:47:38.119+0000] {dagbag.py:588} INFO - Filling up the DagBag from /home/airflow/.local/lib/python3.12/site-packages/airflow/example_dags/example_xcomargs.py
[2025-11-09T21:47:38.155+0000] {processor.py:925} INFO - DAG(s) 'example_xcom_args', 'example_xcom_args_with_operators' retrieved from /home/airflow/.local/lib/python3.12/site-packages/airflow/example_dags/example_xcomargs.py
[2025-11-09T21:47:38.213+0000] {logging_mixin.py:190} INFO - [2025-11-09T21:47:38.212+0000] {dag.py:3239} INFO - Sync 2 DAGs
[2025-11-09T21:47:38.249+0000] {logging_mixin.py:190} INFO - [2025-11-09T21:47:38.248+0000] {dag.py:4180} INFO - Setting next_dagrun for example_xcom_args to None, run_after=None
[2025-11-09T21:47:38.258+0000] {logging_mixin.py:190} INFO - [2025-11-09T21:47:38.257+0000] {dag.py:4180} INFO - Setting next_dagrun for example_xcom_args_with_operators to None, run_after=None
[2025-11-09T21:47:38.302+0000] {processor.py:208} INFO - Processing /home/airflow/.local/lib/python3.12/site-packages/airflow/example_dags/example_xcomargs.py took 0.207 seconds
[2025-11-09T21:48:08.797+0000] {processor.py:186} INFO - Started process (PID=5086) to work on /home/airflow/.local/lib/python3.12/site-packages/airflow/example_dags/example_xcomargs.py
[2025-11-09T21:48:08.798+0000] {processor.py:914} INFO - Processing file /home/airflow/.local/lib/python3.12/site-packages/airflow/example_dags/example_xcomargs.py for tasks to queue
[2025-11-09T21:48:08.804+0000] {logging_mixin.py:190} INFO - [2025-11-09T21:48:08.803+0000] {dagbag.py:588} INFO - Filling up the DagBag from /home/airflow/.local/lib/python3.12/site-packages/airflow/example_dags/example_xcomargs.py
[2025-11-09T21:48:08.829+0000] {processor.py:925} INFO - DAG(s) 'example_xcom_args_with_operators', 'example_xcom_args' retrieved from /home/airflow/.local/lib/python3.12/site-packages/airflow/example_dags/example_xcomargs.py
[2025-11-09T21:48:08.873+0000] {logging_mixin.py:190} INFO - [2025-11-09T21:48:08.873+0000] {dag.py:3239} INFO - Sync 2 DAGs
[2025-11-09T21:48:08.906+0000] {logging_mixin.py:190} INFO - [2025-11-09T21:48:08.905+0000] {dag.py:4180} INFO - Setting next_dagrun for example_xcom_args to None, run_after=None
[2025-11-09T21:48:08.914+0000] {logging_mixin.py:190} INFO - [2025-11-09T21:48:08.914+0000] {dag.py:4180} INFO - Setting next_dagrun for example_xcom_args_with_operators to None, run_after=None
[2025-11-09T21:48:08.949+0000] {processor.py:208} INFO - Processing /home/airflow/.local/lib/python3.12/site-packages/airflow/example_dags/example_xcomargs.py took 0.165 seconds
[2025-11-09T21:48:39.132+0000] {processor.py:186} INFO - Started process (PID=5149) to work on /home/airflow/.local/lib/python3.12/site-packages/airflow/example_dags/example_xcomargs.py
[2025-11-09T21:48:39.138+0000] {processor.py:914} INFO - Processing file /home/airflow/.local/lib/python3.12/site-packages/airflow/example_dags/example_xcomargs.py for tasks to queue
[2025-11-09T21:48:39.159+0000] {logging_mixin.py:190} INFO - [2025-11-09T21:48:39.154+0000] {dagbag.py:588} INFO - Filling up the DagBag from /home/airflow/.local/lib/python3.12/site-packages/airflow/example_dags/example_xcomargs.py
[2025-11-09T21:48:39.212+0000] {processor.py:925} INFO - DAG(s) 'example_xcom_args', 'example_xcom_args_with_operators' retrieved from /home/airflow/.local/lib/python3.12/site-packages/airflow/example_dags/example_xcomargs.py
[2025-11-09T21:48:39.296+0000] {logging_mixin.py:190} INFO - [2025-11-09T21:48:39.295+0000] {dag.py:3239} INFO - Sync 2 DAGs
[2025-11-09T21:48:39.346+0000] {logging_mixin.py:190} INFO - [2025-11-09T21:48:39.345+0000] {dag.py:4180} INFO - Setting next_dagrun for example_xcom_args to None, run_after=None
[2025-11-09T21:48:39.356+0000] {logging_mixin.py:190} INFO - [2025-11-09T21:48:39.355+0000] {dag.py:4180} INFO - Setting next_dagrun for example_xcom_args_with_operators to None, run_after=None
[2025-11-09T21:48:39.391+0000] {processor.py:208} INFO - Processing /home/airflow/.local/lib/python3.12/site-packages/airflow/example_dags/example_xcomargs.py took 0.292 seconds
[2025-11-09T21:49:09.664+0000] {processor.py:186} INFO - Started process (PID=5213) to work on /home/airflow/.local/lib/python3.12/site-packages/airflow/example_dags/example_xcomargs.py
[2025-11-09T21:49:09.666+0000] {processor.py:914} INFO - Processing file /home/airflow/.local/lib/python3.12/site-packages/airflow/example_dags/example_xcomargs.py for tasks to queue
[2025-11-09T21:49:09.670+0000] {logging_mixin.py:190} INFO - [2025-11-09T21:49:09.670+0000] {dagbag.py:588} INFO - Filling up the DagBag from /home/airflow/.local/lib/python3.12/site-packages/airflow/example_dags/example_xcomargs.py
[2025-11-09T21:49:09.687+0000] {processor.py:925} INFO - DAG(s) 'example_xcom_args_with_operators', 'example_xcom_args' retrieved from /home/airflow/.local/lib/python3.12/site-packages/airflow/example_dags/example_xcomargs.py
[2025-11-09T21:49:09.725+0000] {logging_mixin.py:190} INFO - [2025-11-09T21:49:09.725+0000] {dag.py:3239} INFO - Sync 2 DAGs
[2025-11-09T21:49:09.748+0000] {logging_mixin.py:190} INFO - [2025-11-09T21:49:09.748+0000] {dag.py:4180} INFO - Setting next_dagrun for example_xcom_args to None, run_after=None
[2025-11-09T21:49:09.754+0000] {logging_mixin.py:190} INFO - [2025-11-09T21:49:09.753+0000] {dag.py:4180} INFO - Setting next_dagrun for example_xcom_args_with_operators to None, run_after=None
[2025-11-09T21:49:09.779+0000] {processor.py:208} INFO - Processing /home/airflow/.local/lib/python3.12/site-packages/airflow/example_dags/example_xcomargs.py took 0.125 seconds
[2025-11-09T21:49:40.381+0000] {processor.py:186} INFO - Started process (PID=5279) to work on /home/airflow/.local/lib/python3.12/site-packages/airflow/example_dags/example_xcomargs.py
[2025-11-09T21:49:40.383+0000] {processor.py:914} INFO - Processing file /home/airflow/.local/lib/python3.12/site-packages/airflow/example_dags/example_xcomargs.py for tasks to queue
[2025-11-09T21:49:40.390+0000] {logging_mixin.py:190} INFO - [2025-11-09T21:49:40.389+0000] {dagbag.py:588} INFO - Filling up the DagBag from /home/airflow/.local/lib/python3.12/site-packages/airflow/example_dags/example_xcomargs.py
[2025-11-09T21:49:40.412+0000] {processor.py:925} INFO - DAG(s) 'example_xcom_args', 'example_xcom_args_with_operators' retrieved from /home/airflow/.local/lib/python3.12/site-packages/airflow/example_dags/example_xcomargs.py
[2025-11-09T21:49:40.475+0000] {logging_mixin.py:190} INFO - [2025-11-09T21:49:40.474+0000] {dag.py:3239} INFO - Sync 2 DAGs
[2025-11-09T21:49:40.520+0000] {logging_mixin.py:190} INFO - [2025-11-09T21:49:40.520+0000] {dag.py:4180} INFO - Setting next_dagrun for example_xcom_args to None, run_after=None
[2025-11-09T21:49:40.530+0000] {logging_mixin.py:190} INFO - [2025-11-09T21:49:40.530+0000] {dag.py:4180} INFO - Setting next_dagrun for example_xcom_args_with_operators to None, run_after=None
[2025-11-09T21:49:40.570+0000] {processor.py:208} INFO - Processing /home/airflow/.local/lib/python3.12/site-packages/airflow/example_dags/example_xcomargs.py took 0.203 seconds
[2025-11-09T21:50:10.932+0000] {processor.py:186} INFO - Started process (PID=5343) to work on /home/airflow/.local/lib/python3.12/site-packages/airflow/example_dags/example_xcomargs.py
[2025-11-09T21:50:10.935+0000] {processor.py:914} INFO - Processing file /home/airflow/.local/lib/python3.12/site-packages/airflow/example_dags/example_xcomargs.py for tasks to queue
[2025-11-09T21:50:10.941+0000] {logging_mixin.py:190} INFO - [2025-11-09T21:50:10.940+0000] {dagbag.py:588} INFO - Filling up the DagBag from /home/airflow/.local/lib/python3.12/site-packages/airflow/example_dags/example_xcomargs.py
[2025-11-09T21:50:10.962+0000] {processor.py:925} INFO - DAG(s) 'example_xcom_args_with_operators', 'example_xcom_args' retrieved from /home/airflow/.local/lib/python3.12/site-packages/airflow/example_dags/example_xcomargs.py
[2025-11-09T21:50:11.016+0000] {logging_mixin.py:190} INFO - [2025-11-09T21:50:11.016+0000] {dag.py:3239} INFO - Sync 2 DAGs
[2025-11-09T21:50:11.046+0000] {logging_mixin.py:190} INFO - [2025-11-09T21:50:11.046+0000] {dag.py:4180} INFO - Setting next_dagrun for example_xcom_args to None, run_after=None
[2025-11-09T21:50:11.054+0000] {logging_mixin.py:190} INFO - [2025-11-09T21:50:11.053+0000] {dag.py:4180} INFO - Setting next_dagrun for example_xcom_args_with_operators to None, run_after=None
[2025-11-09T21:50:11.087+0000] {processor.py:208} INFO - Processing /home/airflow/.local/lib/python3.12/site-packages/airflow/example_dags/example_xcomargs.py took 0.167 seconds
[2025-11-09T21:50:41.931+0000] {processor.py:186} INFO - Started process (PID=5407) to work on /home/airflow/.local/lib/python3.12/site-packages/airflow/example_dags/example_xcomargs.py
[2025-11-09T21:50:41.934+0000] {processor.py:914} INFO - Processing file /home/airflow/.local/lib/python3.12/site-packages/airflow/example_dags/example_xcomargs.py for tasks to queue
[2025-11-09T21:50:41.941+0000] {logging_mixin.py:190} INFO - [2025-11-09T21:50:41.940+0000] {dagbag.py:588} INFO - Filling up the DagBag from /home/airflow/.local/lib/python3.12/site-packages/airflow/example_dags/example_xcomargs.py
[2025-11-09T21:50:41.967+0000] {processor.py:925} INFO - DAG(s) 'example_xcom_args_with_operators', 'example_xcom_args' retrieved from /home/airflow/.local/lib/python3.12/site-packages/airflow/example_dags/example_xcomargs.py
[2025-11-09T21:50:42.022+0000] {logging_mixin.py:190} INFO - [2025-11-09T21:50:42.022+0000] {dag.py:3239} INFO - Sync 2 DAGs
[2025-11-09T21:50:42.062+0000] {logging_mixin.py:190} INFO - [2025-11-09T21:50:42.061+0000] {dag.py:4180} INFO - Setting next_dagrun for example_xcom_args to None, run_after=None
[2025-11-09T21:50:42.071+0000] {logging_mixin.py:190} INFO - [2025-11-09T21:50:42.070+0000] {dag.py:4180} INFO - Setting next_dagrun for example_xcom_args_with_operators to None, run_after=None
[2025-11-09T21:50:42.109+0000] {processor.py:208} INFO - Processing /home/airflow/.local/lib/python3.12/site-packages/airflow/example_dags/example_xcomargs.py took 0.193 seconds
[2025-11-09T21:51:12.769+0000] {processor.py:186} INFO - Started process (PID=5471) to work on /home/airflow/.local/lib/python3.12/site-packages/airflow/example_dags/example_xcomargs.py
[2025-11-09T21:51:12.771+0000] {processor.py:914} INFO - Processing file /home/airflow/.local/lib/python3.12/site-packages/airflow/example_dags/example_xcomargs.py for tasks to queue
[2025-11-09T21:51:12.777+0000] {logging_mixin.py:190} INFO - [2025-11-09T21:51:12.776+0000] {dagbag.py:588} INFO - Filling up the DagBag from /home/airflow/.local/lib/python3.12/site-packages/airflow/example_dags/example_xcomargs.py
[2025-11-09T21:51:12.796+0000] {processor.py:925} INFO - DAG(s) 'example_xcom_args', 'example_xcom_args_with_operators' retrieved from /home/airflow/.local/lib/python3.12/site-packages/airflow/example_dags/example_xcomargs.py
[2025-11-09T21:51:12.839+0000] {logging_mixin.py:190} INFO - [2025-11-09T21:51:12.838+0000] {dag.py:3239} INFO - Sync 2 DAGs
[2025-11-09T21:51:12.866+0000] {logging_mixin.py:190} INFO - [2025-11-09T21:51:12.866+0000] {dag.py:4180} INFO - Setting next_dagrun for example_xcom_args to None, run_after=None
[2025-11-09T21:51:12.872+0000] {logging_mixin.py:190} INFO - [2025-11-09T21:51:12.872+0000] {dag.py:4180} INFO - Setting next_dagrun for example_xcom_args_with_operators to None, run_after=None
[2025-11-09T21:51:12.898+0000] {processor.py:208} INFO - Processing /home/airflow/.local/lib/python3.12/site-packages/airflow/example_dags/example_xcomargs.py took 0.142 seconds
[2025-11-09T21:51:44.139+0000] {processor.py:186} INFO - Started process (PID=5535) to work on /home/airflow/.local/lib/python3.12/site-packages/airflow/example_dags/example_xcomargs.py
[2025-11-09T21:51:44.142+0000] {processor.py:914} INFO - Processing file /home/airflow/.local/lib/python3.12/site-packages/airflow/example_dags/example_xcomargs.py for tasks to queue
[2025-11-09T21:51:44.149+0000] {logging_mixin.py:190} INFO - [2025-11-09T21:51:44.148+0000] {dagbag.py:588} INFO - Filling up the DagBag from /home/airflow/.local/lib/python3.12/site-packages/airflow/example_dags/example_xcomargs.py
[2025-11-09T21:51:44.177+0000] {processor.py:925} INFO - DAG(s) 'example_xcom_args_with_operators', 'example_xcom_args' retrieved from /home/airflow/.local/lib/python3.12/site-packages/airflow/example_dags/example_xcomargs.py
[2025-11-09T21:51:44.226+0000] {logging_mixin.py:190} INFO - [2025-11-09T21:51:44.226+0000] {dag.py:3239} INFO - Sync 2 DAGs
[2025-11-09T21:51:44.253+0000] {logging_mixin.py:190} INFO - [2025-11-09T21:51:44.252+0000] {dag.py:4180} INFO - Setting next_dagrun for example_xcom_args to None, run_after=None
[2025-11-09T21:51:44.260+0000] {logging_mixin.py:190} INFO - [2025-11-09T21:51:44.260+0000] {dag.py:4180} INFO - Setting next_dagrun for example_xcom_args_with_operators to None, run_after=None
[2025-11-09T21:51:44.291+0000] {processor.py:208} INFO - Processing /home/airflow/.local/lib/python3.12/site-packages/airflow/example_dags/example_xcomargs.py took 0.170 seconds
[2025-11-09T21:52:14.761+0000] {processor.py:186} INFO - Started process (PID=5599) to work on /home/airflow/.local/lib/python3.12/site-packages/airflow/example_dags/example_xcomargs.py
[2025-11-09T21:52:14.764+0000] {processor.py:914} INFO - Processing file /home/airflow/.local/lib/python3.12/site-packages/airflow/example_dags/example_xcomargs.py for tasks to queue
[2025-11-09T21:52:14.773+0000] {logging_mixin.py:190} INFO - [2025-11-09T21:52:14.772+0000] {dagbag.py:588} INFO - Filling up the DagBag from /home/airflow/.local/lib/python3.12/site-packages/airflow/example_dags/example_xcomargs.py
[2025-11-09T21:52:14.803+0000] {processor.py:925} INFO - DAG(s) 'example_xcom_args_with_operators', 'example_xcom_args' retrieved from /home/airflow/.local/lib/python3.12/site-packages/airflow/example_dags/example_xcomargs.py
[2025-11-09T21:52:14.874+0000] {logging_mixin.py:190} INFO - [2025-11-09T21:52:14.874+0000] {dag.py:3239} INFO - Sync 2 DAGs
[2025-11-09T21:52:14.918+0000] {logging_mixin.py:190} INFO - [2025-11-09T21:52:14.918+0000] {dag.py:4180} INFO - Setting next_dagrun for example_xcom_args to None, run_after=None
[2025-11-09T21:52:14.927+0000] {logging_mixin.py:190} INFO - [2025-11-09T21:52:14.927+0000] {dag.py:4180} INFO - Setting next_dagrun for example_xcom_args_with_operators to None, run_after=None
[2025-11-09T21:52:14.971+0000] {processor.py:208} INFO - Processing /home/airflow/.local/lib/python3.12/site-packages/airflow/example_dags/example_xcomargs.py took 0.223 seconds
[2025-11-09T21:52:45.191+0000] {processor.py:186} INFO - Started process (PID=5662) to work on /home/airflow/.local/lib/python3.12/site-packages/airflow/example_dags/example_xcomargs.py
[2025-11-09T21:52:45.193+0000] {processor.py:914} INFO - Processing file /home/airflow/.local/lib/python3.12/site-packages/airflow/example_dags/example_xcomargs.py for tasks to queue
[2025-11-09T21:52:45.202+0000] {logging_mixin.py:190} INFO - [2025-11-09T21:52:45.201+0000] {dagbag.py:588} INFO - Filling up the DagBag from /home/airflow/.local/lib/python3.12/site-packages/airflow/example_dags/example_xcomargs.py
[2025-11-09T21:52:45.226+0000] {processor.py:925} INFO - DAG(s) 'example_xcom_args_with_operators', 'example_xcom_args' retrieved from /home/airflow/.local/lib/python3.12/site-packages/airflow/example_dags/example_xcomargs.py
[2025-11-09T21:52:45.275+0000] {logging_mixin.py:190} INFO - [2025-11-09T21:52:45.274+0000] {dag.py:3239} INFO - Sync 2 DAGs
[2025-11-09T21:52:45.304+0000] {logging_mixin.py:190} INFO - [2025-11-09T21:52:45.303+0000] {dag.py:4180} INFO - Setting next_dagrun for example_xcom_args to None, run_after=None
[2025-11-09T21:52:45.310+0000] {logging_mixin.py:190} INFO - [2025-11-09T21:52:45.309+0000] {dag.py:4180} INFO - Setting next_dagrun for example_xcom_args_with_operators to None, run_after=None
[2025-11-09T21:52:45.343+0000] {processor.py:208} INFO - Processing /home/airflow/.local/lib/python3.12/site-packages/airflow/example_dags/example_xcomargs.py took 0.165 seconds
[2025-11-09T21:53:15.860+0000] {processor.py:186} INFO - Started process (PID=5726) to work on /home/airflow/.local/lib/python3.12/site-packages/airflow/example_dags/example_xcomargs.py
[2025-11-09T21:53:15.863+0000] {processor.py:914} INFO - Processing file /home/airflow/.local/lib/python3.12/site-packages/airflow/example_dags/example_xcomargs.py for tasks to queue
[2025-11-09T21:53:15.871+0000] {logging_mixin.py:190} INFO - [2025-11-09T21:53:15.870+0000] {dagbag.py:588} INFO - Filling up the DagBag from /home/airflow/.local/lib/python3.12/site-packages/airflow/example_dags/example_xcomargs.py
[2025-11-09T21:53:15.908+0000] {processor.py:925} INFO - DAG(s) 'example_xcom_args_with_operators', 'example_xcom_args' retrieved from /home/airflow/.local/lib/python3.12/site-packages/airflow/example_dags/example_xcomargs.py
[2025-11-09T21:53:15.992+0000] {logging_mixin.py:190} INFO - [2025-11-09T21:53:15.991+0000] {dag.py:3239} INFO - Sync 2 DAGs
[2025-11-09T21:53:16.043+0000] {logging_mixin.py:190} INFO - [2025-11-09T21:53:16.042+0000] {dag.py:4180} INFO - Setting next_dagrun for example_xcom_args to None, run_after=None
[2025-11-09T21:53:16.054+0000] {logging_mixin.py:190} INFO - [2025-11-09T21:53:16.053+0000] {dag.py:4180} INFO - Setting next_dagrun for example_xcom_args_with_operators to None, run_after=None
[2025-11-09T21:53:16.107+0000] {processor.py:208} INFO - Processing /home/airflow/.local/lib/python3.12/site-packages/airflow/example_dags/example_xcomargs.py took 0.265 seconds
[2025-11-09T21:53:49.831+0000] {processor.py:186} INFO - Started process (PID=5792) to work on /home/airflow/.local/lib/python3.12/site-packages/airflow/example_dags/example_xcomargs.py
[2025-11-09T21:53:49.835+0000] {processor.py:914} INFO - Processing file /home/airflow/.local/lib/python3.12/site-packages/airflow/example_dags/example_xcomargs.py for tasks to queue
[2025-11-09T21:53:49.843+0000] {logging_mixin.py:190} INFO - [2025-11-09T21:53:49.842+0000] {dagbag.py:588} INFO - Filling up the DagBag from /home/airflow/.local/lib/python3.12/site-packages/airflow/example_dags/example_xcomargs.py
[2025-11-09T21:53:49.882+0000] {processor.py:925} INFO - DAG(s) 'example_xcom_args_with_operators', 'example_xcom_args' retrieved from /home/airflow/.local/lib/python3.12/site-packages/airflow/example_dags/example_xcomargs.py
[2025-11-09T21:53:49.953+0000] {logging_mixin.py:190} INFO - [2025-11-09T21:53:49.952+0000] {dag.py:3239} INFO - Sync 2 DAGs
[2025-11-09T21:53:49.997+0000] {logging_mixin.py:190} INFO - [2025-11-09T21:53:49.996+0000] {dag.py:4180} INFO - Setting next_dagrun for example_xcom_args to None, run_after=None
[2025-11-09T21:53:50.007+0000] {logging_mixin.py:190} INFO - [2025-11-09T21:53:50.007+0000] {dag.py:4180} INFO - Setting next_dagrun for example_xcom_args_with_operators to None, run_after=None
[2025-11-09T21:53:50.049+0000] {processor.py:208} INFO - Processing /home/airflow/.local/lib/python3.12/site-packages/airflow/example_dags/example_xcomargs.py took 0.241 seconds
[2025-11-09T21:54:20.561+0000] {processor.py:186} INFO - Started process (PID=5856) to work on /home/airflow/.local/lib/python3.12/site-packages/airflow/example_dags/example_xcomargs.py
[2025-11-09T21:54:20.563+0000] {processor.py:914} INFO - Processing file /home/airflow/.local/lib/python3.12/site-packages/airflow/example_dags/example_xcomargs.py for tasks to queue
[2025-11-09T21:54:20.567+0000] {logging_mixin.py:190} INFO - [2025-11-09T21:54:20.566+0000] {dagbag.py:588} INFO - Filling up the DagBag from /home/airflow/.local/lib/python3.12/site-packages/airflow/example_dags/example_xcomargs.py
[2025-11-09T21:54:20.589+0000] {processor.py:925} INFO - DAG(s) 'example_xcom_args_with_operators', 'example_xcom_args' retrieved from /home/airflow/.local/lib/python3.12/site-packages/airflow/example_dags/example_xcomargs.py
[2025-11-09T21:54:20.637+0000] {logging_mixin.py:190} INFO - [2025-11-09T21:54:20.636+0000] {dag.py:3239} INFO - Sync 2 DAGs
[2025-11-09T21:54:20.668+0000] {logging_mixin.py:190} INFO - [2025-11-09T21:54:20.668+0000] {dag.py:4180} INFO - Setting next_dagrun for example_xcom_args to None, run_after=None
[2025-11-09T21:54:20.676+0000] {logging_mixin.py:190} INFO - [2025-11-09T21:54:20.675+0000] {dag.py:4180} INFO - Setting next_dagrun for example_xcom_args_with_operators to None, run_after=None
[2025-11-09T21:54:20.709+0000] {processor.py:208} INFO - Processing /home/airflow/.local/lib/python3.12/site-packages/airflow/example_dags/example_xcomargs.py took 0.162 seconds
[2025-11-09T21:54:51.017+0000] {processor.py:186} INFO - Started process (PID=5917) to work on /home/airflow/.local/lib/python3.12/site-packages/airflow/example_dags/example_xcomargs.py
[2025-11-09T21:54:51.019+0000] {processor.py:914} INFO - Processing file /home/airflow/.local/lib/python3.12/site-packages/airflow/example_dags/example_xcomargs.py for tasks to queue
[2025-11-09T21:54:51.024+0000] {logging_mixin.py:190} INFO - [2025-11-09T21:54:51.023+0000] {dagbag.py:588} INFO - Filling up the DagBag from /home/airflow/.local/lib/python3.12/site-packages/airflow/example_dags/example_xcomargs.py
[2025-11-09T21:54:51.044+0000] {processor.py:925} INFO - DAG(s) 'example_xcom_args', 'example_xcom_args_with_operators' retrieved from /home/airflow/.local/lib/python3.12/site-packages/airflow/example_dags/example_xcomargs.py
[2025-11-09T21:54:51.086+0000] {logging_mixin.py:190} INFO - [2025-11-09T21:54:51.086+0000] {dag.py:3239} INFO - Sync 2 DAGs
[2025-11-09T21:54:51.112+0000] {logging_mixin.py:190} INFO - [2025-11-09T21:54:51.112+0000] {dag.py:4180} INFO - Setting next_dagrun for example_xcom_args to None, run_after=None
[2025-11-09T21:54:51.119+0000] {logging_mixin.py:190} INFO - [2025-11-09T21:54:51.119+0000] {dag.py:4180} INFO - Setting next_dagrun for example_xcom_args_with_operators to None, run_after=None
[2025-11-09T21:54:51.151+0000] {processor.py:208} INFO - Processing /home/airflow/.local/lib/python3.12/site-packages/airflow/example_dags/example_xcomargs.py took 0.147 seconds
[2025-11-09T21:55:25.406+0000] {processor.py:186} INFO - Started process (PID=5979) to work on /home/airflow/.local/lib/python3.12/site-packages/airflow/example_dags/example_xcomargs.py
[2025-11-09T21:55:25.414+0000] {processor.py:914} INFO - Processing file /home/airflow/.local/lib/python3.12/site-packages/airflow/example_dags/example_xcomargs.py for tasks to queue
[2025-11-09T21:55:25.424+0000] {logging_mixin.py:190} INFO - [2025-11-09T21:55:25.423+0000] {dagbag.py:588} INFO - Filling up the DagBag from /home/airflow/.local/lib/python3.12/site-packages/airflow/example_dags/example_xcomargs.py
[2025-11-09T21:55:25.479+0000] {processor.py:925} INFO - DAG(s) 'example_xcom_args', 'example_xcom_args_with_operators' retrieved from /home/airflow/.local/lib/python3.12/site-packages/airflow/example_dags/example_xcomargs.py
[2025-11-09T21:55:25.577+0000] {logging_mixin.py:190} INFO - [2025-11-09T21:55:25.576+0000] {dag.py:3239} INFO - Sync 2 DAGs
[2025-11-09T21:55:25.644+0000] {logging_mixin.py:190} INFO - [2025-11-09T21:55:25.643+0000] {dag.py:4180} INFO - Setting next_dagrun for example_xcom_args to None, run_after=None
[2025-11-09T21:55:25.657+0000] {logging_mixin.py:190} INFO - [2025-11-09T21:55:25.656+0000] {dag.py:4180} INFO - Setting next_dagrun for example_xcom_args_with_operators to None, run_after=None
[2025-11-09T21:55:25.715+0000] {processor.py:208} INFO - Processing /home/airflow/.local/lib/python3.12/site-packages/airflow/example_dags/example_xcomargs.py took 0.335 seconds
[2025-11-09T21:55:56.174+0000] {processor.py:186} INFO - Started process (PID=6043) to work on /home/airflow/.local/lib/python3.12/site-packages/airflow/example_dags/example_xcomargs.py
[2025-11-09T21:55:56.178+0000] {processor.py:914} INFO - Processing file /home/airflow/.local/lib/python3.12/site-packages/airflow/example_dags/example_xcomargs.py for tasks to queue
[2025-11-09T21:55:56.188+0000] {logging_mixin.py:190} INFO - [2025-11-09T21:55:56.186+0000] {dagbag.py:588} INFO - Filling up the DagBag from /home/airflow/.local/lib/python3.12/site-packages/airflow/example_dags/example_xcomargs.py
[2025-11-09T21:55:56.224+0000] {processor.py:925} INFO - DAG(s) 'example_xcom_args_with_operators', 'example_xcom_args' retrieved from /home/airflow/.local/lib/python3.12/site-packages/airflow/example_dags/example_xcomargs.py
[2025-11-09T21:55:56.310+0000] {logging_mixin.py:190} INFO - [2025-11-09T21:55:56.309+0000] {dag.py:3239} INFO - Sync 2 DAGs
[2025-11-09T21:55:56.350+0000] {logging_mixin.py:190} INFO - [2025-11-09T21:55:56.350+0000] {dag.py:4180} INFO - Setting next_dagrun for example_xcom_args to None, run_after=None
[2025-11-09T21:55:56.361+0000] {logging_mixin.py:190} INFO - [2025-11-09T21:55:56.360+0000] {dag.py:4180} INFO - Setting next_dagrun for example_xcom_args_with_operators to None, run_after=None
[2025-11-09T21:55:56.402+0000] {processor.py:208} INFO - Processing /home/airflow/.local/lib/python3.12/site-packages/airflow/example_dags/example_xcomargs.py took 0.246 seconds
[2025-11-09T21:56:27.235+0000] {processor.py:186} INFO - Started process (PID=6106) to work on /home/airflow/.local/lib/python3.12/site-packages/airflow/example_dags/example_xcomargs.py
[2025-11-09T21:56:27.238+0000] {processor.py:914} INFO - Processing file /home/airflow/.local/lib/python3.12/site-packages/airflow/example_dags/example_xcomargs.py for tasks to queue
[2025-11-09T21:56:27.245+0000] {logging_mixin.py:190} INFO - [2025-11-09T21:56:27.244+0000] {dagbag.py:588} INFO - Filling up the DagBag from /home/airflow/.local/lib/python3.12/site-packages/airflow/example_dags/example_xcomargs.py
[2025-11-09T21:56:27.266+0000] {processor.py:925} INFO - DAG(s) 'example_xcom_args', 'example_xcom_args_with_operators' retrieved from /home/airflow/.local/lib/python3.12/site-packages/airflow/example_dags/example_xcomargs.py
[2025-11-09T21:56:27.315+0000] {logging_mixin.py:190} INFO - [2025-11-09T21:56:27.314+0000] {dag.py:3239} INFO - Sync 2 DAGs
[2025-11-09T21:56:27.343+0000] {logging_mixin.py:190} INFO - [2025-11-09T21:56:27.343+0000] {dag.py:4180} INFO - Setting next_dagrun for example_xcom_args to None, run_after=None
[2025-11-09T21:56:27.350+0000] {logging_mixin.py:190} INFO - [2025-11-09T21:56:27.350+0000] {dag.py:4180} INFO - Setting next_dagrun for example_xcom_args_with_operators to None, run_after=None
[2025-11-09T21:56:27.384+0000] {processor.py:208} INFO - Processing /home/airflow/.local/lib/python3.12/site-packages/airflow/example_dags/example_xcomargs.py took 0.162 seconds
[2025-11-09T21:56:57.619+0000] {processor.py:186} INFO - Started process (PID=6170) to work on /home/airflow/.local/lib/python3.12/site-packages/airflow/example_dags/example_xcomargs.py
[2025-11-09T21:56:57.621+0000] {processor.py:914} INFO - Processing file /home/airflow/.local/lib/python3.12/site-packages/airflow/example_dags/example_xcomargs.py for tasks to queue
[2025-11-09T21:56:57.627+0000] {logging_mixin.py:190} INFO - [2025-11-09T21:56:57.626+0000] {dagbag.py:588} INFO - Filling up the DagBag from /home/airflow/.local/lib/python3.12/site-packages/airflow/example_dags/example_xcomargs.py
[2025-11-09T21:56:57.653+0000] {processor.py:925} INFO - DAG(s) 'example_xcom_args_with_operators', 'example_xcom_args' retrieved from /home/airflow/.local/lib/python3.12/site-packages/airflow/example_dags/example_xcomargs.py
[2025-11-09T21:56:57.711+0000] {logging_mixin.py:190} INFO - [2025-11-09T21:56:57.711+0000] {dag.py:3239} INFO - Sync 2 DAGs
[2025-11-09T21:56:57.744+0000] {logging_mixin.py:190} INFO - [2025-11-09T21:56:57.744+0000] {dag.py:4180} INFO - Setting next_dagrun for example_xcom_args to None, run_after=None
[2025-11-09T21:56:57.752+0000] {logging_mixin.py:190} INFO - [2025-11-09T21:56:57.751+0000] {dag.py:4180} INFO - Setting next_dagrun for example_xcom_args_with_operators to None, run_after=None
[2025-11-09T21:56:57.786+0000] {processor.py:208} INFO - Processing /home/airflow/.local/lib/python3.12/site-packages/airflow/example_dags/example_xcomargs.py took 0.180 seconds
[2025-11-09T21:57:28.382+0000] {processor.py:186} INFO - Started process (PID=6234) to work on /home/airflow/.local/lib/python3.12/site-packages/airflow/example_dags/example_xcomargs.py
[2025-11-09T21:57:28.387+0000] {processor.py:914} INFO - Processing file /home/airflow/.local/lib/python3.12/site-packages/airflow/example_dags/example_xcomargs.py for tasks to queue
[2025-11-09T21:57:28.392+0000] {logging_mixin.py:190} INFO - [2025-11-09T21:57:28.391+0000] {dagbag.py:588} INFO - Filling up the DagBag from /home/airflow/.local/lib/python3.12/site-packages/airflow/example_dags/example_xcomargs.py
[2025-11-09T21:57:28.415+0000] {processor.py:925} INFO - DAG(s) 'example_xcom_args_with_operators', 'example_xcom_args' retrieved from /home/airflow/.local/lib/python3.12/site-packages/airflow/example_dags/example_xcomargs.py
[2025-11-09T21:57:28.457+0000] {logging_mixin.py:190} INFO - [2025-11-09T21:57:28.457+0000] {dag.py:3239} INFO - Sync 2 DAGs
[2025-11-09T21:57:28.486+0000] {logging_mixin.py:190} INFO - [2025-11-09T21:57:28.485+0000] {dag.py:4180} INFO - Setting next_dagrun for example_xcom_args to None, run_after=None
[2025-11-09T21:57:28.495+0000] {logging_mixin.py:190} INFO - [2025-11-09T21:57:28.494+0000] {dag.py:4180} INFO - Setting next_dagrun for example_xcom_args_with_operators to None, run_after=None
[2025-11-09T21:57:28.527+0000] {processor.py:208} INFO - Processing /home/airflow/.local/lib/python3.12/site-packages/airflow/example_dags/example_xcomargs.py took 0.157 seconds
[2025-11-09T21:57:58.737+0000] {processor.py:186} INFO - Started process (PID=6297) to work on /home/airflow/.local/lib/python3.12/site-packages/airflow/example_dags/example_xcomargs.py
[2025-11-09T21:57:58.739+0000] {processor.py:914} INFO - Processing file /home/airflow/.local/lib/python3.12/site-packages/airflow/example_dags/example_xcomargs.py for tasks to queue
[2025-11-09T21:57:58.744+0000] {logging_mixin.py:190} INFO - [2025-11-09T21:57:58.743+0000] {dagbag.py:588} INFO - Filling up the DagBag from /home/airflow/.local/lib/python3.12/site-packages/airflow/example_dags/example_xcomargs.py
[2025-11-09T21:57:58.763+0000] {processor.py:925} INFO - DAG(s) 'example_xcom_args_with_operators', 'example_xcom_args' retrieved from /home/airflow/.local/lib/python3.12/site-packages/airflow/example_dags/example_xcomargs.py
[2025-11-09T21:57:58.810+0000] {logging_mixin.py:190} INFO - [2025-11-09T21:57:58.810+0000] {dag.py:3239} INFO - Sync 2 DAGs
[2025-11-09T21:57:58.840+0000] {logging_mixin.py:190} INFO - [2025-11-09T21:57:58.840+0000] {dag.py:4180} INFO - Setting next_dagrun for example_xcom_args to None, run_after=None
[2025-11-09T21:57:58.848+0000] {logging_mixin.py:190} INFO - [2025-11-09T21:57:58.848+0000] {dag.py:4180} INFO - Setting next_dagrun for example_xcom_args_with_operators to None, run_after=None
[2025-11-09T21:57:58.884+0000] {processor.py:208} INFO - Processing /home/airflow/.local/lib/python3.12/site-packages/airflow/example_dags/example_xcomargs.py took 0.158 seconds
[2025-11-09T21:58:29.297+0000] {processor.py:186} INFO - Started process (PID=6361) to work on /home/airflow/.local/lib/python3.12/site-packages/airflow/example_dags/example_xcomargs.py
[2025-11-09T21:58:29.300+0000] {processor.py:914} INFO - Processing file /home/airflow/.local/lib/python3.12/site-packages/airflow/example_dags/example_xcomargs.py for tasks to queue
[2025-11-09T21:58:29.306+0000] {logging_mixin.py:190} INFO - [2025-11-09T21:58:29.305+0000] {dagbag.py:588} INFO - Filling up the DagBag from /home/airflow/.local/lib/python3.12/site-packages/airflow/example_dags/example_xcomargs.py
[2025-11-09T21:58:29.338+0000] {processor.py:925} INFO - DAG(s) 'example_xcom_args_with_operators', 'example_xcom_args' retrieved from /home/airflow/.local/lib/python3.12/site-packages/airflow/example_dags/example_xcomargs.py
[2025-11-09T21:58:29.387+0000] {logging_mixin.py:190} INFO - [2025-11-09T21:58:29.386+0000] {dag.py:3239} INFO - Sync 2 DAGs
[2025-11-09T21:58:29.417+0000] {logging_mixin.py:190} INFO - [2025-11-09T21:58:29.417+0000] {dag.py:4180} INFO - Setting next_dagrun for example_xcom_args to None, run_after=None
[2025-11-09T21:58:29.426+0000] {logging_mixin.py:190} INFO - [2025-11-09T21:58:29.425+0000] {dag.py:4180} INFO - Setting next_dagrun for example_xcom_args_with_operators to None, run_after=None
[2025-11-09T21:58:29.456+0000] {processor.py:208} INFO - Processing /home/airflow/.local/lib/python3.12/site-packages/airflow/example_dags/example_xcomargs.py took 0.173 seconds
[2025-11-09T21:58:59.691+0000] {processor.py:186} INFO - Started process (PID=6425) to work on /home/airflow/.local/lib/python3.12/site-packages/airflow/example_dags/example_xcomargs.py
[2025-11-09T21:58:59.694+0000] {processor.py:914} INFO - Processing file /home/airflow/.local/lib/python3.12/site-packages/airflow/example_dags/example_xcomargs.py for tasks to queue
[2025-11-09T21:58:59.700+0000] {logging_mixin.py:190} INFO - [2025-11-09T21:58:59.699+0000] {dagbag.py:588} INFO - Filling up the DagBag from /home/airflow/.local/lib/python3.12/site-packages/airflow/example_dags/example_xcomargs.py
[2025-11-09T21:58:59.726+0000] {processor.py:925} INFO - DAG(s) 'example_xcom_args', 'example_xcom_args_with_operators' retrieved from /home/airflow/.local/lib/python3.12/site-packages/airflow/example_dags/example_xcomargs.py
[2025-11-09T21:58:59.783+0000] {logging_mixin.py:190} INFO - [2025-11-09T21:58:59.782+0000] {dag.py:3239} INFO - Sync 2 DAGs
[2025-11-09T21:58:59.815+0000] {logging_mixin.py:190} INFO - [2025-11-09T21:58:59.814+0000] {dag.py:4180} INFO - Setting next_dagrun for example_xcom_args to None, run_after=None
[2025-11-09T21:58:59.823+0000] {logging_mixin.py:190} INFO - [2025-11-09T21:58:59.823+0000] {dag.py:4180} INFO - Setting next_dagrun for example_xcom_args_with_operators to None, run_after=None
[2025-11-09T21:58:59.861+0000] {processor.py:208} INFO - Processing /home/airflow/.local/lib/python3.12/site-packages/airflow/example_dags/example_xcomargs.py took 0.188 seconds
[2025-11-09T21:59:31.345+0000] {processor.py:186} INFO - Started process (PID=6489) to work on /home/airflow/.local/lib/python3.12/site-packages/airflow/example_dags/example_xcomargs.py
[2025-11-09T21:59:31.348+0000] {processor.py:914} INFO - Processing file /home/airflow/.local/lib/python3.12/site-packages/airflow/example_dags/example_xcomargs.py for tasks to queue
[2025-11-09T21:59:31.354+0000] {logging_mixin.py:190} INFO - [2025-11-09T21:59:31.353+0000] {dagbag.py:588} INFO - Filling up the DagBag from /home/airflow/.local/lib/python3.12/site-packages/airflow/example_dags/example_xcomargs.py
[2025-11-09T21:59:31.376+0000] {processor.py:925} INFO - DAG(s) 'example_xcom_args', 'example_xcom_args_with_operators' retrieved from /home/airflow/.local/lib/python3.12/site-packages/airflow/example_dags/example_xcomargs.py
[2025-11-09T21:59:31.430+0000] {logging_mixin.py:190} INFO - [2025-11-09T21:59:31.429+0000] {dag.py:3239} INFO - Sync 2 DAGs
[2025-11-09T21:59:31.466+0000] {logging_mixin.py:190} INFO - [2025-11-09T21:59:31.466+0000] {dag.py:4180} INFO - Setting next_dagrun for example_xcom_args to None, run_after=None
[2025-11-09T21:59:31.474+0000] {logging_mixin.py:190} INFO - [2025-11-09T21:59:31.473+0000] {dag.py:4180} INFO - Setting next_dagrun for example_xcom_args_with_operators to None, run_after=None
[2025-11-09T21:59:31.506+0000] {processor.py:208} INFO - Processing /home/airflow/.local/lib/python3.12/site-packages/airflow/example_dags/example_xcomargs.py took 0.173 seconds
[2025-11-09T22:00:02.276+0000] {processor.py:186} INFO - Started process (PID=6553) to work on /home/airflow/.local/lib/python3.12/site-packages/airflow/example_dags/example_xcomargs.py
[2025-11-09T22:00:02.278+0000] {processor.py:914} INFO - Processing file /home/airflow/.local/lib/python3.12/site-packages/airflow/example_dags/example_xcomargs.py for tasks to queue
[2025-11-09T22:00:02.284+0000] {logging_mixin.py:190} INFO - [2025-11-09T22:00:02.284+0000] {dagbag.py:588} INFO - Filling up the DagBag from /home/airflow/.local/lib/python3.12/site-packages/airflow/example_dags/example_xcomargs.py
[2025-11-09T22:00:02.316+0000] {processor.py:925} INFO - DAG(s) 'example_xcom_args_with_operators', 'example_xcom_args' retrieved from /home/airflow/.local/lib/python3.12/site-packages/airflow/example_dags/example_xcomargs.py
[2025-11-09T22:00:02.385+0000] {logging_mixin.py:190} INFO - [2025-11-09T22:00:02.385+0000] {dag.py:3239} INFO - Sync 2 DAGs
[2025-11-09T22:00:02.433+0000] {logging_mixin.py:190} INFO - [2025-11-09T22:00:02.433+0000] {dag.py:4180} INFO - Setting next_dagrun for example_xcom_args to None, run_after=None
[2025-11-09T22:00:02.445+0000] {logging_mixin.py:190} INFO - [2025-11-09T22:00:02.444+0000] {dag.py:4180} INFO - Setting next_dagrun for example_xcom_args_with_operators to None, run_after=None
[2025-11-09T22:00:02.485+0000] {processor.py:208} INFO - Processing /home/airflow/.local/lib/python3.12/site-packages/airflow/example_dags/example_xcomargs.py took 0.221 seconds
[2025-11-09T22:00:32.717+0000] {processor.py:186} INFO - Started process (PID=6617) to work on /home/airflow/.local/lib/python3.12/site-packages/airflow/example_dags/example_xcomargs.py
[2025-11-09T22:00:32.719+0000] {processor.py:914} INFO - Processing file /home/airflow/.local/lib/python3.12/site-packages/airflow/example_dags/example_xcomargs.py for tasks to queue
[2025-11-09T22:00:32.725+0000] {logging_mixin.py:190} INFO - [2025-11-09T22:00:32.725+0000] {dagbag.py:588} INFO - Filling up the DagBag from /home/airflow/.local/lib/python3.12/site-packages/airflow/example_dags/example_xcomargs.py
[2025-11-09T22:00:32.748+0000] {processor.py:925} INFO - DAG(s) 'example_xcom_args_with_operators', 'example_xcom_args' retrieved from /home/airflow/.local/lib/python3.12/site-packages/airflow/example_dags/example_xcomargs.py
[2025-11-09T22:00:32.797+0000] {logging_mixin.py:190} INFO - [2025-11-09T22:00:32.797+0000] {dag.py:3239} INFO - Sync 2 DAGs
[2025-11-09T22:00:32.830+0000] {logging_mixin.py:190} INFO - [2025-11-09T22:00:32.830+0000] {dag.py:4180} INFO - Setting next_dagrun for example_xcom_args to None, run_after=None
[2025-11-09T22:00:32.840+0000] {logging_mixin.py:190} INFO - [2025-11-09T22:00:32.839+0000] {dag.py:4180} INFO - Setting next_dagrun for example_xcom_args_with_operators to None, run_after=None
[2025-11-09T22:00:32.883+0000] {processor.py:208} INFO - Processing /home/airflow/.local/lib/python3.12/site-packages/airflow/example_dags/example_xcomargs.py took 0.179 seconds
[2025-11-09T22:01:03.528+0000] {processor.py:186} INFO - Started process (PID=6681) to work on /home/airflow/.local/lib/python3.12/site-packages/airflow/example_dags/example_xcomargs.py
[2025-11-09T22:01:03.530+0000] {processor.py:914} INFO - Processing file /home/airflow/.local/lib/python3.12/site-packages/airflow/example_dags/example_xcomargs.py for tasks to queue
[2025-11-09T22:01:03.535+0000] {logging_mixin.py:190} INFO - [2025-11-09T22:01:03.535+0000] {dagbag.py:588} INFO - Filling up the DagBag from /home/airflow/.local/lib/python3.12/site-packages/airflow/example_dags/example_xcomargs.py
[2025-11-09T22:01:03.554+0000] {processor.py:925} INFO - DAG(s) 'example_xcom_args', 'example_xcom_args_with_operators' retrieved from /home/airflow/.local/lib/python3.12/site-packages/airflow/example_dags/example_xcomargs.py
[2025-11-09T22:01:03.612+0000] {logging_mixin.py:190} INFO - [2025-11-09T22:01:03.612+0000] {dag.py:3239} INFO - Sync 2 DAGs
[2025-11-09T22:01:03.646+0000] {logging_mixin.py:190} INFO - [2025-11-09T22:01:03.645+0000] {dag.py:4180} INFO - Setting next_dagrun for example_xcom_args to None, run_after=None
[2025-11-09T22:01:03.654+0000] {logging_mixin.py:190} INFO - [2025-11-09T22:01:03.654+0000] {dag.py:4180} INFO - Setting next_dagrun for example_xcom_args_with_operators to None, run_after=None
[2025-11-09T22:01:03.691+0000] {processor.py:208} INFO - Processing /home/airflow/.local/lib/python3.12/site-packages/airflow/example_dags/example_xcomargs.py took 0.174 seconds
[2025-11-09T22:01:33.807+0000] {processor.py:186} INFO - Started process (PID=6745) to work on /home/airflow/.local/lib/python3.12/site-packages/airflow/example_dags/example_xcomargs.py
[2025-11-09T22:01:33.810+0000] {processor.py:914} INFO - Processing file /home/airflow/.local/lib/python3.12/site-packages/airflow/example_dags/example_xcomargs.py for tasks to queue
[2025-11-09T22:01:33.817+0000] {logging_mixin.py:190} INFO - [2025-11-09T22:01:33.816+0000] {dagbag.py:588} INFO - Filling up the DagBag from /home/airflow/.local/lib/python3.12/site-packages/airflow/example_dags/example_xcomargs.py
[2025-11-09T22:01:33.839+0000] {processor.py:925} INFO - DAG(s) 'example_xcom_args_with_operators', 'example_xcom_args' retrieved from /home/airflow/.local/lib/python3.12/site-packages/airflow/example_dags/example_xcomargs.py
[2025-11-09T22:01:33.885+0000] {logging_mixin.py:190} INFO - [2025-11-09T22:01:33.885+0000] {dag.py:3239} INFO - Sync 2 DAGs
[2025-11-09T22:01:33.915+0000] {logging_mixin.py:190} INFO - [2025-11-09T22:01:33.915+0000] {dag.py:4180} INFO - Setting next_dagrun for example_xcom_args to None, run_after=None
[2025-11-09T22:01:33.923+0000] {logging_mixin.py:190} INFO - [2025-11-09T22:01:33.923+0000] {dag.py:4180} INFO - Setting next_dagrun for example_xcom_args_with_operators to None, run_after=None
[2025-11-09T22:01:33.955+0000] {processor.py:208} INFO - Processing /home/airflow/.local/lib/python3.12/site-packages/airflow/example_dags/example_xcomargs.py took 0.159 seconds
[2025-11-09T22:02:04.507+0000] {processor.py:186} INFO - Started process (PID=6816) to work on /home/airflow/.local/lib/python3.12/site-packages/airflow/example_dags/example_xcomargs.py
[2025-11-09T22:02:04.509+0000] {processor.py:914} INFO - Processing file /home/airflow/.local/lib/python3.12/site-packages/airflow/example_dags/example_xcomargs.py for tasks to queue
[2025-11-09T22:02:04.515+0000] {logging_mixin.py:190} INFO - [2025-11-09T22:02:04.514+0000] {dagbag.py:588} INFO - Filling up the DagBag from /home/airflow/.local/lib/python3.12/site-packages/airflow/example_dags/example_xcomargs.py
[2025-11-09T22:02:04.539+0000] {processor.py:925} INFO - DAG(s) 'example_xcom_args_with_operators', 'example_xcom_args' retrieved from /home/airflow/.local/lib/python3.12/site-packages/airflow/example_dags/example_xcomargs.py
[2025-11-09T22:02:04.589+0000] {logging_mixin.py:190} INFO - [2025-11-09T22:02:04.588+0000] {dag.py:3239} INFO - Sync 2 DAGs
[2025-11-09T22:02:04.620+0000] {logging_mixin.py:190} INFO - [2025-11-09T22:02:04.620+0000] {dag.py:4180} INFO - Setting next_dagrun for example_xcom_args to None, run_after=None
[2025-11-09T22:02:04.628+0000] {logging_mixin.py:190} INFO - [2025-11-09T22:02:04.628+0000] {dag.py:4180} INFO - Setting next_dagrun for example_xcom_args_with_operators to None, run_after=None
[2025-11-09T22:02:04.661+0000] {processor.py:208} INFO - Processing /home/airflow/.local/lib/python3.12/site-packages/airflow/example_dags/example_xcomargs.py took 0.169 seconds
[2025-11-09T22:02:34.989+0000] {processor.py:186} INFO - Started process (PID=6880) to work on /home/airflow/.local/lib/python3.12/site-packages/airflow/example_dags/example_xcomargs.py
[2025-11-09T22:02:34.992+0000] {processor.py:914} INFO - Processing file /home/airflow/.local/lib/python3.12/site-packages/airflow/example_dags/example_xcomargs.py for tasks to queue
[2025-11-09T22:02:34.998+0000] {logging_mixin.py:190} INFO - [2025-11-09T22:02:34.997+0000] {dagbag.py:588} INFO - Filling up the DagBag from /home/airflow/.local/lib/python3.12/site-packages/airflow/example_dags/example_xcomargs.py
[2025-11-09T22:02:35.019+0000] {processor.py:925} INFO - DAG(s) 'example_xcom_args_with_operators', 'example_xcom_args' retrieved from /home/airflow/.local/lib/python3.12/site-packages/airflow/example_dags/example_xcomargs.py
[2025-11-09T22:02:35.066+0000] {logging_mixin.py:190} INFO - [2025-11-09T22:02:35.066+0000] {dag.py:3239} INFO - Sync 2 DAGs
[2025-11-09T22:02:35.094+0000] {logging_mixin.py:190} INFO - [2025-11-09T22:02:35.093+0000] {dag.py:4180} INFO - Setting next_dagrun for example_xcom_args to None, run_after=None
[2025-11-09T22:02:35.101+0000] {logging_mixin.py:190} INFO - [2025-11-09T22:02:35.101+0000] {dag.py:4180} INFO - Setting next_dagrun for example_xcom_args_with_operators to None, run_after=None
[2025-11-09T22:02:35.127+0000] {processor.py:208} INFO - Processing /home/airflow/.local/lib/python3.12/site-packages/airflow/example_dags/example_xcomargs.py took 0.149 seconds
[2025-11-09T22:03:05.303+0000] {processor.py:186} INFO - Started process (PID=6944) to work on /home/airflow/.local/lib/python3.12/site-packages/airflow/example_dags/example_xcomargs.py
[2025-11-09T22:03:05.305+0000] {processor.py:914} INFO - Processing file /home/airflow/.local/lib/python3.12/site-packages/airflow/example_dags/example_xcomargs.py for tasks to queue
[2025-11-09T22:03:05.311+0000] {logging_mixin.py:190} INFO - [2025-11-09T22:03:05.310+0000] {dagbag.py:588} INFO - Filling up the DagBag from /home/airflow/.local/lib/python3.12/site-packages/airflow/example_dags/example_xcomargs.py
[2025-11-09T22:03:05.344+0000] {processor.py:925} INFO - DAG(s) 'example_xcom_args', 'example_xcom_args_with_operators' retrieved from /home/airflow/.local/lib/python3.12/site-packages/airflow/example_dags/example_xcomargs.py
[2025-11-09T22:03:05.398+0000] {logging_mixin.py:190} INFO - [2025-11-09T22:03:05.398+0000] {dag.py:3239} INFO - Sync 2 DAGs
[2025-11-09T22:03:05.455+0000] {logging_mixin.py:190} INFO - [2025-11-09T22:03:05.454+0000] {dag.py:4180} INFO - Setting next_dagrun for example_xcom_args to None, run_after=None
[2025-11-09T22:03:05.537+0000] {logging_mixin.py:190} INFO - [2025-11-09T22:03:05.537+0000] {dag.py:4180} INFO - Setting next_dagrun for example_xcom_args_with_operators to None, run_after=None
[2025-11-09T22:03:05.673+0000] {processor.py:208} INFO - Processing /home/airflow/.local/lib/python3.12/site-packages/airflow/example_dags/example_xcomargs.py took 0.384 seconds
[2025-11-09T22:03:38.305+0000] {processor.py:186} INFO - Started process (PID=7008) to work on /home/airflow/.local/lib/python3.12/site-packages/airflow/example_dags/example_xcomargs.py
[2025-11-09T22:03:38.308+0000] {processor.py:914} INFO - Processing file /home/airflow/.local/lib/python3.12/site-packages/airflow/example_dags/example_xcomargs.py for tasks to queue
[2025-11-09T22:03:38.316+0000] {logging_mixin.py:190} INFO - [2025-11-09T22:03:38.315+0000] {dagbag.py:588} INFO - Filling up the DagBag from /home/airflow/.local/lib/python3.12/site-packages/airflow/example_dags/example_xcomargs.py
[2025-11-09T22:03:38.353+0000] {processor.py:925} INFO - DAG(s) 'example_xcom_args', 'example_xcom_args_with_operators' retrieved from /home/airflow/.local/lib/python3.12/site-packages/airflow/example_dags/example_xcomargs.py
[2025-11-09T22:03:38.447+0000] {logging_mixin.py:190} INFO - [2025-11-09T22:03:38.446+0000] {dag.py:3239} INFO - Sync 2 DAGs
[2025-11-09T22:03:38.496+0000] {logging_mixin.py:190} INFO - [2025-11-09T22:03:38.496+0000] {dag.py:4180} INFO - Setting next_dagrun for example_xcom_args to None, run_after=None
[2025-11-09T22:03:38.508+0000] {logging_mixin.py:190} INFO - [2025-11-09T22:03:38.507+0000] {dag.py:4180} INFO - Setting next_dagrun for example_xcom_args_with_operators to None, run_after=None
[2025-11-09T22:03:38.571+0000] {processor.py:208} INFO - Processing /home/airflow/.local/lib/python3.12/site-packages/airflow/example_dags/example_xcomargs.py took 0.286 seconds
[2025-11-09T22:04:09.333+0000] {processor.py:186} INFO - Started process (PID=7072) to work on /home/airflow/.local/lib/python3.12/site-packages/airflow/example_dags/example_xcomargs.py
[2025-11-09T22:04:09.335+0000] {processor.py:914} INFO - Processing file /home/airflow/.local/lib/python3.12/site-packages/airflow/example_dags/example_xcomargs.py for tasks to queue
[2025-11-09T22:04:09.343+0000] {logging_mixin.py:190} INFO - [2025-11-09T22:04:09.342+0000] {dagbag.py:588} INFO - Filling up the DagBag from /home/airflow/.local/lib/python3.12/site-packages/airflow/example_dags/example_xcomargs.py
[2025-11-09T22:04:09.374+0000] {processor.py:925} INFO - DAG(s) 'example_xcom_args_with_operators', 'example_xcom_args' retrieved from /home/airflow/.local/lib/python3.12/site-packages/airflow/example_dags/example_xcomargs.py
[2025-11-09T22:04:09.434+0000] {logging_mixin.py:190} INFO - [2025-11-09T22:04:09.433+0000] {dag.py:3239} INFO - Sync 2 DAGs
[2025-11-09T22:04:09.476+0000] {logging_mixin.py:190} INFO - [2025-11-09T22:04:09.476+0000] {dag.py:4180} INFO - Setting next_dagrun for example_xcom_args to None, run_after=None
[2025-11-09T22:04:09.490+0000] {logging_mixin.py:190} INFO - [2025-11-09T22:04:09.489+0000] {dag.py:4180} INFO - Setting next_dagrun for example_xcom_args_with_operators to None, run_after=None
[2025-11-09T22:04:09.531+0000] {processor.py:208} INFO - Processing /home/airflow/.local/lib/python3.12/site-packages/airflow/example_dags/example_xcomargs.py took 0.219 seconds
[2025-11-09T22:04:40.702+0000] {processor.py:186} INFO - Started process (PID=7136) to work on /home/airflow/.local/lib/python3.12/site-packages/airflow/example_dags/example_xcomargs.py
[2025-11-09T22:04:40.705+0000] {processor.py:914} INFO - Processing file /home/airflow/.local/lib/python3.12/site-packages/airflow/example_dags/example_xcomargs.py for tasks to queue
[2025-11-09T22:04:40.711+0000] {logging_mixin.py:190} INFO - [2025-11-09T22:04:40.710+0000] {dagbag.py:588} INFO - Filling up the DagBag from /home/airflow/.local/lib/python3.12/site-packages/airflow/example_dags/example_xcomargs.py
[2025-11-09T22:04:40.739+0000] {processor.py:925} INFO - DAG(s) 'example_xcom_args', 'example_xcom_args_with_operators' retrieved from /home/airflow/.local/lib/python3.12/site-packages/airflow/example_dags/example_xcomargs.py
[2025-11-09T22:04:40.791+0000] {logging_mixin.py:190} INFO - [2025-11-09T22:04:40.791+0000] {dag.py:3239} INFO - Sync 2 DAGs
[2025-11-09T22:04:40.835+0000] {logging_mixin.py:190} INFO - [2025-11-09T22:04:40.835+0000] {dag.py:4180} INFO - Setting next_dagrun for example_xcom_args to None, run_after=None
[2025-11-09T22:04:40.843+0000] {logging_mixin.py:190} INFO - [2025-11-09T22:04:40.843+0000] {dag.py:4180} INFO - Setting next_dagrun for example_xcom_args_with_operators to None, run_after=None
[2025-11-09T22:04:40.877+0000] {processor.py:208} INFO - Processing /home/airflow/.local/lib/python3.12/site-packages/airflow/example_dags/example_xcomargs.py took 0.189 seconds
[2025-11-09T22:05:11.033+0000] {processor.py:186} INFO - Started process (PID=7200) to work on /home/airflow/.local/lib/python3.12/site-packages/airflow/example_dags/example_xcomargs.py
[2025-11-09T22:05:11.035+0000] {processor.py:914} INFO - Processing file /home/airflow/.local/lib/python3.12/site-packages/airflow/example_dags/example_xcomargs.py for tasks to queue
[2025-11-09T22:05:11.039+0000] {logging_mixin.py:190} INFO - [2025-11-09T22:05:11.038+0000] {dagbag.py:588} INFO - Filling up the DagBag from /home/airflow/.local/lib/python3.12/site-packages/airflow/example_dags/example_xcomargs.py
[2025-11-09T22:05:11.056+0000] {processor.py:925} INFO - DAG(s) 'example_xcom_args_with_operators', 'example_xcom_args' retrieved from /home/airflow/.local/lib/python3.12/site-packages/airflow/example_dags/example_xcomargs.py
[2025-11-09T22:05:11.096+0000] {logging_mixin.py:190} INFO - [2025-11-09T22:05:11.096+0000] {dag.py:3239} INFO - Sync 2 DAGs
[2025-11-09T22:05:11.119+0000] {logging_mixin.py:190} INFO - [2025-11-09T22:05:11.119+0000] {dag.py:4180} INFO - Setting next_dagrun for example_xcom_args to None, run_after=None
[2025-11-09T22:05:11.126+0000] {logging_mixin.py:190} INFO - [2025-11-09T22:05:11.126+0000] {dag.py:4180} INFO - Setting next_dagrun for example_xcom_args_with_operators to None, run_after=None
[2025-11-09T22:05:11.161+0000] {processor.py:208} INFO - Processing /home/airflow/.local/lib/python3.12/site-packages/airflow/example_dags/example_xcomargs.py took 0.138 seconds
[2025-11-09T22:05:46.356+0000] {processor.py:186} INFO - Started process (PID=7269) to work on /home/airflow/.local/lib/python3.12/site-packages/airflow/example_dags/example_xcomargs.py
[2025-11-09T22:05:46.358+0000] {processor.py:914} INFO - Processing file /home/airflow/.local/lib/python3.12/site-packages/airflow/example_dags/example_xcomargs.py for tasks to queue
[2025-11-09T22:05:46.365+0000] {logging_mixin.py:190} INFO - [2025-11-09T22:05:46.364+0000] {dagbag.py:588} INFO - Filling up the DagBag from /home/airflow/.local/lib/python3.12/site-packages/airflow/example_dags/example_xcomargs.py
[2025-11-09T22:05:46.397+0000] {processor.py:925} INFO - DAG(s) 'example_xcom_args_with_operators', 'example_xcom_args' retrieved from /home/airflow/.local/lib/python3.12/site-packages/airflow/example_dags/example_xcomargs.py
[2025-11-09T22:05:46.462+0000] {logging_mixin.py:190} INFO - [2025-11-09T22:05:46.462+0000] {dag.py:3239} INFO - Sync 2 DAGs
[2025-11-09T22:05:46.507+0000] {logging_mixin.py:190} INFO - [2025-11-09T22:05:46.506+0000] {dag.py:4180} INFO - Setting next_dagrun for example_xcom_args to None, run_after=None
[2025-11-09T22:05:46.519+0000] {logging_mixin.py:190} INFO - [2025-11-09T22:05:46.518+0000] {dag.py:4180} INFO - Setting next_dagrun for example_xcom_args_with_operators to None, run_after=None
[2025-11-09T22:05:46.564+0000] {processor.py:208} INFO - Processing /home/airflow/.local/lib/python3.12/site-packages/airflow/example_dags/example_xcomargs.py took 0.225 seconds
[2025-11-09T22:06:17.771+0000] {processor.py:186} INFO - Started process (PID=7332) to work on /home/airflow/.local/lib/python3.12/site-packages/airflow/example_dags/example_xcomargs.py
[2025-11-09T22:06:17.774+0000] {processor.py:914} INFO - Processing file /home/airflow/.local/lib/python3.12/site-packages/airflow/example_dags/example_xcomargs.py for tasks to queue
[2025-11-09T22:06:17.781+0000] {logging_mixin.py:190} INFO - [2025-11-09T22:06:17.780+0000] {dagbag.py:588} INFO - Filling up the DagBag from /home/airflow/.local/lib/python3.12/site-packages/airflow/example_dags/example_xcomargs.py
[2025-11-09T22:06:17.810+0000] {processor.py:925} INFO - DAG(s) 'example_xcom_args', 'example_xcom_args_with_operators' retrieved from /home/airflow/.local/lib/python3.12/site-packages/airflow/example_dags/example_xcomargs.py
[2025-11-09T22:06:17.881+0000] {logging_mixin.py:190} INFO - [2025-11-09T22:06:17.880+0000] {dag.py:3239} INFO - Sync 2 DAGs
[2025-11-09T22:06:17.925+0000] {logging_mixin.py:190} INFO - [2025-11-09T22:06:17.925+0000] {dag.py:4180} INFO - Setting next_dagrun for example_xcom_args to None, run_after=None
[2025-11-09T22:06:17.942+0000] {logging_mixin.py:190} INFO - [2025-11-09T22:06:17.941+0000] {dag.py:4180} INFO - Setting next_dagrun for example_xcom_args_with_operators to None, run_after=None
[2025-11-09T22:06:18.001+0000] {processor.py:208} INFO - Processing /home/airflow/.local/lib/python3.12/site-packages/airflow/example_dags/example_xcomargs.py took 0.247 seconds
[2025-11-09T22:06:48.232+0000] {processor.py:186} INFO - Started process (PID=7395) to work on /home/airflow/.local/lib/python3.12/site-packages/airflow/example_dags/example_xcomargs.py
[2025-11-09T22:06:48.235+0000] {processor.py:914} INFO - Processing file /home/airflow/.local/lib/python3.12/site-packages/airflow/example_dags/example_xcomargs.py for tasks to queue
[2025-11-09T22:06:48.242+0000] {logging_mixin.py:190} INFO - [2025-11-09T22:06:48.241+0000] {dagbag.py:588} INFO - Filling up the DagBag from /home/airflow/.local/lib/python3.12/site-packages/airflow/example_dags/example_xcomargs.py
[2025-11-09T22:06:48.282+0000] {processor.py:925} INFO - DAG(s) 'example_xcom_args', 'example_xcom_args_with_operators' retrieved from /home/airflow/.local/lib/python3.12/site-packages/airflow/example_dags/example_xcomargs.py
[2025-11-09T22:06:48.360+0000] {logging_mixin.py:190} INFO - [2025-11-09T22:06:48.359+0000] {dag.py:3239} INFO - Sync 2 DAGs
[2025-11-09T22:06:48.408+0000] {logging_mixin.py:190} INFO - [2025-11-09T22:06:48.407+0000] {dag.py:4180} INFO - Setting next_dagrun for example_xcom_args to None, run_after=None
[2025-11-09T22:06:48.420+0000] {logging_mixin.py:190} INFO - [2025-11-09T22:06:48.420+0000] {dag.py:4180} INFO - Setting next_dagrun for example_xcom_args_with_operators to None, run_after=None
[2025-11-09T22:06:48.466+0000] {processor.py:208} INFO - Processing /home/airflow/.local/lib/python3.12/site-packages/airflow/example_dags/example_xcomargs.py took 0.256 seconds
[2025-11-09T22:07:19.621+0000] {processor.py:186} INFO - Started process (PID=7459) to work on /home/airflow/.local/lib/python3.12/site-packages/airflow/example_dags/example_xcomargs.py
[2025-11-09T22:07:19.624+0000] {processor.py:914} INFO - Processing file /home/airflow/.local/lib/python3.12/site-packages/airflow/example_dags/example_xcomargs.py for tasks to queue
[2025-11-09T22:07:19.632+0000] {logging_mixin.py:190} INFO - [2025-11-09T22:07:19.631+0000] {dagbag.py:588} INFO - Filling up the DagBag from /home/airflow/.local/lib/python3.12/site-packages/airflow/example_dags/example_xcomargs.py
[2025-11-09T22:07:19.668+0000] {processor.py:925} INFO - DAG(s) 'example_xcom_args', 'example_xcom_args_with_operators' retrieved from /home/airflow/.local/lib/python3.12/site-packages/airflow/example_dags/example_xcomargs.py
[2025-11-09T22:07:19.745+0000] {logging_mixin.py:190} INFO - [2025-11-09T22:07:19.744+0000] {dag.py:3239} INFO - Sync 2 DAGs
[2025-11-09T22:07:19.800+0000] {logging_mixin.py:190} INFO - [2025-11-09T22:07:19.799+0000] {dag.py:4180} INFO - Setting next_dagrun for example_xcom_args to None, run_after=None
[2025-11-09T22:07:19.811+0000] {logging_mixin.py:190} INFO - [2025-11-09T22:07:19.811+0000] {dag.py:4180} INFO - Setting next_dagrun for example_xcom_args_with_operators to None, run_after=None
[2025-11-09T22:07:19.862+0000] {processor.py:208} INFO - Processing /home/airflow/.local/lib/python3.12/site-packages/airflow/example_dags/example_xcomargs.py took 0.262 seconds
[2025-11-09T22:07:50.247+0000] {processor.py:186} INFO - Started process (PID=7522) to work on /home/airflow/.local/lib/python3.12/site-packages/airflow/example_dags/example_xcomargs.py
[2025-11-09T22:07:50.250+0000] {processor.py:914} INFO - Processing file /home/airflow/.local/lib/python3.12/site-packages/airflow/example_dags/example_xcomargs.py for tasks to queue
[2025-11-09T22:07:50.255+0000] {logging_mixin.py:190} INFO - [2025-11-09T22:07:50.255+0000] {dagbag.py:588} INFO - Filling up the DagBag from /home/airflow/.local/lib/python3.12/site-packages/airflow/example_dags/example_xcomargs.py
[2025-11-09T22:07:50.277+0000] {processor.py:925} INFO - DAG(s) 'example_xcom_args', 'example_xcom_args_with_operators' retrieved from /home/airflow/.local/lib/python3.12/site-packages/airflow/example_dags/example_xcomargs.py
[2025-11-09T22:07:50.331+0000] {logging_mixin.py:190} INFO - [2025-11-09T22:07:50.330+0000] {dag.py:3239} INFO - Sync 2 DAGs
[2025-11-09T22:07:50.357+0000] {logging_mixin.py:190} INFO - [2025-11-09T22:07:50.357+0000] {dag.py:4180} INFO - Setting next_dagrun for example_xcom_args to None, run_after=None
[2025-11-09T22:07:50.366+0000] {logging_mixin.py:190} INFO - [2025-11-09T22:07:50.365+0000] {dag.py:4180} INFO - Setting next_dagrun for example_xcom_args_with_operators to None, run_after=None
[2025-11-09T22:07:50.401+0000] {processor.py:208} INFO - Processing /home/airflow/.local/lib/python3.12/site-packages/airflow/example_dags/example_xcomargs.py took 0.169 seconds
[2025-11-09T22:08:21.290+0000] {processor.py:186} INFO - Started process (PID=7587) to work on /home/airflow/.local/lib/python3.12/site-packages/airflow/example_dags/example_xcomargs.py
[2025-11-09T22:08:21.292+0000] {processor.py:914} INFO - Processing file /home/airflow/.local/lib/python3.12/site-packages/airflow/example_dags/example_xcomargs.py for tasks to queue
[2025-11-09T22:08:21.298+0000] {logging_mixin.py:190} INFO - [2025-11-09T22:08:21.298+0000] {dagbag.py:588} INFO - Filling up the DagBag from /home/airflow/.local/lib/python3.12/site-packages/airflow/example_dags/example_xcomargs.py
[2025-11-09T22:08:21.319+0000] {processor.py:925} INFO - DAG(s) 'example_xcom_args', 'example_xcom_args_with_operators' retrieved from /home/airflow/.local/lib/python3.12/site-packages/airflow/example_dags/example_xcomargs.py
[2025-11-09T22:08:21.364+0000] {logging_mixin.py:190} INFO - [2025-11-09T22:08:21.363+0000] {dag.py:3239} INFO - Sync 2 DAGs
[2025-11-09T22:08:21.401+0000] {logging_mixin.py:190} INFO - [2025-11-09T22:08:21.400+0000] {dag.py:4180} INFO - Setting next_dagrun for example_xcom_args to None, run_after=None
[2025-11-09T22:08:21.409+0000] {logging_mixin.py:190} INFO - [2025-11-09T22:08:21.409+0000] {dag.py:4180} INFO - Setting next_dagrun for example_xcom_args_with_operators to None, run_after=None
[2025-11-09T22:08:21.443+0000] {processor.py:208} INFO - Processing /home/airflow/.local/lib/python3.12/site-packages/airflow/example_dags/example_xcomargs.py took 0.167 seconds
[2025-11-09T22:08:52.133+0000] {processor.py:186} INFO - Started process (PID=7651) to work on /home/airflow/.local/lib/python3.12/site-packages/airflow/example_dags/example_xcomargs.py
[2025-11-09T22:08:52.138+0000] {processor.py:914} INFO - Processing file /home/airflow/.local/lib/python3.12/site-packages/airflow/example_dags/example_xcomargs.py for tasks to queue
[2025-11-09T22:08:52.145+0000] {logging_mixin.py:190} INFO - [2025-11-09T22:08:52.144+0000] {dagbag.py:588} INFO - Filling up the DagBag from /home/airflow/.local/lib/python3.12/site-packages/airflow/example_dags/example_xcomargs.py
[2025-11-09T22:08:52.179+0000] {processor.py:925} INFO - DAG(s) 'example_xcom_args_with_operators', 'example_xcom_args' retrieved from /home/airflow/.local/lib/python3.12/site-packages/airflow/example_dags/example_xcomargs.py
[2025-11-09T22:08:52.234+0000] {logging_mixin.py:190} INFO - [2025-11-09T22:08:52.233+0000] {dag.py:3239} INFO - Sync 2 DAGs
[2025-11-09T22:08:52.267+0000] {logging_mixin.py:190} INFO - [2025-11-09T22:08:52.267+0000] {dag.py:4180} INFO - Setting next_dagrun for example_xcom_args to None, run_after=None
[2025-11-09T22:08:52.276+0000] {logging_mixin.py:190} INFO - [2025-11-09T22:08:52.276+0000] {dag.py:4180} INFO - Setting next_dagrun for example_xcom_args_with_operators to None, run_after=None
[2025-11-09T22:08:52.310+0000] {processor.py:208} INFO - Processing /home/airflow/.local/lib/python3.12/site-packages/airflow/example_dags/example_xcomargs.py took 0.194 seconds
[2025-11-09T22:09:23.136+0000] {processor.py:186} INFO - Started process (PID=7715) to work on /home/airflow/.local/lib/python3.12/site-packages/airflow/example_dags/example_xcomargs.py
[2025-11-09T22:09:23.139+0000] {processor.py:914} INFO - Processing file /home/airflow/.local/lib/python3.12/site-packages/airflow/example_dags/example_xcomargs.py for tasks to queue
[2025-11-09T22:09:23.146+0000] {logging_mixin.py:190} INFO - [2025-11-09T22:09:23.145+0000] {dagbag.py:588} INFO - Filling up the DagBag from /home/airflow/.local/lib/python3.12/site-packages/airflow/example_dags/example_xcomargs.py
[2025-11-09T22:09:23.169+0000] {processor.py:925} INFO - DAG(s) 'example_xcom_args_with_operators', 'example_xcom_args' retrieved from /home/airflow/.local/lib/python3.12/site-packages/airflow/example_dags/example_xcomargs.py
[2025-11-09T22:09:23.220+0000] {logging_mixin.py:190} INFO - [2025-11-09T22:09:23.219+0000] {dag.py:3239} INFO - Sync 2 DAGs
[2025-11-09T22:09:23.251+0000] {logging_mixin.py:190} INFO - [2025-11-09T22:09:23.251+0000] {dag.py:4180} INFO - Setting next_dagrun for example_xcom_args to None, run_after=None
[2025-11-09T22:09:23.259+0000] {logging_mixin.py:190} INFO - [2025-11-09T22:09:23.259+0000] {dag.py:4180} INFO - Setting next_dagrun for example_xcom_args_with_operators to None, run_after=None
[2025-11-09T22:09:23.292+0000] {processor.py:208} INFO - Processing /home/airflow/.local/lib/python3.12/site-packages/airflow/example_dags/example_xcomargs.py took 0.169 seconds
[2025-11-09T22:09:54.064+0000] {processor.py:186} INFO - Started process (PID=7779) to work on /home/airflow/.local/lib/python3.12/site-packages/airflow/example_dags/example_xcomargs.py
[2025-11-09T22:09:54.066+0000] {processor.py:914} INFO - Processing file /home/airflow/.local/lib/python3.12/site-packages/airflow/example_dags/example_xcomargs.py for tasks to queue
[2025-11-09T22:09:54.073+0000] {logging_mixin.py:190} INFO - [2025-11-09T22:09:54.072+0000] {dagbag.py:588} INFO - Filling up the DagBag from /home/airflow/.local/lib/python3.12/site-packages/airflow/example_dags/example_xcomargs.py
[2025-11-09T22:09:54.097+0000] {processor.py:925} INFO - DAG(s) 'example_xcom_args_with_operators', 'example_xcom_args' retrieved from /home/airflow/.local/lib/python3.12/site-packages/airflow/example_dags/example_xcomargs.py
[2025-11-09T22:09:54.143+0000] {logging_mixin.py:190} INFO - [2025-11-09T22:09:54.143+0000] {dag.py:3239} INFO - Sync 2 DAGs
[2025-11-09T22:09:54.173+0000] {logging_mixin.py:190} INFO - [2025-11-09T22:09:54.173+0000] {dag.py:4180} INFO - Setting next_dagrun for example_xcom_args to None, run_after=None
[2025-11-09T22:09:54.181+0000] {logging_mixin.py:190} INFO - [2025-11-09T22:09:54.181+0000] {dag.py:4180} INFO - Setting next_dagrun for example_xcom_args_with_operators to None, run_after=None
[2025-11-09T22:09:54.215+0000] {processor.py:208} INFO - Processing /home/airflow/.local/lib/python3.12/site-packages/airflow/example_dags/example_xcomargs.py took 0.168 seconds
[2025-11-09T22:10:24.446+0000] {processor.py:186} INFO - Started process (PID=7843) to work on /home/airflow/.local/lib/python3.12/site-packages/airflow/example_dags/example_xcomargs.py
[2025-11-09T22:10:24.449+0000] {processor.py:914} INFO - Processing file /home/airflow/.local/lib/python3.12/site-packages/airflow/example_dags/example_xcomargs.py for tasks to queue
[2025-11-09T22:10:24.455+0000] {logging_mixin.py:190} INFO - [2025-11-09T22:10:24.455+0000] {dagbag.py:588} INFO - Filling up the DagBag from /home/airflow/.local/lib/python3.12/site-packages/airflow/example_dags/example_xcomargs.py
[2025-11-09T22:10:24.485+0000] {processor.py:925} INFO - DAG(s) 'example_xcom_args', 'example_xcom_args_with_operators' retrieved from /home/airflow/.local/lib/python3.12/site-packages/airflow/example_dags/example_xcomargs.py
[2025-11-09T22:10:24.555+0000] {logging_mixin.py:190} INFO - [2025-11-09T22:10:24.554+0000] {dag.py:3239} INFO - Sync 2 DAGs
[2025-11-09T22:10:24.601+0000] {logging_mixin.py:190} INFO - [2025-11-09T22:10:24.600+0000] {dag.py:4180} INFO - Setting next_dagrun for example_xcom_args to None, run_after=None
[2025-11-09T22:10:24.613+0000] {logging_mixin.py:190} INFO - [2025-11-09T22:10:24.613+0000] {dag.py:4180} INFO - Setting next_dagrun for example_xcom_args_with_operators to None, run_after=None
[2025-11-09T22:10:24.658+0000] {processor.py:208} INFO - Processing /home/airflow/.local/lib/python3.12/site-packages/airflow/example_dags/example_xcomargs.py took 0.235 seconds
[2025-11-09T22:10:55.310+0000] {processor.py:186} INFO - Started process (PID=7907) to work on /home/airflow/.local/lib/python3.12/site-packages/airflow/example_dags/example_xcomargs.py
[2025-11-09T22:10:55.313+0000] {processor.py:914} INFO - Processing file /home/airflow/.local/lib/python3.12/site-packages/airflow/example_dags/example_xcomargs.py for tasks to queue
[2025-11-09T22:10:55.322+0000] {logging_mixin.py:190} INFO - [2025-11-09T22:10:55.321+0000] {dagbag.py:588} INFO - Filling up the DagBag from /home/airflow/.local/lib/python3.12/site-packages/airflow/example_dags/example_xcomargs.py
[2025-11-09T22:10:55.354+0000] {processor.py:925} INFO - DAG(s) 'example_xcom_args', 'example_xcom_args_with_operators' retrieved from /home/airflow/.local/lib/python3.12/site-packages/airflow/example_dags/example_xcomargs.py
[2025-11-09T22:10:55.430+0000] {logging_mixin.py:190} INFO - [2025-11-09T22:10:55.430+0000] {dag.py:3239} INFO - Sync 2 DAGs
[2025-11-09T22:10:55.478+0000] {logging_mixin.py:190} INFO - [2025-11-09T22:10:55.477+0000] {dag.py:4180} INFO - Setting next_dagrun for example_xcom_args to None, run_after=None
[2025-11-09T22:10:55.489+0000] {logging_mixin.py:190} INFO - [2025-11-09T22:10:55.488+0000] {dag.py:4180} INFO - Setting next_dagrun for example_xcom_args_with_operators to None, run_after=None
[2025-11-09T22:10:55.529+0000] {processor.py:208} INFO - Processing /home/airflow/.local/lib/python3.12/site-packages/airflow/example_dags/example_xcomargs.py took 0.243 seconds
[2025-11-09T22:11:25.680+0000] {processor.py:186} INFO - Started process (PID=7971) to work on /home/airflow/.local/lib/python3.12/site-packages/airflow/example_dags/example_xcomargs.py
[2025-11-09T22:11:25.683+0000] {processor.py:914} INFO - Processing file /home/airflow/.local/lib/python3.12/site-packages/airflow/example_dags/example_xcomargs.py for tasks to queue
[2025-11-09T22:11:25.691+0000] {logging_mixin.py:190} INFO - [2025-11-09T22:11:25.690+0000] {dagbag.py:588} INFO - Filling up the DagBag from /home/airflow/.local/lib/python3.12/site-packages/airflow/example_dags/example_xcomargs.py
[2025-11-09T22:11:25.741+0000] {processor.py:925} INFO - DAG(s) 'example_xcom_args', 'example_xcom_args_with_operators' retrieved from /home/airflow/.local/lib/python3.12/site-packages/airflow/example_dags/example_xcomargs.py
[2025-11-09T22:11:25.864+0000] {logging_mixin.py:190} INFO - [2025-11-09T22:11:25.863+0000] {dag.py:3239} INFO - Sync 2 DAGs
[2025-11-09T22:11:25.971+0000] {logging_mixin.py:190} INFO - [2025-11-09T22:11:25.970+0000] {dag.py:4180} INFO - Setting next_dagrun for example_xcom_args to None, run_after=None
[2025-11-09T22:11:25.995+0000] {logging_mixin.py:190} INFO - [2025-11-09T22:11:25.994+0000] {dag.py:4180} INFO - Setting next_dagrun for example_xcom_args_with_operators to None, run_after=None
[2025-11-09T22:11:26.050+0000] {processor.py:208} INFO - Processing /home/airflow/.local/lib/python3.12/site-packages/airflow/example_dags/example_xcomargs.py took 0.390 seconds
[2025-11-09T22:11:59.134+0000] {processor.py:186} INFO - Started process (PID=8035) to work on /home/airflow/.local/lib/python3.12/site-packages/airflow/example_dags/example_xcomargs.py
[2025-11-09T22:11:59.139+0000] {processor.py:914} INFO - Processing file /home/airflow/.local/lib/python3.12/site-packages/airflow/example_dags/example_xcomargs.py for tasks to queue
[2025-11-09T22:11:59.163+0000] {logging_mixin.py:190} INFO - [2025-11-09T22:11:59.158+0000] {dagbag.py:588} INFO - Filling up the DagBag from /home/airflow/.local/lib/python3.12/site-packages/airflow/example_dags/example_xcomargs.py
[2025-11-09T22:11:59.260+0000] {processor.py:925} INFO - DAG(s) 'example_xcom_args_with_operators', 'example_xcom_args' retrieved from /home/airflow/.local/lib/python3.12/site-packages/airflow/example_dags/example_xcomargs.py
[2025-11-09T22:11:59.425+0000] {logging_mixin.py:190} INFO - [2025-11-09T22:11:59.417+0000] {dag.py:3239} INFO - Sync 2 DAGs
[2025-11-09T22:11:59.511+0000] {logging_mixin.py:190} INFO - [2025-11-09T22:11:59.510+0000] {dag.py:4180} INFO - Setting next_dagrun for example_xcom_args to None, run_after=None
[2025-11-09T22:11:59.544+0000] {logging_mixin.py:190} INFO - [2025-11-09T22:11:59.543+0000] {dag.py:4180} INFO - Setting next_dagrun for example_xcom_args_with_operators to None, run_after=None
[2025-11-09T22:11:59.637+0000] {processor.py:208} INFO - Processing /home/airflow/.local/lib/python3.12/site-packages/airflow/example_dags/example_xcomargs.py took 0.573 seconds
[2025-11-09T22:12:30.935+0000] {processor.py:186} INFO - Started process (PID=8100) to work on /home/airflow/.local/lib/python3.12/site-packages/airflow/example_dags/example_xcomargs.py
[2025-11-09T22:12:30.948+0000] {processor.py:914} INFO - Processing file /home/airflow/.local/lib/python3.12/site-packages/airflow/example_dags/example_xcomargs.py for tasks to queue
[2025-11-09T22:12:30.965+0000] {logging_mixin.py:190} INFO - [2025-11-09T22:12:30.962+0000] {dagbag.py:588} INFO - Filling up the DagBag from /home/airflow/.local/lib/python3.12/site-packages/airflow/example_dags/example_xcomargs.py
[2025-11-09T22:12:31.048+0000] {processor.py:925} INFO - DAG(s) 'example_xcom_args', 'example_xcom_args_with_operators' retrieved from /home/airflow/.local/lib/python3.12/site-packages/airflow/example_dags/example_xcomargs.py
[2025-11-09T22:12:31.192+0000] {logging_mixin.py:190} INFO - [2025-11-09T22:12:31.191+0000] {dag.py:3239} INFO - Sync 2 DAGs
[2025-11-09T22:12:31.283+0000] {logging_mixin.py:190} INFO - [2025-11-09T22:12:31.283+0000] {dag.py:4180} INFO - Setting next_dagrun for example_xcom_args to None, run_after=None
[2025-11-09T22:12:31.306+0000] {logging_mixin.py:190} INFO - [2025-11-09T22:12:31.302+0000] {dag.py:4180} INFO - Setting next_dagrun for example_xcom_args_with_operators to None, run_after=None
[2025-11-09T22:12:31.381+0000] {processor.py:208} INFO - Processing /home/airflow/.local/lib/python3.12/site-packages/airflow/example_dags/example_xcomargs.py took 0.532 seconds
[2025-11-09T22:13:02.188+0000] {processor.py:186} INFO - Started process (PID=8165) to work on /home/airflow/.local/lib/python3.12/site-packages/airflow/example_dags/example_xcomargs.py
[2025-11-09T22:13:02.197+0000] {processor.py:914} INFO - Processing file /home/airflow/.local/lib/python3.12/site-packages/airflow/example_dags/example_xcomargs.py for tasks to queue
[2025-11-09T22:13:02.207+0000] {logging_mixin.py:190} INFO - [2025-11-09T22:13:02.206+0000] {dagbag.py:588} INFO - Filling up the DagBag from /home/airflow/.local/lib/python3.12/site-packages/airflow/example_dags/example_xcomargs.py
[2025-11-09T22:13:02.250+0000] {processor.py:925} INFO - DAG(s) 'example_xcom_args_with_operators', 'example_xcom_args' retrieved from /home/airflow/.local/lib/python3.12/site-packages/airflow/example_dags/example_xcomargs.py
[2025-11-09T22:13:02.314+0000] {logging_mixin.py:190} INFO - [2025-11-09T22:13:02.313+0000] {dag.py:3239} INFO - Sync 2 DAGs
[2025-11-09T22:13:02.356+0000] {logging_mixin.py:190} INFO - [2025-11-09T22:13:02.355+0000] {dag.py:4180} INFO - Setting next_dagrun for example_xcom_args to None, run_after=None
[2025-11-09T22:13:02.365+0000] {logging_mixin.py:190} INFO - [2025-11-09T22:13:02.364+0000] {dag.py:4180} INFO - Setting next_dagrun for example_xcom_args_with_operators to None, run_after=None
[2025-11-09T22:13:02.432+0000] {processor.py:208} INFO - Processing /home/airflow/.local/lib/python3.12/site-packages/airflow/example_dags/example_xcomargs.py took 0.264 seconds
[2025-11-09T22:13:32.610+0000] {processor.py:186} INFO - Started process (PID=8228) to work on /home/airflow/.local/lib/python3.12/site-packages/airflow/example_dags/example_xcomargs.py
[2025-11-09T22:13:32.612+0000] {processor.py:914} INFO - Processing file /home/airflow/.local/lib/python3.12/site-packages/airflow/example_dags/example_xcomargs.py for tasks to queue
[2025-11-09T22:13:32.617+0000] {logging_mixin.py:190} INFO - [2025-11-09T22:13:32.617+0000] {dagbag.py:588} INFO - Filling up the DagBag from /home/airflow/.local/lib/python3.12/site-packages/airflow/example_dags/example_xcomargs.py
[2025-11-09T22:13:32.640+0000] {processor.py:925} INFO - DAG(s) 'example_xcom_args', 'example_xcom_args_with_operators' retrieved from /home/airflow/.local/lib/python3.12/site-packages/airflow/example_dags/example_xcomargs.py
[2025-11-09T22:13:32.690+0000] {logging_mixin.py:190} INFO - [2025-11-09T22:13:32.690+0000] {dag.py:3239} INFO - Sync 2 DAGs
[2025-11-09T22:13:32.720+0000] {logging_mixin.py:190} INFO - [2025-11-09T22:13:32.719+0000] {dag.py:4180} INFO - Setting next_dagrun for example_xcom_args to None, run_after=None
[2025-11-09T22:13:32.727+0000] {logging_mixin.py:190} INFO - [2025-11-09T22:13:32.727+0000] {dag.py:4180} INFO - Setting next_dagrun for example_xcom_args_with_operators to None, run_after=None
[2025-11-09T22:13:32.756+0000] {processor.py:208} INFO - Processing /home/airflow/.local/lib/python3.12/site-packages/airflow/example_dags/example_xcomargs.py took 0.159 seconds
[2025-11-09T22:14:03.381+0000] {processor.py:186} INFO - Started process (PID=8292) to work on /home/airflow/.local/lib/python3.12/site-packages/airflow/example_dags/example_xcomargs.py
[2025-11-09T22:14:03.384+0000] {processor.py:914} INFO - Processing file /home/airflow/.local/lib/python3.12/site-packages/airflow/example_dags/example_xcomargs.py for tasks to queue
[2025-11-09T22:14:03.391+0000] {logging_mixin.py:190} INFO - [2025-11-09T22:14:03.390+0000] {dagbag.py:588} INFO - Filling up the DagBag from /home/airflow/.local/lib/python3.12/site-packages/airflow/example_dags/example_xcomargs.py
[2025-11-09T22:14:03.416+0000] {processor.py:925} INFO - DAG(s) 'example_xcom_args_with_operators', 'example_xcom_args' retrieved from /home/airflow/.local/lib/python3.12/site-packages/airflow/example_dags/example_xcomargs.py
[2025-11-09T22:14:03.480+0000] {logging_mixin.py:190} INFO - [2025-11-09T22:14:03.479+0000] {dag.py:3239} INFO - Sync 2 DAGs
[2025-11-09T22:14:03.528+0000] {logging_mixin.py:190} INFO - [2025-11-09T22:14:03.528+0000] {dag.py:4180} INFO - Setting next_dagrun for example_xcom_args to None, run_after=None
[2025-11-09T22:14:03.537+0000] {logging_mixin.py:190} INFO - [2025-11-09T22:14:03.536+0000] {dag.py:4180} INFO - Setting next_dagrun for example_xcom_args_with_operators to None, run_after=None
[2025-11-09T22:14:03.577+0000] {processor.py:208} INFO - Processing /home/airflow/.local/lib/python3.12/site-packages/airflow/example_dags/example_xcomargs.py took 0.216 seconds
[2025-11-09T22:14:34.653+0000] {processor.py:186} INFO - Started process (PID=8358) to work on /home/airflow/.local/lib/python3.12/site-packages/airflow/example_dags/example_xcomargs.py
[2025-11-09T22:14:34.654+0000] {processor.py:914} INFO - Processing file /home/airflow/.local/lib/python3.12/site-packages/airflow/example_dags/example_xcomargs.py for tasks to queue
[2025-11-09T22:14:34.658+0000] {logging_mixin.py:190} INFO - [2025-11-09T22:14:34.658+0000] {dagbag.py:588} INFO - Filling up the DagBag from /home/airflow/.local/lib/python3.12/site-packages/airflow/example_dags/example_xcomargs.py
[2025-11-09T22:14:34.677+0000] {processor.py:925} INFO - DAG(s) 'example_xcom_args_with_operators', 'example_xcom_args' retrieved from /home/airflow/.local/lib/python3.12/site-packages/airflow/example_dags/example_xcomargs.py
[2025-11-09T22:14:34.721+0000] {logging_mixin.py:190} INFO - [2025-11-09T22:14:34.721+0000] {dag.py:3239} INFO - Sync 2 DAGs
[2025-11-09T22:14:34.746+0000] {logging_mixin.py:190} INFO - [2025-11-09T22:14:34.745+0000] {dag.py:4180} INFO - Setting next_dagrun for example_xcom_args to None, run_after=None
[2025-11-09T22:14:34.752+0000] {logging_mixin.py:190} INFO - [2025-11-09T22:14:34.752+0000] {dag.py:4180} INFO - Setting next_dagrun for example_xcom_args_with_operators to None, run_after=None
[2025-11-09T22:14:34.778+0000] {processor.py:208} INFO - Processing /home/airflow/.local/lib/python3.12/site-packages/airflow/example_dags/example_xcomargs.py took 0.135 seconds
[2025-11-09T22:15:05.540+0000] {processor.py:186} INFO - Started process (PID=8422) to work on /home/airflow/.local/lib/python3.12/site-packages/airflow/example_dags/example_xcomargs.py
[2025-11-09T22:15:05.542+0000] {processor.py:914} INFO - Processing file /home/airflow/.local/lib/python3.12/site-packages/airflow/example_dags/example_xcomargs.py for tasks to queue
[2025-11-09T22:15:05.549+0000] {logging_mixin.py:190} INFO - [2025-11-09T22:15:05.548+0000] {dagbag.py:588} INFO - Filling up the DagBag from /home/airflow/.local/lib/python3.12/site-packages/airflow/example_dags/example_xcomargs.py
[2025-11-09T22:15:05.571+0000] {processor.py:925} INFO - DAG(s) 'example_xcom_args', 'example_xcom_args_with_operators' retrieved from /home/airflow/.local/lib/python3.12/site-packages/airflow/example_dags/example_xcomargs.py
[2025-11-09T22:15:05.615+0000] {logging_mixin.py:190} INFO - [2025-11-09T22:15:05.615+0000] {dag.py:3239} INFO - Sync 2 DAGs
[2025-11-09T22:15:05.644+0000] {logging_mixin.py:190} INFO - [2025-11-09T22:15:05.643+0000] {dag.py:4180} INFO - Setting next_dagrun for example_xcom_args to None, run_after=None
[2025-11-09T22:15:05.652+0000] {logging_mixin.py:190} INFO - [2025-11-09T22:15:05.652+0000] {dag.py:4180} INFO - Setting next_dagrun for example_xcom_args_with_operators to None, run_after=None
[2025-11-09T22:15:05.684+0000] {processor.py:208} INFO - Processing /home/airflow/.local/lib/python3.12/site-packages/airflow/example_dags/example_xcomargs.py took 0.157 seconds
[2025-11-09T22:15:36.063+0000] {processor.py:186} INFO - Started process (PID=8486) to work on /home/airflow/.local/lib/python3.12/site-packages/airflow/example_dags/example_xcomargs.py
[2025-11-09T22:15:36.065+0000] {processor.py:914} INFO - Processing file /home/airflow/.local/lib/python3.12/site-packages/airflow/example_dags/example_xcomargs.py for tasks to queue
[2025-11-09T22:15:36.069+0000] {logging_mixin.py:190} INFO - [2025-11-09T22:15:36.068+0000] {dagbag.py:588} INFO - Filling up the DagBag from /home/airflow/.local/lib/python3.12/site-packages/airflow/example_dags/example_xcomargs.py
[2025-11-09T22:15:36.085+0000] {processor.py:925} INFO - DAG(s) 'example_xcom_args_with_operators', 'example_xcom_args' retrieved from /home/airflow/.local/lib/python3.12/site-packages/airflow/example_dags/example_xcomargs.py
[2025-11-09T22:15:36.129+0000] {logging_mixin.py:190} INFO - [2025-11-09T22:15:36.128+0000] {dag.py:3239} INFO - Sync 2 DAGs
[2025-11-09T22:15:36.151+0000] {logging_mixin.py:190} INFO - [2025-11-09T22:15:36.151+0000] {dag.py:4180} INFO - Setting next_dagrun for example_xcom_args to None, run_after=None
[2025-11-09T22:15:36.157+0000] {logging_mixin.py:190} INFO - [2025-11-09T22:15:36.157+0000] {dag.py:4180} INFO - Setting next_dagrun for example_xcom_args_with_operators to None, run_after=None
[2025-11-09T22:15:36.186+0000] {processor.py:208} INFO - Processing /home/airflow/.local/lib/python3.12/site-packages/airflow/example_dags/example_xcomargs.py took 0.132 seconds
[2025-11-09T22:16:07.264+0000] {processor.py:186} INFO - Started process (PID=8552) to work on /home/airflow/.local/lib/python3.12/site-packages/airflow/example_dags/example_xcomargs.py
[2025-11-09T22:16:07.266+0000] {processor.py:914} INFO - Processing file /home/airflow/.local/lib/python3.12/site-packages/airflow/example_dags/example_xcomargs.py for tasks to queue
[2025-11-09T22:16:07.271+0000] {logging_mixin.py:190} INFO - [2025-11-09T22:16:07.270+0000] {dagbag.py:588} INFO - Filling up the DagBag from /home/airflow/.local/lib/python3.12/site-packages/airflow/example_dags/example_xcomargs.py
[2025-11-09T22:16:07.289+0000] {processor.py:925} INFO - DAG(s) 'example_xcom_args_with_operators', 'example_xcom_args' retrieved from /home/airflow/.local/lib/python3.12/site-packages/airflow/example_dags/example_xcomargs.py
[2025-11-09T22:16:07.336+0000] {logging_mixin.py:190} INFO - [2025-11-09T22:16:07.335+0000] {dag.py:3239} INFO - Sync 2 DAGs
[2025-11-09T22:16:07.365+0000] {logging_mixin.py:190} INFO - [2025-11-09T22:16:07.365+0000] {dag.py:4180} INFO - Setting next_dagrun for example_xcom_args to None, run_after=None
[2025-11-09T22:16:07.373+0000] {logging_mixin.py:190} INFO - [2025-11-09T22:16:07.372+0000] {dag.py:4180} INFO - Setting next_dagrun for example_xcom_args_with_operators to None, run_after=None
[2025-11-09T22:16:07.404+0000] {processor.py:208} INFO - Processing /home/airflow/.local/lib/python3.12/site-packages/airflow/example_dags/example_xcomargs.py took 0.150 seconds
[2025-11-09T22:16:38.504+0000] {processor.py:186} INFO - Started process (PID=8616) to work on /home/airflow/.local/lib/python3.12/site-packages/airflow/example_dags/example_xcomargs.py
[2025-11-09T22:16:38.506+0000] {processor.py:914} INFO - Processing file /home/airflow/.local/lib/python3.12/site-packages/airflow/example_dags/example_xcomargs.py for tasks to queue
[2025-11-09T22:16:38.513+0000] {logging_mixin.py:190} INFO - [2025-11-09T22:16:38.512+0000] {dagbag.py:588} INFO - Filling up the DagBag from /home/airflow/.local/lib/python3.12/site-packages/airflow/example_dags/example_xcomargs.py
[2025-11-09T22:16:38.533+0000] {processor.py:925} INFO - DAG(s) 'example_xcom_args_with_operators', 'example_xcom_args' retrieved from /home/airflow/.local/lib/python3.12/site-packages/airflow/example_dags/example_xcomargs.py
[2025-11-09T22:16:38.579+0000] {logging_mixin.py:190} INFO - [2025-11-09T22:16:38.578+0000] {dag.py:3239} INFO - Sync 2 DAGs
[2025-11-09T22:16:38.605+0000] {logging_mixin.py:190} INFO - [2025-11-09T22:16:38.605+0000] {dag.py:4180} INFO - Setting next_dagrun for example_xcom_args to None, run_after=None
[2025-11-09T22:16:38.615+0000] {logging_mixin.py:190} INFO - [2025-11-09T22:16:38.615+0000] {dag.py:4180} INFO - Setting next_dagrun for example_xcom_args_with_operators to None, run_after=None
[2025-11-09T22:16:38.647+0000] {processor.py:208} INFO - Processing /home/airflow/.local/lib/python3.12/site-packages/airflow/example_dags/example_xcomargs.py took 0.156 seconds
[2025-11-09T22:17:09.050+0000] {processor.py:186} INFO - Started process (PID=8679) to work on /home/airflow/.local/lib/python3.12/site-packages/airflow/example_dags/example_xcomargs.py
[2025-11-09T22:17:09.055+0000] {processor.py:914} INFO - Processing file /home/airflow/.local/lib/python3.12/site-packages/airflow/example_dags/example_xcomargs.py for tasks to queue
[2025-11-09T22:17:09.064+0000] {logging_mixin.py:190} INFO - [2025-11-09T22:17:09.063+0000] {dagbag.py:588} INFO - Filling up the DagBag from /home/airflow/.local/lib/python3.12/site-packages/airflow/example_dags/example_xcomargs.py
[2025-11-09T22:17:09.088+0000] {processor.py:925} INFO - DAG(s) 'example_xcom_args_with_operators', 'example_xcom_args' retrieved from /home/airflow/.local/lib/python3.12/site-packages/airflow/example_dags/example_xcomargs.py
[2025-11-09T22:17:09.136+0000] {logging_mixin.py:190} INFO - [2025-11-09T22:17:09.136+0000] {dag.py:3239} INFO - Sync 2 DAGs
[2025-11-09T22:17:09.166+0000] {logging_mixin.py:190} INFO - [2025-11-09T22:17:09.165+0000] {dag.py:4180} INFO - Setting next_dagrun for example_xcom_args to None, run_after=None
[2025-11-09T22:17:09.175+0000] {logging_mixin.py:190} INFO - [2025-11-09T22:17:09.175+0000] {dag.py:4180} INFO - Setting next_dagrun for example_xcom_args_with_operators to None, run_after=None
[2025-11-09T22:17:09.204+0000] {processor.py:208} INFO - Processing /home/airflow/.local/lib/python3.12/site-packages/airflow/example_dags/example_xcomargs.py took 0.165 seconds
[2025-11-09T22:17:40.303+0000] {processor.py:186} INFO - Started process (PID=8751) to work on /home/airflow/.local/lib/python3.12/site-packages/airflow/example_dags/example_xcomargs.py
[2025-11-09T22:17:40.305+0000] {processor.py:914} INFO - Processing file /home/airflow/.local/lib/python3.12/site-packages/airflow/example_dags/example_xcomargs.py for tasks to queue
[2025-11-09T22:17:40.311+0000] {logging_mixin.py:190} INFO - [2025-11-09T22:17:40.309+0000] {dagbag.py:588} INFO - Filling up the DagBag from /home/airflow/.local/lib/python3.12/site-packages/airflow/example_dags/example_xcomargs.py
[2025-11-09T22:17:40.330+0000] {processor.py:925} INFO - DAG(s) 'example_xcom_args', 'example_xcom_args_with_operators' retrieved from /home/airflow/.local/lib/python3.12/site-packages/airflow/example_dags/example_xcomargs.py
[2025-11-09T22:17:40.374+0000] {logging_mixin.py:190} INFO - [2025-11-09T22:17:40.374+0000] {dag.py:3239} INFO - Sync 2 DAGs
[2025-11-09T22:17:40.402+0000] {logging_mixin.py:190} INFO - [2025-11-09T22:17:40.401+0000] {dag.py:4180} INFO - Setting next_dagrun for example_xcom_args to None, run_after=None
[2025-11-09T22:17:40.410+0000] {logging_mixin.py:190} INFO - [2025-11-09T22:17:40.409+0000] {dag.py:4180} INFO - Setting next_dagrun for example_xcom_args_with_operators to None, run_after=None
[2025-11-09T22:17:40.440+0000] {processor.py:208} INFO - Processing /home/airflow/.local/lib/python3.12/site-packages/airflow/example_dags/example_xcomargs.py took 0.148 seconds
[2025-11-09T22:18:10.608+0000] {processor.py:186} INFO - Started process (PID=8815) to work on /home/airflow/.local/lib/python3.12/site-packages/airflow/example_dags/example_xcomargs.py
[2025-11-09T22:18:10.610+0000] {processor.py:914} INFO - Processing file /home/airflow/.local/lib/python3.12/site-packages/airflow/example_dags/example_xcomargs.py for tasks to queue
[2025-11-09T22:18:10.616+0000] {logging_mixin.py:190} INFO - [2025-11-09T22:18:10.615+0000] {dagbag.py:588} INFO - Filling up the DagBag from /home/airflow/.local/lib/python3.12/site-packages/airflow/example_dags/example_xcomargs.py
[2025-11-09T22:18:10.642+0000] {processor.py:925} INFO - DAG(s) 'example_xcom_args_with_operators', 'example_xcom_args' retrieved from /home/airflow/.local/lib/python3.12/site-packages/airflow/example_dags/example_xcomargs.py
[2025-11-09T22:18:10.686+0000] {logging_mixin.py:190} INFO - [2025-11-09T22:18:10.685+0000] {dag.py:3239} INFO - Sync 2 DAGs
[2025-11-09T22:18:10.715+0000] {logging_mixin.py:190} INFO - [2025-11-09T22:18:10.715+0000] {dag.py:4180} INFO - Setting next_dagrun for example_xcom_args to None, run_after=None
[2025-11-09T22:18:10.723+0000] {logging_mixin.py:190} INFO - [2025-11-09T22:18:10.723+0000] {dag.py:4180} INFO - Setting next_dagrun for example_xcom_args_with_operators to None, run_after=None
[2025-11-09T22:18:10.752+0000] {processor.py:208} INFO - Processing /home/airflow/.local/lib/python3.12/site-packages/airflow/example_dags/example_xcomargs.py took 0.155 seconds
[2025-11-09T22:18:40.943+0000] {processor.py:186} INFO - Started process (PID=8879) to work on /home/airflow/.local/lib/python3.12/site-packages/airflow/example_dags/example_xcomargs.py
[2025-11-09T22:18:40.945+0000] {processor.py:914} INFO - Processing file /home/airflow/.local/lib/python3.12/site-packages/airflow/example_dags/example_xcomargs.py for tasks to queue
[2025-11-09T22:18:40.951+0000] {logging_mixin.py:190} INFO - [2025-11-09T22:18:40.950+0000] {dagbag.py:588} INFO - Filling up the DagBag from /home/airflow/.local/lib/python3.12/site-packages/airflow/example_dags/example_xcomargs.py
[2025-11-09T22:18:40.972+0000] {processor.py:925} INFO - DAG(s) 'example_xcom_args', 'example_xcom_args_with_operators' retrieved from /home/airflow/.local/lib/python3.12/site-packages/airflow/example_dags/example_xcomargs.py
[2025-11-09T22:18:41.021+0000] {logging_mixin.py:190} INFO - [2025-11-09T22:18:41.020+0000] {dag.py:3239} INFO - Sync 2 DAGs
[2025-11-09T22:18:41.047+0000] {logging_mixin.py:190} INFO - [2025-11-09T22:18:41.046+0000] {dag.py:4180} INFO - Setting next_dagrun for example_xcom_args to None, run_after=None
[2025-11-09T22:18:41.054+0000] {logging_mixin.py:190} INFO - [2025-11-09T22:18:41.053+0000] {dag.py:4180} INFO - Setting next_dagrun for example_xcom_args_with_operators to None, run_after=None
[2025-11-09T22:18:41.090+0000] {processor.py:208} INFO - Processing /home/airflow/.local/lib/python3.12/site-packages/airflow/example_dags/example_xcomargs.py took 0.159 seconds
[2025-11-09T22:19:11.718+0000] {processor.py:186} INFO - Started process (PID=8944) to work on /home/airflow/.local/lib/python3.12/site-packages/airflow/example_dags/example_xcomargs.py
[2025-11-09T22:19:11.720+0000] {processor.py:914} INFO - Processing file /home/airflow/.local/lib/python3.12/site-packages/airflow/example_dags/example_xcomargs.py for tasks to queue
[2025-11-09T22:19:11.726+0000] {logging_mixin.py:190} INFO - [2025-11-09T22:19:11.726+0000] {dagbag.py:588} INFO - Filling up the DagBag from /home/airflow/.local/lib/python3.12/site-packages/airflow/example_dags/example_xcomargs.py
[2025-11-09T22:19:11.745+0000] {processor.py:925} INFO - DAG(s) 'example_xcom_args_with_operators', 'example_xcom_args' retrieved from /home/airflow/.local/lib/python3.12/site-packages/airflow/example_dags/example_xcomargs.py
[2025-11-09T22:19:11.785+0000] {logging_mixin.py:190} INFO - [2025-11-09T22:19:11.785+0000] {dag.py:3239} INFO - Sync 2 DAGs
[2025-11-09T22:19:11.807+0000] {logging_mixin.py:190} INFO - [2025-11-09T22:19:11.807+0000] {dag.py:4180} INFO - Setting next_dagrun for example_xcom_args to None, run_after=None
[2025-11-09T22:19:11.813+0000] {logging_mixin.py:190} INFO - [2025-11-09T22:19:11.813+0000] {dag.py:4180} INFO - Setting next_dagrun for example_xcom_args_with_operators to None, run_after=None
[2025-11-09T22:19:11.839+0000] {processor.py:208} INFO - Processing /home/airflow/.local/lib/python3.12/site-packages/airflow/example_dags/example_xcomargs.py took 0.132 seconds
[2025-11-09T22:19:42.168+0000] {processor.py:186} INFO - Started process (PID=9007) to work on /home/airflow/.local/lib/python3.12/site-packages/airflow/example_dags/example_xcomargs.py
[2025-11-09T22:19:42.171+0000] {processor.py:914} INFO - Processing file /home/airflow/.local/lib/python3.12/site-packages/airflow/example_dags/example_xcomargs.py for tasks to queue
[2025-11-09T22:19:42.176+0000] {logging_mixin.py:190} INFO - [2025-11-09T22:19:42.175+0000] {dagbag.py:588} INFO - Filling up the DagBag from /home/airflow/.local/lib/python3.12/site-packages/airflow/example_dags/example_xcomargs.py
[2025-11-09T22:19:42.196+0000] {processor.py:925} INFO - DAG(s) 'example_xcom_args', 'example_xcom_args_with_operators' retrieved from /home/airflow/.local/lib/python3.12/site-packages/airflow/example_dags/example_xcomargs.py
[2025-11-09T22:19:42.240+0000] {logging_mixin.py:190} INFO - [2025-11-09T22:19:42.239+0000] {dag.py:3239} INFO - Sync 2 DAGs
[2025-11-09T22:19:42.269+0000] {logging_mixin.py:190} INFO - [2025-11-09T22:19:42.268+0000] {dag.py:4180} INFO - Setting next_dagrun for example_xcom_args to None, run_after=None
[2025-11-09T22:19:42.276+0000] {logging_mixin.py:190} INFO - [2025-11-09T22:19:42.276+0000] {dag.py:4180} INFO - Setting next_dagrun for example_xcom_args_with_operators to None, run_after=None
[2025-11-09T22:19:42.307+0000] {processor.py:208} INFO - Processing /home/airflow/.local/lib/python3.12/site-packages/airflow/example_dags/example_xcomargs.py took 0.149 seconds
[2025-11-09T22:20:13.666+0000] {processor.py:186} INFO - Started process (PID=9071) to work on /home/airflow/.local/lib/python3.12/site-packages/airflow/example_dags/example_xcomargs.py
[2025-11-09T22:20:13.668+0000] {processor.py:914} INFO - Processing file /home/airflow/.local/lib/python3.12/site-packages/airflow/example_dags/example_xcomargs.py for tasks to queue
[2025-11-09T22:20:13.673+0000] {logging_mixin.py:190} INFO - [2025-11-09T22:20:13.672+0000] {dagbag.py:588} INFO - Filling up the DagBag from /home/airflow/.local/lib/python3.12/site-packages/airflow/example_dags/example_xcomargs.py
[2025-11-09T22:20:13.693+0000] {processor.py:925} INFO - DAG(s) 'example_xcom_args_with_operators', 'example_xcom_args' retrieved from /home/airflow/.local/lib/python3.12/site-packages/airflow/example_dags/example_xcomargs.py
[2025-11-09T22:20:13.754+0000] {logging_mixin.py:190} INFO - [2025-11-09T22:20:13.754+0000] {dag.py:3239} INFO - Sync 2 DAGs
[2025-11-09T22:20:13.785+0000] {logging_mixin.py:190} INFO - [2025-11-09T22:20:13.785+0000] {dag.py:4180} INFO - Setting next_dagrun for example_xcom_args to None, run_after=None
[2025-11-09T22:20:13.792+0000] {logging_mixin.py:190} INFO - [2025-11-09T22:20:13.792+0000] {dag.py:4180} INFO - Setting next_dagrun for example_xcom_args_with_operators to None, run_after=None
[2025-11-09T22:20:13.828+0000] {processor.py:208} INFO - Processing /home/airflow/.local/lib/python3.12/site-packages/airflow/example_dags/example_xcomargs.py took 0.174 seconds
[2025-11-09T22:20:44.824+0000] {processor.py:186} INFO - Started process (PID=9135) to work on /home/airflow/.local/lib/python3.12/site-packages/airflow/example_dags/example_xcomargs.py
[2025-11-09T22:20:44.827+0000] {processor.py:914} INFO - Processing file /home/airflow/.local/lib/python3.12/site-packages/airflow/example_dags/example_xcomargs.py for tasks to queue
[2025-11-09T22:20:44.835+0000] {logging_mixin.py:190} INFO - [2025-11-09T22:20:44.834+0000] {dagbag.py:588} INFO - Filling up the DagBag from /home/airflow/.local/lib/python3.12/site-packages/airflow/example_dags/example_xcomargs.py
[2025-11-09T22:20:44.852+0000] {processor.py:925} INFO - DAG(s) 'example_xcom_args', 'example_xcom_args_with_operators' retrieved from /home/airflow/.local/lib/python3.12/site-packages/airflow/example_dags/example_xcomargs.py
[2025-11-09T22:20:44.901+0000] {logging_mixin.py:190} INFO - [2025-11-09T22:20:44.901+0000] {dag.py:3239} INFO - Sync 2 DAGs
[2025-11-09T22:20:44.935+0000] {logging_mixin.py:190} INFO - [2025-11-09T22:20:44.934+0000] {dag.py:4180} INFO - Setting next_dagrun for example_xcom_args to None, run_after=None
[2025-11-09T22:20:44.942+0000] {logging_mixin.py:190} INFO - [2025-11-09T22:20:44.941+0000] {dag.py:4180} INFO - Setting next_dagrun for example_xcom_args_with_operators to None, run_after=None
[2025-11-09T22:20:44.973+0000] {processor.py:208} INFO - Processing /home/airflow/.local/lib/python3.12/site-packages/airflow/example_dags/example_xcomargs.py took 0.159 seconds
[2025-11-09T22:21:15.642+0000] {processor.py:186} INFO - Started process (PID=9198) to work on /home/airflow/.local/lib/python3.12/site-packages/airflow/example_dags/example_xcomargs.py
[2025-11-09T22:21:15.644+0000] {processor.py:914} INFO - Processing file /home/airflow/.local/lib/python3.12/site-packages/airflow/example_dags/example_xcomargs.py for tasks to queue
[2025-11-09T22:21:15.649+0000] {logging_mixin.py:190} INFO - [2025-11-09T22:21:15.649+0000] {dagbag.py:588} INFO - Filling up the DagBag from /home/airflow/.local/lib/python3.12/site-packages/airflow/example_dags/example_xcomargs.py
[2025-11-09T22:21:15.666+0000] {processor.py:925} INFO - DAG(s) 'example_xcom_args', 'example_xcom_args_with_operators' retrieved from /home/airflow/.local/lib/python3.12/site-packages/airflow/example_dags/example_xcomargs.py
[2025-11-09T22:21:15.710+0000] {logging_mixin.py:190} INFO - [2025-11-09T22:21:15.710+0000] {dag.py:3239} INFO - Sync 2 DAGs
[2025-11-09T22:21:15.737+0000] {logging_mixin.py:190} INFO - [2025-11-09T22:21:15.737+0000] {dag.py:4180} INFO - Setting next_dagrun for example_xcom_args to None, run_after=None
[2025-11-09T22:21:15.744+0000] {logging_mixin.py:190} INFO - [2025-11-09T22:21:15.744+0000] {dag.py:4180} INFO - Setting next_dagrun for example_xcom_args_with_operators to None, run_after=None
[2025-11-09T22:21:15.775+0000] {processor.py:208} INFO - Processing /home/airflow/.local/lib/python3.12/site-packages/airflow/example_dags/example_xcomargs.py took 0.142 seconds
[2025-11-09T22:21:46.024+0000] {processor.py:186} INFO - Started process (PID=9262) to work on /home/airflow/.local/lib/python3.12/site-packages/airflow/example_dags/example_xcomargs.py
[2025-11-09T22:21:46.026+0000] {processor.py:914} INFO - Processing file /home/airflow/.local/lib/python3.12/site-packages/airflow/example_dags/example_xcomargs.py for tasks to queue
[2025-11-09T22:21:46.030+0000] {logging_mixin.py:190} INFO - [2025-11-09T22:21:46.029+0000] {dagbag.py:588} INFO - Filling up the DagBag from /home/airflow/.local/lib/python3.12/site-packages/airflow/example_dags/example_xcomargs.py
[2025-11-09T22:21:46.046+0000] {processor.py:925} INFO - DAG(s) 'example_xcom_args_with_operators', 'example_xcom_args' retrieved from /home/airflow/.local/lib/python3.12/site-packages/airflow/example_dags/example_xcomargs.py
[2025-11-09T22:21:46.093+0000] {logging_mixin.py:190} INFO - [2025-11-09T22:21:46.093+0000] {dag.py:3239} INFO - Sync 2 DAGs
[2025-11-09T22:21:46.126+0000] {logging_mixin.py:190} INFO - [2025-11-09T22:21:46.125+0000] {dag.py:4180} INFO - Setting next_dagrun for example_xcom_args to None, run_after=None
[2025-11-09T22:21:46.134+0000] {logging_mixin.py:190} INFO - [2025-11-09T22:21:46.134+0000] {dag.py:4180} INFO - Setting next_dagrun for example_xcom_args_with_operators to None, run_after=None
[2025-11-09T22:21:46.167+0000] {processor.py:208} INFO - Processing /home/airflow/.local/lib/python3.12/site-packages/airflow/example_dags/example_xcomargs.py took 0.153 seconds
[2025-11-09T22:22:16.486+0000] {processor.py:186} INFO - Started process (PID=9326) to work on /home/airflow/.local/lib/python3.12/site-packages/airflow/example_dags/example_xcomargs.py
[2025-11-09T22:22:16.488+0000] {processor.py:914} INFO - Processing file /home/airflow/.local/lib/python3.12/site-packages/airflow/example_dags/example_xcomargs.py for tasks to queue
[2025-11-09T22:22:16.493+0000] {logging_mixin.py:190} INFO - [2025-11-09T22:22:16.492+0000] {dagbag.py:588} INFO - Filling up the DagBag from /home/airflow/.local/lib/python3.12/site-packages/airflow/example_dags/example_xcomargs.py
[2025-11-09T22:22:16.510+0000] {processor.py:925} INFO - DAG(s) 'example_xcom_args', 'example_xcom_args_with_operators' retrieved from /home/airflow/.local/lib/python3.12/site-packages/airflow/example_dags/example_xcomargs.py
[2025-11-09T22:22:16.554+0000] {logging_mixin.py:190} INFO - [2025-11-09T22:22:16.553+0000] {dag.py:3239} INFO - Sync 2 DAGs
[2025-11-09T22:22:16.578+0000] {logging_mixin.py:190} INFO - [2025-11-09T22:22:16.577+0000] {dag.py:4180} INFO - Setting next_dagrun for example_xcom_args to None, run_after=None
[2025-11-09T22:22:16.585+0000] {logging_mixin.py:190} INFO - [2025-11-09T22:22:16.585+0000] {dag.py:4180} INFO - Setting next_dagrun for example_xcom_args_with_operators to None, run_after=None
[2025-11-09T22:22:16.618+0000] {processor.py:208} INFO - Processing /home/airflow/.local/lib/python3.12/site-packages/airflow/example_dags/example_xcomargs.py took 0.144 seconds
[2025-11-09T22:22:46.756+0000] {processor.py:186} INFO - Started process (PID=9390) to work on /home/airflow/.local/lib/python3.12/site-packages/airflow/example_dags/example_xcomargs.py
[2025-11-09T22:22:46.758+0000] {processor.py:914} INFO - Processing file /home/airflow/.local/lib/python3.12/site-packages/airflow/example_dags/example_xcomargs.py for tasks to queue
[2025-11-09T22:22:46.762+0000] {logging_mixin.py:190} INFO - [2025-11-09T22:22:46.761+0000] {dagbag.py:588} INFO - Filling up the DagBag from /home/airflow/.local/lib/python3.12/site-packages/airflow/example_dags/example_xcomargs.py
[2025-11-09T22:22:46.778+0000] {processor.py:925} INFO - DAG(s) 'example_xcom_args', 'example_xcom_args_with_operators' retrieved from /home/airflow/.local/lib/python3.12/site-packages/airflow/example_dags/example_xcomargs.py
[2025-11-09T22:22:46.821+0000] {logging_mixin.py:190} INFO - [2025-11-09T22:22:46.820+0000] {dag.py:3239} INFO - Sync 2 DAGs
[2025-11-09T22:22:46.843+0000] {logging_mixin.py:190} INFO - [2025-11-09T22:22:46.843+0000] {dag.py:4180} INFO - Setting next_dagrun for example_xcom_args to None, run_after=None
[2025-11-09T22:22:46.849+0000] {logging_mixin.py:190} INFO - [2025-11-09T22:22:46.848+0000] {dag.py:4180} INFO - Setting next_dagrun for example_xcom_args_with_operators to None, run_after=None
[2025-11-09T22:22:46.876+0000] {processor.py:208} INFO - Processing /home/airflow/.local/lib/python3.12/site-packages/airflow/example_dags/example_xcomargs.py took 0.130 seconds
[2025-11-09T22:23:17.140+0000] {processor.py:186} INFO - Started process (PID=9454) to work on /home/airflow/.local/lib/python3.12/site-packages/airflow/example_dags/example_xcomargs.py
[2025-11-09T22:23:17.142+0000] {processor.py:914} INFO - Processing file /home/airflow/.local/lib/python3.12/site-packages/airflow/example_dags/example_xcomargs.py for tasks to queue
[2025-11-09T22:23:17.149+0000] {logging_mixin.py:190} INFO - [2025-11-09T22:23:17.148+0000] {dagbag.py:588} INFO - Filling up the DagBag from /home/airflow/.local/lib/python3.12/site-packages/airflow/example_dags/example_xcomargs.py
[2025-11-09T22:23:17.168+0000] {processor.py:925} INFO - DAG(s) 'example_xcom_args', 'example_xcom_args_with_operators' retrieved from /home/airflow/.local/lib/python3.12/site-packages/airflow/example_dags/example_xcomargs.py
[2025-11-09T22:23:17.207+0000] {logging_mixin.py:190} INFO - [2025-11-09T22:23:17.207+0000] {dag.py:3239} INFO - Sync 2 DAGs
[2025-11-09T22:23:17.229+0000] {logging_mixin.py:190} INFO - [2025-11-09T22:23:17.229+0000] {dag.py:4180} INFO - Setting next_dagrun for example_xcom_args to None, run_after=None
[2025-11-09T22:23:17.235+0000] {logging_mixin.py:190} INFO - [2025-11-09T22:23:17.234+0000] {dag.py:4180} INFO - Setting next_dagrun for example_xcom_args_with_operators to None, run_after=None
[2025-11-09T22:23:17.260+0000] {processor.py:208} INFO - Processing /home/airflow/.local/lib/python3.12/site-packages/airflow/example_dags/example_xcomargs.py took 0.131 seconds
[2025-11-09T22:23:47.965+0000] {processor.py:186} INFO - Started process (PID=9518) to work on /home/airflow/.local/lib/python3.12/site-packages/airflow/example_dags/example_xcomargs.py
[2025-11-09T22:23:47.967+0000] {processor.py:914} INFO - Processing file /home/airflow/.local/lib/python3.12/site-packages/airflow/example_dags/example_xcomargs.py for tasks to queue
[2025-11-09T22:23:47.972+0000] {logging_mixin.py:190} INFO - [2025-11-09T22:23:47.971+0000] {dagbag.py:588} INFO - Filling up the DagBag from /home/airflow/.local/lib/python3.12/site-packages/airflow/example_dags/example_xcomargs.py
[2025-11-09T22:23:47.991+0000] {processor.py:925} INFO - DAG(s) 'example_xcom_args', 'example_xcom_args_with_operators' retrieved from /home/airflow/.local/lib/python3.12/site-packages/airflow/example_dags/example_xcomargs.py
[2025-11-09T22:23:48.037+0000] {logging_mixin.py:190} INFO - [2025-11-09T22:23:48.037+0000] {dag.py:3239} INFO - Sync 2 DAGs
[2025-11-09T22:23:48.064+0000] {logging_mixin.py:190} INFO - [2025-11-09T22:23:48.064+0000] {dag.py:4180} INFO - Setting next_dagrun for example_xcom_args to None, run_after=None
[2025-11-09T22:23:48.070+0000] {logging_mixin.py:190} INFO - [2025-11-09T22:23:48.070+0000] {dag.py:4180} INFO - Setting next_dagrun for example_xcom_args_with_operators to None, run_after=None
[2025-11-09T22:23:48.099+0000] {processor.py:208} INFO - Processing /home/airflow/.local/lib/python3.12/site-packages/airflow/example_dags/example_xcomargs.py took 0.145 seconds
[2025-11-09T22:24:18.336+0000] {processor.py:186} INFO - Started process (PID=9582) to work on /home/airflow/.local/lib/python3.12/site-packages/airflow/example_dags/example_xcomargs.py
[2025-11-09T22:24:18.338+0000] {processor.py:914} INFO - Processing file /home/airflow/.local/lib/python3.12/site-packages/airflow/example_dags/example_xcomargs.py for tasks to queue
[2025-11-09T22:24:18.344+0000] {logging_mixin.py:190} INFO - [2025-11-09T22:24:18.343+0000] {dagbag.py:588} INFO - Filling up the DagBag from /home/airflow/.local/lib/python3.12/site-packages/airflow/example_dags/example_xcomargs.py
[2025-11-09T22:24:18.361+0000] {processor.py:925} INFO - DAG(s) 'example_xcom_args', 'example_xcom_args_with_operators' retrieved from /home/airflow/.local/lib/python3.12/site-packages/airflow/example_dags/example_xcomargs.py
[2025-11-09T22:24:18.406+0000] {logging_mixin.py:190} INFO - [2025-11-09T22:24:18.406+0000] {dag.py:3239} INFO - Sync 2 DAGs
[2025-11-09T22:24:18.431+0000] {logging_mixin.py:190} INFO - [2025-11-09T22:24:18.431+0000] {dag.py:4180} INFO - Setting next_dagrun for example_xcom_args to None, run_after=None
[2025-11-09T22:24:18.437+0000] {logging_mixin.py:190} INFO - [2025-11-09T22:24:18.437+0000] {dag.py:4180} INFO - Setting next_dagrun for example_xcom_args_with_operators to None, run_after=None
[2025-11-09T22:24:18.464+0000] {processor.py:208} INFO - Processing /home/airflow/.local/lib/python3.12/site-packages/airflow/example_dags/example_xcomargs.py took 0.139 seconds
[2025-11-09T22:24:49.109+0000] {processor.py:186} INFO - Started process (PID=9646) to work on /home/airflow/.local/lib/python3.12/site-packages/airflow/example_dags/example_xcomargs.py
[2025-11-09T22:24:49.111+0000] {processor.py:914} INFO - Processing file /home/airflow/.local/lib/python3.12/site-packages/airflow/example_dags/example_xcomargs.py for tasks to queue
[2025-11-09T22:24:49.116+0000] {logging_mixin.py:190} INFO - [2025-11-09T22:24:49.115+0000] {dagbag.py:588} INFO - Filling up the DagBag from /home/airflow/.local/lib/python3.12/site-packages/airflow/example_dags/example_xcomargs.py
[2025-11-09T22:24:49.135+0000] {processor.py:925} INFO - DAG(s) 'example_xcom_args_with_operators', 'example_xcom_args' retrieved from /home/airflow/.local/lib/python3.12/site-packages/airflow/example_dags/example_xcomargs.py
[2025-11-09T22:24:49.182+0000] {logging_mixin.py:190} INFO - [2025-11-09T22:24:49.181+0000] {dag.py:3239} INFO - Sync 2 DAGs
[2025-11-09T22:24:49.214+0000] {logging_mixin.py:190} INFO - [2025-11-09T22:24:49.213+0000] {dag.py:4180} INFO - Setting next_dagrun for example_xcom_args to None, run_after=None
[2025-11-09T22:24:49.221+0000] {logging_mixin.py:190} INFO - [2025-11-09T22:24:49.220+0000] {dag.py:4180} INFO - Setting next_dagrun for example_xcom_args_with_operators to None, run_after=None
[2025-11-09T22:24:49.251+0000] {processor.py:208} INFO - Processing /home/airflow/.local/lib/python3.12/site-packages/airflow/example_dags/example_xcomargs.py took 0.154 seconds
[2025-11-09T22:25:19.940+0000] {processor.py:186} INFO - Started process (PID=9710) to work on /home/airflow/.local/lib/python3.12/site-packages/airflow/example_dags/example_xcomargs.py
[2025-11-09T22:25:19.952+0000] {processor.py:914} INFO - Processing file /home/airflow/.local/lib/python3.12/site-packages/airflow/example_dags/example_xcomargs.py for tasks to queue
[2025-11-09T22:25:19.995+0000] {logging_mixin.py:190} INFO - [2025-11-09T22:25:19.994+0000] {dagbag.py:588} INFO - Filling up the DagBag from /home/airflow/.local/lib/python3.12/site-packages/airflow/example_dags/example_xcomargs.py
[2025-11-09T22:25:20.091+0000] {processor.py:925} INFO - DAG(s) 'example_xcom_args', 'example_xcom_args_with_operators' retrieved from /home/airflow/.local/lib/python3.12/site-packages/airflow/example_dags/example_xcomargs.py
[2025-11-09T22:25:20.193+0000] {logging_mixin.py:190} INFO - [2025-11-09T22:25:20.192+0000] {dag.py:3239} INFO - Sync 2 DAGs
[2025-11-09T22:25:20.227+0000] {logging_mixin.py:190} INFO - [2025-11-09T22:25:20.226+0000] {dag.py:4180} INFO - Setting next_dagrun for example_xcom_args to None, run_after=None
[2025-11-09T22:25:20.236+0000] {logging_mixin.py:190} INFO - [2025-11-09T22:25:20.235+0000] {dag.py:4180} INFO - Setting next_dagrun for example_xcom_args_with_operators to None, run_after=None
[2025-11-09T22:25:20.277+0000] {processor.py:208} INFO - Processing /home/airflow/.local/lib/python3.12/site-packages/airflow/example_dags/example_xcomargs.py took 0.353 seconds
[2025-11-09T22:25:50.401+0000] {processor.py:186} INFO - Started process (PID=9774) to work on /home/airflow/.local/lib/python3.12/site-packages/airflow/example_dags/example_xcomargs.py
[2025-11-09T22:25:50.403+0000] {processor.py:914} INFO - Processing file /home/airflow/.local/lib/python3.12/site-packages/airflow/example_dags/example_xcomargs.py for tasks to queue
[2025-11-09T22:25:50.408+0000] {logging_mixin.py:190} INFO - [2025-11-09T22:25:50.407+0000] {dagbag.py:588} INFO - Filling up the DagBag from /home/airflow/.local/lib/python3.12/site-packages/airflow/example_dags/example_xcomargs.py
[2025-11-09T22:25:50.427+0000] {processor.py:925} INFO - DAG(s) 'example_xcom_args_with_operators', 'example_xcom_args' retrieved from /home/airflow/.local/lib/python3.12/site-packages/airflow/example_dags/example_xcomargs.py
[2025-11-09T22:25:50.475+0000] {logging_mixin.py:190} INFO - [2025-11-09T22:25:50.474+0000] {dag.py:3239} INFO - Sync 2 DAGs
[2025-11-09T22:25:50.507+0000] {logging_mixin.py:190} INFO - [2025-11-09T22:25:50.506+0000] {dag.py:4180} INFO - Setting next_dagrun for example_xcom_args to None, run_after=None
[2025-11-09T22:25:50.515+0000] {logging_mixin.py:190} INFO - [2025-11-09T22:25:50.514+0000] {dag.py:4180} INFO - Setting next_dagrun for example_xcom_args_with_operators to None, run_after=None
[2025-11-09T22:25:50.546+0000] {processor.py:208} INFO - Processing /home/airflow/.local/lib/python3.12/site-packages/airflow/example_dags/example_xcomargs.py took 0.156 seconds
[2025-11-09T22:26:21.391+0000] {processor.py:186} INFO - Started process (PID=9838) to work on /home/airflow/.local/lib/python3.12/site-packages/airflow/example_dags/example_xcomargs.py
[2025-11-09T22:26:21.393+0000] {processor.py:914} INFO - Processing file /home/airflow/.local/lib/python3.12/site-packages/airflow/example_dags/example_xcomargs.py for tasks to queue
[2025-11-09T22:26:21.397+0000] {logging_mixin.py:190} INFO - [2025-11-09T22:26:21.397+0000] {dagbag.py:588} INFO - Filling up the DagBag from /home/airflow/.local/lib/python3.12/site-packages/airflow/example_dags/example_xcomargs.py
[2025-11-09T22:26:21.414+0000] {processor.py:925} INFO - DAG(s) 'example_xcom_args_with_operators', 'example_xcom_args' retrieved from /home/airflow/.local/lib/python3.12/site-packages/airflow/example_dags/example_xcomargs.py
[2025-11-09T22:26:21.456+0000] {logging_mixin.py:190} INFO - [2025-11-09T22:26:21.456+0000] {dag.py:3239} INFO - Sync 2 DAGs
[2025-11-09T22:26:21.480+0000] {logging_mixin.py:190} INFO - [2025-11-09T22:26:21.480+0000] {dag.py:4180} INFO - Setting next_dagrun for example_xcom_args to None, run_after=None
[2025-11-09T22:26:21.486+0000] {logging_mixin.py:190} INFO - [2025-11-09T22:26:21.486+0000] {dag.py:4180} INFO - Setting next_dagrun for example_xcom_args_with_operators to None, run_after=None
[2025-11-09T22:26:21.516+0000] {processor.py:208} INFO - Processing /home/airflow/.local/lib/python3.12/site-packages/airflow/example_dags/example_xcomargs.py took 0.135 seconds
[2025-11-09T22:26:51.683+0000] {processor.py:186} INFO - Started process (PID=9902) to work on /home/airflow/.local/lib/python3.12/site-packages/airflow/example_dags/example_xcomargs.py
[2025-11-09T22:26:51.685+0000] {processor.py:914} INFO - Processing file /home/airflow/.local/lib/python3.12/site-packages/airflow/example_dags/example_xcomargs.py for tasks to queue
[2025-11-09T22:26:51.690+0000] {logging_mixin.py:190} INFO - [2025-11-09T22:26:51.690+0000] {dagbag.py:588} INFO - Filling up the DagBag from /home/airflow/.local/lib/python3.12/site-packages/airflow/example_dags/example_xcomargs.py
[2025-11-09T22:26:51.708+0000] {processor.py:925} INFO - DAG(s) 'example_xcom_args', 'example_xcom_args_with_operators' retrieved from /home/airflow/.local/lib/python3.12/site-packages/airflow/example_dags/example_xcomargs.py
[2025-11-09T22:26:51.750+0000] {logging_mixin.py:190} INFO - [2025-11-09T22:26:51.749+0000] {dag.py:3239} INFO - Sync 2 DAGs
[2025-11-09T22:26:51.774+0000] {logging_mixin.py:190} INFO - [2025-11-09T22:26:51.774+0000] {dag.py:4180} INFO - Setting next_dagrun for example_xcom_args to None, run_after=None
[2025-11-09T22:26:51.782+0000] {logging_mixin.py:190} INFO - [2025-11-09T22:26:51.782+0000] {dag.py:4180} INFO - Setting next_dagrun for example_xcom_args_with_operators to None, run_after=None
[2025-11-09T22:26:51.812+0000] {processor.py:208} INFO - Processing /home/airflow/.local/lib/python3.12/site-packages/airflow/example_dags/example_xcomargs.py took 0.138 seconds
[2025-11-09T22:27:22.431+0000] {processor.py:186} INFO - Started process (PID=9966) to work on /home/airflow/.local/lib/python3.12/site-packages/airflow/example_dags/example_xcomargs.py
[2025-11-09T22:27:22.433+0000] {processor.py:914} INFO - Processing file /home/airflow/.local/lib/python3.12/site-packages/airflow/example_dags/example_xcomargs.py for tasks to queue
[2025-11-09T22:27:22.438+0000] {logging_mixin.py:190} INFO - [2025-11-09T22:27:22.438+0000] {dagbag.py:588} INFO - Filling up the DagBag from /home/airflow/.local/lib/python3.12/site-packages/airflow/example_dags/example_xcomargs.py
[2025-11-09T22:27:22.463+0000] {processor.py:925} INFO - DAG(s) 'example_xcom_args_with_operators', 'example_xcom_args' retrieved from /home/airflow/.local/lib/python3.12/site-packages/airflow/example_dags/example_xcomargs.py
[2025-11-09T22:27:22.521+0000] {logging_mixin.py:190} INFO - [2025-11-09T22:27:22.521+0000] {dag.py:3239} INFO - Sync 2 DAGs
[2025-11-09T22:27:22.559+0000] {logging_mixin.py:190} INFO - [2025-11-09T22:27:22.558+0000] {dag.py:4180} INFO - Setting next_dagrun for example_xcom_args to None, run_after=None
[2025-11-09T22:27:22.574+0000] {logging_mixin.py:190} INFO - [2025-11-09T22:27:22.573+0000] {dag.py:4180} INFO - Setting next_dagrun for example_xcom_args_with_operators to None, run_after=None
[2025-11-09T22:27:22.617+0000] {processor.py:208} INFO - Processing /home/airflow/.local/lib/python3.12/site-packages/airflow/example_dags/example_xcomargs.py took 0.202 seconds
[2025-11-09T22:27:52.947+0000] {processor.py:186} INFO - Started process (PID=10030) to work on /home/airflow/.local/lib/python3.12/site-packages/airflow/example_dags/example_xcomargs.py
[2025-11-09T22:27:52.949+0000] {processor.py:914} INFO - Processing file /home/airflow/.local/lib/python3.12/site-packages/airflow/example_dags/example_xcomargs.py for tasks to queue
[2025-11-09T22:27:52.955+0000] {logging_mixin.py:190} INFO - [2025-11-09T22:27:52.954+0000] {dagbag.py:588} INFO - Filling up the DagBag from /home/airflow/.local/lib/python3.12/site-packages/airflow/example_dags/example_xcomargs.py
[2025-11-09T22:27:52.974+0000] {processor.py:925} INFO - DAG(s) 'example_xcom_args', 'example_xcom_args_with_operators' retrieved from /home/airflow/.local/lib/python3.12/site-packages/airflow/example_dags/example_xcomargs.py
[2025-11-09T22:27:53.021+0000] {logging_mixin.py:190} INFO - [2025-11-09T22:27:53.021+0000] {dag.py:3239} INFO - Sync 2 DAGs
[2025-11-09T22:27:53.047+0000] {logging_mixin.py:190} INFO - [2025-11-09T22:27:53.047+0000] {dag.py:4180} INFO - Setting next_dagrun for example_xcom_args to None, run_after=None
[2025-11-09T22:27:53.059+0000] {logging_mixin.py:190} INFO - [2025-11-09T22:27:53.058+0000] {dag.py:4180} INFO - Setting next_dagrun for example_xcom_args_with_operators to None, run_after=None
[2025-11-09T22:27:53.092+0000] {processor.py:208} INFO - Processing /home/airflow/.local/lib/python3.12/site-packages/airflow/example_dags/example_xcomargs.py took 0.155 seconds
[2025-11-09T22:28:23.977+0000] {processor.py:186} INFO - Started process (PID=10094) to work on /home/airflow/.local/lib/python3.12/site-packages/airflow/example_dags/example_xcomargs.py
[2025-11-09T22:28:23.979+0000] {processor.py:914} INFO - Processing file /home/airflow/.local/lib/python3.12/site-packages/airflow/example_dags/example_xcomargs.py for tasks to queue
[2025-11-09T22:28:23.983+0000] {logging_mixin.py:190} INFO - [2025-11-09T22:28:23.983+0000] {dagbag.py:588} INFO - Filling up the DagBag from /home/airflow/.local/lib/python3.12/site-packages/airflow/example_dags/example_xcomargs.py
[2025-11-09T22:28:24.003+0000] {processor.py:925} INFO - DAG(s) 'example_xcom_args', 'example_xcom_args_with_operators' retrieved from /home/airflow/.local/lib/python3.12/site-packages/airflow/example_dags/example_xcomargs.py
[2025-11-09T22:28:24.044+0000] {logging_mixin.py:190} INFO - [2025-11-09T22:28:24.044+0000] {dag.py:3239} INFO - Sync 2 DAGs
[2025-11-09T22:28:24.068+0000] {logging_mixin.py:190} INFO - [2025-11-09T22:28:24.068+0000] {dag.py:4180} INFO - Setting next_dagrun for example_xcom_args to None, run_after=None
[2025-11-09T22:28:24.074+0000] {logging_mixin.py:190} INFO - [2025-11-09T22:28:24.074+0000] {dag.py:4180} INFO - Setting next_dagrun for example_xcom_args_with_operators to None, run_after=None
[2025-11-09T22:28:24.102+0000] {processor.py:208} INFO - Processing /home/airflow/.local/lib/python3.12/site-packages/airflow/example_dags/example_xcomargs.py took 0.134 seconds
[2025-11-09T22:28:54.387+0000] {processor.py:186} INFO - Started process (PID=10158) to work on /home/airflow/.local/lib/python3.12/site-packages/airflow/example_dags/example_xcomargs.py
[2025-11-09T22:28:54.389+0000] {processor.py:914} INFO - Processing file /home/airflow/.local/lib/python3.12/site-packages/airflow/example_dags/example_xcomargs.py for tasks to queue
[2025-11-09T22:28:54.395+0000] {logging_mixin.py:190} INFO - [2025-11-09T22:28:54.395+0000] {dagbag.py:588} INFO - Filling up the DagBag from /home/airflow/.local/lib/python3.12/site-packages/airflow/example_dags/example_xcomargs.py
[2025-11-09T22:28:54.412+0000] {processor.py:925} INFO - DAG(s) 'example_xcom_args', 'example_xcom_args_with_operators' retrieved from /home/airflow/.local/lib/python3.12/site-packages/airflow/example_dags/example_xcomargs.py
[2025-11-09T22:28:54.455+0000] {logging_mixin.py:190} INFO - [2025-11-09T22:28:54.454+0000] {dag.py:3239} INFO - Sync 2 DAGs
[2025-11-09T22:28:54.481+0000] {logging_mixin.py:190} INFO - [2025-11-09T22:28:54.480+0000] {dag.py:4180} INFO - Setting next_dagrun for example_xcom_args to None, run_after=None
[2025-11-09T22:28:54.487+0000] {logging_mixin.py:190} INFO - [2025-11-09T22:28:54.487+0000] {dag.py:4180} INFO - Setting next_dagrun for example_xcom_args_with_operators to None, run_after=None
[2025-11-09T22:28:54.515+0000] {processor.py:208} INFO - Processing /home/airflow/.local/lib/python3.12/site-packages/airflow/example_dags/example_xcomargs.py took 0.137 seconds
[2025-11-09T22:29:25.074+0000] {processor.py:186} INFO - Started process (PID=10222) to work on /home/airflow/.local/lib/python3.12/site-packages/airflow/example_dags/example_xcomargs.py
[2025-11-09T22:29:25.076+0000] {processor.py:914} INFO - Processing file /home/airflow/.local/lib/python3.12/site-packages/airflow/example_dags/example_xcomargs.py for tasks to queue
[2025-11-09T22:29:25.082+0000] {logging_mixin.py:190} INFO - [2025-11-09T22:29:25.081+0000] {dagbag.py:588} INFO - Filling up the DagBag from /home/airflow/.local/lib/python3.12/site-packages/airflow/example_dags/example_xcomargs.py
[2025-11-09T22:29:25.099+0000] {processor.py:925} INFO - DAG(s) 'example_xcom_args', 'example_xcom_args_with_operators' retrieved from /home/airflow/.local/lib/python3.12/site-packages/airflow/example_dags/example_xcomargs.py
[2025-11-09T22:29:25.144+0000] {logging_mixin.py:190} INFO - [2025-11-09T22:29:25.144+0000] {dag.py:3239} INFO - Sync 2 DAGs
[2025-11-09T22:29:25.169+0000] {logging_mixin.py:190} INFO - [2025-11-09T22:29:25.169+0000] {dag.py:4180} INFO - Setting next_dagrun for example_xcom_args to None, run_after=None
[2025-11-09T22:29:25.176+0000] {logging_mixin.py:190} INFO - [2025-11-09T22:29:25.176+0000] {dag.py:4180} INFO - Setting next_dagrun for example_xcom_args_with_operators to None, run_after=None
[2025-11-09T22:29:25.206+0000] {processor.py:208} INFO - Processing /home/airflow/.local/lib/python3.12/site-packages/airflow/example_dags/example_xcomargs.py took 0.142 seconds
[2025-11-09T22:29:55.430+0000] {processor.py:186} INFO - Started process (PID=10287) to work on /home/airflow/.local/lib/python3.12/site-packages/airflow/example_dags/example_xcomargs.py
[2025-11-09T22:29:55.432+0000] {processor.py:914} INFO - Processing file /home/airflow/.local/lib/python3.12/site-packages/airflow/example_dags/example_xcomargs.py for tasks to queue
[2025-11-09T22:29:55.439+0000] {logging_mixin.py:190} INFO - [2025-11-09T22:29:55.438+0000] {dagbag.py:588} INFO - Filling up the DagBag from /home/airflow/.local/lib/python3.12/site-packages/airflow/example_dags/example_xcomargs.py
[2025-11-09T22:29:55.470+0000] {processor.py:925} INFO - DAG(s) 'example_xcom_args_with_operators', 'example_xcom_args' retrieved from /home/airflow/.local/lib/python3.12/site-packages/airflow/example_dags/example_xcomargs.py
[2025-11-09T22:29:55.531+0000] {logging_mixin.py:190} INFO - [2025-11-09T22:29:55.531+0000] {dag.py:3239} INFO - Sync 2 DAGs
[2025-11-09T22:29:55.564+0000] {logging_mixin.py:190} INFO - [2025-11-09T22:29:55.563+0000] {dag.py:4180} INFO - Setting next_dagrun for example_xcom_args to None, run_after=None
[2025-11-09T22:29:55.573+0000] {logging_mixin.py:190} INFO - [2025-11-09T22:29:55.572+0000] {dag.py:4180} INFO - Setting next_dagrun for example_xcom_args_with_operators to None, run_after=None
[2025-11-09T22:29:55.607+0000] {processor.py:208} INFO - Processing /home/airflow/.local/lib/python3.12/site-packages/airflow/example_dags/example_xcomargs.py took 0.189 seconds
