[2025-11-09T20:27:47.758+0000] {processor.py:186} INFO - Started process (PID=90) to work on /home/airflow/.local/lib/python3.12/site-packages/airflow/example_dags/example_dynamic_task_mapping_with_no_taskflow_operators.py
[2025-11-09T20:27:47.760+0000] {processor.py:914} INFO - Processing file /home/airflow/.local/lib/python3.12/site-packages/airflow/example_dags/example_dynamic_task_mapping_with_no_taskflow_operators.py for tasks to queue
[2025-11-09T20:27:47.765+0000] {logging_mixin.py:190} INFO - [2025-11-09T20:27:47.765+0000] {dagbag.py:588} INFO - Filling up the DagBag from /home/airflow/.local/lib/python3.12/site-packages/airflow/example_dags/example_dynamic_task_mapping_with_no_taskflow_operators.py
[2025-11-09T20:27:47.783+0000] {processor.py:925} INFO - DAG(s) 'example_dynamic_task_mapping_with_no_taskflow_operators' retrieved from /home/airflow/.local/lib/python3.12/site-packages/airflow/example_dags/example_dynamic_task_mapping_with_no_taskflow_operators.py
[2025-11-09T20:27:48.013+0000] {logging_mixin.py:190} INFO - [2025-11-09T20:27:48.012+0000] {override.py:1911} INFO - Created Permission View: can edit on DAG:example_dynamic_task_mapping_with_no_taskflow_operators
[2025-11-09T20:27:48.034+0000] {logging_mixin.py:190} INFO - [2025-11-09T20:27:48.033+0000] {override.py:1911} INFO - Created Permission View: can read on DAG:example_dynamic_task_mapping_with_no_taskflow_operators
[2025-11-09T20:27:48.049+0000] {logging_mixin.py:190} INFO - [2025-11-09T20:27:48.049+0000] {override.py:1911} INFO - Created Permission View: can delete on DAG:example_dynamic_task_mapping_with_no_taskflow_operators
[2025-11-09T20:27:48.066+0000] {logging_mixin.py:190} INFO - [2025-11-09T20:27:48.065+0000] {override.py:1911} INFO - Created Permission View: can read on DAG Run:example_dynamic_task_mapping_with_no_taskflow_operators
[2025-11-09T20:27:48.082+0000] {logging_mixin.py:190} INFO - [2025-11-09T20:27:48.082+0000] {override.py:1911} INFO - Created Permission View: can create on DAG Run:example_dynamic_task_mapping_with_no_taskflow_operators
[2025-11-09T20:27:48.097+0000] {logging_mixin.py:190} INFO - [2025-11-09T20:27:48.096+0000] {override.py:1911} INFO - Created Permission View: menu access on DAG Run:example_dynamic_task_mapping_with_no_taskflow_operators
[2025-11-09T20:27:48.112+0000] {logging_mixin.py:190} INFO - [2025-11-09T20:27:48.111+0000] {override.py:1911} INFO - Created Permission View: can delete on DAG Run:example_dynamic_task_mapping_with_no_taskflow_operators
[2025-11-09T20:27:48.113+0000] {logging_mixin.py:190} INFO - [2025-11-09T20:27:48.113+0000] {dag.py:3239} INFO - Sync 1 DAGs
[2025-11-09T20:27:48.136+0000] {logging_mixin.py:190} INFO - [2025-11-09T20:27:48.135+0000] {dag.py:3262} INFO - Creating ORM DAG for example_dynamic_task_mapping_with_no_taskflow_operators
[2025-11-09T20:27:48.138+0000] {logging_mixin.py:190} INFO - [2025-11-09T20:27:48.137+0000] {dag.py:4180} INFO - Setting next_dagrun for example_dynamic_task_mapping_with_no_taskflow_operators to None, run_after=None
[2025-11-09T20:27:48.184+0000] {processor.py:208} INFO - Processing /home/airflow/.local/lib/python3.12/site-packages/airflow/example_dags/example_dynamic_task_mapping_with_no_taskflow_operators.py took 0.437 seconds
[2025-11-09T20:28:18.368+0000] {processor.py:186} INFO - Started process (PID=153) to work on /home/airflow/.local/lib/python3.12/site-packages/airflow/example_dags/example_dynamic_task_mapping_with_no_taskflow_operators.py
[2025-11-09T20:28:18.371+0000] {processor.py:914} INFO - Processing file /home/airflow/.local/lib/python3.12/site-packages/airflow/example_dags/example_dynamic_task_mapping_with_no_taskflow_operators.py for tasks to queue
[2025-11-09T20:28:18.377+0000] {logging_mixin.py:190} INFO - [2025-11-09T20:28:18.376+0000] {dagbag.py:588} INFO - Filling up the DagBag from /home/airflow/.local/lib/python3.12/site-packages/airflow/example_dags/example_dynamic_task_mapping_with_no_taskflow_operators.py
[2025-11-09T20:28:18.398+0000] {processor.py:925} INFO - DAG(s) 'example_dynamic_task_mapping_with_no_taskflow_operators' retrieved from /home/airflow/.local/lib/python3.12/site-packages/airflow/example_dags/example_dynamic_task_mapping_with_no_taskflow_operators.py
[2025-11-09T20:28:18.448+0000] {logging_mixin.py:190} INFO - [2025-11-09T20:28:18.447+0000] {dag.py:3239} INFO - Sync 1 DAGs
[2025-11-09T20:28:18.483+0000] {logging_mixin.py:190} INFO - [2025-11-09T20:28:18.483+0000] {dag.py:4180} INFO - Setting next_dagrun for example_dynamic_task_mapping_with_no_taskflow_operators to None, run_after=None
[2025-11-09T20:28:18.525+0000] {processor.py:208} INFO - Processing /home/airflow/.local/lib/python3.12/site-packages/airflow/example_dags/example_dynamic_task_mapping_with_no_taskflow_operators.py took 0.174 seconds
[2025-11-09T20:28:48.627+0000] {processor.py:186} INFO - Started process (PID=216) to work on /home/airflow/.local/lib/python3.12/site-packages/airflow/example_dags/example_dynamic_task_mapping_with_no_taskflow_operators.py
[2025-11-09T20:28:48.629+0000] {processor.py:914} INFO - Processing file /home/airflow/.local/lib/python3.12/site-packages/airflow/example_dags/example_dynamic_task_mapping_with_no_taskflow_operators.py for tasks to queue
[2025-11-09T20:28:48.634+0000] {logging_mixin.py:190} INFO - [2025-11-09T20:28:48.634+0000] {dagbag.py:588} INFO - Filling up the DagBag from /home/airflow/.local/lib/python3.12/site-packages/airflow/example_dags/example_dynamic_task_mapping_with_no_taskflow_operators.py
[2025-11-09T20:28:48.651+0000] {processor.py:925} INFO - DAG(s) 'example_dynamic_task_mapping_with_no_taskflow_operators' retrieved from /home/airflow/.local/lib/python3.12/site-packages/airflow/example_dags/example_dynamic_task_mapping_with_no_taskflow_operators.py
[2025-11-09T20:28:48.691+0000] {logging_mixin.py:190} INFO - [2025-11-09T20:28:48.690+0000] {dag.py:3239} INFO - Sync 1 DAGs
[2025-11-09T20:28:48.717+0000] {logging_mixin.py:190} INFO - [2025-11-09T20:28:48.717+0000] {dag.py:4180} INFO - Setting next_dagrun for example_dynamic_task_mapping_with_no_taskflow_operators to None, run_after=None
[2025-11-09T20:28:48.751+0000] {processor.py:208} INFO - Processing /home/airflow/.local/lib/python3.12/site-packages/airflow/example_dags/example_dynamic_task_mapping_with_no_taskflow_operators.py took 0.134 seconds
[2025-11-09T20:29:19.557+0000] {processor.py:186} INFO - Started process (PID=277) to work on /home/airflow/.local/lib/python3.12/site-packages/airflow/example_dags/example_dynamic_task_mapping_with_no_taskflow_operators.py
[2025-11-09T20:29:19.559+0000] {processor.py:914} INFO - Processing file /home/airflow/.local/lib/python3.12/site-packages/airflow/example_dags/example_dynamic_task_mapping_with_no_taskflow_operators.py for tasks to queue
[2025-11-09T20:29:19.564+0000] {logging_mixin.py:190} INFO - [2025-11-09T20:29:19.563+0000] {dagbag.py:588} INFO - Filling up the DagBag from /home/airflow/.local/lib/python3.12/site-packages/airflow/example_dags/example_dynamic_task_mapping_with_no_taskflow_operators.py
[2025-11-09T20:29:19.579+0000] {processor.py:925} INFO - DAG(s) 'example_dynamic_task_mapping_with_no_taskflow_operators' retrieved from /home/airflow/.local/lib/python3.12/site-packages/airflow/example_dags/example_dynamic_task_mapping_with_no_taskflow_operators.py
[2025-11-09T20:29:19.618+0000] {logging_mixin.py:190} INFO - [2025-11-09T20:29:19.618+0000] {dag.py:3239} INFO - Sync 1 DAGs
[2025-11-09T20:29:19.643+0000] {logging_mixin.py:190} INFO - [2025-11-09T20:29:19.642+0000] {dag.py:4180} INFO - Setting next_dagrun for example_dynamic_task_mapping_with_no_taskflow_operators to None, run_after=None
[2025-11-09T20:29:19.678+0000] {processor.py:208} INFO - Processing /home/airflow/.local/lib/python3.12/site-packages/airflow/example_dags/example_dynamic_task_mapping_with_no_taskflow_operators.py took 0.133 seconds
[2025-11-09T20:29:50.310+0000] {processor.py:186} INFO - Started process (PID=340) to work on /home/airflow/.local/lib/python3.12/site-packages/airflow/example_dags/example_dynamic_task_mapping_with_no_taskflow_operators.py
[2025-11-09T20:29:50.313+0000] {processor.py:914} INFO - Processing file /home/airflow/.local/lib/python3.12/site-packages/airflow/example_dags/example_dynamic_task_mapping_with_no_taskflow_operators.py for tasks to queue
[2025-11-09T20:29:50.321+0000] {logging_mixin.py:190} INFO - [2025-11-09T20:29:50.320+0000] {dagbag.py:588} INFO - Filling up the DagBag from /home/airflow/.local/lib/python3.12/site-packages/airflow/example_dags/example_dynamic_task_mapping_with_no_taskflow_operators.py
[2025-11-09T20:29:50.349+0000] {processor.py:925} INFO - DAG(s) 'example_dynamic_task_mapping_with_no_taskflow_operators' retrieved from /home/airflow/.local/lib/python3.12/site-packages/airflow/example_dags/example_dynamic_task_mapping_with_no_taskflow_operators.py
[2025-11-09T20:29:50.401+0000] {logging_mixin.py:190} INFO - [2025-11-09T20:29:50.400+0000] {dag.py:3239} INFO - Sync 1 DAGs
[2025-11-09T20:29:50.439+0000] {logging_mixin.py:190} INFO - [2025-11-09T20:29:50.438+0000] {dag.py:4180} INFO - Setting next_dagrun for example_dynamic_task_mapping_with_no_taskflow_operators to None, run_after=None
[2025-11-09T20:29:50.482+0000] {processor.py:208} INFO - Processing /home/airflow/.local/lib/python3.12/site-packages/airflow/example_dags/example_dynamic_task_mapping_with_no_taskflow_operators.py took 0.192 seconds
[2025-11-09T20:30:21.436+0000] {processor.py:186} INFO - Started process (PID=403) to work on /home/airflow/.local/lib/python3.12/site-packages/airflow/example_dags/example_dynamic_task_mapping_with_no_taskflow_operators.py
[2025-11-09T20:30:21.438+0000] {processor.py:914} INFO - Processing file /home/airflow/.local/lib/python3.12/site-packages/airflow/example_dags/example_dynamic_task_mapping_with_no_taskflow_operators.py for tasks to queue
[2025-11-09T20:30:21.444+0000] {logging_mixin.py:190} INFO - [2025-11-09T20:30:21.443+0000] {dagbag.py:588} INFO - Filling up the DagBag from /home/airflow/.local/lib/python3.12/site-packages/airflow/example_dags/example_dynamic_task_mapping_with_no_taskflow_operators.py
[2025-11-09T20:30:21.464+0000] {processor.py:925} INFO - DAG(s) 'example_dynamic_task_mapping_with_no_taskflow_operators' retrieved from /home/airflow/.local/lib/python3.12/site-packages/airflow/example_dags/example_dynamic_task_mapping_with_no_taskflow_operators.py
[2025-11-09T20:30:21.514+0000] {logging_mixin.py:190} INFO - [2025-11-09T20:30:21.513+0000] {dag.py:3239} INFO - Sync 1 DAGs
[2025-11-09T20:30:21.549+0000] {logging_mixin.py:190} INFO - [2025-11-09T20:30:21.549+0000] {dag.py:4180} INFO - Setting next_dagrun for example_dynamic_task_mapping_with_no_taskflow_operators to None, run_after=None
[2025-11-09T20:30:21.586+0000] {processor.py:208} INFO - Processing /home/airflow/.local/lib/python3.12/site-packages/airflow/example_dags/example_dynamic_task_mapping_with_no_taskflow_operators.py took 0.164 seconds
[2025-11-09T20:30:51.917+0000] {processor.py:186} INFO - Started process (PID=467) to work on /home/airflow/.local/lib/python3.12/site-packages/airflow/example_dags/example_dynamic_task_mapping_with_no_taskflow_operators.py
[2025-11-09T20:30:51.919+0000] {processor.py:914} INFO - Processing file /home/airflow/.local/lib/python3.12/site-packages/airflow/example_dags/example_dynamic_task_mapping_with_no_taskflow_operators.py for tasks to queue
[2025-11-09T20:30:51.923+0000] {logging_mixin.py:190} INFO - [2025-11-09T20:30:51.923+0000] {dagbag.py:588} INFO - Filling up the DagBag from /home/airflow/.local/lib/python3.12/site-packages/airflow/example_dags/example_dynamic_task_mapping_with_no_taskflow_operators.py
[2025-11-09T20:30:51.946+0000] {processor.py:925} INFO - DAG(s) 'example_dynamic_task_mapping_with_no_taskflow_operators' retrieved from /home/airflow/.local/lib/python3.12/site-packages/airflow/example_dags/example_dynamic_task_mapping_with_no_taskflow_operators.py
[2025-11-09T20:30:51.991+0000] {logging_mixin.py:190} INFO - [2025-11-09T20:30:51.990+0000] {dag.py:3239} INFO - Sync 1 DAGs
[2025-11-09T20:30:52.022+0000] {logging_mixin.py:190} INFO - [2025-11-09T20:30:52.022+0000] {dag.py:4180} INFO - Setting next_dagrun for example_dynamic_task_mapping_with_no_taskflow_operators to None, run_after=None
[2025-11-09T20:30:52.072+0000] {processor.py:208} INFO - Processing /home/airflow/.local/lib/python3.12/site-packages/airflow/example_dags/example_dynamic_task_mapping_with_no_taskflow_operators.py took 0.172 seconds
[2025-11-09T20:31:22.826+0000] {processor.py:186} INFO - Started process (PID=530) to work on /home/airflow/.local/lib/python3.12/site-packages/airflow/example_dags/example_dynamic_task_mapping_with_no_taskflow_operators.py
[2025-11-09T20:31:22.828+0000] {processor.py:914} INFO - Processing file /home/airflow/.local/lib/python3.12/site-packages/airflow/example_dags/example_dynamic_task_mapping_with_no_taskflow_operators.py for tasks to queue
[2025-11-09T20:31:22.833+0000] {logging_mixin.py:190} INFO - [2025-11-09T20:31:22.833+0000] {dagbag.py:588} INFO - Filling up the DagBag from /home/airflow/.local/lib/python3.12/site-packages/airflow/example_dags/example_dynamic_task_mapping_with_no_taskflow_operators.py
[2025-11-09T20:31:22.853+0000] {processor.py:925} INFO - DAG(s) 'example_dynamic_task_mapping_with_no_taskflow_operators' retrieved from /home/airflow/.local/lib/python3.12/site-packages/airflow/example_dags/example_dynamic_task_mapping_with_no_taskflow_operators.py
[2025-11-09T20:31:22.888+0000] {logging_mixin.py:190} INFO - [2025-11-09T20:31:22.887+0000] {dag.py:3239} INFO - Sync 1 DAGs
[2025-11-09T20:31:22.917+0000] {logging_mixin.py:190} INFO - [2025-11-09T20:31:22.917+0000] {dag.py:4180} INFO - Setting next_dagrun for example_dynamic_task_mapping_with_no_taskflow_operators to None, run_after=None
[2025-11-09T20:31:22.950+0000] {processor.py:208} INFO - Processing /home/airflow/.local/lib/python3.12/site-packages/airflow/example_dags/example_dynamic_task_mapping_with_no_taskflow_operators.py took 0.136 seconds
[2025-11-09T20:31:53.351+0000] {processor.py:186} INFO - Started process (PID=593) to work on /home/airflow/.local/lib/python3.12/site-packages/airflow/example_dags/example_dynamic_task_mapping_with_no_taskflow_operators.py
[2025-11-09T20:31:53.353+0000] {processor.py:914} INFO - Processing file /home/airflow/.local/lib/python3.12/site-packages/airflow/example_dags/example_dynamic_task_mapping_with_no_taskflow_operators.py for tasks to queue
[2025-11-09T20:31:53.359+0000] {logging_mixin.py:190} INFO - [2025-11-09T20:31:53.358+0000] {dagbag.py:588} INFO - Filling up the DagBag from /home/airflow/.local/lib/python3.12/site-packages/airflow/example_dags/example_dynamic_task_mapping_with_no_taskflow_operators.py
[2025-11-09T20:31:53.374+0000] {processor.py:925} INFO - DAG(s) 'example_dynamic_task_mapping_with_no_taskflow_operators' retrieved from /home/airflow/.local/lib/python3.12/site-packages/airflow/example_dags/example_dynamic_task_mapping_with_no_taskflow_operators.py
[2025-11-09T20:31:53.410+0000] {logging_mixin.py:190} INFO - [2025-11-09T20:31:53.410+0000] {dag.py:3239} INFO - Sync 1 DAGs
[2025-11-09T20:31:53.437+0000] {logging_mixin.py:190} INFO - [2025-11-09T20:31:53.436+0000] {dag.py:4180} INFO - Setting next_dagrun for example_dynamic_task_mapping_with_no_taskflow_operators to None, run_after=None
[2025-11-09T20:31:53.467+0000] {processor.py:208} INFO - Processing /home/airflow/.local/lib/python3.12/site-packages/airflow/example_dags/example_dynamic_task_mapping_with_no_taskflow_operators.py took 0.126 seconds
[2025-11-09T20:32:23.588+0000] {processor.py:186} INFO - Started process (PID=656) to work on /home/airflow/.local/lib/python3.12/site-packages/airflow/example_dags/example_dynamic_task_mapping_with_no_taskflow_operators.py
[2025-11-09T20:32:23.591+0000] {processor.py:914} INFO - Processing file /home/airflow/.local/lib/python3.12/site-packages/airflow/example_dags/example_dynamic_task_mapping_with_no_taskflow_operators.py for tasks to queue
[2025-11-09T20:32:23.597+0000] {logging_mixin.py:190} INFO - [2025-11-09T20:32:23.596+0000] {dagbag.py:588} INFO - Filling up the DagBag from /home/airflow/.local/lib/python3.12/site-packages/airflow/example_dags/example_dynamic_task_mapping_with_no_taskflow_operators.py
[2025-11-09T20:32:23.612+0000] {processor.py:925} INFO - DAG(s) 'example_dynamic_task_mapping_with_no_taskflow_operators' retrieved from /home/airflow/.local/lib/python3.12/site-packages/airflow/example_dags/example_dynamic_task_mapping_with_no_taskflow_operators.py
[2025-11-09T20:32:23.650+0000] {logging_mixin.py:190} INFO - [2025-11-09T20:32:23.649+0000] {dag.py:3239} INFO - Sync 1 DAGs
[2025-11-09T20:32:23.684+0000] {logging_mixin.py:190} INFO - [2025-11-09T20:32:23.684+0000] {dag.py:4180} INFO - Setting next_dagrun for example_dynamic_task_mapping_with_no_taskflow_operators to None, run_after=None
[2025-11-09T20:32:23.717+0000] {processor.py:208} INFO - Processing /home/airflow/.local/lib/python3.12/site-packages/airflow/example_dags/example_dynamic_task_mapping_with_no_taskflow_operators.py took 0.141 seconds
[2025-11-09T20:32:53.887+0000] {processor.py:186} INFO - Started process (PID=719) to work on /home/airflow/.local/lib/python3.12/site-packages/airflow/example_dags/example_dynamic_task_mapping_with_no_taskflow_operators.py
[2025-11-09T20:32:53.889+0000] {processor.py:914} INFO - Processing file /home/airflow/.local/lib/python3.12/site-packages/airflow/example_dags/example_dynamic_task_mapping_with_no_taskflow_operators.py for tasks to queue
[2025-11-09T20:32:53.893+0000] {logging_mixin.py:190} INFO - [2025-11-09T20:32:53.893+0000] {dagbag.py:588} INFO - Filling up the DagBag from /home/airflow/.local/lib/python3.12/site-packages/airflow/example_dags/example_dynamic_task_mapping_with_no_taskflow_operators.py
[2025-11-09T20:32:53.911+0000] {processor.py:925} INFO - DAG(s) 'example_dynamic_task_mapping_with_no_taskflow_operators' retrieved from /home/airflow/.local/lib/python3.12/site-packages/airflow/example_dags/example_dynamic_task_mapping_with_no_taskflow_operators.py
[2025-11-09T20:32:53.948+0000] {logging_mixin.py:190} INFO - [2025-11-09T20:32:53.948+0000] {dag.py:3239} INFO - Sync 1 DAGs
[2025-11-09T20:32:53.977+0000] {logging_mixin.py:190} INFO - [2025-11-09T20:32:53.977+0000] {dag.py:4180} INFO - Setting next_dagrun for example_dynamic_task_mapping_with_no_taskflow_operators to None, run_after=None
[2025-11-09T20:32:54.012+0000] {processor.py:208} INFO - Processing /home/airflow/.local/lib/python3.12/site-packages/airflow/example_dags/example_dynamic_task_mapping_with_no_taskflow_operators.py took 0.136 seconds
[2025-11-09T20:33:24.215+0000] {processor.py:186} INFO - Started process (PID=783) to work on /home/airflow/.local/lib/python3.12/site-packages/airflow/example_dags/example_dynamic_task_mapping_with_no_taskflow_operators.py
[2025-11-09T20:33:24.217+0000] {processor.py:914} INFO - Processing file /home/airflow/.local/lib/python3.12/site-packages/airflow/example_dags/example_dynamic_task_mapping_with_no_taskflow_operators.py for tasks to queue
[2025-11-09T20:33:24.223+0000] {logging_mixin.py:190} INFO - [2025-11-09T20:33:24.222+0000] {dagbag.py:588} INFO - Filling up the DagBag from /home/airflow/.local/lib/python3.12/site-packages/airflow/example_dags/example_dynamic_task_mapping_with_no_taskflow_operators.py
[2025-11-09T20:33:24.238+0000] {processor.py:925} INFO - DAG(s) 'example_dynamic_task_mapping_with_no_taskflow_operators' retrieved from /home/airflow/.local/lib/python3.12/site-packages/airflow/example_dags/example_dynamic_task_mapping_with_no_taskflow_operators.py
[2025-11-09T20:33:24.274+0000] {logging_mixin.py:190} INFO - [2025-11-09T20:33:24.273+0000] {dag.py:3239} INFO - Sync 1 DAGs
[2025-11-09T20:33:24.295+0000] {logging_mixin.py:190} INFO - [2025-11-09T20:33:24.295+0000] {dag.py:4180} INFO - Setting next_dagrun for example_dynamic_task_mapping_with_no_taskflow_operators to None, run_after=None
[2025-11-09T20:33:24.322+0000] {processor.py:208} INFO - Processing /home/airflow/.local/lib/python3.12/site-packages/airflow/example_dags/example_dynamic_task_mapping_with_no_taskflow_operators.py took 0.123 seconds
[2025-11-09T20:33:55.010+0000] {processor.py:186} INFO - Started process (PID=845) to work on /home/airflow/.local/lib/python3.12/site-packages/airflow/example_dags/example_dynamic_task_mapping_with_no_taskflow_operators.py
[2025-11-09T20:33:55.011+0000] {processor.py:914} INFO - Processing file /home/airflow/.local/lib/python3.12/site-packages/airflow/example_dags/example_dynamic_task_mapping_with_no_taskflow_operators.py for tasks to queue
[2025-11-09T20:33:55.017+0000] {logging_mixin.py:190} INFO - [2025-11-09T20:33:55.016+0000] {dagbag.py:588} INFO - Filling up the DagBag from /home/airflow/.local/lib/python3.12/site-packages/airflow/example_dags/example_dynamic_task_mapping_with_no_taskflow_operators.py
[2025-11-09T20:33:55.032+0000] {processor.py:925} INFO - DAG(s) 'example_dynamic_task_mapping_with_no_taskflow_operators' retrieved from /home/airflow/.local/lib/python3.12/site-packages/airflow/example_dags/example_dynamic_task_mapping_with_no_taskflow_operators.py
[2025-11-09T20:33:55.075+0000] {logging_mixin.py:190} INFO - [2025-11-09T20:33:55.074+0000] {dag.py:3239} INFO - Sync 1 DAGs
[2025-11-09T20:33:55.099+0000] {logging_mixin.py:190} INFO - [2025-11-09T20:33:55.099+0000] {dag.py:4180} INFO - Setting next_dagrun for example_dynamic_task_mapping_with_no_taskflow_operators to None, run_after=None
[2025-11-09T20:33:55.133+0000] {processor.py:208} INFO - Processing /home/airflow/.local/lib/python3.12/site-packages/airflow/example_dags/example_dynamic_task_mapping_with_no_taskflow_operators.py took 0.134 seconds
[2025-11-09T20:34:25.991+0000] {processor.py:186} INFO - Started process (PID=908) to work on /home/airflow/.local/lib/python3.12/site-packages/airflow/example_dags/example_dynamic_task_mapping_with_no_taskflow_operators.py
[2025-11-09T20:34:25.993+0000] {processor.py:914} INFO - Processing file /home/airflow/.local/lib/python3.12/site-packages/airflow/example_dags/example_dynamic_task_mapping_with_no_taskflow_operators.py for tasks to queue
[2025-11-09T20:34:25.998+0000] {logging_mixin.py:190} INFO - [2025-11-09T20:34:25.997+0000] {dagbag.py:588} INFO - Filling up the DagBag from /home/airflow/.local/lib/python3.12/site-packages/airflow/example_dags/example_dynamic_task_mapping_with_no_taskflow_operators.py
[2025-11-09T20:34:26.021+0000] {processor.py:925} INFO - DAG(s) 'example_dynamic_task_mapping_with_no_taskflow_operators' retrieved from /home/airflow/.local/lib/python3.12/site-packages/airflow/example_dags/example_dynamic_task_mapping_with_no_taskflow_operators.py
[2025-11-09T20:34:26.069+0000] {logging_mixin.py:190} INFO - [2025-11-09T20:34:26.069+0000] {dag.py:3239} INFO - Sync 1 DAGs
[2025-11-09T20:34:26.107+0000] {logging_mixin.py:190} INFO - [2025-11-09T20:34:26.107+0000] {dag.py:4180} INFO - Setting next_dagrun for example_dynamic_task_mapping_with_no_taskflow_operators to None, run_after=None
[2025-11-09T20:34:26.151+0000] {processor.py:208} INFO - Processing /home/airflow/.local/lib/python3.12/site-packages/airflow/example_dags/example_dynamic_task_mapping_with_no_taskflow_operators.py took 0.171 seconds
[2025-11-09T20:34:56.694+0000] {processor.py:186} INFO - Started process (PID=971) to work on /home/airflow/.local/lib/python3.12/site-packages/airflow/example_dags/example_dynamic_task_mapping_with_no_taskflow_operators.py
[2025-11-09T20:34:56.696+0000] {processor.py:914} INFO - Processing file /home/airflow/.local/lib/python3.12/site-packages/airflow/example_dags/example_dynamic_task_mapping_with_no_taskflow_operators.py for tasks to queue
[2025-11-09T20:34:56.701+0000] {logging_mixin.py:190} INFO - [2025-11-09T20:34:56.701+0000] {dagbag.py:588} INFO - Filling up the DagBag from /home/airflow/.local/lib/python3.12/site-packages/airflow/example_dags/example_dynamic_task_mapping_with_no_taskflow_operators.py
[2025-11-09T20:34:56.721+0000] {processor.py:925} INFO - DAG(s) 'example_dynamic_task_mapping_with_no_taskflow_operators' retrieved from /home/airflow/.local/lib/python3.12/site-packages/airflow/example_dags/example_dynamic_task_mapping_with_no_taskflow_operators.py
[2025-11-09T20:34:56.763+0000] {logging_mixin.py:190} INFO - [2025-11-09T20:34:56.763+0000] {dag.py:3239} INFO - Sync 1 DAGs
[2025-11-09T20:34:56.792+0000] {logging_mixin.py:190} INFO - [2025-11-09T20:34:56.791+0000] {dag.py:4180} INFO - Setting next_dagrun for example_dynamic_task_mapping_with_no_taskflow_operators to None, run_after=None
[2025-11-09T20:34:56.826+0000] {processor.py:208} INFO - Processing /home/airflow/.local/lib/python3.12/site-packages/airflow/example_dags/example_dynamic_task_mapping_with_no_taskflow_operators.py took 0.142 seconds
[2025-11-09T20:35:26.950+0000] {processor.py:186} INFO - Started process (PID=1035) to work on /home/airflow/.local/lib/python3.12/site-packages/airflow/example_dags/example_dynamic_task_mapping_with_no_taskflow_operators.py
[2025-11-09T20:35:26.952+0000] {processor.py:914} INFO - Processing file /home/airflow/.local/lib/python3.12/site-packages/airflow/example_dags/example_dynamic_task_mapping_with_no_taskflow_operators.py for tasks to queue
[2025-11-09T20:35:26.956+0000] {logging_mixin.py:190} INFO - [2025-11-09T20:35:26.955+0000] {dagbag.py:588} INFO - Filling up the DagBag from /home/airflow/.local/lib/python3.12/site-packages/airflow/example_dags/example_dynamic_task_mapping_with_no_taskflow_operators.py
[2025-11-09T20:35:26.968+0000] {processor.py:925} INFO - DAG(s) 'example_dynamic_task_mapping_with_no_taskflow_operators' retrieved from /home/airflow/.local/lib/python3.12/site-packages/airflow/example_dags/example_dynamic_task_mapping_with_no_taskflow_operators.py
[2025-11-09T20:35:27.005+0000] {logging_mixin.py:190} INFO - [2025-11-09T20:35:27.005+0000] {dag.py:3239} INFO - Sync 1 DAGs
[2025-11-09T20:35:27.029+0000] {logging_mixin.py:190} INFO - [2025-11-09T20:35:27.029+0000] {dag.py:4180} INFO - Setting next_dagrun for example_dynamic_task_mapping_with_no_taskflow_operators to None, run_after=None
[2025-11-09T20:35:27.066+0000] {processor.py:208} INFO - Processing /home/airflow/.local/lib/python3.12/site-packages/airflow/example_dags/example_dynamic_task_mapping_with_no_taskflow_operators.py took 0.127 seconds
[2025-11-09T20:35:57.729+0000] {processor.py:186} INFO - Started process (PID=1095) to work on /home/airflow/.local/lib/python3.12/site-packages/airflow/example_dags/example_dynamic_task_mapping_with_no_taskflow_operators.py
[2025-11-09T20:35:57.730+0000] {processor.py:914} INFO - Processing file /home/airflow/.local/lib/python3.12/site-packages/airflow/example_dags/example_dynamic_task_mapping_with_no_taskflow_operators.py for tasks to queue
[2025-11-09T20:35:57.735+0000] {logging_mixin.py:190} INFO - [2025-11-09T20:35:57.734+0000] {dagbag.py:588} INFO - Filling up the DagBag from /home/airflow/.local/lib/python3.12/site-packages/airflow/example_dags/example_dynamic_task_mapping_with_no_taskflow_operators.py
[2025-11-09T20:35:57.748+0000] {processor.py:925} INFO - DAG(s) 'example_dynamic_task_mapping_with_no_taskflow_operators' retrieved from /home/airflow/.local/lib/python3.12/site-packages/airflow/example_dags/example_dynamic_task_mapping_with_no_taskflow_operators.py
[2025-11-09T20:35:57.787+0000] {logging_mixin.py:190} INFO - [2025-11-09T20:35:57.787+0000] {dag.py:3239} INFO - Sync 1 DAGs
[2025-11-09T20:35:57.813+0000] {logging_mixin.py:190} INFO - [2025-11-09T20:35:57.813+0000] {dag.py:4180} INFO - Setting next_dagrun for example_dynamic_task_mapping_with_no_taskflow_operators to None, run_after=None
[2025-11-09T20:35:57.849+0000] {processor.py:208} INFO - Processing /home/airflow/.local/lib/python3.12/site-packages/airflow/example_dags/example_dynamic_task_mapping_with_no_taskflow_operators.py took 0.130 seconds
[2025-11-09T20:36:28.478+0000] {processor.py:186} INFO - Started process (PID=1158) to work on /home/airflow/.local/lib/python3.12/site-packages/airflow/example_dags/example_dynamic_task_mapping_with_no_taskflow_operators.py
[2025-11-09T20:36:28.480+0000] {processor.py:914} INFO - Processing file /home/airflow/.local/lib/python3.12/site-packages/airflow/example_dags/example_dynamic_task_mapping_with_no_taskflow_operators.py for tasks to queue
[2025-11-09T20:36:28.485+0000] {logging_mixin.py:190} INFO - [2025-11-09T20:36:28.485+0000] {dagbag.py:588} INFO - Filling up the DagBag from /home/airflow/.local/lib/python3.12/site-packages/airflow/example_dags/example_dynamic_task_mapping_with_no_taskflow_operators.py
[2025-11-09T20:36:28.499+0000] {processor.py:925} INFO - DAG(s) 'example_dynamic_task_mapping_with_no_taskflow_operators' retrieved from /home/airflow/.local/lib/python3.12/site-packages/airflow/example_dags/example_dynamic_task_mapping_with_no_taskflow_operators.py
[2025-11-09T20:36:28.533+0000] {logging_mixin.py:190} INFO - [2025-11-09T20:36:28.533+0000] {dag.py:3239} INFO - Sync 1 DAGs
[2025-11-09T20:36:28.559+0000] {logging_mixin.py:190} INFO - [2025-11-09T20:36:28.559+0000] {dag.py:4180} INFO - Setting next_dagrun for example_dynamic_task_mapping_with_no_taskflow_operators to None, run_after=None
[2025-11-09T20:36:28.591+0000] {processor.py:208} INFO - Processing /home/airflow/.local/lib/python3.12/site-packages/airflow/example_dags/example_dynamic_task_mapping_with_no_taskflow_operators.py took 0.123 seconds
[2025-11-09T20:36:58.762+0000] {processor.py:186} INFO - Started process (PID=1221) to work on /home/airflow/.local/lib/python3.12/site-packages/airflow/example_dags/example_dynamic_task_mapping_with_no_taskflow_operators.py
[2025-11-09T20:36:58.764+0000] {processor.py:914} INFO - Processing file /home/airflow/.local/lib/python3.12/site-packages/airflow/example_dags/example_dynamic_task_mapping_with_no_taskflow_operators.py for tasks to queue
[2025-11-09T20:36:58.769+0000] {logging_mixin.py:190} INFO - [2025-11-09T20:36:58.768+0000] {dagbag.py:588} INFO - Filling up the DagBag from /home/airflow/.local/lib/python3.12/site-packages/airflow/example_dags/example_dynamic_task_mapping_with_no_taskflow_operators.py
[2025-11-09T20:36:58.783+0000] {processor.py:925} INFO - DAG(s) 'example_dynamic_task_mapping_with_no_taskflow_operators' retrieved from /home/airflow/.local/lib/python3.12/site-packages/airflow/example_dags/example_dynamic_task_mapping_with_no_taskflow_operators.py
[2025-11-09T20:36:58.823+0000] {logging_mixin.py:190} INFO - [2025-11-09T20:36:58.823+0000] {dag.py:3239} INFO - Sync 1 DAGs
[2025-11-09T20:36:58.851+0000] {logging_mixin.py:190} INFO - [2025-11-09T20:36:58.850+0000] {dag.py:4180} INFO - Setting next_dagrun for example_dynamic_task_mapping_with_no_taskflow_operators to None, run_after=None
[2025-11-09T20:36:58.884+0000] {processor.py:208} INFO - Processing /home/airflow/.local/lib/python3.12/site-packages/airflow/example_dags/example_dynamic_task_mapping_with_no_taskflow_operators.py took 0.133 seconds
[2025-11-09T20:37:29.039+0000] {processor.py:186} INFO - Started process (PID=1286) to work on /home/airflow/.local/lib/python3.12/site-packages/airflow/example_dags/example_dynamic_task_mapping_with_no_taskflow_operators.py
[2025-11-09T20:37:29.040+0000] {processor.py:914} INFO - Processing file /home/airflow/.local/lib/python3.12/site-packages/airflow/example_dags/example_dynamic_task_mapping_with_no_taskflow_operators.py for tasks to queue
[2025-11-09T20:37:29.045+0000] {logging_mixin.py:190} INFO - [2025-11-09T20:37:29.044+0000] {dagbag.py:588} INFO - Filling up the DagBag from /home/airflow/.local/lib/python3.12/site-packages/airflow/example_dags/example_dynamic_task_mapping_with_no_taskflow_operators.py
[2025-11-09T20:37:29.058+0000] {processor.py:925} INFO - DAG(s) 'example_dynamic_task_mapping_with_no_taskflow_operators' retrieved from /home/airflow/.local/lib/python3.12/site-packages/airflow/example_dags/example_dynamic_task_mapping_with_no_taskflow_operators.py
[2025-11-09T20:37:29.092+0000] {logging_mixin.py:190} INFO - [2025-11-09T20:37:29.092+0000] {dag.py:3239} INFO - Sync 1 DAGs
[2025-11-09T20:37:29.126+0000] {logging_mixin.py:190} INFO - [2025-11-09T20:37:29.126+0000] {dag.py:4180} INFO - Setting next_dagrun for example_dynamic_task_mapping_with_no_taskflow_operators to None, run_after=None
[2025-11-09T20:37:29.156+0000] {processor.py:208} INFO - Processing /home/airflow/.local/lib/python3.12/site-packages/airflow/example_dags/example_dynamic_task_mapping_with_no_taskflow_operators.py took 0.127 seconds
[2025-11-09T20:37:59.340+0000] {processor.py:186} INFO - Started process (PID=1347) to work on /home/airflow/.local/lib/python3.12/site-packages/airflow/example_dags/example_dynamic_task_mapping_with_no_taskflow_operators.py
[2025-11-09T20:37:59.343+0000] {processor.py:914} INFO - Processing file /home/airflow/.local/lib/python3.12/site-packages/airflow/example_dags/example_dynamic_task_mapping_with_no_taskflow_operators.py for tasks to queue
[2025-11-09T20:37:59.348+0000] {logging_mixin.py:190} INFO - [2025-11-09T20:37:59.347+0000] {dagbag.py:588} INFO - Filling up the DagBag from /home/airflow/.local/lib/python3.12/site-packages/airflow/example_dags/example_dynamic_task_mapping_with_no_taskflow_operators.py
[2025-11-09T20:37:59.372+0000] {processor.py:925} INFO - DAG(s) 'example_dynamic_task_mapping_with_no_taskflow_operators' retrieved from /home/airflow/.local/lib/python3.12/site-packages/airflow/example_dags/example_dynamic_task_mapping_with_no_taskflow_operators.py
[2025-11-09T20:37:59.424+0000] {logging_mixin.py:190} INFO - [2025-11-09T20:37:59.424+0000] {dag.py:3239} INFO - Sync 1 DAGs
[2025-11-09T20:37:59.468+0000] {logging_mixin.py:190} INFO - [2025-11-09T20:37:59.468+0000] {dag.py:4180} INFO - Setting next_dagrun for example_dynamic_task_mapping_with_no_taskflow_operators to None, run_after=None
[2025-11-09T20:37:59.509+0000] {processor.py:208} INFO - Processing /home/airflow/.local/lib/python3.12/site-packages/airflow/example_dags/example_dynamic_task_mapping_with_no_taskflow_operators.py took 0.180 seconds
[2025-11-09T20:38:29.605+0000] {processor.py:186} INFO - Started process (PID=1411) to work on /home/airflow/.local/lib/python3.12/site-packages/airflow/example_dags/example_dynamic_task_mapping_with_no_taskflow_operators.py
[2025-11-09T20:38:29.606+0000] {processor.py:914} INFO - Processing file /home/airflow/.local/lib/python3.12/site-packages/airflow/example_dags/example_dynamic_task_mapping_with_no_taskflow_operators.py for tasks to queue
[2025-11-09T20:38:29.612+0000] {logging_mixin.py:190} INFO - [2025-11-09T20:38:29.611+0000] {dagbag.py:588} INFO - Filling up the DagBag from /home/airflow/.local/lib/python3.12/site-packages/airflow/example_dags/example_dynamic_task_mapping_with_no_taskflow_operators.py
[2025-11-09T20:38:29.628+0000] {processor.py:925} INFO - DAG(s) 'example_dynamic_task_mapping_with_no_taskflow_operators' retrieved from /home/airflow/.local/lib/python3.12/site-packages/airflow/example_dags/example_dynamic_task_mapping_with_no_taskflow_operators.py
[2025-11-09T20:38:29.666+0000] {logging_mixin.py:190} INFO - [2025-11-09T20:38:29.665+0000] {dag.py:3239} INFO - Sync 1 DAGs
[2025-11-09T20:38:29.691+0000] {logging_mixin.py:190} INFO - [2025-11-09T20:38:29.691+0000] {dag.py:4180} INFO - Setting next_dagrun for example_dynamic_task_mapping_with_no_taskflow_operators to None, run_after=None
[2025-11-09T20:38:29.724+0000] {processor.py:208} INFO - Processing /home/airflow/.local/lib/python3.12/site-packages/airflow/example_dags/example_dynamic_task_mapping_with_no_taskflow_operators.py took 0.130 seconds
[2025-11-09T20:39:00.710+0000] {processor.py:186} INFO - Started process (PID=1479) to work on /home/airflow/.local/lib/python3.12/site-packages/airflow/example_dags/example_dynamic_task_mapping_with_no_taskflow_operators.py
[2025-11-09T20:39:00.712+0000] {processor.py:914} INFO - Processing file /home/airflow/.local/lib/python3.12/site-packages/airflow/example_dags/example_dynamic_task_mapping_with_no_taskflow_operators.py for tasks to queue
[2025-11-09T20:39:00.717+0000] {logging_mixin.py:190} INFO - [2025-11-09T20:39:00.716+0000] {dagbag.py:588} INFO - Filling up the DagBag from /home/airflow/.local/lib/python3.12/site-packages/airflow/example_dags/example_dynamic_task_mapping_with_no_taskflow_operators.py
[2025-11-09T20:39:00.733+0000] {processor.py:925} INFO - DAG(s) 'example_dynamic_task_mapping_with_no_taskflow_operators' retrieved from /home/airflow/.local/lib/python3.12/site-packages/airflow/example_dags/example_dynamic_task_mapping_with_no_taskflow_operators.py
[2025-11-09T20:39:00.768+0000] {logging_mixin.py:190} INFO - [2025-11-09T20:39:00.768+0000] {dag.py:3239} INFO - Sync 1 DAGs
[2025-11-09T20:39:00.797+0000] {logging_mixin.py:190} INFO - [2025-11-09T20:39:00.797+0000] {dag.py:4180} INFO - Setting next_dagrun for example_dynamic_task_mapping_with_no_taskflow_operators to None, run_after=None
[2025-11-09T20:39:00.831+0000] {processor.py:208} INFO - Processing /home/airflow/.local/lib/python3.12/site-packages/airflow/example_dags/example_dynamic_task_mapping_with_no_taskflow_operators.py took 0.131 seconds
[2025-11-09T20:39:31.427+0000] {processor.py:186} INFO - Started process (PID=1542) to work on /home/airflow/.local/lib/python3.12/site-packages/airflow/example_dags/example_dynamic_task_mapping_with_no_taskflow_operators.py
[2025-11-09T20:39:31.429+0000] {processor.py:914} INFO - Processing file /home/airflow/.local/lib/python3.12/site-packages/airflow/example_dags/example_dynamic_task_mapping_with_no_taskflow_operators.py for tasks to queue
[2025-11-09T20:39:31.435+0000] {logging_mixin.py:190} INFO - [2025-11-09T20:39:31.434+0000] {dagbag.py:588} INFO - Filling up the DagBag from /home/airflow/.local/lib/python3.12/site-packages/airflow/example_dags/example_dynamic_task_mapping_with_no_taskflow_operators.py
[2025-11-09T20:39:31.449+0000] {processor.py:925} INFO - DAG(s) 'example_dynamic_task_mapping_with_no_taskflow_operators' retrieved from /home/airflow/.local/lib/python3.12/site-packages/airflow/example_dags/example_dynamic_task_mapping_with_no_taskflow_operators.py
[2025-11-09T20:39:31.489+0000] {logging_mixin.py:190} INFO - [2025-11-09T20:39:31.489+0000] {dag.py:3239} INFO - Sync 1 DAGs
[2025-11-09T20:39:31.526+0000] {logging_mixin.py:190} INFO - [2025-11-09T20:39:31.526+0000] {dag.py:4180} INFO - Setting next_dagrun for example_dynamic_task_mapping_with_no_taskflow_operators to None, run_after=None
[2025-11-09T20:39:31.565+0000] {processor.py:208} INFO - Processing /home/airflow/.local/lib/python3.12/site-packages/airflow/example_dags/example_dynamic_task_mapping_with_no_taskflow_operators.py took 0.151 seconds
[2025-11-09T20:40:01.641+0000] {processor.py:186} INFO - Started process (PID=1605) to work on /home/airflow/.local/lib/python3.12/site-packages/airflow/example_dags/example_dynamic_task_mapping_with_no_taskflow_operators.py
[2025-11-09T20:40:01.642+0000] {processor.py:914} INFO - Processing file /home/airflow/.local/lib/python3.12/site-packages/airflow/example_dags/example_dynamic_task_mapping_with_no_taskflow_operators.py for tasks to queue
[2025-11-09T20:40:01.647+0000] {logging_mixin.py:190} INFO - [2025-11-09T20:40:01.646+0000] {dagbag.py:588} INFO - Filling up the DagBag from /home/airflow/.local/lib/python3.12/site-packages/airflow/example_dags/example_dynamic_task_mapping_with_no_taskflow_operators.py
[2025-11-09T20:40:01.660+0000] {processor.py:925} INFO - DAG(s) 'example_dynamic_task_mapping_with_no_taskflow_operators' retrieved from /home/airflow/.local/lib/python3.12/site-packages/airflow/example_dags/example_dynamic_task_mapping_with_no_taskflow_operators.py
[2025-11-09T20:40:01.696+0000] {logging_mixin.py:190} INFO - [2025-11-09T20:40:01.696+0000] {dag.py:3239} INFO - Sync 1 DAGs
[2025-11-09T20:40:01.719+0000] {logging_mixin.py:190} INFO - [2025-11-09T20:40:01.719+0000] {dag.py:4180} INFO - Setting next_dagrun for example_dynamic_task_mapping_with_no_taskflow_operators to None, run_after=None
[2025-11-09T20:40:01.753+0000] {processor.py:208} INFO - Processing /home/airflow/.local/lib/python3.12/site-packages/airflow/example_dags/example_dynamic_task_mapping_with_no_taskflow_operators.py took 0.122 seconds
[2025-11-09T20:40:31.997+0000] {processor.py:186} INFO - Started process (PID=1667) to work on /home/airflow/.local/lib/python3.12/site-packages/airflow/example_dags/example_dynamic_task_mapping_with_no_taskflow_operators.py
[2025-11-09T20:40:31.999+0000] {processor.py:914} INFO - Processing file /home/airflow/.local/lib/python3.12/site-packages/airflow/example_dags/example_dynamic_task_mapping_with_no_taskflow_operators.py for tasks to queue
[2025-11-09T20:40:32.005+0000] {logging_mixin.py:190} INFO - [2025-11-09T20:40:32.005+0000] {dagbag.py:588} INFO - Filling up the DagBag from /home/airflow/.local/lib/python3.12/site-packages/airflow/example_dags/example_dynamic_task_mapping_with_no_taskflow_operators.py
[2025-11-09T20:40:32.020+0000] {processor.py:925} INFO - DAG(s) 'example_dynamic_task_mapping_with_no_taskflow_operators' retrieved from /home/airflow/.local/lib/python3.12/site-packages/airflow/example_dags/example_dynamic_task_mapping_with_no_taskflow_operators.py
[2025-11-09T20:40:32.059+0000] {logging_mixin.py:190} INFO - [2025-11-09T20:40:32.059+0000] {dag.py:3239} INFO - Sync 1 DAGs
[2025-11-09T20:40:32.093+0000] {logging_mixin.py:190} INFO - [2025-11-09T20:40:32.092+0000] {dag.py:4180} INFO - Setting next_dagrun for example_dynamic_task_mapping_with_no_taskflow_operators to None, run_after=None
[2025-11-09T20:40:32.137+0000] {processor.py:208} INFO - Processing /home/airflow/.local/lib/python3.12/site-packages/airflow/example_dags/example_dynamic_task_mapping_with_no_taskflow_operators.py took 0.150 seconds
[2025-11-09T20:41:02.966+0000] {processor.py:186} INFO - Started process (PID=1730) to work on /home/airflow/.local/lib/python3.12/site-packages/airflow/example_dags/example_dynamic_task_mapping_with_no_taskflow_operators.py
[2025-11-09T20:41:02.968+0000] {processor.py:914} INFO - Processing file /home/airflow/.local/lib/python3.12/site-packages/airflow/example_dags/example_dynamic_task_mapping_with_no_taskflow_operators.py for tasks to queue
[2025-11-09T20:41:02.972+0000] {logging_mixin.py:190} INFO - [2025-11-09T20:41:02.971+0000] {dagbag.py:588} INFO - Filling up the DagBag from /home/airflow/.local/lib/python3.12/site-packages/airflow/example_dags/example_dynamic_task_mapping_with_no_taskflow_operators.py
[2025-11-09T20:41:02.989+0000] {processor.py:925} INFO - DAG(s) 'example_dynamic_task_mapping_with_no_taskflow_operators' retrieved from /home/airflow/.local/lib/python3.12/site-packages/airflow/example_dags/example_dynamic_task_mapping_with_no_taskflow_operators.py
[2025-11-09T20:41:03.024+0000] {logging_mixin.py:190} INFO - [2025-11-09T20:41:03.024+0000] {dag.py:3239} INFO - Sync 1 DAGs
[2025-11-09T20:41:03.050+0000] {logging_mixin.py:190} INFO - [2025-11-09T20:41:03.050+0000] {dag.py:4180} INFO - Setting next_dagrun for example_dynamic_task_mapping_with_no_taskflow_operators to None, run_after=None
[2025-11-09T20:41:03.085+0000] {processor.py:208} INFO - Processing /home/airflow/.local/lib/python3.12/site-packages/airflow/example_dags/example_dynamic_task_mapping_with_no_taskflow_operators.py took 0.129 seconds
[2025-11-09T20:41:33.306+0000] {processor.py:186} INFO - Started process (PID=1794) to work on /home/airflow/.local/lib/python3.12/site-packages/airflow/example_dags/example_dynamic_task_mapping_with_no_taskflow_operators.py
[2025-11-09T20:41:33.308+0000] {processor.py:914} INFO - Processing file /home/airflow/.local/lib/python3.12/site-packages/airflow/example_dags/example_dynamic_task_mapping_with_no_taskflow_operators.py for tasks to queue
[2025-11-09T20:41:33.315+0000] {logging_mixin.py:190} INFO - [2025-11-09T20:41:33.314+0000] {dagbag.py:588} INFO - Filling up the DagBag from /home/airflow/.local/lib/python3.12/site-packages/airflow/example_dags/example_dynamic_task_mapping_with_no_taskflow_operators.py
[2025-11-09T20:41:33.333+0000] {processor.py:925} INFO - DAG(s) 'example_dynamic_task_mapping_with_no_taskflow_operators' retrieved from /home/airflow/.local/lib/python3.12/site-packages/airflow/example_dags/example_dynamic_task_mapping_with_no_taskflow_operators.py
[2025-11-09T20:41:33.378+0000] {logging_mixin.py:190} INFO - [2025-11-09T20:41:33.378+0000] {dag.py:3239} INFO - Sync 1 DAGs
[2025-11-09T20:41:33.406+0000] {logging_mixin.py:190} INFO - [2025-11-09T20:41:33.406+0000] {dag.py:4180} INFO - Setting next_dagrun for example_dynamic_task_mapping_with_no_taskflow_operators to None, run_after=None
[2025-11-09T20:41:33.443+0000] {processor.py:208} INFO - Processing /home/airflow/.local/lib/python3.12/site-packages/airflow/example_dags/example_dynamic_task_mapping_with_no_taskflow_operators.py took 0.148 seconds
[2025-11-09T20:42:03.963+0000] {processor.py:186} INFO - Started process (PID=1856) to work on /home/airflow/.local/lib/python3.12/site-packages/airflow/example_dags/example_dynamic_task_mapping_with_no_taskflow_operators.py
[2025-11-09T20:42:03.966+0000] {processor.py:914} INFO - Processing file /home/airflow/.local/lib/python3.12/site-packages/airflow/example_dags/example_dynamic_task_mapping_with_no_taskflow_operators.py for tasks to queue
[2025-11-09T20:42:03.972+0000] {logging_mixin.py:190} INFO - [2025-11-09T20:42:03.971+0000] {dagbag.py:588} INFO - Filling up the DagBag from /home/airflow/.local/lib/python3.12/site-packages/airflow/example_dags/example_dynamic_task_mapping_with_no_taskflow_operators.py
[2025-11-09T20:42:03.995+0000] {processor.py:925} INFO - DAG(s) 'example_dynamic_task_mapping_with_no_taskflow_operators' retrieved from /home/airflow/.local/lib/python3.12/site-packages/airflow/example_dags/example_dynamic_task_mapping_with_no_taskflow_operators.py
[2025-11-09T20:42:04.049+0000] {logging_mixin.py:190} INFO - [2025-11-09T20:42:04.049+0000] {dag.py:3239} INFO - Sync 1 DAGs
[2025-11-09T20:42:04.097+0000] {logging_mixin.py:190} INFO - [2025-11-09T20:42:04.096+0000] {dag.py:4180} INFO - Setting next_dagrun for example_dynamic_task_mapping_with_no_taskflow_operators to None, run_after=None
[2025-11-09T20:42:04.166+0000] {processor.py:208} INFO - Processing /home/airflow/.local/lib/python3.12/site-packages/airflow/example_dags/example_dynamic_task_mapping_with_no_taskflow_operators.py took 0.219 seconds
[2025-11-09T20:42:34.439+0000] {processor.py:186} INFO - Started process (PID=1921) to work on /home/airflow/.local/lib/python3.12/site-packages/airflow/example_dags/example_dynamic_task_mapping_with_no_taskflow_operators.py
[2025-11-09T20:42:34.442+0000] {processor.py:914} INFO - Processing file /home/airflow/.local/lib/python3.12/site-packages/airflow/example_dags/example_dynamic_task_mapping_with_no_taskflow_operators.py for tasks to queue
[2025-11-09T20:42:34.447+0000] {logging_mixin.py:190} INFO - [2025-11-09T20:42:34.446+0000] {dagbag.py:588} INFO - Filling up the DagBag from /home/airflow/.local/lib/python3.12/site-packages/airflow/example_dags/example_dynamic_task_mapping_with_no_taskflow_operators.py
[2025-11-09T20:42:34.467+0000] {processor.py:925} INFO - DAG(s) 'example_dynamic_task_mapping_with_no_taskflow_operators' retrieved from /home/airflow/.local/lib/python3.12/site-packages/airflow/example_dags/example_dynamic_task_mapping_with_no_taskflow_operators.py
[2025-11-09T20:42:34.516+0000] {logging_mixin.py:190} INFO - [2025-11-09T20:42:34.515+0000] {dag.py:3239} INFO - Sync 1 DAGs
[2025-11-09T20:42:34.548+0000] {logging_mixin.py:190} INFO - [2025-11-09T20:42:34.547+0000] {dag.py:4180} INFO - Setting next_dagrun for example_dynamic_task_mapping_with_no_taskflow_operators to None, run_after=None
[2025-11-09T20:42:34.586+0000] {processor.py:208} INFO - Processing /home/airflow/.local/lib/python3.12/site-packages/airflow/example_dags/example_dynamic_task_mapping_with_no_taskflow_operators.py took 0.160 seconds
[2025-11-09T20:43:04.717+0000] {processor.py:186} INFO - Started process (PID=1984) to work on /home/airflow/.local/lib/python3.12/site-packages/airflow/example_dags/example_dynamic_task_mapping_with_no_taskflow_operators.py
[2025-11-09T20:43:04.720+0000] {processor.py:914} INFO - Processing file /home/airflow/.local/lib/python3.12/site-packages/airflow/example_dags/example_dynamic_task_mapping_with_no_taskflow_operators.py for tasks to queue
[2025-11-09T20:43:04.725+0000] {logging_mixin.py:190} INFO - [2025-11-09T20:43:04.724+0000] {dagbag.py:588} INFO - Filling up the DagBag from /home/airflow/.local/lib/python3.12/site-packages/airflow/example_dags/example_dynamic_task_mapping_with_no_taskflow_operators.py
[2025-11-09T20:43:04.740+0000] {processor.py:925} INFO - DAG(s) 'example_dynamic_task_mapping_with_no_taskflow_operators' retrieved from /home/airflow/.local/lib/python3.12/site-packages/airflow/example_dags/example_dynamic_task_mapping_with_no_taskflow_operators.py
[2025-11-09T20:43:04.776+0000] {logging_mixin.py:190} INFO - [2025-11-09T20:43:04.775+0000] {dag.py:3239} INFO - Sync 1 DAGs
[2025-11-09T20:43:04.797+0000] {logging_mixin.py:190} INFO - [2025-11-09T20:43:04.797+0000] {dag.py:4180} INFO - Setting next_dagrun for example_dynamic_task_mapping_with_no_taskflow_operators to None, run_after=None
[2025-11-09T20:43:04.825+0000] {processor.py:208} INFO - Processing /home/airflow/.local/lib/python3.12/site-packages/airflow/example_dags/example_dynamic_task_mapping_with_no_taskflow_operators.py took 0.119 seconds
[2025-11-09T20:43:35.016+0000] {processor.py:186} INFO - Started process (PID=2048) to work on /home/airflow/.local/lib/python3.12/site-packages/airflow/example_dags/example_dynamic_task_mapping_with_no_taskflow_operators.py
[2025-11-09T20:43:35.020+0000] {processor.py:914} INFO - Processing file /home/airflow/.local/lib/python3.12/site-packages/airflow/example_dags/example_dynamic_task_mapping_with_no_taskflow_operators.py for tasks to queue
[2025-11-09T20:43:35.024+0000] {logging_mixin.py:190} INFO - [2025-11-09T20:43:35.024+0000] {dagbag.py:588} INFO - Filling up the DagBag from /home/airflow/.local/lib/python3.12/site-packages/airflow/example_dags/example_dynamic_task_mapping_with_no_taskflow_operators.py
[2025-11-09T20:43:35.038+0000] {processor.py:925} INFO - DAG(s) 'example_dynamic_task_mapping_with_no_taskflow_operators' retrieved from /home/airflow/.local/lib/python3.12/site-packages/airflow/example_dags/example_dynamic_task_mapping_with_no_taskflow_operators.py
[2025-11-09T20:43:35.078+0000] {logging_mixin.py:190} INFO - [2025-11-09T20:43:35.078+0000] {dag.py:3239} INFO - Sync 1 DAGs
[2025-11-09T20:43:35.107+0000] {logging_mixin.py:190} INFO - [2025-11-09T20:43:35.106+0000] {dag.py:4180} INFO - Setting next_dagrun for example_dynamic_task_mapping_with_no_taskflow_operators to None, run_after=None
[2025-11-09T20:43:35.141+0000] {processor.py:208} INFO - Processing /home/airflow/.local/lib/python3.12/site-packages/airflow/example_dags/example_dynamic_task_mapping_with_no_taskflow_operators.py took 0.135 seconds
[2025-11-09T20:44:05.634+0000] {processor.py:186} INFO - Started process (PID=2109) to work on /home/airflow/.local/lib/python3.12/site-packages/airflow/example_dags/example_dynamic_task_mapping_with_no_taskflow_operators.py
[2025-11-09T20:44:05.637+0000] {processor.py:914} INFO - Processing file /home/airflow/.local/lib/python3.12/site-packages/airflow/example_dags/example_dynamic_task_mapping_with_no_taskflow_operators.py for tasks to queue
[2025-11-09T20:44:05.644+0000] {logging_mixin.py:190} INFO - [2025-11-09T20:44:05.643+0000] {dagbag.py:588} INFO - Filling up the DagBag from /home/airflow/.local/lib/python3.12/site-packages/airflow/example_dags/example_dynamic_task_mapping_with_no_taskflow_operators.py
[2025-11-09T20:44:05.666+0000] {processor.py:925} INFO - DAG(s) 'example_dynamic_task_mapping_with_no_taskflow_operators' retrieved from /home/airflow/.local/lib/python3.12/site-packages/airflow/example_dags/example_dynamic_task_mapping_with_no_taskflow_operators.py
[2025-11-09T20:44:05.706+0000] {logging_mixin.py:190} INFO - [2025-11-09T20:44:05.705+0000] {dag.py:3239} INFO - Sync 1 DAGs
[2025-11-09T20:44:05.734+0000] {logging_mixin.py:190} INFO - [2025-11-09T20:44:05.733+0000] {dag.py:4180} INFO - Setting next_dagrun for example_dynamic_task_mapping_with_no_taskflow_operators to None, run_after=None
[2025-11-09T20:44:05.771+0000] {processor.py:208} INFO - Processing /home/airflow/.local/lib/python3.12/site-packages/airflow/example_dags/example_dynamic_task_mapping_with_no_taskflow_operators.py took 0.151 seconds
[2025-11-09T20:44:35.989+0000] {processor.py:186} INFO - Started process (PID=2173) to work on /home/airflow/.local/lib/python3.12/site-packages/airflow/example_dags/example_dynamic_task_mapping_with_no_taskflow_operators.py
[2025-11-09T20:44:35.991+0000] {processor.py:914} INFO - Processing file /home/airflow/.local/lib/python3.12/site-packages/airflow/example_dags/example_dynamic_task_mapping_with_no_taskflow_operators.py for tasks to queue
[2025-11-09T20:44:35.995+0000] {logging_mixin.py:190} INFO - [2025-11-09T20:44:35.995+0000] {dagbag.py:588} INFO - Filling up the DagBag from /home/airflow/.local/lib/python3.12/site-packages/airflow/example_dags/example_dynamic_task_mapping_with_no_taskflow_operators.py
[2025-11-09T20:44:36.009+0000] {processor.py:925} INFO - DAG(s) 'example_dynamic_task_mapping_with_no_taskflow_operators' retrieved from /home/airflow/.local/lib/python3.12/site-packages/airflow/example_dags/example_dynamic_task_mapping_with_no_taskflow_operators.py
[2025-11-09T20:44:36.044+0000] {logging_mixin.py:190} INFO - [2025-11-09T20:44:36.044+0000] {dag.py:3239} INFO - Sync 1 DAGs
[2025-11-09T20:44:36.073+0000] {logging_mixin.py:190} INFO - [2025-11-09T20:44:36.072+0000] {dag.py:4180} INFO - Setting next_dagrun for example_dynamic_task_mapping_with_no_taskflow_operators to None, run_after=None
[2025-11-09T20:44:36.105+0000] {processor.py:208} INFO - Processing /home/airflow/.local/lib/python3.12/site-packages/airflow/example_dags/example_dynamic_task_mapping_with_no_taskflow_operators.py took 0.126 seconds
[2025-11-09T20:45:06.661+0000] {processor.py:186} INFO - Started process (PID=2237) to work on /home/airflow/.local/lib/python3.12/site-packages/airflow/example_dags/example_dynamic_task_mapping_with_no_taskflow_operators.py
[2025-11-09T20:45:06.663+0000] {processor.py:914} INFO - Processing file /home/airflow/.local/lib/python3.12/site-packages/airflow/example_dags/example_dynamic_task_mapping_with_no_taskflow_operators.py for tasks to queue
[2025-11-09T20:45:06.668+0000] {logging_mixin.py:190} INFO - [2025-11-09T20:45:06.668+0000] {dagbag.py:588} INFO - Filling up the DagBag from /home/airflow/.local/lib/python3.12/site-packages/airflow/example_dags/example_dynamic_task_mapping_with_no_taskflow_operators.py
[2025-11-09T20:45:06.685+0000] {processor.py:925} INFO - DAG(s) 'example_dynamic_task_mapping_with_no_taskflow_operators' retrieved from /home/airflow/.local/lib/python3.12/site-packages/airflow/example_dags/example_dynamic_task_mapping_with_no_taskflow_operators.py
[2025-11-09T20:45:06.720+0000] {logging_mixin.py:190} INFO - [2025-11-09T20:45:06.719+0000] {dag.py:3239} INFO - Sync 1 DAGs
[2025-11-09T20:45:06.744+0000] {logging_mixin.py:190} INFO - [2025-11-09T20:45:06.744+0000] {dag.py:4180} INFO - Setting next_dagrun for example_dynamic_task_mapping_with_no_taskflow_operators to None, run_after=None
[2025-11-09T20:45:06.777+0000] {processor.py:208} INFO - Processing /home/airflow/.local/lib/python3.12/site-packages/airflow/example_dags/example_dynamic_task_mapping_with_no_taskflow_operators.py took 0.127 seconds
[2025-11-09T20:45:37.376+0000] {processor.py:186} INFO - Started process (PID=2301) to work on /home/airflow/.local/lib/python3.12/site-packages/airflow/example_dags/example_dynamic_task_mapping_with_no_taskflow_operators.py
[2025-11-09T20:45:37.379+0000] {processor.py:914} INFO - Processing file /home/airflow/.local/lib/python3.12/site-packages/airflow/example_dags/example_dynamic_task_mapping_with_no_taskflow_operators.py for tasks to queue
[2025-11-09T20:45:37.383+0000] {logging_mixin.py:190} INFO - [2025-11-09T20:45:37.383+0000] {dagbag.py:588} INFO - Filling up the DagBag from /home/airflow/.local/lib/python3.12/site-packages/airflow/example_dags/example_dynamic_task_mapping_with_no_taskflow_operators.py
[2025-11-09T20:45:37.402+0000] {processor.py:925} INFO - DAG(s) 'example_dynamic_task_mapping_with_no_taskflow_operators' retrieved from /home/airflow/.local/lib/python3.12/site-packages/airflow/example_dags/example_dynamic_task_mapping_with_no_taskflow_operators.py
[2025-11-09T20:45:37.440+0000] {logging_mixin.py:190} INFO - [2025-11-09T20:45:37.439+0000] {dag.py:3239} INFO - Sync 1 DAGs
[2025-11-09T20:45:37.471+0000] {logging_mixin.py:190} INFO - [2025-11-09T20:45:37.471+0000] {dag.py:4180} INFO - Setting next_dagrun for example_dynamic_task_mapping_with_no_taskflow_operators to None, run_after=None
[2025-11-09T20:45:37.505+0000] {processor.py:208} INFO - Processing /home/airflow/.local/lib/python3.12/site-packages/airflow/example_dags/example_dynamic_task_mapping_with_no_taskflow_operators.py took 0.140 seconds
[2025-11-09T20:46:07.960+0000] {processor.py:186} INFO - Started process (PID=2365) to work on /home/airflow/.local/lib/python3.12/site-packages/airflow/example_dags/example_dynamic_task_mapping_with_no_taskflow_operators.py
[2025-11-09T20:46:07.962+0000] {processor.py:914} INFO - Processing file /home/airflow/.local/lib/python3.12/site-packages/airflow/example_dags/example_dynamic_task_mapping_with_no_taskflow_operators.py for tasks to queue
[2025-11-09T20:46:07.966+0000] {logging_mixin.py:190} INFO - [2025-11-09T20:46:07.966+0000] {dagbag.py:588} INFO - Filling up the DagBag from /home/airflow/.local/lib/python3.12/site-packages/airflow/example_dags/example_dynamic_task_mapping_with_no_taskflow_operators.py
[2025-11-09T20:46:07.983+0000] {processor.py:925} INFO - DAG(s) 'example_dynamic_task_mapping_with_no_taskflow_operators' retrieved from /home/airflow/.local/lib/python3.12/site-packages/airflow/example_dags/example_dynamic_task_mapping_with_no_taskflow_operators.py
[2025-11-09T20:46:08.021+0000] {logging_mixin.py:190} INFO - [2025-11-09T20:46:08.021+0000] {dag.py:3239} INFO - Sync 1 DAGs
[2025-11-09T20:46:08.048+0000] {logging_mixin.py:190} INFO - [2025-11-09T20:46:08.047+0000] {dag.py:4180} INFO - Setting next_dagrun for example_dynamic_task_mapping_with_no_taskflow_operators to None, run_after=None
[2025-11-09T20:46:08.080+0000] {processor.py:208} INFO - Processing /home/airflow/.local/lib/python3.12/site-packages/airflow/example_dags/example_dynamic_task_mapping_with_no_taskflow_operators.py took 0.132 seconds
[2025-11-09T20:46:38.536+0000] {processor.py:186} INFO - Started process (PID=2428) to work on /home/airflow/.local/lib/python3.12/site-packages/airflow/example_dags/example_dynamic_task_mapping_with_no_taskflow_operators.py
[2025-11-09T20:46:38.557+0000] {processor.py:914} INFO - Processing file /home/airflow/.local/lib/python3.12/site-packages/airflow/example_dags/example_dynamic_task_mapping_with_no_taskflow_operators.py for tasks to queue
[2025-11-09T20:46:38.597+0000] {logging_mixin.py:190} INFO - [2025-11-09T20:46:38.595+0000] {dagbag.py:588} INFO - Filling up the DagBag from /home/airflow/.local/lib/python3.12/site-packages/airflow/example_dags/example_dynamic_task_mapping_with_no_taskflow_operators.py
[2025-11-09T20:46:38.653+0000] {processor.py:925} INFO - DAG(s) 'example_dynamic_task_mapping_with_no_taskflow_operators' retrieved from /home/airflow/.local/lib/python3.12/site-packages/airflow/example_dags/example_dynamic_task_mapping_with_no_taskflow_operators.py
[2025-11-09T20:46:38.756+0000] {logging_mixin.py:190} INFO - [2025-11-09T20:46:38.754+0000] {dag.py:3239} INFO - Sync 1 DAGs
[2025-11-09T20:46:38.843+0000] {logging_mixin.py:190} INFO - [2025-11-09T20:46:38.842+0000] {dag.py:4180} INFO - Setting next_dagrun for example_dynamic_task_mapping_with_no_taskflow_operators to None, run_after=None
[2025-11-09T20:46:38.914+0000] {processor.py:208} INFO - Processing /home/airflow/.local/lib/python3.12/site-packages/airflow/example_dags/example_dynamic_task_mapping_with_no_taskflow_operators.py took 0.401 seconds
[2025-11-09T20:47:09.781+0000] {processor.py:186} INFO - Started process (PID=2493) to work on /home/airflow/.local/lib/python3.12/site-packages/airflow/example_dags/example_dynamic_task_mapping_with_no_taskflow_operators.py
[2025-11-09T20:47:09.784+0000] {processor.py:914} INFO - Processing file /home/airflow/.local/lib/python3.12/site-packages/airflow/example_dags/example_dynamic_task_mapping_with_no_taskflow_operators.py for tasks to queue
[2025-11-09T20:47:09.789+0000] {logging_mixin.py:190} INFO - [2025-11-09T20:47:09.789+0000] {dagbag.py:588} INFO - Filling up the DagBag from /home/airflow/.local/lib/python3.12/site-packages/airflow/example_dags/example_dynamic_task_mapping_with_no_taskflow_operators.py
[2025-11-09T20:47:09.803+0000] {processor.py:925} INFO - DAG(s) 'example_dynamic_task_mapping_with_no_taskflow_operators' retrieved from /home/airflow/.local/lib/python3.12/site-packages/airflow/example_dags/example_dynamic_task_mapping_with_no_taskflow_operators.py
[2025-11-09T20:47:09.838+0000] {logging_mixin.py:190} INFO - [2025-11-09T20:47:09.837+0000] {dag.py:3239} INFO - Sync 1 DAGs
[2025-11-09T20:47:09.863+0000] {logging_mixin.py:190} INFO - [2025-11-09T20:47:09.863+0000] {dag.py:4180} INFO - Setting next_dagrun for example_dynamic_task_mapping_with_no_taskflow_operators to None, run_after=None
[2025-11-09T20:47:09.896+0000] {processor.py:208} INFO - Processing /home/airflow/.local/lib/python3.12/site-packages/airflow/example_dags/example_dynamic_task_mapping_with_no_taskflow_operators.py took 0.128 seconds
[2025-11-09T20:47:40.726+0000] {processor.py:186} INFO - Started process (PID=2558) to work on /home/airflow/.local/lib/python3.12/site-packages/airflow/example_dags/example_dynamic_task_mapping_with_no_taskflow_operators.py
[2025-11-09T20:47:40.728+0000] {processor.py:914} INFO - Processing file /home/airflow/.local/lib/python3.12/site-packages/airflow/example_dags/example_dynamic_task_mapping_with_no_taskflow_operators.py for tasks to queue
[2025-11-09T20:47:40.736+0000] {logging_mixin.py:190} INFO - [2025-11-09T20:47:40.734+0000] {dagbag.py:588} INFO - Filling up the DagBag from /home/airflow/.local/lib/python3.12/site-packages/airflow/example_dags/example_dynamic_task_mapping_with_no_taskflow_operators.py
[2025-11-09T20:47:40.759+0000] {processor.py:925} INFO - DAG(s) 'example_dynamic_task_mapping_with_no_taskflow_operators' retrieved from /home/airflow/.local/lib/python3.12/site-packages/airflow/example_dags/example_dynamic_task_mapping_with_no_taskflow_operators.py
[2025-11-09T20:47:40.819+0000] {logging_mixin.py:190} INFO - [2025-11-09T20:47:40.819+0000] {dag.py:3239} INFO - Sync 1 DAGs
[2025-11-09T20:47:40.863+0000] {logging_mixin.py:190} INFO - [2025-11-09T20:47:40.862+0000] {dag.py:4180} INFO - Setting next_dagrun for example_dynamic_task_mapping_with_no_taskflow_operators to None, run_after=None
[2025-11-09T20:47:40.915+0000] {processor.py:208} INFO - Processing /home/airflow/.local/lib/python3.12/site-packages/airflow/example_dags/example_dynamic_task_mapping_with_no_taskflow_operators.py took 0.207 seconds
[2025-11-09T20:48:11.576+0000] {processor.py:186} INFO - Started process (PID=2623) to work on /home/airflow/.local/lib/python3.12/site-packages/airflow/example_dags/example_dynamic_task_mapping_with_no_taskflow_operators.py
[2025-11-09T20:48:11.579+0000] {processor.py:914} INFO - Processing file /home/airflow/.local/lib/python3.12/site-packages/airflow/example_dags/example_dynamic_task_mapping_with_no_taskflow_operators.py for tasks to queue
[2025-11-09T20:48:11.584+0000] {logging_mixin.py:190} INFO - [2025-11-09T20:48:11.584+0000] {dagbag.py:588} INFO - Filling up the DagBag from /home/airflow/.local/lib/python3.12/site-packages/airflow/example_dags/example_dynamic_task_mapping_with_no_taskflow_operators.py
[2025-11-09T20:48:11.600+0000] {processor.py:925} INFO - DAG(s) 'example_dynamic_task_mapping_with_no_taskflow_operators' retrieved from /home/airflow/.local/lib/python3.12/site-packages/airflow/example_dags/example_dynamic_task_mapping_with_no_taskflow_operators.py
[2025-11-09T20:48:11.648+0000] {logging_mixin.py:190} INFO - [2025-11-09T20:48:11.647+0000] {dag.py:3239} INFO - Sync 1 DAGs
[2025-11-09T20:48:11.679+0000] {logging_mixin.py:190} INFO - [2025-11-09T20:48:11.678+0000] {dag.py:4180} INFO - Setting next_dagrun for example_dynamic_task_mapping_with_no_taskflow_operators to None, run_after=None
[2025-11-09T20:48:11.714+0000] {processor.py:208} INFO - Processing /home/airflow/.local/lib/python3.12/site-packages/airflow/example_dags/example_dynamic_task_mapping_with_no_taskflow_operators.py took 0.151 seconds
[2025-11-09T20:48:42.460+0000] {processor.py:186} INFO - Started process (PID=2688) to work on /home/airflow/.local/lib/python3.12/site-packages/airflow/example_dags/example_dynamic_task_mapping_with_no_taskflow_operators.py
[2025-11-09T20:48:42.462+0000] {processor.py:914} INFO - Processing file /home/airflow/.local/lib/python3.12/site-packages/airflow/example_dags/example_dynamic_task_mapping_with_no_taskflow_operators.py for tasks to queue
[2025-11-09T20:48:42.467+0000] {logging_mixin.py:190} INFO - [2025-11-09T20:48:42.466+0000] {dagbag.py:588} INFO - Filling up the DagBag from /home/airflow/.local/lib/python3.12/site-packages/airflow/example_dags/example_dynamic_task_mapping_with_no_taskflow_operators.py
[2025-11-09T20:48:42.485+0000] {processor.py:925} INFO - DAG(s) 'example_dynamic_task_mapping_with_no_taskflow_operators' retrieved from /home/airflow/.local/lib/python3.12/site-packages/airflow/example_dags/example_dynamic_task_mapping_with_no_taskflow_operators.py
[2025-11-09T20:48:42.523+0000] {logging_mixin.py:190} INFO - [2025-11-09T20:48:42.523+0000] {dag.py:3239} INFO - Sync 1 DAGs
[2025-11-09T20:48:42.823+0000] {logging_mixin.py:190} INFO - [2025-11-09T20:48:42.823+0000] {dag.py:4180} INFO - Setting next_dagrun for example_dynamic_task_mapping_with_no_taskflow_operators to None, run_after=None
[2025-11-09T20:48:42.858+0000] {processor.py:208} INFO - Processing /home/airflow/.local/lib/python3.12/site-packages/airflow/example_dags/example_dynamic_task_mapping_with_no_taskflow_operators.py took 0.411 seconds
[2025-11-09T20:49:13.025+0000] {processor.py:186} INFO - Started process (PID=2750) to work on /home/airflow/.local/lib/python3.12/site-packages/airflow/example_dags/example_dynamic_task_mapping_with_no_taskflow_operators.py
[2025-11-09T20:49:13.032+0000] {processor.py:914} INFO - Processing file /home/airflow/.local/lib/python3.12/site-packages/airflow/example_dags/example_dynamic_task_mapping_with_no_taskflow_operators.py for tasks to queue
[2025-11-09T20:49:13.037+0000] {logging_mixin.py:190} INFO - [2025-11-09T20:49:13.036+0000] {dagbag.py:588} INFO - Filling up the DagBag from /home/airflow/.local/lib/python3.12/site-packages/airflow/example_dags/example_dynamic_task_mapping_with_no_taskflow_operators.py
[2025-11-09T20:49:13.053+0000] {processor.py:925} INFO - DAG(s) 'example_dynamic_task_mapping_with_no_taskflow_operators' retrieved from /home/airflow/.local/lib/python3.12/site-packages/airflow/example_dags/example_dynamic_task_mapping_with_no_taskflow_operators.py
[2025-11-09T20:49:13.095+0000] {logging_mixin.py:190} INFO - [2025-11-09T20:49:13.094+0000] {dag.py:3239} INFO - Sync 1 DAGs
[2025-11-09T20:49:13.125+0000] {logging_mixin.py:190} INFO - [2025-11-09T20:49:13.125+0000] {dag.py:4180} INFO - Setting next_dagrun for example_dynamic_task_mapping_with_no_taskflow_operators to None, run_after=None
[2025-11-09T20:49:13.509+0000] {processor.py:208} INFO - Processing /home/airflow/.local/lib/python3.12/site-packages/airflow/example_dags/example_dynamic_task_mapping_with_no_taskflow_operators.py took 0.494 seconds
[2025-11-09T20:49:44.027+0000] {processor.py:186} INFO - Started process (PID=2814) to work on /home/airflow/.local/lib/python3.12/site-packages/airflow/example_dags/example_dynamic_task_mapping_with_no_taskflow_operators.py
[2025-11-09T20:49:44.029+0000] {processor.py:914} INFO - Processing file /home/airflow/.local/lib/python3.12/site-packages/airflow/example_dags/example_dynamic_task_mapping_with_no_taskflow_operators.py for tasks to queue
[2025-11-09T20:49:44.033+0000] {logging_mixin.py:190} INFO - [2025-11-09T20:49:44.032+0000] {dagbag.py:588} INFO - Filling up the DagBag from /home/airflow/.local/lib/python3.12/site-packages/airflow/example_dags/example_dynamic_task_mapping_with_no_taskflow_operators.py
[2025-11-09T20:49:44.046+0000] {processor.py:925} INFO - DAG(s) 'example_dynamic_task_mapping_with_no_taskflow_operators' retrieved from /home/airflow/.local/lib/python3.12/site-packages/airflow/example_dags/example_dynamic_task_mapping_with_no_taskflow_operators.py
[2025-11-09T20:49:44.082+0000] {logging_mixin.py:190} INFO - [2025-11-09T20:49:44.082+0000] {dag.py:3239} INFO - Sync 1 DAGs
[2025-11-09T20:49:44.109+0000] {logging_mixin.py:190} INFO - [2025-11-09T20:49:44.108+0000] {dag.py:4180} INFO - Setting next_dagrun for example_dynamic_task_mapping_with_no_taskflow_operators to None, run_after=None
[2025-11-09T20:49:44.391+0000] {processor.py:208} INFO - Processing /home/airflow/.local/lib/python3.12/site-packages/airflow/example_dags/example_dynamic_task_mapping_with_no_taskflow_operators.py took 0.372 seconds
[2025-11-09T20:50:14.928+0000] {processor.py:186} INFO - Started process (PID=2879) to work on /home/airflow/.local/lib/python3.12/site-packages/airflow/example_dags/example_dynamic_task_mapping_with_no_taskflow_operators.py
[2025-11-09T20:50:14.930+0000] {processor.py:914} INFO - Processing file /home/airflow/.local/lib/python3.12/site-packages/airflow/example_dags/example_dynamic_task_mapping_with_no_taskflow_operators.py for tasks to queue
[2025-11-09T20:50:14.937+0000] {logging_mixin.py:190} INFO - [2025-11-09T20:50:14.936+0000] {dagbag.py:588} INFO - Filling up the DagBag from /home/airflow/.local/lib/python3.12/site-packages/airflow/example_dags/example_dynamic_task_mapping_with_no_taskflow_operators.py
[2025-11-09T20:50:14.952+0000] {processor.py:925} INFO - DAG(s) 'example_dynamic_task_mapping_with_no_taskflow_operators' retrieved from /home/airflow/.local/lib/python3.12/site-packages/airflow/example_dags/example_dynamic_task_mapping_with_no_taskflow_operators.py
[2025-11-09T20:50:14.993+0000] {logging_mixin.py:190} INFO - [2025-11-09T20:50:14.993+0000] {dag.py:3239} INFO - Sync 1 DAGs
[2025-11-09T20:50:15.024+0000] {logging_mixin.py:190} INFO - [2025-11-09T20:50:15.024+0000] {dag.py:4180} INFO - Setting next_dagrun for example_dynamic_task_mapping_with_no_taskflow_operators to None, run_after=None
[2025-11-09T20:50:15.069+0000] {processor.py:208} INFO - Processing /home/airflow/.local/lib/python3.12/site-packages/airflow/example_dags/example_dynamic_task_mapping_with_no_taskflow_operators.py took 0.154 seconds
[2025-11-09T20:50:46.838+0000] {processor.py:186} INFO - Started process (PID=2941) to work on /home/airflow/.local/lib/python3.12/site-packages/airflow/example_dags/example_dynamic_task_mapping_with_no_taskflow_operators.py
[2025-11-09T20:50:46.841+0000] {processor.py:914} INFO - Processing file /home/airflow/.local/lib/python3.12/site-packages/airflow/example_dags/example_dynamic_task_mapping_with_no_taskflow_operators.py for tasks to queue
[2025-11-09T20:50:46.849+0000] {logging_mixin.py:190} INFO - [2025-11-09T20:50:46.848+0000] {dagbag.py:588} INFO - Filling up the DagBag from /home/airflow/.local/lib/python3.12/site-packages/airflow/example_dags/example_dynamic_task_mapping_with_no_taskflow_operators.py
[2025-11-09T20:50:46.875+0000] {processor.py:925} INFO - DAG(s) 'example_dynamic_task_mapping_with_no_taskflow_operators' retrieved from /home/airflow/.local/lib/python3.12/site-packages/airflow/example_dags/example_dynamic_task_mapping_with_no_taskflow_operators.py
[2025-11-09T20:50:46.936+0000] {logging_mixin.py:190} INFO - [2025-11-09T20:50:46.936+0000] {dag.py:3239} INFO - Sync 1 DAGs
[2025-11-09T20:50:46.979+0000] {logging_mixin.py:190} INFO - [2025-11-09T20:50:46.979+0000] {dag.py:4180} INFO - Setting next_dagrun for example_dynamic_task_mapping_with_no_taskflow_operators to None, run_after=None
[2025-11-09T20:50:47.028+0000] {processor.py:208} INFO - Processing /home/airflow/.local/lib/python3.12/site-packages/airflow/example_dags/example_dynamic_task_mapping_with_no_taskflow_operators.py took 0.211 seconds
[2025-11-09T20:51:17.657+0000] {processor.py:186} INFO - Started process (PID=3006) to work on /home/airflow/.local/lib/python3.12/site-packages/airflow/example_dags/example_dynamic_task_mapping_with_no_taskflow_operators.py
[2025-11-09T20:51:17.660+0000] {processor.py:914} INFO - Processing file /home/airflow/.local/lib/python3.12/site-packages/airflow/example_dags/example_dynamic_task_mapping_with_no_taskflow_operators.py for tasks to queue
[2025-11-09T20:51:17.665+0000] {logging_mixin.py:190} INFO - [2025-11-09T20:51:17.665+0000] {dagbag.py:588} INFO - Filling up the DagBag from /home/airflow/.local/lib/python3.12/site-packages/airflow/example_dags/example_dynamic_task_mapping_with_no_taskflow_operators.py
[2025-11-09T20:51:17.685+0000] {processor.py:925} INFO - DAG(s) 'example_dynamic_task_mapping_with_no_taskflow_operators' retrieved from /home/airflow/.local/lib/python3.12/site-packages/airflow/example_dags/example_dynamic_task_mapping_with_no_taskflow_operators.py
[2025-11-09T20:51:17.731+0000] {logging_mixin.py:190} INFO - [2025-11-09T20:51:17.730+0000] {dag.py:3239} INFO - Sync 1 DAGs
[2025-11-09T20:51:17.763+0000] {logging_mixin.py:190} INFO - [2025-11-09T20:51:17.763+0000] {dag.py:4180} INFO - Setting next_dagrun for example_dynamic_task_mapping_with_no_taskflow_operators to None, run_after=None
[2025-11-09T20:51:17.806+0000] {processor.py:208} INFO - Processing /home/airflow/.local/lib/python3.12/site-packages/airflow/example_dags/example_dynamic_task_mapping_with_no_taskflow_operators.py took 0.164 seconds
[2025-11-09T20:51:47.911+0000] {processor.py:186} INFO - Started process (PID=3069) to work on /home/airflow/.local/lib/python3.12/site-packages/airflow/example_dags/example_dynamic_task_mapping_with_no_taskflow_operators.py
[2025-11-09T20:51:47.913+0000] {processor.py:914} INFO - Processing file /home/airflow/.local/lib/python3.12/site-packages/airflow/example_dags/example_dynamic_task_mapping_with_no_taskflow_operators.py for tasks to queue
[2025-11-09T20:51:47.917+0000] {logging_mixin.py:190} INFO - [2025-11-09T20:51:47.917+0000] {dagbag.py:588} INFO - Filling up the DagBag from /home/airflow/.local/lib/python3.12/site-packages/airflow/example_dags/example_dynamic_task_mapping_with_no_taskflow_operators.py
[2025-11-09T20:51:47.931+0000] {processor.py:925} INFO - DAG(s) 'example_dynamic_task_mapping_with_no_taskflow_operators' retrieved from /home/airflow/.local/lib/python3.12/site-packages/airflow/example_dags/example_dynamic_task_mapping_with_no_taskflow_operators.py
[2025-11-09T20:51:47.966+0000] {logging_mixin.py:190} INFO - [2025-11-09T20:51:47.966+0000] {dag.py:3239} INFO - Sync 1 DAGs
[2025-11-09T20:51:47.993+0000] {logging_mixin.py:190} INFO - [2025-11-09T20:51:47.992+0000] {dag.py:4180} INFO - Setting next_dagrun for example_dynamic_task_mapping_with_no_taskflow_operators to None, run_after=None
[2025-11-09T20:51:48.021+0000] {processor.py:208} INFO - Processing /home/airflow/.local/lib/python3.12/site-packages/airflow/example_dags/example_dynamic_task_mapping_with_no_taskflow_operators.py took 0.120 seconds
[2025-11-09T20:52:18.436+0000] {processor.py:186} INFO - Started process (PID=3138) to work on /home/airflow/.local/lib/python3.12/site-packages/airflow/example_dags/example_dynamic_task_mapping_with_no_taskflow_operators.py
[2025-11-09T20:52:18.439+0000] {processor.py:914} INFO - Processing file /home/airflow/.local/lib/python3.12/site-packages/airflow/example_dags/example_dynamic_task_mapping_with_no_taskflow_operators.py for tasks to queue
[2025-11-09T20:52:18.446+0000] {logging_mixin.py:190} INFO - [2025-11-09T20:52:18.445+0000] {dagbag.py:588} INFO - Filling up the DagBag from /home/airflow/.local/lib/python3.12/site-packages/airflow/example_dags/example_dynamic_task_mapping_with_no_taskflow_operators.py
[2025-11-09T20:52:18.463+0000] {processor.py:925} INFO - DAG(s) 'example_dynamic_task_mapping_with_no_taskflow_operators' retrieved from /home/airflow/.local/lib/python3.12/site-packages/airflow/example_dags/example_dynamic_task_mapping_with_no_taskflow_operators.py
[2025-11-09T20:52:18.502+0000] {logging_mixin.py:190} INFO - [2025-11-09T20:52:18.502+0000] {dag.py:3239} INFO - Sync 1 DAGs
[2025-11-09T20:52:18.532+0000] {logging_mixin.py:190} INFO - [2025-11-09T20:52:18.531+0000] {dag.py:4180} INFO - Setting next_dagrun for example_dynamic_task_mapping_with_no_taskflow_operators to None, run_after=None
[2025-11-09T20:52:18.570+0000] {processor.py:208} INFO - Processing /home/airflow/.local/lib/python3.12/site-packages/airflow/example_dags/example_dynamic_task_mapping_with_no_taskflow_operators.py took 0.148 seconds
[2025-11-09T20:52:48.790+0000] {processor.py:186} INFO - Started process (PID=3201) to work on /home/airflow/.local/lib/python3.12/site-packages/airflow/example_dags/example_dynamic_task_mapping_with_no_taskflow_operators.py
[2025-11-09T20:52:48.792+0000] {processor.py:914} INFO - Processing file /home/airflow/.local/lib/python3.12/site-packages/airflow/example_dags/example_dynamic_task_mapping_with_no_taskflow_operators.py for tasks to queue
[2025-11-09T20:52:48.798+0000] {logging_mixin.py:190} INFO - [2025-11-09T20:52:48.798+0000] {dagbag.py:588} INFO - Filling up the DagBag from /home/airflow/.local/lib/python3.12/site-packages/airflow/example_dags/example_dynamic_task_mapping_with_no_taskflow_operators.py
[2025-11-09T20:52:48.821+0000] {processor.py:925} INFO - DAG(s) 'example_dynamic_task_mapping_with_no_taskflow_operators' retrieved from /home/airflow/.local/lib/python3.12/site-packages/airflow/example_dags/example_dynamic_task_mapping_with_no_taskflow_operators.py
[2025-11-09T20:52:48.869+0000] {logging_mixin.py:190} INFO - [2025-11-09T20:52:48.868+0000] {dag.py:3239} INFO - Sync 1 DAGs
[2025-11-09T20:52:48.910+0000] {logging_mixin.py:190} INFO - [2025-11-09T20:52:48.910+0000] {dag.py:4180} INFO - Setting next_dagrun for example_dynamic_task_mapping_with_no_taskflow_operators to None, run_after=None
[2025-11-09T20:52:48.950+0000] {processor.py:208} INFO - Processing /home/airflow/.local/lib/python3.12/site-packages/airflow/example_dags/example_dynamic_task_mapping_with_no_taskflow_operators.py took 0.170 seconds
[2025-11-09T20:53:19.510+0000] {processor.py:186} INFO - Started process (PID=3264) to work on /home/airflow/.local/lib/python3.12/site-packages/airflow/example_dags/example_dynamic_task_mapping_with_no_taskflow_operators.py
[2025-11-09T20:53:19.513+0000] {processor.py:914} INFO - Processing file /home/airflow/.local/lib/python3.12/site-packages/airflow/example_dags/example_dynamic_task_mapping_with_no_taskflow_operators.py for tasks to queue
[2025-11-09T20:53:19.522+0000] {logging_mixin.py:190} INFO - [2025-11-09T20:53:19.521+0000] {dagbag.py:588} INFO - Filling up the DagBag from /home/airflow/.local/lib/python3.12/site-packages/airflow/example_dags/example_dynamic_task_mapping_with_no_taskflow_operators.py
[2025-11-09T20:53:19.552+0000] {processor.py:925} INFO - DAG(s) 'example_dynamic_task_mapping_with_no_taskflow_operators' retrieved from /home/airflow/.local/lib/python3.12/site-packages/airflow/example_dags/example_dynamic_task_mapping_with_no_taskflow_operators.py
[2025-11-09T20:53:19.625+0000] {logging_mixin.py:190} INFO - [2025-11-09T20:53:19.624+0000] {dag.py:3239} INFO - Sync 1 DAGs
[2025-11-09T20:53:19.687+0000] {logging_mixin.py:190} INFO - [2025-11-09T20:53:19.686+0000] {dag.py:4180} INFO - Setting next_dagrun for example_dynamic_task_mapping_with_no_taskflow_operators to None, run_after=None
[2025-11-09T20:53:19.747+0000] {processor.py:208} INFO - Processing /home/airflow/.local/lib/python3.12/site-packages/airflow/example_dags/example_dynamic_task_mapping_with_no_taskflow_operators.py took 0.261 seconds
[2025-11-09T20:53:50.199+0000] {processor.py:186} INFO - Started process (PID=3328) to work on /home/airflow/.local/lib/python3.12/site-packages/airflow/example_dags/example_dynamic_task_mapping_with_no_taskflow_operators.py
[2025-11-09T20:53:50.201+0000] {processor.py:914} INFO - Processing file /home/airflow/.local/lib/python3.12/site-packages/airflow/example_dags/example_dynamic_task_mapping_with_no_taskflow_operators.py for tasks to queue
[2025-11-09T20:53:50.207+0000] {logging_mixin.py:190} INFO - [2025-11-09T20:53:50.206+0000] {dagbag.py:588} INFO - Filling up the DagBag from /home/airflow/.local/lib/python3.12/site-packages/airflow/example_dags/example_dynamic_task_mapping_with_no_taskflow_operators.py
[2025-11-09T20:53:50.234+0000] {processor.py:925} INFO - DAG(s) 'example_dynamic_task_mapping_with_no_taskflow_operators' retrieved from /home/airflow/.local/lib/python3.12/site-packages/airflow/example_dags/example_dynamic_task_mapping_with_no_taskflow_operators.py
[2025-11-09T20:53:50.291+0000] {logging_mixin.py:190} INFO - [2025-11-09T20:53:50.290+0000] {dag.py:3239} INFO - Sync 1 DAGs
[2025-11-09T20:53:50.328+0000] {logging_mixin.py:190} INFO - [2025-11-09T20:53:50.327+0000] {dag.py:4180} INFO - Setting next_dagrun for example_dynamic_task_mapping_with_no_taskflow_operators to None, run_after=None
[2025-11-09T20:53:50.384+0000] {processor.py:208} INFO - Processing /home/airflow/.local/lib/python3.12/site-packages/airflow/example_dags/example_dynamic_task_mapping_with_no_taskflow_operators.py took 0.199 seconds
[2025-11-09T20:54:21.243+0000] {processor.py:186} INFO - Started process (PID=3392) to work on /home/airflow/.local/lib/python3.12/site-packages/airflow/example_dags/example_dynamic_task_mapping_with_no_taskflow_operators.py
[2025-11-09T20:54:21.245+0000] {processor.py:914} INFO - Processing file /home/airflow/.local/lib/python3.12/site-packages/airflow/example_dags/example_dynamic_task_mapping_with_no_taskflow_operators.py for tasks to queue
[2025-11-09T20:54:21.252+0000] {logging_mixin.py:190} INFO - [2025-11-09T20:54:21.251+0000] {dagbag.py:588} INFO - Filling up the DagBag from /home/airflow/.local/lib/python3.12/site-packages/airflow/example_dags/example_dynamic_task_mapping_with_no_taskflow_operators.py
[2025-11-09T20:54:21.278+0000] {processor.py:925} INFO - DAG(s) 'example_dynamic_task_mapping_with_no_taskflow_operators' retrieved from /home/airflow/.local/lib/python3.12/site-packages/airflow/example_dags/example_dynamic_task_mapping_with_no_taskflow_operators.py
[2025-11-09T20:54:21.331+0000] {logging_mixin.py:190} INFO - [2025-11-09T20:54:21.330+0000] {dag.py:3239} INFO - Sync 1 DAGs
[2025-11-09T20:54:21.366+0000] {logging_mixin.py:190} INFO - [2025-11-09T20:54:21.366+0000] {dag.py:4180} INFO - Setting next_dagrun for example_dynamic_task_mapping_with_no_taskflow_operators to None, run_after=None
[2025-11-09T20:54:21.407+0000] {processor.py:208} INFO - Processing /home/airflow/.local/lib/python3.12/site-packages/airflow/example_dags/example_dynamic_task_mapping_with_no_taskflow_operators.py took 0.181 seconds
[2025-11-09T20:54:51.528+0000] {processor.py:186} INFO - Started process (PID=3457) to work on /home/airflow/.local/lib/python3.12/site-packages/airflow/example_dags/example_dynamic_task_mapping_with_no_taskflow_operators.py
[2025-11-09T20:54:51.530+0000] {processor.py:914} INFO - Processing file /home/airflow/.local/lib/python3.12/site-packages/airflow/example_dags/example_dynamic_task_mapping_with_no_taskflow_operators.py for tasks to queue
[2025-11-09T20:54:51.536+0000] {logging_mixin.py:190} INFO - [2025-11-09T20:54:51.535+0000] {dagbag.py:588} INFO - Filling up the DagBag from /home/airflow/.local/lib/python3.12/site-packages/airflow/example_dags/example_dynamic_task_mapping_with_no_taskflow_operators.py
[2025-11-09T20:54:51.555+0000] {processor.py:925} INFO - DAG(s) 'example_dynamic_task_mapping_with_no_taskflow_operators' retrieved from /home/airflow/.local/lib/python3.12/site-packages/airflow/example_dags/example_dynamic_task_mapping_with_no_taskflow_operators.py
[2025-11-09T20:54:51.594+0000] {logging_mixin.py:190} INFO - [2025-11-09T20:54:51.593+0000] {dag.py:3239} INFO - Sync 1 DAGs
[2025-11-09T20:54:51.621+0000] {logging_mixin.py:190} INFO - [2025-11-09T20:54:51.620+0000] {dag.py:4180} INFO - Setting next_dagrun for example_dynamic_task_mapping_with_no_taskflow_operators to None, run_after=None
[2025-11-09T20:54:51.680+0000] {processor.py:208} INFO - Processing /home/airflow/.local/lib/python3.12/site-packages/airflow/example_dags/example_dynamic_task_mapping_with_no_taskflow_operators.py took 0.165 seconds
[2025-11-09T20:55:21.852+0000] {processor.py:186} INFO - Started process (PID=3521) to work on /home/airflow/.local/lib/python3.12/site-packages/airflow/example_dags/example_dynamic_task_mapping_with_no_taskflow_operators.py
[2025-11-09T20:55:21.854+0000] {processor.py:914} INFO - Processing file /home/airflow/.local/lib/python3.12/site-packages/airflow/example_dags/example_dynamic_task_mapping_with_no_taskflow_operators.py for tasks to queue
[2025-11-09T20:55:21.859+0000] {logging_mixin.py:190} INFO - [2025-11-09T20:55:21.858+0000] {dagbag.py:588} INFO - Filling up the DagBag from /home/airflow/.local/lib/python3.12/site-packages/airflow/example_dags/example_dynamic_task_mapping_with_no_taskflow_operators.py
[2025-11-09T20:55:21.879+0000] {processor.py:925} INFO - DAG(s) 'example_dynamic_task_mapping_with_no_taskflow_operators' retrieved from /home/airflow/.local/lib/python3.12/site-packages/airflow/example_dags/example_dynamic_task_mapping_with_no_taskflow_operators.py
[2025-11-09T20:55:21.916+0000] {logging_mixin.py:190} INFO - [2025-11-09T20:55:21.915+0000] {dag.py:3239} INFO - Sync 1 DAGs
[2025-11-09T20:55:21.940+0000] {logging_mixin.py:190} INFO - [2025-11-09T20:55:21.940+0000] {dag.py:4180} INFO - Setting next_dagrun for example_dynamic_task_mapping_with_no_taskflow_operators to None, run_after=None
[2025-11-09T20:55:21.970+0000] {processor.py:208} INFO - Processing /home/airflow/.local/lib/python3.12/site-packages/airflow/example_dags/example_dynamic_task_mapping_with_no_taskflow_operators.py took 0.134 seconds
[2025-11-09T20:55:52.313+0000] {processor.py:186} INFO - Started process (PID=3589) to work on /home/airflow/.local/lib/python3.12/site-packages/airflow/example_dags/example_dynamic_task_mapping_with_no_taskflow_operators.py
[2025-11-09T20:55:52.315+0000] {processor.py:914} INFO - Processing file /home/airflow/.local/lib/python3.12/site-packages/airflow/example_dags/example_dynamic_task_mapping_with_no_taskflow_operators.py for tasks to queue
[2025-11-09T20:55:52.322+0000] {logging_mixin.py:190} INFO - [2025-11-09T20:55:52.321+0000] {dagbag.py:588} INFO - Filling up the DagBag from /home/airflow/.local/lib/python3.12/site-packages/airflow/example_dags/example_dynamic_task_mapping_with_no_taskflow_operators.py
[2025-11-09T20:55:52.355+0000] {processor.py:925} INFO - DAG(s) 'example_dynamic_task_mapping_with_no_taskflow_operators' retrieved from /home/airflow/.local/lib/python3.12/site-packages/airflow/example_dags/example_dynamic_task_mapping_with_no_taskflow_operators.py
[2025-11-09T20:55:52.401+0000] {logging_mixin.py:190} INFO - [2025-11-09T20:55:52.401+0000] {dag.py:3239} INFO - Sync 1 DAGs
[2025-11-09T20:55:52.441+0000] {logging_mixin.py:190} INFO - [2025-11-09T20:55:52.440+0000] {dag.py:4180} INFO - Setting next_dagrun for example_dynamic_task_mapping_with_no_taskflow_operators to None, run_after=None
[2025-11-09T20:55:52.484+0000] {processor.py:208} INFO - Processing /home/airflow/.local/lib/python3.12/site-packages/airflow/example_dags/example_dynamic_task_mapping_with_no_taskflow_operators.py took 0.184 seconds
[2025-11-09T20:56:23.073+0000] {processor.py:186} INFO - Started process (PID=3654) to work on /home/airflow/.local/lib/python3.12/site-packages/airflow/example_dags/example_dynamic_task_mapping_with_no_taskflow_operators.py
[2025-11-09T20:56:23.075+0000] {processor.py:914} INFO - Processing file /home/airflow/.local/lib/python3.12/site-packages/airflow/example_dags/example_dynamic_task_mapping_with_no_taskflow_operators.py for tasks to queue
[2025-11-09T20:56:23.083+0000] {logging_mixin.py:190} INFO - [2025-11-09T20:56:23.082+0000] {dagbag.py:588} INFO - Filling up the DagBag from /home/airflow/.local/lib/python3.12/site-packages/airflow/example_dags/example_dynamic_task_mapping_with_no_taskflow_operators.py
[2025-11-09T20:56:23.104+0000] {processor.py:925} INFO - DAG(s) 'example_dynamic_task_mapping_with_no_taskflow_operators' retrieved from /home/airflow/.local/lib/python3.12/site-packages/airflow/example_dags/example_dynamic_task_mapping_with_no_taskflow_operators.py
[2025-11-09T20:56:23.151+0000] {logging_mixin.py:190} INFO - [2025-11-09T20:56:23.150+0000] {dag.py:3239} INFO - Sync 1 DAGs
[2025-11-09T20:56:23.185+0000] {logging_mixin.py:190} INFO - [2025-11-09T20:56:23.185+0000] {dag.py:4180} INFO - Setting next_dagrun for example_dynamic_task_mapping_with_no_taskflow_operators to None, run_after=None
[2025-11-09T20:56:23.227+0000] {processor.py:208} INFO - Processing /home/airflow/.local/lib/python3.12/site-packages/airflow/example_dags/example_dynamic_task_mapping_with_no_taskflow_operators.py took 0.170 seconds
[2025-11-09T20:56:53.409+0000] {processor.py:186} INFO - Started process (PID=3713) to work on /home/airflow/.local/lib/python3.12/site-packages/airflow/example_dags/example_dynamic_task_mapping_with_no_taskflow_operators.py
[2025-11-09T20:56:53.411+0000] {processor.py:914} INFO - Processing file /home/airflow/.local/lib/python3.12/site-packages/airflow/example_dags/example_dynamic_task_mapping_with_no_taskflow_operators.py for tasks to queue
[2025-11-09T20:56:53.416+0000] {logging_mixin.py:190} INFO - [2025-11-09T20:56:53.415+0000] {dagbag.py:588} INFO - Filling up the DagBag from /home/airflow/.local/lib/python3.12/site-packages/airflow/example_dags/example_dynamic_task_mapping_with_no_taskflow_operators.py
[2025-11-09T20:56:53.431+0000] {processor.py:925} INFO - DAG(s) 'example_dynamic_task_mapping_with_no_taskflow_operators' retrieved from /home/airflow/.local/lib/python3.12/site-packages/airflow/example_dags/example_dynamic_task_mapping_with_no_taskflow_operators.py
[2025-11-09T20:56:53.473+0000] {logging_mixin.py:190} INFO - [2025-11-09T20:56:53.473+0000] {dag.py:3239} INFO - Sync 1 DAGs
[2025-11-09T20:56:53.499+0000] {logging_mixin.py:190} INFO - [2025-11-09T20:56:53.498+0000] {dag.py:4180} INFO - Setting next_dagrun for example_dynamic_task_mapping_with_no_taskflow_operators to None, run_after=None
[2025-11-09T20:56:53.532+0000] {processor.py:208} INFO - Processing /home/airflow/.local/lib/python3.12/site-packages/airflow/example_dags/example_dynamic_task_mapping_with_no_taskflow_operators.py took 0.135 seconds
[2025-11-09T20:57:23.831+0000] {processor.py:186} INFO - Started process (PID=3777) to work on /home/airflow/.local/lib/python3.12/site-packages/airflow/example_dags/example_dynamic_task_mapping_with_no_taskflow_operators.py
[2025-11-09T20:57:23.833+0000] {processor.py:914} INFO - Processing file /home/airflow/.local/lib/python3.12/site-packages/airflow/example_dags/example_dynamic_task_mapping_with_no_taskflow_operators.py for tasks to queue
[2025-11-09T20:57:23.839+0000] {logging_mixin.py:190} INFO - [2025-11-09T20:57:23.838+0000] {dagbag.py:588} INFO - Filling up the DagBag from /home/airflow/.local/lib/python3.12/site-packages/airflow/example_dags/example_dynamic_task_mapping_with_no_taskflow_operators.py
[2025-11-09T20:57:23.853+0000] {processor.py:925} INFO - DAG(s) 'example_dynamic_task_mapping_with_no_taskflow_operators' retrieved from /home/airflow/.local/lib/python3.12/site-packages/airflow/example_dags/example_dynamic_task_mapping_with_no_taskflow_operators.py
[2025-11-09T20:57:23.887+0000] {logging_mixin.py:190} INFO - [2025-11-09T20:57:23.887+0000] {dag.py:3239} INFO - Sync 1 DAGs
[2025-11-09T20:57:23.909+0000] {logging_mixin.py:190} INFO - [2025-11-09T20:57:23.909+0000] {dag.py:4180} INFO - Setting next_dagrun for example_dynamic_task_mapping_with_no_taskflow_operators to None, run_after=None
[2025-11-09T20:57:23.937+0000] {processor.py:208} INFO - Processing /home/airflow/.local/lib/python3.12/site-packages/airflow/example_dags/example_dynamic_task_mapping_with_no_taskflow_operators.py took 0.116 seconds
[2025-11-09T20:57:54.235+0000] {processor.py:186} INFO - Started process (PID=3841) to work on /home/airflow/.local/lib/python3.12/site-packages/airflow/example_dags/example_dynamic_task_mapping_with_no_taskflow_operators.py
[2025-11-09T20:57:54.238+0000] {processor.py:914} INFO - Processing file /home/airflow/.local/lib/python3.12/site-packages/airflow/example_dags/example_dynamic_task_mapping_with_no_taskflow_operators.py for tasks to queue
[2025-11-09T20:57:54.246+0000] {logging_mixin.py:190} INFO - [2025-11-09T20:57:54.245+0000] {dagbag.py:588} INFO - Filling up the DagBag from /home/airflow/.local/lib/python3.12/site-packages/airflow/example_dags/example_dynamic_task_mapping_with_no_taskflow_operators.py
[2025-11-09T20:57:54.269+0000] {processor.py:925} INFO - DAG(s) 'example_dynamic_task_mapping_with_no_taskflow_operators' retrieved from /home/airflow/.local/lib/python3.12/site-packages/airflow/example_dags/example_dynamic_task_mapping_with_no_taskflow_operators.py
[2025-11-09T20:57:54.330+0000] {logging_mixin.py:190} INFO - [2025-11-09T20:57:54.329+0000] {dag.py:3239} INFO - Sync 1 DAGs
[2025-11-09T20:57:54.366+0000] {logging_mixin.py:190} INFO - [2025-11-09T20:57:54.366+0000] {dag.py:4180} INFO - Setting next_dagrun for example_dynamic_task_mapping_with_no_taskflow_operators to None, run_after=None
[2025-11-09T20:57:54.403+0000] {processor.py:208} INFO - Processing /home/airflow/.local/lib/python3.12/site-packages/airflow/example_dags/example_dynamic_task_mapping_with_no_taskflow_operators.py took 0.180 seconds
[2025-11-09T20:58:24.903+0000] {processor.py:186} INFO - Started process (PID=3906) to work on /home/airflow/.local/lib/python3.12/site-packages/airflow/example_dags/example_dynamic_task_mapping_with_no_taskflow_operators.py
[2025-11-09T20:58:24.905+0000] {processor.py:914} INFO - Processing file /home/airflow/.local/lib/python3.12/site-packages/airflow/example_dags/example_dynamic_task_mapping_with_no_taskflow_operators.py for tasks to queue
[2025-11-09T20:58:24.912+0000] {logging_mixin.py:190} INFO - [2025-11-09T20:58:24.911+0000] {dagbag.py:588} INFO - Filling up the DagBag from /home/airflow/.local/lib/python3.12/site-packages/airflow/example_dags/example_dynamic_task_mapping_with_no_taskflow_operators.py
[2025-11-09T20:58:24.929+0000] {processor.py:925} INFO - DAG(s) 'example_dynamic_task_mapping_with_no_taskflow_operators' retrieved from /home/airflow/.local/lib/python3.12/site-packages/airflow/example_dags/example_dynamic_task_mapping_with_no_taskflow_operators.py
[2025-11-09T20:58:24.968+0000] {logging_mixin.py:190} INFO - [2025-11-09T20:58:24.967+0000] {dag.py:3239} INFO - Sync 1 DAGs
[2025-11-09T20:58:24.994+0000] {logging_mixin.py:190} INFO - [2025-11-09T20:58:24.994+0000] {dag.py:4180} INFO - Setting next_dagrun for example_dynamic_task_mapping_with_no_taskflow_operators to None, run_after=None
[2025-11-09T20:58:25.029+0000] {processor.py:208} INFO - Processing /home/airflow/.local/lib/python3.12/site-packages/airflow/example_dags/example_dynamic_task_mapping_with_no_taskflow_operators.py took 0.138 seconds
[2025-11-09T20:58:55.330+0000] {processor.py:186} INFO - Started process (PID=3970) to work on /home/airflow/.local/lib/python3.12/site-packages/airflow/example_dags/example_dynamic_task_mapping_with_no_taskflow_operators.py
[2025-11-09T20:58:55.333+0000] {processor.py:914} INFO - Processing file /home/airflow/.local/lib/python3.12/site-packages/airflow/example_dags/example_dynamic_task_mapping_with_no_taskflow_operators.py for tasks to queue
[2025-11-09T20:58:55.338+0000] {logging_mixin.py:190} INFO - [2025-11-09T20:58:55.338+0000] {dagbag.py:588} INFO - Filling up the DagBag from /home/airflow/.local/lib/python3.12/site-packages/airflow/example_dags/example_dynamic_task_mapping_with_no_taskflow_operators.py
[2025-11-09T20:58:55.352+0000] {processor.py:925} INFO - DAG(s) 'example_dynamic_task_mapping_with_no_taskflow_operators' retrieved from /home/airflow/.local/lib/python3.12/site-packages/airflow/example_dags/example_dynamic_task_mapping_with_no_taskflow_operators.py
[2025-11-09T20:58:55.392+0000] {logging_mixin.py:190} INFO - [2025-11-09T20:58:55.392+0000] {dag.py:3239} INFO - Sync 1 DAGs
[2025-11-09T20:58:55.418+0000] {logging_mixin.py:190} INFO - [2025-11-09T20:58:55.417+0000] {dag.py:4180} INFO - Setting next_dagrun for example_dynamic_task_mapping_with_no_taskflow_operators to None, run_after=None
[2025-11-09T20:58:55.453+0000] {processor.py:208} INFO - Processing /home/airflow/.local/lib/python3.12/site-packages/airflow/example_dags/example_dynamic_task_mapping_with_no_taskflow_operators.py took 0.137 seconds
[2025-11-09T20:59:25.629+0000] {processor.py:186} INFO - Started process (PID=4034) to work on /home/airflow/.local/lib/python3.12/site-packages/airflow/example_dags/example_dynamic_task_mapping_with_no_taskflow_operators.py
[2025-11-09T20:59:25.632+0000] {processor.py:914} INFO - Processing file /home/airflow/.local/lib/python3.12/site-packages/airflow/example_dags/example_dynamic_task_mapping_with_no_taskflow_operators.py for tasks to queue
[2025-11-09T20:59:25.641+0000] {logging_mixin.py:190} INFO - [2025-11-09T20:59:25.640+0000] {dagbag.py:588} INFO - Filling up the DagBag from /home/airflow/.local/lib/python3.12/site-packages/airflow/example_dags/example_dynamic_task_mapping_with_no_taskflow_operators.py
[2025-11-09T20:59:25.664+0000] {processor.py:925} INFO - DAG(s) 'example_dynamic_task_mapping_with_no_taskflow_operators' retrieved from /home/airflow/.local/lib/python3.12/site-packages/airflow/example_dags/example_dynamic_task_mapping_with_no_taskflow_operators.py
[2025-11-09T20:59:25.718+0000] {logging_mixin.py:190} INFO - [2025-11-09T20:59:25.717+0000] {dag.py:3239} INFO - Sync 1 DAGs
[2025-11-09T20:59:25.766+0000] {logging_mixin.py:190} INFO - [2025-11-09T20:59:25.766+0000] {dag.py:4180} INFO - Setting next_dagrun for example_dynamic_task_mapping_with_no_taskflow_operators to None, run_after=None
[2025-11-09T20:59:25.813+0000] {processor.py:208} INFO - Processing /home/airflow/.local/lib/python3.12/site-packages/airflow/example_dags/example_dynamic_task_mapping_with_no_taskflow_operators.py took 0.202 seconds
[2025-11-09T20:59:56.176+0000] {processor.py:186} INFO - Started process (PID=4098) to work on /home/airflow/.local/lib/python3.12/site-packages/airflow/example_dags/example_dynamic_task_mapping_with_no_taskflow_operators.py
[2025-11-09T20:59:56.179+0000] {processor.py:914} INFO - Processing file /home/airflow/.local/lib/python3.12/site-packages/airflow/example_dags/example_dynamic_task_mapping_with_no_taskflow_operators.py for tasks to queue
[2025-11-09T20:59:56.190+0000] {logging_mixin.py:190} INFO - [2025-11-09T20:59:56.188+0000] {dagbag.py:588} INFO - Filling up the DagBag from /home/airflow/.local/lib/python3.12/site-packages/airflow/example_dags/example_dynamic_task_mapping_with_no_taskflow_operators.py
[2025-11-09T20:59:56.233+0000] {processor.py:925} INFO - DAG(s) 'example_dynamic_task_mapping_with_no_taskflow_operators' retrieved from /home/airflow/.local/lib/python3.12/site-packages/airflow/example_dags/example_dynamic_task_mapping_with_no_taskflow_operators.py
[2025-11-09T20:59:56.338+0000] {logging_mixin.py:190} INFO - [2025-11-09T20:59:56.337+0000] {dag.py:3239} INFO - Sync 1 DAGs
[2025-11-09T20:59:56.400+0000] {logging_mixin.py:190} INFO - [2025-11-09T20:59:56.399+0000] {dag.py:4180} INFO - Setting next_dagrun for example_dynamic_task_mapping_with_no_taskflow_operators to None, run_after=None
[2025-11-09T20:59:56.461+0000] {processor.py:208} INFO - Processing /home/airflow/.local/lib/python3.12/site-packages/airflow/example_dags/example_dynamic_task_mapping_with_no_taskflow_operators.py took 0.305 seconds
[2025-11-09T21:00:26.692+0000] {processor.py:186} INFO - Started process (PID=4162) to work on /home/airflow/.local/lib/python3.12/site-packages/airflow/example_dags/example_dynamic_task_mapping_with_no_taskflow_operators.py
[2025-11-09T21:00:26.694+0000] {processor.py:914} INFO - Processing file /home/airflow/.local/lib/python3.12/site-packages/airflow/example_dags/example_dynamic_task_mapping_with_no_taskflow_operators.py for tasks to queue
[2025-11-09T21:00:26.701+0000] {logging_mixin.py:190} INFO - [2025-11-09T21:00:26.699+0000] {dagbag.py:588} INFO - Filling up the DagBag from /home/airflow/.local/lib/python3.12/site-packages/airflow/example_dags/example_dynamic_task_mapping_with_no_taskflow_operators.py
[2025-11-09T21:00:26.721+0000] {processor.py:925} INFO - DAG(s) 'example_dynamic_task_mapping_with_no_taskflow_operators' retrieved from /home/airflow/.local/lib/python3.12/site-packages/airflow/example_dags/example_dynamic_task_mapping_with_no_taskflow_operators.py
[2025-11-09T21:00:26.762+0000] {logging_mixin.py:190} INFO - [2025-11-09T21:00:26.762+0000] {dag.py:3239} INFO - Sync 1 DAGs
[2025-11-09T21:00:26.790+0000] {logging_mixin.py:190} INFO - [2025-11-09T21:00:26.789+0000] {dag.py:4180} INFO - Setting next_dagrun for example_dynamic_task_mapping_with_no_taskflow_operators to None, run_after=None
[2025-11-09T21:00:26.825+0000] {processor.py:208} INFO - Processing /home/airflow/.local/lib/python3.12/site-packages/airflow/example_dags/example_dynamic_task_mapping_with_no_taskflow_operators.py took 0.148 seconds
[2025-11-09T21:00:57.215+0000] {processor.py:186} INFO - Started process (PID=4230) to work on /home/airflow/.local/lib/python3.12/site-packages/airflow/example_dags/example_dynamic_task_mapping_with_no_taskflow_operators.py
[2025-11-09T21:00:57.218+0000] {processor.py:914} INFO - Processing file /home/airflow/.local/lib/python3.12/site-packages/airflow/example_dags/example_dynamic_task_mapping_with_no_taskflow_operators.py for tasks to queue
[2025-11-09T21:00:57.225+0000] {logging_mixin.py:190} INFO - [2025-11-09T21:00:57.224+0000] {dagbag.py:588} INFO - Filling up the DagBag from /home/airflow/.local/lib/python3.12/site-packages/airflow/example_dags/example_dynamic_task_mapping_with_no_taskflow_operators.py
[2025-11-09T21:00:57.246+0000] {processor.py:925} INFO - DAG(s) 'example_dynamic_task_mapping_with_no_taskflow_operators' retrieved from /home/airflow/.local/lib/python3.12/site-packages/airflow/example_dags/example_dynamic_task_mapping_with_no_taskflow_operators.py
[2025-11-09T21:00:57.288+0000] {logging_mixin.py:190} INFO - [2025-11-09T21:00:57.287+0000] {dag.py:3239} INFO - Sync 1 DAGs
[2025-11-09T21:00:57.325+0000] {logging_mixin.py:190} INFO - [2025-11-09T21:00:57.324+0000] {dag.py:4180} INFO - Setting next_dagrun for example_dynamic_task_mapping_with_no_taskflow_operators to None, run_after=None
[2025-11-09T21:00:57.365+0000] {processor.py:208} INFO - Processing /home/airflow/.local/lib/python3.12/site-packages/airflow/example_dags/example_dynamic_task_mapping_with_no_taskflow_operators.py took 0.166 seconds
[2025-11-09T21:01:27.745+0000] {processor.py:186} INFO - Started process (PID=4290) to work on /home/airflow/.local/lib/python3.12/site-packages/airflow/example_dags/example_dynamic_task_mapping_with_no_taskflow_operators.py
[2025-11-09T21:01:27.747+0000] {processor.py:914} INFO - Processing file /home/airflow/.local/lib/python3.12/site-packages/airflow/example_dags/example_dynamic_task_mapping_with_no_taskflow_operators.py for tasks to queue
[2025-11-09T21:01:27.752+0000] {logging_mixin.py:190} INFO - [2025-11-09T21:01:27.752+0000] {dagbag.py:588} INFO - Filling up the DagBag from /home/airflow/.local/lib/python3.12/site-packages/airflow/example_dags/example_dynamic_task_mapping_with_no_taskflow_operators.py
[2025-11-09T21:01:27.768+0000] {processor.py:925} INFO - DAG(s) 'example_dynamic_task_mapping_with_no_taskflow_operators' retrieved from /home/airflow/.local/lib/python3.12/site-packages/airflow/example_dags/example_dynamic_task_mapping_with_no_taskflow_operators.py
[2025-11-09T21:01:27.808+0000] {logging_mixin.py:190} INFO - [2025-11-09T21:01:27.808+0000] {dag.py:3239} INFO - Sync 1 DAGs
[2025-11-09T21:01:27.835+0000] {logging_mixin.py:190} INFO - [2025-11-09T21:01:27.835+0000] {dag.py:4180} INFO - Setting next_dagrun for example_dynamic_task_mapping_with_no_taskflow_operators to None, run_after=None
[2025-11-09T21:01:27.865+0000] {processor.py:208} INFO - Processing /home/airflow/.local/lib/python3.12/site-packages/airflow/example_dags/example_dynamic_task_mapping_with_no_taskflow_operators.py took 0.132 seconds
[2025-11-09T21:01:59.046+0000] {processor.py:186} INFO - Started process (PID=4353) to work on /home/airflow/.local/lib/python3.12/site-packages/airflow/example_dags/example_dynamic_task_mapping_with_no_taskflow_operators.py
[2025-11-09T21:01:59.048+0000] {processor.py:914} INFO - Processing file /home/airflow/.local/lib/python3.12/site-packages/airflow/example_dags/example_dynamic_task_mapping_with_no_taskflow_operators.py for tasks to queue
[2025-11-09T21:01:59.053+0000] {logging_mixin.py:190} INFO - [2025-11-09T21:01:59.052+0000] {dagbag.py:588} INFO - Filling up the DagBag from /home/airflow/.local/lib/python3.12/site-packages/airflow/example_dags/example_dynamic_task_mapping_with_no_taskflow_operators.py
[2025-11-09T21:01:59.069+0000] {processor.py:925} INFO - DAG(s) 'example_dynamic_task_mapping_with_no_taskflow_operators' retrieved from /home/airflow/.local/lib/python3.12/site-packages/airflow/example_dags/example_dynamic_task_mapping_with_no_taskflow_operators.py
[2025-11-09T21:01:59.106+0000] {logging_mixin.py:190} INFO - [2025-11-09T21:01:59.106+0000] {dag.py:3239} INFO - Sync 1 DAGs
[2025-11-09T21:01:59.131+0000] {logging_mixin.py:190} INFO - [2025-11-09T21:01:59.130+0000] {dag.py:4180} INFO - Setting next_dagrun for example_dynamic_task_mapping_with_no_taskflow_operators to None, run_after=None
[2025-11-09T21:01:59.164+0000] {processor.py:208} INFO - Processing /home/airflow/.local/lib/python3.12/site-packages/airflow/example_dags/example_dynamic_task_mapping_with_no_taskflow_operators.py took 0.132 seconds
[2025-11-09T21:02:30.486+0000] {processor.py:186} INFO - Started process (PID=4418) to work on /home/airflow/.local/lib/python3.12/site-packages/airflow/example_dags/example_dynamic_task_mapping_with_no_taskflow_operators.py
[2025-11-09T21:02:30.489+0000] {processor.py:914} INFO - Processing file /home/airflow/.local/lib/python3.12/site-packages/airflow/example_dags/example_dynamic_task_mapping_with_no_taskflow_operators.py for tasks to queue
[2025-11-09T21:02:30.494+0000] {logging_mixin.py:190} INFO - [2025-11-09T21:02:30.493+0000] {dagbag.py:588} INFO - Filling up the DagBag from /home/airflow/.local/lib/python3.12/site-packages/airflow/example_dags/example_dynamic_task_mapping_with_no_taskflow_operators.py
[2025-11-09T21:02:30.513+0000] {processor.py:925} INFO - DAG(s) 'example_dynamic_task_mapping_with_no_taskflow_operators' retrieved from /home/airflow/.local/lib/python3.12/site-packages/airflow/example_dags/example_dynamic_task_mapping_with_no_taskflow_operators.py
[2025-11-09T21:02:30.550+0000] {logging_mixin.py:190} INFO - [2025-11-09T21:02:30.549+0000] {dag.py:3239} INFO - Sync 1 DAGs
[2025-11-09T21:02:30.573+0000] {logging_mixin.py:190} INFO - [2025-11-09T21:02:30.573+0000] {dag.py:4180} INFO - Setting next_dagrun for example_dynamic_task_mapping_with_no_taskflow_operators to None, run_after=None
[2025-11-09T21:02:30.604+0000] {processor.py:208} INFO - Processing /home/airflow/.local/lib/python3.12/site-packages/airflow/example_dags/example_dynamic_task_mapping_with_no_taskflow_operators.py took 0.136 seconds
[2025-11-09T21:03:02.106+0000] {processor.py:186} INFO - Started process (PID=4479) to work on /home/airflow/.local/lib/python3.12/site-packages/airflow/example_dags/example_dynamic_task_mapping_with_no_taskflow_operators.py
[2025-11-09T21:03:02.109+0000] {processor.py:914} INFO - Processing file /home/airflow/.local/lib/python3.12/site-packages/airflow/example_dags/example_dynamic_task_mapping_with_no_taskflow_operators.py for tasks to queue
[2025-11-09T21:03:02.117+0000] {logging_mixin.py:190} INFO - [2025-11-09T21:03:02.116+0000] {dagbag.py:588} INFO - Filling up the DagBag from /home/airflow/.local/lib/python3.12/site-packages/airflow/example_dags/example_dynamic_task_mapping_with_no_taskflow_operators.py
[2025-11-09T21:03:02.151+0000] {processor.py:925} INFO - DAG(s) 'example_dynamic_task_mapping_with_no_taskflow_operators' retrieved from /home/airflow/.local/lib/python3.12/site-packages/airflow/example_dags/example_dynamic_task_mapping_with_no_taskflow_operators.py
[2025-11-09T21:03:02.220+0000] {logging_mixin.py:190} INFO - [2025-11-09T21:03:02.219+0000] {dag.py:3239} INFO - Sync 1 DAGs
[2025-11-09T21:03:02.280+0000] {logging_mixin.py:190} INFO - [2025-11-09T21:03:02.279+0000] {dag.py:4180} INFO - Setting next_dagrun for example_dynamic_task_mapping_with_no_taskflow_operators to None, run_after=None
[2025-11-09T21:03:02.340+0000] {processor.py:208} INFO - Processing /home/airflow/.local/lib/python3.12/site-packages/airflow/example_dags/example_dynamic_task_mapping_with_no_taskflow_operators.py took 0.253 seconds
[2025-11-09T21:03:33.483+0000] {processor.py:186} INFO - Started process (PID=4543) to work on /home/airflow/.local/lib/python3.12/site-packages/airflow/example_dags/example_dynamic_task_mapping_with_no_taskflow_operators.py
[2025-11-09T21:03:33.486+0000] {processor.py:914} INFO - Processing file /home/airflow/.local/lib/python3.12/site-packages/airflow/example_dags/example_dynamic_task_mapping_with_no_taskflow_operators.py for tasks to queue
[2025-11-09T21:03:33.495+0000] {logging_mixin.py:190} INFO - [2025-11-09T21:03:33.494+0000] {dagbag.py:588} INFO - Filling up the DagBag from /home/airflow/.local/lib/python3.12/site-packages/airflow/example_dags/example_dynamic_task_mapping_with_no_taskflow_operators.py
[2025-11-09T21:03:33.524+0000] {processor.py:925} INFO - DAG(s) 'example_dynamic_task_mapping_with_no_taskflow_operators' retrieved from /home/airflow/.local/lib/python3.12/site-packages/airflow/example_dags/example_dynamic_task_mapping_with_no_taskflow_operators.py
[2025-11-09T21:03:33.582+0000] {logging_mixin.py:190} INFO - [2025-11-09T21:03:33.581+0000] {dag.py:3239} INFO - Sync 1 DAGs
[2025-11-09T21:03:33.618+0000] {logging_mixin.py:190} INFO - [2025-11-09T21:03:33.617+0000] {dag.py:4180} INFO - Setting next_dagrun for example_dynamic_task_mapping_with_no_taskflow_operators to None, run_after=None
[2025-11-09T21:03:33.664+0000] {processor.py:208} INFO - Processing /home/airflow/.local/lib/python3.12/site-packages/airflow/example_dags/example_dynamic_task_mapping_with_no_taskflow_operators.py took 0.198 seconds
[2025-11-09T21:04:03.949+0000] {processor.py:186} INFO - Started process (PID=4606) to work on /home/airflow/.local/lib/python3.12/site-packages/airflow/example_dags/example_dynamic_task_mapping_with_no_taskflow_operators.py
[2025-11-09T21:04:03.950+0000] {processor.py:914} INFO - Processing file /home/airflow/.local/lib/python3.12/site-packages/airflow/example_dags/example_dynamic_task_mapping_with_no_taskflow_operators.py for tasks to queue
[2025-11-09T21:04:03.954+0000] {logging_mixin.py:190} INFO - [2025-11-09T21:04:03.954+0000] {dagbag.py:588} INFO - Filling up the DagBag from /home/airflow/.local/lib/python3.12/site-packages/airflow/example_dags/example_dynamic_task_mapping_with_no_taskflow_operators.py
[2025-11-09T21:04:03.969+0000] {processor.py:925} INFO - DAG(s) 'example_dynamic_task_mapping_with_no_taskflow_operators' retrieved from /home/airflow/.local/lib/python3.12/site-packages/airflow/example_dags/example_dynamic_task_mapping_with_no_taskflow_operators.py
[2025-11-09T21:04:04.005+0000] {logging_mixin.py:190} INFO - [2025-11-09T21:04:04.004+0000] {dag.py:3239} INFO - Sync 1 DAGs
[2025-11-09T21:04:04.031+0000] {logging_mixin.py:190} INFO - [2025-11-09T21:04:04.030+0000] {dag.py:4180} INFO - Setting next_dagrun for example_dynamic_task_mapping_with_no_taskflow_operators to None, run_after=None
[2025-11-09T21:04:04.071+0000] {processor.py:208} INFO - Processing /home/airflow/.local/lib/python3.12/site-packages/airflow/example_dags/example_dynamic_task_mapping_with_no_taskflow_operators.py took 0.132 seconds
[2025-11-09T21:04:34.197+0000] {processor.py:186} INFO - Started process (PID=4669) to work on /home/airflow/.local/lib/python3.12/site-packages/airflow/example_dags/example_dynamic_task_mapping_with_no_taskflow_operators.py
[2025-11-09T21:04:34.199+0000] {processor.py:914} INFO - Processing file /home/airflow/.local/lib/python3.12/site-packages/airflow/example_dags/example_dynamic_task_mapping_with_no_taskflow_operators.py for tasks to queue
[2025-11-09T21:04:34.203+0000] {logging_mixin.py:190} INFO - [2025-11-09T21:04:34.202+0000] {dagbag.py:588} INFO - Filling up the DagBag from /home/airflow/.local/lib/python3.12/site-packages/airflow/example_dags/example_dynamic_task_mapping_with_no_taskflow_operators.py
[2025-11-09T21:04:34.218+0000] {processor.py:925} INFO - DAG(s) 'example_dynamic_task_mapping_with_no_taskflow_operators' retrieved from /home/airflow/.local/lib/python3.12/site-packages/airflow/example_dags/example_dynamic_task_mapping_with_no_taskflow_operators.py
[2025-11-09T21:04:34.258+0000] {logging_mixin.py:190} INFO - [2025-11-09T21:04:34.258+0000] {dag.py:3239} INFO - Sync 1 DAGs
[2025-11-09T21:04:34.285+0000] {logging_mixin.py:190} INFO - [2025-11-09T21:04:34.285+0000] {dag.py:4180} INFO - Setting next_dagrun for example_dynamic_task_mapping_with_no_taskflow_operators to None, run_after=None
[2025-11-09T21:04:34.320+0000] {processor.py:208} INFO - Processing /home/airflow/.local/lib/python3.12/site-packages/airflow/example_dags/example_dynamic_task_mapping_with_no_taskflow_operators.py took 0.137 seconds
[2025-11-09T21:05:04.900+0000] {processor.py:186} INFO - Started process (PID=4733) to work on /home/airflow/.local/lib/python3.12/site-packages/airflow/example_dags/example_dynamic_task_mapping_with_no_taskflow_operators.py
[2025-11-09T21:05:04.902+0000] {processor.py:914} INFO - Processing file /home/airflow/.local/lib/python3.12/site-packages/airflow/example_dags/example_dynamic_task_mapping_with_no_taskflow_operators.py for tasks to queue
[2025-11-09T21:05:04.908+0000] {logging_mixin.py:190} INFO - [2025-11-09T21:05:04.907+0000] {dagbag.py:588} INFO - Filling up the DagBag from /home/airflow/.local/lib/python3.12/site-packages/airflow/example_dags/example_dynamic_task_mapping_with_no_taskflow_operators.py
[2025-11-09T21:05:04.926+0000] {processor.py:925} INFO - DAG(s) 'example_dynamic_task_mapping_with_no_taskflow_operators' retrieved from /home/airflow/.local/lib/python3.12/site-packages/airflow/example_dags/example_dynamic_task_mapping_with_no_taskflow_operators.py
[2025-11-09T21:05:04.967+0000] {logging_mixin.py:190} INFO - [2025-11-09T21:05:04.967+0000] {dag.py:3239} INFO - Sync 1 DAGs
[2025-11-09T21:05:04.995+0000] {logging_mixin.py:190} INFO - [2025-11-09T21:05:04.995+0000] {dag.py:4180} INFO - Setting next_dagrun for example_dynamic_task_mapping_with_no_taskflow_operators to None, run_after=None
[2025-11-09T21:05:05.026+0000] {processor.py:208} INFO - Processing /home/airflow/.local/lib/python3.12/site-packages/airflow/example_dags/example_dynamic_task_mapping_with_no_taskflow_operators.py took 0.140 seconds
[2025-11-09T21:08:07.146+0000] {processor.py:186} INFO - Started process (PID=95) to work on /home/airflow/.local/lib/python3.12/site-packages/airflow/example_dags/example_dynamic_task_mapping_with_no_taskflow_operators.py
[2025-11-09T21:08:07.149+0000] {processor.py:914} INFO - Processing file /home/airflow/.local/lib/python3.12/site-packages/airflow/example_dags/example_dynamic_task_mapping_with_no_taskflow_operators.py for tasks to queue
[2025-11-09T21:08:07.156+0000] {logging_mixin.py:190} INFO - [2025-11-09T21:08:07.155+0000] {dagbag.py:588} INFO - Filling up the DagBag from /home/airflow/.local/lib/python3.12/site-packages/airflow/example_dags/example_dynamic_task_mapping_with_no_taskflow_operators.py
[2025-11-09T21:08:07.205+0000] {processor.py:925} INFO - DAG(s) 'example_dynamic_task_mapping_with_no_taskflow_operators' retrieved from /home/airflow/.local/lib/python3.12/site-packages/airflow/example_dags/example_dynamic_task_mapping_with_no_taskflow_operators.py
[2025-11-09T21:08:07.331+0000] {logging_mixin.py:190} INFO - [2025-11-09T21:08:07.330+0000] {dag.py:3239} INFO - Sync 1 DAGs
[2025-11-09T21:08:07.397+0000] {logging_mixin.py:190} INFO - [2025-11-09T21:08:07.396+0000] {dag.py:4180} INFO - Setting next_dagrun for example_dynamic_task_mapping_with_no_taskflow_operators to None, run_after=None
[2025-11-09T21:08:07.462+0000] {processor.py:208} INFO - Processing /home/airflow/.local/lib/python3.12/site-packages/airflow/example_dags/example_dynamic_task_mapping_with_no_taskflow_operators.py took 0.341 seconds
[2025-11-09T21:08:38.089+0000] {processor.py:186} INFO - Started process (PID=159) to work on /home/airflow/.local/lib/python3.12/site-packages/airflow/example_dags/example_dynamic_task_mapping_with_no_taskflow_operators.py
[2025-11-09T21:08:38.093+0000] {processor.py:914} INFO - Processing file /home/airflow/.local/lib/python3.12/site-packages/airflow/example_dags/example_dynamic_task_mapping_with_no_taskflow_operators.py for tasks to queue
[2025-11-09T21:08:38.102+0000] {logging_mixin.py:190} INFO - [2025-11-09T21:08:38.101+0000] {dagbag.py:588} INFO - Filling up the DagBag from /home/airflow/.local/lib/python3.12/site-packages/airflow/example_dags/example_dynamic_task_mapping_with_no_taskflow_operators.py
[2025-11-09T21:08:38.137+0000] {processor.py:925} INFO - DAG(s) 'example_dynamic_task_mapping_with_no_taskflow_operators' retrieved from /home/airflow/.local/lib/python3.12/site-packages/airflow/example_dags/example_dynamic_task_mapping_with_no_taskflow_operators.py
[2025-11-09T21:08:38.200+0000] {logging_mixin.py:190} INFO - [2025-11-09T21:08:38.199+0000] {dag.py:3239} INFO - Sync 1 DAGs
[2025-11-09T21:08:38.236+0000] {logging_mixin.py:190} INFO - [2025-11-09T21:08:38.236+0000] {dag.py:4180} INFO - Setting next_dagrun for example_dynamic_task_mapping_with_no_taskflow_operators to None, run_after=None
[2025-11-09T21:08:38.288+0000] {processor.py:208} INFO - Processing /home/airflow/.local/lib/python3.12/site-packages/airflow/example_dags/example_dynamic_task_mapping_with_no_taskflow_operators.py took 0.220 seconds
[2025-11-09T21:09:09.751+0000] {processor.py:186} INFO - Started process (PID=223) to work on /home/airflow/.local/lib/python3.12/site-packages/airflow/example_dags/example_dynamic_task_mapping_with_no_taskflow_operators.py
[2025-11-09T21:09:09.754+0000] {processor.py:914} INFO - Processing file /home/airflow/.local/lib/python3.12/site-packages/airflow/example_dags/example_dynamic_task_mapping_with_no_taskflow_operators.py for tasks to queue
[2025-11-09T21:09:09.763+0000] {logging_mixin.py:190} INFO - [2025-11-09T21:09:09.761+0000] {dagbag.py:588} INFO - Filling up the DagBag from /home/airflow/.local/lib/python3.12/site-packages/airflow/example_dags/example_dynamic_task_mapping_with_no_taskflow_operators.py
[2025-11-09T21:09:09.797+0000] {processor.py:925} INFO - DAG(s) 'example_dynamic_task_mapping_with_no_taskflow_operators' retrieved from /home/airflow/.local/lib/python3.12/site-packages/airflow/example_dags/example_dynamic_task_mapping_with_no_taskflow_operators.py
[2025-11-09T21:09:09.879+0000] {logging_mixin.py:190} INFO - [2025-11-09T21:09:09.878+0000] {dag.py:3239} INFO - Sync 1 DAGs
[2025-11-09T21:09:09.959+0000] {logging_mixin.py:190} INFO - [2025-11-09T21:09:09.958+0000] {dag.py:4180} INFO - Setting next_dagrun for example_dynamic_task_mapping_with_no_taskflow_operators to None, run_after=None
[2025-11-09T21:09:10.052+0000] {processor.py:208} INFO - Processing /home/airflow/.local/lib/python3.12/site-packages/airflow/example_dags/example_dynamic_task_mapping_with_no_taskflow_operators.py took 0.324 seconds
[2025-11-09T21:09:40.671+0000] {processor.py:186} INFO - Started process (PID=288) to work on /home/airflow/.local/lib/python3.12/site-packages/airflow/example_dags/example_dynamic_task_mapping_with_no_taskflow_operators.py
[2025-11-09T21:09:40.674+0000] {processor.py:914} INFO - Processing file /home/airflow/.local/lib/python3.12/site-packages/airflow/example_dags/example_dynamic_task_mapping_with_no_taskflow_operators.py for tasks to queue
[2025-11-09T21:09:40.681+0000] {logging_mixin.py:190} INFO - [2025-11-09T21:09:40.680+0000] {dagbag.py:588} INFO - Filling up the DagBag from /home/airflow/.local/lib/python3.12/site-packages/airflow/example_dags/example_dynamic_task_mapping_with_no_taskflow_operators.py
[2025-11-09T21:09:40.709+0000] {processor.py:925} INFO - DAG(s) 'example_dynamic_task_mapping_with_no_taskflow_operators' retrieved from /home/airflow/.local/lib/python3.12/site-packages/airflow/example_dags/example_dynamic_task_mapping_with_no_taskflow_operators.py
[2025-11-09T21:09:40.774+0000] {logging_mixin.py:190} INFO - [2025-11-09T21:09:40.774+0000] {dag.py:3239} INFO - Sync 1 DAGs
[2025-11-09T21:09:40.819+0000] {logging_mixin.py:190} INFO - [2025-11-09T21:09:40.819+0000] {dag.py:4180} INFO - Setting next_dagrun for example_dynamic_task_mapping_with_no_taskflow_operators to None, run_after=None
[2025-11-09T21:09:40.869+0000] {processor.py:208} INFO - Processing /home/airflow/.local/lib/python3.12/site-packages/airflow/example_dags/example_dynamic_task_mapping_with_no_taskflow_operators.py took 0.216 seconds
[2025-11-09T21:10:11.490+0000] {processor.py:186} INFO - Started process (PID=352) to work on /home/airflow/.local/lib/python3.12/site-packages/airflow/example_dags/example_dynamic_task_mapping_with_no_taskflow_operators.py
[2025-11-09T21:10:11.492+0000] {processor.py:914} INFO - Processing file /home/airflow/.local/lib/python3.12/site-packages/airflow/example_dags/example_dynamic_task_mapping_with_no_taskflow_operators.py for tasks to queue
[2025-11-09T21:10:11.501+0000] {logging_mixin.py:190} INFO - [2025-11-09T21:10:11.498+0000] {dagbag.py:588} INFO - Filling up the DagBag from /home/airflow/.local/lib/python3.12/site-packages/airflow/example_dags/example_dynamic_task_mapping_with_no_taskflow_operators.py
[2025-11-09T21:10:11.524+0000] {processor.py:925} INFO - DAG(s) 'example_dynamic_task_mapping_with_no_taskflow_operators' retrieved from /home/airflow/.local/lib/python3.12/site-packages/airflow/example_dags/example_dynamic_task_mapping_with_no_taskflow_operators.py
[2025-11-09T21:10:11.585+0000] {logging_mixin.py:190} INFO - [2025-11-09T21:10:11.584+0000] {dag.py:3239} INFO - Sync 1 DAGs
[2025-11-09T21:10:11.621+0000] {logging_mixin.py:190} INFO - [2025-11-09T21:10:11.621+0000] {dag.py:4180} INFO - Setting next_dagrun for example_dynamic_task_mapping_with_no_taskflow_operators to None, run_after=None
[2025-11-09T21:10:11.666+0000] {processor.py:208} INFO - Processing /home/airflow/.local/lib/python3.12/site-packages/airflow/example_dags/example_dynamic_task_mapping_with_no_taskflow_operators.py took 0.193 seconds
[2025-11-09T21:10:42.690+0000] {processor.py:186} INFO - Started process (PID=417) to work on /home/airflow/.local/lib/python3.12/site-packages/airflow/example_dags/example_dynamic_task_mapping_with_no_taskflow_operators.py
[2025-11-09T21:10:42.694+0000] {processor.py:914} INFO - Processing file /home/airflow/.local/lib/python3.12/site-packages/airflow/example_dags/example_dynamic_task_mapping_with_no_taskflow_operators.py for tasks to queue
[2025-11-09T21:10:42.702+0000] {logging_mixin.py:190} INFO - [2025-11-09T21:10:42.701+0000] {dagbag.py:588} INFO - Filling up the DagBag from /home/airflow/.local/lib/python3.12/site-packages/airflow/example_dags/example_dynamic_task_mapping_with_no_taskflow_operators.py
[2025-11-09T21:10:42.734+0000] {processor.py:925} INFO - DAG(s) 'example_dynamic_task_mapping_with_no_taskflow_operators' retrieved from /home/airflow/.local/lib/python3.12/site-packages/airflow/example_dags/example_dynamic_task_mapping_with_no_taskflow_operators.py
[2025-11-09T21:10:42.808+0000] {logging_mixin.py:190} INFO - [2025-11-09T21:10:42.807+0000] {dag.py:3239} INFO - Sync 1 DAGs
[2025-11-09T21:10:42.850+0000] {logging_mixin.py:190} INFO - [2025-11-09T21:10:42.850+0000] {dag.py:4180} INFO - Setting next_dagrun for example_dynamic_task_mapping_with_no_taskflow_operators to None, run_after=None
[2025-11-09T21:10:42.904+0000] {processor.py:208} INFO - Processing /home/airflow/.local/lib/python3.12/site-packages/airflow/example_dags/example_dynamic_task_mapping_with_no_taskflow_operators.py took 0.236 seconds
[2025-11-09T21:11:13.788+0000] {processor.py:186} INFO - Started process (PID=482) to work on /home/airflow/.local/lib/python3.12/site-packages/airflow/example_dags/example_dynamic_task_mapping_with_no_taskflow_operators.py
[2025-11-09T21:11:13.791+0000] {processor.py:914} INFO - Processing file /home/airflow/.local/lib/python3.12/site-packages/airflow/example_dags/example_dynamic_task_mapping_with_no_taskflow_operators.py for tasks to queue
[2025-11-09T21:11:13.796+0000] {logging_mixin.py:190} INFO - [2025-11-09T21:11:13.795+0000] {dagbag.py:588} INFO - Filling up the DagBag from /home/airflow/.local/lib/python3.12/site-packages/airflow/example_dags/example_dynamic_task_mapping_with_no_taskflow_operators.py
[2025-11-09T21:11:13.812+0000] {processor.py:925} INFO - DAG(s) 'example_dynamic_task_mapping_with_no_taskflow_operators' retrieved from /home/airflow/.local/lib/python3.12/site-packages/airflow/example_dags/example_dynamic_task_mapping_with_no_taskflow_operators.py
[2025-11-09T21:11:13.855+0000] {logging_mixin.py:190} INFO - [2025-11-09T21:11:13.855+0000] {dag.py:3239} INFO - Sync 1 DAGs
[2025-11-09T21:11:13.886+0000] {logging_mixin.py:190} INFO - [2025-11-09T21:11:13.885+0000] {dag.py:4180} INFO - Setting next_dagrun for example_dynamic_task_mapping_with_no_taskflow_operators to None, run_after=None
[2025-11-09T21:11:13.922+0000] {processor.py:208} INFO - Processing /home/airflow/.local/lib/python3.12/site-packages/airflow/example_dags/example_dynamic_task_mapping_with_no_taskflow_operators.py took 0.148 seconds
[2025-11-09T21:11:44.706+0000] {processor.py:186} INFO - Started process (PID=545) to work on /home/airflow/.local/lib/python3.12/site-packages/airflow/example_dags/example_dynamic_task_mapping_with_no_taskflow_operators.py
[2025-11-09T21:11:44.709+0000] {processor.py:914} INFO - Processing file /home/airflow/.local/lib/python3.12/site-packages/airflow/example_dags/example_dynamic_task_mapping_with_no_taskflow_operators.py for tasks to queue
[2025-11-09T21:11:44.717+0000] {logging_mixin.py:190} INFO - [2025-11-09T21:11:44.717+0000] {dagbag.py:588} INFO - Filling up the DagBag from /home/airflow/.local/lib/python3.12/site-packages/airflow/example_dags/example_dynamic_task_mapping_with_no_taskflow_operators.py
[2025-11-09T21:11:44.741+0000] {processor.py:925} INFO - DAG(s) 'example_dynamic_task_mapping_with_no_taskflow_operators' retrieved from /home/airflow/.local/lib/python3.12/site-packages/airflow/example_dags/example_dynamic_task_mapping_with_no_taskflow_operators.py
[2025-11-09T21:11:44.800+0000] {logging_mixin.py:190} INFO - [2025-11-09T21:11:44.800+0000] {dag.py:3239} INFO - Sync 1 DAGs
[2025-11-09T21:11:44.845+0000] {logging_mixin.py:190} INFO - [2025-11-09T21:11:44.845+0000] {dag.py:4180} INFO - Setting next_dagrun for example_dynamic_task_mapping_with_no_taskflow_operators to None, run_after=None
[2025-11-09T21:11:44.897+0000] {processor.py:208} INFO - Processing /home/airflow/.local/lib/python3.12/site-packages/airflow/example_dags/example_dynamic_task_mapping_with_no_taskflow_operators.py took 0.209 seconds
[2025-11-09T21:12:15.121+0000] {processor.py:186} INFO - Started process (PID=608) to work on /home/airflow/.local/lib/python3.12/site-packages/airflow/example_dags/example_dynamic_task_mapping_with_no_taskflow_operators.py
[2025-11-09T21:12:15.122+0000] {processor.py:914} INFO - Processing file /home/airflow/.local/lib/python3.12/site-packages/airflow/example_dags/example_dynamic_task_mapping_with_no_taskflow_operators.py for tasks to queue
[2025-11-09T21:12:15.126+0000] {logging_mixin.py:190} INFO - [2025-11-09T21:12:15.126+0000] {dagbag.py:588} INFO - Filling up the DagBag from /home/airflow/.local/lib/python3.12/site-packages/airflow/example_dags/example_dynamic_task_mapping_with_no_taskflow_operators.py
[2025-11-09T21:12:15.142+0000] {processor.py:925} INFO - DAG(s) 'example_dynamic_task_mapping_with_no_taskflow_operators' retrieved from /home/airflow/.local/lib/python3.12/site-packages/airflow/example_dags/example_dynamic_task_mapping_with_no_taskflow_operators.py
[2025-11-09T21:12:15.178+0000] {logging_mixin.py:190} INFO - [2025-11-09T21:12:15.178+0000] {dag.py:3239} INFO - Sync 1 DAGs
[2025-11-09T21:12:15.203+0000] {logging_mixin.py:190} INFO - [2025-11-09T21:12:15.202+0000] {dag.py:4180} INFO - Setting next_dagrun for example_dynamic_task_mapping_with_no_taskflow_operators to None, run_after=None
[2025-11-09T21:12:15.235+0000] {processor.py:208} INFO - Processing /home/airflow/.local/lib/python3.12/site-packages/airflow/example_dags/example_dynamic_task_mapping_with_no_taskflow_operators.py took 0.124 seconds
[2025-11-09T21:12:46.446+0000] {processor.py:186} INFO - Started process (PID=672) to work on /home/airflow/.local/lib/python3.12/site-packages/airflow/example_dags/example_dynamic_task_mapping_with_no_taskflow_operators.py
[2025-11-09T21:12:46.450+0000] {processor.py:914} INFO - Processing file /home/airflow/.local/lib/python3.12/site-packages/airflow/example_dags/example_dynamic_task_mapping_with_no_taskflow_operators.py for tasks to queue
[2025-11-09T21:12:46.460+0000] {logging_mixin.py:190} INFO - [2025-11-09T21:12:46.459+0000] {dagbag.py:588} INFO - Filling up the DagBag from /home/airflow/.local/lib/python3.12/site-packages/airflow/example_dags/example_dynamic_task_mapping_with_no_taskflow_operators.py
[2025-11-09T21:12:46.498+0000] {processor.py:925} INFO - DAG(s) 'example_dynamic_task_mapping_with_no_taskflow_operators' retrieved from /home/airflow/.local/lib/python3.12/site-packages/airflow/example_dags/example_dynamic_task_mapping_with_no_taskflow_operators.py
[2025-11-09T21:12:46.581+0000] {logging_mixin.py:190} INFO - [2025-11-09T21:12:46.580+0000] {dag.py:3239} INFO - Sync 1 DAGs
[2025-11-09T21:12:46.644+0000] {logging_mixin.py:190} INFO - [2025-11-09T21:12:46.643+0000] {dag.py:4180} INFO - Setting next_dagrun for example_dynamic_task_mapping_with_no_taskflow_operators to None, run_after=None
[2025-11-09T21:12:46.706+0000] {processor.py:208} INFO - Processing /home/airflow/.local/lib/python3.12/site-packages/airflow/example_dags/example_dynamic_task_mapping_with_no_taskflow_operators.py took 0.283 seconds
[2025-11-09T21:13:17.644+0000] {processor.py:186} INFO - Started process (PID=742) to work on /home/airflow/.local/lib/python3.12/site-packages/airflow/example_dags/example_dynamic_task_mapping_with_no_taskflow_operators.py
[2025-11-09T21:13:17.646+0000] {processor.py:914} INFO - Processing file /home/airflow/.local/lib/python3.12/site-packages/airflow/example_dags/example_dynamic_task_mapping_with_no_taskflow_operators.py for tasks to queue
[2025-11-09T21:13:17.653+0000] {logging_mixin.py:190} INFO - [2025-11-09T21:13:17.652+0000] {dagbag.py:588} INFO - Filling up the DagBag from /home/airflow/.local/lib/python3.12/site-packages/airflow/example_dags/example_dynamic_task_mapping_with_no_taskflow_operators.py
[2025-11-09T21:13:17.676+0000] {processor.py:925} INFO - DAG(s) 'example_dynamic_task_mapping_with_no_taskflow_operators' retrieved from /home/airflow/.local/lib/python3.12/site-packages/airflow/example_dags/example_dynamic_task_mapping_with_no_taskflow_operators.py
[2025-11-09T21:13:17.728+0000] {logging_mixin.py:190} INFO - [2025-11-09T21:13:17.728+0000] {dag.py:3239} INFO - Sync 1 DAGs
[2025-11-09T21:13:17.764+0000] {logging_mixin.py:190} INFO - [2025-11-09T21:13:17.764+0000] {dag.py:4180} INFO - Setting next_dagrun for example_dynamic_task_mapping_with_no_taskflow_operators to None, run_after=None
[2025-11-09T21:13:17.820+0000] {processor.py:208} INFO - Processing /home/airflow/.local/lib/python3.12/site-packages/airflow/example_dags/example_dynamic_task_mapping_with_no_taskflow_operators.py took 0.194 seconds
[2025-11-09T21:13:49.335+0000] {processor.py:186} INFO - Started process (PID=805) to work on /home/airflow/.local/lib/python3.12/site-packages/airflow/example_dags/example_dynamic_task_mapping_with_no_taskflow_operators.py
[2025-11-09T21:13:49.339+0000] {processor.py:914} INFO - Processing file /home/airflow/.local/lib/python3.12/site-packages/airflow/example_dags/example_dynamic_task_mapping_with_no_taskflow_operators.py for tasks to queue
[2025-11-09T21:13:49.347+0000] {logging_mixin.py:190} INFO - [2025-11-09T21:13:49.346+0000] {dagbag.py:588} INFO - Filling up the DagBag from /home/airflow/.local/lib/python3.12/site-packages/airflow/example_dags/example_dynamic_task_mapping_with_no_taskflow_operators.py
[2025-11-09T21:13:49.377+0000] {processor.py:925} INFO - DAG(s) 'example_dynamic_task_mapping_with_no_taskflow_operators' retrieved from /home/airflow/.local/lib/python3.12/site-packages/airflow/example_dags/example_dynamic_task_mapping_with_no_taskflow_operators.py
[2025-11-09T21:13:49.437+0000] {logging_mixin.py:190} INFO - [2025-11-09T21:13:49.437+0000] {dag.py:3239} INFO - Sync 1 DAGs
[2025-11-09T21:13:49.487+0000] {logging_mixin.py:190} INFO - [2025-11-09T21:13:49.486+0000] {dag.py:4180} INFO - Setting next_dagrun for example_dynamic_task_mapping_with_no_taskflow_operators to None, run_after=None
[2025-11-09T21:13:49.547+0000] {processor.py:208} INFO - Processing /home/airflow/.local/lib/python3.12/site-packages/airflow/example_dags/example_dynamic_task_mapping_with_no_taskflow_operators.py took 0.236 seconds
[2025-11-09T21:14:20.225+0000] {processor.py:186} INFO - Started process (PID=866) to work on /home/airflow/.local/lib/python3.12/site-packages/airflow/example_dags/example_dynamic_task_mapping_with_no_taskflow_operators.py
[2025-11-09T21:14:20.228+0000] {processor.py:914} INFO - Processing file /home/airflow/.local/lib/python3.12/site-packages/airflow/example_dags/example_dynamic_task_mapping_with_no_taskflow_operators.py for tasks to queue
[2025-11-09T21:14:20.237+0000] {logging_mixin.py:190} INFO - [2025-11-09T21:14:20.236+0000] {dagbag.py:588} INFO - Filling up the DagBag from /home/airflow/.local/lib/python3.12/site-packages/airflow/example_dags/example_dynamic_task_mapping_with_no_taskflow_operators.py
[2025-11-09T21:14:20.267+0000] {processor.py:925} INFO - DAG(s) 'example_dynamic_task_mapping_with_no_taskflow_operators' retrieved from /home/airflow/.local/lib/python3.12/site-packages/airflow/example_dags/example_dynamic_task_mapping_with_no_taskflow_operators.py
[2025-11-09T21:14:20.325+0000] {logging_mixin.py:190} INFO - [2025-11-09T21:14:20.324+0000] {dag.py:3239} INFO - Sync 1 DAGs
[2025-11-09T21:14:20.370+0000] {logging_mixin.py:190} INFO - [2025-11-09T21:14:20.369+0000] {dag.py:4180} INFO - Setting next_dagrun for example_dynamic_task_mapping_with_no_taskflow_operators to None, run_after=None
[2025-11-09T21:14:20.428+0000] {processor.py:208} INFO - Processing /home/airflow/.local/lib/python3.12/site-packages/airflow/example_dags/example_dynamic_task_mapping_with_no_taskflow_operators.py took 0.226 seconds
[2025-11-09T21:14:50.572+0000] {processor.py:186} INFO - Started process (PID=930) to work on /home/airflow/.local/lib/python3.12/site-packages/airflow/example_dags/example_dynamic_task_mapping_with_no_taskflow_operators.py
[2025-11-09T21:14:50.575+0000] {processor.py:914} INFO - Processing file /home/airflow/.local/lib/python3.12/site-packages/airflow/example_dags/example_dynamic_task_mapping_with_no_taskflow_operators.py for tasks to queue
[2025-11-09T21:14:50.580+0000] {logging_mixin.py:190} INFO - [2025-11-09T21:14:50.579+0000] {dagbag.py:588} INFO - Filling up the DagBag from /home/airflow/.local/lib/python3.12/site-packages/airflow/example_dags/example_dynamic_task_mapping_with_no_taskflow_operators.py
[2025-11-09T21:14:50.596+0000] {processor.py:925} INFO - DAG(s) 'example_dynamic_task_mapping_with_no_taskflow_operators' retrieved from /home/airflow/.local/lib/python3.12/site-packages/airflow/example_dags/example_dynamic_task_mapping_with_no_taskflow_operators.py
[2025-11-09T21:14:50.632+0000] {logging_mixin.py:190} INFO - [2025-11-09T21:14:50.632+0000] {dag.py:3239} INFO - Sync 1 DAGs
[2025-11-09T21:14:50.656+0000] {logging_mixin.py:190} INFO - [2025-11-09T21:14:50.655+0000] {dag.py:4180} INFO - Setting next_dagrun for example_dynamic_task_mapping_with_no_taskflow_operators to None, run_after=None
[2025-11-09T21:14:50.691+0000] {processor.py:208} INFO - Processing /home/airflow/.local/lib/python3.12/site-packages/airflow/example_dags/example_dynamic_task_mapping_with_no_taskflow_operators.py took 0.132 seconds
[2025-11-09T21:15:21.252+0000] {processor.py:186} INFO - Started process (PID=993) to work on /home/airflow/.local/lib/python3.12/site-packages/airflow/example_dags/example_dynamic_task_mapping_with_no_taskflow_operators.py
[2025-11-09T21:15:21.254+0000] {processor.py:914} INFO - Processing file /home/airflow/.local/lib/python3.12/site-packages/airflow/example_dags/example_dynamic_task_mapping_with_no_taskflow_operators.py for tasks to queue
[2025-11-09T21:15:21.258+0000] {logging_mixin.py:190} INFO - [2025-11-09T21:15:21.258+0000] {dagbag.py:588} INFO - Filling up the DagBag from /home/airflow/.local/lib/python3.12/site-packages/airflow/example_dags/example_dynamic_task_mapping_with_no_taskflow_operators.py
[2025-11-09T21:15:21.276+0000] {processor.py:925} INFO - DAG(s) 'example_dynamic_task_mapping_with_no_taskflow_operators' retrieved from /home/airflow/.local/lib/python3.12/site-packages/airflow/example_dags/example_dynamic_task_mapping_with_no_taskflow_operators.py
[2025-11-09T21:15:21.316+0000] {logging_mixin.py:190} INFO - [2025-11-09T21:15:21.316+0000] {dag.py:3239} INFO - Sync 1 DAGs
[2025-11-09T21:15:21.346+0000] {logging_mixin.py:190} INFO - [2025-11-09T21:15:21.345+0000] {dag.py:4180} INFO - Setting next_dagrun for example_dynamic_task_mapping_with_no_taskflow_operators to None, run_after=None
[2025-11-09T21:15:21.381+0000] {processor.py:208} INFO - Processing /home/airflow/.local/lib/python3.12/site-packages/airflow/example_dags/example_dynamic_task_mapping_with_no_taskflow_operators.py took 0.141 seconds
[2025-11-09T21:15:51.555+0000] {processor.py:186} INFO - Started process (PID=1056) to work on /home/airflow/.local/lib/python3.12/site-packages/airflow/example_dags/example_dynamic_task_mapping_with_no_taskflow_operators.py
[2025-11-09T21:15:51.558+0000] {processor.py:914} INFO - Processing file /home/airflow/.local/lib/python3.12/site-packages/airflow/example_dags/example_dynamic_task_mapping_with_no_taskflow_operators.py for tasks to queue
[2025-11-09T21:15:51.564+0000] {logging_mixin.py:190} INFO - [2025-11-09T21:15:51.563+0000] {dagbag.py:588} INFO - Filling up the DagBag from /home/airflow/.local/lib/python3.12/site-packages/airflow/example_dags/example_dynamic_task_mapping_with_no_taskflow_operators.py
[2025-11-09T21:15:51.593+0000] {processor.py:925} INFO - DAG(s) 'example_dynamic_task_mapping_with_no_taskflow_operators' retrieved from /home/airflow/.local/lib/python3.12/site-packages/airflow/example_dags/example_dynamic_task_mapping_with_no_taskflow_operators.py
[2025-11-09T21:15:51.649+0000] {logging_mixin.py:190} INFO - [2025-11-09T21:15:51.648+0000] {dag.py:3239} INFO - Sync 1 DAGs
[2025-11-09T21:15:51.682+0000] {logging_mixin.py:190} INFO - [2025-11-09T21:15:51.682+0000] {dag.py:4180} INFO - Setting next_dagrun for example_dynamic_task_mapping_with_no_taskflow_operators to None, run_after=None
[2025-11-09T21:15:51.729+0000] {processor.py:208} INFO - Processing /home/airflow/.local/lib/python3.12/site-packages/airflow/example_dags/example_dynamic_task_mapping_with_no_taskflow_operators.py took 0.190 seconds
[2025-11-09T21:16:22.037+0000] {processor.py:186} INFO - Started process (PID=1120) to work on /home/airflow/.local/lib/python3.12/site-packages/airflow/example_dags/example_dynamic_task_mapping_with_no_taskflow_operators.py
[2025-11-09T21:16:22.040+0000] {processor.py:914} INFO - Processing file /home/airflow/.local/lib/python3.12/site-packages/airflow/example_dags/example_dynamic_task_mapping_with_no_taskflow_operators.py for tasks to queue
[2025-11-09T21:16:22.046+0000] {logging_mixin.py:190} INFO - [2025-11-09T21:16:22.045+0000] {dagbag.py:588} INFO - Filling up the DagBag from /home/airflow/.local/lib/python3.12/site-packages/airflow/example_dags/example_dynamic_task_mapping_with_no_taskflow_operators.py
[2025-11-09T21:16:22.069+0000] {processor.py:925} INFO - DAG(s) 'example_dynamic_task_mapping_with_no_taskflow_operators' retrieved from /home/airflow/.local/lib/python3.12/site-packages/airflow/example_dags/example_dynamic_task_mapping_with_no_taskflow_operators.py
[2025-11-09T21:16:22.119+0000] {logging_mixin.py:190} INFO - [2025-11-09T21:16:22.119+0000] {dag.py:3239} INFO - Sync 1 DAGs
[2025-11-09T21:16:22.149+0000] {logging_mixin.py:190} INFO - [2025-11-09T21:16:22.149+0000] {dag.py:4180} INFO - Setting next_dagrun for example_dynamic_task_mapping_with_no_taskflow_operators to None, run_after=None
[2025-11-09T21:16:22.187+0000] {processor.py:208} INFO - Processing /home/airflow/.local/lib/python3.12/site-packages/airflow/example_dags/example_dynamic_task_mapping_with_no_taskflow_operators.py took 0.165 seconds
[2025-11-09T21:16:52.349+0000] {processor.py:186} INFO - Started process (PID=1184) to work on /home/airflow/.local/lib/python3.12/site-packages/airflow/example_dags/example_dynamic_task_mapping_with_no_taskflow_operators.py
[2025-11-09T21:16:52.351+0000] {processor.py:914} INFO - Processing file /home/airflow/.local/lib/python3.12/site-packages/airflow/example_dags/example_dynamic_task_mapping_with_no_taskflow_operators.py for tasks to queue
[2025-11-09T21:16:52.357+0000] {logging_mixin.py:190} INFO - [2025-11-09T21:16:52.356+0000] {dagbag.py:588} INFO - Filling up the DagBag from /home/airflow/.local/lib/python3.12/site-packages/airflow/example_dags/example_dynamic_task_mapping_with_no_taskflow_operators.py
[2025-11-09T21:16:52.383+0000] {processor.py:925} INFO - DAG(s) 'example_dynamic_task_mapping_with_no_taskflow_operators' retrieved from /home/airflow/.local/lib/python3.12/site-packages/airflow/example_dags/example_dynamic_task_mapping_with_no_taskflow_operators.py
[2025-11-09T21:16:52.424+0000] {logging_mixin.py:190} INFO - [2025-11-09T21:16:52.424+0000] {dag.py:3239} INFO - Sync 1 DAGs
[2025-11-09T21:16:52.452+0000] {logging_mixin.py:190} INFO - [2025-11-09T21:16:52.452+0000] {dag.py:4180} INFO - Setting next_dagrun for example_dynamic_task_mapping_with_no_taskflow_operators to None, run_after=None
[2025-11-09T21:16:52.487+0000] {processor.py:208} INFO - Processing /home/airflow/.local/lib/python3.12/site-packages/airflow/example_dags/example_dynamic_task_mapping_with_no_taskflow_operators.py took 0.152 seconds
[2025-11-09T21:17:23.390+0000] {processor.py:186} INFO - Started process (PID=1247) to work on /home/airflow/.local/lib/python3.12/site-packages/airflow/example_dags/example_dynamic_task_mapping_with_no_taskflow_operators.py
[2025-11-09T21:17:23.392+0000] {processor.py:914} INFO - Processing file /home/airflow/.local/lib/python3.12/site-packages/airflow/example_dags/example_dynamic_task_mapping_with_no_taskflow_operators.py for tasks to queue
[2025-11-09T21:17:23.398+0000] {logging_mixin.py:190} INFO - [2025-11-09T21:17:23.398+0000] {dagbag.py:588} INFO - Filling up the DagBag from /home/airflow/.local/lib/python3.12/site-packages/airflow/example_dags/example_dynamic_task_mapping_with_no_taskflow_operators.py
[2025-11-09T21:17:23.411+0000] {processor.py:925} INFO - DAG(s) 'example_dynamic_task_mapping_with_no_taskflow_operators' retrieved from /home/airflow/.local/lib/python3.12/site-packages/airflow/example_dags/example_dynamic_task_mapping_with_no_taskflow_operators.py
[2025-11-09T21:17:23.451+0000] {logging_mixin.py:190} INFO - [2025-11-09T21:17:23.450+0000] {dag.py:3239} INFO - Sync 1 DAGs
[2025-11-09T21:17:23.484+0000] {logging_mixin.py:190} INFO - [2025-11-09T21:17:23.484+0000] {dag.py:4180} INFO - Setting next_dagrun for example_dynamic_task_mapping_with_no_taskflow_operators to None, run_after=None
[2025-11-09T21:17:23.518+0000] {processor.py:208} INFO - Processing /home/airflow/.local/lib/python3.12/site-packages/airflow/example_dags/example_dynamic_task_mapping_with_no_taskflow_operators.py took 0.137 seconds
[2025-11-09T21:17:54.050+0000] {processor.py:186} INFO - Started process (PID=1310) to work on /home/airflow/.local/lib/python3.12/site-packages/airflow/example_dags/example_dynamic_task_mapping_with_no_taskflow_operators.py
[2025-11-09T21:17:54.052+0000] {processor.py:914} INFO - Processing file /home/airflow/.local/lib/python3.12/site-packages/airflow/example_dags/example_dynamic_task_mapping_with_no_taskflow_operators.py for tasks to queue
[2025-11-09T21:17:54.057+0000] {logging_mixin.py:190} INFO - [2025-11-09T21:17:54.056+0000] {dagbag.py:588} INFO - Filling up the DagBag from /home/airflow/.local/lib/python3.12/site-packages/airflow/example_dags/example_dynamic_task_mapping_with_no_taskflow_operators.py
[2025-11-09T21:17:54.073+0000] {processor.py:925} INFO - DAG(s) 'example_dynamic_task_mapping_with_no_taskflow_operators' retrieved from /home/airflow/.local/lib/python3.12/site-packages/airflow/example_dags/example_dynamic_task_mapping_with_no_taskflow_operators.py
[2025-11-09T21:17:54.120+0000] {logging_mixin.py:190} INFO - [2025-11-09T21:17:54.119+0000] {dag.py:3239} INFO - Sync 1 DAGs
[2025-11-09T21:17:54.158+0000] {logging_mixin.py:190} INFO - [2025-11-09T21:17:54.157+0000] {dag.py:4180} INFO - Setting next_dagrun for example_dynamic_task_mapping_with_no_taskflow_operators to None, run_after=None
[2025-11-09T21:17:54.195+0000] {processor.py:208} INFO - Processing /home/airflow/.local/lib/python3.12/site-packages/airflow/example_dags/example_dynamic_task_mapping_with_no_taskflow_operators.py took 0.158 seconds
[2025-11-09T21:18:24.679+0000] {processor.py:186} INFO - Started process (PID=1375) to work on /home/airflow/.local/lib/python3.12/site-packages/airflow/example_dags/example_dynamic_task_mapping_with_no_taskflow_operators.py
[2025-11-09T21:18:24.681+0000] {processor.py:914} INFO - Processing file /home/airflow/.local/lib/python3.12/site-packages/airflow/example_dags/example_dynamic_task_mapping_with_no_taskflow_operators.py for tasks to queue
[2025-11-09T21:18:24.686+0000] {logging_mixin.py:190} INFO - [2025-11-09T21:18:24.685+0000] {dagbag.py:588} INFO - Filling up the DagBag from /home/airflow/.local/lib/python3.12/site-packages/airflow/example_dags/example_dynamic_task_mapping_with_no_taskflow_operators.py
[2025-11-09T21:18:24.702+0000] {processor.py:925} INFO - DAG(s) 'example_dynamic_task_mapping_with_no_taskflow_operators' retrieved from /home/airflow/.local/lib/python3.12/site-packages/airflow/example_dags/example_dynamic_task_mapping_with_no_taskflow_operators.py
[2025-11-09T21:18:24.741+0000] {logging_mixin.py:190} INFO - [2025-11-09T21:18:24.741+0000] {dag.py:3239} INFO - Sync 1 DAGs
[2025-11-09T21:18:24.769+0000] {logging_mixin.py:190} INFO - [2025-11-09T21:18:24.768+0000] {dag.py:4180} INFO - Setting next_dagrun for example_dynamic_task_mapping_with_no_taskflow_operators to None, run_after=None
[2025-11-09T21:18:24.803+0000] {processor.py:208} INFO - Processing /home/airflow/.local/lib/python3.12/site-packages/airflow/example_dags/example_dynamic_task_mapping_with_no_taskflow_operators.py took 0.137 seconds
[2025-11-09T21:18:55.831+0000] {processor.py:186} INFO - Started process (PID=1438) to work on /home/airflow/.local/lib/python3.12/site-packages/airflow/example_dags/example_dynamic_task_mapping_with_no_taskflow_operators.py
[2025-11-09T21:18:55.833+0000] {processor.py:914} INFO - Processing file /home/airflow/.local/lib/python3.12/site-packages/airflow/example_dags/example_dynamic_task_mapping_with_no_taskflow_operators.py for tasks to queue
[2025-11-09T21:18:55.838+0000] {logging_mixin.py:190} INFO - [2025-11-09T21:18:55.837+0000] {dagbag.py:588} INFO - Filling up the DagBag from /home/airflow/.local/lib/python3.12/site-packages/airflow/example_dags/example_dynamic_task_mapping_with_no_taskflow_operators.py
[2025-11-09T21:18:55.858+0000] {processor.py:925} INFO - DAG(s) 'example_dynamic_task_mapping_with_no_taskflow_operators' retrieved from /home/airflow/.local/lib/python3.12/site-packages/airflow/example_dags/example_dynamic_task_mapping_with_no_taskflow_operators.py
[2025-11-09T21:18:55.900+0000] {logging_mixin.py:190} INFO - [2025-11-09T21:18:55.900+0000] {dag.py:3239} INFO - Sync 1 DAGs
[2025-11-09T21:18:55.933+0000] {logging_mixin.py:190} INFO - [2025-11-09T21:18:55.933+0000] {dag.py:4180} INFO - Setting next_dagrun for example_dynamic_task_mapping_with_no_taskflow_operators to None, run_after=None
[2025-11-09T21:18:55.973+0000] {processor.py:208} INFO - Processing /home/airflow/.local/lib/python3.12/site-packages/airflow/example_dags/example_dynamic_task_mapping_with_no_taskflow_operators.py took 0.155 seconds
[2025-11-09T21:19:26.315+0000] {processor.py:186} INFO - Started process (PID=1502) to work on /home/airflow/.local/lib/python3.12/site-packages/airflow/example_dags/example_dynamic_task_mapping_with_no_taskflow_operators.py
[2025-11-09T21:19:26.317+0000] {processor.py:914} INFO - Processing file /home/airflow/.local/lib/python3.12/site-packages/airflow/example_dags/example_dynamic_task_mapping_with_no_taskflow_operators.py for tasks to queue
[2025-11-09T21:19:26.322+0000] {logging_mixin.py:190} INFO - [2025-11-09T21:19:26.321+0000] {dagbag.py:588} INFO - Filling up the DagBag from /home/airflow/.local/lib/python3.12/site-packages/airflow/example_dags/example_dynamic_task_mapping_with_no_taskflow_operators.py
[2025-11-09T21:19:26.341+0000] {processor.py:925} INFO - DAG(s) 'example_dynamic_task_mapping_with_no_taskflow_operators' retrieved from /home/airflow/.local/lib/python3.12/site-packages/airflow/example_dags/example_dynamic_task_mapping_with_no_taskflow_operators.py
[2025-11-09T21:19:26.389+0000] {logging_mixin.py:190} INFO - [2025-11-09T21:19:26.388+0000] {dag.py:3239} INFO - Sync 1 DAGs
[2025-11-09T21:19:26.419+0000] {logging_mixin.py:190} INFO - [2025-11-09T21:19:26.419+0000] {dag.py:4180} INFO - Setting next_dagrun for example_dynamic_task_mapping_with_no_taskflow_operators to None, run_after=None
[2025-11-09T21:19:26.455+0000] {processor.py:208} INFO - Processing /home/airflow/.local/lib/python3.12/site-packages/airflow/example_dags/example_dynamic_task_mapping_with_no_taskflow_operators.py took 0.152 seconds
[2025-11-09T21:19:57.236+0000] {processor.py:186} INFO - Started process (PID=1565) to work on /home/airflow/.local/lib/python3.12/site-packages/airflow/example_dags/example_dynamic_task_mapping_with_no_taskflow_operators.py
[2025-11-09T21:19:57.288+0000] {processor.py:914} INFO - Processing file /home/airflow/.local/lib/python3.12/site-packages/airflow/example_dags/example_dynamic_task_mapping_with_no_taskflow_operators.py for tasks to queue
[2025-11-09T21:19:57.322+0000] {logging_mixin.py:190} INFO - [2025-11-09T21:19:57.321+0000] {dagbag.py:588} INFO - Filling up the DagBag from /home/airflow/.local/lib/python3.12/site-packages/airflow/example_dags/example_dynamic_task_mapping_with_no_taskflow_operators.py
[2025-11-09T21:19:57.414+0000] {processor.py:925} INFO - DAG(s) 'example_dynamic_task_mapping_with_no_taskflow_operators' retrieved from /home/airflow/.local/lib/python3.12/site-packages/airflow/example_dags/example_dynamic_task_mapping_with_no_taskflow_operators.py
[2025-11-09T21:19:57.511+0000] {logging_mixin.py:190} INFO - [2025-11-09T21:19:57.510+0000] {dag.py:3239} INFO - Sync 1 DAGs
[2025-11-09T21:19:57.573+0000] {logging_mixin.py:190} INFO - [2025-11-09T21:19:57.572+0000] {dag.py:4180} INFO - Setting next_dagrun for example_dynamic_task_mapping_with_no_taskflow_operators to None, run_after=None
[2025-11-09T21:19:57.661+0000] {processor.py:208} INFO - Processing /home/airflow/.local/lib/python3.12/site-packages/airflow/example_dags/example_dynamic_task_mapping_with_no_taskflow_operators.py took 0.454 seconds
[2025-11-09T21:20:27.959+0000] {processor.py:186} INFO - Started process (PID=1629) to work on /home/airflow/.local/lib/python3.12/site-packages/airflow/example_dags/example_dynamic_task_mapping_with_no_taskflow_operators.py
[2025-11-09T21:20:27.962+0000] {processor.py:914} INFO - Processing file /home/airflow/.local/lib/python3.12/site-packages/airflow/example_dags/example_dynamic_task_mapping_with_no_taskflow_operators.py for tasks to queue
[2025-11-09T21:20:27.973+0000] {logging_mixin.py:190} INFO - [2025-11-09T21:20:27.971+0000] {dagbag.py:588} INFO - Filling up the DagBag from /home/airflow/.local/lib/python3.12/site-packages/airflow/example_dags/example_dynamic_task_mapping_with_no_taskflow_operators.py
[2025-11-09T21:20:28.023+0000] {processor.py:925} INFO - DAG(s) 'example_dynamic_task_mapping_with_no_taskflow_operators' retrieved from /home/airflow/.local/lib/python3.12/site-packages/airflow/example_dags/example_dynamic_task_mapping_with_no_taskflow_operators.py
[2025-11-09T21:20:28.088+0000] {logging_mixin.py:190} INFO - [2025-11-09T21:20:28.087+0000] {dag.py:3239} INFO - Sync 1 DAGs
[2025-11-09T21:20:28.137+0000] {logging_mixin.py:190} INFO - [2025-11-09T21:20:28.137+0000] {dag.py:4180} INFO - Setting next_dagrun for example_dynamic_task_mapping_with_no_taskflow_operators to None, run_after=None
[2025-11-09T21:20:28.193+0000] {processor.py:208} INFO - Processing /home/airflow/.local/lib/python3.12/site-packages/airflow/example_dags/example_dynamic_task_mapping_with_no_taskflow_operators.py took 0.254 seconds
[2025-11-09T21:20:58.923+0000] {processor.py:186} INFO - Started process (PID=1692) to work on /home/airflow/.local/lib/python3.12/site-packages/airflow/example_dags/example_dynamic_task_mapping_with_no_taskflow_operators.py
[2025-11-09T21:20:58.925+0000] {processor.py:914} INFO - Processing file /home/airflow/.local/lib/python3.12/site-packages/airflow/example_dags/example_dynamic_task_mapping_with_no_taskflow_operators.py for tasks to queue
[2025-11-09T21:20:58.933+0000] {logging_mixin.py:190} INFO - [2025-11-09T21:20:58.932+0000] {dagbag.py:588} INFO - Filling up the DagBag from /home/airflow/.local/lib/python3.12/site-packages/airflow/example_dags/example_dynamic_task_mapping_with_no_taskflow_operators.py
[2025-11-09T21:20:58.968+0000] {processor.py:925} INFO - DAG(s) 'example_dynamic_task_mapping_with_no_taskflow_operators' retrieved from /home/airflow/.local/lib/python3.12/site-packages/airflow/example_dags/example_dynamic_task_mapping_with_no_taskflow_operators.py
[2025-11-09T21:20:59.029+0000] {logging_mixin.py:190} INFO - [2025-11-09T21:20:59.029+0000] {dag.py:3239} INFO - Sync 1 DAGs
[2025-11-09T21:20:59.073+0000] {logging_mixin.py:190} INFO - [2025-11-09T21:20:59.073+0000] {dag.py:4180} INFO - Setting next_dagrun for example_dynamic_task_mapping_with_no_taskflow_operators to None, run_after=None
[2025-11-09T21:20:59.124+0000] {processor.py:208} INFO - Processing /home/airflow/.local/lib/python3.12/site-packages/airflow/example_dags/example_dynamic_task_mapping_with_no_taskflow_operators.py took 0.220 seconds
[2025-11-09T21:21:30.006+0000] {processor.py:186} INFO - Started process (PID=1756) to work on /home/airflow/.local/lib/python3.12/site-packages/airflow/example_dags/example_dynamic_task_mapping_with_no_taskflow_operators.py
[2025-11-09T21:21:30.009+0000] {processor.py:914} INFO - Processing file /home/airflow/.local/lib/python3.12/site-packages/airflow/example_dags/example_dynamic_task_mapping_with_no_taskflow_operators.py for tasks to queue
[2025-11-09T21:21:30.015+0000] {logging_mixin.py:190} INFO - [2025-11-09T21:21:30.014+0000] {dagbag.py:588} INFO - Filling up the DagBag from /home/airflow/.local/lib/python3.12/site-packages/airflow/example_dags/example_dynamic_task_mapping_with_no_taskflow_operators.py
[2025-11-09T21:21:30.039+0000] {processor.py:925} INFO - DAG(s) 'example_dynamic_task_mapping_with_no_taskflow_operators' retrieved from /home/airflow/.local/lib/python3.12/site-packages/airflow/example_dags/example_dynamic_task_mapping_with_no_taskflow_operators.py
[2025-11-09T21:21:30.086+0000] {logging_mixin.py:190} INFO - [2025-11-09T21:21:30.085+0000] {dag.py:3239} INFO - Sync 1 DAGs
[2025-11-09T21:21:30.118+0000] {logging_mixin.py:190} INFO - [2025-11-09T21:21:30.118+0000] {dag.py:4180} INFO - Setting next_dagrun for example_dynamic_task_mapping_with_no_taskflow_operators to None, run_after=None
[2025-11-09T21:21:30.157+0000] {processor.py:208} INFO - Processing /home/airflow/.local/lib/python3.12/site-packages/airflow/example_dags/example_dynamic_task_mapping_with_no_taskflow_operators.py took 0.169 seconds
[2025-11-09T21:22:00.555+0000] {processor.py:186} INFO - Started process (PID=1820) to work on /home/airflow/.local/lib/python3.12/site-packages/airflow/example_dags/example_dynamic_task_mapping_with_no_taskflow_operators.py
[2025-11-09T21:22:00.557+0000] {processor.py:914} INFO - Processing file /home/airflow/.local/lib/python3.12/site-packages/airflow/example_dags/example_dynamic_task_mapping_with_no_taskflow_operators.py for tasks to queue
[2025-11-09T21:22:00.563+0000] {logging_mixin.py:190} INFO - [2025-11-09T21:22:00.562+0000] {dagbag.py:588} INFO - Filling up the DagBag from /home/airflow/.local/lib/python3.12/site-packages/airflow/example_dags/example_dynamic_task_mapping_with_no_taskflow_operators.py
[2025-11-09T21:22:00.578+0000] {processor.py:925} INFO - DAG(s) 'example_dynamic_task_mapping_with_no_taskflow_operators' retrieved from /home/airflow/.local/lib/python3.12/site-packages/airflow/example_dags/example_dynamic_task_mapping_with_no_taskflow_operators.py
[2025-11-09T21:22:00.615+0000] {logging_mixin.py:190} INFO - [2025-11-09T21:22:00.615+0000] {dag.py:3239} INFO - Sync 1 DAGs
[2025-11-09T21:22:00.640+0000] {logging_mixin.py:190} INFO - [2025-11-09T21:22:00.640+0000] {dag.py:4180} INFO - Setting next_dagrun for example_dynamic_task_mapping_with_no_taskflow_operators to None, run_after=None
[2025-11-09T21:22:00.674+0000] {processor.py:208} INFO - Processing /home/airflow/.local/lib/python3.12/site-packages/airflow/example_dags/example_dynamic_task_mapping_with_no_taskflow_operators.py took 0.129 seconds
[2025-11-09T21:22:30.837+0000] {processor.py:186} INFO - Started process (PID=1885) to work on /home/airflow/.local/lib/python3.12/site-packages/airflow/example_dags/example_dynamic_task_mapping_with_no_taskflow_operators.py
[2025-11-09T21:22:30.844+0000] {processor.py:914} INFO - Processing file /home/airflow/.local/lib/python3.12/site-packages/airflow/example_dags/example_dynamic_task_mapping_with_no_taskflow_operators.py for tasks to queue
[2025-11-09T21:22:30.850+0000] {logging_mixin.py:190} INFO - [2025-11-09T21:22:30.849+0000] {dagbag.py:588} INFO - Filling up the DagBag from /home/airflow/.local/lib/python3.12/site-packages/airflow/example_dags/example_dynamic_task_mapping_with_no_taskflow_operators.py
[2025-11-09T21:22:30.873+0000] {processor.py:925} INFO - DAG(s) 'example_dynamic_task_mapping_with_no_taskflow_operators' retrieved from /home/airflow/.local/lib/python3.12/site-packages/airflow/example_dags/example_dynamic_task_mapping_with_no_taskflow_operators.py
[2025-11-09T21:22:30.922+0000] {logging_mixin.py:190} INFO - [2025-11-09T21:22:30.922+0000] {dag.py:3239} INFO - Sync 1 DAGs
[2025-11-09T21:22:30.954+0000] {logging_mixin.py:190} INFO - [2025-11-09T21:22:30.954+0000] {dag.py:4180} INFO - Setting next_dagrun for example_dynamic_task_mapping_with_no_taskflow_operators to None, run_after=None
[2025-11-09T21:22:30.993+0000] {processor.py:208} INFO - Processing /home/airflow/.local/lib/python3.12/site-packages/airflow/example_dags/example_dynamic_task_mapping_with_no_taskflow_operators.py took 0.172 seconds
[2025-11-09T21:23:02.058+0000] {processor.py:186} INFO - Started process (PID=1948) to work on /home/airflow/.local/lib/python3.12/site-packages/airflow/example_dags/example_dynamic_task_mapping_with_no_taskflow_operators.py
[2025-11-09T21:23:02.061+0000] {processor.py:914} INFO - Processing file /home/airflow/.local/lib/python3.12/site-packages/airflow/example_dags/example_dynamic_task_mapping_with_no_taskflow_operators.py for tasks to queue
[2025-11-09T21:23:02.068+0000] {logging_mixin.py:190} INFO - [2025-11-09T21:23:02.067+0000] {dagbag.py:588} INFO - Filling up the DagBag from /home/airflow/.local/lib/python3.12/site-packages/airflow/example_dags/example_dynamic_task_mapping_with_no_taskflow_operators.py
[2025-11-09T21:23:02.092+0000] {processor.py:925} INFO - DAG(s) 'example_dynamic_task_mapping_with_no_taskflow_operators' retrieved from /home/airflow/.local/lib/python3.12/site-packages/airflow/example_dags/example_dynamic_task_mapping_with_no_taskflow_operators.py
[2025-11-09T21:23:02.148+0000] {logging_mixin.py:190} INFO - [2025-11-09T21:23:02.147+0000] {dag.py:3239} INFO - Sync 1 DAGs
[2025-11-09T21:23:02.185+0000] {logging_mixin.py:190} INFO - [2025-11-09T21:23:02.185+0000] {dag.py:4180} INFO - Setting next_dagrun for example_dynamic_task_mapping_with_no_taskflow_operators to None, run_after=None
[2025-11-09T21:23:02.229+0000] {processor.py:208} INFO - Processing /home/airflow/.local/lib/python3.12/site-packages/airflow/example_dags/example_dynamic_task_mapping_with_no_taskflow_operators.py took 0.186 seconds
[2025-11-09T21:23:33.273+0000] {processor.py:186} INFO - Started process (PID=2012) to work on /home/airflow/.local/lib/python3.12/site-packages/airflow/example_dags/example_dynamic_task_mapping_with_no_taskflow_operators.py
[2025-11-09T21:23:33.276+0000] {processor.py:914} INFO - Processing file /home/airflow/.local/lib/python3.12/site-packages/airflow/example_dags/example_dynamic_task_mapping_with_no_taskflow_operators.py for tasks to queue
[2025-11-09T21:23:33.283+0000] {logging_mixin.py:190} INFO - [2025-11-09T21:23:33.282+0000] {dagbag.py:588} INFO - Filling up the DagBag from /home/airflow/.local/lib/python3.12/site-packages/airflow/example_dags/example_dynamic_task_mapping_with_no_taskflow_operators.py
[2025-11-09T21:23:33.304+0000] {processor.py:925} INFO - DAG(s) 'example_dynamic_task_mapping_with_no_taskflow_operators' retrieved from /home/airflow/.local/lib/python3.12/site-packages/airflow/example_dags/example_dynamic_task_mapping_with_no_taskflow_operators.py
[2025-11-09T21:23:33.386+0000] {logging_mixin.py:190} INFO - [2025-11-09T21:23:33.386+0000] {dag.py:3239} INFO - Sync 1 DAGs
[2025-11-09T21:23:33.438+0000] {logging_mixin.py:190} INFO - [2025-11-09T21:23:33.438+0000] {dag.py:4180} INFO - Setting next_dagrun for example_dynamic_task_mapping_with_no_taskflow_operators to None, run_after=None
[2025-11-09T21:23:33.479+0000] {processor.py:208} INFO - Processing /home/airflow/.local/lib/python3.12/site-packages/airflow/example_dags/example_dynamic_task_mapping_with_no_taskflow_operators.py took 0.221 seconds
[2025-11-09T21:24:03.721+0000] {processor.py:186} INFO - Started process (PID=2076) to work on /home/airflow/.local/lib/python3.12/site-packages/airflow/example_dags/example_dynamic_task_mapping_with_no_taskflow_operators.py
[2025-11-09T21:24:03.724+0000] {processor.py:914} INFO - Processing file /home/airflow/.local/lib/python3.12/site-packages/airflow/example_dags/example_dynamic_task_mapping_with_no_taskflow_operators.py for tasks to queue
[2025-11-09T21:24:03.729+0000] {logging_mixin.py:190} INFO - [2025-11-09T21:24:03.728+0000] {dagbag.py:588} INFO - Filling up the DagBag from /home/airflow/.local/lib/python3.12/site-packages/airflow/example_dags/example_dynamic_task_mapping_with_no_taskflow_operators.py
[2025-11-09T21:24:03.754+0000] {processor.py:925} INFO - DAG(s) 'example_dynamic_task_mapping_with_no_taskflow_operators' retrieved from /home/airflow/.local/lib/python3.12/site-packages/airflow/example_dags/example_dynamic_task_mapping_with_no_taskflow_operators.py
[2025-11-09T21:24:03.808+0000] {logging_mixin.py:190} INFO - [2025-11-09T21:24:03.807+0000] {dag.py:3239} INFO - Sync 1 DAGs
[2025-11-09T21:24:03.847+0000] {logging_mixin.py:190} INFO - [2025-11-09T21:24:03.847+0000] {dag.py:4180} INFO - Setting next_dagrun for example_dynamic_task_mapping_with_no_taskflow_operators to None, run_after=None
[2025-11-09T21:24:03.895+0000] {processor.py:208} INFO - Processing /home/airflow/.local/lib/python3.12/site-packages/airflow/example_dags/example_dynamic_task_mapping_with_no_taskflow_operators.py took 0.190 seconds
[2025-11-09T21:24:34.455+0000] {processor.py:186} INFO - Started process (PID=2140) to work on /home/airflow/.local/lib/python3.12/site-packages/airflow/example_dags/example_dynamic_task_mapping_with_no_taskflow_operators.py
[2025-11-09T21:24:34.457+0000] {processor.py:914} INFO - Processing file /home/airflow/.local/lib/python3.12/site-packages/airflow/example_dags/example_dynamic_task_mapping_with_no_taskflow_operators.py for tasks to queue
[2025-11-09T21:24:34.464+0000] {logging_mixin.py:190} INFO - [2025-11-09T21:24:34.463+0000] {dagbag.py:588} INFO - Filling up the DagBag from /home/airflow/.local/lib/python3.12/site-packages/airflow/example_dags/example_dynamic_task_mapping_with_no_taskflow_operators.py
[2025-11-09T21:24:34.483+0000] {processor.py:925} INFO - DAG(s) 'example_dynamic_task_mapping_with_no_taskflow_operators' retrieved from /home/airflow/.local/lib/python3.12/site-packages/airflow/example_dags/example_dynamic_task_mapping_with_no_taskflow_operators.py
[2025-11-09T21:24:34.521+0000] {logging_mixin.py:190} INFO - [2025-11-09T21:24:34.520+0000] {dag.py:3239} INFO - Sync 1 DAGs
[2025-11-09T21:24:34.545+0000] {logging_mixin.py:190} INFO - [2025-11-09T21:24:34.545+0000] {dag.py:4180} INFO - Setting next_dagrun for example_dynamic_task_mapping_with_no_taskflow_operators to None, run_after=None
[2025-11-09T21:24:34.579+0000] {processor.py:208} INFO - Processing /home/airflow/.local/lib/python3.12/site-packages/airflow/example_dags/example_dynamic_task_mapping_with_no_taskflow_operators.py took 0.136 seconds
[2025-11-09T21:25:05.062+0000] {processor.py:186} INFO - Started process (PID=2204) to work on /home/airflow/.local/lib/python3.12/site-packages/airflow/example_dags/example_dynamic_task_mapping_with_no_taskflow_operators.py
[2025-11-09T21:25:05.065+0000] {processor.py:914} INFO - Processing file /home/airflow/.local/lib/python3.12/site-packages/airflow/example_dags/example_dynamic_task_mapping_with_no_taskflow_operators.py for tasks to queue
[2025-11-09T21:25:05.070+0000] {logging_mixin.py:190} INFO - [2025-11-09T21:25:05.070+0000] {dagbag.py:588} INFO - Filling up the DagBag from /home/airflow/.local/lib/python3.12/site-packages/airflow/example_dags/example_dynamic_task_mapping_with_no_taskflow_operators.py
[2025-11-09T21:25:05.090+0000] {processor.py:925} INFO - DAG(s) 'example_dynamic_task_mapping_with_no_taskflow_operators' retrieved from /home/airflow/.local/lib/python3.12/site-packages/airflow/example_dags/example_dynamic_task_mapping_with_no_taskflow_operators.py
[2025-11-09T21:25:05.138+0000] {logging_mixin.py:190} INFO - [2025-11-09T21:25:05.137+0000] {dag.py:3239} INFO - Sync 1 DAGs
[2025-11-09T21:25:05.171+0000] {logging_mixin.py:190} INFO - [2025-11-09T21:25:05.171+0000] {dag.py:4180} INFO - Setting next_dagrun for example_dynamic_task_mapping_with_no_taskflow_operators to None, run_after=None
[2025-11-09T21:25:05.212+0000] {processor.py:208} INFO - Processing /home/airflow/.local/lib/python3.12/site-packages/airflow/example_dags/example_dynamic_task_mapping_with_no_taskflow_operators.py took 0.164 seconds
[2025-11-09T21:25:36.252+0000] {processor.py:186} INFO - Started process (PID=2267) to work on /home/airflow/.local/lib/python3.12/site-packages/airflow/example_dags/example_dynamic_task_mapping_with_no_taskflow_operators.py
[2025-11-09T21:25:36.257+0000] {processor.py:914} INFO - Processing file /home/airflow/.local/lib/python3.12/site-packages/airflow/example_dags/example_dynamic_task_mapping_with_no_taskflow_operators.py for tasks to queue
[2025-11-09T21:25:36.268+0000] {logging_mixin.py:190} INFO - [2025-11-09T21:25:36.266+0000] {dagbag.py:588} INFO - Filling up the DagBag from /home/airflow/.local/lib/python3.12/site-packages/airflow/example_dags/example_dynamic_task_mapping_with_no_taskflow_operators.py
[2025-11-09T21:25:36.309+0000] {processor.py:925} INFO - DAG(s) 'example_dynamic_task_mapping_with_no_taskflow_operators' retrieved from /home/airflow/.local/lib/python3.12/site-packages/airflow/example_dags/example_dynamic_task_mapping_with_no_taskflow_operators.py
[2025-11-09T21:25:36.389+0000] {logging_mixin.py:190} INFO - [2025-11-09T21:25:36.388+0000] {dag.py:3239} INFO - Sync 1 DAGs
[2025-11-09T21:25:36.454+0000] {logging_mixin.py:190} INFO - [2025-11-09T21:25:36.453+0000] {dag.py:4180} INFO - Setting next_dagrun for example_dynamic_task_mapping_with_no_taskflow_operators to None, run_after=None
[2025-11-09T21:25:36.520+0000] {processor.py:208} INFO - Processing /home/airflow/.local/lib/python3.12/site-packages/airflow/example_dags/example_dynamic_task_mapping_with_no_taskflow_operators.py took 0.291 seconds
[2025-11-09T21:26:06.843+0000] {processor.py:186} INFO - Started process (PID=2330) to work on /home/airflow/.local/lib/python3.12/site-packages/airflow/example_dags/example_dynamic_task_mapping_with_no_taskflow_operators.py
[2025-11-09T21:26:06.846+0000] {processor.py:914} INFO - Processing file /home/airflow/.local/lib/python3.12/site-packages/airflow/example_dags/example_dynamic_task_mapping_with_no_taskflow_operators.py for tasks to queue
[2025-11-09T21:26:06.853+0000] {logging_mixin.py:190} INFO - [2025-11-09T21:26:06.852+0000] {dagbag.py:588} INFO - Filling up the DagBag from /home/airflow/.local/lib/python3.12/site-packages/airflow/example_dags/example_dynamic_task_mapping_with_no_taskflow_operators.py
[2025-11-09T21:26:06.874+0000] {processor.py:925} INFO - DAG(s) 'example_dynamic_task_mapping_with_no_taskflow_operators' retrieved from /home/airflow/.local/lib/python3.12/site-packages/airflow/example_dags/example_dynamic_task_mapping_with_no_taskflow_operators.py
[2025-11-09T21:26:06.939+0000] {logging_mixin.py:190} INFO - [2025-11-09T21:26:06.938+0000] {dag.py:3239} INFO - Sync 1 DAGs
[2025-11-09T21:26:06.975+0000] {logging_mixin.py:190} INFO - [2025-11-09T21:26:06.975+0000] {dag.py:4180} INFO - Setting next_dagrun for example_dynamic_task_mapping_with_no_taskflow_operators to None, run_after=None
[2025-11-09T21:26:07.018+0000] {processor.py:208} INFO - Processing /home/airflow/.local/lib/python3.12/site-packages/airflow/example_dags/example_dynamic_task_mapping_with_no_taskflow_operators.py took 0.191 seconds
[2025-11-09T21:26:37.385+0000] {processor.py:186} INFO - Started process (PID=2394) to work on /home/airflow/.local/lib/python3.12/site-packages/airflow/example_dags/example_dynamic_task_mapping_with_no_taskflow_operators.py
[2025-11-09T21:26:37.388+0000] {processor.py:914} INFO - Processing file /home/airflow/.local/lib/python3.12/site-packages/airflow/example_dags/example_dynamic_task_mapping_with_no_taskflow_operators.py for tasks to queue
[2025-11-09T21:26:37.396+0000] {logging_mixin.py:190} INFO - [2025-11-09T21:26:37.395+0000] {dagbag.py:588} INFO - Filling up the DagBag from /home/airflow/.local/lib/python3.12/site-packages/airflow/example_dags/example_dynamic_task_mapping_with_no_taskflow_operators.py
[2025-11-09T21:26:37.434+0000] {processor.py:925} INFO - DAG(s) 'example_dynamic_task_mapping_with_no_taskflow_operators' retrieved from /home/airflow/.local/lib/python3.12/site-packages/airflow/example_dags/example_dynamic_task_mapping_with_no_taskflow_operators.py
[2025-11-09T21:26:37.507+0000] {logging_mixin.py:190} INFO - [2025-11-09T21:26:37.506+0000] {dag.py:3239} INFO - Sync 1 DAGs
[2025-11-09T21:26:37.551+0000] {logging_mixin.py:190} INFO - [2025-11-09T21:26:37.551+0000] {dag.py:4180} INFO - Setting next_dagrun for example_dynamic_task_mapping_with_no_taskflow_operators to None, run_after=None
[2025-11-09T21:26:37.604+0000] {processor.py:208} INFO - Processing /home/airflow/.local/lib/python3.12/site-packages/airflow/example_dags/example_dynamic_task_mapping_with_no_taskflow_operators.py took 0.240 seconds
[2025-11-09T21:27:07.960+0000] {processor.py:186} INFO - Started process (PID=2458) to work on /home/airflow/.local/lib/python3.12/site-packages/airflow/example_dags/example_dynamic_task_mapping_with_no_taskflow_operators.py
[2025-11-09T21:27:07.962+0000] {processor.py:914} INFO - Processing file /home/airflow/.local/lib/python3.12/site-packages/airflow/example_dags/example_dynamic_task_mapping_with_no_taskflow_operators.py for tasks to queue
[2025-11-09T21:27:07.968+0000] {logging_mixin.py:190} INFO - [2025-11-09T21:27:07.967+0000] {dagbag.py:588} INFO - Filling up the DagBag from /home/airflow/.local/lib/python3.12/site-packages/airflow/example_dags/example_dynamic_task_mapping_with_no_taskflow_operators.py
[2025-11-09T21:27:07.988+0000] {processor.py:925} INFO - DAG(s) 'example_dynamic_task_mapping_with_no_taskflow_operators' retrieved from /home/airflow/.local/lib/python3.12/site-packages/airflow/example_dags/example_dynamic_task_mapping_with_no_taskflow_operators.py
[2025-11-09T21:27:08.027+0000] {logging_mixin.py:190} INFO - [2025-11-09T21:27:08.026+0000] {dag.py:3239} INFO - Sync 1 DAGs
[2025-11-09T21:27:08.049+0000] {logging_mixin.py:190} INFO - [2025-11-09T21:27:08.049+0000] {dag.py:4180} INFO - Setting next_dagrun for example_dynamic_task_mapping_with_no_taskflow_operators to None, run_after=None
[2025-11-09T21:27:08.090+0000] {processor.py:208} INFO - Processing /home/airflow/.local/lib/python3.12/site-packages/airflow/example_dags/example_dynamic_task_mapping_with_no_taskflow_operators.py took 0.146 seconds
[2025-11-09T21:27:38.328+0000] {processor.py:186} INFO - Started process (PID=2522) to work on /home/airflow/.local/lib/python3.12/site-packages/airflow/example_dags/example_dynamic_task_mapping_with_no_taskflow_operators.py
[2025-11-09T21:27:38.330+0000] {processor.py:914} INFO - Processing file /home/airflow/.local/lib/python3.12/site-packages/airflow/example_dags/example_dynamic_task_mapping_with_no_taskflow_operators.py for tasks to queue
[2025-11-09T21:27:38.336+0000] {logging_mixin.py:190} INFO - [2025-11-09T21:27:38.335+0000] {dagbag.py:588} INFO - Filling up the DagBag from /home/airflow/.local/lib/python3.12/site-packages/airflow/example_dags/example_dynamic_task_mapping_with_no_taskflow_operators.py
[2025-11-09T21:27:38.357+0000] {processor.py:925} INFO - DAG(s) 'example_dynamic_task_mapping_with_no_taskflow_operators' retrieved from /home/airflow/.local/lib/python3.12/site-packages/airflow/example_dags/example_dynamic_task_mapping_with_no_taskflow_operators.py
[2025-11-09T21:27:38.397+0000] {logging_mixin.py:190} INFO - [2025-11-09T21:27:38.396+0000] {dag.py:3239} INFO - Sync 1 DAGs
[2025-11-09T21:27:38.420+0000] {logging_mixin.py:190} INFO - [2025-11-09T21:27:38.419+0000] {dag.py:4180} INFO - Setting next_dagrun for example_dynamic_task_mapping_with_no_taskflow_operators to None, run_after=None
[2025-11-09T21:27:38.449+0000] {processor.py:208} INFO - Processing /home/airflow/.local/lib/python3.12/site-packages/airflow/example_dags/example_dynamic_task_mapping_with_no_taskflow_operators.py took 0.134 seconds
[2025-11-09T21:28:08.655+0000] {processor.py:186} INFO - Started process (PID=2587) to work on /home/airflow/.local/lib/python3.12/site-packages/airflow/example_dags/example_dynamic_task_mapping_with_no_taskflow_operators.py
[2025-11-09T21:28:08.657+0000] {processor.py:914} INFO - Processing file /home/airflow/.local/lib/python3.12/site-packages/airflow/example_dags/example_dynamic_task_mapping_with_no_taskflow_operators.py for tasks to queue
[2025-11-09T21:28:08.662+0000] {logging_mixin.py:190} INFO - [2025-11-09T21:28:08.661+0000] {dagbag.py:588} INFO - Filling up the DagBag from /home/airflow/.local/lib/python3.12/site-packages/airflow/example_dags/example_dynamic_task_mapping_with_no_taskflow_operators.py
[2025-11-09T21:28:08.684+0000] {processor.py:925} INFO - DAG(s) 'example_dynamic_task_mapping_with_no_taskflow_operators' retrieved from /home/airflow/.local/lib/python3.12/site-packages/airflow/example_dags/example_dynamic_task_mapping_with_no_taskflow_operators.py
[2025-11-09T21:28:08.738+0000] {logging_mixin.py:190} INFO - [2025-11-09T21:28:08.737+0000] {dag.py:3239} INFO - Sync 1 DAGs
[2025-11-09T21:28:08.764+0000] {logging_mixin.py:190} INFO - [2025-11-09T21:28:08.764+0000] {dag.py:4180} INFO - Setting next_dagrun for example_dynamic_task_mapping_with_no_taskflow_operators to None, run_after=None
[2025-11-09T21:28:08.800+0000] {processor.py:208} INFO - Processing /home/airflow/.local/lib/python3.12/site-packages/airflow/example_dags/example_dynamic_task_mapping_with_no_taskflow_operators.py took 0.159 seconds
[2025-11-09T21:28:39.540+0000] {processor.py:186} INFO - Started process (PID=2651) to work on /home/airflow/.local/lib/python3.12/site-packages/airflow/example_dags/example_dynamic_task_mapping_with_no_taskflow_operators.py
[2025-11-09T21:28:39.543+0000] {processor.py:914} INFO - Processing file /home/airflow/.local/lib/python3.12/site-packages/airflow/example_dags/example_dynamic_task_mapping_with_no_taskflow_operators.py for tasks to queue
[2025-11-09T21:28:39.550+0000] {logging_mixin.py:190} INFO - [2025-11-09T21:28:39.548+0000] {dagbag.py:588} INFO - Filling up the DagBag from /home/airflow/.local/lib/python3.12/site-packages/airflow/example_dags/example_dynamic_task_mapping_with_no_taskflow_operators.py
[2025-11-09T21:28:39.573+0000] {processor.py:925} INFO - DAG(s) 'example_dynamic_task_mapping_with_no_taskflow_operators' retrieved from /home/airflow/.local/lib/python3.12/site-packages/airflow/example_dags/example_dynamic_task_mapping_with_no_taskflow_operators.py
[2025-11-09T21:28:39.621+0000] {logging_mixin.py:190} INFO - [2025-11-09T21:28:39.620+0000] {dag.py:3239} INFO - Sync 1 DAGs
[2025-11-09T21:28:39.658+0000] {logging_mixin.py:190} INFO - [2025-11-09T21:28:39.658+0000] {dag.py:4180} INFO - Setting next_dagrun for example_dynamic_task_mapping_with_no_taskflow_operators to None, run_after=None
[2025-11-09T21:28:39.698+0000] {processor.py:208} INFO - Processing /home/airflow/.local/lib/python3.12/site-packages/airflow/example_dags/example_dynamic_task_mapping_with_no_taskflow_operators.py took 0.172 seconds
[2025-11-09T21:29:09.874+0000] {processor.py:186} INFO - Started process (PID=2716) to work on /home/airflow/.local/lib/python3.12/site-packages/airflow/example_dags/example_dynamic_task_mapping_with_no_taskflow_operators.py
[2025-11-09T21:29:09.876+0000] {processor.py:914} INFO - Processing file /home/airflow/.local/lib/python3.12/site-packages/airflow/example_dags/example_dynamic_task_mapping_with_no_taskflow_operators.py for tasks to queue
[2025-11-09T21:29:09.882+0000] {logging_mixin.py:190} INFO - [2025-11-09T21:29:09.881+0000] {dagbag.py:588} INFO - Filling up the DagBag from /home/airflow/.local/lib/python3.12/site-packages/airflow/example_dags/example_dynamic_task_mapping_with_no_taskflow_operators.py
[2025-11-09T21:29:09.902+0000] {processor.py:925} INFO - DAG(s) 'example_dynamic_task_mapping_with_no_taskflow_operators' retrieved from /home/airflow/.local/lib/python3.12/site-packages/airflow/example_dags/example_dynamic_task_mapping_with_no_taskflow_operators.py
[2025-11-09T21:29:09.945+0000] {logging_mixin.py:190} INFO - [2025-11-09T21:29:09.945+0000] {dag.py:3239} INFO - Sync 1 DAGs
[2025-11-09T21:29:09.975+0000] {logging_mixin.py:190} INFO - [2025-11-09T21:29:09.974+0000] {dag.py:4180} INFO - Setting next_dagrun for example_dynamic_task_mapping_with_no_taskflow_operators to None, run_after=None
[2025-11-09T21:29:10.015+0000] {processor.py:208} INFO - Processing /home/airflow/.local/lib/python3.12/site-packages/airflow/example_dags/example_dynamic_task_mapping_with_no_taskflow_operators.py took 0.155 seconds
[2025-11-09T21:29:40.366+0000] {processor.py:186} INFO - Started process (PID=2780) to work on /home/airflow/.local/lib/python3.12/site-packages/airflow/example_dags/example_dynamic_task_mapping_with_no_taskflow_operators.py
[2025-11-09T21:29:40.369+0000] {processor.py:914} INFO - Processing file /home/airflow/.local/lib/python3.12/site-packages/airflow/example_dags/example_dynamic_task_mapping_with_no_taskflow_operators.py for tasks to queue
[2025-11-09T21:29:40.373+0000] {logging_mixin.py:190} INFO - [2025-11-09T21:29:40.373+0000] {dagbag.py:588} INFO - Filling up the DagBag from /home/airflow/.local/lib/python3.12/site-packages/airflow/example_dags/example_dynamic_task_mapping_with_no_taskflow_operators.py
[2025-11-09T21:29:40.391+0000] {processor.py:925} INFO - DAG(s) 'example_dynamic_task_mapping_with_no_taskflow_operators' retrieved from /home/airflow/.local/lib/python3.12/site-packages/airflow/example_dags/example_dynamic_task_mapping_with_no_taskflow_operators.py
[2025-11-09T21:29:40.432+0000] {logging_mixin.py:190} INFO - [2025-11-09T21:29:40.431+0000] {dag.py:3239} INFO - Sync 1 DAGs
[2025-11-09T21:29:40.459+0000] {logging_mixin.py:190} INFO - [2025-11-09T21:29:40.459+0000] {dag.py:4180} INFO - Setting next_dagrun for example_dynamic_task_mapping_with_no_taskflow_operators to None, run_after=None
[2025-11-09T21:29:40.491+0000] {processor.py:208} INFO - Processing /home/airflow/.local/lib/python3.12/site-packages/airflow/example_dags/example_dynamic_task_mapping_with_no_taskflow_operators.py took 0.138 seconds
[2025-11-09T21:30:11.478+0000] {processor.py:186} INFO - Started process (PID=2842) to work on /home/airflow/.local/lib/python3.12/site-packages/airflow/example_dags/example_dynamic_task_mapping_with_no_taskflow_operators.py
[2025-11-09T21:30:11.480+0000] {processor.py:914} INFO - Processing file /home/airflow/.local/lib/python3.12/site-packages/airflow/example_dags/example_dynamic_task_mapping_with_no_taskflow_operators.py for tasks to queue
[2025-11-09T21:30:11.486+0000] {logging_mixin.py:190} INFO - [2025-11-09T21:30:11.485+0000] {dagbag.py:588} INFO - Filling up the DagBag from /home/airflow/.local/lib/python3.12/site-packages/airflow/example_dags/example_dynamic_task_mapping_with_no_taskflow_operators.py
[2025-11-09T21:30:11.522+0000] {processor.py:925} INFO - DAG(s) 'example_dynamic_task_mapping_with_no_taskflow_operators' retrieved from /home/airflow/.local/lib/python3.12/site-packages/airflow/example_dags/example_dynamic_task_mapping_with_no_taskflow_operators.py
[2025-11-09T21:30:11.563+0000] {logging_mixin.py:190} INFO - [2025-11-09T21:30:11.563+0000] {dag.py:3239} INFO - Sync 1 DAGs
[2025-11-09T21:30:11.593+0000] {logging_mixin.py:190} INFO - [2025-11-09T21:30:11.592+0000] {dag.py:4180} INFO - Setting next_dagrun for example_dynamic_task_mapping_with_no_taskflow_operators to None, run_after=None
[2025-11-09T21:30:11.633+0000] {processor.py:208} INFO - Processing /home/airflow/.local/lib/python3.12/site-packages/airflow/example_dags/example_dynamic_task_mapping_with_no_taskflow_operators.py took 0.170 seconds
[2025-11-09T21:30:42.253+0000] {processor.py:186} INFO - Started process (PID=2905) to work on /home/airflow/.local/lib/python3.12/site-packages/airflow/example_dags/example_dynamic_task_mapping_with_no_taskflow_operators.py
[2025-11-09T21:30:42.255+0000] {processor.py:914} INFO - Processing file /home/airflow/.local/lib/python3.12/site-packages/airflow/example_dags/example_dynamic_task_mapping_with_no_taskflow_operators.py for tasks to queue
[2025-11-09T21:30:42.260+0000] {logging_mixin.py:190} INFO - [2025-11-09T21:30:42.259+0000] {dagbag.py:588} INFO - Filling up the DagBag from /home/airflow/.local/lib/python3.12/site-packages/airflow/example_dags/example_dynamic_task_mapping_with_no_taskflow_operators.py
[2025-11-09T21:30:42.277+0000] {processor.py:925} INFO - DAG(s) 'example_dynamic_task_mapping_with_no_taskflow_operators' retrieved from /home/airflow/.local/lib/python3.12/site-packages/airflow/example_dags/example_dynamic_task_mapping_with_no_taskflow_operators.py
[2025-11-09T21:30:42.317+0000] {logging_mixin.py:190} INFO - [2025-11-09T21:30:42.316+0000] {dag.py:3239} INFO - Sync 1 DAGs
[2025-11-09T21:30:42.348+0000] {logging_mixin.py:190} INFO - [2025-11-09T21:30:42.347+0000] {dag.py:4180} INFO - Setting next_dagrun for example_dynamic_task_mapping_with_no_taskflow_operators to None, run_after=None
[2025-11-09T21:30:42.381+0000] {processor.py:208} INFO - Processing /home/airflow/.local/lib/python3.12/site-packages/airflow/example_dags/example_dynamic_task_mapping_with_no_taskflow_operators.py took 0.138 seconds
[2025-11-09T21:31:12.670+0000] {processor.py:186} INFO - Started process (PID=2967) to work on /home/airflow/.local/lib/python3.12/site-packages/airflow/example_dags/example_dynamic_task_mapping_with_no_taskflow_operators.py
[2025-11-09T21:31:12.675+0000] {processor.py:914} INFO - Processing file /home/airflow/.local/lib/python3.12/site-packages/airflow/example_dags/example_dynamic_task_mapping_with_no_taskflow_operators.py for tasks to queue
[2025-11-09T21:31:12.685+0000] {logging_mixin.py:190} INFO - [2025-11-09T21:31:12.684+0000] {dagbag.py:588} INFO - Filling up the DagBag from /home/airflow/.local/lib/python3.12/site-packages/airflow/example_dags/example_dynamic_task_mapping_with_no_taskflow_operators.py
[2025-11-09T21:31:12.731+0000] {processor.py:925} INFO - DAG(s) 'example_dynamic_task_mapping_with_no_taskflow_operators' retrieved from /home/airflow/.local/lib/python3.12/site-packages/airflow/example_dags/example_dynamic_task_mapping_with_no_taskflow_operators.py
[2025-11-09T21:31:12.793+0000] {logging_mixin.py:190} INFO - [2025-11-09T21:31:12.792+0000] {dag.py:3239} INFO - Sync 1 DAGs
[2025-11-09T21:31:12.857+0000] {logging_mixin.py:190} INFO - [2025-11-09T21:31:12.855+0000] {dag.py:4180} INFO - Setting next_dagrun for example_dynamic_task_mapping_with_no_taskflow_operators to None, run_after=None
[2025-11-09T21:31:12.928+0000] {processor.py:208} INFO - Processing /home/airflow/.local/lib/python3.12/site-packages/airflow/example_dags/example_dynamic_task_mapping_with_no_taskflow_operators.py took 0.280 seconds
[2025-11-09T21:31:43.622+0000] {processor.py:186} INFO - Started process (PID=3031) to work on /home/airflow/.local/lib/python3.12/site-packages/airflow/example_dags/example_dynamic_task_mapping_with_no_taskflow_operators.py
[2025-11-09T21:31:43.625+0000] {processor.py:914} INFO - Processing file /home/airflow/.local/lib/python3.12/site-packages/airflow/example_dags/example_dynamic_task_mapping_with_no_taskflow_operators.py for tasks to queue
[2025-11-09T21:31:43.632+0000] {logging_mixin.py:190} INFO - [2025-11-09T21:31:43.631+0000] {dagbag.py:588} INFO - Filling up the DagBag from /home/airflow/.local/lib/python3.12/site-packages/airflow/example_dags/example_dynamic_task_mapping_with_no_taskflow_operators.py
[2025-11-09T21:31:43.656+0000] {processor.py:925} INFO - DAG(s) 'example_dynamic_task_mapping_with_no_taskflow_operators' retrieved from /home/airflow/.local/lib/python3.12/site-packages/airflow/example_dags/example_dynamic_task_mapping_with_no_taskflow_operators.py
[2025-11-09T21:31:43.710+0000] {logging_mixin.py:190} INFO - [2025-11-09T21:31:43.709+0000] {dag.py:3239} INFO - Sync 1 DAGs
[2025-11-09T21:31:43.746+0000] {logging_mixin.py:190} INFO - [2025-11-09T21:31:43.746+0000] {dag.py:4180} INFO - Setting next_dagrun for example_dynamic_task_mapping_with_no_taskflow_operators to None, run_after=None
[2025-11-09T21:31:43.788+0000] {processor.py:208} INFO - Processing /home/airflow/.local/lib/python3.12/site-packages/airflow/example_dags/example_dynamic_task_mapping_with_no_taskflow_operators.py took 0.182 seconds
[2025-11-09T21:32:14.025+0000] {processor.py:186} INFO - Started process (PID=3095) to work on /home/airflow/.local/lib/python3.12/site-packages/airflow/example_dags/example_dynamic_task_mapping_with_no_taskflow_operators.py
[2025-11-09T21:32:14.027+0000] {processor.py:914} INFO - Processing file /home/airflow/.local/lib/python3.12/site-packages/airflow/example_dags/example_dynamic_task_mapping_with_no_taskflow_operators.py for tasks to queue
[2025-11-09T21:32:14.033+0000] {logging_mixin.py:190} INFO - [2025-11-09T21:32:14.033+0000] {dagbag.py:588} INFO - Filling up the DagBag from /home/airflow/.local/lib/python3.12/site-packages/airflow/example_dags/example_dynamic_task_mapping_with_no_taskflow_operators.py
[2025-11-09T21:32:14.047+0000] {processor.py:925} INFO - DAG(s) 'example_dynamic_task_mapping_with_no_taskflow_operators' retrieved from /home/airflow/.local/lib/python3.12/site-packages/airflow/example_dags/example_dynamic_task_mapping_with_no_taskflow_operators.py
[2025-11-09T21:32:14.088+0000] {logging_mixin.py:190} INFO - [2025-11-09T21:32:14.087+0000] {dag.py:3239} INFO - Sync 1 DAGs
[2025-11-09T21:32:14.116+0000] {logging_mixin.py:190} INFO - [2025-11-09T21:32:14.115+0000] {dag.py:4180} INFO - Setting next_dagrun for example_dynamic_task_mapping_with_no_taskflow_operators to None, run_after=None
[2025-11-09T21:32:14.154+0000] {processor.py:208} INFO - Processing /home/airflow/.local/lib/python3.12/site-packages/airflow/example_dags/example_dynamic_task_mapping_with_no_taskflow_operators.py took 0.139 seconds
[2025-11-09T21:32:44.395+0000] {processor.py:186} INFO - Started process (PID=3159) to work on /home/airflow/.local/lib/python3.12/site-packages/airflow/example_dags/example_dynamic_task_mapping_with_no_taskflow_operators.py
[2025-11-09T21:32:44.399+0000] {processor.py:914} INFO - Processing file /home/airflow/.local/lib/python3.12/site-packages/airflow/example_dags/example_dynamic_task_mapping_with_no_taskflow_operators.py for tasks to queue
[2025-11-09T21:32:44.405+0000] {logging_mixin.py:190} INFO - [2025-11-09T21:32:44.404+0000] {dagbag.py:588} INFO - Filling up the DagBag from /home/airflow/.local/lib/python3.12/site-packages/airflow/example_dags/example_dynamic_task_mapping_with_no_taskflow_operators.py
[2025-11-09T21:32:44.425+0000] {processor.py:925} INFO - DAG(s) 'example_dynamic_task_mapping_with_no_taskflow_operators' retrieved from /home/airflow/.local/lib/python3.12/site-packages/airflow/example_dags/example_dynamic_task_mapping_with_no_taskflow_operators.py
[2025-11-09T21:32:44.475+0000] {logging_mixin.py:190} INFO - [2025-11-09T21:32:44.475+0000] {dag.py:3239} INFO - Sync 1 DAGs
[2025-11-09T21:32:44.509+0000] {logging_mixin.py:190} INFO - [2025-11-09T21:32:44.509+0000] {dag.py:4180} INFO - Setting next_dagrun for example_dynamic_task_mapping_with_no_taskflow_operators to None, run_after=None
[2025-11-09T21:32:44.553+0000] {processor.py:208} INFO - Processing /home/airflow/.local/lib/python3.12/site-packages/airflow/example_dags/example_dynamic_task_mapping_with_no_taskflow_operators.py took 0.174 seconds
[2025-11-09T21:33:14.847+0000] {processor.py:186} INFO - Started process (PID=3224) to work on /home/airflow/.local/lib/python3.12/site-packages/airflow/example_dags/example_dynamic_task_mapping_with_no_taskflow_operators.py
[2025-11-09T21:33:14.850+0000] {processor.py:914} INFO - Processing file /home/airflow/.local/lib/python3.12/site-packages/airflow/example_dags/example_dynamic_task_mapping_with_no_taskflow_operators.py for tasks to queue
[2025-11-09T21:33:14.858+0000] {logging_mixin.py:190} INFO - [2025-11-09T21:33:14.857+0000] {dagbag.py:588} INFO - Filling up the DagBag from /home/airflow/.local/lib/python3.12/site-packages/airflow/example_dags/example_dynamic_task_mapping_with_no_taskflow_operators.py
[2025-11-09T21:33:14.888+0000] {processor.py:925} INFO - DAG(s) 'example_dynamic_task_mapping_with_no_taskflow_operators' retrieved from /home/airflow/.local/lib/python3.12/site-packages/airflow/example_dags/example_dynamic_task_mapping_with_no_taskflow_operators.py
[2025-11-09T21:33:14.949+0000] {logging_mixin.py:190} INFO - [2025-11-09T21:33:14.948+0000] {dag.py:3239} INFO - Sync 1 DAGs
[2025-11-09T21:33:15.004+0000] {logging_mixin.py:190} INFO - [2025-11-09T21:33:15.004+0000] {dag.py:4180} INFO - Setting next_dagrun for example_dynamic_task_mapping_with_no_taskflow_operators to None, run_after=None
[2025-11-09T21:33:15.064+0000] {processor.py:208} INFO - Processing /home/airflow/.local/lib/python3.12/site-packages/airflow/example_dags/example_dynamic_task_mapping_with_no_taskflow_operators.py took 0.239 seconds
[2025-11-09T21:33:45.663+0000] {processor.py:186} INFO - Started process (PID=3287) to work on /home/airflow/.local/lib/python3.12/site-packages/airflow/example_dags/example_dynamic_task_mapping_with_no_taskflow_operators.py
[2025-11-09T21:33:45.665+0000] {processor.py:914} INFO - Processing file /home/airflow/.local/lib/python3.12/site-packages/airflow/example_dags/example_dynamic_task_mapping_with_no_taskflow_operators.py for tasks to queue
[2025-11-09T21:33:45.672+0000] {logging_mixin.py:190} INFO - [2025-11-09T21:33:45.671+0000] {dagbag.py:588} INFO - Filling up the DagBag from /home/airflow/.local/lib/python3.12/site-packages/airflow/example_dags/example_dynamic_task_mapping_with_no_taskflow_operators.py
[2025-11-09T21:33:45.691+0000] {processor.py:925} INFO - DAG(s) 'example_dynamic_task_mapping_with_no_taskflow_operators' retrieved from /home/airflow/.local/lib/python3.12/site-packages/airflow/example_dags/example_dynamic_task_mapping_with_no_taskflow_operators.py
[2025-11-09T21:33:45.729+0000] {logging_mixin.py:190} INFO - [2025-11-09T21:33:45.728+0000] {dag.py:3239} INFO - Sync 1 DAGs
[2025-11-09T21:33:45.756+0000] {logging_mixin.py:190} INFO - [2025-11-09T21:33:45.755+0000] {dag.py:4180} INFO - Setting next_dagrun for example_dynamic_task_mapping_with_no_taskflow_operators to None, run_after=None
[2025-11-09T21:33:45.792+0000] {processor.py:208} INFO - Processing /home/airflow/.local/lib/python3.12/site-packages/airflow/example_dags/example_dynamic_task_mapping_with_no_taskflow_operators.py took 0.142 seconds
[2025-11-09T21:34:16.235+0000] {processor.py:186} INFO - Started process (PID=3350) to work on /home/airflow/.local/lib/python3.12/site-packages/airflow/example_dags/example_dynamic_task_mapping_with_no_taskflow_operators.py
[2025-11-09T21:34:16.237+0000] {processor.py:914} INFO - Processing file /home/airflow/.local/lib/python3.12/site-packages/airflow/example_dags/example_dynamic_task_mapping_with_no_taskflow_operators.py for tasks to queue
[2025-11-09T21:34:16.242+0000] {logging_mixin.py:190} INFO - [2025-11-09T21:34:16.241+0000] {dagbag.py:588} INFO - Filling up the DagBag from /home/airflow/.local/lib/python3.12/site-packages/airflow/example_dags/example_dynamic_task_mapping_with_no_taskflow_operators.py
[2025-11-09T21:34:16.265+0000] {processor.py:925} INFO - DAG(s) 'example_dynamic_task_mapping_with_no_taskflow_operators' retrieved from /home/airflow/.local/lib/python3.12/site-packages/airflow/example_dags/example_dynamic_task_mapping_with_no_taskflow_operators.py
[2025-11-09T21:34:16.321+0000] {logging_mixin.py:190} INFO - [2025-11-09T21:34:16.320+0000] {dag.py:3239} INFO - Sync 1 DAGs
[2025-11-09T21:34:16.365+0000] {logging_mixin.py:190} INFO - [2025-11-09T21:34:16.365+0000] {dag.py:4180} INFO - Setting next_dagrun for example_dynamic_task_mapping_with_no_taskflow_operators to None, run_after=None
[2025-11-09T21:34:16.408+0000] {processor.py:208} INFO - Processing /home/airflow/.local/lib/python3.12/site-packages/airflow/example_dags/example_dynamic_task_mapping_with_no_taskflow_operators.py took 0.187 seconds
[2025-11-09T21:34:46.745+0000] {processor.py:186} INFO - Started process (PID=3414) to work on /home/airflow/.local/lib/python3.12/site-packages/airflow/example_dags/example_dynamic_task_mapping_with_no_taskflow_operators.py
[2025-11-09T21:34:46.747+0000] {processor.py:914} INFO - Processing file /home/airflow/.local/lib/python3.12/site-packages/airflow/example_dags/example_dynamic_task_mapping_with_no_taskflow_operators.py for tasks to queue
[2025-11-09T21:34:46.751+0000] {logging_mixin.py:190} INFO - [2025-11-09T21:34:46.751+0000] {dagbag.py:588} INFO - Filling up the DagBag from /home/airflow/.local/lib/python3.12/site-packages/airflow/example_dags/example_dynamic_task_mapping_with_no_taskflow_operators.py
[2025-11-09T21:34:46.768+0000] {processor.py:925} INFO - DAG(s) 'example_dynamic_task_mapping_with_no_taskflow_operators' retrieved from /home/airflow/.local/lib/python3.12/site-packages/airflow/example_dags/example_dynamic_task_mapping_with_no_taskflow_operators.py
[2025-11-09T21:34:46.805+0000] {logging_mixin.py:190} INFO - [2025-11-09T21:34:46.805+0000] {dag.py:3239} INFO - Sync 1 DAGs
[2025-11-09T21:34:46.833+0000] {logging_mixin.py:190} INFO - [2025-11-09T21:34:46.832+0000] {dag.py:4180} INFO - Setting next_dagrun for example_dynamic_task_mapping_with_no_taskflow_operators to None, run_after=None
[2025-11-09T21:34:46.865+0000] {processor.py:208} INFO - Processing /home/airflow/.local/lib/python3.12/site-packages/airflow/example_dags/example_dynamic_task_mapping_with_no_taskflow_operators.py took 0.130 seconds
[2025-11-09T21:35:17.954+0000] {processor.py:186} INFO - Started process (PID=3479) to work on /home/airflow/.local/lib/python3.12/site-packages/airflow/example_dags/example_dynamic_task_mapping_with_no_taskflow_operators.py
[2025-11-09T21:35:17.961+0000] {processor.py:914} INFO - Processing file /home/airflow/.local/lib/python3.12/site-packages/airflow/example_dags/example_dynamic_task_mapping_with_no_taskflow_operators.py for tasks to queue
[2025-11-09T21:35:17.977+0000] {logging_mixin.py:190} INFO - [2025-11-09T21:35:17.976+0000] {dagbag.py:588} INFO - Filling up the DagBag from /home/airflow/.local/lib/python3.12/site-packages/airflow/example_dags/example_dynamic_task_mapping_with_no_taskflow_operators.py
[2025-11-09T21:35:18.000+0000] {processor.py:925} INFO - DAG(s) 'example_dynamic_task_mapping_with_no_taskflow_operators' retrieved from /home/airflow/.local/lib/python3.12/site-packages/airflow/example_dags/example_dynamic_task_mapping_with_no_taskflow_operators.py
[2025-11-09T21:35:18.078+0000] {logging_mixin.py:190} INFO - [2025-11-09T21:35:18.077+0000] {dag.py:3239} INFO - Sync 1 DAGs
[2025-11-09T21:35:18.135+0000] {logging_mixin.py:190} INFO - [2025-11-09T21:35:18.135+0000] {dag.py:4180} INFO - Setting next_dagrun for example_dynamic_task_mapping_with_no_taskflow_operators to None, run_after=None
[2025-11-09T21:35:18.188+0000] {processor.py:208} INFO - Processing /home/airflow/.local/lib/python3.12/site-packages/airflow/example_dags/example_dynamic_task_mapping_with_no_taskflow_operators.py took 0.252 seconds
[2025-11-09T21:35:48.565+0000] {processor.py:186} INFO - Started process (PID=3543) to work on /home/airflow/.local/lib/python3.12/site-packages/airflow/example_dags/example_dynamic_task_mapping_with_no_taskflow_operators.py
[2025-11-09T21:35:48.568+0000] {processor.py:914} INFO - Processing file /home/airflow/.local/lib/python3.12/site-packages/airflow/example_dags/example_dynamic_task_mapping_with_no_taskflow_operators.py for tasks to queue
[2025-11-09T21:35:48.578+0000] {logging_mixin.py:190} INFO - [2025-11-09T21:35:48.576+0000] {dagbag.py:588} INFO - Filling up the DagBag from /home/airflow/.local/lib/python3.12/site-packages/airflow/example_dags/example_dynamic_task_mapping_with_no_taskflow_operators.py
[2025-11-09T21:35:48.602+0000] {processor.py:925} INFO - DAG(s) 'example_dynamic_task_mapping_with_no_taskflow_operators' retrieved from /home/airflow/.local/lib/python3.12/site-packages/airflow/example_dags/example_dynamic_task_mapping_with_no_taskflow_operators.py
[2025-11-09T21:35:48.666+0000] {logging_mixin.py:190} INFO - [2025-11-09T21:35:48.665+0000] {dag.py:3239} INFO - Sync 1 DAGs
[2025-11-09T21:35:48.708+0000] {logging_mixin.py:190} INFO - [2025-11-09T21:35:48.707+0000] {dag.py:4180} INFO - Setting next_dagrun for example_dynamic_task_mapping_with_no_taskflow_operators to None, run_after=None
[2025-11-09T21:35:48.760+0000] {processor.py:208} INFO - Processing /home/airflow/.local/lib/python3.12/site-packages/airflow/example_dags/example_dynamic_task_mapping_with_no_taskflow_operators.py took 0.215 seconds
[2025-11-09T21:36:18.911+0000] {processor.py:186} INFO - Started process (PID=3607) to work on /home/airflow/.local/lib/python3.12/site-packages/airflow/example_dags/example_dynamic_task_mapping_with_no_taskflow_operators.py
[2025-11-09T21:36:18.913+0000] {processor.py:914} INFO - Processing file /home/airflow/.local/lib/python3.12/site-packages/airflow/example_dags/example_dynamic_task_mapping_with_no_taskflow_operators.py for tasks to queue
[2025-11-09T21:36:18.919+0000] {logging_mixin.py:190} INFO - [2025-11-09T21:36:18.918+0000] {dagbag.py:588} INFO - Filling up the DagBag from /home/airflow/.local/lib/python3.12/site-packages/airflow/example_dags/example_dynamic_task_mapping_with_no_taskflow_operators.py
[2025-11-09T21:36:18.938+0000] {processor.py:925} INFO - DAG(s) 'example_dynamic_task_mapping_with_no_taskflow_operators' retrieved from /home/airflow/.local/lib/python3.12/site-packages/airflow/example_dags/example_dynamic_task_mapping_with_no_taskflow_operators.py
[2025-11-09T21:36:18.982+0000] {logging_mixin.py:190} INFO - [2025-11-09T21:36:18.981+0000] {dag.py:3239} INFO - Sync 1 DAGs
[2025-11-09T21:36:19.012+0000] {logging_mixin.py:190} INFO - [2025-11-09T21:36:19.012+0000] {dag.py:4180} INFO - Setting next_dagrun for example_dynamic_task_mapping_with_no_taskflow_operators to None, run_after=None
[2025-11-09T21:36:19.050+0000] {processor.py:208} INFO - Processing /home/airflow/.local/lib/python3.12/site-packages/airflow/example_dags/example_dynamic_task_mapping_with_no_taskflow_operators.py took 0.151 seconds
[2025-11-09T21:36:49.937+0000] {processor.py:186} INFO - Started process (PID=3671) to work on /home/airflow/.local/lib/python3.12/site-packages/airflow/example_dags/example_dynamic_task_mapping_with_no_taskflow_operators.py
[2025-11-09T21:36:49.939+0000] {processor.py:914} INFO - Processing file /home/airflow/.local/lib/python3.12/site-packages/airflow/example_dags/example_dynamic_task_mapping_with_no_taskflow_operators.py for tasks to queue
[2025-11-09T21:36:49.949+0000] {logging_mixin.py:190} INFO - [2025-11-09T21:36:49.948+0000] {dagbag.py:588} INFO - Filling up the DagBag from /home/airflow/.local/lib/python3.12/site-packages/airflow/example_dags/example_dynamic_task_mapping_with_no_taskflow_operators.py
[2025-11-09T21:36:49.984+0000] {processor.py:925} INFO - DAG(s) 'example_dynamic_task_mapping_with_no_taskflow_operators' retrieved from /home/airflow/.local/lib/python3.12/site-packages/airflow/example_dags/example_dynamic_task_mapping_with_no_taskflow_operators.py
[2025-11-09T21:36:50.057+0000] {logging_mixin.py:190} INFO - [2025-11-09T21:36:50.056+0000] {dag.py:3239} INFO - Sync 1 DAGs
[2025-11-09T21:36:50.114+0000] {logging_mixin.py:190} INFO - [2025-11-09T21:36:50.113+0000] {dag.py:4180} INFO - Setting next_dagrun for example_dynamic_task_mapping_with_no_taskflow_operators to None, run_after=None
[2025-11-09T21:36:50.172+0000] {processor.py:208} INFO - Processing /home/airflow/.local/lib/python3.12/site-packages/airflow/example_dags/example_dynamic_task_mapping_with_no_taskflow_operators.py took 0.253 seconds
[2025-11-09T21:37:21.649+0000] {processor.py:186} INFO - Started process (PID=3731) to work on /home/airflow/.local/lib/python3.12/site-packages/airflow/example_dags/example_dynamic_task_mapping_with_no_taskflow_operators.py
[2025-11-09T21:37:21.653+0000] {processor.py:914} INFO - Processing file /home/airflow/.local/lib/python3.12/site-packages/airflow/example_dags/example_dynamic_task_mapping_with_no_taskflow_operators.py for tasks to queue
[2025-11-09T21:37:21.664+0000] {logging_mixin.py:190} INFO - [2025-11-09T21:37:21.662+0000] {dagbag.py:588} INFO - Filling up the DagBag from /home/airflow/.local/lib/python3.12/site-packages/airflow/example_dags/example_dynamic_task_mapping_with_no_taskflow_operators.py
[2025-11-09T21:37:21.699+0000] {processor.py:925} INFO - DAG(s) 'example_dynamic_task_mapping_with_no_taskflow_operators' retrieved from /home/airflow/.local/lib/python3.12/site-packages/airflow/example_dags/example_dynamic_task_mapping_with_no_taskflow_operators.py
[2025-11-09T21:37:21.821+0000] {logging_mixin.py:190} INFO - [2025-11-09T21:37:21.820+0000] {dag.py:3239} INFO - Sync 1 DAGs
[2025-11-09T21:37:21.926+0000] {logging_mixin.py:190} INFO - [2025-11-09T21:37:21.926+0000] {dag.py:4180} INFO - Setting next_dagrun for example_dynamic_task_mapping_with_no_taskflow_operators to None, run_after=None
[2025-11-09T21:37:22.027+0000] {processor.py:208} INFO - Processing /home/airflow/.local/lib/python3.12/site-packages/airflow/example_dags/example_dynamic_task_mapping_with_no_taskflow_operators.py took 0.406 seconds
[2025-11-09T21:37:52.485+0000] {processor.py:186} INFO - Started process (PID=3794) to work on /home/airflow/.local/lib/python3.12/site-packages/airflow/example_dags/example_dynamic_task_mapping_with_no_taskflow_operators.py
[2025-11-09T21:37:52.488+0000] {processor.py:914} INFO - Processing file /home/airflow/.local/lib/python3.12/site-packages/airflow/example_dags/example_dynamic_task_mapping_with_no_taskflow_operators.py for tasks to queue
[2025-11-09T21:37:52.502+0000] {logging_mixin.py:190} INFO - [2025-11-09T21:37:52.500+0000] {dagbag.py:588} INFO - Filling up the DagBag from /home/airflow/.local/lib/python3.12/site-packages/airflow/example_dags/example_dynamic_task_mapping_with_no_taskflow_operators.py
[2025-11-09T21:37:52.535+0000] {processor.py:925} INFO - DAG(s) 'example_dynamic_task_mapping_with_no_taskflow_operators' retrieved from /home/airflow/.local/lib/python3.12/site-packages/airflow/example_dags/example_dynamic_task_mapping_with_no_taskflow_operators.py
[2025-11-09T21:37:52.618+0000] {logging_mixin.py:190} INFO - [2025-11-09T21:37:52.618+0000] {dag.py:3239} INFO - Sync 1 DAGs
[2025-11-09T21:37:52.698+0000] {logging_mixin.py:190} INFO - [2025-11-09T21:37:52.697+0000] {dag.py:4180} INFO - Setting next_dagrun for example_dynamic_task_mapping_with_no_taskflow_operators to None, run_after=None
[2025-11-09T21:37:52.768+0000] {processor.py:208} INFO - Processing /home/airflow/.local/lib/python3.12/site-packages/airflow/example_dags/example_dynamic_task_mapping_with_no_taskflow_operators.py took 0.313 seconds
[2025-11-09T21:38:23.069+0000] {processor.py:186} INFO - Started process (PID=3858) to work on /home/airflow/.local/lib/python3.12/site-packages/airflow/example_dags/example_dynamic_task_mapping_with_no_taskflow_operators.py
[2025-11-09T21:38:23.071+0000] {processor.py:914} INFO - Processing file /home/airflow/.local/lib/python3.12/site-packages/airflow/example_dags/example_dynamic_task_mapping_with_no_taskflow_operators.py for tasks to queue
[2025-11-09T21:38:23.075+0000] {logging_mixin.py:190} INFO - [2025-11-09T21:38:23.074+0000] {dagbag.py:588} INFO - Filling up the DagBag from /home/airflow/.local/lib/python3.12/site-packages/airflow/example_dags/example_dynamic_task_mapping_with_no_taskflow_operators.py
[2025-11-09T21:38:23.088+0000] {processor.py:925} INFO - DAG(s) 'example_dynamic_task_mapping_with_no_taskflow_operators' retrieved from /home/airflow/.local/lib/python3.12/site-packages/airflow/example_dags/example_dynamic_task_mapping_with_no_taskflow_operators.py
[2025-11-09T21:38:23.135+0000] {logging_mixin.py:190} INFO - [2025-11-09T21:38:23.135+0000] {dag.py:3239} INFO - Sync 1 DAGs
[2025-11-09T21:38:23.170+0000] {logging_mixin.py:190} INFO - [2025-11-09T21:38:23.170+0000] {dag.py:4180} INFO - Setting next_dagrun for example_dynamic_task_mapping_with_no_taskflow_operators to None, run_after=None
[2025-11-09T21:38:23.213+0000] {processor.py:208} INFO - Processing /home/airflow/.local/lib/python3.12/site-packages/airflow/example_dags/example_dynamic_task_mapping_with_no_taskflow_operators.py took 0.154 seconds
[2025-11-09T21:38:53.424+0000] {processor.py:186} INFO - Started process (PID=3923) to work on /home/airflow/.local/lib/python3.12/site-packages/airflow/example_dags/example_dynamic_task_mapping_with_no_taskflow_operators.py
[2025-11-09T21:38:53.426+0000] {processor.py:914} INFO - Processing file /home/airflow/.local/lib/python3.12/site-packages/airflow/example_dags/example_dynamic_task_mapping_with_no_taskflow_operators.py for tasks to queue
[2025-11-09T21:38:53.432+0000] {logging_mixin.py:190} INFO - [2025-11-09T21:38:53.431+0000] {dagbag.py:588} INFO - Filling up the DagBag from /home/airflow/.local/lib/python3.12/site-packages/airflow/example_dags/example_dynamic_task_mapping_with_no_taskflow_operators.py
[2025-11-09T21:38:53.451+0000] {processor.py:925} INFO - DAG(s) 'example_dynamic_task_mapping_with_no_taskflow_operators' retrieved from /home/airflow/.local/lib/python3.12/site-packages/airflow/example_dags/example_dynamic_task_mapping_with_no_taskflow_operators.py
[2025-11-09T21:38:53.492+0000] {logging_mixin.py:190} INFO - [2025-11-09T21:38:53.492+0000] {dag.py:3239} INFO - Sync 1 DAGs
[2025-11-09T21:38:53.522+0000] {logging_mixin.py:190} INFO - [2025-11-09T21:38:53.522+0000] {dag.py:4180} INFO - Setting next_dagrun for example_dynamic_task_mapping_with_no_taskflow_operators to None, run_after=None
[2025-11-09T21:38:53.561+0000] {processor.py:208} INFO - Processing /home/airflow/.local/lib/python3.12/site-packages/airflow/example_dags/example_dynamic_task_mapping_with_no_taskflow_operators.py took 0.150 seconds
[2025-11-09T21:39:24.257+0000] {processor.py:186} INFO - Started process (PID=3987) to work on /home/airflow/.local/lib/python3.12/site-packages/airflow/example_dags/example_dynamic_task_mapping_with_no_taskflow_operators.py
[2025-11-09T21:39:24.260+0000] {processor.py:914} INFO - Processing file /home/airflow/.local/lib/python3.12/site-packages/airflow/example_dags/example_dynamic_task_mapping_with_no_taskflow_operators.py for tasks to queue
[2025-11-09T21:39:24.268+0000] {logging_mixin.py:190} INFO - [2025-11-09T21:39:24.267+0000] {dagbag.py:588} INFO - Filling up the DagBag from /home/airflow/.local/lib/python3.12/site-packages/airflow/example_dags/example_dynamic_task_mapping_with_no_taskflow_operators.py
[2025-11-09T21:39:24.295+0000] {processor.py:925} INFO - DAG(s) 'example_dynamic_task_mapping_with_no_taskflow_operators' retrieved from /home/airflow/.local/lib/python3.12/site-packages/airflow/example_dags/example_dynamic_task_mapping_with_no_taskflow_operators.py
[2025-11-09T21:39:24.347+0000] {logging_mixin.py:190} INFO - [2025-11-09T21:39:24.347+0000] {dag.py:3239} INFO - Sync 1 DAGs
[2025-11-09T21:39:24.394+0000] {logging_mixin.py:190} INFO - [2025-11-09T21:39:24.393+0000] {dag.py:4180} INFO - Setting next_dagrun for example_dynamic_task_mapping_with_no_taskflow_operators to None, run_after=None
[2025-11-09T21:39:24.441+0000] {processor.py:208} INFO - Processing /home/airflow/.local/lib/python3.12/site-packages/airflow/example_dags/example_dynamic_task_mapping_with_no_taskflow_operators.py took 0.200 seconds
[2025-11-09T21:39:54.896+0000] {processor.py:186} INFO - Started process (PID=4052) to work on /home/airflow/.local/lib/python3.12/site-packages/airflow/example_dags/example_dynamic_task_mapping_with_no_taskflow_operators.py
[2025-11-09T21:39:54.899+0000] {processor.py:914} INFO - Processing file /home/airflow/.local/lib/python3.12/site-packages/airflow/example_dags/example_dynamic_task_mapping_with_no_taskflow_operators.py for tasks to queue
[2025-11-09T21:39:54.906+0000] {logging_mixin.py:190} INFO - [2025-11-09T21:39:54.905+0000] {dagbag.py:588} INFO - Filling up the DagBag from /home/airflow/.local/lib/python3.12/site-packages/airflow/example_dags/example_dynamic_task_mapping_with_no_taskflow_operators.py
[2025-11-09T21:39:54.928+0000] {processor.py:925} INFO - DAG(s) 'example_dynamic_task_mapping_with_no_taskflow_operators' retrieved from /home/airflow/.local/lib/python3.12/site-packages/airflow/example_dags/example_dynamic_task_mapping_with_no_taskflow_operators.py
[2025-11-09T21:39:54.975+0000] {logging_mixin.py:190} INFO - [2025-11-09T21:39:54.974+0000] {dag.py:3239} INFO - Sync 1 DAGs
[2025-11-09T21:39:55.013+0000] {logging_mixin.py:190} INFO - [2025-11-09T21:39:55.012+0000] {dag.py:4180} INFO - Setting next_dagrun for example_dynamic_task_mapping_with_no_taskflow_operators to None, run_after=None
[2025-11-09T21:39:55.050+0000] {processor.py:208} INFO - Processing /home/airflow/.local/lib/python3.12/site-packages/airflow/example_dags/example_dynamic_task_mapping_with_no_taskflow_operators.py took 0.171 seconds
[2025-11-09T21:40:25.149+0000] {processor.py:186} INFO - Started process (PID=4115) to work on /home/airflow/.local/lib/python3.12/site-packages/airflow/example_dags/example_dynamic_task_mapping_with_no_taskflow_operators.py
[2025-11-09T21:40:25.151+0000] {processor.py:914} INFO - Processing file /home/airflow/.local/lib/python3.12/site-packages/airflow/example_dags/example_dynamic_task_mapping_with_no_taskflow_operators.py for tasks to queue
[2025-11-09T21:40:25.158+0000] {logging_mixin.py:190} INFO - [2025-11-09T21:40:25.157+0000] {dagbag.py:588} INFO - Filling up the DagBag from /home/airflow/.local/lib/python3.12/site-packages/airflow/example_dags/example_dynamic_task_mapping_with_no_taskflow_operators.py
[2025-11-09T21:40:25.174+0000] {processor.py:925} INFO - DAG(s) 'example_dynamic_task_mapping_with_no_taskflow_operators' retrieved from /home/airflow/.local/lib/python3.12/site-packages/airflow/example_dags/example_dynamic_task_mapping_with_no_taskflow_operators.py
[2025-11-09T21:40:25.212+0000] {logging_mixin.py:190} INFO - [2025-11-09T21:40:25.212+0000] {dag.py:3239} INFO - Sync 1 DAGs
[2025-11-09T21:40:25.240+0000] {logging_mixin.py:190} INFO - [2025-11-09T21:40:25.240+0000] {dag.py:4180} INFO - Setting next_dagrun for example_dynamic_task_mapping_with_no_taskflow_operators to None, run_after=None
[2025-11-09T21:40:25.272+0000] {processor.py:208} INFO - Processing /home/airflow/.local/lib/python3.12/site-packages/airflow/example_dags/example_dynamic_task_mapping_with_no_taskflow_operators.py took 0.133 seconds
[2025-11-09T21:40:55.520+0000] {processor.py:186} INFO - Started process (PID=4179) to work on /home/airflow/.local/lib/python3.12/site-packages/airflow/example_dags/example_dynamic_task_mapping_with_no_taskflow_operators.py
[2025-11-09T21:40:55.522+0000] {processor.py:914} INFO - Processing file /home/airflow/.local/lib/python3.12/site-packages/airflow/example_dags/example_dynamic_task_mapping_with_no_taskflow_operators.py for tasks to queue
[2025-11-09T21:40:55.528+0000] {logging_mixin.py:190} INFO - [2025-11-09T21:40:55.527+0000] {dagbag.py:588} INFO - Filling up the DagBag from /home/airflow/.local/lib/python3.12/site-packages/airflow/example_dags/example_dynamic_task_mapping_with_no_taskflow_operators.py
[2025-11-09T21:40:55.543+0000] {processor.py:925} INFO - DAG(s) 'example_dynamic_task_mapping_with_no_taskflow_operators' retrieved from /home/airflow/.local/lib/python3.12/site-packages/airflow/example_dags/example_dynamic_task_mapping_with_no_taskflow_operators.py
[2025-11-09T21:40:55.578+0000] {logging_mixin.py:190} INFO - [2025-11-09T21:40:55.578+0000] {dag.py:3239} INFO - Sync 1 DAGs
[2025-11-09T21:40:55.605+0000] {logging_mixin.py:190} INFO - [2025-11-09T21:40:55.604+0000] {dag.py:4180} INFO - Setting next_dagrun for example_dynamic_task_mapping_with_no_taskflow_operators to None, run_after=None
[2025-11-09T21:40:55.638+0000] {processor.py:208} INFO - Processing /home/airflow/.local/lib/python3.12/site-packages/airflow/example_dags/example_dynamic_task_mapping_with_no_taskflow_operators.py took 0.128 seconds
[2025-11-09T21:41:26.005+0000] {processor.py:186} INFO - Started process (PID=4243) to work on /home/airflow/.local/lib/python3.12/site-packages/airflow/example_dags/example_dynamic_task_mapping_with_no_taskflow_operators.py
[2025-11-09T21:41:26.007+0000] {processor.py:914} INFO - Processing file /home/airflow/.local/lib/python3.12/site-packages/airflow/example_dags/example_dynamic_task_mapping_with_no_taskflow_operators.py for tasks to queue
[2025-11-09T21:41:26.013+0000] {logging_mixin.py:190} INFO - [2025-11-09T21:41:26.012+0000] {dagbag.py:588} INFO - Filling up the DagBag from /home/airflow/.local/lib/python3.12/site-packages/airflow/example_dags/example_dynamic_task_mapping_with_no_taskflow_operators.py
[2025-11-09T21:41:26.030+0000] {processor.py:925} INFO - DAG(s) 'example_dynamic_task_mapping_with_no_taskflow_operators' retrieved from /home/airflow/.local/lib/python3.12/site-packages/airflow/example_dags/example_dynamic_task_mapping_with_no_taskflow_operators.py
[2025-11-09T21:41:26.066+0000] {logging_mixin.py:190} INFO - [2025-11-09T21:41:26.065+0000] {dag.py:3239} INFO - Sync 1 DAGs
[2025-11-09T21:41:26.094+0000] {logging_mixin.py:190} INFO - [2025-11-09T21:41:26.093+0000] {dag.py:4180} INFO - Setting next_dagrun for example_dynamic_task_mapping_with_no_taskflow_operators to None, run_after=None
[2025-11-09T21:41:26.126+0000] {processor.py:208} INFO - Processing /home/airflow/.local/lib/python3.12/site-packages/airflow/example_dags/example_dynamic_task_mapping_with_no_taskflow_operators.py took 0.134 seconds
[2025-11-09T21:41:56.402+0000] {processor.py:186} INFO - Started process (PID=4306) to work on /home/airflow/.local/lib/python3.12/site-packages/airflow/example_dags/example_dynamic_task_mapping_with_no_taskflow_operators.py
[2025-11-09T21:41:56.404+0000] {processor.py:914} INFO - Processing file /home/airflow/.local/lib/python3.12/site-packages/airflow/example_dags/example_dynamic_task_mapping_with_no_taskflow_operators.py for tasks to queue
[2025-11-09T21:41:56.408+0000] {logging_mixin.py:190} INFO - [2025-11-09T21:41:56.407+0000] {dagbag.py:588} INFO - Filling up the DagBag from /home/airflow/.local/lib/python3.12/site-packages/airflow/example_dags/example_dynamic_task_mapping_with_no_taskflow_operators.py
[2025-11-09T21:41:56.423+0000] {processor.py:925} INFO - DAG(s) 'example_dynamic_task_mapping_with_no_taskflow_operators' retrieved from /home/airflow/.local/lib/python3.12/site-packages/airflow/example_dags/example_dynamic_task_mapping_with_no_taskflow_operators.py
[2025-11-09T21:41:56.461+0000] {logging_mixin.py:190} INFO - [2025-11-09T21:41:56.461+0000] {dag.py:3239} INFO - Sync 1 DAGs
[2025-11-09T21:41:56.488+0000] {logging_mixin.py:190} INFO - [2025-11-09T21:41:56.488+0000] {dag.py:4180} INFO - Setting next_dagrun for example_dynamic_task_mapping_with_no_taskflow_operators to None, run_after=None
[2025-11-09T21:41:56.525+0000] {processor.py:208} INFO - Processing /home/airflow/.local/lib/python3.12/site-packages/airflow/example_dags/example_dynamic_task_mapping_with_no_taskflow_operators.py took 0.133 seconds
[2025-11-09T21:42:26.645+0000] {processor.py:186} INFO - Started process (PID=4370) to work on /home/airflow/.local/lib/python3.12/site-packages/airflow/example_dags/example_dynamic_task_mapping_with_no_taskflow_operators.py
[2025-11-09T21:42:26.647+0000] {processor.py:914} INFO - Processing file /home/airflow/.local/lib/python3.12/site-packages/airflow/example_dags/example_dynamic_task_mapping_with_no_taskflow_operators.py for tasks to queue
[2025-11-09T21:42:26.652+0000] {logging_mixin.py:190} INFO - [2025-11-09T21:42:26.651+0000] {dagbag.py:588} INFO - Filling up the DagBag from /home/airflow/.local/lib/python3.12/site-packages/airflow/example_dags/example_dynamic_task_mapping_with_no_taskflow_operators.py
[2025-11-09T21:42:26.665+0000] {processor.py:925} INFO - DAG(s) 'example_dynamic_task_mapping_with_no_taskflow_operators' retrieved from /home/airflow/.local/lib/python3.12/site-packages/airflow/example_dags/example_dynamic_task_mapping_with_no_taskflow_operators.py
[2025-11-09T21:42:26.701+0000] {logging_mixin.py:190} INFO - [2025-11-09T21:42:26.700+0000] {dag.py:3239} INFO - Sync 1 DAGs
[2025-11-09T21:42:26.728+0000] {logging_mixin.py:190} INFO - [2025-11-09T21:42:26.727+0000] {dag.py:4180} INFO - Setting next_dagrun for example_dynamic_task_mapping_with_no_taskflow_operators to None, run_after=None
[2025-11-09T21:42:26.761+0000] {processor.py:208} INFO - Processing /home/airflow/.local/lib/python3.12/site-packages/airflow/example_dags/example_dynamic_task_mapping_with_no_taskflow_operators.py took 0.126 seconds
[2025-11-09T21:42:57.378+0000] {processor.py:186} INFO - Started process (PID=4435) to work on /home/airflow/.local/lib/python3.12/site-packages/airflow/example_dags/example_dynamic_task_mapping_with_no_taskflow_operators.py
[2025-11-09T21:42:57.381+0000] {processor.py:914} INFO - Processing file /home/airflow/.local/lib/python3.12/site-packages/airflow/example_dags/example_dynamic_task_mapping_with_no_taskflow_operators.py for tasks to queue
[2025-11-09T21:42:57.389+0000] {logging_mixin.py:190} INFO - [2025-11-09T21:42:57.387+0000] {dagbag.py:588} INFO - Filling up the DagBag from /home/airflow/.local/lib/python3.12/site-packages/airflow/example_dags/example_dynamic_task_mapping_with_no_taskflow_operators.py
[2025-11-09T21:42:57.413+0000] {processor.py:925} INFO - DAG(s) 'example_dynamic_task_mapping_with_no_taskflow_operators' retrieved from /home/airflow/.local/lib/python3.12/site-packages/airflow/example_dags/example_dynamic_task_mapping_with_no_taskflow_operators.py
[2025-11-09T21:42:57.468+0000] {logging_mixin.py:190} INFO - [2025-11-09T21:42:57.467+0000] {dag.py:3239} INFO - Sync 1 DAGs
[2025-11-09T21:42:57.501+0000] {logging_mixin.py:190} INFO - [2025-11-09T21:42:57.501+0000] {dag.py:4180} INFO - Setting next_dagrun for example_dynamic_task_mapping_with_no_taskflow_operators to None, run_after=None
[2025-11-09T21:42:57.543+0000] {processor.py:208} INFO - Processing /home/airflow/.local/lib/python3.12/site-packages/airflow/example_dags/example_dynamic_task_mapping_with_no_taskflow_operators.py took 0.179 seconds
[2025-11-09T21:43:28.375+0000] {processor.py:186} INFO - Started process (PID=4505) to work on /home/airflow/.local/lib/python3.12/site-packages/airflow/example_dags/example_dynamic_task_mapping_with_no_taskflow_operators.py
[2025-11-09T21:43:28.377+0000] {processor.py:914} INFO - Processing file /home/airflow/.local/lib/python3.12/site-packages/airflow/example_dags/example_dynamic_task_mapping_with_no_taskflow_operators.py for tasks to queue
[2025-11-09T21:43:28.382+0000] {logging_mixin.py:190} INFO - [2025-11-09T21:43:28.382+0000] {dagbag.py:588} INFO - Filling up the DagBag from /home/airflow/.local/lib/python3.12/site-packages/airflow/example_dags/example_dynamic_task_mapping_with_no_taskflow_operators.py
[2025-11-09T21:43:28.400+0000] {processor.py:925} INFO - DAG(s) 'example_dynamic_task_mapping_with_no_taskflow_operators' retrieved from /home/airflow/.local/lib/python3.12/site-packages/airflow/example_dags/example_dynamic_task_mapping_with_no_taskflow_operators.py
[2025-11-09T21:43:28.442+0000] {logging_mixin.py:190} INFO - [2025-11-09T21:43:28.441+0000] {dag.py:3239} INFO - Sync 1 DAGs
[2025-11-09T21:43:28.474+0000] {logging_mixin.py:190} INFO - [2025-11-09T21:43:28.473+0000] {dag.py:4180} INFO - Setting next_dagrun for example_dynamic_task_mapping_with_no_taskflow_operators to None, run_after=None
[2025-11-09T21:43:28.513+0000] {processor.py:208} INFO - Processing /home/airflow/.local/lib/python3.12/site-packages/airflow/example_dags/example_dynamic_task_mapping_with_no_taskflow_operators.py took 0.150 seconds
[2025-11-09T21:43:58.756+0000] {processor.py:186} INFO - Started process (PID=4569) to work on /home/airflow/.local/lib/python3.12/site-packages/airflow/example_dags/example_dynamic_task_mapping_with_no_taskflow_operators.py
[2025-11-09T21:43:58.758+0000] {processor.py:914} INFO - Processing file /home/airflow/.local/lib/python3.12/site-packages/airflow/example_dags/example_dynamic_task_mapping_with_no_taskflow_operators.py for tasks to queue
[2025-11-09T21:43:58.762+0000] {logging_mixin.py:190} INFO - [2025-11-09T21:43:58.762+0000] {dagbag.py:588} INFO - Filling up the DagBag from /home/airflow/.local/lib/python3.12/site-packages/airflow/example_dags/example_dynamic_task_mapping_with_no_taskflow_operators.py
[2025-11-09T21:43:58.778+0000] {processor.py:925} INFO - DAG(s) 'example_dynamic_task_mapping_with_no_taskflow_operators' retrieved from /home/airflow/.local/lib/python3.12/site-packages/airflow/example_dags/example_dynamic_task_mapping_with_no_taskflow_operators.py
[2025-11-09T21:43:58.815+0000] {logging_mixin.py:190} INFO - [2025-11-09T21:43:58.815+0000] {dag.py:3239} INFO - Sync 1 DAGs
[2025-11-09T21:43:58.839+0000] {logging_mixin.py:190} INFO - [2025-11-09T21:43:58.838+0000] {dag.py:4180} INFO - Setting next_dagrun for example_dynamic_task_mapping_with_no_taskflow_operators to None, run_after=None
[2025-11-09T21:43:58.874+0000] {processor.py:208} INFO - Processing /home/airflow/.local/lib/python3.12/site-packages/airflow/example_dags/example_dynamic_task_mapping_with_no_taskflow_operators.py took 0.130 seconds
[2025-11-09T21:44:29.221+0000] {processor.py:186} INFO - Started process (PID=4634) to work on /home/airflow/.local/lib/python3.12/site-packages/airflow/example_dags/example_dynamic_task_mapping_with_no_taskflow_operators.py
[2025-11-09T21:44:29.223+0000] {processor.py:914} INFO - Processing file /home/airflow/.local/lib/python3.12/site-packages/airflow/example_dags/example_dynamic_task_mapping_with_no_taskflow_operators.py for tasks to queue
[2025-11-09T21:44:29.228+0000] {logging_mixin.py:190} INFO - [2025-11-09T21:44:29.227+0000] {dagbag.py:588} INFO - Filling up the DagBag from /home/airflow/.local/lib/python3.12/site-packages/airflow/example_dags/example_dynamic_task_mapping_with_no_taskflow_operators.py
[2025-11-09T21:44:29.243+0000] {processor.py:925} INFO - DAG(s) 'example_dynamic_task_mapping_with_no_taskflow_operators' retrieved from /home/airflow/.local/lib/python3.12/site-packages/airflow/example_dags/example_dynamic_task_mapping_with_no_taskflow_operators.py
[2025-11-09T21:44:29.277+0000] {logging_mixin.py:190} INFO - [2025-11-09T21:44:29.276+0000] {dag.py:3239} INFO - Sync 1 DAGs
[2025-11-09T21:44:29.303+0000] {logging_mixin.py:190} INFO - [2025-11-09T21:44:29.303+0000] {dag.py:4180} INFO - Setting next_dagrun for example_dynamic_task_mapping_with_no_taskflow_operators to None, run_after=None
[2025-11-09T21:44:29.333+0000] {processor.py:208} INFO - Processing /home/airflow/.local/lib/python3.12/site-packages/airflow/example_dags/example_dynamic_task_mapping_with_no_taskflow_operators.py took 0.123 seconds
[2025-11-09T21:44:59.933+0000] {processor.py:186} INFO - Started process (PID=4697) to work on /home/airflow/.local/lib/python3.12/site-packages/airflow/example_dags/example_dynamic_task_mapping_with_no_taskflow_operators.py
[2025-11-09T21:44:59.935+0000] {processor.py:914} INFO - Processing file /home/airflow/.local/lib/python3.12/site-packages/airflow/example_dags/example_dynamic_task_mapping_with_no_taskflow_operators.py for tasks to queue
[2025-11-09T21:44:59.940+0000] {logging_mixin.py:190} INFO - [2025-11-09T21:44:59.940+0000] {dagbag.py:588} INFO - Filling up the DagBag from /home/airflow/.local/lib/python3.12/site-packages/airflow/example_dags/example_dynamic_task_mapping_with_no_taskflow_operators.py
[2025-11-09T21:44:59.958+0000] {processor.py:925} INFO - DAG(s) 'example_dynamic_task_mapping_with_no_taskflow_operators' retrieved from /home/airflow/.local/lib/python3.12/site-packages/airflow/example_dags/example_dynamic_task_mapping_with_no_taskflow_operators.py
[2025-11-09T21:44:59.996+0000] {logging_mixin.py:190} INFO - [2025-11-09T21:44:59.996+0000] {dag.py:3239} INFO - Sync 1 DAGs
[2025-11-09T21:45:00.023+0000] {logging_mixin.py:190} INFO - [2025-11-09T21:45:00.023+0000] {dag.py:4180} INFO - Setting next_dagrun for example_dynamic_task_mapping_with_no_taskflow_operators to None, run_after=None
[2025-11-09T21:45:00.056+0000] {processor.py:208} INFO - Processing /home/airflow/.local/lib/python3.12/site-packages/airflow/example_dags/example_dynamic_task_mapping_with_no_taskflow_operators.py took 0.134 seconds
[2025-11-09T21:45:30.864+0000] {processor.py:186} INFO - Started process (PID=4761) to work on /home/airflow/.local/lib/python3.12/site-packages/airflow/example_dags/example_dynamic_task_mapping_with_no_taskflow_operators.py
[2025-11-09T21:45:30.867+0000] {processor.py:914} INFO - Processing file /home/airflow/.local/lib/python3.12/site-packages/airflow/example_dags/example_dynamic_task_mapping_with_no_taskflow_operators.py for tasks to queue
[2025-11-09T21:45:30.877+0000] {logging_mixin.py:190} INFO - [2025-11-09T21:45:30.876+0000] {dagbag.py:588} INFO - Filling up the DagBag from /home/airflow/.local/lib/python3.12/site-packages/airflow/example_dags/example_dynamic_task_mapping_with_no_taskflow_operators.py
[2025-11-09T21:45:30.903+0000] {processor.py:925} INFO - DAG(s) 'example_dynamic_task_mapping_with_no_taskflow_operators' retrieved from /home/airflow/.local/lib/python3.12/site-packages/airflow/example_dags/example_dynamic_task_mapping_with_no_taskflow_operators.py
[2025-11-09T21:45:30.959+0000] {logging_mixin.py:190} INFO - [2025-11-09T21:45:30.959+0000] {dag.py:3239} INFO - Sync 1 DAGs
[2025-11-09T21:45:31.010+0000] {logging_mixin.py:190} INFO - [2025-11-09T21:45:31.010+0000] {dag.py:4180} INFO - Setting next_dagrun for example_dynamic_task_mapping_with_no_taskflow_operators to None, run_after=None
[2025-11-09T21:45:31.063+0000] {processor.py:208} INFO - Processing /home/airflow/.local/lib/python3.12/site-packages/airflow/example_dags/example_dynamic_task_mapping_with_no_taskflow_operators.py took 0.215 seconds
[2025-11-09T21:46:01.330+0000] {processor.py:186} INFO - Started process (PID=4825) to work on /home/airflow/.local/lib/python3.12/site-packages/airflow/example_dags/example_dynamic_task_mapping_with_no_taskflow_operators.py
[2025-11-09T21:46:01.332+0000] {processor.py:914} INFO - Processing file /home/airflow/.local/lib/python3.12/site-packages/airflow/example_dags/example_dynamic_task_mapping_with_no_taskflow_operators.py for tasks to queue
[2025-11-09T21:46:01.337+0000] {logging_mixin.py:190} INFO - [2025-11-09T21:46:01.336+0000] {dagbag.py:588} INFO - Filling up the DagBag from /home/airflow/.local/lib/python3.12/site-packages/airflow/example_dags/example_dynamic_task_mapping_with_no_taskflow_operators.py
[2025-11-09T21:46:01.352+0000] {processor.py:925} INFO - DAG(s) 'example_dynamic_task_mapping_with_no_taskflow_operators' retrieved from /home/airflow/.local/lib/python3.12/site-packages/airflow/example_dags/example_dynamic_task_mapping_with_no_taskflow_operators.py
[2025-11-09T21:46:01.391+0000] {logging_mixin.py:190} INFO - [2025-11-09T21:46:01.391+0000] {dag.py:3239} INFO - Sync 1 DAGs
[2025-11-09T21:46:01.417+0000] {logging_mixin.py:190} INFO - [2025-11-09T21:46:01.417+0000] {dag.py:4180} INFO - Setting next_dagrun for example_dynamic_task_mapping_with_no_taskflow_operators to None, run_after=None
[2025-11-09T21:46:01.453+0000] {processor.py:208} INFO - Processing /home/airflow/.local/lib/python3.12/site-packages/airflow/example_dags/example_dynamic_task_mapping_with_no_taskflow_operators.py took 0.135 seconds
[2025-11-09T21:46:32.279+0000] {processor.py:186} INFO - Started process (PID=4889) to work on /home/airflow/.local/lib/python3.12/site-packages/airflow/example_dags/example_dynamic_task_mapping_with_no_taskflow_operators.py
[2025-11-09T21:46:32.281+0000] {processor.py:914} INFO - Processing file /home/airflow/.local/lib/python3.12/site-packages/airflow/example_dags/example_dynamic_task_mapping_with_no_taskflow_operators.py for tasks to queue
[2025-11-09T21:46:32.286+0000] {logging_mixin.py:190} INFO - [2025-11-09T21:46:32.286+0000] {dagbag.py:588} INFO - Filling up the DagBag from /home/airflow/.local/lib/python3.12/site-packages/airflow/example_dags/example_dynamic_task_mapping_with_no_taskflow_operators.py
[2025-11-09T21:46:32.308+0000] {processor.py:925} INFO - DAG(s) 'example_dynamic_task_mapping_with_no_taskflow_operators' retrieved from /home/airflow/.local/lib/python3.12/site-packages/airflow/example_dags/example_dynamic_task_mapping_with_no_taskflow_operators.py
[2025-11-09T21:46:32.356+0000] {logging_mixin.py:190} INFO - [2025-11-09T21:46:32.355+0000] {dag.py:3239} INFO - Sync 1 DAGs
[2025-11-09T21:46:32.401+0000] {logging_mixin.py:190} INFO - [2025-11-09T21:46:32.401+0000] {dag.py:4180} INFO - Setting next_dagrun for example_dynamic_task_mapping_with_no_taskflow_operators to None, run_after=None
[2025-11-09T21:46:32.453+0000] {processor.py:208} INFO - Processing /home/airflow/.local/lib/python3.12/site-packages/airflow/example_dags/example_dynamic_task_mapping_with_no_taskflow_operators.py took 0.188 seconds
[2025-11-09T21:47:02.950+0000] {processor.py:186} INFO - Started process (PID=4953) to work on /home/airflow/.local/lib/python3.12/site-packages/airflow/example_dags/example_dynamic_task_mapping_with_no_taskflow_operators.py
[2025-11-09T21:47:02.952+0000] {processor.py:914} INFO - Processing file /home/airflow/.local/lib/python3.12/site-packages/airflow/example_dags/example_dynamic_task_mapping_with_no_taskflow_operators.py for tasks to queue
[2025-11-09T21:47:02.959+0000] {logging_mixin.py:190} INFO - [2025-11-09T21:47:02.958+0000] {dagbag.py:588} INFO - Filling up the DagBag from /home/airflow/.local/lib/python3.12/site-packages/airflow/example_dags/example_dynamic_task_mapping_with_no_taskflow_operators.py
[2025-11-09T21:47:02.988+0000] {processor.py:925} INFO - DAG(s) 'example_dynamic_task_mapping_with_no_taskflow_operators' retrieved from /home/airflow/.local/lib/python3.12/site-packages/airflow/example_dags/example_dynamic_task_mapping_with_no_taskflow_operators.py
[2025-11-09T21:47:03.036+0000] {logging_mixin.py:190} INFO - [2025-11-09T21:47:03.035+0000] {dag.py:3239} INFO - Sync 1 DAGs
[2025-11-09T21:47:03.068+0000] {logging_mixin.py:190} INFO - [2025-11-09T21:47:03.068+0000] {dag.py:4180} INFO - Setting next_dagrun for example_dynamic_task_mapping_with_no_taskflow_operators to None, run_after=None
[2025-11-09T21:47:03.113+0000] {processor.py:208} INFO - Processing /home/airflow/.local/lib/python3.12/site-packages/airflow/example_dags/example_dynamic_task_mapping_with_no_taskflow_operators.py took 0.179 seconds
[2025-11-09T21:47:33.499+0000] {processor.py:186} INFO - Started process (PID=5016) to work on /home/airflow/.local/lib/python3.12/site-packages/airflow/example_dags/example_dynamic_task_mapping_with_no_taskflow_operators.py
[2025-11-09T21:47:33.501+0000] {processor.py:914} INFO - Processing file /home/airflow/.local/lib/python3.12/site-packages/airflow/example_dags/example_dynamic_task_mapping_with_no_taskflow_operators.py for tasks to queue
[2025-11-09T21:47:33.508+0000] {logging_mixin.py:190} INFO - [2025-11-09T21:47:33.507+0000] {dagbag.py:588} INFO - Filling up the DagBag from /home/airflow/.local/lib/python3.12/site-packages/airflow/example_dags/example_dynamic_task_mapping_with_no_taskflow_operators.py
[2025-11-09T21:47:33.526+0000] {processor.py:925} INFO - DAG(s) 'example_dynamic_task_mapping_with_no_taskflow_operators' retrieved from /home/airflow/.local/lib/python3.12/site-packages/airflow/example_dags/example_dynamic_task_mapping_with_no_taskflow_operators.py
[2025-11-09T21:47:33.566+0000] {logging_mixin.py:190} INFO - [2025-11-09T21:47:33.566+0000] {dag.py:3239} INFO - Sync 1 DAGs
[2025-11-09T21:47:33.593+0000] {logging_mixin.py:190} INFO - [2025-11-09T21:47:33.593+0000] {dag.py:4180} INFO - Setting next_dagrun for example_dynamic_task_mapping_with_no_taskflow_operators to None, run_after=None
[2025-11-09T21:47:33.627+0000] {processor.py:208} INFO - Processing /home/airflow/.local/lib/python3.12/site-packages/airflow/example_dags/example_dynamic_task_mapping_with_no_taskflow_operators.py took 0.142 seconds
[2025-11-09T21:48:04.351+0000] {processor.py:186} INFO - Started process (PID=5080) to work on /home/airflow/.local/lib/python3.12/site-packages/airflow/example_dags/example_dynamic_task_mapping_with_no_taskflow_operators.py
[2025-11-09T21:48:04.354+0000] {processor.py:914} INFO - Processing file /home/airflow/.local/lib/python3.12/site-packages/airflow/example_dags/example_dynamic_task_mapping_with_no_taskflow_operators.py for tasks to queue
[2025-11-09T21:48:04.363+0000] {logging_mixin.py:190} INFO - [2025-11-09T21:48:04.362+0000] {dagbag.py:588} INFO - Filling up the DagBag from /home/airflow/.local/lib/python3.12/site-packages/airflow/example_dags/example_dynamic_task_mapping_with_no_taskflow_operators.py
[2025-11-09T21:48:04.391+0000] {processor.py:925} INFO - DAG(s) 'example_dynamic_task_mapping_with_no_taskflow_operators' retrieved from /home/airflow/.local/lib/python3.12/site-packages/airflow/example_dags/example_dynamic_task_mapping_with_no_taskflow_operators.py
[2025-11-09T21:48:04.444+0000] {logging_mixin.py:190} INFO - [2025-11-09T21:48:04.443+0000] {dag.py:3239} INFO - Sync 1 DAGs
[2025-11-09T21:48:04.486+0000] {logging_mixin.py:190} INFO - [2025-11-09T21:48:04.485+0000] {dag.py:4180} INFO - Setting next_dagrun for example_dynamic_task_mapping_with_no_taskflow_operators to None, run_after=None
[2025-11-09T21:48:04.530+0000] {processor.py:208} INFO - Processing /home/airflow/.local/lib/python3.12/site-packages/airflow/example_dags/example_dynamic_task_mapping_with_no_taskflow_operators.py took 0.197 seconds
[2025-11-09T21:48:35.402+0000] {processor.py:186} INFO - Started process (PID=5143) to work on /home/airflow/.local/lib/python3.12/site-packages/airflow/example_dags/example_dynamic_task_mapping_with_no_taskflow_operators.py
[2025-11-09T21:48:35.405+0000] {processor.py:914} INFO - Processing file /home/airflow/.local/lib/python3.12/site-packages/airflow/example_dags/example_dynamic_task_mapping_with_no_taskflow_operators.py for tasks to queue
[2025-11-09T21:48:35.411+0000] {logging_mixin.py:190} INFO - [2025-11-09T21:48:35.410+0000] {dagbag.py:588} INFO - Filling up the DagBag from /home/airflow/.local/lib/python3.12/site-packages/airflow/example_dags/example_dynamic_task_mapping_with_no_taskflow_operators.py
[2025-11-09T21:48:35.434+0000] {processor.py:925} INFO - DAG(s) 'example_dynamic_task_mapping_with_no_taskflow_operators' retrieved from /home/airflow/.local/lib/python3.12/site-packages/airflow/example_dags/example_dynamic_task_mapping_with_no_taskflow_operators.py
[2025-11-09T21:48:35.498+0000] {logging_mixin.py:190} INFO - [2025-11-09T21:48:35.498+0000] {dag.py:3239} INFO - Sync 1 DAGs
[2025-11-09T21:48:35.543+0000] {logging_mixin.py:190} INFO - [2025-11-09T21:48:35.542+0000] {dag.py:4180} INFO - Setting next_dagrun for example_dynamic_task_mapping_with_no_taskflow_operators to None, run_after=None
[2025-11-09T21:48:35.598+0000] {processor.py:208} INFO - Processing /home/airflow/.local/lib/python3.12/site-packages/airflow/example_dags/example_dynamic_task_mapping_with_no_taskflow_operators.py took 0.216 seconds
[2025-11-09T21:49:05.786+0000] {processor.py:186} INFO - Started process (PID=5207) to work on /home/airflow/.local/lib/python3.12/site-packages/airflow/example_dags/example_dynamic_task_mapping_with_no_taskflow_operators.py
[2025-11-09T21:49:05.789+0000] {processor.py:914} INFO - Processing file /home/airflow/.local/lib/python3.12/site-packages/airflow/example_dags/example_dynamic_task_mapping_with_no_taskflow_operators.py for tasks to queue
[2025-11-09T21:49:05.794+0000] {logging_mixin.py:190} INFO - [2025-11-09T21:49:05.793+0000] {dagbag.py:588} INFO - Filling up the DagBag from /home/airflow/.local/lib/python3.12/site-packages/airflow/example_dags/example_dynamic_task_mapping_with_no_taskflow_operators.py
[2025-11-09T21:49:05.811+0000] {processor.py:925} INFO - DAG(s) 'example_dynamic_task_mapping_with_no_taskflow_operators' retrieved from /home/airflow/.local/lib/python3.12/site-packages/airflow/example_dags/example_dynamic_task_mapping_with_no_taskflow_operators.py
[2025-11-09T21:49:05.851+0000] {logging_mixin.py:190} INFO - [2025-11-09T21:49:05.850+0000] {dag.py:3239} INFO - Sync 1 DAGs
[2025-11-09T21:49:05.878+0000] {logging_mixin.py:190} INFO - [2025-11-09T21:49:05.877+0000] {dag.py:4180} INFO - Setting next_dagrun for example_dynamic_task_mapping_with_no_taskflow_operators to None, run_after=None
[2025-11-09T21:49:05.917+0000] {processor.py:208} INFO - Processing /home/airflow/.local/lib/python3.12/site-packages/airflow/example_dags/example_dynamic_task_mapping_with_no_taskflow_operators.py took 0.142 seconds
[2025-11-09T21:49:36.013+0000] {processor.py:186} INFO - Started process (PID=5272) to work on /home/airflow/.local/lib/python3.12/site-packages/airflow/example_dags/example_dynamic_task_mapping_with_no_taskflow_operators.py
[2025-11-09T21:49:36.015+0000] {processor.py:914} INFO - Processing file /home/airflow/.local/lib/python3.12/site-packages/airflow/example_dags/example_dynamic_task_mapping_with_no_taskflow_operators.py for tasks to queue
[2025-11-09T21:49:36.020+0000] {logging_mixin.py:190} INFO - [2025-11-09T21:49:36.019+0000] {dagbag.py:588} INFO - Filling up the DagBag from /home/airflow/.local/lib/python3.12/site-packages/airflow/example_dags/example_dynamic_task_mapping_with_no_taskflow_operators.py
[2025-11-09T21:49:36.036+0000] {processor.py:925} INFO - DAG(s) 'example_dynamic_task_mapping_with_no_taskflow_operators' retrieved from /home/airflow/.local/lib/python3.12/site-packages/airflow/example_dags/example_dynamic_task_mapping_with_no_taskflow_operators.py
[2025-11-09T21:49:36.073+0000] {logging_mixin.py:190} INFO - [2025-11-09T21:49:36.073+0000] {dag.py:3239} INFO - Sync 1 DAGs
[2025-11-09T21:49:36.107+0000] {logging_mixin.py:190} INFO - [2025-11-09T21:49:36.106+0000] {dag.py:4180} INFO - Setting next_dagrun for example_dynamic_task_mapping_with_no_taskflow_operators to None, run_after=None
[2025-11-09T21:49:36.141+0000] {processor.py:208} INFO - Processing /home/airflow/.local/lib/python3.12/site-packages/airflow/example_dags/example_dynamic_task_mapping_with_no_taskflow_operators.py took 0.141 seconds
[2025-11-09T21:50:07.012+0000] {processor.py:186} INFO - Started process (PID=5337) to work on /home/airflow/.local/lib/python3.12/site-packages/airflow/example_dags/example_dynamic_task_mapping_with_no_taskflow_operators.py
[2025-11-09T21:50:07.016+0000] {processor.py:914} INFO - Processing file /home/airflow/.local/lib/python3.12/site-packages/airflow/example_dags/example_dynamic_task_mapping_with_no_taskflow_operators.py for tasks to queue
[2025-11-09T21:50:07.023+0000] {logging_mixin.py:190} INFO - [2025-11-09T21:50:07.022+0000] {dagbag.py:588} INFO - Filling up the DagBag from /home/airflow/.local/lib/python3.12/site-packages/airflow/example_dags/example_dynamic_task_mapping_with_no_taskflow_operators.py
[2025-11-09T21:50:07.042+0000] {processor.py:925} INFO - DAG(s) 'example_dynamic_task_mapping_with_no_taskflow_operators' retrieved from /home/airflow/.local/lib/python3.12/site-packages/airflow/example_dags/example_dynamic_task_mapping_with_no_taskflow_operators.py
[2025-11-09T21:50:07.097+0000] {logging_mixin.py:190} INFO - [2025-11-09T21:50:07.097+0000] {dag.py:3239} INFO - Sync 1 DAGs
[2025-11-09T21:50:07.237+0000] {logging_mixin.py:190} INFO - [2025-11-09T21:50:07.236+0000] {dag.py:4180} INFO - Setting next_dagrun for example_dynamic_task_mapping_with_no_taskflow_operators to None, run_after=None
[2025-11-09T21:50:07.368+0000] {processor.py:208} INFO - Processing /home/airflow/.local/lib/python3.12/site-packages/airflow/example_dags/example_dynamic_task_mapping_with_no_taskflow_operators.py took 0.373 seconds
[2025-11-09T21:50:38.294+0000] {processor.py:186} INFO - Started process (PID=5400) to work on /home/airflow/.local/lib/python3.12/site-packages/airflow/example_dags/example_dynamic_task_mapping_with_no_taskflow_operators.py
[2025-11-09T21:50:38.296+0000] {processor.py:914} INFO - Processing file /home/airflow/.local/lib/python3.12/site-packages/airflow/example_dags/example_dynamic_task_mapping_with_no_taskflow_operators.py for tasks to queue
[2025-11-09T21:50:38.303+0000] {logging_mixin.py:190} INFO - [2025-11-09T21:50:38.302+0000] {dagbag.py:588} INFO - Filling up the DagBag from /home/airflow/.local/lib/python3.12/site-packages/airflow/example_dags/example_dynamic_task_mapping_with_no_taskflow_operators.py
[2025-11-09T21:50:38.321+0000] {processor.py:925} INFO - DAG(s) 'example_dynamic_task_mapping_with_no_taskflow_operators' retrieved from /home/airflow/.local/lib/python3.12/site-packages/airflow/example_dags/example_dynamic_task_mapping_with_no_taskflow_operators.py
[2025-11-09T21:50:38.357+0000] {logging_mixin.py:190} INFO - [2025-11-09T21:50:38.356+0000] {dag.py:3239} INFO - Sync 1 DAGs
[2025-11-09T21:50:38.384+0000] {logging_mixin.py:190} INFO - [2025-11-09T21:50:38.384+0000] {dag.py:4180} INFO - Setting next_dagrun for example_dynamic_task_mapping_with_no_taskflow_operators to None, run_after=None
[2025-11-09T21:50:38.415+0000] {processor.py:208} INFO - Processing /home/airflow/.local/lib/python3.12/site-packages/airflow/example_dags/example_dynamic_task_mapping_with_no_taskflow_operators.py took 0.136 seconds
[2025-11-09T21:51:08.906+0000] {processor.py:186} INFO - Started process (PID=5464) to work on /home/airflow/.local/lib/python3.12/site-packages/airflow/example_dags/example_dynamic_task_mapping_with_no_taskflow_operators.py
[2025-11-09T21:51:08.907+0000] {processor.py:914} INFO - Processing file /home/airflow/.local/lib/python3.12/site-packages/airflow/example_dags/example_dynamic_task_mapping_with_no_taskflow_operators.py for tasks to queue
[2025-11-09T21:51:08.917+0000] {logging_mixin.py:190} INFO - [2025-11-09T21:51:08.915+0000] {dagbag.py:588} INFO - Filling up the DagBag from /home/airflow/.local/lib/python3.12/site-packages/airflow/example_dags/example_dynamic_task_mapping_with_no_taskflow_operators.py
[2025-11-09T21:51:08.939+0000] {processor.py:925} INFO - DAG(s) 'example_dynamic_task_mapping_with_no_taskflow_operators' retrieved from /home/airflow/.local/lib/python3.12/site-packages/airflow/example_dags/example_dynamic_task_mapping_with_no_taskflow_operators.py
[2025-11-09T21:51:08.977+0000] {logging_mixin.py:190} INFO - [2025-11-09T21:51:08.977+0000] {dag.py:3239} INFO - Sync 1 DAGs
[2025-11-09T21:51:09.003+0000] {logging_mixin.py:190} INFO - [2025-11-09T21:51:09.003+0000] {dag.py:4180} INFO - Setting next_dagrun for example_dynamic_task_mapping_with_no_taskflow_operators to None, run_after=None
[2025-11-09T21:51:09.033+0000] {processor.py:208} INFO - Processing /home/airflow/.local/lib/python3.12/site-packages/airflow/example_dags/example_dynamic_task_mapping_with_no_taskflow_operators.py took 0.138 seconds
[2025-11-09T21:51:39.344+0000] {processor.py:186} INFO - Started process (PID=5528) to work on /home/airflow/.local/lib/python3.12/site-packages/airflow/example_dags/example_dynamic_task_mapping_with_no_taskflow_operators.py
[2025-11-09T21:51:39.345+0000] {processor.py:914} INFO - Processing file /home/airflow/.local/lib/python3.12/site-packages/airflow/example_dags/example_dynamic_task_mapping_with_no_taskflow_operators.py for tasks to queue
[2025-11-09T21:51:39.351+0000] {logging_mixin.py:190} INFO - [2025-11-09T21:51:39.350+0000] {dagbag.py:588} INFO - Filling up the DagBag from /home/airflow/.local/lib/python3.12/site-packages/airflow/example_dags/example_dynamic_task_mapping_with_no_taskflow_operators.py
[2025-11-09T21:51:39.373+0000] {processor.py:925} INFO - DAG(s) 'example_dynamic_task_mapping_with_no_taskflow_operators' retrieved from /home/airflow/.local/lib/python3.12/site-packages/airflow/example_dags/example_dynamic_task_mapping_with_no_taskflow_operators.py
[2025-11-09T21:51:39.426+0000] {logging_mixin.py:190} INFO - [2025-11-09T21:51:39.426+0000] {dag.py:3239} INFO - Sync 1 DAGs
[2025-11-09T21:51:39.461+0000] {logging_mixin.py:190} INFO - [2025-11-09T21:51:39.460+0000] {dag.py:4180} INFO - Setting next_dagrun for example_dynamic_task_mapping_with_no_taskflow_operators to None, run_after=None
[2025-11-09T21:51:39.506+0000] {processor.py:208} INFO - Processing /home/airflow/.local/lib/python3.12/site-packages/airflow/example_dags/example_dynamic_task_mapping_with_no_taskflow_operators.py took 0.175 seconds
[2025-11-09T21:52:10.068+0000] {processor.py:186} INFO - Started process (PID=5592) to work on /home/airflow/.local/lib/python3.12/site-packages/airflow/example_dags/example_dynamic_task_mapping_with_no_taskflow_operators.py
[2025-11-09T21:52:10.071+0000] {processor.py:914} INFO - Processing file /home/airflow/.local/lib/python3.12/site-packages/airflow/example_dags/example_dynamic_task_mapping_with_no_taskflow_operators.py for tasks to queue
[2025-11-09T21:52:10.077+0000] {logging_mixin.py:190} INFO - [2025-11-09T21:52:10.076+0000] {dagbag.py:588} INFO - Filling up the DagBag from /home/airflow/.local/lib/python3.12/site-packages/airflow/example_dags/example_dynamic_task_mapping_with_no_taskflow_operators.py
[2025-11-09T21:52:10.100+0000] {processor.py:925} INFO - DAG(s) 'example_dynamic_task_mapping_with_no_taskflow_operators' retrieved from /home/airflow/.local/lib/python3.12/site-packages/airflow/example_dags/example_dynamic_task_mapping_with_no_taskflow_operators.py
[2025-11-09T21:52:10.145+0000] {logging_mixin.py:190} INFO - [2025-11-09T21:52:10.145+0000] {dag.py:3239} INFO - Sync 1 DAGs
[2025-11-09T21:52:10.179+0000] {logging_mixin.py:190} INFO - [2025-11-09T21:52:10.179+0000] {dag.py:4180} INFO - Setting next_dagrun for example_dynamic_task_mapping_with_no_taskflow_operators to None, run_after=None
[2025-11-09T21:52:10.216+0000] {processor.py:208} INFO - Processing /home/airflow/.local/lib/python3.12/site-packages/airflow/example_dags/example_dynamic_task_mapping_with_no_taskflow_operators.py took 0.164 seconds
[2025-11-09T21:52:40.621+0000] {processor.py:186} INFO - Started process (PID=5656) to work on /home/airflow/.local/lib/python3.12/site-packages/airflow/example_dags/example_dynamic_task_mapping_with_no_taskflow_operators.py
[2025-11-09T21:52:40.623+0000] {processor.py:914} INFO - Processing file /home/airflow/.local/lib/python3.12/site-packages/airflow/example_dags/example_dynamic_task_mapping_with_no_taskflow_operators.py for tasks to queue
[2025-11-09T21:52:40.630+0000] {logging_mixin.py:190} INFO - [2025-11-09T21:52:40.629+0000] {dagbag.py:588} INFO - Filling up the DagBag from /home/airflow/.local/lib/python3.12/site-packages/airflow/example_dags/example_dynamic_task_mapping_with_no_taskflow_operators.py
[2025-11-09T21:52:40.647+0000] {processor.py:925} INFO - DAG(s) 'example_dynamic_task_mapping_with_no_taskflow_operators' retrieved from /home/airflow/.local/lib/python3.12/site-packages/airflow/example_dags/example_dynamic_task_mapping_with_no_taskflow_operators.py
[2025-11-09T21:52:40.684+0000] {logging_mixin.py:190} INFO - [2025-11-09T21:52:40.683+0000] {dag.py:3239} INFO - Sync 1 DAGs
[2025-11-09T21:52:40.714+0000] {logging_mixin.py:190} INFO - [2025-11-09T21:52:40.714+0000] {dag.py:4180} INFO - Setting next_dagrun for example_dynamic_task_mapping_with_no_taskflow_operators to None, run_after=None
[2025-11-09T21:52:40.742+0000] {processor.py:208} INFO - Processing /home/airflow/.local/lib/python3.12/site-packages/airflow/example_dags/example_dynamic_task_mapping_with_no_taskflow_operators.py took 0.134 seconds
[2025-11-09T21:53:11.864+0000] {processor.py:186} INFO - Started process (PID=5707) to work on /home/airflow/.local/lib/python3.12/site-packages/airflow/example_dags/example_dynamic_task_mapping_with_no_taskflow_operators.py
[2025-11-09T21:53:11.866+0000] {processor.py:914} INFO - Processing file /home/airflow/.local/lib/python3.12/site-packages/airflow/example_dags/example_dynamic_task_mapping_with_no_taskflow_operators.py for tasks to queue
[2025-11-09T21:53:11.872+0000] {logging_mixin.py:190} INFO - [2025-11-09T21:53:11.871+0000] {dagbag.py:588} INFO - Filling up the DagBag from /home/airflow/.local/lib/python3.12/site-packages/airflow/example_dags/example_dynamic_task_mapping_with_no_taskflow_operators.py
[2025-11-09T21:53:11.900+0000] {processor.py:925} INFO - DAG(s) 'example_dynamic_task_mapping_with_no_taskflow_operators' retrieved from /home/airflow/.local/lib/python3.12/site-packages/airflow/example_dags/example_dynamic_task_mapping_with_no_taskflow_operators.py
[2025-11-09T21:53:11.954+0000] {logging_mixin.py:190} INFO - [2025-11-09T21:53:11.954+0000] {dag.py:3239} INFO - Sync 1 DAGs
[2025-11-09T21:53:11.995+0000] {logging_mixin.py:190} INFO - [2025-11-09T21:53:11.994+0000] {dag.py:4180} INFO - Setting next_dagrun for example_dynamic_task_mapping_with_no_taskflow_operators to None, run_after=None
[2025-11-09T21:53:12.045+0000] {processor.py:208} INFO - Processing /home/airflow/.local/lib/python3.12/site-packages/airflow/example_dags/example_dynamic_task_mapping_with_no_taskflow_operators.py took 0.199 seconds
[2025-11-09T21:53:42.808+0000] {processor.py:186} INFO - Started process (PID=5770) to work on /home/airflow/.local/lib/python3.12/site-packages/airflow/example_dags/example_dynamic_task_mapping_with_no_taskflow_operators.py
[2025-11-09T21:53:42.812+0000] {processor.py:914} INFO - Processing file /home/airflow/.local/lib/python3.12/site-packages/airflow/example_dags/example_dynamic_task_mapping_with_no_taskflow_operators.py for tasks to queue
[2025-11-09T21:53:42.824+0000] {logging_mixin.py:190} INFO - [2025-11-09T21:53:42.823+0000] {dagbag.py:588} INFO - Filling up the DagBag from /home/airflow/.local/lib/python3.12/site-packages/airflow/example_dags/example_dynamic_task_mapping_with_no_taskflow_operators.py
[2025-11-09T21:53:42.858+0000] {processor.py:925} INFO - DAG(s) 'example_dynamic_task_mapping_with_no_taskflow_operators' retrieved from /home/airflow/.local/lib/python3.12/site-packages/airflow/example_dags/example_dynamic_task_mapping_with_no_taskflow_operators.py
[2025-11-09T21:53:42.929+0000] {logging_mixin.py:190} INFO - [2025-11-09T21:53:42.928+0000] {dag.py:3239} INFO - Sync 1 DAGs
[2025-11-09T21:53:42.966+0000] {logging_mixin.py:190} INFO - [2025-11-09T21:53:42.966+0000] {dag.py:4180} INFO - Setting next_dagrun for example_dynamic_task_mapping_with_no_taskflow_operators to None, run_after=None
[2025-11-09T21:53:43.017+0000] {processor.py:208} INFO - Processing /home/airflow/.local/lib/python3.12/site-packages/airflow/example_dags/example_dynamic_task_mapping_with_no_taskflow_operators.py took 0.229 seconds
[2025-11-09T21:54:13.816+0000] {processor.py:186} INFO - Started process (PID=5833) to work on /home/airflow/.local/lib/python3.12/site-packages/airflow/example_dags/example_dynamic_task_mapping_with_no_taskflow_operators.py
[2025-11-09T21:54:13.818+0000] {processor.py:914} INFO - Processing file /home/airflow/.local/lib/python3.12/site-packages/airflow/example_dags/example_dynamic_task_mapping_with_no_taskflow_operators.py for tasks to queue
[2025-11-09T21:54:13.824+0000] {logging_mixin.py:190} INFO - [2025-11-09T21:54:13.823+0000] {dagbag.py:588} INFO - Filling up the DagBag from /home/airflow/.local/lib/python3.12/site-packages/airflow/example_dags/example_dynamic_task_mapping_with_no_taskflow_operators.py
[2025-11-09T21:54:13.837+0000] {processor.py:925} INFO - DAG(s) 'example_dynamic_task_mapping_with_no_taskflow_operators' retrieved from /home/airflow/.local/lib/python3.12/site-packages/airflow/example_dags/example_dynamic_task_mapping_with_no_taskflow_operators.py
[2025-11-09T21:54:13.868+0000] {logging_mixin.py:190} INFO - [2025-11-09T21:54:13.868+0000] {dag.py:3239} INFO - Sync 1 DAGs
[2025-11-09T21:54:13.893+0000] {logging_mixin.py:190} INFO - [2025-11-09T21:54:13.893+0000] {dag.py:4180} INFO - Setting next_dagrun for example_dynamic_task_mapping_with_no_taskflow_operators to None, run_after=None
[2025-11-09T21:54:13.923+0000] {processor.py:208} INFO - Processing /home/airflow/.local/lib/python3.12/site-packages/airflow/example_dags/example_dynamic_task_mapping_with_no_taskflow_operators.py took 0.117 seconds
[2025-11-09T21:54:44.383+0000] {processor.py:186} INFO - Started process (PID=5897) to work on /home/airflow/.local/lib/python3.12/site-packages/airflow/example_dags/example_dynamic_task_mapping_with_no_taskflow_operators.py
[2025-11-09T21:54:44.385+0000] {processor.py:914} INFO - Processing file /home/airflow/.local/lib/python3.12/site-packages/airflow/example_dags/example_dynamic_task_mapping_with_no_taskflow_operators.py for tasks to queue
[2025-11-09T21:54:44.390+0000] {logging_mixin.py:190} INFO - [2025-11-09T21:54:44.389+0000] {dagbag.py:588} INFO - Filling up the DagBag from /home/airflow/.local/lib/python3.12/site-packages/airflow/example_dags/example_dynamic_task_mapping_with_no_taskflow_operators.py
[2025-11-09T21:54:44.408+0000] {processor.py:925} INFO - DAG(s) 'example_dynamic_task_mapping_with_no_taskflow_operators' retrieved from /home/airflow/.local/lib/python3.12/site-packages/airflow/example_dags/example_dynamic_task_mapping_with_no_taskflow_operators.py
[2025-11-09T21:54:44.447+0000] {logging_mixin.py:190} INFO - [2025-11-09T21:54:44.447+0000] {dag.py:3239} INFO - Sync 1 DAGs
[2025-11-09T21:54:44.474+0000] {logging_mixin.py:190} INFO - [2025-11-09T21:54:44.474+0000] {dag.py:4180} INFO - Setting next_dagrun for example_dynamic_task_mapping_with_no_taskflow_operators to None, run_after=None
[2025-11-09T21:54:44.504+0000] {processor.py:208} INFO - Processing /home/airflow/.local/lib/python3.12/site-packages/airflow/example_dags/example_dynamic_task_mapping_with_no_taskflow_operators.py took 0.132 seconds
[2025-11-09T21:55:15.035+0000] {processor.py:186} INFO - Started process (PID=5961) to work on /home/airflow/.local/lib/python3.12/site-packages/airflow/example_dags/example_dynamic_task_mapping_with_no_taskflow_operators.py
[2025-11-09T21:55:15.039+0000] {processor.py:914} INFO - Processing file /home/airflow/.local/lib/python3.12/site-packages/airflow/example_dags/example_dynamic_task_mapping_with_no_taskflow_operators.py for tasks to queue
[2025-11-09T21:55:15.049+0000] {logging_mixin.py:190} INFO - [2025-11-09T21:55:15.047+0000] {dagbag.py:588} INFO - Filling up the DagBag from /home/airflow/.local/lib/python3.12/site-packages/airflow/example_dags/example_dynamic_task_mapping_with_no_taskflow_operators.py
[2025-11-09T21:55:15.092+0000] {processor.py:925} INFO - DAG(s) 'example_dynamic_task_mapping_with_no_taskflow_operators' retrieved from /home/airflow/.local/lib/python3.12/site-packages/airflow/example_dags/example_dynamic_task_mapping_with_no_taskflow_operators.py
[2025-11-09T21:55:15.174+0000] {logging_mixin.py:190} INFO - [2025-11-09T21:55:15.173+0000] {dag.py:3239} INFO - Sync 1 DAGs
[2025-11-09T21:55:15.227+0000] {logging_mixin.py:190} INFO - [2025-11-09T21:55:15.227+0000] {dag.py:4180} INFO - Setting next_dagrun for example_dynamic_task_mapping_with_no_taskflow_operators to None, run_after=None
[2025-11-09T21:55:15.290+0000] {processor.py:208} INFO - Processing /home/airflow/.local/lib/python3.12/site-packages/airflow/example_dags/example_dynamic_task_mapping_with_no_taskflow_operators.py took 0.271 seconds
[2025-11-09T21:55:46.117+0000] {processor.py:186} INFO - Started process (PID=6025) to work on /home/airflow/.local/lib/python3.12/site-packages/airflow/example_dags/example_dynamic_task_mapping_with_no_taskflow_operators.py
[2025-11-09T21:55:46.125+0000] {processor.py:914} INFO - Processing file /home/airflow/.local/lib/python3.12/site-packages/airflow/example_dags/example_dynamic_task_mapping_with_no_taskflow_operators.py for tasks to queue
[2025-11-09T21:55:46.150+0000] {logging_mixin.py:190} INFO - [2025-11-09T21:55:46.147+0000] {dagbag.py:588} INFO - Filling up the DagBag from /home/airflow/.local/lib/python3.12/site-packages/airflow/example_dags/example_dynamic_task_mapping_with_no_taskflow_operators.py
[2025-11-09T21:55:46.225+0000] {processor.py:925} INFO - DAG(s) 'example_dynamic_task_mapping_with_no_taskflow_operators' retrieved from /home/airflow/.local/lib/python3.12/site-packages/airflow/example_dags/example_dynamic_task_mapping_with_no_taskflow_operators.py
[2025-11-09T21:55:46.371+0000] {logging_mixin.py:190} INFO - [2025-11-09T21:55:46.369+0000] {dag.py:3239} INFO - Sync 1 DAGs
[2025-11-09T21:55:46.519+0000] {logging_mixin.py:190} INFO - [2025-11-09T21:55:46.517+0000] {dag.py:4180} INFO - Setting next_dagrun for example_dynamic_task_mapping_with_no_taskflow_operators to None, run_after=None
[2025-11-09T21:55:46.646+0000] {processor.py:208} INFO - Processing /home/airflow/.local/lib/python3.12/site-packages/airflow/example_dags/example_dynamic_task_mapping_with_no_taskflow_operators.py took 0.581 seconds
[2025-11-09T21:56:17.073+0000] {processor.py:186} INFO - Started process (PID=6088) to work on /home/airflow/.local/lib/python3.12/site-packages/airflow/example_dags/example_dynamic_task_mapping_with_no_taskflow_operators.py
[2025-11-09T21:56:17.076+0000] {processor.py:914} INFO - Processing file /home/airflow/.local/lib/python3.12/site-packages/airflow/example_dags/example_dynamic_task_mapping_with_no_taskflow_operators.py for tasks to queue
[2025-11-09T21:56:17.081+0000] {logging_mixin.py:190} INFO - [2025-11-09T21:56:17.080+0000] {dagbag.py:588} INFO - Filling up the DagBag from /home/airflow/.local/lib/python3.12/site-packages/airflow/example_dags/example_dynamic_task_mapping_with_no_taskflow_operators.py
[2025-11-09T21:56:17.094+0000] {processor.py:925} INFO - DAG(s) 'example_dynamic_task_mapping_with_no_taskflow_operators' retrieved from /home/airflow/.local/lib/python3.12/site-packages/airflow/example_dags/example_dynamic_task_mapping_with_no_taskflow_operators.py
[2025-11-09T21:56:17.128+0000] {logging_mixin.py:190} INFO - [2025-11-09T21:56:17.128+0000] {dag.py:3239} INFO - Sync 1 DAGs
[2025-11-09T21:56:17.150+0000] {logging_mixin.py:190} INFO - [2025-11-09T21:56:17.149+0000] {dag.py:4180} INFO - Setting next_dagrun for example_dynamic_task_mapping_with_no_taskflow_operators to None, run_after=None
[2025-11-09T21:56:17.178+0000] {processor.py:208} INFO - Processing /home/airflow/.local/lib/python3.12/site-packages/airflow/example_dags/example_dynamic_task_mapping_with_no_taskflow_operators.py took 0.115 seconds
[2025-11-09T21:56:47.722+0000] {processor.py:186} INFO - Started process (PID=6152) to work on /home/airflow/.local/lib/python3.12/site-packages/airflow/example_dags/example_dynamic_task_mapping_with_no_taskflow_operators.py
[2025-11-09T21:56:47.723+0000] {processor.py:914} INFO - Processing file /home/airflow/.local/lib/python3.12/site-packages/airflow/example_dags/example_dynamic_task_mapping_with_no_taskflow_operators.py for tasks to queue
[2025-11-09T21:56:47.729+0000] {logging_mixin.py:190} INFO - [2025-11-09T21:56:47.728+0000] {dagbag.py:588} INFO - Filling up the DagBag from /home/airflow/.local/lib/python3.12/site-packages/airflow/example_dags/example_dynamic_task_mapping_with_no_taskflow_operators.py
[2025-11-09T21:56:47.747+0000] {processor.py:925} INFO - DAG(s) 'example_dynamic_task_mapping_with_no_taskflow_operators' retrieved from /home/airflow/.local/lib/python3.12/site-packages/airflow/example_dags/example_dynamic_task_mapping_with_no_taskflow_operators.py
[2025-11-09T21:56:47.782+0000] {logging_mixin.py:190} INFO - [2025-11-09T21:56:47.782+0000] {dag.py:3239} INFO - Sync 1 DAGs
[2025-11-09T21:56:47.803+0000] {logging_mixin.py:190} INFO - [2025-11-09T21:56:47.802+0000] {dag.py:4180} INFO - Setting next_dagrun for example_dynamic_task_mapping_with_no_taskflow_operators to None, run_after=None
[2025-11-09T21:56:47.829+0000] {processor.py:208} INFO - Processing /home/airflow/.local/lib/python3.12/site-packages/airflow/example_dags/example_dynamic_task_mapping_with_no_taskflow_operators.py took 0.116 seconds
[2025-11-09T21:57:17.992+0000] {processor.py:186} INFO - Started process (PID=6216) to work on /home/airflow/.local/lib/python3.12/site-packages/airflow/example_dags/example_dynamic_task_mapping_with_no_taskflow_operators.py
[2025-11-09T21:57:17.994+0000] {processor.py:914} INFO - Processing file /home/airflow/.local/lib/python3.12/site-packages/airflow/example_dags/example_dynamic_task_mapping_with_no_taskflow_operators.py for tasks to queue
[2025-11-09T21:57:18.000+0000] {logging_mixin.py:190} INFO - [2025-11-09T21:57:18.000+0000] {dagbag.py:588} INFO - Filling up the DagBag from /home/airflow/.local/lib/python3.12/site-packages/airflow/example_dags/example_dynamic_task_mapping_with_no_taskflow_operators.py
[2025-11-09T21:57:18.014+0000] {processor.py:925} INFO - DAG(s) 'example_dynamic_task_mapping_with_no_taskflow_operators' retrieved from /home/airflow/.local/lib/python3.12/site-packages/airflow/example_dags/example_dynamic_task_mapping_with_no_taskflow_operators.py
[2025-11-09T21:57:18.055+0000] {logging_mixin.py:190} INFO - [2025-11-09T21:57:18.054+0000] {dag.py:3239} INFO - Sync 1 DAGs
[2025-11-09T21:57:18.079+0000] {logging_mixin.py:190} INFO - [2025-11-09T21:57:18.079+0000] {dag.py:4180} INFO - Setting next_dagrun for example_dynamic_task_mapping_with_no_taskflow_operators to None, run_after=None
[2025-11-09T21:57:18.109+0000] {processor.py:208} INFO - Processing /home/airflow/.local/lib/python3.12/site-packages/airflow/example_dags/example_dynamic_task_mapping_with_no_taskflow_operators.py took 0.129 seconds
[2025-11-09T21:57:48.659+0000] {processor.py:186} INFO - Started process (PID=6279) to work on /home/airflow/.local/lib/python3.12/site-packages/airflow/example_dags/example_dynamic_task_mapping_with_no_taskflow_operators.py
[2025-11-09T21:57:48.661+0000] {processor.py:914} INFO - Processing file /home/airflow/.local/lib/python3.12/site-packages/airflow/example_dags/example_dynamic_task_mapping_with_no_taskflow_operators.py for tasks to queue
[2025-11-09T21:57:48.667+0000] {logging_mixin.py:190} INFO - [2025-11-09T21:57:48.666+0000] {dagbag.py:588} INFO - Filling up the DagBag from /home/airflow/.local/lib/python3.12/site-packages/airflow/example_dags/example_dynamic_task_mapping_with_no_taskflow_operators.py
[2025-11-09T21:57:48.679+0000] {processor.py:925} INFO - DAG(s) 'example_dynamic_task_mapping_with_no_taskflow_operators' retrieved from /home/airflow/.local/lib/python3.12/site-packages/airflow/example_dags/example_dynamic_task_mapping_with_no_taskflow_operators.py
[2025-11-09T21:57:48.713+0000] {logging_mixin.py:190} INFO - [2025-11-09T21:57:48.712+0000] {dag.py:3239} INFO - Sync 1 DAGs
[2025-11-09T21:57:48.738+0000] {logging_mixin.py:190} INFO - [2025-11-09T21:57:48.737+0000] {dag.py:4180} INFO - Setting next_dagrun for example_dynamic_task_mapping_with_no_taskflow_operators to None, run_after=None
[2025-11-09T21:57:48.771+0000] {processor.py:208} INFO - Processing /home/airflow/.local/lib/python3.12/site-packages/airflow/example_dags/example_dynamic_task_mapping_with_no_taskflow_operators.py took 0.122 seconds
[2025-11-09T21:58:19.149+0000] {processor.py:186} INFO - Started process (PID=6343) to work on /home/airflow/.local/lib/python3.12/site-packages/airflow/example_dags/example_dynamic_task_mapping_with_no_taskflow_operators.py
[2025-11-09T21:58:19.152+0000] {processor.py:914} INFO - Processing file /home/airflow/.local/lib/python3.12/site-packages/airflow/example_dags/example_dynamic_task_mapping_with_no_taskflow_operators.py for tasks to queue
[2025-11-09T21:58:19.162+0000] {logging_mixin.py:190} INFO - [2025-11-09T21:58:19.161+0000] {dagbag.py:588} INFO - Filling up the DagBag from /home/airflow/.local/lib/python3.12/site-packages/airflow/example_dags/example_dynamic_task_mapping_with_no_taskflow_operators.py
[2025-11-09T21:58:19.186+0000] {processor.py:925} INFO - DAG(s) 'example_dynamic_task_mapping_with_no_taskflow_operators' retrieved from /home/airflow/.local/lib/python3.12/site-packages/airflow/example_dags/example_dynamic_task_mapping_with_no_taskflow_operators.py
[2025-11-09T21:58:19.244+0000] {logging_mixin.py:190} INFO - [2025-11-09T21:58:19.244+0000] {dag.py:3239} INFO - Sync 1 DAGs
[2025-11-09T21:58:19.276+0000] {logging_mixin.py:190} INFO - [2025-11-09T21:58:19.276+0000] {dag.py:4180} INFO - Setting next_dagrun for example_dynamic_task_mapping_with_no_taskflow_operators to None, run_after=None
[2025-11-09T21:58:19.323+0000] {processor.py:208} INFO - Processing /home/airflow/.local/lib/python3.12/site-packages/airflow/example_dags/example_dynamic_task_mapping_with_no_taskflow_operators.py took 0.191 seconds
[2025-11-09T21:58:49.813+0000] {processor.py:186} INFO - Started process (PID=6407) to work on /home/airflow/.local/lib/python3.12/site-packages/airflow/example_dags/example_dynamic_task_mapping_with_no_taskflow_operators.py
[2025-11-09T21:58:49.815+0000] {processor.py:914} INFO - Processing file /home/airflow/.local/lib/python3.12/site-packages/airflow/example_dags/example_dynamic_task_mapping_with_no_taskflow_operators.py for tasks to queue
[2025-11-09T21:58:49.822+0000] {logging_mixin.py:190} INFO - [2025-11-09T21:58:49.821+0000] {dagbag.py:588} INFO - Filling up the DagBag from /home/airflow/.local/lib/python3.12/site-packages/airflow/example_dags/example_dynamic_task_mapping_with_no_taskflow_operators.py
[2025-11-09T21:58:49.840+0000] {processor.py:925} INFO - DAG(s) 'example_dynamic_task_mapping_with_no_taskflow_operators' retrieved from /home/airflow/.local/lib/python3.12/site-packages/airflow/example_dags/example_dynamic_task_mapping_with_no_taskflow_operators.py
[2025-11-09T21:58:49.883+0000] {logging_mixin.py:190} INFO - [2025-11-09T21:58:49.882+0000] {dag.py:3239} INFO - Sync 1 DAGs
[2025-11-09T21:58:49.943+0000] {logging_mixin.py:190} INFO - [2025-11-09T21:58:49.943+0000] {dag.py:4180} INFO - Setting next_dagrun for example_dynamic_task_mapping_with_no_taskflow_operators to None, run_after=None
[2025-11-09T21:58:49.979+0000] {processor.py:208} INFO - Processing /home/airflow/.local/lib/python3.12/site-packages/airflow/example_dags/example_dynamic_task_mapping_with_no_taskflow_operators.py took 0.179 seconds
[2025-11-09T21:59:20.102+0000] {processor.py:186} INFO - Started process (PID=6469) to work on /home/airflow/.local/lib/python3.12/site-packages/airflow/example_dags/example_dynamic_task_mapping_with_no_taskflow_operators.py
[2025-11-09T21:59:20.104+0000] {processor.py:914} INFO - Processing file /home/airflow/.local/lib/python3.12/site-packages/airflow/example_dags/example_dynamic_task_mapping_with_no_taskflow_operators.py for tasks to queue
[2025-11-09T21:59:20.111+0000] {logging_mixin.py:190} INFO - [2025-11-09T21:59:20.110+0000] {dagbag.py:588} INFO - Filling up the DagBag from /home/airflow/.local/lib/python3.12/site-packages/airflow/example_dags/example_dynamic_task_mapping_with_no_taskflow_operators.py
[2025-11-09T21:59:20.128+0000] {processor.py:925} INFO - DAG(s) 'example_dynamic_task_mapping_with_no_taskflow_operators' retrieved from /home/airflow/.local/lib/python3.12/site-packages/airflow/example_dags/example_dynamic_task_mapping_with_no_taskflow_operators.py
[2025-11-09T21:59:20.175+0000] {logging_mixin.py:190} INFO - [2025-11-09T21:59:20.174+0000] {dag.py:3239} INFO - Sync 1 DAGs
[2025-11-09T21:59:20.209+0000] {logging_mixin.py:190} INFO - [2025-11-09T21:59:20.208+0000] {dag.py:4180} INFO - Setting next_dagrun for example_dynamic_task_mapping_with_no_taskflow_operators to None, run_after=None
[2025-11-09T21:59:20.245+0000] {processor.py:208} INFO - Processing /home/airflow/.local/lib/python3.12/site-packages/airflow/example_dags/example_dynamic_task_mapping_with_no_taskflow_operators.py took 0.153 seconds
[2025-11-09T21:59:50.950+0000] {processor.py:186} INFO - Started process (PID=6533) to work on /home/airflow/.local/lib/python3.12/site-packages/airflow/example_dags/example_dynamic_task_mapping_with_no_taskflow_operators.py
[2025-11-09T21:59:50.951+0000] {processor.py:914} INFO - Processing file /home/airflow/.local/lib/python3.12/site-packages/airflow/example_dags/example_dynamic_task_mapping_with_no_taskflow_operators.py for tasks to queue
[2025-11-09T21:59:50.956+0000] {logging_mixin.py:190} INFO - [2025-11-09T21:59:50.956+0000] {dagbag.py:588} INFO - Filling up the DagBag from /home/airflow/.local/lib/python3.12/site-packages/airflow/example_dags/example_dynamic_task_mapping_with_no_taskflow_operators.py
[2025-11-09T21:59:50.970+0000] {processor.py:925} INFO - DAG(s) 'example_dynamic_task_mapping_with_no_taskflow_operators' retrieved from /home/airflow/.local/lib/python3.12/site-packages/airflow/example_dags/example_dynamic_task_mapping_with_no_taskflow_operators.py
[2025-11-09T21:59:51.005+0000] {logging_mixin.py:190} INFO - [2025-11-09T21:59:51.005+0000] {dag.py:3239} INFO - Sync 1 DAGs
[2025-11-09T21:59:51.029+0000] {logging_mixin.py:190} INFO - [2025-11-09T21:59:51.029+0000] {dag.py:4180} INFO - Setting next_dagrun for example_dynamic_task_mapping_with_no_taskflow_operators to None, run_after=None
[2025-11-09T21:59:51.059+0000] {processor.py:208} INFO - Processing /home/airflow/.local/lib/python3.12/site-packages/airflow/example_dags/example_dynamic_task_mapping_with_no_taskflow_operators.py took 0.119 seconds
[2025-11-09T22:00:21.431+0000] {processor.py:186} INFO - Started process (PID=6598) to work on /home/airflow/.local/lib/python3.12/site-packages/airflow/example_dags/example_dynamic_task_mapping_with_no_taskflow_operators.py
[2025-11-09T22:00:21.434+0000] {processor.py:914} INFO - Processing file /home/airflow/.local/lib/python3.12/site-packages/airflow/example_dags/example_dynamic_task_mapping_with_no_taskflow_operators.py for tasks to queue
[2025-11-09T22:00:21.443+0000] {logging_mixin.py:190} INFO - [2025-11-09T22:00:21.442+0000] {dagbag.py:588} INFO - Filling up the DagBag from /home/airflow/.local/lib/python3.12/site-packages/airflow/example_dags/example_dynamic_task_mapping_with_no_taskflow_operators.py
[2025-11-09T22:00:21.467+0000] {processor.py:925} INFO - DAG(s) 'example_dynamic_task_mapping_with_no_taskflow_operators' retrieved from /home/airflow/.local/lib/python3.12/site-packages/airflow/example_dags/example_dynamic_task_mapping_with_no_taskflow_operators.py
[2025-11-09T22:00:21.524+0000] {logging_mixin.py:190} INFO - [2025-11-09T22:00:21.524+0000] {dag.py:3239} INFO - Sync 1 DAGs
[2025-11-09T22:00:21.556+0000] {logging_mixin.py:190} INFO - [2025-11-09T22:00:21.556+0000] {dag.py:4180} INFO - Setting next_dagrun for example_dynamic_task_mapping_with_no_taskflow_operators to None, run_after=None
[2025-11-09T22:00:21.605+0000] {processor.py:208} INFO - Processing /home/airflow/.local/lib/python3.12/site-packages/airflow/example_dags/example_dynamic_task_mapping_with_no_taskflow_operators.py took 0.193 seconds
[2025-11-09T22:00:52.497+0000] {processor.py:186} INFO - Started process (PID=6661) to work on /home/airflow/.local/lib/python3.12/site-packages/airflow/example_dags/example_dynamic_task_mapping_with_no_taskflow_operators.py
[2025-11-09T22:00:52.499+0000] {processor.py:914} INFO - Processing file /home/airflow/.local/lib/python3.12/site-packages/airflow/example_dags/example_dynamic_task_mapping_with_no_taskflow_operators.py for tasks to queue
[2025-11-09T22:00:52.505+0000] {logging_mixin.py:190} INFO - [2025-11-09T22:00:52.503+0000] {dagbag.py:588} INFO - Filling up the DagBag from /home/airflow/.local/lib/python3.12/site-packages/airflow/example_dags/example_dynamic_task_mapping_with_no_taskflow_operators.py
[2025-11-09T22:00:52.519+0000] {processor.py:925} INFO - DAG(s) 'example_dynamic_task_mapping_with_no_taskflow_operators' retrieved from /home/airflow/.local/lib/python3.12/site-packages/airflow/example_dags/example_dynamic_task_mapping_with_no_taskflow_operators.py
[2025-11-09T22:00:52.557+0000] {logging_mixin.py:190} INFO - [2025-11-09T22:00:52.556+0000] {dag.py:3239} INFO - Sync 1 DAGs
[2025-11-09T22:00:52.580+0000] {logging_mixin.py:190} INFO - [2025-11-09T22:00:52.580+0000] {dag.py:4180} INFO - Setting next_dagrun for example_dynamic_task_mapping_with_no_taskflow_operators to None, run_after=None
[2025-11-09T22:00:52.614+0000] {processor.py:208} INFO - Processing /home/airflow/.local/lib/python3.12/site-packages/airflow/example_dags/example_dynamic_task_mapping_with_no_taskflow_operators.py took 0.128 seconds
[2025-11-09T22:01:23.107+0000] {processor.py:186} INFO - Started process (PID=6725) to work on /home/airflow/.local/lib/python3.12/site-packages/airflow/example_dags/example_dynamic_task_mapping_with_no_taskflow_operators.py
[2025-11-09T22:01:23.109+0000] {processor.py:914} INFO - Processing file /home/airflow/.local/lib/python3.12/site-packages/airflow/example_dags/example_dynamic_task_mapping_with_no_taskflow_operators.py for tasks to queue
[2025-11-09T22:01:23.115+0000] {logging_mixin.py:190} INFO - [2025-11-09T22:01:23.114+0000] {dagbag.py:588} INFO - Filling up the DagBag from /home/airflow/.local/lib/python3.12/site-packages/airflow/example_dags/example_dynamic_task_mapping_with_no_taskflow_operators.py
[2025-11-09T22:01:23.133+0000] {processor.py:925} INFO - DAG(s) 'example_dynamic_task_mapping_with_no_taskflow_operators' retrieved from /home/airflow/.local/lib/python3.12/site-packages/airflow/example_dags/example_dynamic_task_mapping_with_no_taskflow_operators.py
[2025-11-09T22:01:23.176+0000] {logging_mixin.py:190} INFO - [2025-11-09T22:01:23.175+0000] {dag.py:3239} INFO - Sync 1 DAGs
[2025-11-09T22:01:23.207+0000] {logging_mixin.py:190} INFO - [2025-11-09T22:01:23.206+0000] {dag.py:4180} INFO - Setting next_dagrun for example_dynamic_task_mapping_with_no_taskflow_operators to None, run_after=None
[2025-11-09T22:01:23.241+0000] {processor.py:208} INFO - Processing /home/airflow/.local/lib/python3.12/site-packages/airflow/example_dags/example_dynamic_task_mapping_with_no_taskflow_operators.py took 0.147 seconds
[2025-11-09T22:01:53.413+0000] {processor.py:186} INFO - Started process (PID=6789) to work on /home/airflow/.local/lib/python3.12/site-packages/airflow/example_dags/example_dynamic_task_mapping_with_no_taskflow_operators.py
[2025-11-09T22:01:53.416+0000] {processor.py:914} INFO - Processing file /home/airflow/.local/lib/python3.12/site-packages/airflow/example_dags/example_dynamic_task_mapping_with_no_taskflow_operators.py for tasks to queue
[2025-11-09T22:01:53.422+0000] {logging_mixin.py:190} INFO - [2025-11-09T22:01:53.421+0000] {dagbag.py:588} INFO - Filling up the DagBag from /home/airflow/.local/lib/python3.12/site-packages/airflow/example_dags/example_dynamic_task_mapping_with_no_taskflow_operators.py
[2025-11-09T22:01:53.449+0000] {processor.py:925} INFO - DAG(s) 'example_dynamic_task_mapping_with_no_taskflow_operators' retrieved from /home/airflow/.local/lib/python3.12/site-packages/airflow/example_dags/example_dynamic_task_mapping_with_no_taskflow_operators.py
[2025-11-09T22:01:53.501+0000] {logging_mixin.py:190} INFO - [2025-11-09T22:01:53.501+0000] {dag.py:3239} INFO - Sync 1 DAGs
[2025-11-09T22:01:53.531+0000] {logging_mixin.py:190} INFO - [2025-11-09T22:01:53.531+0000] {dag.py:4180} INFO - Setting next_dagrun for example_dynamic_task_mapping_with_no_taskflow_operators to None, run_after=None
[2025-11-09T22:01:53.574+0000] {processor.py:208} INFO - Processing /home/airflow/.local/lib/python3.12/site-packages/airflow/example_dags/example_dynamic_task_mapping_with_no_taskflow_operators.py took 0.178 seconds
[2025-11-09T22:02:23.986+0000] {processor.py:186} INFO - Started process (PID=6852) to work on /home/airflow/.local/lib/python3.12/site-packages/airflow/example_dags/example_dynamic_task_mapping_with_no_taskflow_operators.py
[2025-11-09T22:02:23.988+0000] {processor.py:914} INFO - Processing file /home/airflow/.local/lib/python3.12/site-packages/airflow/example_dags/example_dynamic_task_mapping_with_no_taskflow_operators.py for tasks to queue
[2025-11-09T22:02:23.994+0000] {logging_mixin.py:190} INFO - [2025-11-09T22:02:23.994+0000] {dagbag.py:588} INFO - Filling up the DagBag from /home/airflow/.local/lib/python3.12/site-packages/airflow/example_dags/example_dynamic_task_mapping_with_no_taskflow_operators.py
[2025-11-09T22:02:24.016+0000] {processor.py:925} INFO - DAG(s) 'example_dynamic_task_mapping_with_no_taskflow_operators' retrieved from /home/airflow/.local/lib/python3.12/site-packages/airflow/example_dags/example_dynamic_task_mapping_with_no_taskflow_operators.py
[2025-11-09T22:02:24.074+0000] {logging_mixin.py:190} INFO - [2025-11-09T22:02:24.073+0000] {dag.py:3239} INFO - Sync 1 DAGs
[2025-11-09T22:02:24.112+0000] {logging_mixin.py:190} INFO - [2025-11-09T22:02:24.112+0000] {dag.py:4180} INFO - Setting next_dagrun for example_dynamic_task_mapping_with_no_taskflow_operators to None, run_after=None
[2025-11-09T22:02:24.155+0000] {processor.py:208} INFO - Processing /home/airflow/.local/lib/python3.12/site-packages/airflow/example_dags/example_dynamic_task_mapping_with_no_taskflow_operators.py took 0.183 seconds
[2025-11-09T22:02:54.499+0000] {processor.py:186} INFO - Started process (PID=6916) to work on /home/airflow/.local/lib/python3.12/site-packages/airflow/example_dags/example_dynamic_task_mapping_with_no_taskflow_operators.py
[2025-11-09T22:02:54.501+0000] {processor.py:914} INFO - Processing file /home/airflow/.local/lib/python3.12/site-packages/airflow/example_dags/example_dynamic_task_mapping_with_no_taskflow_operators.py for tasks to queue
[2025-11-09T22:02:54.508+0000] {logging_mixin.py:190} INFO - [2025-11-09T22:02:54.507+0000] {dagbag.py:588} INFO - Filling up the DagBag from /home/airflow/.local/lib/python3.12/site-packages/airflow/example_dags/example_dynamic_task_mapping_with_no_taskflow_operators.py
[2025-11-09T22:02:54.529+0000] {processor.py:925} INFO - DAG(s) 'example_dynamic_task_mapping_with_no_taskflow_operators' retrieved from /home/airflow/.local/lib/python3.12/site-packages/airflow/example_dags/example_dynamic_task_mapping_with_no_taskflow_operators.py
[2025-11-09T22:02:54.575+0000] {logging_mixin.py:190} INFO - [2025-11-09T22:02:54.574+0000] {dag.py:3239} INFO - Sync 1 DAGs
[2025-11-09T22:02:54.605+0000] {logging_mixin.py:190} INFO - [2025-11-09T22:02:54.604+0000] {dag.py:4180} INFO - Setting next_dagrun for example_dynamic_task_mapping_with_no_taskflow_operators to None, run_after=None
[2025-11-09T22:02:54.637+0000] {processor.py:208} INFO - Processing /home/airflow/.local/lib/python3.12/site-packages/airflow/example_dags/example_dynamic_task_mapping_with_no_taskflow_operators.py took 0.152 seconds
[2025-11-09T22:03:24.764+0000] {processor.py:186} INFO - Started process (PID=6979) to work on /home/airflow/.local/lib/python3.12/site-packages/airflow/example_dags/example_dynamic_task_mapping_with_no_taskflow_operators.py
[2025-11-09T22:03:24.767+0000] {processor.py:914} INFO - Processing file /home/airflow/.local/lib/python3.12/site-packages/airflow/example_dags/example_dynamic_task_mapping_with_no_taskflow_operators.py for tasks to queue
[2025-11-09T22:03:24.775+0000] {logging_mixin.py:190} INFO - [2025-11-09T22:03:24.774+0000] {dagbag.py:588} INFO - Filling up the DagBag from /home/airflow/.local/lib/python3.12/site-packages/airflow/example_dags/example_dynamic_task_mapping_with_no_taskflow_operators.py
[2025-11-09T22:03:24.797+0000] {processor.py:925} INFO - DAG(s) 'example_dynamic_task_mapping_with_no_taskflow_operators' retrieved from /home/airflow/.local/lib/python3.12/site-packages/airflow/example_dags/example_dynamic_task_mapping_with_no_taskflow_operators.py
[2025-11-09T22:03:24.847+0000] {logging_mixin.py:190} INFO - [2025-11-09T22:03:24.847+0000] {dag.py:3239} INFO - Sync 1 DAGs
[2025-11-09T22:03:24.884+0000] {logging_mixin.py:190} INFO - [2025-11-09T22:03:24.884+0000] {dag.py:4180} INFO - Setting next_dagrun for example_dynamic_task_mapping_with_no_taskflow_operators to None, run_after=None
[2025-11-09T22:03:24.922+0000] {processor.py:208} INFO - Processing /home/airflow/.local/lib/python3.12/site-packages/airflow/example_dags/example_dynamic_task_mapping_with_no_taskflow_operators.py took 0.172 seconds
[2025-11-09T22:03:55.083+0000] {processor.py:186} INFO - Started process (PID=7042) to work on /home/airflow/.local/lib/python3.12/site-packages/airflow/example_dags/example_dynamic_task_mapping_with_no_taskflow_operators.py
[2025-11-09T22:03:55.085+0000] {processor.py:914} INFO - Processing file /home/airflow/.local/lib/python3.12/site-packages/airflow/example_dags/example_dynamic_task_mapping_with_no_taskflow_operators.py for tasks to queue
[2025-11-09T22:03:55.092+0000] {logging_mixin.py:190} INFO - [2025-11-09T22:03:55.091+0000] {dagbag.py:588} INFO - Filling up the DagBag from /home/airflow/.local/lib/python3.12/site-packages/airflow/example_dags/example_dynamic_task_mapping_with_no_taskflow_operators.py
[2025-11-09T22:03:55.112+0000] {processor.py:925} INFO - DAG(s) 'example_dynamic_task_mapping_with_no_taskflow_operators' retrieved from /home/airflow/.local/lib/python3.12/site-packages/airflow/example_dags/example_dynamic_task_mapping_with_no_taskflow_operators.py
[2025-11-09T22:03:55.149+0000] {logging_mixin.py:190} INFO - [2025-11-09T22:03:55.149+0000] {dag.py:3239} INFO - Sync 1 DAGs
[2025-11-09T22:03:55.178+0000] {logging_mixin.py:190} INFO - [2025-11-09T22:03:55.178+0000] {dag.py:4180} INFO - Setting next_dagrun for example_dynamic_task_mapping_with_no_taskflow_operators to None, run_after=None
[2025-11-09T22:03:55.215+0000] {processor.py:208} INFO - Processing /home/airflow/.local/lib/python3.12/site-packages/airflow/example_dags/example_dynamic_task_mapping_with_no_taskflow_operators.py took 0.143 seconds
[2025-11-09T22:04:25.529+0000] {processor.py:186} INFO - Started process (PID=7106) to work on /home/airflow/.local/lib/python3.12/site-packages/airflow/example_dags/example_dynamic_task_mapping_with_no_taskflow_operators.py
[2025-11-09T22:04:25.531+0000] {processor.py:914} INFO - Processing file /home/airflow/.local/lib/python3.12/site-packages/airflow/example_dags/example_dynamic_task_mapping_with_no_taskflow_operators.py for tasks to queue
[2025-11-09T22:04:25.538+0000] {logging_mixin.py:190} INFO - [2025-11-09T22:04:25.538+0000] {dagbag.py:588} INFO - Filling up the DagBag from /home/airflow/.local/lib/python3.12/site-packages/airflow/example_dags/example_dynamic_task_mapping_with_no_taskflow_operators.py
[2025-11-09T22:04:25.554+0000] {processor.py:925} INFO - DAG(s) 'example_dynamic_task_mapping_with_no_taskflow_operators' retrieved from /home/airflow/.local/lib/python3.12/site-packages/airflow/example_dags/example_dynamic_task_mapping_with_no_taskflow_operators.py
[2025-11-09T22:04:25.599+0000] {logging_mixin.py:190} INFO - [2025-11-09T22:04:25.599+0000] {dag.py:3239} INFO - Sync 1 DAGs
[2025-11-09T22:04:25.632+0000] {logging_mixin.py:190} INFO - [2025-11-09T22:04:25.632+0000] {dag.py:4180} INFO - Setting next_dagrun for example_dynamic_task_mapping_with_no_taskflow_operators to None, run_after=None
[2025-11-09T22:04:25.670+0000] {processor.py:208} INFO - Processing /home/airflow/.local/lib/python3.12/site-packages/airflow/example_dags/example_dynamic_task_mapping_with_no_taskflow_operators.py took 0.156 seconds
[2025-11-09T22:04:56.478+0000] {processor.py:186} INFO - Started process (PID=7170) to work on /home/airflow/.local/lib/python3.12/site-packages/airflow/example_dags/example_dynamic_task_mapping_with_no_taskflow_operators.py
[2025-11-09T22:04:56.480+0000] {processor.py:914} INFO - Processing file /home/airflow/.local/lib/python3.12/site-packages/airflow/example_dags/example_dynamic_task_mapping_with_no_taskflow_operators.py for tasks to queue
[2025-11-09T22:04:56.487+0000] {logging_mixin.py:190} INFO - [2025-11-09T22:04:56.486+0000] {dagbag.py:588} INFO - Filling up the DagBag from /home/airflow/.local/lib/python3.12/site-packages/airflow/example_dags/example_dynamic_task_mapping_with_no_taskflow_operators.py
[2025-11-09T22:04:56.502+0000] {processor.py:925} INFO - DAG(s) 'example_dynamic_task_mapping_with_no_taskflow_operators' retrieved from /home/airflow/.local/lib/python3.12/site-packages/airflow/example_dags/example_dynamic_task_mapping_with_no_taskflow_operators.py
[2025-11-09T22:04:56.544+0000] {logging_mixin.py:190} INFO - [2025-11-09T22:04:56.543+0000] {dag.py:3239} INFO - Sync 1 DAGs
[2025-11-09T22:04:56.571+0000] {logging_mixin.py:190} INFO - [2025-11-09T22:04:56.570+0000] {dag.py:4180} INFO - Setting next_dagrun for example_dynamic_task_mapping_with_no_taskflow_operators to None, run_after=None
[2025-11-09T22:04:56.607+0000] {processor.py:208} INFO - Processing /home/airflow/.local/lib/python3.12/site-packages/airflow/example_dags/example_dynamic_task_mapping_with_no_taskflow_operators.py took 0.139 seconds
[2025-11-09T22:05:27.380+0000] {processor.py:186} INFO - Started process (PID=7234) to work on /home/airflow/.local/lib/python3.12/site-packages/airflow/example_dags/example_dynamic_task_mapping_with_no_taskflow_operators.py
[2025-11-09T22:05:27.382+0000] {processor.py:914} INFO - Processing file /home/airflow/.local/lib/python3.12/site-packages/airflow/example_dags/example_dynamic_task_mapping_with_no_taskflow_operators.py for tasks to queue
[2025-11-09T22:05:27.387+0000] {logging_mixin.py:190} INFO - [2025-11-09T22:05:27.386+0000] {dagbag.py:588} INFO - Filling up the DagBag from /home/airflow/.local/lib/python3.12/site-packages/airflow/example_dags/example_dynamic_task_mapping_with_no_taskflow_operators.py
[2025-11-09T22:05:27.406+0000] {processor.py:925} INFO - DAG(s) 'example_dynamic_task_mapping_with_no_taskflow_operators' retrieved from /home/airflow/.local/lib/python3.12/site-packages/airflow/example_dags/example_dynamic_task_mapping_with_no_taskflow_operators.py
[2025-11-09T22:05:27.447+0000] {logging_mixin.py:190} INFO - [2025-11-09T22:05:27.447+0000] {dag.py:3239} INFO - Sync 1 DAGs
[2025-11-09T22:05:27.482+0000] {logging_mixin.py:190} INFO - [2025-11-09T22:05:27.482+0000] {dag.py:4180} INFO - Setting next_dagrun for example_dynamic_task_mapping_with_no_taskflow_operators to None, run_after=None
[2025-11-09T22:05:27.521+0000] {processor.py:208} INFO - Processing /home/airflow/.local/lib/python3.12/site-packages/airflow/example_dags/example_dynamic_task_mapping_with_no_taskflow_operators.py took 0.152 seconds
[2025-11-09T22:05:57.940+0000] {processor.py:186} INFO - Started process (PID=7297) to work on /home/airflow/.local/lib/python3.12/site-packages/airflow/example_dags/example_dynamic_task_mapping_with_no_taskflow_operators.py
[2025-11-09T22:05:57.943+0000] {processor.py:914} INFO - Processing file /home/airflow/.local/lib/python3.12/site-packages/airflow/example_dags/example_dynamic_task_mapping_with_no_taskflow_operators.py for tasks to queue
[2025-11-09T22:05:57.953+0000] {logging_mixin.py:190} INFO - [2025-11-09T22:05:57.952+0000] {dagbag.py:588} INFO - Filling up the DagBag from /home/airflow/.local/lib/python3.12/site-packages/airflow/example_dags/example_dynamic_task_mapping_with_no_taskflow_operators.py
[2025-11-09T22:05:57.985+0000] {processor.py:925} INFO - DAG(s) 'example_dynamic_task_mapping_with_no_taskflow_operators' retrieved from /home/airflow/.local/lib/python3.12/site-packages/airflow/example_dags/example_dynamic_task_mapping_with_no_taskflow_operators.py
[2025-11-09T22:05:58.052+0000] {logging_mixin.py:190} INFO - [2025-11-09T22:05:58.052+0000] {dag.py:3239} INFO - Sync 1 DAGs
[2025-11-09T22:05:58.108+0000] {logging_mixin.py:190} INFO - [2025-11-09T22:05:58.108+0000] {dag.py:4180} INFO - Setting next_dagrun for example_dynamic_task_mapping_with_no_taskflow_operators to None, run_after=None
[2025-11-09T22:05:58.165+0000] {processor.py:208} INFO - Processing /home/airflow/.local/lib/python3.12/site-packages/airflow/example_dags/example_dynamic_task_mapping_with_no_taskflow_operators.py took 0.239 seconds
[2025-11-09T22:06:28.386+0000] {processor.py:186} INFO - Started process (PID=7361) to work on /home/airflow/.local/lib/python3.12/site-packages/airflow/example_dags/example_dynamic_task_mapping_with_no_taskflow_operators.py
[2025-11-09T22:06:28.388+0000] {processor.py:914} INFO - Processing file /home/airflow/.local/lib/python3.12/site-packages/airflow/example_dags/example_dynamic_task_mapping_with_no_taskflow_operators.py for tasks to queue
[2025-11-09T22:06:28.394+0000] {logging_mixin.py:190} INFO - [2025-11-09T22:06:28.393+0000] {dagbag.py:588} INFO - Filling up the DagBag from /home/airflow/.local/lib/python3.12/site-packages/airflow/example_dags/example_dynamic_task_mapping_with_no_taskflow_operators.py
[2025-11-09T22:06:28.413+0000] {processor.py:925} INFO - DAG(s) 'example_dynamic_task_mapping_with_no_taskflow_operators' retrieved from /home/airflow/.local/lib/python3.12/site-packages/airflow/example_dags/example_dynamic_task_mapping_with_no_taskflow_operators.py
[2025-11-09T22:06:28.455+0000] {logging_mixin.py:190} INFO - [2025-11-09T22:06:28.454+0000] {dag.py:3239} INFO - Sync 1 DAGs
[2025-11-09T22:06:28.485+0000] {logging_mixin.py:190} INFO - [2025-11-09T22:06:28.485+0000] {dag.py:4180} INFO - Setting next_dagrun for example_dynamic_task_mapping_with_no_taskflow_operators to None, run_after=None
[2025-11-09T22:06:28.522+0000] {processor.py:208} INFO - Processing /home/airflow/.local/lib/python3.12/site-packages/airflow/example_dags/example_dynamic_task_mapping_with_no_taskflow_operators.py took 0.149 seconds
[2025-11-09T22:06:59.240+0000] {processor.py:186} INFO - Started process (PID=7425) to work on /home/airflow/.local/lib/python3.12/site-packages/airflow/example_dags/example_dynamic_task_mapping_with_no_taskflow_operators.py
[2025-11-09T22:06:59.243+0000] {processor.py:914} INFO - Processing file /home/airflow/.local/lib/python3.12/site-packages/airflow/example_dags/example_dynamic_task_mapping_with_no_taskflow_operators.py for tasks to queue
[2025-11-09T22:06:59.251+0000] {logging_mixin.py:190} INFO - [2025-11-09T22:06:59.250+0000] {dagbag.py:588} INFO - Filling up the DagBag from /home/airflow/.local/lib/python3.12/site-packages/airflow/example_dags/example_dynamic_task_mapping_with_no_taskflow_operators.py
[2025-11-09T22:06:59.270+0000] {processor.py:925} INFO - DAG(s) 'example_dynamic_task_mapping_with_no_taskflow_operators' retrieved from /home/airflow/.local/lib/python3.12/site-packages/airflow/example_dags/example_dynamic_task_mapping_with_no_taskflow_operators.py
[2025-11-09T22:06:59.315+0000] {logging_mixin.py:190} INFO - [2025-11-09T22:06:59.315+0000] {dag.py:3239} INFO - Sync 1 DAGs
[2025-11-09T22:06:59.348+0000] {logging_mixin.py:190} INFO - [2025-11-09T22:06:59.347+0000] {dag.py:4180} INFO - Setting next_dagrun for example_dynamic_task_mapping_with_no_taskflow_operators to None, run_after=None
[2025-11-09T22:06:59.387+0000] {processor.py:208} INFO - Processing /home/airflow/.local/lib/python3.12/site-packages/airflow/example_dags/example_dynamic_task_mapping_with_no_taskflow_operators.py took 0.163 seconds
[2025-11-09T22:07:30.171+0000] {processor.py:186} INFO - Started process (PID=7488) to work on /home/airflow/.local/lib/python3.12/site-packages/airflow/example_dags/example_dynamic_task_mapping_with_no_taskflow_operators.py
[2025-11-09T22:07:30.173+0000] {processor.py:914} INFO - Processing file /home/airflow/.local/lib/python3.12/site-packages/airflow/example_dags/example_dynamic_task_mapping_with_no_taskflow_operators.py for tasks to queue
[2025-11-09T22:07:30.181+0000] {logging_mixin.py:190} INFO - [2025-11-09T22:07:30.180+0000] {dagbag.py:588} INFO - Filling up the DagBag from /home/airflow/.local/lib/python3.12/site-packages/airflow/example_dags/example_dynamic_task_mapping_with_no_taskflow_operators.py
[2025-11-09T22:07:30.198+0000] {processor.py:925} INFO - DAG(s) 'example_dynamic_task_mapping_with_no_taskflow_operators' retrieved from /home/airflow/.local/lib/python3.12/site-packages/airflow/example_dags/example_dynamic_task_mapping_with_no_taskflow_operators.py
[2025-11-09T22:07:30.239+0000] {logging_mixin.py:190} INFO - [2025-11-09T22:07:30.239+0000] {dag.py:3239} INFO - Sync 1 DAGs
[2025-11-09T22:07:30.269+0000] {logging_mixin.py:190} INFO - [2025-11-09T22:07:30.269+0000] {dag.py:4180} INFO - Setting next_dagrun for example_dynamic_task_mapping_with_no_taskflow_operators to None, run_after=None
[2025-11-09T22:07:30.309+0000] {processor.py:208} INFO - Processing /home/airflow/.local/lib/python3.12/site-packages/airflow/example_dags/example_dynamic_task_mapping_with_no_taskflow_operators.py took 0.149 seconds
[2025-11-09T22:08:01.109+0000] {processor.py:186} INFO - Started process (PID=7552) to work on /home/airflow/.local/lib/python3.12/site-packages/airflow/example_dags/example_dynamic_task_mapping_with_no_taskflow_operators.py
[2025-11-09T22:08:01.115+0000] {processor.py:914} INFO - Processing file /home/airflow/.local/lib/python3.12/site-packages/airflow/example_dags/example_dynamic_task_mapping_with_no_taskflow_operators.py for tasks to queue
[2025-11-09T22:08:01.129+0000] {logging_mixin.py:190} INFO - [2025-11-09T22:08:01.127+0000] {dagbag.py:588} INFO - Filling up the DagBag from /home/airflow/.local/lib/python3.12/site-packages/airflow/example_dags/example_dynamic_task_mapping_with_no_taskflow_operators.py
[2025-11-09T22:08:01.167+0000] {processor.py:925} INFO - DAG(s) 'example_dynamic_task_mapping_with_no_taskflow_operators' retrieved from /home/airflow/.local/lib/python3.12/site-packages/airflow/example_dags/example_dynamic_task_mapping_with_no_taskflow_operators.py
[2025-11-09T22:08:01.234+0000] {logging_mixin.py:190} INFO - [2025-11-09T22:08:01.234+0000] {dag.py:3239} INFO - Sync 1 DAGs
[2025-11-09T22:08:01.275+0000] {logging_mixin.py:190} INFO - [2025-11-09T22:08:01.275+0000] {dag.py:4180} INFO - Setting next_dagrun for example_dynamic_task_mapping_with_no_taskflow_operators to None, run_after=None
[2025-11-09T22:08:01.324+0000] {processor.py:208} INFO - Processing /home/airflow/.local/lib/python3.12/site-packages/airflow/example_dags/example_dynamic_task_mapping_with_no_taskflow_operators.py took 0.242 seconds
[2025-11-09T22:08:32.262+0000] {processor.py:186} INFO - Started process (PID=7616) to work on /home/airflow/.local/lib/python3.12/site-packages/airflow/example_dags/example_dynamic_task_mapping_with_no_taskflow_operators.py
[2025-11-09T22:08:32.265+0000] {processor.py:914} INFO - Processing file /home/airflow/.local/lib/python3.12/site-packages/airflow/example_dags/example_dynamic_task_mapping_with_no_taskflow_operators.py for tasks to queue
[2025-11-09T22:08:32.275+0000] {logging_mixin.py:190} INFO - [2025-11-09T22:08:32.274+0000] {dagbag.py:588} INFO - Filling up the DagBag from /home/airflow/.local/lib/python3.12/site-packages/airflow/example_dags/example_dynamic_task_mapping_with_no_taskflow_operators.py
[2025-11-09T22:08:32.303+0000] {processor.py:925} INFO - DAG(s) 'example_dynamic_task_mapping_with_no_taskflow_operators' retrieved from /home/airflow/.local/lib/python3.12/site-packages/airflow/example_dags/example_dynamic_task_mapping_with_no_taskflow_operators.py
[2025-11-09T22:08:32.353+0000] {logging_mixin.py:190} INFO - [2025-11-09T22:08:32.352+0000] {dag.py:3239} INFO - Sync 1 DAGs
[2025-11-09T22:08:32.389+0000] {logging_mixin.py:190} INFO - [2025-11-09T22:08:32.388+0000] {dag.py:4180} INFO - Setting next_dagrun for example_dynamic_task_mapping_with_no_taskflow_operators to None, run_after=None
[2025-11-09T22:08:32.428+0000] {processor.py:208} INFO - Processing /home/airflow/.local/lib/python3.12/site-packages/airflow/example_dags/example_dynamic_task_mapping_with_no_taskflow_operators.py took 0.183 seconds
[2025-11-09T22:09:02.804+0000] {processor.py:186} INFO - Started process (PID=7680) to work on /home/airflow/.local/lib/python3.12/site-packages/airflow/example_dags/example_dynamic_task_mapping_with_no_taskflow_operators.py
[2025-11-09T22:09:02.806+0000] {processor.py:914} INFO - Processing file /home/airflow/.local/lib/python3.12/site-packages/airflow/example_dags/example_dynamic_task_mapping_with_no_taskflow_operators.py for tasks to queue
[2025-11-09T22:09:02.812+0000] {logging_mixin.py:190} INFO - [2025-11-09T22:09:02.811+0000] {dagbag.py:588} INFO - Filling up the DagBag from /home/airflow/.local/lib/python3.12/site-packages/airflow/example_dags/example_dynamic_task_mapping_with_no_taskflow_operators.py
[2025-11-09T22:09:02.828+0000] {processor.py:925} INFO - DAG(s) 'example_dynamic_task_mapping_with_no_taskflow_operators' retrieved from /home/airflow/.local/lib/python3.12/site-packages/airflow/example_dags/example_dynamic_task_mapping_with_no_taskflow_operators.py
[2025-11-09T22:09:02.879+0000] {logging_mixin.py:190} INFO - [2025-11-09T22:09:02.879+0000] {dag.py:3239} INFO - Sync 1 DAGs
[2025-11-09T22:09:02.912+0000] {logging_mixin.py:190} INFO - [2025-11-09T22:09:02.911+0000] {dag.py:4180} INFO - Setting next_dagrun for example_dynamic_task_mapping_with_no_taskflow_operators to None, run_after=None
[2025-11-09T22:09:02.950+0000] {processor.py:208} INFO - Processing /home/airflow/.local/lib/python3.12/site-packages/airflow/example_dags/example_dynamic_task_mapping_with_no_taskflow_operators.py took 0.163 seconds
[2025-11-09T22:09:33.410+0000] {processor.py:186} INFO - Started process (PID=7744) to work on /home/airflow/.local/lib/python3.12/site-packages/airflow/example_dags/example_dynamic_task_mapping_with_no_taskflow_operators.py
[2025-11-09T22:09:33.413+0000] {processor.py:914} INFO - Processing file /home/airflow/.local/lib/python3.12/site-packages/airflow/example_dags/example_dynamic_task_mapping_with_no_taskflow_operators.py for tasks to queue
[2025-11-09T22:09:33.419+0000] {logging_mixin.py:190} INFO - [2025-11-09T22:09:33.418+0000] {dagbag.py:588} INFO - Filling up the DagBag from /home/airflow/.local/lib/python3.12/site-packages/airflow/example_dags/example_dynamic_task_mapping_with_no_taskflow_operators.py
[2025-11-09T22:09:33.441+0000] {processor.py:925} INFO - DAG(s) 'example_dynamic_task_mapping_with_no_taskflow_operators' retrieved from /home/airflow/.local/lib/python3.12/site-packages/airflow/example_dags/example_dynamic_task_mapping_with_no_taskflow_operators.py
[2025-11-09T22:09:33.484+0000] {logging_mixin.py:190} INFO - [2025-11-09T22:09:33.483+0000] {dag.py:3239} INFO - Sync 1 DAGs
[2025-11-09T22:09:33.514+0000] {logging_mixin.py:190} INFO - [2025-11-09T22:09:33.513+0000] {dag.py:4180} INFO - Setting next_dagrun for example_dynamic_task_mapping_with_no_taskflow_operators to None, run_after=None
[2025-11-09T22:09:33.549+0000] {processor.py:208} INFO - Processing /home/airflow/.local/lib/python3.12/site-packages/airflow/example_dags/example_dynamic_task_mapping_with_no_taskflow_operators.py took 0.155 seconds
[2025-11-09T22:10:04.233+0000] {processor.py:186} INFO - Started process (PID=7807) to work on /home/airflow/.local/lib/python3.12/site-packages/airflow/example_dags/example_dynamic_task_mapping_with_no_taskflow_operators.py
[2025-11-09T22:10:04.236+0000] {processor.py:914} INFO - Processing file /home/airflow/.local/lib/python3.12/site-packages/airflow/example_dags/example_dynamic_task_mapping_with_no_taskflow_operators.py for tasks to queue
[2025-11-09T22:10:04.245+0000] {logging_mixin.py:190} INFO - [2025-11-09T22:10:04.243+0000] {dagbag.py:588} INFO - Filling up the DagBag from /home/airflow/.local/lib/python3.12/site-packages/airflow/example_dags/example_dynamic_task_mapping_with_no_taskflow_operators.py
[2025-11-09T22:10:04.271+0000] {processor.py:925} INFO - DAG(s) 'example_dynamic_task_mapping_with_no_taskflow_operators' retrieved from /home/airflow/.local/lib/python3.12/site-packages/airflow/example_dags/example_dynamic_task_mapping_with_no_taskflow_operators.py
[2025-11-09T22:10:04.329+0000] {logging_mixin.py:190} INFO - [2025-11-09T22:10:04.328+0000] {dag.py:3239} INFO - Sync 1 DAGs
[2025-11-09T22:10:04.369+0000] {logging_mixin.py:190} INFO - [2025-11-09T22:10:04.369+0000] {dag.py:4180} INFO - Setting next_dagrun for example_dynamic_task_mapping_with_no_taskflow_operators to None, run_after=None
[2025-11-09T22:10:04.421+0000] {processor.py:208} INFO - Processing /home/airflow/.local/lib/python3.12/site-packages/airflow/example_dags/example_dynamic_task_mapping_with_no_taskflow_operators.py took 0.207 seconds
[2025-11-09T22:10:35.078+0000] {processor.py:186} INFO - Started process (PID=7870) to work on /home/airflow/.local/lib/python3.12/site-packages/airflow/example_dags/example_dynamic_task_mapping_with_no_taskflow_operators.py
[2025-11-09T22:10:35.083+0000] {processor.py:914} INFO - Processing file /home/airflow/.local/lib/python3.12/site-packages/airflow/example_dags/example_dynamic_task_mapping_with_no_taskflow_operators.py for tasks to queue
[2025-11-09T22:10:35.106+0000] {logging_mixin.py:190} INFO - [2025-11-09T22:10:35.105+0000] {dagbag.py:588} INFO - Filling up the DagBag from /home/airflow/.local/lib/python3.12/site-packages/airflow/example_dags/example_dynamic_task_mapping_with_no_taskflow_operators.py
[2025-11-09T22:10:35.157+0000] {processor.py:925} INFO - DAG(s) 'example_dynamic_task_mapping_with_no_taskflow_operators' retrieved from /home/airflow/.local/lib/python3.12/site-packages/airflow/example_dags/example_dynamic_task_mapping_with_no_taskflow_operators.py
[2025-11-09T22:10:35.262+0000] {logging_mixin.py:190} INFO - [2025-11-09T22:10:35.261+0000] {dag.py:3239} INFO - Sync 1 DAGs
[2025-11-09T22:10:35.354+0000] {logging_mixin.py:190} INFO - [2025-11-09T22:10:35.353+0000] {dag.py:4180} INFO - Setting next_dagrun for example_dynamic_task_mapping_with_no_taskflow_operators to None, run_after=None
[2025-11-09T22:10:35.454+0000] {processor.py:208} INFO - Processing /home/airflow/.local/lib/python3.12/site-packages/airflow/example_dags/example_dynamic_task_mapping_with_no_taskflow_operators.py took 0.414 seconds
[2025-11-09T22:11:06.270+0000] {processor.py:186} INFO - Started process (PID=7934) to work on /home/airflow/.local/lib/python3.12/site-packages/airflow/example_dags/example_dynamic_task_mapping_with_no_taskflow_operators.py
[2025-11-09T22:11:06.278+0000] {processor.py:914} INFO - Processing file /home/airflow/.local/lib/python3.12/site-packages/airflow/example_dags/example_dynamic_task_mapping_with_no_taskflow_operators.py for tasks to queue
[2025-11-09T22:11:06.291+0000] {logging_mixin.py:190} INFO - [2025-11-09T22:11:06.288+0000] {dagbag.py:588} INFO - Filling up the DagBag from /home/airflow/.local/lib/python3.12/site-packages/airflow/example_dags/example_dynamic_task_mapping_with_no_taskflow_operators.py
[2025-11-09T22:11:06.333+0000] {processor.py:925} INFO - DAG(s) 'example_dynamic_task_mapping_with_no_taskflow_operators' retrieved from /home/airflow/.local/lib/python3.12/site-packages/airflow/example_dags/example_dynamic_task_mapping_with_no_taskflow_operators.py
[2025-11-09T22:11:06.405+0000] {logging_mixin.py:190} INFO - [2025-11-09T22:11:06.404+0000] {dag.py:3239} INFO - Sync 1 DAGs
[2025-11-09T22:11:06.468+0000] {logging_mixin.py:190} INFO - [2025-11-09T22:11:06.468+0000] {dag.py:4180} INFO - Setting next_dagrun for example_dynamic_task_mapping_with_no_taskflow_operators to None, run_after=None
[2025-11-09T22:11:06.521+0000] {processor.py:208} INFO - Processing /home/airflow/.local/lib/python3.12/site-packages/airflow/example_dags/example_dynamic_task_mapping_with_no_taskflow_operators.py took 0.284 seconds
[2025-11-09T22:11:37.002+0000] {processor.py:186} INFO - Started process (PID=7997) to work on /home/airflow/.local/lib/python3.12/site-packages/airflow/example_dags/example_dynamic_task_mapping_with_no_taskflow_operators.py
[2025-11-09T22:11:37.005+0000] {processor.py:914} INFO - Processing file /home/airflow/.local/lib/python3.12/site-packages/airflow/example_dags/example_dynamic_task_mapping_with_no_taskflow_operators.py for tasks to queue
[2025-11-09T22:11:37.012+0000] {logging_mixin.py:190} INFO - [2025-11-09T22:11:37.011+0000] {dagbag.py:588} INFO - Filling up the DagBag from /home/airflow/.local/lib/python3.12/site-packages/airflow/example_dags/example_dynamic_task_mapping_with_no_taskflow_operators.py
[2025-11-09T22:11:37.038+0000] {processor.py:925} INFO - DAG(s) 'example_dynamic_task_mapping_with_no_taskflow_operators' retrieved from /home/airflow/.local/lib/python3.12/site-packages/airflow/example_dags/example_dynamic_task_mapping_with_no_taskflow_operators.py
[2025-11-09T22:11:37.094+0000] {logging_mixin.py:190} INFO - [2025-11-09T22:11:37.094+0000] {dag.py:3239} INFO - Sync 1 DAGs
[2025-11-09T22:11:37.128+0000] {logging_mixin.py:190} INFO - [2025-11-09T22:11:37.128+0000] {dag.py:4180} INFO - Setting next_dagrun for example_dynamic_task_mapping_with_no_taskflow_operators to None, run_after=None
[2025-11-09T22:11:37.164+0000] {processor.py:208} INFO - Processing /home/airflow/.local/lib/python3.12/site-packages/airflow/example_dags/example_dynamic_task_mapping_with_no_taskflow_operators.py took 0.183 seconds
[2025-11-09T22:12:07.901+0000] {processor.py:186} INFO - Started process (PID=8068) to work on /home/airflow/.local/lib/python3.12/site-packages/airflow/example_dags/example_dynamic_task_mapping_with_no_taskflow_operators.py
[2025-11-09T22:12:07.905+0000] {processor.py:914} INFO - Processing file /home/airflow/.local/lib/python3.12/site-packages/airflow/example_dags/example_dynamic_task_mapping_with_no_taskflow_operators.py for tasks to queue
[2025-11-09T22:12:07.915+0000] {logging_mixin.py:190} INFO - [2025-11-09T22:12:07.914+0000] {dagbag.py:588} INFO - Filling up the DagBag from /home/airflow/.local/lib/python3.12/site-packages/airflow/example_dags/example_dynamic_task_mapping_with_no_taskflow_operators.py
[2025-11-09T22:12:07.955+0000] {processor.py:925} INFO - DAG(s) 'example_dynamic_task_mapping_with_no_taskflow_operators' retrieved from /home/airflow/.local/lib/python3.12/site-packages/airflow/example_dags/example_dynamic_task_mapping_with_no_taskflow_operators.py
[2025-11-09T22:12:08.040+0000] {logging_mixin.py:190} INFO - [2025-11-09T22:12:08.040+0000] {dag.py:3239} INFO - Sync 1 DAGs
[2025-11-09T22:12:08.113+0000] {logging_mixin.py:190} INFO - [2025-11-09T22:12:08.113+0000] {dag.py:4180} INFO - Setting next_dagrun for example_dynamic_task_mapping_with_no_taskflow_operators to None, run_after=None
[2025-11-09T22:12:08.188+0000] {processor.py:208} INFO - Processing /home/airflow/.local/lib/python3.12/site-packages/airflow/example_dags/example_dynamic_task_mapping_with_no_taskflow_operators.py took 0.316 seconds
[2025-11-09T22:12:38.655+0000] {processor.py:186} INFO - Started process (PID=8133) to work on /home/airflow/.local/lib/python3.12/site-packages/airflow/example_dags/example_dynamic_task_mapping_with_no_taskflow_operators.py
[2025-11-09T22:12:38.657+0000] {processor.py:914} INFO - Processing file /home/airflow/.local/lib/python3.12/site-packages/airflow/example_dags/example_dynamic_task_mapping_with_no_taskflow_operators.py for tasks to queue
[2025-11-09T22:12:38.663+0000] {logging_mixin.py:190} INFO - [2025-11-09T22:12:38.662+0000] {dagbag.py:588} INFO - Filling up the DagBag from /home/airflow/.local/lib/python3.12/site-packages/airflow/example_dags/example_dynamic_task_mapping_with_no_taskflow_operators.py
[2025-11-09T22:12:38.683+0000] {processor.py:925} INFO - DAG(s) 'example_dynamic_task_mapping_with_no_taskflow_operators' retrieved from /home/airflow/.local/lib/python3.12/site-packages/airflow/example_dags/example_dynamic_task_mapping_with_no_taskflow_operators.py
[2025-11-09T22:12:38.737+0000] {logging_mixin.py:190} INFO - [2025-11-09T22:12:38.736+0000] {dag.py:3239} INFO - Sync 1 DAGs
[2025-11-09T22:12:38.771+0000] {logging_mixin.py:190} INFO - [2025-11-09T22:12:38.771+0000] {dag.py:4180} INFO - Setting next_dagrun for example_dynamic_task_mapping_with_no_taskflow_operators to None, run_after=None
[2025-11-09T22:12:38.819+0000] {processor.py:208} INFO - Processing /home/airflow/.local/lib/python3.12/site-packages/airflow/example_dags/example_dynamic_task_mapping_with_no_taskflow_operators.py took 0.185 seconds
[2025-11-09T22:13:09.986+0000] {processor.py:186} INFO - Started process (PID=8196) to work on /home/airflow/.local/lib/python3.12/site-packages/airflow/example_dags/example_dynamic_task_mapping_with_no_taskflow_operators.py
[2025-11-09T22:13:09.988+0000] {processor.py:914} INFO - Processing file /home/airflow/.local/lib/python3.12/site-packages/airflow/example_dags/example_dynamic_task_mapping_with_no_taskflow_operators.py for tasks to queue
[2025-11-09T22:13:09.993+0000] {logging_mixin.py:190} INFO - [2025-11-09T22:13:09.992+0000] {dagbag.py:588} INFO - Filling up the DagBag from /home/airflow/.local/lib/python3.12/site-packages/airflow/example_dags/example_dynamic_task_mapping_with_no_taskflow_operators.py
[2025-11-09T22:13:10.010+0000] {processor.py:925} INFO - DAG(s) 'example_dynamic_task_mapping_with_no_taskflow_operators' retrieved from /home/airflow/.local/lib/python3.12/site-packages/airflow/example_dags/example_dynamic_task_mapping_with_no_taskflow_operators.py
[2025-11-09T22:13:10.051+0000] {logging_mixin.py:190} INFO - [2025-11-09T22:13:10.051+0000] {dag.py:3239} INFO - Sync 1 DAGs
[2025-11-09T22:13:10.082+0000] {logging_mixin.py:190} INFO - [2025-11-09T22:13:10.081+0000] {dag.py:4180} INFO - Setting next_dagrun for example_dynamic_task_mapping_with_no_taskflow_operators to None, run_after=None
[2025-11-09T22:13:10.119+0000] {processor.py:208} INFO - Processing /home/airflow/.local/lib/python3.12/site-packages/airflow/example_dags/example_dynamic_task_mapping_with_no_taskflow_operators.py took 0.147 seconds
[2025-11-09T22:13:40.525+0000] {processor.py:186} INFO - Started process (PID=8260) to work on /home/airflow/.local/lib/python3.12/site-packages/airflow/example_dags/example_dynamic_task_mapping_with_no_taskflow_operators.py
[2025-11-09T22:13:40.527+0000] {processor.py:914} INFO - Processing file /home/airflow/.local/lib/python3.12/site-packages/airflow/example_dags/example_dynamic_task_mapping_with_no_taskflow_operators.py for tasks to queue
[2025-11-09T22:13:40.531+0000] {logging_mixin.py:190} INFO - [2025-11-09T22:13:40.531+0000] {dagbag.py:588} INFO - Filling up the DagBag from /home/airflow/.local/lib/python3.12/site-packages/airflow/example_dags/example_dynamic_task_mapping_with_no_taskflow_operators.py
[2025-11-09T22:13:40.548+0000] {processor.py:925} INFO - DAG(s) 'example_dynamic_task_mapping_with_no_taskflow_operators' retrieved from /home/airflow/.local/lib/python3.12/site-packages/airflow/example_dags/example_dynamic_task_mapping_with_no_taskflow_operators.py
[2025-11-09T22:13:40.593+0000] {logging_mixin.py:190} INFO - [2025-11-09T22:13:40.592+0000] {dag.py:3239} INFO - Sync 1 DAGs
[2025-11-09T22:13:40.627+0000] {logging_mixin.py:190} INFO - [2025-11-09T22:13:40.627+0000] {dag.py:4180} INFO - Setting next_dagrun for example_dynamic_task_mapping_with_no_taskflow_operators to None, run_after=None
[2025-11-09T22:13:40.663+0000] {processor.py:208} INFO - Processing /home/airflow/.local/lib/python3.12/site-packages/airflow/example_dags/example_dynamic_task_mapping_with_no_taskflow_operators.py took 0.148 seconds
[2025-11-09T22:14:11.184+0000] {processor.py:186} INFO - Started process (PID=8324) to work on /home/airflow/.local/lib/python3.12/site-packages/airflow/example_dags/example_dynamic_task_mapping_with_no_taskflow_operators.py
[2025-11-09T22:14:11.186+0000] {processor.py:914} INFO - Processing file /home/airflow/.local/lib/python3.12/site-packages/airflow/example_dags/example_dynamic_task_mapping_with_no_taskflow_operators.py for tasks to queue
[2025-11-09T22:14:11.192+0000] {logging_mixin.py:190} INFO - [2025-11-09T22:14:11.191+0000] {dagbag.py:588} INFO - Filling up the DagBag from /home/airflow/.local/lib/python3.12/site-packages/airflow/example_dags/example_dynamic_task_mapping_with_no_taskflow_operators.py
[2025-11-09T22:14:11.214+0000] {processor.py:925} INFO - DAG(s) 'example_dynamic_task_mapping_with_no_taskflow_operators' retrieved from /home/airflow/.local/lib/python3.12/site-packages/airflow/example_dags/example_dynamic_task_mapping_with_no_taskflow_operators.py
[2025-11-09T22:14:11.263+0000] {logging_mixin.py:190} INFO - [2025-11-09T22:14:11.263+0000] {dag.py:3239} INFO - Sync 1 DAGs
[2025-11-09T22:14:11.294+0000] {logging_mixin.py:190} INFO - [2025-11-09T22:14:11.294+0000] {dag.py:4180} INFO - Setting next_dagrun for example_dynamic_task_mapping_with_no_taskflow_operators to None, run_after=None
[2025-11-09T22:14:11.335+0000] {processor.py:208} INFO - Processing /home/airflow/.local/lib/python3.12/site-packages/airflow/example_dags/example_dynamic_task_mapping_with_no_taskflow_operators.py took 0.168 seconds
[2025-11-09T22:14:41.548+0000] {processor.py:186} INFO - Started process (PID=8389) to work on /home/airflow/.local/lib/python3.12/site-packages/airflow/example_dags/example_dynamic_task_mapping_with_no_taskflow_operators.py
[2025-11-09T22:14:41.551+0000] {processor.py:914} INFO - Processing file /home/airflow/.local/lib/python3.12/site-packages/airflow/example_dags/example_dynamic_task_mapping_with_no_taskflow_operators.py for tasks to queue
[2025-11-09T22:14:41.556+0000] {logging_mixin.py:190} INFO - [2025-11-09T22:14:41.555+0000] {dagbag.py:588} INFO - Filling up the DagBag from /home/airflow/.local/lib/python3.12/site-packages/airflow/example_dags/example_dynamic_task_mapping_with_no_taskflow_operators.py
[2025-11-09T22:14:41.573+0000] {processor.py:925} INFO - DAG(s) 'example_dynamic_task_mapping_with_no_taskflow_operators' retrieved from /home/airflow/.local/lib/python3.12/site-packages/airflow/example_dags/example_dynamic_task_mapping_with_no_taskflow_operators.py
[2025-11-09T22:14:41.612+0000] {logging_mixin.py:190} INFO - [2025-11-09T22:14:41.611+0000] {dag.py:3239} INFO - Sync 1 DAGs
[2025-11-09T22:14:41.637+0000] {logging_mixin.py:190} INFO - [2025-11-09T22:14:41.637+0000] {dag.py:4180} INFO - Setting next_dagrun for example_dynamic_task_mapping_with_no_taskflow_operators to None, run_after=None
[2025-11-09T22:14:41.668+0000] {processor.py:208} INFO - Processing /home/airflow/.local/lib/python3.12/site-packages/airflow/example_dags/example_dynamic_task_mapping_with_no_taskflow_operators.py took 0.131 seconds
[2025-11-09T22:15:11.981+0000] {processor.py:186} INFO - Started process (PID=8452) to work on /home/airflow/.local/lib/python3.12/site-packages/airflow/example_dags/example_dynamic_task_mapping_with_no_taskflow_operators.py
[2025-11-09T22:15:11.983+0000] {processor.py:914} INFO - Processing file /home/airflow/.local/lib/python3.12/site-packages/airflow/example_dags/example_dynamic_task_mapping_with_no_taskflow_operators.py for tasks to queue
[2025-11-09T22:15:11.989+0000] {logging_mixin.py:190} INFO - [2025-11-09T22:15:11.988+0000] {dagbag.py:588} INFO - Filling up the DagBag from /home/airflow/.local/lib/python3.12/site-packages/airflow/example_dags/example_dynamic_task_mapping_with_no_taskflow_operators.py
[2025-11-09T22:15:12.004+0000] {processor.py:925} INFO - DAG(s) 'example_dynamic_task_mapping_with_no_taskflow_operators' retrieved from /home/airflow/.local/lib/python3.12/site-packages/airflow/example_dags/example_dynamic_task_mapping_with_no_taskflow_operators.py
[2025-11-09T22:15:12.046+0000] {logging_mixin.py:190} INFO - [2025-11-09T22:15:12.046+0000] {dag.py:3239} INFO - Sync 1 DAGs
[2025-11-09T22:15:12.071+0000] {logging_mixin.py:190} INFO - [2025-11-09T22:15:12.071+0000] {dag.py:4180} INFO - Setting next_dagrun for example_dynamic_task_mapping_with_no_taskflow_operators to None, run_after=None
[2025-11-09T22:15:12.111+0000] {processor.py:208} INFO - Processing /home/airflow/.local/lib/python3.12/site-packages/airflow/example_dags/example_dynamic_task_mapping_with_no_taskflow_operators.py took 0.142 seconds
[2025-11-09T22:15:42.228+0000] {processor.py:186} INFO - Started process (PID=8510) to work on /home/airflow/.local/lib/python3.12/site-packages/airflow/example_dags/example_dynamic_task_mapping_with_no_taskflow_operators.py
[2025-11-09T22:15:42.230+0000] {processor.py:914} INFO - Processing file /home/airflow/.local/lib/python3.12/site-packages/airflow/example_dags/example_dynamic_task_mapping_with_no_taskflow_operators.py for tasks to queue
[2025-11-09T22:15:42.234+0000] {logging_mixin.py:190} INFO - [2025-11-09T22:15:42.234+0000] {dagbag.py:588} INFO - Filling up the DagBag from /home/airflow/.local/lib/python3.12/site-packages/airflow/example_dags/example_dynamic_task_mapping_with_no_taskflow_operators.py
[2025-11-09T22:15:42.251+0000] {processor.py:925} INFO - DAG(s) 'example_dynamic_task_mapping_with_no_taskflow_operators' retrieved from /home/airflow/.local/lib/python3.12/site-packages/airflow/example_dags/example_dynamic_task_mapping_with_no_taskflow_operators.py
[2025-11-09T22:15:42.283+0000] {logging_mixin.py:190} INFO - [2025-11-09T22:15:42.283+0000] {dag.py:3239} INFO - Sync 1 DAGs
[2025-11-09T22:15:42.310+0000] {logging_mixin.py:190} INFO - [2025-11-09T22:15:42.310+0000] {dag.py:4180} INFO - Setting next_dagrun for example_dynamic_task_mapping_with_no_taskflow_operators to None, run_after=None
[2025-11-09T22:15:42.346+0000] {processor.py:208} INFO - Processing /home/airflow/.local/lib/python3.12/site-packages/airflow/example_dags/example_dynamic_task_mapping_with_no_taskflow_operators.py took 0.128 seconds
[2025-11-09T22:16:12.994+0000] {processor.py:186} INFO - Started process (PID=8574) to work on /home/airflow/.local/lib/python3.12/site-packages/airflow/example_dags/example_dynamic_task_mapping_with_no_taskflow_operators.py
[2025-11-09T22:16:12.996+0000] {processor.py:914} INFO - Processing file /home/airflow/.local/lib/python3.12/site-packages/airflow/example_dags/example_dynamic_task_mapping_with_no_taskflow_operators.py for tasks to queue
[2025-11-09T22:16:13.002+0000] {logging_mixin.py:190} INFO - [2025-11-09T22:16:13.001+0000] {dagbag.py:588} INFO - Filling up the DagBag from /home/airflow/.local/lib/python3.12/site-packages/airflow/example_dags/example_dynamic_task_mapping_with_no_taskflow_operators.py
[2025-11-09T22:16:13.017+0000] {processor.py:925} INFO - DAG(s) 'example_dynamic_task_mapping_with_no_taskflow_operators' retrieved from /home/airflow/.local/lib/python3.12/site-packages/airflow/example_dags/example_dynamic_task_mapping_with_no_taskflow_operators.py
[2025-11-09T22:16:13.055+0000] {logging_mixin.py:190} INFO - [2025-11-09T22:16:13.054+0000] {dag.py:3239} INFO - Sync 1 DAGs
[2025-11-09T22:16:13.082+0000] {logging_mixin.py:190} INFO - [2025-11-09T22:16:13.081+0000] {dag.py:4180} INFO - Setting next_dagrun for example_dynamic_task_mapping_with_no_taskflow_operators to None, run_after=None
[2025-11-09T22:16:13.116+0000] {processor.py:208} INFO - Processing /home/airflow/.local/lib/python3.12/site-packages/airflow/example_dags/example_dynamic_task_mapping_with_no_taskflow_operators.py took 0.132 seconds
[2025-11-09T22:16:43.492+0000] {processor.py:186} INFO - Started process (PID=8637) to work on /home/airflow/.local/lib/python3.12/site-packages/airflow/example_dags/example_dynamic_task_mapping_with_no_taskflow_operators.py
[2025-11-09T22:16:43.494+0000] {processor.py:914} INFO - Processing file /home/airflow/.local/lib/python3.12/site-packages/airflow/example_dags/example_dynamic_task_mapping_with_no_taskflow_operators.py for tasks to queue
[2025-11-09T22:16:43.499+0000] {logging_mixin.py:190} INFO - [2025-11-09T22:16:43.498+0000] {dagbag.py:588} INFO - Filling up the DagBag from /home/airflow/.local/lib/python3.12/site-packages/airflow/example_dags/example_dynamic_task_mapping_with_no_taskflow_operators.py
[2025-11-09T22:16:43.515+0000] {processor.py:925} INFO - DAG(s) 'example_dynamic_task_mapping_with_no_taskflow_operators' retrieved from /home/airflow/.local/lib/python3.12/site-packages/airflow/example_dags/example_dynamic_task_mapping_with_no_taskflow_operators.py
[2025-11-09T22:16:43.555+0000] {logging_mixin.py:190} INFO - [2025-11-09T22:16:43.555+0000] {dag.py:3239} INFO - Sync 1 DAGs
[2025-11-09T22:16:43.580+0000] {logging_mixin.py:190} INFO - [2025-11-09T22:16:43.579+0000] {dag.py:4180} INFO - Setting next_dagrun for example_dynamic_task_mapping_with_no_taskflow_operators to None, run_after=None
[2025-11-09T22:16:43.617+0000] {processor.py:208} INFO - Processing /home/airflow/.local/lib/python3.12/site-packages/airflow/example_dags/example_dynamic_task_mapping_with_no_taskflow_operators.py took 0.134 seconds
[2025-11-09T22:17:14.252+0000] {processor.py:186} INFO - Started process (PID=8701) to work on /home/airflow/.local/lib/python3.12/site-packages/airflow/example_dags/example_dynamic_task_mapping_with_no_taskflow_operators.py
[2025-11-09T22:17:14.254+0000] {processor.py:914} INFO - Processing file /home/airflow/.local/lib/python3.12/site-packages/airflow/example_dags/example_dynamic_task_mapping_with_no_taskflow_operators.py for tasks to queue
[2025-11-09T22:17:14.259+0000] {logging_mixin.py:190} INFO - [2025-11-09T22:17:14.258+0000] {dagbag.py:588} INFO - Filling up the DagBag from /home/airflow/.local/lib/python3.12/site-packages/airflow/example_dags/example_dynamic_task_mapping_with_no_taskflow_operators.py
[2025-11-09T22:17:14.275+0000] {processor.py:925} INFO - DAG(s) 'example_dynamic_task_mapping_with_no_taskflow_operators' retrieved from /home/airflow/.local/lib/python3.12/site-packages/airflow/example_dags/example_dynamic_task_mapping_with_no_taskflow_operators.py
[2025-11-09T22:17:14.315+0000] {logging_mixin.py:190} INFO - [2025-11-09T22:17:14.315+0000] {dag.py:3239} INFO - Sync 1 DAGs
[2025-11-09T22:17:14.342+0000] {logging_mixin.py:190} INFO - [2025-11-09T22:17:14.342+0000] {dag.py:4180} INFO - Setting next_dagrun for example_dynamic_task_mapping_with_no_taskflow_operators to None, run_after=None
[2025-11-09T22:17:14.377+0000] {processor.py:208} INFO - Processing /home/airflow/.local/lib/python3.12/site-packages/airflow/example_dags/example_dynamic_task_mapping_with_no_taskflow_operators.py took 0.135 seconds
[2025-11-09T22:17:44.765+0000] {processor.py:186} INFO - Started process (PID=8765) to work on /home/airflow/.local/lib/python3.12/site-packages/airflow/example_dags/example_dynamic_task_mapping_with_no_taskflow_operators.py
[2025-11-09T22:17:44.767+0000] {processor.py:914} INFO - Processing file /home/airflow/.local/lib/python3.12/site-packages/airflow/example_dags/example_dynamic_task_mapping_with_no_taskflow_operators.py for tasks to queue
[2025-11-09T22:17:44.773+0000] {logging_mixin.py:190} INFO - [2025-11-09T22:17:44.772+0000] {dagbag.py:588} INFO - Filling up the DagBag from /home/airflow/.local/lib/python3.12/site-packages/airflow/example_dags/example_dynamic_task_mapping_with_no_taskflow_operators.py
[2025-11-09T22:17:44.789+0000] {processor.py:925} INFO - DAG(s) 'example_dynamic_task_mapping_with_no_taskflow_operators' retrieved from /home/airflow/.local/lib/python3.12/site-packages/airflow/example_dags/example_dynamic_task_mapping_with_no_taskflow_operators.py
[2025-11-09T22:17:44.824+0000] {logging_mixin.py:190} INFO - [2025-11-09T22:17:44.823+0000] {dag.py:3239} INFO - Sync 1 DAGs
[2025-11-09T22:17:44.847+0000] {logging_mixin.py:190} INFO - [2025-11-09T22:17:44.846+0000] {dag.py:4180} INFO - Setting next_dagrun for example_dynamic_task_mapping_with_no_taskflow_operators to None, run_after=None
[2025-11-09T22:17:44.884+0000] {processor.py:208} INFO - Processing /home/airflow/.local/lib/python3.12/site-packages/airflow/example_dags/example_dynamic_task_mapping_with_no_taskflow_operators.py took 0.129 seconds
[2025-11-09T22:18:15.240+0000] {processor.py:186} INFO - Started process (PID=8829) to work on /home/airflow/.local/lib/python3.12/site-packages/airflow/example_dags/example_dynamic_task_mapping_with_no_taskflow_operators.py
[2025-11-09T22:18:15.242+0000] {processor.py:914} INFO - Processing file /home/airflow/.local/lib/python3.12/site-packages/airflow/example_dags/example_dynamic_task_mapping_with_no_taskflow_operators.py for tasks to queue
[2025-11-09T22:18:15.248+0000] {logging_mixin.py:190} INFO - [2025-11-09T22:18:15.247+0000] {dagbag.py:588} INFO - Filling up the DagBag from /home/airflow/.local/lib/python3.12/site-packages/airflow/example_dags/example_dynamic_task_mapping_with_no_taskflow_operators.py
[2025-11-09T22:18:15.261+0000] {processor.py:925} INFO - DAG(s) 'example_dynamic_task_mapping_with_no_taskflow_operators' retrieved from /home/airflow/.local/lib/python3.12/site-packages/airflow/example_dags/example_dynamic_task_mapping_with_no_taskflow_operators.py
[2025-11-09T22:18:15.300+0000] {logging_mixin.py:190} INFO - [2025-11-09T22:18:15.300+0000] {dag.py:3239} INFO - Sync 1 DAGs
[2025-11-09T22:18:15.327+0000] {logging_mixin.py:190} INFO - [2025-11-09T22:18:15.326+0000] {dag.py:4180} INFO - Setting next_dagrun for example_dynamic_task_mapping_with_no_taskflow_operators to None, run_after=None
[2025-11-09T22:18:15.361+0000] {processor.py:208} INFO - Processing /home/airflow/.local/lib/python3.12/site-packages/airflow/example_dags/example_dynamic_task_mapping_with_no_taskflow_operators.py took 0.132 seconds
[2025-11-09T22:18:45.452+0000] {processor.py:186} INFO - Started process (PID=8892) to work on /home/airflow/.local/lib/python3.12/site-packages/airflow/example_dags/example_dynamic_task_mapping_with_no_taskflow_operators.py
[2025-11-09T22:18:45.454+0000] {processor.py:914} INFO - Processing file /home/airflow/.local/lib/python3.12/site-packages/airflow/example_dags/example_dynamic_task_mapping_with_no_taskflow_operators.py for tasks to queue
[2025-11-09T22:18:45.458+0000] {logging_mixin.py:190} INFO - [2025-11-09T22:18:45.458+0000] {dagbag.py:588} INFO - Filling up the DagBag from /home/airflow/.local/lib/python3.12/site-packages/airflow/example_dags/example_dynamic_task_mapping_with_no_taskflow_operators.py
[2025-11-09T22:18:45.476+0000] {processor.py:925} INFO - DAG(s) 'example_dynamic_task_mapping_with_no_taskflow_operators' retrieved from /home/airflow/.local/lib/python3.12/site-packages/airflow/example_dags/example_dynamic_task_mapping_with_no_taskflow_operators.py
[2025-11-09T22:18:45.516+0000] {logging_mixin.py:190} INFO - [2025-11-09T22:18:45.515+0000] {dag.py:3239} INFO - Sync 1 DAGs
[2025-11-09T22:18:45.545+0000] {logging_mixin.py:190} INFO - [2025-11-09T22:18:45.545+0000] {dag.py:4180} INFO - Setting next_dagrun for example_dynamic_task_mapping_with_no_taskflow_operators to None, run_after=None
[2025-11-09T22:18:45.576+0000] {processor.py:208} INFO - Processing /home/airflow/.local/lib/python3.12/site-packages/airflow/example_dags/example_dynamic_task_mapping_with_no_taskflow_operators.py took 0.133 seconds
[2025-11-09T22:19:15.981+0000] {processor.py:186} INFO - Started process (PID=8956) to work on /home/airflow/.local/lib/python3.12/site-packages/airflow/example_dags/example_dynamic_task_mapping_with_no_taskflow_operators.py
[2025-11-09T22:19:15.982+0000] {processor.py:914} INFO - Processing file /home/airflow/.local/lib/python3.12/site-packages/airflow/example_dags/example_dynamic_task_mapping_with_no_taskflow_operators.py for tasks to queue
[2025-11-09T22:19:15.987+0000] {logging_mixin.py:190} INFO - [2025-11-09T22:19:15.986+0000] {dagbag.py:588} INFO - Filling up the DagBag from /home/airflow/.local/lib/python3.12/site-packages/airflow/example_dags/example_dynamic_task_mapping_with_no_taskflow_operators.py
[2025-11-09T22:19:16.000+0000] {processor.py:925} INFO - DAG(s) 'example_dynamic_task_mapping_with_no_taskflow_operators' retrieved from /home/airflow/.local/lib/python3.12/site-packages/airflow/example_dags/example_dynamic_task_mapping_with_no_taskflow_operators.py
[2025-11-09T22:19:16.038+0000] {logging_mixin.py:190} INFO - [2025-11-09T22:19:16.038+0000] {dag.py:3239} INFO - Sync 1 DAGs
[2025-11-09T22:19:16.065+0000] {logging_mixin.py:190} INFO - [2025-11-09T22:19:16.065+0000] {dag.py:4180} INFO - Setting next_dagrun for example_dynamic_task_mapping_with_no_taskflow_operators to None, run_after=None
[2025-11-09T22:19:16.101+0000] {processor.py:208} INFO - Processing /home/airflow/.local/lib/python3.12/site-packages/airflow/example_dags/example_dynamic_task_mapping_with_no_taskflow_operators.py took 0.131 seconds
[2025-11-09T22:19:46.693+0000] {processor.py:186} INFO - Started process (PID=9020) to work on /home/airflow/.local/lib/python3.12/site-packages/airflow/example_dags/example_dynamic_task_mapping_with_no_taskflow_operators.py
[2025-11-09T22:19:46.695+0000] {processor.py:914} INFO - Processing file /home/airflow/.local/lib/python3.12/site-packages/airflow/example_dags/example_dynamic_task_mapping_with_no_taskflow_operators.py for tasks to queue
[2025-11-09T22:19:46.701+0000] {logging_mixin.py:190} INFO - [2025-11-09T22:19:46.701+0000] {dagbag.py:588} INFO - Filling up the DagBag from /home/airflow/.local/lib/python3.12/site-packages/airflow/example_dags/example_dynamic_task_mapping_with_no_taskflow_operators.py
[2025-11-09T22:19:46.719+0000] {processor.py:925} INFO - DAG(s) 'example_dynamic_task_mapping_with_no_taskflow_operators' retrieved from /home/airflow/.local/lib/python3.12/site-packages/airflow/example_dags/example_dynamic_task_mapping_with_no_taskflow_operators.py
[2025-11-09T22:19:46.759+0000] {logging_mixin.py:190} INFO - [2025-11-09T22:19:46.759+0000] {dag.py:3239} INFO - Sync 1 DAGs
[2025-11-09T22:19:46.789+0000] {logging_mixin.py:190} INFO - [2025-11-09T22:19:46.789+0000] {dag.py:4180} INFO - Setting next_dagrun for example_dynamic_task_mapping_with_no_taskflow_operators to None, run_after=None
[2025-11-09T22:19:46.831+0000] {processor.py:208} INFO - Processing /home/airflow/.local/lib/python3.12/site-packages/airflow/example_dags/example_dynamic_task_mapping_with_no_taskflow_operators.py took 0.151 seconds
[2025-11-09T22:20:17.450+0000] {processor.py:186} INFO - Started process (PID=9084) to work on /home/airflow/.local/lib/python3.12/site-packages/airflow/example_dags/example_dynamic_task_mapping_with_no_taskflow_operators.py
[2025-11-09T22:20:17.452+0000] {processor.py:914} INFO - Processing file /home/airflow/.local/lib/python3.12/site-packages/airflow/example_dags/example_dynamic_task_mapping_with_no_taskflow_operators.py for tasks to queue
[2025-11-09T22:20:17.458+0000] {logging_mixin.py:190} INFO - [2025-11-09T22:20:17.457+0000] {dagbag.py:588} INFO - Filling up the DagBag from /home/airflow/.local/lib/python3.12/site-packages/airflow/example_dags/example_dynamic_task_mapping_with_no_taskflow_operators.py
[2025-11-09T22:20:17.474+0000] {processor.py:925} INFO - DAG(s) 'example_dynamic_task_mapping_with_no_taskflow_operators' retrieved from /home/airflow/.local/lib/python3.12/site-packages/airflow/example_dags/example_dynamic_task_mapping_with_no_taskflow_operators.py
[2025-11-09T22:20:17.511+0000] {logging_mixin.py:190} INFO - [2025-11-09T22:20:17.511+0000] {dag.py:3239} INFO - Sync 1 DAGs
[2025-11-09T22:20:17.534+0000] {logging_mixin.py:190} INFO - [2025-11-09T22:20:17.534+0000] {dag.py:4180} INFO - Setting next_dagrun for example_dynamic_task_mapping_with_no_taskflow_operators to None, run_after=None
[2025-11-09T22:20:17.567+0000] {processor.py:208} INFO - Processing /home/airflow/.local/lib/python3.12/site-packages/airflow/example_dags/example_dynamic_task_mapping_with_no_taskflow_operators.py took 0.129 seconds
[2025-11-09T22:20:48.340+0000] {processor.py:186} INFO - Started process (PID=9148) to work on /home/airflow/.local/lib/python3.12/site-packages/airflow/example_dags/example_dynamic_task_mapping_with_no_taskflow_operators.py
[2025-11-09T22:20:48.342+0000] {processor.py:914} INFO - Processing file /home/airflow/.local/lib/python3.12/site-packages/airflow/example_dags/example_dynamic_task_mapping_with_no_taskflow_operators.py for tasks to queue
[2025-11-09T22:20:48.346+0000] {logging_mixin.py:190} INFO - [2025-11-09T22:20:48.346+0000] {dagbag.py:588} INFO - Filling up the DagBag from /home/airflow/.local/lib/python3.12/site-packages/airflow/example_dags/example_dynamic_task_mapping_with_no_taskflow_operators.py
[2025-11-09T22:20:48.359+0000] {processor.py:925} INFO - DAG(s) 'example_dynamic_task_mapping_with_no_taskflow_operators' retrieved from /home/airflow/.local/lib/python3.12/site-packages/airflow/example_dags/example_dynamic_task_mapping_with_no_taskflow_operators.py
[2025-11-09T22:20:48.393+0000] {logging_mixin.py:190} INFO - [2025-11-09T22:20:48.393+0000] {dag.py:3239} INFO - Sync 1 DAGs
[2025-11-09T22:20:48.414+0000] {logging_mixin.py:190} INFO - [2025-11-09T22:20:48.414+0000] {dag.py:4180} INFO - Setting next_dagrun for example_dynamic_task_mapping_with_no_taskflow_operators to None, run_after=None
[2025-11-09T22:20:48.443+0000] {processor.py:208} INFO - Processing /home/airflow/.local/lib/python3.12/site-packages/airflow/example_dags/example_dynamic_task_mapping_with_no_taskflow_operators.py took 0.112 seconds
[2025-11-09T22:21:19.001+0000] {processor.py:186} INFO - Started process (PID=9211) to work on /home/airflow/.local/lib/python3.12/site-packages/airflow/example_dags/example_dynamic_task_mapping_with_no_taskflow_operators.py
[2025-11-09T22:21:19.003+0000] {processor.py:914} INFO - Processing file /home/airflow/.local/lib/python3.12/site-packages/airflow/example_dags/example_dynamic_task_mapping_with_no_taskflow_operators.py for tasks to queue
[2025-11-09T22:21:19.008+0000] {logging_mixin.py:190} INFO - [2025-11-09T22:21:19.007+0000] {dagbag.py:588} INFO - Filling up the DagBag from /home/airflow/.local/lib/python3.12/site-packages/airflow/example_dags/example_dynamic_task_mapping_with_no_taskflow_operators.py
[2025-11-09T22:21:19.022+0000] {processor.py:925} INFO - DAG(s) 'example_dynamic_task_mapping_with_no_taskflow_operators' retrieved from /home/airflow/.local/lib/python3.12/site-packages/airflow/example_dags/example_dynamic_task_mapping_with_no_taskflow_operators.py
[2025-11-09T22:21:19.059+0000] {logging_mixin.py:190} INFO - [2025-11-09T22:21:19.058+0000] {dag.py:3239} INFO - Sync 1 DAGs
[2025-11-09T22:21:19.088+0000] {logging_mixin.py:190} INFO - [2025-11-09T22:21:19.088+0000] {dag.py:4180} INFO - Setting next_dagrun for example_dynamic_task_mapping_with_no_taskflow_operators to None, run_after=None
[2025-11-09T22:21:19.125+0000] {processor.py:208} INFO - Processing /home/airflow/.local/lib/python3.12/site-packages/airflow/example_dags/example_dynamic_task_mapping_with_no_taskflow_operators.py took 0.136 seconds
[2025-11-09T22:21:49.511+0000] {processor.py:186} INFO - Started process (PID=9276) to work on /home/airflow/.local/lib/python3.12/site-packages/airflow/example_dags/example_dynamic_task_mapping_with_no_taskflow_operators.py
[2025-11-09T22:21:49.513+0000] {processor.py:914} INFO - Processing file /home/airflow/.local/lib/python3.12/site-packages/airflow/example_dags/example_dynamic_task_mapping_with_no_taskflow_operators.py for tasks to queue
[2025-11-09T22:21:49.518+0000] {logging_mixin.py:190} INFO - [2025-11-09T22:21:49.518+0000] {dagbag.py:588} INFO - Filling up the DagBag from /home/airflow/.local/lib/python3.12/site-packages/airflow/example_dags/example_dynamic_task_mapping_with_no_taskflow_operators.py
[2025-11-09T22:21:49.532+0000] {processor.py:925} INFO - DAG(s) 'example_dynamic_task_mapping_with_no_taskflow_operators' retrieved from /home/airflow/.local/lib/python3.12/site-packages/airflow/example_dags/example_dynamic_task_mapping_with_no_taskflow_operators.py
[2025-11-09T22:21:49.571+0000] {logging_mixin.py:190} INFO - [2025-11-09T22:21:49.570+0000] {dag.py:3239} INFO - Sync 1 DAGs
[2025-11-09T22:21:49.593+0000] {logging_mixin.py:190} INFO - [2025-11-09T22:21:49.592+0000] {dag.py:4180} INFO - Setting next_dagrun for example_dynamic_task_mapping_with_no_taskflow_operators to None, run_after=None
[2025-11-09T22:21:49.629+0000] {processor.py:208} INFO - Processing /home/airflow/.local/lib/python3.12/site-packages/airflow/example_dags/example_dynamic_task_mapping_with_no_taskflow_operators.py took 0.138 seconds
[2025-11-09T22:22:20.213+0000] {processor.py:186} INFO - Started process (PID=9340) to work on /home/airflow/.local/lib/python3.12/site-packages/airflow/example_dags/example_dynamic_task_mapping_with_no_taskflow_operators.py
[2025-11-09T22:22:20.215+0000] {processor.py:914} INFO - Processing file /home/airflow/.local/lib/python3.12/site-packages/airflow/example_dags/example_dynamic_task_mapping_with_no_taskflow_operators.py for tasks to queue
[2025-11-09T22:22:20.220+0000] {logging_mixin.py:190} INFO - [2025-11-09T22:22:20.219+0000] {dagbag.py:588} INFO - Filling up the DagBag from /home/airflow/.local/lib/python3.12/site-packages/airflow/example_dags/example_dynamic_task_mapping_with_no_taskflow_operators.py
[2025-11-09T22:22:20.241+0000] {processor.py:925} INFO - DAG(s) 'example_dynamic_task_mapping_with_no_taskflow_operators' retrieved from /home/airflow/.local/lib/python3.12/site-packages/airflow/example_dags/example_dynamic_task_mapping_with_no_taskflow_operators.py
[2025-11-09T22:22:20.278+0000] {logging_mixin.py:190} INFO - [2025-11-09T22:22:20.277+0000] {dag.py:3239} INFO - Sync 1 DAGs
[2025-11-09T22:22:20.305+0000] {logging_mixin.py:190} INFO - [2025-11-09T22:22:20.305+0000] {dag.py:4180} INFO - Setting next_dagrun for example_dynamic_task_mapping_with_no_taskflow_operators to None, run_after=None
[2025-11-09T22:22:20.339+0000] {processor.py:208} INFO - Processing /home/airflow/.local/lib/python3.12/site-packages/airflow/example_dags/example_dynamic_task_mapping_with_no_taskflow_operators.py took 0.138 seconds
[2025-11-09T22:22:51.173+0000] {processor.py:186} INFO - Started process (PID=9403) to work on /home/airflow/.local/lib/python3.12/site-packages/airflow/example_dags/example_dynamic_task_mapping_with_no_taskflow_operators.py
[2025-11-09T22:22:51.175+0000] {processor.py:914} INFO - Processing file /home/airflow/.local/lib/python3.12/site-packages/airflow/example_dags/example_dynamic_task_mapping_with_no_taskflow_operators.py for tasks to queue
[2025-11-09T22:22:51.181+0000] {logging_mixin.py:190} INFO - [2025-11-09T22:22:51.180+0000] {dagbag.py:588} INFO - Filling up the DagBag from /home/airflow/.local/lib/python3.12/site-packages/airflow/example_dags/example_dynamic_task_mapping_with_no_taskflow_operators.py
[2025-11-09T22:22:51.194+0000] {processor.py:925} INFO - DAG(s) 'example_dynamic_task_mapping_with_no_taskflow_operators' retrieved from /home/airflow/.local/lib/python3.12/site-packages/airflow/example_dags/example_dynamic_task_mapping_with_no_taskflow_operators.py
[2025-11-09T22:22:51.234+0000] {logging_mixin.py:190} INFO - [2025-11-09T22:22:51.234+0000] {dag.py:3239} INFO - Sync 1 DAGs
[2025-11-09T22:22:51.260+0000] {logging_mixin.py:190} INFO - [2025-11-09T22:22:51.259+0000] {dag.py:4180} INFO - Setting next_dagrun for example_dynamic_task_mapping_with_no_taskflow_operators to None, run_after=None
[2025-11-09T22:22:51.294+0000] {processor.py:208} INFO - Processing /home/airflow/.local/lib/python3.12/site-packages/airflow/example_dags/example_dynamic_task_mapping_with_no_taskflow_operators.py took 0.132 seconds
[2025-11-09T22:23:21.833+0000] {processor.py:186} INFO - Started process (PID=9467) to work on /home/airflow/.local/lib/python3.12/site-packages/airflow/example_dags/example_dynamic_task_mapping_with_no_taskflow_operators.py
[2025-11-09T22:23:21.835+0000] {processor.py:914} INFO - Processing file /home/airflow/.local/lib/python3.12/site-packages/airflow/example_dags/example_dynamic_task_mapping_with_no_taskflow_operators.py for tasks to queue
[2025-11-09T22:23:21.840+0000] {logging_mixin.py:190} INFO - [2025-11-09T22:23:21.839+0000] {dagbag.py:588} INFO - Filling up the DagBag from /home/airflow/.local/lib/python3.12/site-packages/airflow/example_dags/example_dynamic_task_mapping_with_no_taskflow_operators.py
[2025-11-09T22:23:21.854+0000] {processor.py:925} INFO - DAG(s) 'example_dynamic_task_mapping_with_no_taskflow_operators' retrieved from /home/airflow/.local/lib/python3.12/site-packages/airflow/example_dags/example_dynamic_task_mapping_with_no_taskflow_operators.py
[2025-11-09T22:23:21.889+0000] {logging_mixin.py:190} INFO - [2025-11-09T22:23:21.889+0000] {dag.py:3239} INFO - Sync 1 DAGs
[2025-11-09T22:23:21.914+0000] {logging_mixin.py:190} INFO - [2025-11-09T22:23:21.914+0000] {dag.py:4180} INFO - Setting next_dagrun for example_dynamic_task_mapping_with_no_taskflow_operators to None, run_after=None
[2025-11-09T22:23:21.947+0000] {processor.py:208} INFO - Processing /home/airflow/.local/lib/python3.12/site-packages/airflow/example_dags/example_dynamic_task_mapping_with_no_taskflow_operators.py took 0.125 seconds
[2025-11-09T22:23:52.296+0000] {processor.py:186} INFO - Started process (PID=9531) to work on /home/airflow/.local/lib/python3.12/site-packages/airflow/example_dags/example_dynamic_task_mapping_with_no_taskflow_operators.py
[2025-11-09T22:23:52.298+0000] {processor.py:914} INFO - Processing file /home/airflow/.local/lib/python3.12/site-packages/airflow/example_dags/example_dynamic_task_mapping_with_no_taskflow_operators.py for tasks to queue
[2025-11-09T22:23:52.303+0000] {logging_mixin.py:190} INFO - [2025-11-09T22:23:52.302+0000] {dagbag.py:588} INFO - Filling up the DagBag from /home/airflow/.local/lib/python3.12/site-packages/airflow/example_dags/example_dynamic_task_mapping_with_no_taskflow_operators.py
[2025-11-09T22:23:52.316+0000] {processor.py:925} INFO - DAG(s) 'example_dynamic_task_mapping_with_no_taskflow_operators' retrieved from /home/airflow/.local/lib/python3.12/site-packages/airflow/example_dags/example_dynamic_task_mapping_with_no_taskflow_operators.py
[2025-11-09T22:23:52.353+0000] {logging_mixin.py:190} INFO - [2025-11-09T22:23:52.352+0000] {dag.py:3239} INFO - Sync 1 DAGs
[2025-11-09T22:23:52.380+0000] {logging_mixin.py:190} INFO - [2025-11-09T22:23:52.380+0000] {dag.py:4180} INFO - Setting next_dagrun for example_dynamic_task_mapping_with_no_taskflow_operators to None, run_after=None
[2025-11-09T22:23:52.415+0000] {processor.py:208} INFO - Processing /home/airflow/.local/lib/python3.12/site-packages/airflow/example_dags/example_dynamic_task_mapping_with_no_taskflow_operators.py took 0.128 seconds
[2025-11-09T22:24:22.495+0000] {processor.py:186} INFO - Started process (PID=9595) to work on /home/airflow/.local/lib/python3.12/site-packages/airflow/example_dags/example_dynamic_task_mapping_with_no_taskflow_operators.py
[2025-11-09T22:24:22.497+0000] {processor.py:914} INFO - Processing file /home/airflow/.local/lib/python3.12/site-packages/airflow/example_dags/example_dynamic_task_mapping_with_no_taskflow_operators.py for tasks to queue
[2025-11-09T22:24:22.504+0000] {logging_mixin.py:190} INFO - [2025-11-09T22:24:22.503+0000] {dagbag.py:588} INFO - Filling up the DagBag from /home/airflow/.local/lib/python3.12/site-packages/airflow/example_dags/example_dynamic_task_mapping_with_no_taskflow_operators.py
[2025-11-09T22:24:22.520+0000] {processor.py:925} INFO - DAG(s) 'example_dynamic_task_mapping_with_no_taskflow_operators' retrieved from /home/airflow/.local/lib/python3.12/site-packages/airflow/example_dags/example_dynamic_task_mapping_with_no_taskflow_operators.py
[2025-11-09T22:24:22.557+0000] {logging_mixin.py:190} INFO - [2025-11-09T22:24:22.557+0000] {dag.py:3239} INFO - Sync 1 DAGs
[2025-11-09T22:24:22.580+0000] {logging_mixin.py:190} INFO - [2025-11-09T22:24:22.580+0000] {dag.py:4180} INFO - Setting next_dagrun for example_dynamic_task_mapping_with_no_taskflow_operators to None, run_after=None
[2025-11-09T22:24:22.619+0000] {processor.py:208} INFO - Processing /home/airflow/.local/lib/python3.12/site-packages/airflow/example_dags/example_dynamic_task_mapping_with_no_taskflow_operators.py took 0.135 seconds
[2025-11-09T22:24:53.274+0000] {processor.py:186} INFO - Started process (PID=9658) to work on /home/airflow/.local/lib/python3.12/site-packages/airflow/example_dags/example_dynamic_task_mapping_with_no_taskflow_operators.py
[2025-11-09T22:24:53.276+0000] {processor.py:914} INFO - Processing file /home/airflow/.local/lib/python3.12/site-packages/airflow/example_dags/example_dynamic_task_mapping_with_no_taskflow_operators.py for tasks to queue
[2025-11-09T22:24:53.281+0000] {logging_mixin.py:190} INFO - [2025-11-09T22:24:53.280+0000] {dagbag.py:588} INFO - Filling up the DagBag from /home/airflow/.local/lib/python3.12/site-packages/airflow/example_dags/example_dynamic_task_mapping_with_no_taskflow_operators.py
[2025-11-09T22:24:53.294+0000] {processor.py:925} INFO - DAG(s) 'example_dynamic_task_mapping_with_no_taskflow_operators' retrieved from /home/airflow/.local/lib/python3.12/site-packages/airflow/example_dags/example_dynamic_task_mapping_with_no_taskflow_operators.py
[2025-11-09T22:24:53.321+0000] {logging_mixin.py:190} INFO - [2025-11-09T22:24:53.321+0000] {dag.py:3239} INFO - Sync 1 DAGs
[2025-11-09T22:24:53.340+0000] {logging_mixin.py:190} INFO - [2025-11-09T22:24:53.340+0000] {dag.py:4180} INFO - Setting next_dagrun for example_dynamic_task_mapping_with_no_taskflow_operators to None, run_after=None
[2025-11-09T22:24:53.366+0000] {processor.py:208} INFO - Processing /home/airflow/.local/lib/python3.12/site-packages/airflow/example_dags/example_dynamic_task_mapping_with_no_taskflow_operators.py took 0.104 seconds
[2025-11-09T22:25:23.613+0000] {processor.py:186} INFO - Started process (PID=9722) to work on /home/airflow/.local/lib/python3.12/site-packages/airflow/example_dags/example_dynamic_task_mapping_with_no_taskflow_operators.py
[2025-11-09T22:25:23.614+0000] {processor.py:914} INFO - Processing file /home/airflow/.local/lib/python3.12/site-packages/airflow/example_dags/example_dynamic_task_mapping_with_no_taskflow_operators.py for tasks to queue
[2025-11-09T22:25:23.620+0000] {logging_mixin.py:190} INFO - [2025-11-09T22:25:23.619+0000] {dagbag.py:588} INFO - Filling up the DagBag from /home/airflow/.local/lib/python3.12/site-packages/airflow/example_dags/example_dynamic_task_mapping_with_no_taskflow_operators.py
[2025-11-09T22:25:23.639+0000] {processor.py:925} INFO - DAG(s) 'example_dynamic_task_mapping_with_no_taskflow_operators' retrieved from /home/airflow/.local/lib/python3.12/site-packages/airflow/example_dags/example_dynamic_task_mapping_with_no_taskflow_operators.py
[2025-11-09T22:25:23.674+0000] {logging_mixin.py:190} INFO - [2025-11-09T22:25:23.673+0000] {dag.py:3239} INFO - Sync 1 DAGs
[2025-11-09T22:25:23.696+0000] {logging_mixin.py:190} INFO - [2025-11-09T22:25:23.696+0000] {dag.py:4180} INFO - Setting next_dagrun for example_dynamic_task_mapping_with_no_taskflow_operators to None, run_after=None
[2025-11-09T22:25:23.724+0000] {processor.py:208} INFO - Processing /home/airflow/.local/lib/python3.12/site-packages/airflow/example_dags/example_dynamic_task_mapping_with_no_taskflow_operators.py took 0.121 seconds
[2025-11-09T22:25:54.604+0000] {processor.py:186} INFO - Started process (PID=9786) to work on /home/airflow/.local/lib/python3.12/site-packages/airflow/example_dags/example_dynamic_task_mapping_with_no_taskflow_operators.py
[2025-11-09T22:25:54.606+0000] {processor.py:914} INFO - Processing file /home/airflow/.local/lib/python3.12/site-packages/airflow/example_dags/example_dynamic_task_mapping_with_no_taskflow_operators.py for tasks to queue
[2025-11-09T22:25:54.610+0000] {logging_mixin.py:190} INFO - [2025-11-09T22:25:54.610+0000] {dagbag.py:588} INFO - Filling up the DagBag from /home/airflow/.local/lib/python3.12/site-packages/airflow/example_dags/example_dynamic_task_mapping_with_no_taskflow_operators.py
[2025-11-09T22:25:54.624+0000] {processor.py:925} INFO - DAG(s) 'example_dynamic_task_mapping_with_no_taskflow_operators' retrieved from /home/airflow/.local/lib/python3.12/site-packages/airflow/example_dags/example_dynamic_task_mapping_with_no_taskflow_operators.py
[2025-11-09T22:25:54.658+0000] {logging_mixin.py:190} INFO - [2025-11-09T22:25:54.658+0000] {dag.py:3239} INFO - Sync 1 DAGs
[2025-11-09T22:25:54.682+0000] {logging_mixin.py:190} INFO - [2025-11-09T22:25:54.681+0000] {dag.py:4180} INFO - Setting next_dagrun for example_dynamic_task_mapping_with_no_taskflow_operators to None, run_after=None
[2025-11-09T22:25:54.712+0000] {processor.py:208} INFO - Processing /home/airflow/.local/lib/python3.12/site-packages/airflow/example_dags/example_dynamic_task_mapping_with_no_taskflow_operators.py took 0.118 seconds
[2025-11-09T22:26:25.634+0000] {processor.py:186} INFO - Started process (PID=9850) to work on /home/airflow/.local/lib/python3.12/site-packages/airflow/example_dags/example_dynamic_task_mapping_with_no_taskflow_operators.py
[2025-11-09T22:26:25.636+0000] {processor.py:914} INFO - Processing file /home/airflow/.local/lib/python3.12/site-packages/airflow/example_dags/example_dynamic_task_mapping_with_no_taskflow_operators.py for tasks to queue
[2025-11-09T22:26:25.643+0000] {logging_mixin.py:190} INFO - [2025-11-09T22:26:25.643+0000] {dagbag.py:588} INFO - Filling up the DagBag from /home/airflow/.local/lib/python3.12/site-packages/airflow/example_dags/example_dynamic_task_mapping_with_no_taskflow_operators.py
[2025-11-09T22:26:25.664+0000] {processor.py:925} INFO - DAG(s) 'example_dynamic_task_mapping_with_no_taskflow_operators' retrieved from /home/airflow/.local/lib/python3.12/site-packages/airflow/example_dags/example_dynamic_task_mapping_with_no_taskflow_operators.py
[2025-11-09T22:26:25.705+0000] {logging_mixin.py:190} INFO - [2025-11-09T22:26:25.704+0000] {dag.py:3239} INFO - Sync 1 DAGs
[2025-11-09T22:26:25.731+0000] {logging_mixin.py:190} INFO - [2025-11-09T22:26:25.731+0000] {dag.py:4180} INFO - Setting next_dagrun for example_dynamic_task_mapping_with_no_taskflow_operators to None, run_after=None
[2025-11-09T22:26:25.771+0000] {processor.py:208} INFO - Processing /home/airflow/.local/lib/python3.12/site-packages/airflow/example_dags/example_dynamic_task_mapping_with_no_taskflow_operators.py took 0.149 seconds
[2025-11-09T22:26:55.974+0000] {processor.py:186} INFO - Started process (PID=9914) to work on /home/airflow/.local/lib/python3.12/site-packages/airflow/example_dags/example_dynamic_task_mapping_with_no_taskflow_operators.py
[2025-11-09T22:26:55.976+0000] {processor.py:914} INFO - Processing file /home/airflow/.local/lib/python3.12/site-packages/airflow/example_dags/example_dynamic_task_mapping_with_no_taskflow_operators.py for tasks to queue
[2025-11-09T22:26:55.982+0000] {logging_mixin.py:190} INFO - [2025-11-09T22:26:55.981+0000] {dagbag.py:588} INFO - Filling up the DagBag from /home/airflow/.local/lib/python3.12/site-packages/airflow/example_dags/example_dynamic_task_mapping_with_no_taskflow_operators.py
[2025-11-09T22:26:56.000+0000] {processor.py:925} INFO - DAG(s) 'example_dynamic_task_mapping_with_no_taskflow_operators' retrieved from /home/airflow/.local/lib/python3.12/site-packages/airflow/example_dags/example_dynamic_task_mapping_with_no_taskflow_operators.py
[2025-11-09T22:26:56.038+0000] {logging_mixin.py:190} INFO - [2025-11-09T22:26:56.038+0000] {dag.py:3239} INFO - Sync 1 DAGs
[2025-11-09T22:26:56.063+0000] {logging_mixin.py:190} INFO - [2025-11-09T22:26:56.062+0000] {dag.py:4180} INFO - Setting next_dagrun for example_dynamic_task_mapping_with_no_taskflow_operators to None, run_after=None
[2025-11-09T22:26:56.093+0000] {processor.py:208} INFO - Processing /home/airflow/.local/lib/python3.12/site-packages/airflow/example_dags/example_dynamic_task_mapping_with_no_taskflow_operators.py took 0.133 seconds
[2025-11-09T22:27:26.758+0000] {processor.py:186} INFO - Started process (PID=9978) to work on /home/airflow/.local/lib/python3.12/site-packages/airflow/example_dags/example_dynamic_task_mapping_with_no_taskflow_operators.py
[2025-11-09T22:27:26.760+0000] {processor.py:914} INFO - Processing file /home/airflow/.local/lib/python3.12/site-packages/airflow/example_dags/example_dynamic_task_mapping_with_no_taskflow_operators.py for tasks to queue
[2025-11-09T22:27:26.765+0000] {logging_mixin.py:190} INFO - [2025-11-09T22:27:26.764+0000] {dagbag.py:588} INFO - Filling up the DagBag from /home/airflow/.local/lib/python3.12/site-packages/airflow/example_dags/example_dynamic_task_mapping_with_no_taskflow_operators.py
[2025-11-09T22:27:26.779+0000] {processor.py:925} INFO - DAG(s) 'example_dynamic_task_mapping_with_no_taskflow_operators' retrieved from /home/airflow/.local/lib/python3.12/site-packages/airflow/example_dags/example_dynamic_task_mapping_with_no_taskflow_operators.py
[2025-11-09T22:27:26.816+0000] {logging_mixin.py:190} INFO - [2025-11-09T22:27:26.816+0000] {dag.py:3239} INFO - Sync 1 DAGs
[2025-11-09T22:27:26.842+0000] {logging_mixin.py:190} INFO - [2025-11-09T22:27:26.842+0000] {dag.py:4180} INFO - Setting next_dagrun for example_dynamic_task_mapping_with_no_taskflow_operators to None, run_after=None
[2025-11-09T22:27:26.877+0000] {processor.py:208} INFO - Processing /home/airflow/.local/lib/python3.12/site-packages/airflow/example_dags/example_dynamic_task_mapping_with_no_taskflow_operators.py took 0.128 seconds
[2025-11-09T22:27:57.279+0000] {processor.py:186} INFO - Started process (PID=10042) to work on /home/airflow/.local/lib/python3.12/site-packages/airflow/example_dags/example_dynamic_task_mapping_with_no_taskflow_operators.py
[2025-11-09T22:27:57.281+0000] {processor.py:914} INFO - Processing file /home/airflow/.local/lib/python3.12/site-packages/airflow/example_dags/example_dynamic_task_mapping_with_no_taskflow_operators.py for tasks to queue
[2025-11-09T22:27:57.287+0000] {logging_mixin.py:190} INFO - [2025-11-09T22:27:57.286+0000] {dagbag.py:588} INFO - Filling up the DagBag from /home/airflow/.local/lib/python3.12/site-packages/airflow/example_dags/example_dynamic_task_mapping_with_no_taskflow_operators.py
[2025-11-09T22:27:57.302+0000] {processor.py:925} INFO - DAG(s) 'example_dynamic_task_mapping_with_no_taskflow_operators' retrieved from /home/airflow/.local/lib/python3.12/site-packages/airflow/example_dags/example_dynamic_task_mapping_with_no_taskflow_operators.py
[2025-11-09T22:27:57.338+0000] {logging_mixin.py:190} INFO - [2025-11-09T22:27:57.337+0000] {dag.py:3239} INFO - Sync 1 DAGs
[2025-11-09T22:27:57.360+0000] {logging_mixin.py:190} INFO - [2025-11-09T22:27:57.360+0000] {dag.py:4180} INFO - Setting next_dagrun for example_dynamic_task_mapping_with_no_taskflow_operators to None, run_after=None
[2025-11-09T22:27:57.396+0000] {processor.py:208} INFO - Processing /home/airflow/.local/lib/python3.12/site-packages/airflow/example_dags/example_dynamic_task_mapping_with_no_taskflow_operators.py took 0.127 seconds
[2025-11-09T22:28:28.127+0000] {processor.py:186} INFO - Started process (PID=10106) to work on /home/airflow/.local/lib/python3.12/site-packages/airflow/example_dags/example_dynamic_task_mapping_with_no_taskflow_operators.py
[2025-11-09T22:28:28.130+0000] {processor.py:914} INFO - Processing file /home/airflow/.local/lib/python3.12/site-packages/airflow/example_dags/example_dynamic_task_mapping_with_no_taskflow_operators.py for tasks to queue
[2025-11-09T22:28:28.135+0000] {logging_mixin.py:190} INFO - [2025-11-09T22:28:28.134+0000] {dagbag.py:588} INFO - Filling up the DagBag from /home/airflow/.local/lib/python3.12/site-packages/airflow/example_dags/example_dynamic_task_mapping_with_no_taskflow_operators.py
[2025-11-09T22:28:28.156+0000] {processor.py:925} INFO - DAG(s) 'example_dynamic_task_mapping_with_no_taskflow_operators' retrieved from /home/airflow/.local/lib/python3.12/site-packages/airflow/example_dags/example_dynamic_task_mapping_with_no_taskflow_operators.py
[2025-11-09T22:28:28.202+0000] {logging_mixin.py:190} INFO - [2025-11-09T22:28:28.202+0000] {dag.py:3239} INFO - Sync 1 DAGs
[2025-11-09T22:28:28.237+0000] {logging_mixin.py:190} INFO - [2025-11-09T22:28:28.237+0000] {dag.py:4180} INFO - Setting next_dagrun for example_dynamic_task_mapping_with_no_taskflow_operators to None, run_after=None
[2025-11-09T22:28:28.280+0000] {processor.py:208} INFO - Processing /home/airflow/.local/lib/python3.12/site-packages/airflow/example_dags/example_dynamic_task_mapping_with_no_taskflow_operators.py took 0.167 seconds
[2025-11-09T22:28:58.602+0000] {processor.py:186} INFO - Started process (PID=10170) to work on /home/airflow/.local/lib/python3.12/site-packages/airflow/example_dags/example_dynamic_task_mapping_with_no_taskflow_operators.py
[2025-11-09T22:28:58.604+0000] {processor.py:914} INFO - Processing file /home/airflow/.local/lib/python3.12/site-packages/airflow/example_dags/example_dynamic_task_mapping_with_no_taskflow_operators.py for tasks to queue
[2025-11-09T22:28:58.610+0000] {logging_mixin.py:190} INFO - [2025-11-09T22:28:58.609+0000] {dagbag.py:588} INFO - Filling up the DagBag from /home/airflow/.local/lib/python3.12/site-packages/airflow/example_dags/example_dynamic_task_mapping_with_no_taskflow_operators.py
[2025-11-09T22:28:58.633+0000] {processor.py:925} INFO - DAG(s) 'example_dynamic_task_mapping_with_no_taskflow_operators' retrieved from /home/airflow/.local/lib/python3.12/site-packages/airflow/example_dags/example_dynamic_task_mapping_with_no_taskflow_operators.py
[2025-11-09T22:28:58.670+0000] {logging_mixin.py:190} INFO - [2025-11-09T22:28:58.670+0000] {dag.py:3239} INFO - Sync 1 DAGs
[2025-11-09T22:28:58.697+0000] {logging_mixin.py:190} INFO - [2025-11-09T22:28:58.697+0000] {dag.py:4180} INFO - Setting next_dagrun for example_dynamic_task_mapping_with_no_taskflow_operators to None, run_after=None
[2025-11-09T22:28:58.728+0000] {processor.py:208} INFO - Processing /home/airflow/.local/lib/python3.12/site-packages/airflow/example_dags/example_dynamic_task_mapping_with_no_taskflow_operators.py took 0.138 seconds
[2025-11-09T22:29:29.310+0000] {processor.py:186} INFO - Started process (PID=10234) to work on /home/airflow/.local/lib/python3.12/site-packages/airflow/example_dags/example_dynamic_task_mapping_with_no_taskflow_operators.py
[2025-11-09T22:29:29.312+0000] {processor.py:914} INFO - Processing file /home/airflow/.local/lib/python3.12/site-packages/airflow/example_dags/example_dynamic_task_mapping_with_no_taskflow_operators.py for tasks to queue
[2025-11-09T22:29:29.316+0000] {logging_mixin.py:190} INFO - [2025-11-09T22:29:29.316+0000] {dagbag.py:588} INFO - Filling up the DagBag from /home/airflow/.local/lib/python3.12/site-packages/airflow/example_dags/example_dynamic_task_mapping_with_no_taskflow_operators.py
[2025-11-09T22:29:29.332+0000] {processor.py:925} INFO - DAG(s) 'example_dynamic_task_mapping_with_no_taskflow_operators' retrieved from /home/airflow/.local/lib/python3.12/site-packages/airflow/example_dags/example_dynamic_task_mapping_with_no_taskflow_operators.py
[2025-11-09T22:29:29.368+0000] {logging_mixin.py:190} INFO - [2025-11-09T22:29:29.368+0000] {dag.py:3239} INFO - Sync 1 DAGs
[2025-11-09T22:29:29.393+0000] {logging_mixin.py:190} INFO - [2025-11-09T22:29:29.393+0000] {dag.py:4180} INFO - Setting next_dagrun for example_dynamic_task_mapping_with_no_taskflow_operators to None, run_after=None
[2025-11-09T22:29:29.425+0000] {processor.py:208} INFO - Processing /home/airflow/.local/lib/python3.12/site-packages/airflow/example_dags/example_dynamic_task_mapping_with_no_taskflow_operators.py took 0.126 seconds
[2025-11-09T22:29:59.819+0000] {processor.py:186} INFO - Started process (PID=10299) to work on /home/airflow/.local/lib/python3.12/site-packages/airflow/example_dags/example_dynamic_task_mapping_with_no_taskflow_operators.py
[2025-11-09T22:29:59.822+0000] {processor.py:914} INFO - Processing file /home/airflow/.local/lib/python3.12/site-packages/airflow/example_dags/example_dynamic_task_mapping_with_no_taskflow_operators.py for tasks to queue
[2025-11-09T22:29:59.828+0000] {logging_mixin.py:190} INFO - [2025-11-09T22:29:59.827+0000] {dagbag.py:588} INFO - Filling up the DagBag from /home/airflow/.local/lib/python3.12/site-packages/airflow/example_dags/example_dynamic_task_mapping_with_no_taskflow_operators.py
[2025-11-09T22:29:59.844+0000] {processor.py:925} INFO - DAG(s) 'example_dynamic_task_mapping_with_no_taskflow_operators' retrieved from /home/airflow/.local/lib/python3.12/site-packages/airflow/example_dags/example_dynamic_task_mapping_with_no_taskflow_operators.py
[2025-11-09T22:29:59.885+0000] {logging_mixin.py:190} INFO - [2025-11-09T22:29:59.884+0000] {dag.py:3239} INFO - Sync 1 DAGs
[2025-11-09T22:29:59.928+0000] {logging_mixin.py:190} INFO - [2025-11-09T22:29:59.927+0000] {dag.py:4180} INFO - Setting next_dagrun for example_dynamic_task_mapping_with_no_taskflow_operators to None, run_after=None
[2025-11-09T22:29:59.985+0000] {processor.py:208} INFO - Processing /home/airflow/.local/lib/python3.12/site-packages/airflow/example_dags/example_dynamic_task_mapping_with_no_taskflow_operators.py took 0.177 seconds
