[2025-11-09T20:27:48.296+0000] {processor.py:186} INFO - Started process (PID=92) to work on /home/airflow/.local/lib/python3.12/site-packages/airflow/example_dags/example_local_kubernetes_executor.py
[2025-11-09T20:27:48.299+0000] {processor.py:914} INFO - Processing file /home/airflow/.local/lib/python3.12/site-packages/airflow/example_dags/example_local_kubernetes_executor.py for tasks to queue
[2025-11-09T20:27:48.303+0000] {logging_mixin.py:190} INFO - [2025-11-09T20:27:48.303+0000] {dagbag.py:588} INFO - Filling up the DagBag from /home/airflow/.local/lib/python3.12/site-packages/airflow/example_dags/example_local_kubernetes_executor.py
[2025-11-09T20:27:48.329+0000] {processor.py:925} INFO - DAG(s) 'example_local_kubernetes_executor' retrieved from /home/airflow/.local/lib/python3.12/site-packages/airflow/example_dags/example_local_kubernetes_executor.py
[2025-11-09T20:27:48.603+0000] {logging_mixin.py:190} INFO - [2025-11-09T20:27:48.602+0000] {override.py:1911} INFO - Created Permission View: can edit on DAG:example_local_kubernetes_executor
[2025-11-09T20:27:48.625+0000] {logging_mixin.py:190} INFO - [2025-11-09T20:27:48.625+0000] {override.py:1911} INFO - Created Permission View: can read on DAG:example_local_kubernetes_executor
[2025-11-09T20:27:48.639+0000] {logging_mixin.py:190} INFO - [2025-11-09T20:27:48.638+0000] {override.py:1911} INFO - Created Permission View: can delete on DAG:example_local_kubernetes_executor
[2025-11-09T20:27:48.654+0000] {logging_mixin.py:190} INFO - [2025-11-09T20:27:48.653+0000] {override.py:1911} INFO - Created Permission View: can read on DAG Run:example_local_kubernetes_executor
[2025-11-09T20:27:48.667+0000] {logging_mixin.py:190} INFO - [2025-11-09T20:27:48.666+0000] {override.py:1911} INFO - Created Permission View: can create on DAG Run:example_local_kubernetes_executor
[2025-11-09T20:27:48.680+0000] {logging_mixin.py:190} INFO - [2025-11-09T20:27:48.680+0000] {override.py:1911} INFO - Created Permission View: menu access on DAG Run:example_local_kubernetes_executor
[2025-11-09T20:27:48.693+0000] {logging_mixin.py:190} INFO - [2025-11-09T20:27:48.693+0000] {override.py:1911} INFO - Created Permission View: can delete on DAG Run:example_local_kubernetes_executor
[2025-11-09T20:27:48.694+0000] {logging_mixin.py:190} INFO - [2025-11-09T20:27:48.694+0000] {dag.py:3239} INFO - Sync 1 DAGs
[2025-11-09T20:27:48.717+0000] {logging_mixin.py:190} INFO - [2025-11-09T20:27:48.717+0000] {dag.py:3262} INFO - Creating ORM DAG for example_local_kubernetes_executor
[2025-11-09T20:27:48.720+0000] {logging_mixin.py:190} INFO - [2025-11-09T20:27:48.719+0000] {dag.py:4180} INFO - Setting next_dagrun for example_local_kubernetes_executor to None, run_after=None
[2025-11-09T20:27:48.749+0000] {processor.py:208} INFO - Processing /home/airflow/.local/lib/python3.12/site-packages/airflow/example_dags/example_local_kubernetes_executor.py took 0.466 seconds
[2025-11-09T20:28:18.907+0000] {processor.py:186} INFO - Started process (PID=155) to work on /home/airflow/.local/lib/python3.12/site-packages/airflow/example_dags/example_local_kubernetes_executor.py
[2025-11-09T20:28:18.910+0000] {processor.py:914} INFO - Processing file /home/airflow/.local/lib/python3.12/site-packages/airflow/example_dags/example_local_kubernetes_executor.py for tasks to queue
[2025-11-09T20:28:18.916+0000] {logging_mixin.py:190} INFO - [2025-11-09T20:28:18.915+0000] {dagbag.py:588} INFO - Filling up the DagBag from /home/airflow/.local/lib/python3.12/site-packages/airflow/example_dags/example_local_kubernetes_executor.py
[2025-11-09T20:28:18.940+0000] {processor.py:925} INFO - DAG(s) 'example_local_kubernetes_executor' retrieved from /home/airflow/.local/lib/python3.12/site-packages/airflow/example_dags/example_local_kubernetes_executor.py
[2025-11-09T20:28:19.042+0000] {logging_mixin.py:190} INFO - [2025-11-09T20:28:19.041+0000] {dag.py:3239} INFO - Sync 1 DAGs
[2025-11-09T20:28:19.098+0000] {logging_mixin.py:190} INFO - [2025-11-09T20:28:19.098+0000] {dag.py:4180} INFO - Setting next_dagrun for example_local_kubernetes_executor to None, run_after=None
[2025-11-09T20:28:19.162+0000] {processor.py:208} INFO - Processing /home/airflow/.local/lib/python3.12/site-packages/airflow/example_dags/example_local_kubernetes_executor.py took 0.273 seconds
[2025-11-09T20:28:49.816+0000] {processor.py:186} INFO - Started process (PID=218) to work on /home/airflow/.local/lib/python3.12/site-packages/airflow/example_dags/example_local_kubernetes_executor.py
[2025-11-09T20:28:49.818+0000] {processor.py:914} INFO - Processing file /home/airflow/.local/lib/python3.12/site-packages/airflow/example_dags/example_local_kubernetes_executor.py for tasks to queue
[2025-11-09T20:28:49.823+0000] {logging_mixin.py:190} INFO - [2025-11-09T20:28:49.822+0000] {dagbag.py:588} INFO - Filling up the DagBag from /home/airflow/.local/lib/python3.12/site-packages/airflow/example_dags/example_local_kubernetes_executor.py
[2025-11-09T20:28:49.839+0000] {processor.py:925} INFO - DAG(s) 'example_local_kubernetes_executor' retrieved from /home/airflow/.local/lib/python3.12/site-packages/airflow/example_dags/example_local_kubernetes_executor.py
[2025-11-09T20:28:49.899+0000] {logging_mixin.py:190} INFO - [2025-11-09T20:28:49.898+0000] {dag.py:3239} INFO - Sync 1 DAGs
[2025-11-09T20:28:49.923+0000] {logging_mixin.py:190} INFO - [2025-11-09T20:28:49.923+0000] {dag.py:4180} INFO - Setting next_dagrun for example_local_kubernetes_executor to None, run_after=None
[2025-11-09T20:28:49.955+0000] {processor.py:208} INFO - Processing /home/airflow/.local/lib/python3.12/site-packages/airflow/example_dags/example_local_kubernetes_executor.py took 0.149 seconds
[2025-11-09T20:29:21.023+0000] {processor.py:186} INFO - Started process (PID=281) to work on /home/airflow/.local/lib/python3.12/site-packages/airflow/example_dags/example_local_kubernetes_executor.py
[2025-11-09T20:29:21.025+0000] {processor.py:914} INFO - Processing file /home/airflow/.local/lib/python3.12/site-packages/airflow/example_dags/example_local_kubernetes_executor.py for tasks to queue
[2025-11-09T20:29:21.031+0000] {logging_mixin.py:190} INFO - [2025-11-09T20:29:21.030+0000] {dagbag.py:588} INFO - Filling up the DagBag from /home/airflow/.local/lib/python3.12/site-packages/airflow/example_dags/example_local_kubernetes_executor.py
[2025-11-09T20:29:21.051+0000] {processor.py:925} INFO - DAG(s) 'example_local_kubernetes_executor' retrieved from /home/airflow/.local/lib/python3.12/site-packages/airflow/example_dags/example_local_kubernetes_executor.py
[2025-11-09T20:29:21.120+0000] {logging_mixin.py:190} INFO - [2025-11-09T20:29:21.120+0000] {dag.py:3239} INFO - Sync 1 DAGs
[2025-11-09T20:29:21.150+0000] {logging_mixin.py:190} INFO - [2025-11-09T20:29:21.150+0000] {dag.py:4180} INFO - Setting next_dagrun for example_local_kubernetes_executor to None, run_after=None
[2025-11-09T20:29:21.189+0000] {processor.py:208} INFO - Processing /home/airflow/.local/lib/python3.12/site-packages/airflow/example_dags/example_local_kubernetes_executor.py took 0.178 seconds
[2025-11-09T20:29:51.634+0000] {processor.py:186} INFO - Started process (PID=343) to work on /home/airflow/.local/lib/python3.12/site-packages/airflow/example_dags/example_local_kubernetes_executor.py
[2025-11-09T20:29:51.636+0000] {processor.py:914} INFO - Processing file /home/airflow/.local/lib/python3.12/site-packages/airflow/example_dags/example_local_kubernetes_executor.py for tasks to queue
[2025-11-09T20:29:51.641+0000] {logging_mixin.py:190} INFO - [2025-11-09T20:29:51.640+0000] {dagbag.py:588} INFO - Filling up the DagBag from /home/airflow/.local/lib/python3.12/site-packages/airflow/example_dags/example_local_kubernetes_executor.py
[2025-11-09T20:29:51.657+0000] {processor.py:925} INFO - DAG(s) 'example_local_kubernetes_executor' retrieved from /home/airflow/.local/lib/python3.12/site-packages/airflow/example_dags/example_local_kubernetes_executor.py
[2025-11-09T20:29:51.722+0000] {logging_mixin.py:190} INFO - [2025-11-09T20:29:51.722+0000] {dag.py:3239} INFO - Sync 1 DAGs
[2025-11-09T20:29:51.751+0000] {logging_mixin.py:190} INFO - [2025-11-09T20:29:51.750+0000] {dag.py:4180} INFO - Setting next_dagrun for example_local_kubernetes_executor to None, run_after=None
[2025-11-09T20:29:51.786+0000] {processor.py:208} INFO - Processing /home/airflow/.local/lib/python3.12/site-packages/airflow/example_dags/example_local_kubernetes_executor.py took 0.165 seconds
[2025-11-09T20:30:22.603+0000] {processor.py:186} INFO - Started process (PID=406) to work on /home/airflow/.local/lib/python3.12/site-packages/airflow/example_dags/example_local_kubernetes_executor.py
[2025-11-09T20:30:22.606+0000] {processor.py:914} INFO - Processing file /home/airflow/.local/lib/python3.12/site-packages/airflow/example_dags/example_local_kubernetes_executor.py for tasks to queue
[2025-11-09T20:30:22.612+0000] {logging_mixin.py:190} INFO - [2025-11-09T20:30:22.611+0000] {dagbag.py:588} INFO - Filling up the DagBag from /home/airflow/.local/lib/python3.12/site-packages/airflow/example_dags/example_local_kubernetes_executor.py
[2025-11-09T20:30:22.634+0000] {processor.py:925} INFO - DAG(s) 'example_local_kubernetes_executor' retrieved from /home/airflow/.local/lib/python3.12/site-packages/airflow/example_dags/example_local_kubernetes_executor.py
[2025-11-09T20:30:22.704+0000] {logging_mixin.py:190} INFO - [2025-11-09T20:30:22.704+0000] {dag.py:3239} INFO - Sync 1 DAGs
[2025-11-09T20:30:22.736+0000] {logging_mixin.py:190} INFO - [2025-11-09T20:30:22.736+0000] {dag.py:4180} INFO - Setting next_dagrun for example_local_kubernetes_executor to None, run_after=None
[2025-11-09T20:30:22.780+0000] {processor.py:208} INFO - Processing /home/airflow/.local/lib/python3.12/site-packages/airflow/example_dags/example_local_kubernetes_executor.py took 0.191 seconds
[2025-11-09T20:30:53.068+0000] {processor.py:186} INFO - Started process (PID=470) to work on /home/airflow/.local/lib/python3.12/site-packages/airflow/example_dags/example_local_kubernetes_executor.py
[2025-11-09T20:30:53.070+0000] {processor.py:914} INFO - Processing file /home/airflow/.local/lib/python3.12/site-packages/airflow/example_dags/example_local_kubernetes_executor.py for tasks to queue
[2025-11-09T20:30:53.075+0000] {logging_mixin.py:190} INFO - [2025-11-09T20:30:53.075+0000] {dagbag.py:588} INFO - Filling up the DagBag from /home/airflow/.local/lib/python3.12/site-packages/airflow/example_dags/example_local_kubernetes_executor.py
[2025-11-09T20:30:53.099+0000] {processor.py:925} INFO - DAG(s) 'example_local_kubernetes_executor' retrieved from /home/airflow/.local/lib/python3.12/site-packages/airflow/example_dags/example_local_kubernetes_executor.py
[2025-11-09T20:30:53.170+0000] {logging_mixin.py:190} INFO - [2025-11-09T20:30:53.170+0000] {dag.py:3239} INFO - Sync 1 DAGs
[2025-11-09T20:30:53.199+0000] {logging_mixin.py:190} INFO - [2025-11-09T20:30:53.199+0000] {dag.py:4180} INFO - Setting next_dagrun for example_local_kubernetes_executor to None, run_after=None
[2025-11-09T20:30:53.233+0000] {processor.py:208} INFO - Processing /home/airflow/.local/lib/python3.12/site-packages/airflow/example_dags/example_local_kubernetes_executor.py took 0.175 seconds
[2025-11-09T20:31:23.958+0000] {processor.py:186} INFO - Started process (PID=533) to work on /home/airflow/.local/lib/python3.12/site-packages/airflow/example_dags/example_local_kubernetes_executor.py
[2025-11-09T20:31:23.960+0000] {processor.py:914} INFO - Processing file /home/airflow/.local/lib/python3.12/site-packages/airflow/example_dags/example_local_kubernetes_executor.py for tasks to queue
[2025-11-09T20:31:23.965+0000] {logging_mixin.py:190} INFO - [2025-11-09T20:31:23.964+0000] {dagbag.py:588} INFO - Filling up the DagBag from /home/airflow/.local/lib/python3.12/site-packages/airflow/example_dags/example_local_kubernetes_executor.py
[2025-11-09T20:31:23.985+0000] {processor.py:925} INFO - DAG(s) 'example_local_kubernetes_executor' retrieved from /home/airflow/.local/lib/python3.12/site-packages/airflow/example_dags/example_local_kubernetes_executor.py
[2025-11-09T20:31:24.050+0000] {logging_mixin.py:190} INFO - [2025-11-09T20:31:24.050+0000] {dag.py:3239} INFO - Sync 1 DAGs
[2025-11-09T20:31:24.076+0000] {logging_mixin.py:190} INFO - [2025-11-09T20:31:24.076+0000] {dag.py:4180} INFO - Setting next_dagrun for example_local_kubernetes_executor to None, run_after=None
[2025-11-09T20:31:24.112+0000] {processor.py:208} INFO - Processing /home/airflow/.local/lib/python3.12/site-packages/airflow/example_dags/example_local_kubernetes_executor.py took 0.163 seconds
[2025-11-09T20:31:54.492+0000] {processor.py:186} INFO - Started process (PID=596) to work on /home/airflow/.local/lib/python3.12/site-packages/airflow/example_dags/example_local_kubernetes_executor.py
[2025-11-09T20:31:54.493+0000] {processor.py:914} INFO - Processing file /home/airflow/.local/lib/python3.12/site-packages/airflow/example_dags/example_local_kubernetes_executor.py for tasks to queue
[2025-11-09T20:31:54.501+0000] {logging_mixin.py:190} INFO - [2025-11-09T20:31:54.500+0000] {dagbag.py:588} INFO - Filling up the DagBag from /home/airflow/.local/lib/python3.12/site-packages/airflow/example_dags/example_local_kubernetes_executor.py
[2025-11-09T20:31:54.519+0000] {processor.py:925} INFO - DAG(s) 'example_local_kubernetes_executor' retrieved from /home/airflow/.local/lib/python3.12/site-packages/airflow/example_dags/example_local_kubernetes_executor.py
[2025-11-09T20:31:54.571+0000] {logging_mixin.py:190} INFO - [2025-11-09T20:31:54.571+0000] {dag.py:3239} INFO - Sync 1 DAGs
[2025-11-09T20:31:54.600+0000] {logging_mixin.py:190} INFO - [2025-11-09T20:31:54.600+0000] {dag.py:4180} INFO - Setting next_dagrun for example_local_kubernetes_executor to None, run_after=None
[2025-11-09T20:31:54.639+0000] {processor.py:208} INFO - Processing /home/airflow/.local/lib/python3.12/site-packages/airflow/example_dags/example_local_kubernetes_executor.py took 0.157 seconds
[2025-11-09T20:32:24.729+0000] {processor.py:186} INFO - Started process (PID=659) to work on /home/airflow/.local/lib/python3.12/site-packages/airflow/example_dags/example_local_kubernetes_executor.py
[2025-11-09T20:32:24.731+0000] {processor.py:914} INFO - Processing file /home/airflow/.local/lib/python3.12/site-packages/airflow/example_dags/example_local_kubernetes_executor.py for tasks to queue
[2025-11-09T20:32:24.736+0000] {logging_mixin.py:190} INFO - [2025-11-09T20:32:24.736+0000] {dagbag.py:588} INFO - Filling up the DagBag from /home/airflow/.local/lib/python3.12/site-packages/airflow/example_dags/example_local_kubernetes_executor.py
[2025-11-09T20:32:24.756+0000] {processor.py:925} INFO - DAG(s) 'example_local_kubernetes_executor' retrieved from /home/airflow/.local/lib/python3.12/site-packages/airflow/example_dags/example_local_kubernetes_executor.py
[2025-11-09T20:32:24.813+0000] {logging_mixin.py:190} INFO - [2025-11-09T20:32:24.813+0000] {dag.py:3239} INFO - Sync 1 DAGs
[2025-11-09T20:32:24.838+0000] {logging_mixin.py:190} INFO - [2025-11-09T20:32:24.837+0000] {dag.py:4180} INFO - Setting next_dagrun for example_local_kubernetes_executor to None, run_after=None
[2025-11-09T20:32:24.872+0000] {processor.py:208} INFO - Processing /home/airflow/.local/lib/python3.12/site-packages/airflow/example_dags/example_local_kubernetes_executor.py took 0.153 seconds
[2025-11-09T20:32:55.047+0000] {processor.py:186} INFO - Started process (PID=722) to work on /home/airflow/.local/lib/python3.12/site-packages/airflow/example_dags/example_local_kubernetes_executor.py
[2025-11-09T20:32:55.049+0000] {processor.py:914} INFO - Processing file /home/airflow/.local/lib/python3.12/site-packages/airflow/example_dags/example_local_kubernetes_executor.py for tasks to queue
[2025-11-09T20:32:55.056+0000] {logging_mixin.py:190} INFO - [2025-11-09T20:32:55.055+0000] {dagbag.py:588} INFO - Filling up the DagBag from /home/airflow/.local/lib/python3.12/site-packages/airflow/example_dags/example_local_kubernetes_executor.py
[2025-11-09T20:32:55.077+0000] {processor.py:925} INFO - DAG(s) 'example_local_kubernetes_executor' retrieved from /home/airflow/.local/lib/python3.12/site-packages/airflow/example_dags/example_local_kubernetes_executor.py
[2025-11-09T20:32:55.142+0000] {logging_mixin.py:190} INFO - [2025-11-09T20:32:55.141+0000] {dag.py:3239} INFO - Sync 1 DAGs
[2025-11-09T20:32:55.165+0000] {logging_mixin.py:190} INFO - [2025-11-09T20:32:55.165+0000] {dag.py:4180} INFO - Setting next_dagrun for example_local_kubernetes_executor to None, run_after=None
[2025-11-09T20:32:55.198+0000] {processor.py:208} INFO - Processing /home/airflow/.local/lib/python3.12/site-packages/airflow/example_dags/example_local_kubernetes_executor.py took 0.165 seconds
[2025-11-09T20:33:25.421+0000] {processor.py:186} INFO - Started process (PID=785) to work on /home/airflow/.local/lib/python3.12/site-packages/airflow/example_dags/example_local_kubernetes_executor.py
[2025-11-09T20:33:25.423+0000] {processor.py:914} INFO - Processing file /home/airflow/.local/lib/python3.12/site-packages/airflow/example_dags/example_local_kubernetes_executor.py for tasks to queue
[2025-11-09T20:33:25.427+0000] {logging_mixin.py:190} INFO - [2025-11-09T20:33:25.427+0000] {dagbag.py:588} INFO - Filling up the DagBag from /home/airflow/.local/lib/python3.12/site-packages/airflow/example_dags/example_local_kubernetes_executor.py
[2025-11-09T20:33:25.444+0000] {processor.py:925} INFO - DAG(s) 'example_local_kubernetes_executor' retrieved from /home/airflow/.local/lib/python3.12/site-packages/airflow/example_dags/example_local_kubernetes_executor.py
[2025-11-09T20:33:25.502+0000] {logging_mixin.py:190} INFO - [2025-11-09T20:33:25.501+0000] {dag.py:3239} INFO - Sync 1 DAGs
[2025-11-09T20:33:25.526+0000] {logging_mixin.py:190} INFO - [2025-11-09T20:33:25.525+0000] {dag.py:4180} INFO - Setting next_dagrun for example_local_kubernetes_executor to None, run_after=None
[2025-11-09T20:33:25.555+0000] {processor.py:208} INFO - Processing /home/airflow/.local/lib/python3.12/site-packages/airflow/example_dags/example_local_kubernetes_executor.py took 0.148 seconds
[2025-11-09T20:33:56.326+0000] {processor.py:186} INFO - Started process (PID=848) to work on /home/airflow/.local/lib/python3.12/site-packages/airflow/example_dags/example_local_kubernetes_executor.py
[2025-11-09T20:33:56.328+0000] {processor.py:914} INFO - Processing file /home/airflow/.local/lib/python3.12/site-packages/airflow/example_dags/example_local_kubernetes_executor.py for tasks to queue
[2025-11-09T20:33:56.335+0000] {logging_mixin.py:190} INFO - [2025-11-09T20:33:56.334+0000] {dagbag.py:588} INFO - Filling up the DagBag from /home/airflow/.local/lib/python3.12/site-packages/airflow/example_dags/example_local_kubernetes_executor.py
[2025-11-09T20:33:56.351+0000] {processor.py:925} INFO - DAG(s) 'example_local_kubernetes_executor' retrieved from /home/airflow/.local/lib/python3.12/site-packages/airflow/example_dags/example_local_kubernetes_executor.py
[2025-11-09T20:33:56.408+0000] {logging_mixin.py:190} INFO - [2025-11-09T20:33:56.408+0000] {dag.py:3239} INFO - Sync 1 DAGs
[2025-11-09T20:33:56.455+0000] {logging_mixin.py:190} INFO - [2025-11-09T20:33:56.454+0000] {dag.py:4180} INFO - Setting next_dagrun for example_local_kubernetes_executor to None, run_after=None
[2025-11-09T20:33:56.496+0000] {processor.py:208} INFO - Processing /home/airflow/.local/lib/python3.12/site-packages/airflow/example_dags/example_local_kubernetes_executor.py took 0.180 seconds
[2025-11-09T20:34:27.543+0000] {processor.py:186} INFO - Started process (PID=912) to work on /home/airflow/.local/lib/python3.12/site-packages/airflow/example_dags/example_local_kubernetes_executor.py
[2025-11-09T20:34:27.545+0000] {processor.py:914} INFO - Processing file /home/airflow/.local/lib/python3.12/site-packages/airflow/example_dags/example_local_kubernetes_executor.py for tasks to queue
[2025-11-09T20:34:27.553+0000] {logging_mixin.py:190} INFO - [2025-11-09T20:34:27.552+0000] {dagbag.py:588} INFO - Filling up the DagBag from /home/airflow/.local/lib/python3.12/site-packages/airflow/example_dags/example_local_kubernetes_executor.py
[2025-11-09T20:34:27.589+0000] {processor.py:925} INFO - DAG(s) 'example_local_kubernetes_executor' retrieved from /home/airflow/.local/lib/python3.12/site-packages/airflow/example_dags/example_local_kubernetes_executor.py
[2025-11-09T20:34:27.666+0000] {logging_mixin.py:190} INFO - [2025-11-09T20:34:27.666+0000] {dag.py:3239} INFO - Sync 1 DAGs
[2025-11-09T20:34:27.696+0000] {logging_mixin.py:190} INFO - [2025-11-09T20:34:27.695+0000] {dag.py:4180} INFO - Setting next_dagrun for example_local_kubernetes_executor to None, run_after=None
[2025-11-09T20:34:27.734+0000] {processor.py:208} INFO - Processing /home/airflow/.local/lib/python3.12/site-packages/airflow/example_dags/example_local_kubernetes_executor.py took 0.216 seconds
[2025-11-09T20:34:57.846+0000] {processor.py:186} INFO - Started process (PID=974) to work on /home/airflow/.local/lib/python3.12/site-packages/airflow/example_dags/example_local_kubernetes_executor.py
[2025-11-09T20:34:57.848+0000] {processor.py:914} INFO - Processing file /home/airflow/.local/lib/python3.12/site-packages/airflow/example_dags/example_local_kubernetes_executor.py for tasks to queue
[2025-11-09T20:34:57.853+0000] {logging_mixin.py:190} INFO - [2025-11-09T20:34:57.852+0000] {dagbag.py:588} INFO - Filling up the DagBag from /home/airflow/.local/lib/python3.12/site-packages/airflow/example_dags/example_local_kubernetes_executor.py
[2025-11-09T20:34:57.872+0000] {processor.py:925} INFO - DAG(s) 'example_local_kubernetes_executor' retrieved from /home/airflow/.local/lib/python3.12/site-packages/airflow/example_dags/example_local_kubernetes_executor.py
[2025-11-09T20:34:57.931+0000] {logging_mixin.py:190} INFO - [2025-11-09T20:34:57.930+0000] {dag.py:3239} INFO - Sync 1 DAGs
[2025-11-09T20:34:57.957+0000] {logging_mixin.py:190} INFO - [2025-11-09T20:34:57.957+0000] {dag.py:4180} INFO - Setting next_dagrun for example_local_kubernetes_executor to None, run_after=None
[2025-11-09T20:34:57.993+0000] {processor.py:208} INFO - Processing /home/airflow/.local/lib/python3.12/site-packages/airflow/example_dags/example_local_kubernetes_executor.py took 0.157 seconds
[2025-11-09T20:35:28.167+0000] {processor.py:186} INFO - Started process (PID=1037) to work on /home/airflow/.local/lib/python3.12/site-packages/airflow/example_dags/example_local_kubernetes_executor.py
[2025-11-09T20:35:28.169+0000] {processor.py:914} INFO - Processing file /home/airflow/.local/lib/python3.12/site-packages/airflow/example_dags/example_local_kubernetes_executor.py for tasks to queue
[2025-11-09T20:35:28.173+0000] {logging_mixin.py:190} INFO - [2025-11-09T20:35:28.173+0000] {dagbag.py:588} INFO - Filling up the DagBag from /home/airflow/.local/lib/python3.12/site-packages/airflow/example_dags/example_local_kubernetes_executor.py
[2025-11-09T20:35:28.189+0000] {processor.py:925} INFO - DAG(s) 'example_local_kubernetes_executor' retrieved from /home/airflow/.local/lib/python3.12/site-packages/airflow/example_dags/example_local_kubernetes_executor.py
[2025-11-09T20:35:28.244+0000] {logging_mixin.py:190} INFO - [2025-11-09T20:35:28.244+0000] {dag.py:3239} INFO - Sync 1 DAGs
[2025-11-09T20:35:28.272+0000] {logging_mixin.py:190} INFO - [2025-11-09T20:35:28.272+0000] {dag.py:4180} INFO - Setting next_dagrun for example_local_kubernetes_executor to None, run_after=None
[2025-11-09T20:35:28.306+0000] {processor.py:208} INFO - Processing /home/airflow/.local/lib/python3.12/site-packages/airflow/example_dags/example_local_kubernetes_executor.py took 0.148 seconds
[2025-11-09T20:35:58.797+0000] {processor.py:186} INFO - Started process (PID=1100) to work on /home/airflow/.local/lib/python3.12/site-packages/airflow/example_dags/example_local_kubernetes_executor.py
[2025-11-09T20:35:58.799+0000] {processor.py:914} INFO - Processing file /home/airflow/.local/lib/python3.12/site-packages/airflow/example_dags/example_local_kubernetes_executor.py for tasks to queue
[2025-11-09T20:35:58.803+0000] {logging_mixin.py:190} INFO - [2025-11-09T20:35:58.802+0000] {dagbag.py:588} INFO - Filling up the DagBag from /home/airflow/.local/lib/python3.12/site-packages/airflow/example_dags/example_local_kubernetes_executor.py
[2025-11-09T20:35:58.821+0000] {processor.py:925} INFO - DAG(s) 'example_local_kubernetes_executor' retrieved from /home/airflow/.local/lib/python3.12/site-packages/airflow/example_dags/example_local_kubernetes_executor.py
[2025-11-09T20:35:58.878+0000] {logging_mixin.py:190} INFO - [2025-11-09T20:35:58.878+0000] {dag.py:3239} INFO - Sync 1 DAGs
[2025-11-09T20:35:58.901+0000] {logging_mixin.py:190} INFO - [2025-11-09T20:35:58.901+0000] {dag.py:4180} INFO - Setting next_dagrun for example_local_kubernetes_executor to None, run_after=None
[2025-11-09T20:35:58.940+0000] {processor.py:208} INFO - Processing /home/airflow/.local/lib/python3.12/site-packages/airflow/example_dags/example_local_kubernetes_executor.py took 0.154 seconds
[2025-11-09T20:36:29.687+0000] {processor.py:186} INFO - Started process (PID=1168) to work on /home/airflow/.local/lib/python3.12/site-packages/airflow/example_dags/example_local_kubernetes_executor.py
[2025-11-09T20:36:29.689+0000] {processor.py:914} INFO - Processing file /home/airflow/.local/lib/python3.12/site-packages/airflow/example_dags/example_local_kubernetes_executor.py for tasks to queue
[2025-11-09T20:36:29.694+0000] {logging_mixin.py:190} INFO - [2025-11-09T20:36:29.693+0000] {dagbag.py:588} INFO - Filling up the DagBag from /home/airflow/.local/lib/python3.12/site-packages/airflow/example_dags/example_local_kubernetes_executor.py
[2025-11-09T20:36:29.717+0000] {processor.py:925} INFO - DAG(s) 'example_local_kubernetes_executor' retrieved from /home/airflow/.local/lib/python3.12/site-packages/airflow/example_dags/example_local_kubernetes_executor.py
[2025-11-09T20:36:29.782+0000] {logging_mixin.py:190} INFO - [2025-11-09T20:36:29.782+0000] {dag.py:3239} INFO - Sync 1 DAGs
[2025-11-09T20:36:29.811+0000] {logging_mixin.py:190} INFO - [2025-11-09T20:36:29.811+0000] {dag.py:4180} INFO - Setting next_dagrun for example_local_kubernetes_executor to None, run_after=None
[2025-11-09T20:36:29.852+0000] {processor.py:208} INFO - Processing /home/airflow/.local/lib/python3.12/site-packages/airflow/example_dags/example_local_kubernetes_executor.py took 0.176 seconds
[2025-11-09T20:36:59.998+0000] {processor.py:186} INFO - Started process (PID=1232) to work on /home/airflow/.local/lib/python3.12/site-packages/airflow/example_dags/example_local_kubernetes_executor.py
[2025-11-09T20:36:59.999+0000] {processor.py:914} INFO - Processing file /home/airflow/.local/lib/python3.12/site-packages/airflow/example_dags/example_local_kubernetes_executor.py for tasks to queue
[2025-11-09T20:37:00.004+0000] {logging_mixin.py:190} INFO - [2025-11-09T20:37:00.004+0000] {dagbag.py:588} INFO - Filling up the DagBag from /home/airflow/.local/lib/python3.12/site-packages/airflow/example_dags/example_local_kubernetes_executor.py
[2025-11-09T20:37:00.028+0000] {processor.py:925} INFO - DAG(s) 'example_local_kubernetes_executor' retrieved from /home/airflow/.local/lib/python3.12/site-packages/airflow/example_dags/example_local_kubernetes_executor.py
[2025-11-09T20:37:00.098+0000] {logging_mixin.py:190} INFO - [2025-11-09T20:37:00.097+0000] {dag.py:3239} INFO - Sync 1 DAGs
[2025-11-09T20:37:00.130+0000] {logging_mixin.py:190} INFO - [2025-11-09T20:37:00.130+0000] {dag.py:4180} INFO - Setting next_dagrun for example_local_kubernetes_executor to None, run_after=None
[2025-11-09T20:37:00.170+0000] {processor.py:208} INFO - Processing /home/airflow/.local/lib/python3.12/site-packages/airflow/example_dags/example_local_kubernetes_executor.py took 0.184 seconds
[2025-11-09T20:37:30.436+0000] {processor.py:186} INFO - Started process (PID=1295) to work on /home/airflow/.local/lib/python3.12/site-packages/airflow/example_dags/example_local_kubernetes_executor.py
[2025-11-09T20:37:30.438+0000] {processor.py:914} INFO - Processing file /home/airflow/.local/lib/python3.12/site-packages/airflow/example_dags/example_local_kubernetes_executor.py for tasks to queue
[2025-11-09T20:37:30.441+0000] {logging_mixin.py:190} INFO - [2025-11-09T20:37:30.441+0000] {dagbag.py:588} INFO - Filling up the DagBag from /home/airflow/.local/lib/python3.12/site-packages/airflow/example_dags/example_local_kubernetes_executor.py
[2025-11-09T20:37:30.456+0000] {processor.py:925} INFO - DAG(s) 'example_local_kubernetes_executor' retrieved from /home/airflow/.local/lib/python3.12/site-packages/airflow/example_dags/example_local_kubernetes_executor.py
[2025-11-09T20:37:30.511+0000] {logging_mixin.py:190} INFO - [2025-11-09T20:37:30.510+0000] {dag.py:3239} INFO - Sync 1 DAGs
[2025-11-09T20:37:30.532+0000] {logging_mixin.py:190} INFO - [2025-11-09T20:37:30.532+0000] {dag.py:4180} INFO - Setting next_dagrun for example_local_kubernetes_executor to None, run_after=None
[2025-11-09T20:37:30.559+0000] {processor.py:208} INFO - Processing /home/airflow/.local/lib/python3.12/site-packages/airflow/example_dags/example_local_kubernetes_executor.py took 0.133 seconds
[2025-11-09T20:38:00.749+0000] {processor.py:186} INFO - Started process (PID=1358) to work on /home/airflow/.local/lib/python3.12/site-packages/airflow/example_dags/example_local_kubernetes_executor.py
[2025-11-09T20:38:00.751+0000] {processor.py:914} INFO - Processing file /home/airflow/.local/lib/python3.12/site-packages/airflow/example_dags/example_local_kubernetes_executor.py for tasks to queue
[2025-11-09T20:38:00.755+0000] {logging_mixin.py:190} INFO - [2025-11-09T20:38:00.754+0000] {dagbag.py:588} INFO - Filling up the DagBag from /home/airflow/.local/lib/python3.12/site-packages/airflow/example_dags/example_local_kubernetes_executor.py
[2025-11-09T20:38:00.769+0000] {processor.py:925} INFO - DAG(s) 'example_local_kubernetes_executor' retrieved from /home/airflow/.local/lib/python3.12/site-packages/airflow/example_dags/example_local_kubernetes_executor.py
[2025-11-09T20:38:00.821+0000] {logging_mixin.py:190} INFO - [2025-11-09T20:38:00.821+0000] {dag.py:3239} INFO - Sync 1 DAGs
[2025-11-09T20:38:00.845+0000] {logging_mixin.py:190} INFO - [2025-11-09T20:38:00.845+0000] {dag.py:4180} INFO - Setting next_dagrun for example_local_kubernetes_executor to None, run_after=None
[2025-11-09T20:38:00.872+0000] {processor.py:208} INFO - Processing /home/airflow/.local/lib/python3.12/site-packages/airflow/example_dags/example_local_kubernetes_executor.py took 0.131 seconds
[2025-11-09T20:38:30.956+0000] {processor.py:186} INFO - Started process (PID=1420) to work on /home/airflow/.local/lib/python3.12/site-packages/airflow/example_dags/example_local_kubernetes_executor.py
[2025-11-09T20:38:30.959+0000] {processor.py:914} INFO - Processing file /home/airflow/.local/lib/python3.12/site-packages/airflow/example_dags/example_local_kubernetes_executor.py for tasks to queue
[2025-11-09T20:38:30.964+0000] {logging_mixin.py:190} INFO - [2025-11-09T20:38:30.963+0000] {dagbag.py:588} INFO - Filling up the DagBag from /home/airflow/.local/lib/python3.12/site-packages/airflow/example_dags/example_local_kubernetes_executor.py
[2025-11-09T20:38:30.980+0000] {processor.py:925} INFO - DAG(s) 'example_local_kubernetes_executor' retrieved from /home/airflow/.local/lib/python3.12/site-packages/airflow/example_dags/example_local_kubernetes_executor.py
[2025-11-09T20:38:31.046+0000] {logging_mixin.py:190} INFO - [2025-11-09T20:38:31.045+0000] {dag.py:3239} INFO - Sync 1 DAGs
[2025-11-09T20:38:31.073+0000] {logging_mixin.py:190} INFO - [2025-11-09T20:38:31.072+0000] {dag.py:4180} INFO - Setting next_dagrun for example_local_kubernetes_executor to None, run_after=None
[2025-11-09T20:38:31.110+0000] {processor.py:208} INFO - Processing /home/airflow/.local/lib/python3.12/site-packages/airflow/example_dags/example_local_kubernetes_executor.py took 0.162 seconds
[2025-11-09T20:39:01.923+0000] {processor.py:186} INFO - Started process (PID=1483) to work on /home/airflow/.local/lib/python3.12/site-packages/airflow/example_dags/example_local_kubernetes_executor.py
[2025-11-09T20:39:01.926+0000] {processor.py:914} INFO - Processing file /home/airflow/.local/lib/python3.12/site-packages/airflow/example_dags/example_local_kubernetes_executor.py for tasks to queue
[2025-11-09T20:39:01.931+0000] {logging_mixin.py:190} INFO - [2025-11-09T20:39:01.930+0000] {dagbag.py:588} INFO - Filling up the DagBag from /home/airflow/.local/lib/python3.12/site-packages/airflow/example_dags/example_local_kubernetes_executor.py
[2025-11-09T20:39:01.948+0000] {processor.py:925} INFO - DAG(s) 'example_local_kubernetes_executor' retrieved from /home/airflow/.local/lib/python3.12/site-packages/airflow/example_dags/example_local_kubernetes_executor.py
[2025-11-09T20:39:02.005+0000] {logging_mixin.py:190} INFO - [2025-11-09T20:39:02.005+0000] {dag.py:3239} INFO - Sync 1 DAGs
[2025-11-09T20:39:02.028+0000] {logging_mixin.py:190} INFO - [2025-11-09T20:39:02.028+0000] {dag.py:4180} INFO - Setting next_dagrun for example_local_kubernetes_executor to None, run_after=None
[2025-11-09T20:39:02.065+0000] {processor.py:208} INFO - Processing /home/airflow/.local/lib/python3.12/site-packages/airflow/example_dags/example_local_kubernetes_executor.py took 0.150 seconds
[2025-11-09T20:39:32.684+0000] {processor.py:186} INFO - Started process (PID=1546) to work on /home/airflow/.local/lib/python3.12/site-packages/airflow/example_dags/example_local_kubernetes_executor.py
[2025-11-09T20:39:32.686+0000] {processor.py:914} INFO - Processing file /home/airflow/.local/lib/python3.12/site-packages/airflow/example_dags/example_local_kubernetes_executor.py for tasks to queue
[2025-11-09T20:39:32.691+0000] {logging_mixin.py:190} INFO - [2025-11-09T20:39:32.690+0000] {dagbag.py:588} INFO - Filling up the DagBag from /home/airflow/.local/lib/python3.12/site-packages/airflow/example_dags/example_local_kubernetes_executor.py
[2025-11-09T20:39:32.711+0000] {processor.py:925} INFO - DAG(s) 'example_local_kubernetes_executor' retrieved from /home/airflow/.local/lib/python3.12/site-packages/airflow/example_dags/example_local_kubernetes_executor.py
[2025-11-09T20:39:32.775+0000] {logging_mixin.py:190} INFO - [2025-11-09T20:39:32.775+0000] {dag.py:3239} INFO - Sync 1 DAGs
[2025-11-09T20:39:32.808+0000] {logging_mixin.py:190} INFO - [2025-11-09T20:39:32.808+0000] {dag.py:4180} INFO - Setting next_dagrun for example_local_kubernetes_executor to None, run_after=None
[2025-11-09T20:39:32.848+0000] {processor.py:208} INFO - Processing /home/airflow/.local/lib/python3.12/site-packages/airflow/example_dags/example_local_kubernetes_executor.py took 0.176 seconds
[2025-11-09T20:40:03.089+0000] {processor.py:186} INFO - Started process (PID=1609) to work on /home/airflow/.local/lib/python3.12/site-packages/airflow/example_dags/example_local_kubernetes_executor.py
[2025-11-09T20:40:03.091+0000] {processor.py:914} INFO - Processing file /home/airflow/.local/lib/python3.12/site-packages/airflow/example_dags/example_local_kubernetes_executor.py for tasks to queue
[2025-11-09T20:40:03.097+0000] {logging_mixin.py:190} INFO - [2025-11-09T20:40:03.097+0000] {dagbag.py:588} INFO - Filling up the DagBag from /home/airflow/.local/lib/python3.12/site-packages/airflow/example_dags/example_local_kubernetes_executor.py
[2025-11-09T20:40:03.118+0000] {processor.py:925} INFO - DAG(s) 'example_local_kubernetes_executor' retrieved from /home/airflow/.local/lib/python3.12/site-packages/airflow/example_dags/example_local_kubernetes_executor.py
[2025-11-09T20:40:03.178+0000] {logging_mixin.py:190} INFO - [2025-11-09T20:40:03.178+0000] {dag.py:3239} INFO - Sync 1 DAGs
[2025-11-09T20:40:03.203+0000] {logging_mixin.py:190} INFO - [2025-11-09T20:40:03.203+0000] {dag.py:4180} INFO - Setting next_dagrun for example_local_kubernetes_executor to None, run_after=None
[2025-11-09T20:40:03.238+0000] {processor.py:208} INFO - Processing /home/airflow/.local/lib/python3.12/site-packages/airflow/example_dags/example_local_kubernetes_executor.py took 0.159 seconds
[2025-11-09T20:40:34.300+0000] {processor.py:186} INFO - Started process (PID=1672) to work on /home/airflow/.local/lib/python3.12/site-packages/airflow/example_dags/example_local_kubernetes_executor.py
[2025-11-09T20:40:34.302+0000] {processor.py:914} INFO - Processing file /home/airflow/.local/lib/python3.12/site-packages/airflow/example_dags/example_local_kubernetes_executor.py for tasks to queue
[2025-11-09T20:40:34.308+0000] {logging_mixin.py:190} INFO - [2025-11-09T20:40:34.307+0000] {dagbag.py:588} INFO - Filling up the DagBag from /home/airflow/.local/lib/python3.12/site-packages/airflow/example_dags/example_local_kubernetes_executor.py
[2025-11-09T20:40:34.329+0000] {processor.py:925} INFO - DAG(s) 'example_local_kubernetes_executor' retrieved from /home/airflow/.local/lib/python3.12/site-packages/airflow/example_dags/example_local_kubernetes_executor.py
[2025-11-09T20:40:34.397+0000] {logging_mixin.py:190} INFO - [2025-11-09T20:40:34.396+0000] {dag.py:3239} INFO - Sync 1 DAGs
[2025-11-09T20:40:34.427+0000] {logging_mixin.py:190} INFO - [2025-11-09T20:40:34.426+0000] {dag.py:4180} INFO - Setting next_dagrun for example_local_kubernetes_executor to None, run_after=None
[2025-11-09T20:40:34.461+0000] {processor.py:208} INFO - Processing /home/airflow/.local/lib/python3.12/site-packages/airflow/example_dags/example_local_kubernetes_executor.py took 0.171 seconds
[2025-11-09T20:41:05.204+0000] {processor.py:186} INFO - Started process (PID=1734) to work on /home/airflow/.local/lib/python3.12/site-packages/airflow/example_dags/example_local_kubernetes_executor.py
[2025-11-09T20:41:05.206+0000] {processor.py:914} INFO - Processing file /home/airflow/.local/lib/python3.12/site-packages/airflow/example_dags/example_local_kubernetes_executor.py for tasks to queue
[2025-11-09T20:41:05.213+0000] {logging_mixin.py:190} INFO - [2025-11-09T20:41:05.212+0000] {dagbag.py:588} INFO - Filling up the DagBag from /home/airflow/.local/lib/python3.12/site-packages/airflow/example_dags/example_local_kubernetes_executor.py
[2025-11-09T20:41:05.235+0000] {processor.py:925} INFO - DAG(s) 'example_local_kubernetes_executor' retrieved from /home/airflow/.local/lib/python3.12/site-packages/airflow/example_dags/example_local_kubernetes_executor.py
[2025-11-09T20:41:05.312+0000] {logging_mixin.py:190} INFO - [2025-11-09T20:41:05.312+0000] {dag.py:3239} INFO - Sync 1 DAGs
[2025-11-09T20:41:05.340+0000] {logging_mixin.py:190} INFO - [2025-11-09T20:41:05.339+0000] {dag.py:4180} INFO - Setting next_dagrun for example_local_kubernetes_executor to None, run_after=None
[2025-11-09T20:41:05.385+0000] {processor.py:208} INFO - Processing /home/airflow/.local/lib/python3.12/site-packages/airflow/example_dags/example_local_kubernetes_executor.py took 0.192 seconds
[2025-11-09T20:41:35.711+0000] {processor.py:186} INFO - Started process (PID=1797) to work on /home/airflow/.local/lib/python3.12/site-packages/airflow/example_dags/example_local_kubernetes_executor.py
[2025-11-09T20:41:35.715+0000] {processor.py:914} INFO - Processing file /home/airflow/.local/lib/python3.12/site-packages/airflow/example_dags/example_local_kubernetes_executor.py for tasks to queue
[2025-11-09T20:41:35.719+0000] {logging_mixin.py:190} INFO - [2025-11-09T20:41:35.719+0000] {dagbag.py:588} INFO - Filling up the DagBag from /home/airflow/.local/lib/python3.12/site-packages/airflow/example_dags/example_local_kubernetes_executor.py
[2025-11-09T20:41:35.743+0000] {processor.py:925} INFO - DAG(s) 'example_local_kubernetes_executor' retrieved from /home/airflow/.local/lib/python3.12/site-packages/airflow/example_dags/example_local_kubernetes_executor.py
[2025-11-09T20:41:35.814+0000] {logging_mixin.py:190} INFO - [2025-11-09T20:41:35.814+0000] {dag.py:3239} INFO - Sync 1 DAGs
[2025-11-09T20:41:35.844+0000] {logging_mixin.py:190} INFO - [2025-11-09T20:41:35.843+0000] {dag.py:4180} INFO - Setting next_dagrun for example_local_kubernetes_executor to None, run_after=None
[2025-11-09T20:41:35.882+0000] {processor.py:208} INFO - Processing /home/airflow/.local/lib/python3.12/site-packages/airflow/example_dags/example_local_kubernetes_executor.py took 0.187 seconds
[2025-11-09T20:42:06.697+0000] {processor.py:186} INFO - Started process (PID=1860) to work on /home/airflow/.local/lib/python3.12/site-packages/airflow/example_dags/example_local_kubernetes_executor.py
[2025-11-09T20:42:06.715+0000] {processor.py:914} INFO - Processing file /home/airflow/.local/lib/python3.12/site-packages/airflow/example_dags/example_local_kubernetes_executor.py for tasks to queue
[2025-11-09T20:42:06.726+0000] {logging_mixin.py:190} INFO - [2025-11-09T20:42:06.725+0000] {dagbag.py:588} INFO - Filling up the DagBag from /home/airflow/.local/lib/python3.12/site-packages/airflow/example_dags/example_local_kubernetes_executor.py
[2025-11-09T20:42:06.761+0000] {processor.py:925} INFO - DAG(s) 'example_local_kubernetes_executor' retrieved from /home/airflow/.local/lib/python3.12/site-packages/airflow/example_dags/example_local_kubernetes_executor.py
[2025-11-09T20:42:07.000+0000] {logging_mixin.py:190} INFO - [2025-11-09T20:42:06.999+0000] {dag.py:3239} INFO - Sync 1 DAGs
[2025-11-09T20:42:07.051+0000] {logging_mixin.py:190} INFO - [2025-11-09T20:42:07.050+0000] {dag.py:4180} INFO - Setting next_dagrun for example_local_kubernetes_executor to None, run_after=None
[2025-11-09T20:42:07.122+0000] {processor.py:208} INFO - Processing /home/airflow/.local/lib/python3.12/site-packages/airflow/example_dags/example_local_kubernetes_executor.py took 0.462 seconds
[2025-11-09T20:42:37.789+0000] {processor.py:186} INFO - Started process (PID=1924) to work on /home/airflow/.local/lib/python3.12/site-packages/airflow/example_dags/example_local_kubernetes_executor.py
[2025-11-09T20:42:37.795+0000] {processor.py:914} INFO - Processing file /home/airflow/.local/lib/python3.12/site-packages/airflow/example_dags/example_local_kubernetes_executor.py for tasks to queue
[2025-11-09T20:42:37.803+0000] {logging_mixin.py:190} INFO - [2025-11-09T20:42:37.802+0000] {dagbag.py:588} INFO - Filling up the DagBag from /home/airflow/.local/lib/python3.12/site-packages/airflow/example_dags/example_local_kubernetes_executor.py
[2025-11-09T20:42:37.838+0000] {processor.py:925} INFO - DAG(s) 'example_local_kubernetes_executor' retrieved from /home/airflow/.local/lib/python3.12/site-packages/airflow/example_dags/example_local_kubernetes_executor.py
[2025-11-09T20:42:37.951+0000] {logging_mixin.py:190} INFO - [2025-11-09T20:42:37.951+0000] {dag.py:3239} INFO - Sync 1 DAGs
[2025-11-09T20:42:38.002+0000] {logging_mixin.py:190} INFO - [2025-11-09T20:42:38.001+0000] {dag.py:4180} INFO - Setting next_dagrun for example_local_kubernetes_executor to None, run_after=None
[2025-11-09T20:42:38.067+0000] {processor.py:208} INFO - Processing /home/airflow/.local/lib/python3.12/site-packages/airflow/example_dags/example_local_kubernetes_executor.py took 0.299 seconds
[2025-11-09T20:43:09.066+0000] {processor.py:186} INFO - Started process (PID=1987) to work on /home/airflow/.local/lib/python3.12/site-packages/airflow/example_dags/example_local_kubernetes_executor.py
[2025-11-09T20:43:09.069+0000] {processor.py:914} INFO - Processing file /home/airflow/.local/lib/python3.12/site-packages/airflow/example_dags/example_local_kubernetes_executor.py for tasks to queue
[2025-11-09T20:43:09.075+0000] {logging_mixin.py:190} INFO - [2025-11-09T20:43:09.074+0000] {dagbag.py:588} INFO - Filling up the DagBag from /home/airflow/.local/lib/python3.12/site-packages/airflow/example_dags/example_local_kubernetes_executor.py
[2025-11-09T20:43:09.090+0000] {processor.py:925} INFO - DAG(s) 'example_local_kubernetes_executor' retrieved from /home/airflow/.local/lib/python3.12/site-packages/airflow/example_dags/example_local_kubernetes_executor.py
[2025-11-09T20:43:09.148+0000] {logging_mixin.py:190} INFO - [2025-11-09T20:43:09.147+0000] {dag.py:3239} INFO - Sync 1 DAGs
[2025-11-09T20:43:09.172+0000] {logging_mixin.py:190} INFO - [2025-11-09T20:43:09.172+0000] {dag.py:4180} INFO - Setting next_dagrun for example_local_kubernetes_executor to None, run_after=None
[2025-11-09T20:43:09.203+0000] {processor.py:208} INFO - Processing /home/airflow/.local/lib/python3.12/site-packages/airflow/example_dags/example_local_kubernetes_executor.py took 0.145 seconds
[2025-11-09T20:43:39.434+0000] {processor.py:186} INFO - Started process (PID=2052) to work on /home/airflow/.local/lib/python3.12/site-packages/airflow/example_dags/example_local_kubernetes_executor.py
[2025-11-09T20:43:39.436+0000] {processor.py:914} INFO - Processing file /home/airflow/.local/lib/python3.12/site-packages/airflow/example_dags/example_local_kubernetes_executor.py for tasks to queue
[2025-11-09T20:43:39.442+0000] {logging_mixin.py:190} INFO - [2025-11-09T20:43:39.442+0000] {dagbag.py:588} INFO - Filling up the DagBag from /home/airflow/.local/lib/python3.12/site-packages/airflow/example_dags/example_local_kubernetes_executor.py
[2025-11-09T20:43:39.467+0000] {processor.py:925} INFO - DAG(s) 'example_local_kubernetes_executor' retrieved from /home/airflow/.local/lib/python3.12/site-packages/airflow/example_dags/example_local_kubernetes_executor.py
[2025-11-09T20:43:39.529+0000] {logging_mixin.py:190} INFO - [2025-11-09T20:43:39.529+0000] {dag.py:3239} INFO - Sync 1 DAGs
[2025-11-09T20:43:39.556+0000] {logging_mixin.py:190} INFO - [2025-11-09T20:43:39.555+0000] {dag.py:4180} INFO - Setting next_dagrun for example_local_kubernetes_executor to None, run_after=None
[2025-11-09T20:43:39.597+0000] {processor.py:208} INFO - Processing /home/airflow/.local/lib/python3.12/site-packages/airflow/example_dags/example_local_kubernetes_executor.py took 0.173 seconds
[2025-11-09T20:44:10.366+0000] {processor.py:186} INFO - Started process (PID=2115) to work on /home/airflow/.local/lib/python3.12/site-packages/airflow/example_dags/example_local_kubernetes_executor.py
[2025-11-09T20:44:10.368+0000] {processor.py:914} INFO - Processing file /home/airflow/.local/lib/python3.12/site-packages/airflow/example_dags/example_local_kubernetes_executor.py for tasks to queue
[2025-11-09T20:44:10.373+0000] {logging_mixin.py:190} INFO - [2025-11-09T20:44:10.373+0000] {dagbag.py:588} INFO - Filling up the DagBag from /home/airflow/.local/lib/python3.12/site-packages/airflow/example_dags/example_local_kubernetes_executor.py
[2025-11-09T20:44:10.391+0000] {processor.py:925} INFO - DAG(s) 'example_local_kubernetes_executor' retrieved from /home/airflow/.local/lib/python3.12/site-packages/airflow/example_dags/example_local_kubernetes_executor.py
[2025-11-09T20:44:10.456+0000] {logging_mixin.py:190} INFO - [2025-11-09T20:44:10.455+0000] {dag.py:3239} INFO - Sync 1 DAGs
[2025-11-09T20:44:10.484+0000] {logging_mixin.py:190} INFO - [2025-11-09T20:44:10.483+0000] {dag.py:4180} INFO - Setting next_dagrun for example_local_kubernetes_executor to None, run_after=None
[2025-11-09T20:44:10.518+0000] {processor.py:208} INFO - Processing /home/airflow/.local/lib/python3.12/site-packages/airflow/example_dags/example_local_kubernetes_executor.py took 0.162 seconds
[2025-11-09T20:44:40.632+0000] {processor.py:186} INFO - Started process (PID=2179) to work on /home/airflow/.local/lib/python3.12/site-packages/airflow/example_dags/example_local_kubernetes_executor.py
[2025-11-09T20:44:40.634+0000] {processor.py:914} INFO - Processing file /home/airflow/.local/lib/python3.12/site-packages/airflow/example_dags/example_local_kubernetes_executor.py for tasks to queue
[2025-11-09T20:44:40.640+0000] {logging_mixin.py:190} INFO - [2025-11-09T20:44:40.639+0000] {dagbag.py:588} INFO - Filling up the DagBag from /home/airflow/.local/lib/python3.12/site-packages/airflow/example_dags/example_local_kubernetes_executor.py
[2025-11-09T20:44:40.655+0000] {processor.py:925} INFO - DAG(s) 'example_local_kubernetes_executor' retrieved from /home/airflow/.local/lib/python3.12/site-packages/airflow/example_dags/example_local_kubernetes_executor.py
[2025-11-09T20:44:40.718+0000] {logging_mixin.py:190} INFO - [2025-11-09T20:44:40.717+0000] {dag.py:3239} INFO - Sync 1 DAGs
[2025-11-09T20:44:40.742+0000] {logging_mixin.py:190} INFO - [2025-11-09T20:44:40.741+0000] {dag.py:4180} INFO - Setting next_dagrun for example_local_kubernetes_executor to None, run_after=None
[2025-11-09T20:44:40.775+0000] {processor.py:208} INFO - Processing /home/airflow/.local/lib/python3.12/site-packages/airflow/example_dags/example_local_kubernetes_executor.py took 0.153 seconds
[2025-11-09T20:45:11.328+0000] {processor.py:186} INFO - Started process (PID=2243) to work on /home/airflow/.local/lib/python3.12/site-packages/airflow/example_dags/example_local_kubernetes_executor.py
[2025-11-09T20:45:11.331+0000] {processor.py:914} INFO - Processing file /home/airflow/.local/lib/python3.12/site-packages/airflow/example_dags/example_local_kubernetes_executor.py for tasks to queue
[2025-11-09T20:45:11.337+0000] {logging_mixin.py:190} INFO - [2025-11-09T20:45:11.336+0000] {dagbag.py:588} INFO - Filling up the DagBag from /home/airflow/.local/lib/python3.12/site-packages/airflow/example_dags/example_local_kubernetes_executor.py
[2025-11-09T20:45:11.363+0000] {processor.py:925} INFO - DAG(s) 'example_local_kubernetes_executor' retrieved from /home/airflow/.local/lib/python3.12/site-packages/airflow/example_dags/example_local_kubernetes_executor.py
[2025-11-09T20:45:11.446+0000] {logging_mixin.py:190} INFO - [2025-11-09T20:45:11.445+0000] {dag.py:3239} INFO - Sync 1 DAGs
[2025-11-09T20:45:11.495+0000] {logging_mixin.py:190} INFO - [2025-11-09T20:45:11.494+0000] {dag.py:4180} INFO - Setting next_dagrun for example_local_kubernetes_executor to None, run_after=None
[2025-11-09T20:45:11.530+0000] {processor.py:208} INFO - Processing /home/airflow/.local/lib/python3.12/site-packages/airflow/example_dags/example_local_kubernetes_executor.py took 0.225 seconds
[2025-11-09T20:45:42.150+0000] {processor.py:186} INFO - Started process (PID=2307) to work on /home/airflow/.local/lib/python3.12/site-packages/airflow/example_dags/example_local_kubernetes_executor.py
[2025-11-09T20:45:42.152+0000] {processor.py:914} INFO - Processing file /home/airflow/.local/lib/python3.12/site-packages/airflow/example_dags/example_local_kubernetes_executor.py for tasks to queue
[2025-11-09T20:45:42.157+0000] {logging_mixin.py:190} INFO - [2025-11-09T20:45:42.157+0000] {dagbag.py:588} INFO - Filling up the DagBag from /home/airflow/.local/lib/python3.12/site-packages/airflow/example_dags/example_local_kubernetes_executor.py
[2025-11-09T20:45:42.173+0000] {processor.py:925} INFO - DAG(s) 'example_local_kubernetes_executor' retrieved from /home/airflow/.local/lib/python3.12/site-packages/airflow/example_dags/example_local_kubernetes_executor.py
[2025-11-09T20:45:42.227+0000] {logging_mixin.py:190} INFO - [2025-11-09T20:45:42.226+0000] {dag.py:3239} INFO - Sync 1 DAGs
[2025-11-09T20:45:42.250+0000] {logging_mixin.py:190} INFO - [2025-11-09T20:45:42.250+0000] {dag.py:4180} INFO - Setting next_dagrun for example_local_kubernetes_executor to None, run_after=None
[2025-11-09T20:45:42.282+0000] {processor.py:208} INFO - Processing /home/airflow/.local/lib/python3.12/site-packages/airflow/example_dags/example_local_kubernetes_executor.py took 0.147 seconds
[2025-11-09T20:46:12.696+0000] {processor.py:186} INFO - Started process (PID=2371) to work on /home/airflow/.local/lib/python3.12/site-packages/airflow/example_dags/example_local_kubernetes_executor.py
[2025-11-09T20:46:12.699+0000] {processor.py:914} INFO - Processing file /home/airflow/.local/lib/python3.12/site-packages/airflow/example_dags/example_local_kubernetes_executor.py for tasks to queue
[2025-11-09T20:46:12.710+0000] {logging_mixin.py:190} INFO - [2025-11-09T20:46:12.708+0000] {dagbag.py:588} INFO - Filling up the DagBag from /home/airflow/.local/lib/python3.12/site-packages/airflow/example_dags/example_local_kubernetes_executor.py
[2025-11-09T20:46:12.740+0000] {processor.py:925} INFO - DAG(s) 'example_local_kubernetes_executor' retrieved from /home/airflow/.local/lib/python3.12/site-packages/airflow/example_dags/example_local_kubernetes_executor.py
[2025-11-09T20:46:12.853+0000] {logging_mixin.py:190} INFO - [2025-11-09T20:46:12.853+0000] {dag.py:3239} INFO - Sync 1 DAGs
[2025-11-09T20:46:12.900+0000] {logging_mixin.py:190} INFO - [2025-11-09T20:46:12.900+0000] {dag.py:4180} INFO - Setting next_dagrun for example_local_kubernetes_executor to None, run_after=None
[2025-11-09T20:46:12.963+0000] {processor.py:208} INFO - Processing /home/airflow/.local/lib/python3.12/site-packages/airflow/example_dags/example_local_kubernetes_executor.py took 0.284 seconds
[2025-11-09T20:46:43.390+0000] {processor.py:186} INFO - Started process (PID=2435) to work on /home/airflow/.local/lib/python3.12/site-packages/airflow/example_dags/example_local_kubernetes_executor.py
[2025-11-09T20:46:43.392+0000] {processor.py:914} INFO - Processing file /home/airflow/.local/lib/python3.12/site-packages/airflow/example_dags/example_local_kubernetes_executor.py for tasks to queue
[2025-11-09T20:46:43.400+0000] {logging_mixin.py:190} INFO - [2025-11-09T20:46:43.399+0000] {dagbag.py:588} INFO - Filling up the DagBag from /home/airflow/.local/lib/python3.12/site-packages/airflow/example_dags/example_local_kubernetes_executor.py
[2025-11-09T20:46:43.432+0000] {processor.py:925} INFO - DAG(s) 'example_local_kubernetes_executor' retrieved from /home/airflow/.local/lib/python3.12/site-packages/airflow/example_dags/example_local_kubernetes_executor.py
[2025-11-09T20:46:43.518+0000] {logging_mixin.py:190} INFO - [2025-11-09T20:46:43.518+0000] {dag.py:3239} INFO - Sync 1 DAGs
[2025-11-09T20:46:43.558+0000] {logging_mixin.py:190} INFO - [2025-11-09T20:46:43.558+0000] {dag.py:4180} INFO - Setting next_dagrun for example_local_kubernetes_executor to None, run_after=None
[2025-11-09T20:46:43.604+0000] {processor.py:208} INFO - Processing /home/airflow/.local/lib/python3.12/site-packages/airflow/example_dags/example_local_kubernetes_executor.py took 0.230 seconds
[2025-11-09T20:47:14.493+0000] {processor.py:186} INFO - Started process (PID=2500) to work on /home/airflow/.local/lib/python3.12/site-packages/airflow/example_dags/example_local_kubernetes_executor.py
[2025-11-09T20:47:14.495+0000] {processor.py:914} INFO - Processing file /home/airflow/.local/lib/python3.12/site-packages/airflow/example_dags/example_local_kubernetes_executor.py for tasks to queue
[2025-11-09T20:47:14.501+0000] {logging_mixin.py:190} INFO - [2025-11-09T20:47:14.501+0000] {dagbag.py:588} INFO - Filling up the DagBag from /home/airflow/.local/lib/python3.12/site-packages/airflow/example_dags/example_local_kubernetes_executor.py
[2025-11-09T20:47:14.515+0000] {processor.py:925} INFO - DAG(s) 'example_local_kubernetes_executor' retrieved from /home/airflow/.local/lib/python3.12/site-packages/airflow/example_dags/example_local_kubernetes_executor.py
[2025-11-09T20:47:14.577+0000] {logging_mixin.py:190} INFO - [2025-11-09T20:47:14.576+0000] {dag.py:3239} INFO - Sync 1 DAGs
[2025-11-09T20:47:14.601+0000] {logging_mixin.py:190} INFO - [2025-11-09T20:47:14.601+0000] {dag.py:4180} INFO - Setting next_dagrun for example_local_kubernetes_executor to None, run_after=None
[2025-11-09T20:47:14.638+0000] {processor.py:208} INFO - Processing /home/airflow/.local/lib/python3.12/site-packages/airflow/example_dags/example_local_kubernetes_executor.py took 0.154 seconds
[2025-11-09T20:47:45.086+0000] {processor.py:186} INFO - Started process (PID=2565) to work on /home/airflow/.local/lib/python3.12/site-packages/airflow/example_dags/example_local_kubernetes_executor.py
[2025-11-09T20:47:45.088+0000] {processor.py:914} INFO - Processing file /home/airflow/.local/lib/python3.12/site-packages/airflow/example_dags/example_local_kubernetes_executor.py for tasks to queue
[2025-11-09T20:47:45.094+0000] {logging_mixin.py:190} INFO - [2025-11-09T20:47:45.094+0000] {dagbag.py:588} INFO - Filling up the DagBag from /home/airflow/.local/lib/python3.12/site-packages/airflow/example_dags/example_local_kubernetes_executor.py
[2025-11-09T20:47:45.111+0000] {processor.py:925} INFO - DAG(s) 'example_local_kubernetes_executor' retrieved from /home/airflow/.local/lib/python3.12/site-packages/airflow/example_dags/example_local_kubernetes_executor.py
[2025-11-09T20:47:45.180+0000] {logging_mixin.py:190} INFO - [2025-11-09T20:47:45.180+0000] {dag.py:3239} INFO - Sync 1 DAGs
[2025-11-09T20:47:45.210+0000] {logging_mixin.py:190} INFO - [2025-11-09T20:47:45.209+0000] {dag.py:4180} INFO - Setting next_dagrun for example_local_kubernetes_executor to None, run_after=None
[2025-11-09T20:47:45.244+0000] {processor.py:208} INFO - Processing /home/airflow/.local/lib/python3.12/site-packages/airflow/example_dags/example_local_kubernetes_executor.py took 0.168 seconds
[2025-11-09T20:48:15.401+0000] {processor.py:186} INFO - Started process (PID=2630) to work on /home/airflow/.local/lib/python3.12/site-packages/airflow/example_dags/example_local_kubernetes_executor.py
[2025-11-09T20:48:15.403+0000] {processor.py:914} INFO - Processing file /home/airflow/.local/lib/python3.12/site-packages/airflow/example_dags/example_local_kubernetes_executor.py for tasks to queue
[2025-11-09T20:48:15.410+0000] {logging_mixin.py:190} INFO - [2025-11-09T20:48:15.409+0000] {dagbag.py:588} INFO - Filling up the DagBag from /home/airflow/.local/lib/python3.12/site-packages/airflow/example_dags/example_local_kubernetes_executor.py
[2025-11-09T20:48:15.438+0000] {processor.py:925} INFO - DAG(s) 'example_local_kubernetes_executor' retrieved from /home/airflow/.local/lib/python3.12/site-packages/airflow/example_dags/example_local_kubernetes_executor.py
[2025-11-09T20:48:15.529+0000] {logging_mixin.py:190} INFO - [2025-11-09T20:48:15.528+0000] {dag.py:3239} INFO - Sync 1 DAGs
[2025-11-09T20:48:15.563+0000] {logging_mixin.py:190} INFO - [2025-11-09T20:48:15.563+0000] {dag.py:4180} INFO - Setting next_dagrun for example_local_kubernetes_executor to None, run_after=None
[2025-11-09T20:48:15.606+0000] {processor.py:208} INFO - Processing /home/airflow/.local/lib/python3.12/site-packages/airflow/example_dags/example_local_kubernetes_executor.py took 0.223 seconds
[2025-11-09T20:48:46.352+0000] {processor.py:186} INFO - Started process (PID=2694) to work on /home/airflow/.local/lib/python3.12/site-packages/airflow/example_dags/example_local_kubernetes_executor.py
[2025-11-09T20:48:46.354+0000] {processor.py:914} INFO - Processing file /home/airflow/.local/lib/python3.12/site-packages/airflow/example_dags/example_local_kubernetes_executor.py for tasks to queue
[2025-11-09T20:48:46.359+0000] {logging_mixin.py:190} INFO - [2025-11-09T20:48:46.358+0000] {dagbag.py:588} INFO - Filling up the DagBag from /home/airflow/.local/lib/python3.12/site-packages/airflow/example_dags/example_local_kubernetes_executor.py
[2025-11-09T20:48:46.379+0000] {processor.py:925} INFO - DAG(s) 'example_local_kubernetes_executor' retrieved from /home/airflow/.local/lib/python3.12/site-packages/airflow/example_dags/example_local_kubernetes_executor.py
[2025-11-09T20:48:46.451+0000] {logging_mixin.py:190} INFO - [2025-11-09T20:48:46.450+0000] {dag.py:3239} INFO - Sync 1 DAGs
[2025-11-09T20:48:46.474+0000] {logging_mixin.py:190} INFO - [2025-11-09T20:48:46.474+0000] {dag.py:4180} INFO - Setting next_dagrun for example_local_kubernetes_executor to None, run_after=None
[2025-11-09T20:48:46.510+0000] {processor.py:208} INFO - Processing /home/airflow/.local/lib/python3.12/site-packages/airflow/example_dags/example_local_kubernetes_executor.py took 0.169 seconds
[2025-11-09T20:49:16.952+0000] {processor.py:186} INFO - Started process (PID=2759) to work on /home/airflow/.local/lib/python3.12/site-packages/airflow/example_dags/example_local_kubernetes_executor.py
[2025-11-09T20:49:16.954+0000] {processor.py:914} INFO - Processing file /home/airflow/.local/lib/python3.12/site-packages/airflow/example_dags/example_local_kubernetes_executor.py for tasks to queue
[2025-11-09T20:49:16.958+0000] {logging_mixin.py:190} INFO - [2025-11-09T20:49:16.958+0000] {dagbag.py:588} INFO - Filling up the DagBag from /home/airflow/.local/lib/python3.12/site-packages/airflow/example_dags/example_local_kubernetes_executor.py
[2025-11-09T20:49:16.974+0000] {processor.py:925} INFO - DAG(s) 'example_local_kubernetes_executor' retrieved from /home/airflow/.local/lib/python3.12/site-packages/airflow/example_dags/example_local_kubernetes_executor.py
[2025-11-09T20:49:17.266+0000] {logging_mixin.py:190} INFO - [2025-11-09T20:49:17.266+0000] {dag.py:3239} INFO - Sync 1 DAGs
[2025-11-09T20:49:17.288+0000] {logging_mixin.py:190} INFO - [2025-11-09T20:49:17.287+0000] {dag.py:4180} INFO - Setting next_dagrun for example_local_kubernetes_executor to None, run_after=None
[2025-11-09T20:49:17.321+0000] {processor.py:208} INFO - Processing /home/airflow/.local/lib/python3.12/site-packages/airflow/example_dags/example_local_kubernetes_executor.py took 0.378 seconds
[2025-11-09T20:49:47.700+0000] {processor.py:186} INFO - Started process (PID=2823) to work on /home/airflow/.local/lib/python3.12/site-packages/airflow/example_dags/example_local_kubernetes_executor.py
[2025-11-09T20:49:47.701+0000] {processor.py:914} INFO - Processing file /home/airflow/.local/lib/python3.12/site-packages/airflow/example_dags/example_local_kubernetes_executor.py for tasks to queue
[2025-11-09T20:49:47.706+0000] {logging_mixin.py:190} INFO - [2025-11-09T20:49:47.705+0000] {dagbag.py:588} INFO - Filling up the DagBag from /home/airflow/.local/lib/python3.12/site-packages/airflow/example_dags/example_local_kubernetes_executor.py
[2025-11-09T20:49:47.721+0000] {processor.py:925} INFO - DAG(s) 'example_local_kubernetes_executor' retrieved from /home/airflow/.local/lib/python3.12/site-packages/airflow/example_dags/example_local_kubernetes_executor.py
[2025-11-09T20:49:48.031+0000] {logging_mixin.py:190} INFO - [2025-11-09T20:49:48.031+0000] {dag.py:3239} INFO - Sync 1 DAGs
[2025-11-09T20:49:48.055+0000] {logging_mixin.py:190} INFO - [2025-11-09T20:49:48.055+0000] {dag.py:4180} INFO - Setting next_dagrun for example_local_kubernetes_executor to None, run_after=None
[2025-11-09T20:49:48.086+0000] {processor.py:208} INFO - Processing /home/airflow/.local/lib/python3.12/site-packages/airflow/example_dags/example_local_kubernetes_executor.py took 0.396 seconds
[2025-11-09T20:50:18.613+0000] {processor.py:186} INFO - Started process (PID=2886) to work on /home/airflow/.local/lib/python3.12/site-packages/airflow/example_dags/example_local_kubernetes_executor.py
[2025-11-09T20:50:18.615+0000] {processor.py:914} INFO - Processing file /home/airflow/.local/lib/python3.12/site-packages/airflow/example_dags/example_local_kubernetes_executor.py for tasks to queue
[2025-11-09T20:50:18.621+0000] {logging_mixin.py:190} INFO - [2025-11-09T20:50:18.620+0000] {dagbag.py:588} INFO - Filling up the DagBag from /home/airflow/.local/lib/python3.12/site-packages/airflow/example_dags/example_local_kubernetes_executor.py
[2025-11-09T20:50:18.644+0000] {processor.py:925} INFO - DAG(s) 'example_local_kubernetes_executor' retrieved from /home/airflow/.local/lib/python3.12/site-packages/airflow/example_dags/example_local_kubernetes_executor.py
[2025-11-09T20:50:18.716+0000] {logging_mixin.py:190} INFO - [2025-11-09T20:50:18.716+0000] {dag.py:3239} INFO - Sync 1 DAGs
[2025-11-09T20:50:19.053+0000] {logging_mixin.py:190} INFO - [2025-11-09T20:50:19.052+0000] {dag.py:4180} INFO - Setting next_dagrun for example_local_kubernetes_executor to None, run_after=None
[2025-11-09T20:50:19.095+0000] {processor.py:208} INFO - Processing /home/airflow/.local/lib/python3.12/site-packages/airflow/example_dags/example_local_kubernetes_executor.py took 0.494 seconds
[2025-11-09T20:50:49.495+0000] {processor.py:186} INFO - Started process (PID=2950) to work on /home/airflow/.local/lib/python3.12/site-packages/airflow/example_dags/example_local_kubernetes_executor.py
[2025-11-09T20:50:49.498+0000] {processor.py:914} INFO - Processing file /home/airflow/.local/lib/python3.12/site-packages/airflow/example_dags/example_local_kubernetes_executor.py for tasks to queue
[2025-11-09T20:50:49.507+0000] {logging_mixin.py:190} INFO - [2025-11-09T20:50:49.505+0000] {dagbag.py:588} INFO - Filling up the DagBag from /home/airflow/.local/lib/python3.12/site-packages/airflow/example_dags/example_local_kubernetes_executor.py
[2025-11-09T20:50:49.535+0000] {processor.py:925} INFO - DAG(s) 'example_local_kubernetes_executor' retrieved from /home/airflow/.local/lib/python3.12/site-packages/airflow/example_dags/example_local_kubernetes_executor.py
[2025-11-09T20:50:49.622+0000] {logging_mixin.py:190} INFO - [2025-11-09T20:50:49.621+0000] {dag.py:3239} INFO - Sync 1 DAGs
[2025-11-09T20:50:49.668+0000] {logging_mixin.py:190} INFO - [2025-11-09T20:50:49.667+0000] {dag.py:4180} INFO - Setting next_dagrun for example_local_kubernetes_executor to None, run_after=None
[2025-11-09T20:50:49.734+0000] {processor.py:208} INFO - Processing /home/airflow/.local/lib/python3.12/site-packages/airflow/example_dags/example_local_kubernetes_executor.py took 0.257 seconds
[2025-11-09T20:51:20.448+0000] {processor.py:186} INFO - Started process (PID=3014) to work on /home/airflow/.local/lib/python3.12/site-packages/airflow/example_dags/example_local_kubernetes_executor.py
[2025-11-09T20:51:20.452+0000] {processor.py:914} INFO - Processing file /home/airflow/.local/lib/python3.12/site-packages/airflow/example_dags/example_local_kubernetes_executor.py for tasks to queue
[2025-11-09T20:51:20.463+0000] {logging_mixin.py:190} INFO - [2025-11-09T20:51:20.462+0000] {dagbag.py:588} INFO - Filling up the DagBag from /home/airflow/.local/lib/python3.12/site-packages/airflow/example_dags/example_local_kubernetes_executor.py
[2025-11-09T20:51:20.504+0000] {processor.py:925} INFO - DAG(s) 'example_local_kubernetes_executor' retrieved from /home/airflow/.local/lib/python3.12/site-packages/airflow/example_dags/example_local_kubernetes_executor.py
[2025-11-09T20:51:20.659+0000] {logging_mixin.py:190} INFO - [2025-11-09T20:51:20.658+0000] {dag.py:3239} INFO - Sync 1 DAGs
[2025-11-09T20:51:20.745+0000] {logging_mixin.py:190} INFO - [2025-11-09T20:51:20.743+0000] {dag.py:4180} INFO - Setting next_dagrun for example_local_kubernetes_executor to None, run_after=None
[2025-11-09T20:51:20.828+0000] {processor.py:208} INFO - Processing /home/airflow/.local/lib/python3.12/site-packages/airflow/example_dags/example_local_kubernetes_executor.py took 0.405 seconds
[2025-11-09T20:51:50.988+0000] {processor.py:186} INFO - Started process (PID=3077) to work on /home/airflow/.local/lib/python3.12/site-packages/airflow/example_dags/example_local_kubernetes_executor.py
[2025-11-09T20:51:50.990+0000] {processor.py:914} INFO - Processing file /home/airflow/.local/lib/python3.12/site-packages/airflow/example_dags/example_local_kubernetes_executor.py for tasks to queue
[2025-11-09T20:51:50.995+0000] {logging_mixin.py:190} INFO - [2025-11-09T20:51:50.995+0000] {dagbag.py:588} INFO - Filling up the DagBag from /home/airflow/.local/lib/python3.12/site-packages/airflow/example_dags/example_local_kubernetes_executor.py
[2025-11-09T20:51:51.014+0000] {processor.py:925} INFO - DAG(s) 'example_local_kubernetes_executor' retrieved from /home/airflow/.local/lib/python3.12/site-packages/airflow/example_dags/example_local_kubernetes_executor.py
[2025-11-09T20:51:51.076+0000] {logging_mixin.py:190} INFO - [2025-11-09T20:51:51.076+0000] {dag.py:3239} INFO - Sync 1 DAGs
[2025-11-09T20:51:51.101+0000] {logging_mixin.py:190} INFO - [2025-11-09T20:51:51.101+0000] {dag.py:4180} INFO - Setting next_dagrun for example_local_kubernetes_executor to None, run_after=None
[2025-11-09T20:51:51.131+0000] {processor.py:208} INFO - Processing /home/airflow/.local/lib/python3.12/site-packages/airflow/example_dags/example_local_kubernetes_executor.py took 0.155 seconds
[2025-11-09T20:52:21.386+0000] {processor.py:186} INFO - Started process (PID=3147) to work on /home/airflow/.local/lib/python3.12/site-packages/airflow/example_dags/example_local_kubernetes_executor.py
[2025-11-09T20:52:21.388+0000] {processor.py:914} INFO - Processing file /home/airflow/.local/lib/python3.12/site-packages/airflow/example_dags/example_local_kubernetes_executor.py for tasks to queue
[2025-11-09T20:52:21.394+0000] {logging_mixin.py:190} INFO - [2025-11-09T20:52:21.393+0000] {dagbag.py:588} INFO - Filling up the DagBag from /home/airflow/.local/lib/python3.12/site-packages/airflow/example_dags/example_local_kubernetes_executor.py
[2025-11-09T20:52:21.413+0000] {processor.py:925} INFO - DAG(s) 'example_local_kubernetes_executor' retrieved from /home/airflow/.local/lib/python3.12/site-packages/airflow/example_dags/example_local_kubernetes_executor.py
[2025-11-09T20:52:21.473+0000] {logging_mixin.py:190} INFO - [2025-11-09T20:52:21.473+0000] {dag.py:3239} INFO - Sync 1 DAGs
[2025-11-09T20:52:21.505+0000] {logging_mixin.py:190} INFO - [2025-11-09T20:52:21.504+0000] {dag.py:4180} INFO - Setting next_dagrun for example_local_kubernetes_executor to None, run_after=None
[2025-11-09T20:52:21.542+0000] {processor.py:208} INFO - Processing /home/airflow/.local/lib/python3.12/site-packages/airflow/example_dags/example_local_kubernetes_executor.py took 0.169 seconds
[2025-11-09T20:52:52.063+0000] {processor.py:186} INFO - Started process (PID=3211) to work on /home/airflow/.local/lib/python3.12/site-packages/airflow/example_dags/example_local_kubernetes_executor.py
[2025-11-09T20:52:52.065+0000] {processor.py:914} INFO - Processing file /home/airflow/.local/lib/python3.12/site-packages/airflow/example_dags/example_local_kubernetes_executor.py for tasks to queue
[2025-11-09T20:52:52.071+0000] {logging_mixin.py:190} INFO - [2025-11-09T20:52:52.070+0000] {dagbag.py:588} INFO - Filling up the DagBag from /home/airflow/.local/lib/python3.12/site-packages/airflow/example_dags/example_local_kubernetes_executor.py
[2025-11-09T20:52:52.091+0000] {processor.py:925} INFO - DAG(s) 'example_local_kubernetes_executor' retrieved from /home/airflow/.local/lib/python3.12/site-packages/airflow/example_dags/example_local_kubernetes_executor.py
[2025-11-09T20:52:52.146+0000] {logging_mixin.py:190} INFO - [2025-11-09T20:52:52.146+0000] {dag.py:3239} INFO - Sync 1 DAGs
[2025-11-09T20:52:52.171+0000] {logging_mixin.py:190} INFO - [2025-11-09T20:52:52.170+0000] {dag.py:4180} INFO - Setting next_dagrun for example_local_kubernetes_executor to None, run_after=None
[2025-11-09T20:52:52.204+0000] {processor.py:208} INFO - Processing /home/airflow/.local/lib/python3.12/site-packages/airflow/example_dags/example_local_kubernetes_executor.py took 0.155 seconds
[2025-11-09T20:53:22.828+0000] {processor.py:186} INFO - Started process (PID=3274) to work on /home/airflow/.local/lib/python3.12/site-packages/airflow/example_dags/example_local_kubernetes_executor.py
[2025-11-09T20:53:22.830+0000] {processor.py:914} INFO - Processing file /home/airflow/.local/lib/python3.12/site-packages/airflow/example_dags/example_local_kubernetes_executor.py for tasks to queue
[2025-11-09T20:53:22.837+0000] {logging_mixin.py:190} INFO - [2025-11-09T20:53:22.836+0000] {dagbag.py:588} INFO - Filling up the DagBag from /home/airflow/.local/lib/python3.12/site-packages/airflow/example_dags/example_local_kubernetes_executor.py
[2025-11-09T20:53:22.864+0000] {processor.py:925} INFO - DAG(s) 'example_local_kubernetes_executor' retrieved from /home/airflow/.local/lib/python3.12/site-packages/airflow/example_dags/example_local_kubernetes_executor.py
[2025-11-09T20:53:22.959+0000] {logging_mixin.py:190} INFO - [2025-11-09T20:53:22.958+0000] {dag.py:3239} INFO - Sync 1 DAGs
[2025-11-09T20:53:23.003+0000] {logging_mixin.py:190} INFO - [2025-11-09T20:53:23.002+0000] {dag.py:4180} INFO - Setting next_dagrun for example_local_kubernetes_executor to None, run_after=None
[2025-11-09T20:53:23.057+0000] {processor.py:208} INFO - Processing /home/airflow/.local/lib/python3.12/site-packages/airflow/example_dags/example_local_kubernetes_executor.py took 0.243 seconds
[2025-11-09T20:53:53.590+0000] {processor.py:186} INFO - Started process (PID=3338) to work on /home/airflow/.local/lib/python3.12/site-packages/airflow/example_dags/example_local_kubernetes_executor.py
[2025-11-09T20:53:53.592+0000] {processor.py:914} INFO - Processing file /home/airflow/.local/lib/python3.12/site-packages/airflow/example_dags/example_local_kubernetes_executor.py for tasks to queue
[2025-11-09T20:53:53.598+0000] {logging_mixin.py:190} INFO - [2025-11-09T20:53:53.597+0000] {dagbag.py:588} INFO - Filling up the DagBag from /home/airflow/.local/lib/python3.12/site-packages/airflow/example_dags/example_local_kubernetes_executor.py
[2025-11-09T20:53:53.619+0000] {processor.py:925} INFO - DAG(s) 'example_local_kubernetes_executor' retrieved from /home/airflow/.local/lib/python3.12/site-packages/airflow/example_dags/example_local_kubernetes_executor.py
[2025-11-09T20:53:53.693+0000] {logging_mixin.py:190} INFO - [2025-11-09T20:53:53.693+0000] {dag.py:3239} INFO - Sync 1 DAGs
[2025-11-09T20:53:53.733+0000] {logging_mixin.py:190} INFO - [2025-11-09T20:53:53.733+0000] {dag.py:4180} INFO - Setting next_dagrun for example_local_kubernetes_executor to None, run_after=None
[2025-11-09T20:53:53.809+0000] {processor.py:208} INFO - Processing /home/airflow/.local/lib/python3.12/site-packages/airflow/example_dags/example_local_kubernetes_executor.py took 0.232 seconds
[2025-11-09T20:54:24.034+0000] {processor.py:186} INFO - Started process (PID=3400) to work on /home/airflow/.local/lib/python3.12/site-packages/airflow/example_dags/example_local_kubernetes_executor.py
[2025-11-09T20:54:24.037+0000] {processor.py:914} INFO - Processing file /home/airflow/.local/lib/python3.12/site-packages/airflow/example_dags/example_local_kubernetes_executor.py for tasks to queue
[2025-11-09T20:54:24.042+0000] {logging_mixin.py:190} INFO - [2025-11-09T20:54:24.041+0000] {dagbag.py:588} INFO - Filling up the DagBag from /home/airflow/.local/lib/python3.12/site-packages/airflow/example_dags/example_local_kubernetes_executor.py
[2025-11-09T20:54:24.071+0000] {processor.py:925} INFO - DAG(s) 'example_local_kubernetes_executor' retrieved from /home/airflow/.local/lib/python3.12/site-packages/airflow/example_dags/example_local_kubernetes_executor.py
[2025-11-09T20:54:24.159+0000] {logging_mixin.py:190} INFO - [2025-11-09T20:54:24.158+0000] {dag.py:3239} INFO - Sync 1 DAGs
[2025-11-09T20:54:24.198+0000] {logging_mixin.py:190} INFO - [2025-11-09T20:54:24.198+0000] {dag.py:4180} INFO - Setting next_dagrun for example_local_kubernetes_executor to None, run_after=None
[2025-11-09T20:54:24.237+0000] {processor.py:208} INFO - Processing /home/airflow/.local/lib/python3.12/site-packages/airflow/example_dags/example_local_kubernetes_executor.py took 0.218 seconds
[2025-11-09T20:54:54.482+0000] {processor.py:186} INFO - Started process (PID=3465) to work on /home/airflow/.local/lib/python3.12/site-packages/airflow/example_dags/example_local_kubernetes_executor.py
[2025-11-09T20:54:54.484+0000] {processor.py:914} INFO - Processing file /home/airflow/.local/lib/python3.12/site-packages/airflow/example_dags/example_local_kubernetes_executor.py for tasks to queue
[2025-11-09T20:54:54.489+0000] {logging_mixin.py:190} INFO - [2025-11-09T20:54:54.489+0000] {dagbag.py:588} INFO - Filling up the DagBag from /home/airflow/.local/lib/python3.12/site-packages/airflow/example_dags/example_local_kubernetes_executor.py
[2025-11-09T20:54:54.505+0000] {processor.py:925} INFO - DAG(s) 'example_local_kubernetes_executor' retrieved from /home/airflow/.local/lib/python3.12/site-packages/airflow/example_dags/example_local_kubernetes_executor.py
[2025-11-09T20:54:54.567+0000] {logging_mixin.py:190} INFO - [2025-11-09T20:54:54.567+0000] {dag.py:3239} INFO - Sync 1 DAGs
[2025-11-09T20:54:54.592+0000] {logging_mixin.py:190} INFO - [2025-11-09T20:54:54.591+0000] {dag.py:4180} INFO - Setting next_dagrun for example_local_kubernetes_executor to None, run_after=None
[2025-11-09T20:54:54.620+0000] {processor.py:208} INFO - Processing /home/airflow/.local/lib/python3.12/site-packages/airflow/example_dags/example_local_kubernetes_executor.py took 0.149 seconds
[2025-11-09T20:55:25.135+0000] {processor.py:186} INFO - Started process (PID=3533) to work on /home/airflow/.local/lib/python3.12/site-packages/airflow/example_dags/example_local_kubernetes_executor.py
[2025-11-09T20:55:25.138+0000] {processor.py:914} INFO - Processing file /home/airflow/.local/lib/python3.12/site-packages/airflow/example_dags/example_local_kubernetes_executor.py for tasks to queue
[2025-11-09T20:55:25.144+0000] {logging_mixin.py:190} INFO - [2025-11-09T20:55:25.143+0000] {dagbag.py:588} INFO - Filling up the DagBag from /home/airflow/.local/lib/python3.12/site-packages/airflow/example_dags/example_local_kubernetes_executor.py
[2025-11-09T20:55:25.175+0000] {processor.py:925} INFO - DAG(s) 'example_local_kubernetes_executor' retrieved from /home/airflow/.local/lib/python3.12/site-packages/airflow/example_dags/example_local_kubernetes_executor.py
[2025-11-09T20:55:25.272+0000] {logging_mixin.py:190} INFO - [2025-11-09T20:55:25.272+0000] {dag.py:3239} INFO - Sync 1 DAGs
[2025-11-09T20:55:25.311+0000] {logging_mixin.py:190} INFO - [2025-11-09T20:55:25.310+0000] {dag.py:4180} INFO - Setting next_dagrun for example_local_kubernetes_executor to None, run_after=None
[2025-11-09T20:55:25.358+0000] {processor.py:208} INFO - Processing /home/airflow/.local/lib/python3.12/site-packages/airflow/example_dags/example_local_kubernetes_executor.py took 0.240 seconds
[2025-11-09T20:55:56.318+0000] {processor.py:186} INFO - Started process (PID=3598) to work on /home/airflow/.local/lib/python3.12/site-packages/airflow/example_dags/example_local_kubernetes_executor.py
[2025-11-09T20:55:56.319+0000] {processor.py:914} INFO - Processing file /home/airflow/.local/lib/python3.12/site-packages/airflow/example_dags/example_local_kubernetes_executor.py for tasks to queue
[2025-11-09T20:55:56.324+0000] {logging_mixin.py:190} INFO - [2025-11-09T20:55:56.324+0000] {dagbag.py:588} INFO - Filling up the DagBag from /home/airflow/.local/lib/python3.12/site-packages/airflow/example_dags/example_local_kubernetes_executor.py
[2025-11-09T20:55:56.340+0000] {processor.py:925} INFO - DAG(s) 'example_local_kubernetes_executor' retrieved from /home/airflow/.local/lib/python3.12/site-packages/airflow/example_dags/example_local_kubernetes_executor.py
[2025-11-09T20:55:56.410+0000] {logging_mixin.py:190} INFO - [2025-11-09T20:55:56.409+0000] {dag.py:3239} INFO - Sync 1 DAGs
[2025-11-09T20:55:56.434+0000] {logging_mixin.py:190} INFO - [2025-11-09T20:55:56.434+0000] {dag.py:4180} INFO - Setting next_dagrun for example_local_kubernetes_executor to None, run_after=None
[2025-11-09T20:55:56.466+0000] {processor.py:208} INFO - Processing /home/airflow/.local/lib/python3.12/site-packages/airflow/example_dags/example_local_kubernetes_executor.py took 0.157 seconds
[2025-11-09T20:56:26.920+0000] {processor.py:186} INFO - Started process (PID=3662) to work on /home/airflow/.local/lib/python3.12/site-packages/airflow/example_dags/example_local_kubernetes_executor.py
[2025-11-09T20:56:26.922+0000] {processor.py:914} INFO - Processing file /home/airflow/.local/lib/python3.12/site-packages/airflow/example_dags/example_local_kubernetes_executor.py for tasks to queue
[2025-11-09T20:56:26.928+0000] {logging_mixin.py:190} INFO - [2025-11-09T20:56:26.927+0000] {dagbag.py:588} INFO - Filling up the DagBag from /home/airflow/.local/lib/python3.12/site-packages/airflow/example_dags/example_local_kubernetes_executor.py
[2025-11-09T20:56:26.949+0000] {processor.py:925} INFO - DAG(s) 'example_local_kubernetes_executor' retrieved from /home/airflow/.local/lib/python3.12/site-packages/airflow/example_dags/example_local_kubernetes_executor.py
[2025-11-09T20:56:27.018+0000] {logging_mixin.py:190} INFO - [2025-11-09T20:56:27.017+0000] {dag.py:3239} INFO - Sync 1 DAGs
[2025-11-09T20:56:27.050+0000] {logging_mixin.py:190} INFO - [2025-11-09T20:56:27.050+0000] {dag.py:4180} INFO - Setting next_dagrun for example_local_kubernetes_executor to None, run_after=None
[2025-11-09T20:56:27.098+0000] {processor.py:208} INFO - Processing /home/airflow/.local/lib/python3.12/site-packages/airflow/example_dags/example_local_kubernetes_executor.py took 0.192 seconds
[2025-11-09T20:56:57.641+0000] {processor.py:186} INFO - Started process (PID=3726) to work on /home/airflow/.local/lib/python3.12/site-packages/airflow/example_dags/example_local_kubernetes_executor.py
[2025-11-09T20:56:57.643+0000] {processor.py:914} INFO - Processing file /home/airflow/.local/lib/python3.12/site-packages/airflow/example_dags/example_local_kubernetes_executor.py for tasks to queue
[2025-11-09T20:56:57.647+0000] {logging_mixin.py:190} INFO - [2025-11-09T20:56:57.647+0000] {dagbag.py:588} INFO - Filling up the DagBag from /home/airflow/.local/lib/python3.12/site-packages/airflow/example_dags/example_local_kubernetes_executor.py
[2025-11-09T20:56:57.665+0000] {processor.py:925} INFO - DAG(s) 'example_local_kubernetes_executor' retrieved from /home/airflow/.local/lib/python3.12/site-packages/airflow/example_dags/example_local_kubernetes_executor.py
[2025-11-09T20:56:57.719+0000] {logging_mixin.py:190} INFO - [2025-11-09T20:56:57.719+0000] {dag.py:3239} INFO - Sync 1 DAGs
[2025-11-09T20:56:57.744+0000] {logging_mixin.py:190} INFO - [2025-11-09T20:56:57.744+0000] {dag.py:4180} INFO - Setting next_dagrun for example_local_kubernetes_executor to None, run_after=None
[2025-11-09T20:56:57.777+0000] {processor.py:208} INFO - Processing /home/airflow/.local/lib/python3.12/site-packages/airflow/example_dags/example_local_kubernetes_executor.py took 0.147 seconds
[2025-11-09T20:57:28.100+0000] {processor.py:186} INFO - Started process (PID=3790) to work on /home/airflow/.local/lib/python3.12/site-packages/airflow/example_dags/example_local_kubernetes_executor.py
[2025-11-09T20:57:28.102+0000] {processor.py:914} INFO - Processing file /home/airflow/.local/lib/python3.12/site-packages/airflow/example_dags/example_local_kubernetes_executor.py for tasks to queue
[2025-11-09T20:57:28.107+0000] {logging_mixin.py:190} INFO - [2025-11-09T20:57:28.106+0000] {dagbag.py:588} INFO - Filling up the DagBag from /home/airflow/.local/lib/python3.12/site-packages/airflow/example_dags/example_local_kubernetes_executor.py
[2025-11-09T20:57:28.129+0000] {processor.py:925} INFO - DAG(s) 'example_local_kubernetes_executor' retrieved from /home/airflow/.local/lib/python3.12/site-packages/airflow/example_dags/example_local_kubernetes_executor.py
[2025-11-09T20:57:28.187+0000] {logging_mixin.py:190} INFO - [2025-11-09T20:57:28.187+0000] {dag.py:3239} INFO - Sync 1 DAGs
[2025-11-09T20:57:28.217+0000] {logging_mixin.py:190} INFO - [2025-11-09T20:57:28.216+0000] {dag.py:4180} INFO - Setting next_dagrun for example_local_kubernetes_executor to None, run_after=None
[2025-11-09T20:57:28.256+0000] {processor.py:208} INFO - Processing /home/airflow/.local/lib/python3.12/site-packages/airflow/example_dags/example_local_kubernetes_executor.py took 0.168 seconds
[2025-11-09T20:57:58.773+0000] {processor.py:186} INFO - Started process (PID=3854) to work on /home/airflow/.local/lib/python3.12/site-packages/airflow/example_dags/example_local_kubernetes_executor.py
[2025-11-09T20:57:58.775+0000] {processor.py:914} INFO - Processing file /home/airflow/.local/lib/python3.12/site-packages/airflow/example_dags/example_local_kubernetes_executor.py for tasks to queue
[2025-11-09T20:57:58.779+0000] {logging_mixin.py:190} INFO - [2025-11-09T20:57:58.779+0000] {dagbag.py:588} INFO - Filling up the DagBag from /home/airflow/.local/lib/python3.12/site-packages/airflow/example_dags/example_local_kubernetes_executor.py
[2025-11-09T20:57:58.796+0000] {processor.py:925} INFO - DAG(s) 'example_local_kubernetes_executor' retrieved from /home/airflow/.local/lib/python3.12/site-packages/airflow/example_dags/example_local_kubernetes_executor.py
[2025-11-09T20:57:58.874+0000] {logging_mixin.py:190} INFO - [2025-11-09T20:57:58.873+0000] {dag.py:3239} INFO - Sync 1 DAGs
[2025-11-09T20:57:58.914+0000] {logging_mixin.py:190} INFO - [2025-11-09T20:57:58.913+0000] {dag.py:4180} INFO - Setting next_dagrun for example_local_kubernetes_executor to None, run_after=None
[2025-11-09T20:57:58.954+0000] {processor.py:208} INFO - Processing /home/airflow/.local/lib/python3.12/site-packages/airflow/example_dags/example_local_kubernetes_executor.py took 0.190 seconds
[2025-11-09T20:58:29.155+0000] {processor.py:186} INFO - Started process (PID=3919) to work on /home/airflow/.local/lib/python3.12/site-packages/airflow/example_dags/example_local_kubernetes_executor.py
[2025-11-09T20:58:29.158+0000] {processor.py:914} INFO - Processing file /home/airflow/.local/lib/python3.12/site-packages/airflow/example_dags/example_local_kubernetes_executor.py for tasks to queue
[2025-11-09T20:58:29.165+0000] {logging_mixin.py:190} INFO - [2025-11-09T20:58:29.164+0000] {dagbag.py:588} INFO - Filling up the DagBag from /home/airflow/.local/lib/python3.12/site-packages/airflow/example_dags/example_local_kubernetes_executor.py
[2025-11-09T20:58:29.185+0000] {processor.py:925} INFO - DAG(s) 'example_local_kubernetes_executor' retrieved from /home/airflow/.local/lib/python3.12/site-packages/airflow/example_dags/example_local_kubernetes_executor.py
[2025-11-09T20:58:29.275+0000] {logging_mixin.py:190} INFO - [2025-11-09T20:58:29.274+0000] {dag.py:3239} INFO - Sync 1 DAGs
[2025-11-09T20:58:29.316+0000] {logging_mixin.py:190} INFO - [2025-11-09T20:58:29.316+0000] {dag.py:4180} INFO - Setting next_dagrun for example_local_kubernetes_executor to None, run_after=None
[2025-11-09T20:58:29.361+0000] {processor.py:208} INFO - Processing /home/airflow/.local/lib/python3.12/site-packages/airflow/example_dags/example_local_kubernetes_executor.py took 0.223 seconds
[2025-11-09T20:58:59.697+0000] {processor.py:186} INFO - Started process (PID=3983) to work on /home/airflow/.local/lib/python3.12/site-packages/airflow/example_dags/example_local_kubernetes_executor.py
[2025-11-09T20:58:59.699+0000] {processor.py:914} INFO - Processing file /home/airflow/.local/lib/python3.12/site-packages/airflow/example_dags/example_local_kubernetes_executor.py for tasks to queue
[2025-11-09T20:58:59.705+0000] {logging_mixin.py:190} INFO - [2025-11-09T20:58:59.704+0000] {dagbag.py:588} INFO - Filling up the DagBag from /home/airflow/.local/lib/python3.12/site-packages/airflow/example_dags/example_local_kubernetes_executor.py
[2025-11-09T20:58:59.723+0000] {processor.py:925} INFO - DAG(s) 'example_local_kubernetes_executor' retrieved from /home/airflow/.local/lib/python3.12/site-packages/airflow/example_dags/example_local_kubernetes_executor.py
[2025-11-09T20:58:59.788+0000] {logging_mixin.py:190} INFO - [2025-11-09T20:58:59.787+0000] {dag.py:3239} INFO - Sync 1 DAGs
[2025-11-09T20:58:59.813+0000] {logging_mixin.py:190} INFO - [2025-11-09T20:58:59.813+0000] {dag.py:4180} INFO - Setting next_dagrun for example_local_kubernetes_executor to None, run_after=None
[2025-11-09T20:58:59.842+0000] {processor.py:208} INFO - Processing /home/airflow/.local/lib/python3.12/site-packages/airflow/example_dags/example_local_kubernetes_executor.py took 0.157 seconds
[2025-11-09T20:59:30.328+0000] {processor.py:186} INFO - Started process (PID=4047) to work on /home/airflow/.local/lib/python3.12/site-packages/airflow/example_dags/example_local_kubernetes_executor.py
[2025-11-09T20:59:30.332+0000] {processor.py:914} INFO - Processing file /home/airflow/.local/lib/python3.12/site-packages/airflow/example_dags/example_local_kubernetes_executor.py for tasks to queue
[2025-11-09T20:59:30.342+0000] {logging_mixin.py:190} INFO - [2025-11-09T20:59:30.341+0000] {dagbag.py:588} INFO - Filling up the DagBag from /home/airflow/.local/lib/python3.12/site-packages/airflow/example_dags/example_local_kubernetes_executor.py
[2025-11-09T20:59:30.370+0000] {processor.py:925} INFO - DAG(s) 'example_local_kubernetes_executor' retrieved from /home/airflow/.local/lib/python3.12/site-packages/airflow/example_dags/example_local_kubernetes_executor.py
[2025-11-09T20:59:30.431+0000] {logging_mixin.py:190} INFO - [2025-11-09T20:59:30.431+0000] {dag.py:3239} INFO - Sync 1 DAGs
[2025-11-09T20:59:30.458+0000] {logging_mixin.py:190} INFO - [2025-11-09T20:59:30.458+0000] {dag.py:4180} INFO - Setting next_dagrun for example_local_kubernetes_executor to None, run_after=None
[2025-11-09T20:59:30.488+0000] {processor.py:208} INFO - Processing /home/airflow/.local/lib/python3.12/site-packages/airflow/example_dags/example_local_kubernetes_executor.py took 0.176 seconds
[2025-11-09T21:00:01.425+0000] {processor.py:186} INFO - Started process (PID=4112) to work on /home/airflow/.local/lib/python3.12/site-packages/airflow/example_dags/example_local_kubernetes_executor.py
[2025-11-09T21:00:01.427+0000] {processor.py:914} INFO - Processing file /home/airflow/.local/lib/python3.12/site-packages/airflow/example_dags/example_local_kubernetes_executor.py for tasks to queue
[2025-11-09T21:00:01.433+0000] {logging_mixin.py:190} INFO - [2025-11-09T21:00:01.433+0000] {dagbag.py:588} INFO - Filling up the DagBag from /home/airflow/.local/lib/python3.12/site-packages/airflow/example_dags/example_local_kubernetes_executor.py
[2025-11-09T21:00:01.460+0000] {processor.py:925} INFO - DAG(s) 'example_local_kubernetes_executor' retrieved from /home/airflow/.local/lib/python3.12/site-packages/airflow/example_dags/example_local_kubernetes_executor.py
[2025-11-09T21:00:01.533+0000] {logging_mixin.py:190} INFO - [2025-11-09T21:00:01.533+0000] {dag.py:3239} INFO - Sync 1 DAGs
[2025-11-09T21:00:01.566+0000] {logging_mixin.py:190} INFO - [2025-11-09T21:00:01.566+0000] {dag.py:4180} INFO - Setting next_dagrun for example_local_kubernetes_executor to None, run_after=None
[2025-11-09T21:00:01.605+0000] {processor.py:208} INFO - Processing /home/airflow/.local/lib/python3.12/site-packages/airflow/example_dags/example_local_kubernetes_executor.py took 0.194 seconds
[2025-11-09T21:00:31.849+0000] {processor.py:186} INFO - Started process (PID=4176) to work on /home/airflow/.local/lib/python3.12/site-packages/airflow/example_dags/example_local_kubernetes_executor.py
[2025-11-09T21:00:31.852+0000] {processor.py:914} INFO - Processing file /home/airflow/.local/lib/python3.12/site-packages/airflow/example_dags/example_local_kubernetes_executor.py for tasks to queue
[2025-11-09T21:00:31.858+0000] {logging_mixin.py:190} INFO - [2025-11-09T21:00:31.857+0000] {dagbag.py:588} INFO - Filling up the DagBag from /home/airflow/.local/lib/python3.12/site-packages/airflow/example_dags/example_local_kubernetes_executor.py
[2025-11-09T21:00:31.887+0000] {processor.py:925} INFO - DAG(s) 'example_local_kubernetes_executor' retrieved from /home/airflow/.local/lib/python3.12/site-packages/airflow/example_dags/example_local_kubernetes_executor.py
[2025-11-09T21:00:31.976+0000] {logging_mixin.py:190} INFO - [2025-11-09T21:00:31.976+0000] {dag.py:3239} INFO - Sync 1 DAGs
[2025-11-09T21:00:32.010+0000] {logging_mixin.py:190} INFO - [2025-11-09T21:00:32.009+0000] {dag.py:4180} INFO - Setting next_dagrun for example_local_kubernetes_executor to None, run_after=None
[2025-11-09T21:00:32.052+0000] {processor.py:208} INFO - Processing /home/airflow/.local/lib/python3.12/site-packages/airflow/example_dags/example_local_kubernetes_executor.py took 0.219 seconds
[2025-11-09T21:01:03.017+0000] {processor.py:186} INFO - Started process (PID=4244) to work on /home/airflow/.local/lib/python3.12/site-packages/airflow/example_dags/example_local_kubernetes_executor.py
[2025-11-09T21:01:03.018+0000] {processor.py:914} INFO - Processing file /home/airflow/.local/lib/python3.12/site-packages/airflow/example_dags/example_local_kubernetes_executor.py for tasks to queue
[2025-11-09T21:01:03.023+0000] {logging_mixin.py:190} INFO - [2025-11-09T21:01:03.022+0000] {dagbag.py:588} INFO - Filling up the DagBag from /home/airflow/.local/lib/python3.12/site-packages/airflow/example_dags/example_local_kubernetes_executor.py
[2025-11-09T21:01:03.045+0000] {processor.py:925} INFO - DAG(s) 'example_local_kubernetes_executor' retrieved from /home/airflow/.local/lib/python3.12/site-packages/airflow/example_dags/example_local_kubernetes_executor.py
[2025-11-09T21:01:03.111+0000] {logging_mixin.py:190} INFO - [2025-11-09T21:01:03.110+0000] {dag.py:3239} INFO - Sync 1 DAGs
[2025-11-09T21:01:03.139+0000] {logging_mixin.py:190} INFO - [2025-11-09T21:01:03.139+0000] {dag.py:4180} INFO - Setting next_dagrun for example_local_kubernetes_executor to None, run_after=None
[2025-11-09T21:01:03.182+0000] {processor.py:208} INFO - Processing /home/airflow/.local/lib/python3.12/site-packages/airflow/example_dags/example_local_kubernetes_executor.py took 0.177 seconds
[2025-11-09T21:01:33.363+0000] {processor.py:186} INFO - Started process (PID=4304) to work on /home/airflow/.local/lib/python3.12/site-packages/airflow/example_dags/example_local_kubernetes_executor.py
[2025-11-09T21:01:33.366+0000] {processor.py:914} INFO - Processing file /home/airflow/.local/lib/python3.12/site-packages/airflow/example_dags/example_local_kubernetes_executor.py for tasks to queue
[2025-11-09T21:01:33.372+0000] {logging_mixin.py:190} INFO - [2025-11-09T21:01:33.371+0000] {dagbag.py:588} INFO - Filling up the DagBag from /home/airflow/.local/lib/python3.12/site-packages/airflow/example_dags/example_local_kubernetes_executor.py
[2025-11-09T21:01:33.391+0000] {processor.py:925} INFO - DAG(s) 'example_local_kubernetes_executor' retrieved from /home/airflow/.local/lib/python3.12/site-packages/airflow/example_dags/example_local_kubernetes_executor.py
[2025-11-09T21:01:33.456+0000] {logging_mixin.py:190} INFO - [2025-11-09T21:01:33.456+0000] {dag.py:3239} INFO - Sync 1 DAGs
[2025-11-09T21:01:33.485+0000] {logging_mixin.py:190} INFO - [2025-11-09T21:01:33.484+0000] {dag.py:4180} INFO - Setting next_dagrun for example_local_kubernetes_executor to None, run_after=None
[2025-11-09T21:01:33.525+0000] {processor.py:208} INFO - Processing /home/airflow/.local/lib/python3.12/site-packages/airflow/example_dags/example_local_kubernetes_executor.py took 0.173 seconds
[2025-11-09T21:02:03.634+0000] {processor.py:186} INFO - Started process (PID=4367) to work on /home/airflow/.local/lib/python3.12/site-packages/airflow/example_dags/example_local_kubernetes_executor.py
[2025-11-09T21:02:03.636+0000] {processor.py:914} INFO - Processing file /home/airflow/.local/lib/python3.12/site-packages/airflow/example_dags/example_local_kubernetes_executor.py for tasks to queue
[2025-11-09T21:02:03.641+0000] {logging_mixin.py:190} INFO - [2025-11-09T21:02:03.641+0000] {dagbag.py:588} INFO - Filling up the DagBag from /home/airflow/.local/lib/python3.12/site-packages/airflow/example_dags/example_local_kubernetes_executor.py
[2025-11-09T21:02:03.657+0000] {processor.py:925} INFO - DAG(s) 'example_local_kubernetes_executor' retrieved from /home/airflow/.local/lib/python3.12/site-packages/airflow/example_dags/example_local_kubernetes_executor.py
[2025-11-09T21:02:03.718+0000] {logging_mixin.py:190} INFO - [2025-11-09T21:02:03.718+0000] {dag.py:3239} INFO - Sync 1 DAGs
[2025-11-09T21:02:03.741+0000] {logging_mixin.py:190} INFO - [2025-11-09T21:02:03.741+0000] {dag.py:4180} INFO - Setting next_dagrun for example_local_kubernetes_executor to None, run_after=None
[2025-11-09T21:02:03.769+0000] {processor.py:208} INFO - Processing /home/airflow/.local/lib/python3.12/site-packages/airflow/example_dags/example_local_kubernetes_executor.py took 0.145 seconds
[2025-11-09T21:02:33.911+0000] {processor.py:186} INFO - Started process (PID=4431) to work on /home/airflow/.local/lib/python3.12/site-packages/airflow/example_dags/example_local_kubernetes_executor.py
[2025-11-09T21:02:33.913+0000] {processor.py:914} INFO - Processing file /home/airflow/.local/lib/python3.12/site-packages/airflow/example_dags/example_local_kubernetes_executor.py for tasks to queue
[2025-11-09T21:02:33.917+0000] {logging_mixin.py:190} INFO - [2025-11-09T21:02:33.917+0000] {dagbag.py:588} INFO - Filling up the DagBag from /home/airflow/.local/lib/python3.12/site-packages/airflow/example_dags/example_local_kubernetes_executor.py
[2025-11-09T21:02:33.935+0000] {processor.py:925} INFO - DAG(s) 'example_local_kubernetes_executor' retrieved from /home/airflow/.local/lib/python3.12/site-packages/airflow/example_dags/example_local_kubernetes_executor.py
[2025-11-09T21:02:34.006+0000] {logging_mixin.py:190} INFO - [2025-11-09T21:02:34.005+0000] {dag.py:3239} INFO - Sync 1 DAGs
[2025-11-09T21:02:34.035+0000] {logging_mixin.py:190} INFO - [2025-11-09T21:02:34.034+0000] {dag.py:4180} INFO - Setting next_dagrun for example_local_kubernetes_executor to None, run_after=None
[2025-11-09T21:02:34.066+0000] {processor.py:208} INFO - Processing /home/airflow/.local/lib/python3.12/site-packages/airflow/example_dags/example_local_kubernetes_executor.py took 0.167 seconds
[2025-11-09T21:03:04.641+0000] {processor.py:186} INFO - Started process (PID=4492) to work on /home/airflow/.local/lib/python3.12/site-packages/airflow/example_dags/example_local_kubernetes_executor.py
[2025-11-09T21:03:04.644+0000] {processor.py:914} INFO - Processing file /home/airflow/.local/lib/python3.12/site-packages/airflow/example_dags/example_local_kubernetes_executor.py for tasks to queue
[2025-11-09T21:03:04.651+0000] {logging_mixin.py:190} INFO - [2025-11-09T21:03:04.650+0000] {dagbag.py:588} INFO - Filling up the DagBag from /home/airflow/.local/lib/python3.12/site-packages/airflow/example_dags/example_local_kubernetes_executor.py
[2025-11-09T21:03:04.677+0000] {processor.py:925} INFO - DAG(s) 'example_local_kubernetes_executor' retrieved from /home/airflow/.local/lib/python3.12/site-packages/airflow/example_dags/example_local_kubernetes_executor.py
[2025-11-09T21:03:04.774+0000] {logging_mixin.py:190} INFO - [2025-11-09T21:03:04.774+0000] {dag.py:3239} INFO - Sync 1 DAGs
[2025-11-09T21:03:04.832+0000] {logging_mixin.py:190} INFO - [2025-11-09T21:03:04.831+0000] {dag.py:4180} INFO - Setting next_dagrun for example_local_kubernetes_executor to None, run_after=None
[2025-11-09T21:03:04.877+0000] {processor.py:208} INFO - Processing /home/airflow/.local/lib/python3.12/site-packages/airflow/example_dags/example_local_kubernetes_executor.py took 0.253 seconds
[2025-11-09T21:03:35.397+0000] {processor.py:186} INFO - Started process (PID=4554) to work on /home/airflow/.local/lib/python3.12/site-packages/airflow/example_dags/example_local_kubernetes_executor.py
[2025-11-09T21:03:35.400+0000] {processor.py:914} INFO - Processing file /home/airflow/.local/lib/python3.12/site-packages/airflow/example_dags/example_local_kubernetes_executor.py for tasks to queue
[2025-11-09T21:03:35.414+0000] {logging_mixin.py:190} INFO - [2025-11-09T21:03:35.407+0000] {dagbag.py:588} INFO - Filling up the DagBag from /home/airflow/.local/lib/python3.12/site-packages/airflow/example_dags/example_local_kubernetes_executor.py
[2025-11-09T21:03:35.445+0000] {processor.py:925} INFO - DAG(s) 'example_local_kubernetes_executor' retrieved from /home/airflow/.local/lib/python3.12/site-packages/airflow/example_dags/example_local_kubernetes_executor.py
[2025-11-09T21:03:35.551+0000] {logging_mixin.py:190} INFO - [2025-11-09T21:03:35.550+0000] {dag.py:3239} INFO - Sync 1 DAGs
[2025-11-09T21:03:35.602+0000] {logging_mixin.py:190} INFO - [2025-11-09T21:03:35.602+0000] {dag.py:4180} INFO - Setting next_dagrun for example_local_kubernetes_executor to None, run_after=None
[2025-11-09T21:03:35.657+0000] {processor.py:208} INFO - Processing /home/airflow/.local/lib/python3.12/site-packages/airflow/example_dags/example_local_kubernetes_executor.py took 0.275 seconds
[2025-11-09T21:04:06.201+0000] {processor.py:186} INFO - Started process (PID=4614) to work on /home/airflow/.local/lib/python3.12/site-packages/airflow/example_dags/example_local_kubernetes_executor.py
[2025-11-09T21:04:06.203+0000] {processor.py:914} INFO - Processing file /home/airflow/.local/lib/python3.12/site-packages/airflow/example_dags/example_local_kubernetes_executor.py for tasks to queue
[2025-11-09T21:04:06.209+0000] {logging_mixin.py:190} INFO - [2025-11-09T21:04:06.208+0000] {dagbag.py:588} INFO - Filling up the DagBag from /home/airflow/.local/lib/python3.12/site-packages/airflow/example_dags/example_local_kubernetes_executor.py
[2025-11-09T21:04:06.237+0000] {processor.py:925} INFO - DAG(s) 'example_local_kubernetes_executor' retrieved from /home/airflow/.local/lib/python3.12/site-packages/airflow/example_dags/example_local_kubernetes_executor.py
[2025-11-09T21:04:06.301+0000] {logging_mixin.py:190} INFO - [2025-11-09T21:04:06.301+0000] {dag.py:3239} INFO - Sync 1 DAGs
[2025-11-09T21:04:06.325+0000] {logging_mixin.py:190} INFO - [2025-11-09T21:04:06.325+0000] {dag.py:4180} INFO - Setting next_dagrun for example_local_kubernetes_executor to None, run_after=None
[2025-11-09T21:04:06.355+0000] {processor.py:208} INFO - Processing /home/airflow/.local/lib/python3.12/site-packages/airflow/example_dags/example_local_kubernetes_executor.py took 0.169 seconds
[2025-11-09T21:04:37.814+0000] {processor.py:186} INFO - Started process (PID=4684) to work on /home/airflow/.local/lib/python3.12/site-packages/airflow/example_dags/example_local_kubernetes_executor.py
[2025-11-09T21:04:37.816+0000] {processor.py:914} INFO - Processing file /home/airflow/.local/lib/python3.12/site-packages/airflow/example_dags/example_local_kubernetes_executor.py for tasks to queue
[2025-11-09T21:04:37.823+0000] {logging_mixin.py:190} INFO - [2025-11-09T21:04:37.822+0000] {dagbag.py:588} INFO - Filling up the DagBag from /home/airflow/.local/lib/python3.12/site-packages/airflow/example_dags/example_local_kubernetes_executor.py
[2025-11-09T21:04:37.843+0000] {processor.py:925} INFO - DAG(s) 'example_local_kubernetes_executor' retrieved from /home/airflow/.local/lib/python3.12/site-packages/airflow/example_dags/example_local_kubernetes_executor.py
[2025-11-09T21:04:37.922+0000] {logging_mixin.py:190} INFO - [2025-11-09T21:04:37.921+0000] {dag.py:3239} INFO - Sync 1 DAGs
[2025-11-09T21:04:37.953+0000] {logging_mixin.py:190} INFO - [2025-11-09T21:04:37.952+0000] {dag.py:4180} INFO - Setting next_dagrun for example_local_kubernetes_executor to None, run_after=None
[2025-11-09T21:04:37.988+0000] {processor.py:208} INFO - Processing /home/airflow/.local/lib/python3.12/site-packages/airflow/example_dags/example_local_kubernetes_executor.py took 0.189 seconds
[2025-11-09T21:08:07.673+0000] {processor.py:186} INFO - Started process (PID=97) to work on /home/airflow/.local/lib/python3.12/site-packages/airflow/example_dags/example_local_kubernetes_executor.py
[2025-11-09T21:08:07.677+0000] {processor.py:914} INFO - Processing file /home/airflow/.local/lib/python3.12/site-packages/airflow/example_dags/example_local_kubernetes_executor.py for tasks to queue
[2025-11-09T21:08:07.686+0000] {logging_mixin.py:190} INFO - [2025-11-09T21:08:07.685+0000] {dagbag.py:588} INFO - Filling up the DagBag from /home/airflow/.local/lib/python3.12/site-packages/airflow/example_dags/example_local_kubernetes_executor.py
[2025-11-09T21:08:07.736+0000] {processor.py:925} INFO - DAG(s) 'example_local_kubernetes_executor' retrieved from /home/airflow/.local/lib/python3.12/site-packages/airflow/example_dags/example_local_kubernetes_executor.py
[2025-11-09T21:08:07.865+0000] {logging_mixin.py:190} INFO - [2025-11-09T21:08:07.864+0000] {dag.py:3239} INFO - Sync 1 DAGs
[2025-11-09T21:08:07.896+0000] {logging_mixin.py:190} INFO - [2025-11-09T21:08:07.896+0000] {dag.py:4180} INFO - Setting next_dagrun for example_local_kubernetes_executor to None, run_after=None
[2025-11-09T21:08:07.943+0000] {processor.py:208} INFO - Processing /home/airflow/.local/lib/python3.12/site-packages/airflow/example_dags/example_local_kubernetes_executor.py took 0.296 seconds
[2025-11-09T21:08:38.831+0000] {processor.py:186} INFO - Started process (PID=161) to work on /home/airflow/.local/lib/python3.12/site-packages/airflow/example_dags/example_local_kubernetes_executor.py
[2025-11-09T21:08:38.834+0000] {processor.py:914} INFO - Processing file /home/airflow/.local/lib/python3.12/site-packages/airflow/example_dags/example_local_kubernetes_executor.py for tasks to queue
[2025-11-09T21:08:38.842+0000] {logging_mixin.py:190} INFO - [2025-11-09T21:08:38.841+0000] {dagbag.py:588} INFO - Filling up the DagBag from /home/airflow/.local/lib/python3.12/site-packages/airflow/example_dags/example_local_kubernetes_executor.py
[2025-11-09T21:08:38.878+0000] {processor.py:925} INFO - DAG(s) 'example_local_kubernetes_executor' retrieved from /home/airflow/.local/lib/python3.12/site-packages/airflow/example_dags/example_local_kubernetes_executor.py
[2025-11-09T21:08:39.032+0000] {logging_mixin.py:190} INFO - [2025-11-09T21:08:39.032+0000] {dag.py:3239} INFO - Sync 1 DAGs
[2025-11-09T21:08:39.076+0000] {logging_mixin.py:190} INFO - [2025-11-09T21:08:39.075+0000] {dag.py:4180} INFO - Setting next_dagrun for example_local_kubernetes_executor to None, run_after=None
[2025-11-09T21:08:39.122+0000] {processor.py:208} INFO - Processing /home/airflow/.local/lib/python3.12/site-packages/airflow/example_dags/example_local_kubernetes_executor.py took 0.311 seconds
[2025-11-09T21:09:10.260+0000] {processor.py:186} INFO - Started process (PID=225) to work on /home/airflow/.local/lib/python3.12/site-packages/airflow/example_dags/example_local_kubernetes_executor.py
[2025-11-09T21:09:10.264+0000] {processor.py:914} INFO - Processing file /home/airflow/.local/lib/python3.12/site-packages/airflow/example_dags/example_local_kubernetes_executor.py for tasks to queue
[2025-11-09T21:09:10.276+0000] {logging_mixin.py:190} INFO - [2025-11-09T21:09:10.275+0000] {dagbag.py:588} INFO - Filling up the DagBag from /home/airflow/.local/lib/python3.12/site-packages/airflow/example_dags/example_local_kubernetes_executor.py
[2025-11-09T21:09:10.317+0000] {processor.py:925} INFO - DAG(s) 'example_local_kubernetes_executor' retrieved from /home/airflow/.local/lib/python3.12/site-packages/airflow/example_dags/example_local_kubernetes_executor.py
[2025-11-09T21:09:10.434+0000] {logging_mixin.py:190} INFO - [2025-11-09T21:09:10.434+0000] {dag.py:3239} INFO - Sync 1 DAGs
[2025-11-09T21:09:10.486+0000] {logging_mixin.py:190} INFO - [2025-11-09T21:09:10.486+0000] {dag.py:4180} INFO - Setting next_dagrun for example_local_kubernetes_executor to None, run_after=None
[2025-11-09T21:09:10.547+0000] {processor.py:208} INFO - Processing /home/airflow/.local/lib/python3.12/site-packages/airflow/example_dags/example_local_kubernetes_executor.py took 0.316 seconds
[2025-11-09T21:09:41.279+0000] {processor.py:186} INFO - Started process (PID=290) to work on /home/airflow/.local/lib/python3.12/site-packages/airflow/example_dags/example_local_kubernetes_executor.py
[2025-11-09T21:09:41.281+0000] {processor.py:914} INFO - Processing file /home/airflow/.local/lib/python3.12/site-packages/airflow/example_dags/example_local_kubernetes_executor.py for tasks to queue
[2025-11-09T21:09:41.288+0000] {logging_mixin.py:190} INFO - [2025-11-09T21:09:41.287+0000] {dagbag.py:588} INFO - Filling up the DagBag from /home/airflow/.local/lib/python3.12/site-packages/airflow/example_dags/example_local_kubernetes_executor.py
[2025-11-09T21:09:41.313+0000] {processor.py:925} INFO - DAG(s) 'example_local_kubernetes_executor' retrieved from /home/airflow/.local/lib/python3.12/site-packages/airflow/example_dags/example_local_kubernetes_executor.py
[2025-11-09T21:09:41.406+0000] {logging_mixin.py:190} INFO - [2025-11-09T21:09:41.406+0000] {dag.py:3239} INFO - Sync 1 DAGs
[2025-11-09T21:09:41.444+0000] {logging_mixin.py:190} INFO - [2025-11-09T21:09:41.444+0000] {dag.py:4180} INFO - Setting next_dagrun for example_local_kubernetes_executor to None, run_after=None
[2025-11-09T21:09:41.495+0000] {processor.py:208} INFO - Processing /home/airflow/.local/lib/python3.12/site-packages/airflow/example_dags/example_local_kubernetes_executor.py took 0.232 seconds
[2025-11-09T21:10:12.107+0000] {processor.py:186} INFO - Started process (PID=354) to work on /home/airflow/.local/lib/python3.12/site-packages/airflow/example_dags/example_local_kubernetes_executor.py
[2025-11-09T21:10:12.110+0000] {processor.py:914} INFO - Processing file /home/airflow/.local/lib/python3.12/site-packages/airflow/example_dags/example_local_kubernetes_executor.py for tasks to queue
[2025-11-09T21:10:12.117+0000] {logging_mixin.py:190} INFO - [2025-11-09T21:10:12.116+0000] {dagbag.py:588} INFO - Filling up the DagBag from /home/airflow/.local/lib/python3.12/site-packages/airflow/example_dags/example_local_kubernetes_executor.py
[2025-11-09T21:10:12.144+0000] {processor.py:925} INFO - DAG(s) 'example_local_kubernetes_executor' retrieved from /home/airflow/.local/lib/python3.12/site-packages/airflow/example_dags/example_local_kubernetes_executor.py
[2025-11-09T21:10:12.241+0000] {logging_mixin.py:190} INFO - [2025-11-09T21:10:12.240+0000] {dag.py:3239} INFO - Sync 1 DAGs
[2025-11-09T21:10:12.280+0000] {logging_mixin.py:190} INFO - [2025-11-09T21:10:12.279+0000] {dag.py:4180} INFO - Setting next_dagrun for example_local_kubernetes_executor to None, run_after=None
[2025-11-09T21:10:12.329+0000] {processor.py:208} INFO - Processing /home/airflow/.local/lib/python3.12/site-packages/airflow/example_dags/example_local_kubernetes_executor.py took 0.237 seconds
[2025-11-09T21:10:43.324+0000] {processor.py:186} INFO - Started process (PID=419) to work on /home/airflow/.local/lib/python3.12/site-packages/airflow/example_dags/example_local_kubernetes_executor.py
[2025-11-09T21:10:43.326+0000] {processor.py:914} INFO - Processing file /home/airflow/.local/lib/python3.12/site-packages/airflow/example_dags/example_local_kubernetes_executor.py for tasks to queue
[2025-11-09T21:10:43.333+0000] {logging_mixin.py:190} INFO - [2025-11-09T21:10:43.332+0000] {dagbag.py:588} INFO - Filling up the DagBag from /home/airflow/.local/lib/python3.12/site-packages/airflow/example_dags/example_local_kubernetes_executor.py
[2025-11-09T21:10:43.358+0000] {processor.py:925} INFO - DAG(s) 'example_local_kubernetes_executor' retrieved from /home/airflow/.local/lib/python3.12/site-packages/airflow/example_dags/example_local_kubernetes_executor.py
[2025-11-09T21:10:43.457+0000] {logging_mixin.py:190} INFO - [2025-11-09T21:10:43.456+0000] {dag.py:3239} INFO - Sync 1 DAGs
[2025-11-09T21:10:43.499+0000] {logging_mixin.py:190} INFO - [2025-11-09T21:10:43.498+0000] {dag.py:4180} INFO - Setting next_dagrun for example_local_kubernetes_executor to None, run_after=None
[2025-11-09T21:10:43.563+0000] {processor.py:208} INFO - Processing /home/airflow/.local/lib/python3.12/site-packages/airflow/example_dags/example_local_kubernetes_executor.py took 0.259 seconds
[2025-11-09T21:11:14.193+0000] {processor.py:186} INFO - Started process (PID=485) to work on /home/airflow/.local/lib/python3.12/site-packages/airflow/example_dags/example_local_kubernetes_executor.py
[2025-11-09T21:11:14.195+0000] {processor.py:914} INFO - Processing file /home/airflow/.local/lib/python3.12/site-packages/airflow/example_dags/example_local_kubernetes_executor.py for tasks to queue
[2025-11-09T21:11:14.202+0000] {logging_mixin.py:190} INFO - [2025-11-09T21:11:14.200+0000] {dagbag.py:588} INFO - Filling up the DagBag from /home/airflow/.local/lib/python3.12/site-packages/airflow/example_dags/example_local_kubernetes_executor.py
[2025-11-09T21:11:14.224+0000] {processor.py:925} INFO - DAG(s) 'example_local_kubernetes_executor' retrieved from /home/airflow/.local/lib/python3.12/site-packages/airflow/example_dags/example_local_kubernetes_executor.py
[2025-11-09T21:11:14.304+0000] {logging_mixin.py:190} INFO - [2025-11-09T21:11:14.304+0000] {dag.py:3239} INFO - Sync 1 DAGs
[2025-11-09T21:11:14.346+0000] {logging_mixin.py:190} INFO - [2025-11-09T21:11:14.345+0000] {dag.py:4180} INFO - Setting next_dagrun for example_local_kubernetes_executor to None, run_after=None
[2025-11-09T21:11:14.390+0000] {processor.py:208} INFO - Processing /home/airflow/.local/lib/python3.12/site-packages/airflow/example_dags/example_local_kubernetes_executor.py took 0.211 seconds
[2025-11-09T21:11:45.944+0000] {processor.py:186} INFO - Started process (PID=549) to work on /home/airflow/.local/lib/python3.12/site-packages/airflow/example_dags/example_local_kubernetes_executor.py
[2025-11-09T21:11:45.947+0000] {processor.py:914} INFO - Processing file /home/airflow/.local/lib/python3.12/site-packages/airflow/example_dags/example_local_kubernetes_executor.py for tasks to queue
[2025-11-09T21:11:45.955+0000] {logging_mixin.py:190} INFO - [2025-11-09T21:11:45.954+0000] {dagbag.py:588} INFO - Filling up the DagBag from /home/airflow/.local/lib/python3.12/site-packages/airflow/example_dags/example_local_kubernetes_executor.py
[2025-11-09T21:11:45.990+0000] {processor.py:925} INFO - DAG(s) 'example_local_kubernetes_executor' retrieved from /home/airflow/.local/lib/python3.12/site-packages/airflow/example_dags/example_local_kubernetes_executor.py
[2025-11-09T21:11:46.288+0000] {logging_mixin.py:190} INFO - [2025-11-09T21:11:46.287+0000] {dag.py:3239} INFO - Sync 1 DAGs
[2025-11-09T21:11:46.448+0000] {logging_mixin.py:190} INFO - [2025-11-09T21:11:46.446+0000] {dag.py:4180} INFO - Setting next_dagrun for example_local_kubernetes_executor to None, run_after=None
[2025-11-09T21:11:46.567+0000] {processor.py:208} INFO - Processing /home/airflow/.local/lib/python3.12/site-packages/airflow/example_dags/example_local_kubernetes_executor.py took 0.643 seconds
[2025-11-09T21:12:17.407+0000] {processor.py:186} INFO - Started process (PID=618) to work on /home/airflow/.local/lib/python3.12/site-packages/airflow/example_dags/example_local_kubernetes_executor.py
[2025-11-09T21:12:17.409+0000] {processor.py:914} INFO - Processing file /home/airflow/.local/lib/python3.12/site-packages/airflow/example_dags/example_local_kubernetes_executor.py for tasks to queue
[2025-11-09T21:12:17.414+0000] {logging_mixin.py:190} INFO - [2025-11-09T21:12:17.414+0000] {dagbag.py:588} INFO - Filling up the DagBag from /home/airflow/.local/lib/python3.12/site-packages/airflow/example_dags/example_local_kubernetes_executor.py
[2025-11-09T21:12:17.430+0000] {processor.py:925} INFO - DAG(s) 'example_local_kubernetes_executor' retrieved from /home/airflow/.local/lib/python3.12/site-packages/airflow/example_dags/example_local_kubernetes_executor.py
[2025-11-09T21:12:17.492+0000] {logging_mixin.py:190} INFO - [2025-11-09T21:12:17.491+0000] {dag.py:3239} INFO - Sync 1 DAGs
[2025-11-09T21:12:17.517+0000] {logging_mixin.py:190} INFO - [2025-11-09T21:12:17.517+0000] {dag.py:4180} INFO - Setting next_dagrun for example_local_kubernetes_executor to None, run_after=None
[2025-11-09T21:12:17.554+0000] {processor.py:208} INFO - Processing /home/airflow/.local/lib/python3.12/site-packages/airflow/example_dags/example_local_kubernetes_executor.py took 0.155 seconds
[2025-11-09T21:12:47.730+0000] {processor.py:186} INFO - Started process (PID=682) to work on /home/airflow/.local/lib/python3.12/site-packages/airflow/example_dags/example_local_kubernetes_executor.py
[2025-11-09T21:12:47.732+0000] {processor.py:914} INFO - Processing file /home/airflow/.local/lib/python3.12/site-packages/airflow/example_dags/example_local_kubernetes_executor.py for tasks to queue
[2025-11-09T21:12:47.741+0000] {logging_mixin.py:190} INFO - [2025-11-09T21:12:47.740+0000] {dagbag.py:588} INFO - Filling up the DagBag from /home/airflow/.local/lib/python3.12/site-packages/airflow/example_dags/example_local_kubernetes_executor.py
[2025-11-09T21:12:47.769+0000] {processor.py:925} INFO - DAG(s) 'example_local_kubernetes_executor' retrieved from /home/airflow/.local/lib/python3.12/site-packages/airflow/example_dags/example_local_kubernetes_executor.py
[2025-11-09T21:12:47.867+0000] {logging_mixin.py:190} INFO - [2025-11-09T21:12:47.866+0000] {dag.py:3239} INFO - Sync 1 DAGs
[2025-11-09T21:12:47.914+0000] {logging_mixin.py:190} INFO - [2025-11-09T21:12:47.913+0000] {dag.py:4180} INFO - Setting next_dagrun for example_local_kubernetes_executor to None, run_after=None
[2025-11-09T21:12:47.969+0000] {processor.py:208} INFO - Processing /home/airflow/.local/lib/python3.12/site-packages/airflow/example_dags/example_local_kubernetes_executor.py took 0.256 seconds
[2025-11-09T21:13:18.428+0000] {processor.py:186} INFO - Started process (PID=747) to work on /home/airflow/.local/lib/python3.12/site-packages/airflow/example_dags/example_local_kubernetes_executor.py
[2025-11-09T21:13:18.431+0000] {processor.py:914} INFO - Processing file /home/airflow/.local/lib/python3.12/site-packages/airflow/example_dags/example_local_kubernetes_executor.py for tasks to queue
[2025-11-09T21:13:18.437+0000] {logging_mixin.py:190} INFO - [2025-11-09T21:13:18.436+0000] {dagbag.py:588} INFO - Filling up the DagBag from /home/airflow/.local/lib/python3.12/site-packages/airflow/example_dags/example_local_kubernetes_executor.py
[2025-11-09T21:13:18.463+0000] {processor.py:925} INFO - DAG(s) 'example_local_kubernetes_executor' retrieved from /home/airflow/.local/lib/python3.12/site-packages/airflow/example_dags/example_local_kubernetes_executor.py
[2025-11-09T21:13:18.550+0000] {logging_mixin.py:190} INFO - [2025-11-09T21:13:18.549+0000] {dag.py:3239} INFO - Sync 1 DAGs
[2025-11-09T21:13:18.586+0000] {logging_mixin.py:190} INFO - [2025-11-09T21:13:18.585+0000] {dag.py:4180} INFO - Setting next_dagrun for example_local_kubernetes_executor to None, run_after=None
[2025-11-09T21:13:18.629+0000] {processor.py:208} INFO - Processing /home/airflow/.local/lib/python3.12/site-packages/airflow/example_dags/example_local_kubernetes_executor.py took 0.214 seconds
[2025-11-09T21:13:49.697+0000] {processor.py:186} INFO - Started process (PID=807) to work on /home/airflow/.local/lib/python3.12/site-packages/airflow/example_dags/example_local_kubernetes_executor.py
[2025-11-09T21:13:49.701+0000] {processor.py:914} INFO - Processing file /home/airflow/.local/lib/python3.12/site-packages/airflow/example_dags/example_local_kubernetes_executor.py for tasks to queue
[2025-11-09T21:13:49.709+0000] {logging_mixin.py:190} INFO - [2025-11-09T21:13:49.708+0000] {dagbag.py:588} INFO - Filling up the DagBag from /home/airflow/.local/lib/python3.12/site-packages/airflow/example_dags/example_local_kubernetes_executor.py
[2025-11-09T21:13:49.770+0000] {processor.py:925} INFO - DAG(s) 'example_local_kubernetes_executor' retrieved from /home/airflow/.local/lib/python3.12/site-packages/airflow/example_dags/example_local_kubernetes_executor.py
[2025-11-09T21:13:49.917+0000] {logging_mixin.py:190} INFO - [2025-11-09T21:13:49.917+0000] {dag.py:3239} INFO - Sync 1 DAGs
[2025-11-09T21:13:49.974+0000] {logging_mixin.py:190} INFO - [2025-11-09T21:13:49.973+0000] {dag.py:4180} INFO - Setting next_dagrun for example_local_kubernetes_executor to None, run_after=None
[2025-11-09T21:13:50.041+0000] {processor.py:208} INFO - Processing /home/airflow/.local/lib/python3.12/site-packages/airflow/example_dags/example_local_kubernetes_executor.py took 0.366 seconds
[2025-11-09T21:14:20.624+0000] {processor.py:186} INFO - Started process (PID=868) to work on /home/airflow/.local/lib/python3.12/site-packages/airflow/example_dags/example_local_kubernetes_executor.py
[2025-11-09T21:14:20.628+0000] {processor.py:914} INFO - Processing file /home/airflow/.local/lib/python3.12/site-packages/airflow/example_dags/example_local_kubernetes_executor.py for tasks to queue
[2025-11-09T21:14:20.636+0000] {logging_mixin.py:190} INFO - [2025-11-09T21:14:20.635+0000] {dagbag.py:588} INFO - Filling up the DagBag from /home/airflow/.local/lib/python3.12/site-packages/airflow/example_dags/example_local_kubernetes_executor.py
[2025-11-09T21:14:20.673+0000] {processor.py:925} INFO - DAG(s) 'example_local_kubernetes_executor' retrieved from /home/airflow/.local/lib/python3.12/site-packages/airflow/example_dags/example_local_kubernetes_executor.py
[2025-11-09T21:14:20.777+0000] {logging_mixin.py:190} INFO - [2025-11-09T21:14:20.776+0000] {dag.py:3239} INFO - Sync 1 DAGs
[2025-11-09T21:14:20.829+0000] {logging_mixin.py:190} INFO - [2025-11-09T21:14:20.828+0000] {dag.py:4180} INFO - Setting next_dagrun for example_local_kubernetes_executor to None, run_after=None
[2025-11-09T21:14:20.885+0000] {processor.py:208} INFO - Processing /home/airflow/.local/lib/python3.12/site-packages/airflow/example_dags/example_local_kubernetes_executor.py took 0.280 seconds
[2025-11-09T21:14:50.982+0000] {processor.py:186} INFO - Started process (PID=932) to work on /home/airflow/.local/lib/python3.12/site-packages/airflow/example_dags/example_local_kubernetes_executor.py
[2025-11-09T21:14:50.984+0000] {processor.py:914} INFO - Processing file /home/airflow/.local/lib/python3.12/site-packages/airflow/example_dags/example_local_kubernetes_executor.py for tasks to queue
[2025-11-09T21:14:50.990+0000] {logging_mixin.py:190} INFO - [2025-11-09T21:14:50.989+0000] {dagbag.py:588} INFO - Filling up the DagBag from /home/airflow/.local/lib/python3.12/site-packages/airflow/example_dags/example_local_kubernetes_executor.py
[2025-11-09T21:14:51.014+0000] {processor.py:925} INFO - DAG(s) 'example_local_kubernetes_executor' retrieved from /home/airflow/.local/lib/python3.12/site-packages/airflow/example_dags/example_local_kubernetes_executor.py
[2025-11-09T21:14:51.093+0000] {logging_mixin.py:190} INFO - [2025-11-09T21:14:51.092+0000] {dag.py:3239} INFO - Sync 1 DAGs
[2025-11-09T21:14:51.130+0000] {logging_mixin.py:190} INFO - [2025-11-09T21:14:51.129+0000] {dag.py:4180} INFO - Setting next_dagrun for example_local_kubernetes_executor to None, run_after=None
[2025-11-09T21:14:51.168+0000] {processor.py:208} INFO - Processing /home/airflow/.local/lib/python3.12/site-packages/airflow/example_dags/example_local_kubernetes_executor.py took 0.200 seconds
[2025-11-09T21:15:21.639+0000] {processor.py:186} INFO - Started process (PID=995) to work on /home/airflow/.local/lib/python3.12/site-packages/airflow/example_dags/example_local_kubernetes_executor.py
[2025-11-09T21:15:21.641+0000] {processor.py:914} INFO - Processing file /home/airflow/.local/lib/python3.12/site-packages/airflow/example_dags/example_local_kubernetes_executor.py for tasks to queue
[2025-11-09T21:15:21.646+0000] {logging_mixin.py:190} INFO - [2025-11-09T21:15:21.645+0000] {dagbag.py:588} INFO - Filling up the DagBag from /home/airflow/.local/lib/python3.12/site-packages/airflow/example_dags/example_local_kubernetes_executor.py
[2025-11-09T21:15:21.666+0000] {processor.py:925} INFO - DAG(s) 'example_local_kubernetes_executor' retrieved from /home/airflow/.local/lib/python3.12/site-packages/airflow/example_dags/example_local_kubernetes_executor.py
[2025-11-09T21:15:21.736+0000] {logging_mixin.py:190} INFO - [2025-11-09T21:15:21.735+0000] {dag.py:3239} INFO - Sync 1 DAGs
[2025-11-09T21:15:21.765+0000] {logging_mixin.py:190} INFO - [2025-11-09T21:15:21.765+0000] {dag.py:4180} INFO - Setting next_dagrun for example_local_kubernetes_executor to None, run_after=None
[2025-11-09T21:15:21.797+0000] {processor.py:208} INFO - Processing /home/airflow/.local/lib/python3.12/site-packages/airflow/example_dags/example_local_kubernetes_executor.py took 0.169 seconds
[2025-11-09T21:15:51.916+0000] {processor.py:186} INFO - Started process (PID=1059) to work on /home/airflow/.local/lib/python3.12/site-packages/airflow/example_dags/example_local_kubernetes_executor.py
[2025-11-09T21:15:51.918+0000] {processor.py:914} INFO - Processing file /home/airflow/.local/lib/python3.12/site-packages/airflow/example_dags/example_local_kubernetes_executor.py for tasks to queue
[2025-11-09T21:15:51.923+0000] {logging_mixin.py:190} INFO - [2025-11-09T21:15:51.923+0000] {dagbag.py:588} INFO - Filling up the DagBag from /home/airflow/.local/lib/python3.12/site-packages/airflow/example_dags/example_local_kubernetes_executor.py
[2025-11-09T21:15:51.946+0000] {processor.py:925} INFO - DAG(s) 'example_local_kubernetes_executor' retrieved from /home/airflow/.local/lib/python3.12/site-packages/airflow/example_dags/example_local_kubernetes_executor.py
[2025-11-09T21:15:52.020+0000] {logging_mixin.py:190} INFO - [2025-11-09T21:15:52.020+0000] {dag.py:3239} INFO - Sync 1 DAGs
[2025-11-09T21:15:52.050+0000] {logging_mixin.py:190} INFO - [2025-11-09T21:15:52.050+0000] {dag.py:4180} INFO - Setting next_dagrun for example_local_kubernetes_executor to None, run_after=None
[2025-11-09T21:15:52.087+0000] {processor.py:208} INFO - Processing /home/airflow/.local/lib/python3.12/site-packages/airflow/example_dags/example_local_kubernetes_executor.py took 0.182 seconds
[2025-11-09T21:16:22.287+0000] {processor.py:186} INFO - Started process (PID=1122) to work on /home/airflow/.local/lib/python3.12/site-packages/airflow/example_dags/example_local_kubernetes_executor.py
[2025-11-09T21:16:22.289+0000] {processor.py:914} INFO - Processing file /home/airflow/.local/lib/python3.12/site-packages/airflow/example_dags/example_local_kubernetes_executor.py for tasks to queue
[2025-11-09T21:16:22.293+0000] {logging_mixin.py:190} INFO - [2025-11-09T21:16:22.293+0000] {dagbag.py:588} INFO - Filling up the DagBag from /home/airflow/.local/lib/python3.12/site-packages/airflow/example_dags/example_local_kubernetes_executor.py
[2025-11-09T21:16:22.310+0000] {processor.py:925} INFO - DAG(s) 'example_local_kubernetes_executor' retrieved from /home/airflow/.local/lib/python3.12/site-packages/airflow/example_dags/example_local_kubernetes_executor.py
[2025-11-09T21:16:22.366+0000] {logging_mixin.py:190} INFO - [2025-11-09T21:16:22.366+0000] {dag.py:3239} INFO - Sync 1 DAGs
[2025-11-09T21:16:22.390+0000] {logging_mixin.py:190} INFO - [2025-11-09T21:16:22.389+0000] {dag.py:4180} INFO - Setting next_dagrun for example_local_kubernetes_executor to None, run_after=None
[2025-11-09T21:16:22.420+0000] {processor.py:208} INFO - Processing /home/airflow/.local/lib/python3.12/site-packages/airflow/example_dags/example_local_kubernetes_executor.py took 0.146 seconds
[2025-11-09T21:16:52.579+0000] {processor.py:186} INFO - Started process (PID=1186) to work on /home/airflow/.local/lib/python3.12/site-packages/airflow/example_dags/example_local_kubernetes_executor.py
[2025-11-09T21:16:52.581+0000] {processor.py:914} INFO - Processing file /home/airflow/.local/lib/python3.12/site-packages/airflow/example_dags/example_local_kubernetes_executor.py for tasks to queue
[2025-11-09T21:16:52.586+0000] {logging_mixin.py:190} INFO - [2025-11-09T21:16:52.585+0000] {dagbag.py:588} INFO - Filling up the DagBag from /home/airflow/.local/lib/python3.12/site-packages/airflow/example_dags/example_local_kubernetes_executor.py
[2025-11-09T21:16:52.612+0000] {processor.py:925} INFO - DAG(s) 'example_local_kubernetes_executor' retrieved from /home/airflow/.local/lib/python3.12/site-packages/airflow/example_dags/example_local_kubernetes_executor.py
[2025-11-09T21:16:52.680+0000] {logging_mixin.py:190} INFO - [2025-11-09T21:16:52.680+0000] {dag.py:3239} INFO - Sync 1 DAGs
[2025-11-09T21:16:52.706+0000] {logging_mixin.py:190} INFO - [2025-11-09T21:16:52.705+0000] {dag.py:4180} INFO - Setting next_dagrun for example_local_kubernetes_executor to None, run_after=None
[2025-11-09T21:16:52.744+0000] {processor.py:208} INFO - Processing /home/airflow/.local/lib/python3.12/site-packages/airflow/example_dags/example_local_kubernetes_executor.py took 0.178 seconds
[2025-11-09T21:17:23.780+0000] {processor.py:186} INFO - Started process (PID=1249) to work on /home/airflow/.local/lib/python3.12/site-packages/airflow/example_dags/example_local_kubernetes_executor.py
[2025-11-09T21:17:23.782+0000] {processor.py:914} INFO - Processing file /home/airflow/.local/lib/python3.12/site-packages/airflow/example_dags/example_local_kubernetes_executor.py for tasks to queue
[2025-11-09T21:17:23.788+0000] {logging_mixin.py:190} INFO - [2025-11-09T21:17:23.787+0000] {dagbag.py:588} INFO - Filling up the DagBag from /home/airflow/.local/lib/python3.12/site-packages/airflow/example_dags/example_local_kubernetes_executor.py
[2025-11-09T21:17:23.810+0000] {processor.py:925} INFO - DAG(s) 'example_local_kubernetes_executor' retrieved from /home/airflow/.local/lib/python3.12/site-packages/airflow/example_dags/example_local_kubernetes_executor.py
[2025-11-09T21:17:23.871+0000] {logging_mixin.py:190} INFO - [2025-11-09T21:17:23.871+0000] {dag.py:3239} INFO - Sync 1 DAGs
[2025-11-09T21:17:23.893+0000] {logging_mixin.py:190} INFO - [2025-11-09T21:17:23.892+0000] {dag.py:4180} INFO - Setting next_dagrun for example_local_kubernetes_executor to None, run_after=None
[2025-11-09T21:17:23.920+0000] {processor.py:208} INFO - Processing /home/airflow/.local/lib/python3.12/site-packages/airflow/example_dags/example_local_kubernetes_executor.py took 0.152 seconds
[2025-11-09T21:17:54.291+0000] {processor.py:186} INFO - Started process (PID=1312) to work on /home/airflow/.local/lib/python3.12/site-packages/airflow/example_dags/example_local_kubernetes_executor.py
[2025-11-09T21:17:54.293+0000] {processor.py:914} INFO - Processing file /home/airflow/.local/lib/python3.12/site-packages/airflow/example_dags/example_local_kubernetes_executor.py for tasks to queue
[2025-11-09T21:17:54.298+0000] {logging_mixin.py:190} INFO - [2025-11-09T21:17:54.297+0000] {dagbag.py:588} INFO - Filling up the DagBag from /home/airflow/.local/lib/python3.12/site-packages/airflow/example_dags/example_local_kubernetes_executor.py
[2025-11-09T21:17:54.316+0000] {processor.py:925} INFO - DAG(s) 'example_local_kubernetes_executor' retrieved from /home/airflow/.local/lib/python3.12/site-packages/airflow/example_dags/example_local_kubernetes_executor.py
[2025-11-09T21:17:54.375+0000] {logging_mixin.py:190} INFO - [2025-11-09T21:17:54.374+0000] {dag.py:3239} INFO - Sync 1 DAGs
[2025-11-09T21:17:54.400+0000] {logging_mixin.py:190} INFO - [2025-11-09T21:17:54.399+0000] {dag.py:4180} INFO - Setting next_dagrun for example_local_kubernetes_executor to None, run_after=None
[2025-11-09T21:17:54.431+0000] {processor.py:208} INFO - Processing /home/airflow/.local/lib/python3.12/site-packages/airflow/example_dags/example_local_kubernetes_executor.py took 0.151 seconds
[2025-11-09T21:18:24.755+0000] {processor.py:186} INFO - Started process (PID=1376) to work on /home/airflow/.local/lib/python3.12/site-packages/airflow/example_dags/example_local_kubernetes_executor.py
[2025-11-09T21:18:24.757+0000] {processor.py:914} INFO - Processing file /home/airflow/.local/lib/python3.12/site-packages/airflow/example_dags/example_local_kubernetes_executor.py for tasks to queue
[2025-11-09T21:18:24.761+0000] {logging_mixin.py:190} INFO - [2025-11-09T21:18:24.761+0000] {dagbag.py:588} INFO - Filling up the DagBag from /home/airflow/.local/lib/python3.12/site-packages/airflow/example_dags/example_local_kubernetes_executor.py
[2025-11-09T21:18:24.778+0000] {processor.py:925} INFO - DAG(s) 'example_local_kubernetes_executor' retrieved from /home/airflow/.local/lib/python3.12/site-packages/airflow/example_dags/example_local_kubernetes_executor.py
[2025-11-09T21:18:24.850+0000] {logging_mixin.py:190} INFO - [2025-11-09T21:18:24.850+0000] {dag.py:3239} INFO - Sync 1 DAGs
[2025-11-09T21:18:24.877+0000] {logging_mixin.py:190} INFO - [2025-11-09T21:18:24.877+0000] {dag.py:4180} INFO - Setting next_dagrun for example_local_kubernetes_executor to None, run_after=None
[2025-11-09T21:18:24.912+0000] {processor.py:208} INFO - Processing /home/airflow/.local/lib/python3.12/site-packages/airflow/example_dags/example_local_kubernetes_executor.py took 0.167 seconds
[2025-11-09T21:18:55.836+0000] {processor.py:186} INFO - Started process (PID=1439) to work on /home/airflow/.local/lib/python3.12/site-packages/airflow/example_dags/example_local_kubernetes_executor.py
[2025-11-09T21:18:55.838+0000] {processor.py:914} INFO - Processing file /home/airflow/.local/lib/python3.12/site-packages/airflow/example_dags/example_local_kubernetes_executor.py for tasks to queue
[2025-11-09T21:18:55.842+0000] {logging_mixin.py:190} INFO - [2025-11-09T21:18:55.842+0000] {dagbag.py:588} INFO - Filling up the DagBag from /home/airflow/.local/lib/python3.12/site-packages/airflow/example_dags/example_local_kubernetes_executor.py
[2025-11-09T21:18:55.863+0000] {processor.py:925} INFO - DAG(s) 'example_local_kubernetes_executor' retrieved from /home/airflow/.local/lib/python3.12/site-packages/airflow/example_dags/example_local_kubernetes_executor.py
[2025-11-09T21:18:55.936+0000] {logging_mixin.py:190} INFO - [2025-11-09T21:18:55.936+0000] {dag.py:3239} INFO - Sync 1 DAGs
[2025-11-09T21:18:55.968+0000] {logging_mixin.py:190} INFO - [2025-11-09T21:18:55.967+0000] {dag.py:4180} INFO - Setting next_dagrun for example_local_kubernetes_executor to None, run_after=None
[2025-11-09T21:18:56.008+0000] {processor.py:208} INFO - Processing /home/airflow/.local/lib/python3.12/site-packages/airflow/example_dags/example_local_kubernetes_executor.py took 0.182 seconds
[2025-11-09T21:19:26.321+0000] {processor.py:186} INFO - Started process (PID=1503) to work on /home/airflow/.local/lib/python3.12/site-packages/airflow/example_dags/example_local_kubernetes_executor.py
[2025-11-09T21:19:26.323+0000] {processor.py:914} INFO - Processing file /home/airflow/.local/lib/python3.12/site-packages/airflow/example_dags/example_local_kubernetes_executor.py for tasks to queue
[2025-11-09T21:19:26.328+0000] {logging_mixin.py:190} INFO - [2025-11-09T21:19:26.327+0000] {dagbag.py:588} INFO - Filling up the DagBag from /home/airflow/.local/lib/python3.12/site-packages/airflow/example_dags/example_local_kubernetes_executor.py
[2025-11-09T21:19:26.350+0000] {processor.py:925} INFO - DAG(s) 'example_local_kubernetes_executor' retrieved from /home/airflow/.local/lib/python3.12/site-packages/airflow/example_dags/example_local_kubernetes_executor.py
[2025-11-09T21:19:26.416+0000] {logging_mixin.py:190} INFO - [2025-11-09T21:19:26.416+0000] {dag.py:3239} INFO - Sync 1 DAGs
[2025-11-09T21:19:26.446+0000] {logging_mixin.py:190} INFO - [2025-11-09T21:19:26.445+0000] {dag.py:4180} INFO - Setting next_dagrun for example_local_kubernetes_executor to None, run_after=None
[2025-11-09T21:19:26.488+0000] {processor.py:208} INFO - Processing /home/airflow/.local/lib/python3.12/site-packages/airflow/example_dags/example_local_kubernetes_executor.py took 0.183 seconds
[2025-11-09T21:19:57.253+0000] {processor.py:186} INFO - Started process (PID=1566) to work on /home/airflow/.local/lib/python3.12/site-packages/airflow/example_dags/example_local_kubernetes_executor.py
[2025-11-09T21:19:57.280+0000] {processor.py:914} INFO - Processing file /home/airflow/.local/lib/python3.12/site-packages/airflow/example_dags/example_local_kubernetes_executor.py for tasks to queue
[2025-11-09T21:19:57.370+0000] {logging_mixin.py:190} INFO - [2025-11-09T21:19:57.369+0000] {dagbag.py:588} INFO - Filling up the DagBag from /home/airflow/.local/lib/python3.12/site-packages/airflow/example_dags/example_local_kubernetes_executor.py
[2025-11-09T21:19:57.476+0000] {processor.py:925} INFO - DAG(s) 'example_local_kubernetes_executor' retrieved from /home/airflow/.local/lib/python3.12/site-packages/airflow/example_dags/example_local_kubernetes_executor.py
[2025-11-09T21:19:57.611+0000] {logging_mixin.py:190} INFO - [2025-11-09T21:19:57.610+0000] {dag.py:3239} INFO - Sync 1 DAGs
[2025-11-09T21:19:57.679+0000] {logging_mixin.py:190} INFO - [2025-11-09T21:19:57.679+0000] {dag.py:4180} INFO - Setting next_dagrun for example_local_kubernetes_executor to None, run_after=None
[2025-11-09T21:19:57.760+0000] {processor.py:208} INFO - Processing /home/airflow/.local/lib/python3.12/site-packages/airflow/example_dags/example_local_kubernetes_executor.py took 0.550 seconds
[2025-11-09T21:20:27.961+0000] {processor.py:186} INFO - Started process (PID=1630) to work on /home/airflow/.local/lib/python3.12/site-packages/airflow/example_dags/example_local_kubernetes_executor.py
[2025-11-09T21:20:27.964+0000] {processor.py:914} INFO - Processing file /home/airflow/.local/lib/python3.12/site-packages/airflow/example_dags/example_local_kubernetes_executor.py for tasks to queue
[2025-11-09T21:20:27.973+0000] {logging_mixin.py:190} INFO - [2025-11-09T21:20:27.972+0000] {dagbag.py:588} INFO - Filling up the DagBag from /home/airflow/.local/lib/python3.12/site-packages/airflow/example_dags/example_local_kubernetes_executor.py
[2025-11-09T21:20:28.027+0000] {processor.py:925} INFO - DAG(s) 'example_local_kubernetes_executor' retrieved from /home/airflow/.local/lib/python3.12/site-packages/airflow/example_dags/example_local_kubernetes_executor.py
[2025-11-09T21:20:28.147+0000] {logging_mixin.py:190} INFO - [2025-11-09T21:20:28.147+0000] {dag.py:3239} INFO - Sync 1 DAGs
[2025-11-09T21:20:28.187+0000] {logging_mixin.py:190} INFO - [2025-11-09T21:20:28.187+0000] {dag.py:4180} INFO - Setting next_dagrun for example_local_kubernetes_executor to None, run_after=None
[2025-11-09T21:20:28.257+0000] {processor.py:208} INFO - Processing /home/airflow/.local/lib/python3.12/site-packages/airflow/example_dags/example_local_kubernetes_executor.py took 0.316 seconds
[2025-11-09T21:20:59.239+0000] {processor.py:186} INFO - Started process (PID=1693) to work on /home/airflow/.local/lib/python3.12/site-packages/airflow/example_dags/example_local_kubernetes_executor.py
[2025-11-09T21:20:59.244+0000] {processor.py:914} INFO - Processing file /home/airflow/.local/lib/python3.12/site-packages/airflow/example_dags/example_local_kubernetes_executor.py for tasks to queue
[2025-11-09T21:20:59.255+0000] {logging_mixin.py:190} INFO - [2025-11-09T21:20:59.253+0000] {dagbag.py:588} INFO - Filling up the DagBag from /home/airflow/.local/lib/python3.12/site-packages/airflow/example_dags/example_local_kubernetes_executor.py
[2025-11-09T21:20:59.299+0000] {processor.py:925} INFO - DAG(s) 'example_local_kubernetes_executor' retrieved from /home/airflow/.local/lib/python3.12/site-packages/airflow/example_dags/example_local_kubernetes_executor.py
[2025-11-09T21:20:59.402+0000] {logging_mixin.py:190} INFO - [2025-11-09T21:20:59.401+0000] {dag.py:3239} INFO - Sync 1 DAGs
[2025-11-09T21:20:59.444+0000] {logging_mixin.py:190} INFO - [2025-11-09T21:20:59.444+0000] {dag.py:4180} INFO - Setting next_dagrun for example_local_kubernetes_executor to None, run_after=None
[2025-11-09T21:20:59.515+0000] {processor.py:208} INFO - Processing /home/airflow/.local/lib/python3.12/site-packages/airflow/example_dags/example_local_kubernetes_executor.py took 0.300 seconds
[2025-11-09T21:21:30.009+0000] {processor.py:186} INFO - Started process (PID=1757) to work on /home/airflow/.local/lib/python3.12/site-packages/airflow/example_dags/example_local_kubernetes_executor.py
[2025-11-09T21:21:30.012+0000] {processor.py:914} INFO - Processing file /home/airflow/.local/lib/python3.12/site-packages/airflow/example_dags/example_local_kubernetes_executor.py for tasks to queue
[2025-11-09T21:21:30.019+0000] {logging_mixin.py:190} INFO - [2025-11-09T21:21:30.019+0000] {dagbag.py:588} INFO - Filling up the DagBag from /home/airflow/.local/lib/python3.12/site-packages/airflow/example_dags/example_local_kubernetes_executor.py
[2025-11-09T21:21:30.049+0000] {processor.py:925} INFO - DAG(s) 'example_local_kubernetes_executor' retrieved from /home/airflow/.local/lib/python3.12/site-packages/airflow/example_dags/example_local_kubernetes_executor.py
[2025-11-09T21:21:30.123+0000] {logging_mixin.py:190} INFO - [2025-11-09T21:21:30.123+0000] {dag.py:3239} INFO - Sync 1 DAGs
[2025-11-09T21:21:30.157+0000] {logging_mixin.py:190} INFO - [2025-11-09T21:21:30.156+0000] {dag.py:4180} INFO - Setting next_dagrun for example_local_kubernetes_executor to None, run_after=None
[2025-11-09T21:21:30.203+0000] {processor.py:208} INFO - Processing /home/airflow/.local/lib/python3.12/site-packages/airflow/example_dags/example_local_kubernetes_executor.py took 0.215 seconds
[2025-11-09T21:22:00.554+0000] {processor.py:186} INFO - Started process (PID=1821) to work on /home/airflow/.local/lib/python3.12/site-packages/airflow/example_dags/example_local_kubernetes_executor.py
[2025-11-09T21:22:00.556+0000] {processor.py:914} INFO - Processing file /home/airflow/.local/lib/python3.12/site-packages/airflow/example_dags/example_local_kubernetes_executor.py for tasks to queue
[2025-11-09T21:22:00.559+0000] {logging_mixin.py:190} INFO - [2025-11-09T21:22:00.559+0000] {dagbag.py:588} INFO - Filling up the DagBag from /home/airflow/.local/lib/python3.12/site-packages/airflow/example_dags/example_local_kubernetes_executor.py
[2025-11-09T21:22:00.578+0000] {processor.py:925} INFO - DAG(s) 'example_local_kubernetes_executor' retrieved from /home/airflow/.local/lib/python3.12/site-packages/airflow/example_dags/example_local_kubernetes_executor.py
[2025-11-09T21:22:00.640+0000] {logging_mixin.py:190} INFO - [2025-11-09T21:22:00.640+0000] {dag.py:3239} INFO - Sync 1 DAGs
[2025-11-09T21:22:00.665+0000] {logging_mixin.py:190} INFO - [2025-11-09T21:22:00.665+0000] {dag.py:4180} INFO - Setting next_dagrun for example_local_kubernetes_executor to None, run_after=None
[2025-11-09T21:22:00.695+0000] {processor.py:208} INFO - Processing /home/airflow/.local/lib/python3.12/site-packages/airflow/example_dags/example_local_kubernetes_executor.py took 0.151 seconds
[2025-11-09T21:22:31.089+0000] {processor.py:186} INFO - Started process (PID=1886) to work on /home/airflow/.local/lib/python3.12/site-packages/airflow/example_dags/example_local_kubernetes_executor.py
[2025-11-09T21:22:31.092+0000] {processor.py:914} INFO - Processing file /home/airflow/.local/lib/python3.12/site-packages/airflow/example_dags/example_local_kubernetes_executor.py for tasks to queue
[2025-11-09T21:22:31.098+0000] {logging_mixin.py:190} INFO - [2025-11-09T21:22:31.097+0000] {dagbag.py:588} INFO - Filling up the DagBag from /home/airflow/.local/lib/python3.12/site-packages/airflow/example_dags/example_local_kubernetes_executor.py
[2025-11-09T21:22:31.125+0000] {processor.py:925} INFO - DAG(s) 'example_local_kubernetes_executor' retrieved from /home/airflow/.local/lib/python3.12/site-packages/airflow/example_dags/example_local_kubernetes_executor.py
[2025-11-09T21:22:31.206+0000] {logging_mixin.py:190} INFO - [2025-11-09T21:22:31.206+0000] {dag.py:3239} INFO - Sync 1 DAGs
[2025-11-09T21:22:31.239+0000] {logging_mixin.py:190} INFO - [2025-11-09T21:22:31.239+0000] {dag.py:4180} INFO - Setting next_dagrun for example_local_kubernetes_executor to None, run_after=None
[2025-11-09T21:22:31.278+0000] {processor.py:208} INFO - Processing /home/airflow/.local/lib/python3.12/site-packages/airflow/example_dags/example_local_kubernetes_executor.py took 0.204 seconds
[2025-11-09T21:23:02.062+0000] {processor.py:186} INFO - Started process (PID=1949) to work on /home/airflow/.local/lib/python3.12/site-packages/airflow/example_dags/example_local_kubernetes_executor.py
[2025-11-09T21:23:02.065+0000] {processor.py:914} INFO - Processing file /home/airflow/.local/lib/python3.12/site-packages/airflow/example_dags/example_local_kubernetes_executor.py for tasks to queue
[2025-11-09T21:23:02.071+0000] {logging_mixin.py:190} INFO - [2025-11-09T21:23:02.070+0000] {dagbag.py:588} INFO - Filling up the DagBag from /home/airflow/.local/lib/python3.12/site-packages/airflow/example_dags/example_local_kubernetes_executor.py
[2025-11-09T21:23:02.099+0000] {processor.py:925} INFO - DAG(s) 'example_local_kubernetes_executor' retrieved from /home/airflow/.local/lib/python3.12/site-packages/airflow/example_dags/example_local_kubernetes_executor.py
[2025-11-09T21:23:02.183+0000] {logging_mixin.py:190} INFO - [2025-11-09T21:23:02.182+0000] {dag.py:3239} INFO - Sync 1 DAGs
[2025-11-09T21:23:02.218+0000] {logging_mixin.py:190} INFO - [2025-11-09T21:23:02.217+0000] {dag.py:4180} INFO - Setting next_dagrun for example_local_kubernetes_executor to None, run_after=None
[2025-11-09T21:23:02.260+0000] {processor.py:208} INFO - Processing /home/airflow/.local/lib/python3.12/site-packages/airflow/example_dags/example_local_kubernetes_executor.py took 0.212 seconds
[2025-11-09T21:23:33.273+0000] {processor.py:186} INFO - Started process (PID=2013) to work on /home/airflow/.local/lib/python3.12/site-packages/airflow/example_dags/example_local_kubernetes_executor.py
[2025-11-09T21:23:33.276+0000] {processor.py:914} INFO - Processing file /home/airflow/.local/lib/python3.12/site-packages/airflow/example_dags/example_local_kubernetes_executor.py for tasks to queue
[2025-11-09T21:23:33.282+0000] {logging_mixin.py:190} INFO - [2025-11-09T21:23:33.281+0000] {dagbag.py:588} INFO - Filling up the DagBag from /home/airflow/.local/lib/python3.12/site-packages/airflow/example_dags/example_local_kubernetes_executor.py
[2025-11-09T21:23:33.314+0000] {processor.py:925} INFO - DAG(s) 'example_local_kubernetes_executor' retrieved from /home/airflow/.local/lib/python3.12/site-packages/airflow/example_dags/example_local_kubernetes_executor.py
[2025-11-09T21:23:33.386+0000] {logging_mixin.py:190} INFO - [2025-11-09T21:23:33.386+0000] {dag.py:3239} INFO - Sync 1 DAGs
[2025-11-09T21:23:33.417+0000] {logging_mixin.py:190} INFO - [2025-11-09T21:23:33.417+0000] {dag.py:4180} INFO - Setting next_dagrun for example_local_kubernetes_executor to None, run_after=None
[2025-11-09T21:23:33.456+0000] {processor.py:208} INFO - Processing /home/airflow/.local/lib/python3.12/site-packages/airflow/example_dags/example_local_kubernetes_executor.py took 0.195 seconds
[2025-11-09T21:24:03.723+0000] {processor.py:186} INFO - Started process (PID=2077) to work on /home/airflow/.local/lib/python3.12/site-packages/airflow/example_dags/example_local_kubernetes_executor.py
[2025-11-09T21:24:03.727+0000] {processor.py:914} INFO - Processing file /home/airflow/.local/lib/python3.12/site-packages/airflow/example_dags/example_local_kubernetes_executor.py for tasks to queue
[2025-11-09T21:24:03.732+0000] {logging_mixin.py:190} INFO - [2025-11-09T21:24:03.732+0000] {dagbag.py:588} INFO - Filling up the DagBag from /home/airflow/.local/lib/python3.12/site-packages/airflow/example_dags/example_local_kubernetes_executor.py
[2025-11-09T21:24:03.759+0000] {processor.py:925} INFO - DAG(s) 'example_local_kubernetes_executor' retrieved from /home/airflow/.local/lib/python3.12/site-packages/airflow/example_dags/example_local_kubernetes_executor.py
[2025-11-09T21:24:03.843+0000] {logging_mixin.py:190} INFO - [2025-11-09T21:24:03.843+0000] {dag.py:3239} INFO - Sync 1 DAGs
[2025-11-09T21:24:03.888+0000] {logging_mixin.py:190} INFO - [2025-11-09T21:24:03.888+0000] {dag.py:4180} INFO - Setting next_dagrun for example_local_kubernetes_executor to None, run_after=None
[2025-11-09T21:24:03.943+0000] {processor.py:208} INFO - Processing /home/airflow/.local/lib/python3.12/site-packages/airflow/example_dags/example_local_kubernetes_executor.py took 0.233 seconds
[2025-11-09T21:24:34.519+0000] {processor.py:186} INFO - Started process (PID=2141) to work on /home/airflow/.local/lib/python3.12/site-packages/airflow/example_dags/example_local_kubernetes_executor.py
[2025-11-09T21:24:34.521+0000] {processor.py:914} INFO - Processing file /home/airflow/.local/lib/python3.12/site-packages/airflow/example_dags/example_local_kubernetes_executor.py for tasks to queue
[2025-11-09T21:24:34.527+0000] {logging_mixin.py:190} INFO - [2025-11-09T21:24:34.526+0000] {dagbag.py:588} INFO - Filling up the DagBag from /home/airflow/.local/lib/python3.12/site-packages/airflow/example_dags/example_local_kubernetes_executor.py
[2025-11-09T21:24:34.545+0000] {processor.py:925} INFO - DAG(s) 'example_local_kubernetes_executor' retrieved from /home/airflow/.local/lib/python3.12/site-packages/airflow/example_dags/example_local_kubernetes_executor.py
[2025-11-09T21:24:34.608+0000] {logging_mixin.py:190} INFO - [2025-11-09T21:24:34.608+0000] {dag.py:3239} INFO - Sync 1 DAGs
[2025-11-09T21:24:34.636+0000] {logging_mixin.py:190} INFO - [2025-11-09T21:24:34.636+0000] {dag.py:4180} INFO - Setting next_dagrun for example_local_kubernetes_executor to None, run_after=None
[2025-11-09T21:24:34.670+0000] {processor.py:208} INFO - Processing /home/airflow/.local/lib/python3.12/site-packages/airflow/example_dags/example_local_kubernetes_executor.py took 0.163 seconds
[2025-11-09T21:25:05.305+0000] {processor.py:186} INFO - Started process (PID=2205) to work on /home/airflow/.local/lib/python3.12/site-packages/airflow/example_dags/example_local_kubernetes_executor.py
[2025-11-09T21:25:05.307+0000] {processor.py:914} INFO - Processing file /home/airflow/.local/lib/python3.12/site-packages/airflow/example_dags/example_local_kubernetes_executor.py for tasks to queue
[2025-11-09T21:25:05.312+0000] {logging_mixin.py:190} INFO - [2025-11-09T21:25:05.312+0000] {dagbag.py:588} INFO - Filling up the DagBag from /home/airflow/.local/lib/python3.12/site-packages/airflow/example_dags/example_local_kubernetes_executor.py
[2025-11-09T21:25:05.332+0000] {processor.py:925} INFO - DAG(s) 'example_local_kubernetes_executor' retrieved from /home/airflow/.local/lib/python3.12/site-packages/airflow/example_dags/example_local_kubernetes_executor.py
[2025-11-09T21:25:05.465+0000] {logging_mixin.py:190} INFO - [2025-11-09T21:25:05.464+0000] {dag.py:3239} INFO - Sync 1 DAGs
[2025-11-09T21:25:05.529+0000] {logging_mixin.py:190} INFO - [2025-11-09T21:25:05.529+0000] {dag.py:4180} INFO - Setting next_dagrun for example_local_kubernetes_executor to None, run_after=None
[2025-11-09T21:25:05.575+0000] {processor.py:208} INFO - Processing /home/airflow/.local/lib/python3.12/site-packages/airflow/example_dags/example_local_kubernetes_executor.py took 0.281 seconds
[2025-11-09T21:25:36.660+0000] {processor.py:186} INFO - Started process (PID=2268) to work on /home/airflow/.local/lib/python3.12/site-packages/airflow/example_dags/example_local_kubernetes_executor.py
[2025-11-09T21:25:36.663+0000] {processor.py:914} INFO - Processing file /home/airflow/.local/lib/python3.12/site-packages/airflow/example_dags/example_local_kubernetes_executor.py for tasks to queue
[2025-11-09T21:25:36.673+0000] {logging_mixin.py:190} INFO - [2025-11-09T21:25:36.672+0000] {dagbag.py:588} INFO - Filling up the DagBag from /home/airflow/.local/lib/python3.12/site-packages/airflow/example_dags/example_local_kubernetes_executor.py
[2025-11-09T21:25:36.708+0000] {processor.py:925} INFO - DAG(s) 'example_local_kubernetes_executor' retrieved from /home/airflow/.local/lib/python3.12/site-packages/airflow/example_dags/example_local_kubernetes_executor.py
[2025-11-09T21:25:36.828+0000] {logging_mixin.py:190} INFO - [2025-11-09T21:25:36.828+0000] {dag.py:3239} INFO - Sync 1 DAGs
[2025-11-09T21:25:36.874+0000] {logging_mixin.py:190} INFO - [2025-11-09T21:25:36.873+0000] {dag.py:4180} INFO - Setting next_dagrun for example_local_kubernetes_executor to None, run_after=None
[2025-11-09T21:25:36.947+0000] {processor.py:208} INFO - Processing /home/airflow/.local/lib/python3.12/site-packages/airflow/example_dags/example_local_kubernetes_executor.py took 0.311 seconds
[2025-11-09T21:26:07.140+0000] {processor.py:186} INFO - Started process (PID=2331) to work on /home/airflow/.local/lib/python3.12/site-packages/airflow/example_dags/example_local_kubernetes_executor.py
[2025-11-09T21:26:07.143+0000] {processor.py:914} INFO - Processing file /home/airflow/.local/lib/python3.12/site-packages/airflow/example_dags/example_local_kubernetes_executor.py for tasks to queue
[2025-11-09T21:26:07.150+0000] {logging_mixin.py:190} INFO - [2025-11-09T21:26:07.149+0000] {dagbag.py:588} INFO - Filling up the DagBag from /home/airflow/.local/lib/python3.12/site-packages/airflow/example_dags/example_local_kubernetes_executor.py
[2025-11-09T21:26:07.175+0000] {processor.py:925} INFO - DAG(s) 'example_local_kubernetes_executor' retrieved from /home/airflow/.local/lib/python3.12/site-packages/airflow/example_dags/example_local_kubernetes_executor.py
[2025-11-09T21:26:07.261+0000] {logging_mixin.py:190} INFO - [2025-11-09T21:26:07.260+0000] {dag.py:3239} INFO - Sync 1 DAGs
[2025-11-09T21:26:07.298+0000] {logging_mixin.py:190} INFO - [2025-11-09T21:26:07.297+0000] {dag.py:4180} INFO - Setting next_dagrun for example_local_kubernetes_executor to None, run_after=None
[2025-11-09T21:26:07.337+0000] {processor.py:208} INFO - Processing /home/airflow/.local/lib/python3.12/site-packages/airflow/example_dags/example_local_kubernetes_executor.py took 0.212 seconds
[2025-11-09T21:26:37.744+0000] {processor.py:186} INFO - Started process (PID=2395) to work on /home/airflow/.local/lib/python3.12/site-packages/airflow/example_dags/example_local_kubernetes_executor.py
[2025-11-09T21:26:37.747+0000] {processor.py:914} INFO - Processing file /home/airflow/.local/lib/python3.12/site-packages/airflow/example_dags/example_local_kubernetes_executor.py for tasks to queue
[2025-11-09T21:26:37.755+0000] {logging_mixin.py:190} INFO - [2025-11-09T21:26:37.754+0000] {dagbag.py:588} INFO - Filling up the DagBag from /home/airflow/.local/lib/python3.12/site-packages/airflow/example_dags/example_local_kubernetes_executor.py
[2025-11-09T21:26:37.780+0000] {processor.py:925} INFO - DAG(s) 'example_local_kubernetes_executor' retrieved from /home/airflow/.local/lib/python3.12/site-packages/airflow/example_dags/example_local_kubernetes_executor.py
[2025-11-09T21:26:37.870+0000] {logging_mixin.py:190} INFO - [2025-11-09T21:26:37.869+0000] {dag.py:3239} INFO - Sync 1 DAGs
[2025-11-09T21:26:37.915+0000] {logging_mixin.py:190} INFO - [2025-11-09T21:26:37.915+0000] {dag.py:4180} INFO - Setting next_dagrun for example_local_kubernetes_executor to None, run_after=None
[2025-11-09T21:26:37.964+0000] {processor.py:208} INFO - Processing /home/airflow/.local/lib/python3.12/site-packages/airflow/example_dags/example_local_kubernetes_executor.py took 0.249 seconds
[2025-11-09T21:27:08.212+0000] {processor.py:186} INFO - Started process (PID=2459) to work on /home/airflow/.local/lib/python3.12/site-packages/airflow/example_dags/example_local_kubernetes_executor.py
[2025-11-09T21:27:08.215+0000] {processor.py:914} INFO - Processing file /home/airflow/.local/lib/python3.12/site-packages/airflow/example_dags/example_local_kubernetes_executor.py for tasks to queue
[2025-11-09T21:27:08.222+0000] {logging_mixin.py:190} INFO - [2025-11-09T21:27:08.221+0000] {dagbag.py:588} INFO - Filling up the DagBag from /home/airflow/.local/lib/python3.12/site-packages/airflow/example_dags/example_local_kubernetes_executor.py
[2025-11-09T21:27:08.246+0000] {processor.py:925} INFO - DAG(s) 'example_local_kubernetes_executor' retrieved from /home/airflow/.local/lib/python3.12/site-packages/airflow/example_dags/example_local_kubernetes_executor.py
[2025-11-09T21:27:08.315+0000] {logging_mixin.py:190} INFO - [2025-11-09T21:27:08.314+0000] {dag.py:3239} INFO - Sync 1 DAGs
[2025-11-09T21:27:08.343+0000] {logging_mixin.py:190} INFO - [2025-11-09T21:27:08.343+0000] {dag.py:4180} INFO - Setting next_dagrun for example_local_kubernetes_executor to None, run_after=None
[2025-11-09T21:27:08.378+0000] {processor.py:208} INFO - Processing /home/airflow/.local/lib/python3.12/site-packages/airflow/example_dags/example_local_kubernetes_executor.py took 0.182 seconds
[2025-11-09T21:27:38.544+0000] {processor.py:186} INFO - Started process (PID=2523) to work on /home/airflow/.local/lib/python3.12/site-packages/airflow/example_dags/example_local_kubernetes_executor.py
[2025-11-09T21:27:38.546+0000] {processor.py:914} INFO - Processing file /home/airflow/.local/lib/python3.12/site-packages/airflow/example_dags/example_local_kubernetes_executor.py for tasks to queue
[2025-11-09T21:27:38.551+0000] {logging_mixin.py:190} INFO - [2025-11-09T21:27:38.550+0000] {dagbag.py:588} INFO - Filling up the DagBag from /home/airflow/.local/lib/python3.12/site-packages/airflow/example_dags/example_local_kubernetes_executor.py
[2025-11-09T21:27:38.569+0000] {processor.py:925} INFO - DAG(s) 'example_local_kubernetes_executor' retrieved from /home/airflow/.local/lib/python3.12/site-packages/airflow/example_dags/example_local_kubernetes_executor.py
[2025-11-09T21:27:38.634+0000] {logging_mixin.py:190} INFO - [2025-11-09T21:27:38.634+0000] {dag.py:3239} INFO - Sync 1 DAGs
[2025-11-09T21:27:38.661+0000] {logging_mixin.py:190} INFO - [2025-11-09T21:27:38.661+0000] {dag.py:4180} INFO - Setting next_dagrun for example_local_kubernetes_executor to None, run_after=None
[2025-11-09T21:27:38.696+0000] {processor.py:208} INFO - Processing /home/airflow/.local/lib/python3.12/site-packages/airflow/example_dags/example_local_kubernetes_executor.py took 0.164 seconds
[2025-11-09T21:28:08.907+0000] {processor.py:186} INFO - Started process (PID=2588) to work on /home/airflow/.local/lib/python3.12/site-packages/airflow/example_dags/example_local_kubernetes_executor.py
[2025-11-09T21:28:08.909+0000] {processor.py:914} INFO - Processing file /home/airflow/.local/lib/python3.12/site-packages/airflow/example_dags/example_local_kubernetes_executor.py for tasks to queue
[2025-11-09T21:28:08.914+0000] {logging_mixin.py:190} INFO - [2025-11-09T21:28:08.913+0000] {dagbag.py:588} INFO - Filling up the DagBag from /home/airflow/.local/lib/python3.12/site-packages/airflow/example_dags/example_local_kubernetes_executor.py
[2025-11-09T21:28:08.937+0000] {processor.py:925} INFO - DAG(s) 'example_local_kubernetes_executor' retrieved from /home/airflow/.local/lib/python3.12/site-packages/airflow/example_dags/example_local_kubernetes_executor.py
[2025-11-09T21:28:08.997+0000] {logging_mixin.py:190} INFO - [2025-11-09T21:28:08.996+0000] {dag.py:3239} INFO - Sync 1 DAGs
[2025-11-09T21:28:09.020+0000] {logging_mixin.py:190} INFO - [2025-11-09T21:28:09.019+0000] {dag.py:4180} INFO - Setting next_dagrun for example_local_kubernetes_executor to None, run_after=None
[2025-11-09T21:28:09.048+0000] {processor.py:208} INFO - Processing /home/airflow/.local/lib/python3.12/site-packages/airflow/example_dags/example_local_kubernetes_executor.py took 0.154 seconds
[2025-11-09T21:28:39.633+0000] {processor.py:186} INFO - Started process (PID=2652) to work on /home/airflow/.local/lib/python3.12/site-packages/airflow/example_dags/example_local_kubernetes_executor.py
[2025-11-09T21:28:39.635+0000] {processor.py:914} INFO - Processing file /home/airflow/.local/lib/python3.12/site-packages/airflow/example_dags/example_local_kubernetes_executor.py for tasks to queue
[2025-11-09T21:28:39.641+0000] {logging_mixin.py:190} INFO - [2025-11-09T21:28:39.640+0000] {dagbag.py:588} INFO - Filling up the DagBag from /home/airflow/.local/lib/python3.12/site-packages/airflow/example_dags/example_local_kubernetes_executor.py
[2025-11-09T21:28:39.665+0000] {processor.py:925} INFO - DAG(s) 'example_local_kubernetes_executor' retrieved from /home/airflow/.local/lib/python3.12/site-packages/airflow/example_dags/example_local_kubernetes_executor.py
[2025-11-09T21:28:39.738+0000] {logging_mixin.py:190} INFO - [2025-11-09T21:28:39.738+0000] {dag.py:3239} INFO - Sync 1 DAGs
[2025-11-09T21:28:39.780+0000] {logging_mixin.py:190} INFO - [2025-11-09T21:28:39.780+0000] {dag.py:4180} INFO - Setting next_dagrun for example_local_kubernetes_executor to None, run_after=None
[2025-11-09T21:28:39.824+0000] {processor.py:208} INFO - Processing /home/airflow/.local/lib/python3.12/site-packages/airflow/example_dags/example_local_kubernetes_executor.py took 0.206 seconds
[2025-11-09T21:29:10.118+0000] {processor.py:186} INFO - Started process (PID=2717) to work on /home/airflow/.local/lib/python3.12/site-packages/airflow/example_dags/example_local_kubernetes_executor.py
[2025-11-09T21:29:10.120+0000] {processor.py:914} INFO - Processing file /home/airflow/.local/lib/python3.12/site-packages/airflow/example_dags/example_local_kubernetes_executor.py for tasks to queue
[2025-11-09T21:29:10.126+0000] {logging_mixin.py:190} INFO - [2025-11-09T21:29:10.125+0000] {dagbag.py:588} INFO - Filling up the DagBag from /home/airflow/.local/lib/python3.12/site-packages/airflow/example_dags/example_local_kubernetes_executor.py
[2025-11-09T21:29:10.145+0000] {processor.py:925} INFO - DAG(s) 'example_local_kubernetes_executor' retrieved from /home/airflow/.local/lib/python3.12/site-packages/airflow/example_dags/example_local_kubernetes_executor.py
[2025-11-09T21:29:10.239+0000] {logging_mixin.py:190} INFO - [2025-11-09T21:29:10.239+0000] {dag.py:3239} INFO - Sync 1 DAGs
[2025-11-09T21:29:10.266+0000] {logging_mixin.py:190} INFO - [2025-11-09T21:29:10.265+0000] {dag.py:4180} INFO - Setting next_dagrun for example_local_kubernetes_executor to None, run_after=None
[2025-11-09T21:29:10.302+0000] {processor.py:208} INFO - Processing /home/airflow/.local/lib/python3.12/site-packages/airflow/example_dags/example_local_kubernetes_executor.py took 0.198 seconds
[2025-11-09T21:29:40.597+0000] {processor.py:186} INFO - Started process (PID=2782) to work on /home/airflow/.local/lib/python3.12/site-packages/airflow/example_dags/example_local_kubernetes_executor.py
[2025-11-09T21:29:40.599+0000] {processor.py:914} INFO - Processing file /home/airflow/.local/lib/python3.12/site-packages/airflow/example_dags/example_local_kubernetes_executor.py for tasks to queue
[2025-11-09T21:29:40.607+0000] {logging_mixin.py:190} INFO - [2025-11-09T21:29:40.606+0000] {dagbag.py:588} INFO - Filling up the DagBag from /home/airflow/.local/lib/python3.12/site-packages/airflow/example_dags/example_local_kubernetes_executor.py
[2025-11-09T21:29:40.630+0000] {processor.py:925} INFO - DAG(s) 'example_local_kubernetes_executor' retrieved from /home/airflow/.local/lib/python3.12/site-packages/airflow/example_dags/example_local_kubernetes_executor.py
[2025-11-09T21:29:40.704+0000] {logging_mixin.py:190} INFO - [2025-11-09T21:29:40.704+0000] {dag.py:3239} INFO - Sync 1 DAGs
[2025-11-09T21:29:40.737+0000] {logging_mixin.py:190} INFO - [2025-11-09T21:29:40.737+0000] {dag.py:4180} INFO - Setting next_dagrun for example_local_kubernetes_executor to None, run_after=None
[2025-11-09T21:29:40.772+0000] {processor.py:208} INFO - Processing /home/airflow/.local/lib/python3.12/site-packages/airflow/example_dags/example_local_kubernetes_executor.py took 0.187 seconds
[2025-11-09T21:30:11.721+0000] {processor.py:186} INFO - Started process (PID=2844) to work on /home/airflow/.local/lib/python3.12/site-packages/airflow/example_dags/example_local_kubernetes_executor.py
[2025-11-09T21:30:11.723+0000] {processor.py:914} INFO - Processing file /home/airflow/.local/lib/python3.12/site-packages/airflow/example_dags/example_local_kubernetes_executor.py for tasks to queue
[2025-11-09T21:30:11.729+0000] {logging_mixin.py:190} INFO - [2025-11-09T21:30:11.729+0000] {dagbag.py:588} INFO - Filling up the DagBag from /home/airflow/.local/lib/python3.12/site-packages/airflow/example_dags/example_local_kubernetes_executor.py
[2025-11-09T21:30:11.746+0000] {processor.py:925} INFO - DAG(s) 'example_local_kubernetes_executor' retrieved from /home/airflow/.local/lib/python3.12/site-packages/airflow/example_dags/example_local_kubernetes_executor.py
[2025-11-09T21:30:11.807+0000] {logging_mixin.py:190} INFO - [2025-11-09T21:30:11.806+0000] {dag.py:3239} INFO - Sync 1 DAGs
[2025-11-09T21:30:11.844+0000] {logging_mixin.py:190} INFO - [2025-11-09T21:30:11.843+0000] {dag.py:4180} INFO - Setting next_dagrun for example_local_kubernetes_executor to None, run_after=None
[2025-11-09T21:30:11.881+0000] {processor.py:208} INFO - Processing /home/airflow/.local/lib/python3.12/site-packages/airflow/example_dags/example_local_kubernetes_executor.py took 0.172 seconds
[2025-11-09T21:30:42.693+0000] {processor.py:186} INFO - Started process (PID=2908) to work on /home/airflow/.local/lib/python3.12/site-packages/airflow/example_dags/example_local_kubernetes_executor.py
[2025-11-09T21:30:42.695+0000] {processor.py:914} INFO - Processing file /home/airflow/.local/lib/python3.12/site-packages/airflow/example_dags/example_local_kubernetes_executor.py for tasks to queue
[2025-11-09T21:30:42.700+0000] {logging_mixin.py:190} INFO - [2025-11-09T21:30:42.699+0000] {dagbag.py:588} INFO - Filling up the DagBag from /home/airflow/.local/lib/python3.12/site-packages/airflow/example_dags/example_local_kubernetes_executor.py
[2025-11-09T21:30:42.721+0000] {processor.py:925} INFO - DAG(s) 'example_local_kubernetes_executor' retrieved from /home/airflow/.local/lib/python3.12/site-packages/airflow/example_dags/example_local_kubernetes_executor.py
[2025-11-09T21:30:42.788+0000] {logging_mixin.py:190} INFO - [2025-11-09T21:30:42.787+0000] {dag.py:3239} INFO - Sync 1 DAGs
[2025-11-09T21:30:42.817+0000] {logging_mixin.py:190} INFO - [2025-11-09T21:30:42.817+0000] {dag.py:4180} INFO - Setting next_dagrun for example_local_kubernetes_executor to None, run_after=None
[2025-11-09T21:30:42.852+0000] {processor.py:208} INFO - Processing /home/airflow/.local/lib/python3.12/site-packages/airflow/example_dags/example_local_kubernetes_executor.py took 0.173 seconds
[2025-11-09T21:31:14.222+0000] {processor.py:186} INFO - Started process (PID=2971) to work on /home/airflow/.local/lib/python3.12/site-packages/airflow/example_dags/example_local_kubernetes_executor.py
[2025-11-09T21:31:14.226+0000] {processor.py:914} INFO - Processing file /home/airflow/.local/lib/python3.12/site-packages/airflow/example_dags/example_local_kubernetes_executor.py for tasks to queue
[2025-11-09T21:31:14.234+0000] {logging_mixin.py:190} INFO - [2025-11-09T21:31:14.233+0000] {dagbag.py:588} INFO - Filling up the DagBag from /home/airflow/.local/lib/python3.12/site-packages/airflow/example_dags/example_local_kubernetes_executor.py
[2025-11-09T21:31:14.265+0000] {processor.py:925} INFO - DAG(s) 'example_local_kubernetes_executor' retrieved from /home/airflow/.local/lib/python3.12/site-packages/airflow/example_dags/example_local_kubernetes_executor.py
[2025-11-09T21:31:14.352+0000] {logging_mixin.py:190} INFO - [2025-11-09T21:31:14.352+0000] {dag.py:3239} INFO - Sync 1 DAGs
[2025-11-09T21:31:14.737+0000] {logging_mixin.py:190} INFO - [2025-11-09T21:31:14.737+0000] {dag.py:4180} INFO - Setting next_dagrun for example_local_kubernetes_executor to None, run_after=None
[2025-11-09T21:31:14.772+0000] {processor.py:208} INFO - Processing /home/airflow/.local/lib/python3.12/site-packages/airflow/example_dags/example_local_kubernetes_executor.py took 0.569 seconds
[2025-11-09T21:31:45.159+0000] {processor.py:186} INFO - Started process (PID=3036) to work on /home/airflow/.local/lib/python3.12/site-packages/airflow/example_dags/example_local_kubernetes_executor.py
[2025-11-09T21:31:45.161+0000] {processor.py:914} INFO - Processing file /home/airflow/.local/lib/python3.12/site-packages/airflow/example_dags/example_local_kubernetes_executor.py for tasks to queue
[2025-11-09T21:31:45.166+0000] {logging_mixin.py:190} INFO - [2025-11-09T21:31:45.166+0000] {dagbag.py:588} INFO - Filling up the DagBag from /home/airflow/.local/lib/python3.12/site-packages/airflow/example_dags/example_local_kubernetes_executor.py
[2025-11-09T21:31:45.189+0000] {processor.py:925} INFO - DAG(s) 'example_local_kubernetes_executor' retrieved from /home/airflow/.local/lib/python3.12/site-packages/airflow/example_dags/example_local_kubernetes_executor.py
[2025-11-09T21:31:45.264+0000] {logging_mixin.py:190} INFO - [2025-11-09T21:31:45.263+0000] {dag.py:3239} INFO - Sync 1 DAGs
[2025-11-09T21:31:45.307+0000] {logging_mixin.py:190} INFO - [2025-11-09T21:31:45.306+0000] {dag.py:4180} INFO - Setting next_dagrun for example_local_kubernetes_executor to None, run_after=None
[2025-11-09T21:31:45.353+0000] {processor.py:208} INFO - Processing /home/airflow/.local/lib/python3.12/site-packages/airflow/example_dags/example_local_kubernetes_executor.py took 0.207 seconds
[2025-11-09T21:32:15.522+0000] {processor.py:186} INFO - Started process (PID=3098) to work on /home/airflow/.local/lib/python3.12/site-packages/airflow/example_dags/example_local_kubernetes_executor.py
[2025-11-09T21:32:15.525+0000] {processor.py:914} INFO - Processing file /home/airflow/.local/lib/python3.12/site-packages/airflow/example_dags/example_local_kubernetes_executor.py for tasks to queue
[2025-11-09T21:32:15.531+0000] {logging_mixin.py:190} INFO - [2025-11-09T21:32:15.530+0000] {dagbag.py:588} INFO - Filling up the DagBag from /home/airflow/.local/lib/python3.12/site-packages/airflow/example_dags/example_local_kubernetes_executor.py
[2025-11-09T21:32:15.551+0000] {processor.py:925} INFO - DAG(s) 'example_local_kubernetes_executor' retrieved from /home/airflow/.local/lib/python3.12/site-packages/airflow/example_dags/example_local_kubernetes_executor.py
[2025-11-09T21:32:15.615+0000] {logging_mixin.py:190} INFO - [2025-11-09T21:32:15.615+0000] {dag.py:3239} INFO - Sync 1 DAGs
[2025-11-09T21:32:15.643+0000] {logging_mixin.py:190} INFO - [2025-11-09T21:32:15.642+0000] {dag.py:4180} INFO - Setting next_dagrun for example_local_kubernetes_executor to None, run_after=None
[2025-11-09T21:32:15.679+0000] {processor.py:208} INFO - Processing /home/airflow/.local/lib/python3.12/site-packages/airflow/example_dags/example_local_kubernetes_executor.py took 0.173 seconds
[2025-11-09T21:32:45.961+0000] {processor.py:186} INFO - Started process (PID=3162) to work on /home/airflow/.local/lib/python3.12/site-packages/airflow/example_dags/example_local_kubernetes_executor.py
[2025-11-09T21:32:45.963+0000] {processor.py:914} INFO - Processing file /home/airflow/.local/lib/python3.12/site-packages/airflow/example_dags/example_local_kubernetes_executor.py for tasks to queue
[2025-11-09T21:32:45.970+0000] {logging_mixin.py:190} INFO - [2025-11-09T21:32:45.969+0000] {dagbag.py:588} INFO - Filling up the DagBag from /home/airflow/.local/lib/python3.12/site-packages/airflow/example_dags/example_local_kubernetes_executor.py
[2025-11-09T21:32:45.990+0000] {processor.py:925} INFO - DAG(s) 'example_local_kubernetes_executor' retrieved from /home/airflow/.local/lib/python3.12/site-packages/airflow/example_dags/example_local_kubernetes_executor.py
[2025-11-09T21:32:46.054+0000] {logging_mixin.py:190} INFO - [2025-11-09T21:32:46.054+0000] {dag.py:3239} INFO - Sync 1 DAGs
[2025-11-09T21:32:46.084+0000] {logging_mixin.py:190} INFO - [2025-11-09T21:32:46.084+0000] {dag.py:4180} INFO - Setting next_dagrun for example_local_kubernetes_executor to None, run_after=None
[2025-11-09T21:32:46.121+0000] {processor.py:208} INFO - Processing /home/airflow/.local/lib/python3.12/site-packages/airflow/example_dags/example_local_kubernetes_executor.py took 0.174 seconds
[2025-11-09T21:33:16.649+0000] {processor.py:186} INFO - Started process (PID=3227) to work on /home/airflow/.local/lib/python3.12/site-packages/airflow/example_dags/example_local_kubernetes_executor.py
[2025-11-09T21:33:16.651+0000] {processor.py:914} INFO - Processing file /home/airflow/.local/lib/python3.12/site-packages/airflow/example_dags/example_local_kubernetes_executor.py for tasks to queue
[2025-11-09T21:33:16.658+0000] {logging_mixin.py:190} INFO - [2025-11-09T21:33:16.657+0000] {dagbag.py:588} INFO - Filling up the DagBag from /home/airflow/.local/lib/python3.12/site-packages/airflow/example_dags/example_local_kubernetes_executor.py
[2025-11-09T21:33:16.679+0000] {processor.py:925} INFO - DAG(s) 'example_local_kubernetes_executor' retrieved from /home/airflow/.local/lib/python3.12/site-packages/airflow/example_dags/example_local_kubernetes_executor.py
[2025-11-09T21:33:16.748+0000] {logging_mixin.py:190} INFO - [2025-11-09T21:33:16.748+0000] {dag.py:3239} INFO - Sync 1 DAGs
[2025-11-09T21:33:16.781+0000] {logging_mixin.py:190} INFO - [2025-11-09T21:33:16.780+0000] {dag.py:4180} INFO - Setting next_dagrun for example_local_kubernetes_executor to None, run_after=None
[2025-11-09T21:33:16.822+0000] {processor.py:208} INFO - Processing /home/airflow/.local/lib/python3.12/site-packages/airflow/example_dags/example_local_kubernetes_executor.py took 0.189 seconds
[2025-11-09T21:33:47.382+0000] {processor.py:186} INFO - Started process (PID=3292) to work on /home/airflow/.local/lib/python3.12/site-packages/airflow/example_dags/example_local_kubernetes_executor.py
[2025-11-09T21:33:47.384+0000] {processor.py:914} INFO - Processing file /home/airflow/.local/lib/python3.12/site-packages/airflow/example_dags/example_local_kubernetes_executor.py for tasks to queue
[2025-11-09T21:33:47.391+0000] {logging_mixin.py:190} INFO - [2025-11-09T21:33:47.390+0000] {dagbag.py:588} INFO - Filling up the DagBag from /home/airflow/.local/lib/python3.12/site-packages/airflow/example_dags/example_local_kubernetes_executor.py
[2025-11-09T21:33:47.412+0000] {processor.py:925} INFO - DAG(s) 'example_local_kubernetes_executor' retrieved from /home/airflow/.local/lib/python3.12/site-packages/airflow/example_dags/example_local_kubernetes_executor.py
[2025-11-09T21:33:47.479+0000] {logging_mixin.py:190} INFO - [2025-11-09T21:33:47.479+0000] {dag.py:3239} INFO - Sync 1 DAGs
[2025-11-09T21:33:47.515+0000] {logging_mixin.py:190} INFO - [2025-11-09T21:33:47.515+0000] {dag.py:4180} INFO - Setting next_dagrun for example_local_kubernetes_executor to None, run_after=None
[2025-11-09T21:33:47.557+0000] {processor.py:208} INFO - Processing /home/airflow/.local/lib/python3.12/site-packages/airflow/example_dags/example_local_kubernetes_executor.py took 0.187 seconds
[2025-11-09T21:34:18.198+0000] {processor.py:186} INFO - Started process (PID=3355) to work on /home/airflow/.local/lib/python3.12/site-packages/airflow/example_dags/example_local_kubernetes_executor.py
[2025-11-09T21:34:18.201+0000] {processor.py:914} INFO - Processing file /home/airflow/.local/lib/python3.12/site-packages/airflow/example_dags/example_local_kubernetes_executor.py for tasks to queue
[2025-11-09T21:34:18.209+0000] {logging_mixin.py:190} INFO - [2025-11-09T21:34:18.208+0000] {dagbag.py:588} INFO - Filling up the DagBag from /home/airflow/.local/lib/python3.12/site-packages/airflow/example_dags/example_local_kubernetes_executor.py
[2025-11-09T21:34:18.244+0000] {processor.py:925} INFO - DAG(s) 'example_local_kubernetes_executor' retrieved from /home/airflow/.local/lib/python3.12/site-packages/airflow/example_dags/example_local_kubernetes_executor.py
[2025-11-09T21:34:18.340+0000] {logging_mixin.py:190} INFO - [2025-11-09T21:34:18.339+0000] {dag.py:3239} INFO - Sync 1 DAGs
[2025-11-09T21:34:18.381+0000] {logging_mixin.py:190} INFO - [2025-11-09T21:34:18.381+0000] {dag.py:4180} INFO - Setting next_dagrun for example_local_kubernetes_executor to None, run_after=None
[2025-11-09T21:34:18.429+0000] {processor.py:208} INFO - Processing /home/airflow/.local/lib/python3.12/site-packages/airflow/example_dags/example_local_kubernetes_executor.py took 0.253 seconds
[2025-11-09T21:34:49.267+0000] {processor.py:186} INFO - Started process (PID=3418) to work on /home/airflow/.local/lib/python3.12/site-packages/airflow/example_dags/example_local_kubernetes_executor.py
[2025-11-09T21:34:49.270+0000] {processor.py:914} INFO - Processing file /home/airflow/.local/lib/python3.12/site-packages/airflow/example_dags/example_local_kubernetes_executor.py for tasks to queue
[2025-11-09T21:34:49.281+0000] {logging_mixin.py:190} INFO - [2025-11-09T21:34:49.280+0000] {dagbag.py:588} INFO - Filling up the DagBag from /home/airflow/.local/lib/python3.12/site-packages/airflow/example_dags/example_local_kubernetes_executor.py
[2025-11-09T21:34:49.311+0000] {processor.py:925} INFO - DAG(s) 'example_local_kubernetes_executor' retrieved from /home/airflow/.local/lib/python3.12/site-packages/airflow/example_dags/example_local_kubernetes_executor.py
[2025-11-09T21:34:49.433+0000] {logging_mixin.py:190} INFO - [2025-11-09T21:34:49.432+0000] {dag.py:3239} INFO - Sync 1 DAGs
[2025-11-09T21:34:49.497+0000] {logging_mixin.py:190} INFO - [2025-11-09T21:34:49.496+0000] {dag.py:4180} INFO - Setting next_dagrun for example_local_kubernetes_executor to None, run_after=None
[2025-11-09T21:34:49.560+0000] {processor.py:208} INFO - Processing /home/airflow/.local/lib/python3.12/site-packages/airflow/example_dags/example_local_kubernetes_executor.py took 0.307 seconds
[2025-11-09T21:35:20.052+0000] {processor.py:186} INFO - Started process (PID=3483) to work on /home/airflow/.local/lib/python3.12/site-packages/airflow/example_dags/example_local_kubernetes_executor.py
[2025-11-09T21:35:20.055+0000] {processor.py:914} INFO - Processing file /home/airflow/.local/lib/python3.12/site-packages/airflow/example_dags/example_local_kubernetes_executor.py for tasks to queue
[2025-11-09T21:35:20.063+0000] {logging_mixin.py:190} INFO - [2025-11-09T21:35:20.062+0000] {dagbag.py:588} INFO - Filling up the DagBag from /home/airflow/.local/lib/python3.12/site-packages/airflow/example_dags/example_local_kubernetes_executor.py
[2025-11-09T21:35:20.092+0000] {processor.py:925} INFO - DAG(s) 'example_local_kubernetes_executor' retrieved from /home/airflow/.local/lib/python3.12/site-packages/airflow/example_dags/example_local_kubernetes_executor.py
[2025-11-09T21:35:20.185+0000] {logging_mixin.py:190} INFO - [2025-11-09T21:35:20.184+0000] {dag.py:3239} INFO - Sync 1 DAGs
[2025-11-09T21:35:20.221+0000] {logging_mixin.py:190} INFO - [2025-11-09T21:35:20.221+0000] {dag.py:4180} INFO - Setting next_dagrun for example_local_kubernetes_executor to None, run_after=None
[2025-11-09T21:35:20.273+0000] {processor.py:208} INFO - Processing /home/airflow/.local/lib/python3.12/site-packages/airflow/example_dags/example_local_kubernetes_executor.py took 0.239 seconds
[2025-11-09T21:35:50.718+0000] {processor.py:186} INFO - Started process (PID=3547) to work on /home/airflow/.local/lib/python3.12/site-packages/airflow/example_dags/example_local_kubernetes_executor.py
[2025-11-09T21:35:50.722+0000] {processor.py:914} INFO - Processing file /home/airflow/.local/lib/python3.12/site-packages/airflow/example_dags/example_local_kubernetes_executor.py for tasks to queue
[2025-11-09T21:35:50.732+0000] {logging_mixin.py:190} INFO - [2025-11-09T21:35:50.731+0000] {dagbag.py:588} INFO - Filling up the DagBag from /home/airflow/.local/lib/python3.12/site-packages/airflow/example_dags/example_local_kubernetes_executor.py
[2025-11-09T21:35:50.770+0000] {processor.py:925} INFO - DAG(s) 'example_local_kubernetes_executor' retrieved from /home/airflow/.local/lib/python3.12/site-packages/airflow/example_dags/example_local_kubernetes_executor.py
[2025-11-09T21:35:50.895+0000] {logging_mixin.py:190} INFO - [2025-11-09T21:35:50.894+0000] {dag.py:3239} INFO - Sync 1 DAGs
[2025-11-09T21:35:50.945+0000] {logging_mixin.py:190} INFO - [2025-11-09T21:35:50.944+0000] {dag.py:4180} INFO - Setting next_dagrun for example_local_kubernetes_executor to None, run_after=None
[2025-11-09T21:35:51.001+0000] {processor.py:208} INFO - Processing /home/airflow/.local/lib/python3.12/site-packages/airflow/example_dags/example_local_kubernetes_executor.py took 0.305 seconds
[2025-11-09T21:36:21.364+0000] {processor.py:186} INFO - Started process (PID=3611) to work on /home/airflow/.local/lib/python3.12/site-packages/airflow/example_dags/example_local_kubernetes_executor.py
[2025-11-09T21:36:21.366+0000] {processor.py:914} INFO - Processing file /home/airflow/.local/lib/python3.12/site-packages/airflow/example_dags/example_local_kubernetes_executor.py for tasks to queue
[2025-11-09T21:36:21.372+0000] {logging_mixin.py:190} INFO - [2025-11-09T21:36:21.371+0000] {dagbag.py:588} INFO - Filling up the DagBag from /home/airflow/.local/lib/python3.12/site-packages/airflow/example_dags/example_local_kubernetes_executor.py
[2025-11-09T21:36:21.396+0000] {processor.py:925} INFO - DAG(s) 'example_local_kubernetes_executor' retrieved from /home/airflow/.local/lib/python3.12/site-packages/airflow/example_dags/example_local_kubernetes_executor.py
[2025-11-09T21:36:21.480+0000] {logging_mixin.py:190} INFO - [2025-11-09T21:36:21.480+0000] {dag.py:3239} INFO - Sync 1 DAGs
[2025-11-09T21:36:21.514+0000] {logging_mixin.py:190} INFO - [2025-11-09T21:36:21.514+0000] {dag.py:4180} INFO - Setting next_dagrun for example_local_kubernetes_executor to None, run_after=None
[2025-11-09T21:36:21.557+0000] {processor.py:208} INFO - Processing /home/airflow/.local/lib/python3.12/site-packages/airflow/example_dags/example_local_kubernetes_executor.py took 0.207 seconds
[2025-11-09T21:36:52.211+0000] {processor.py:186} INFO - Started process (PID=3675) to work on /home/airflow/.local/lib/python3.12/site-packages/airflow/example_dags/example_local_kubernetes_executor.py
[2025-11-09T21:36:52.214+0000] {processor.py:914} INFO - Processing file /home/airflow/.local/lib/python3.12/site-packages/airflow/example_dags/example_local_kubernetes_executor.py for tasks to queue
[2025-11-09T21:36:52.231+0000] {logging_mixin.py:190} INFO - [2025-11-09T21:36:52.220+0000] {dagbag.py:588} INFO - Filling up the DagBag from /home/airflow/.local/lib/python3.12/site-packages/airflow/example_dags/example_local_kubernetes_executor.py
[2025-11-09T21:36:52.288+0000] {processor.py:925} INFO - DAG(s) 'example_local_kubernetes_executor' retrieved from /home/airflow/.local/lib/python3.12/site-packages/airflow/example_dags/example_local_kubernetes_executor.py
[2025-11-09T21:36:52.437+0000] {logging_mixin.py:190} INFO - [2025-11-09T21:36:52.436+0000] {dag.py:3239} INFO - Sync 1 DAGs
[2025-11-09T21:36:52.507+0000] {logging_mixin.py:190} INFO - [2025-11-09T21:36:52.506+0000] {dag.py:4180} INFO - Setting next_dagrun for example_local_kubernetes_executor to None, run_after=None
[2025-11-09T21:36:52.597+0000] {processor.py:208} INFO - Processing /home/airflow/.local/lib/python3.12/site-packages/airflow/example_dags/example_local_kubernetes_executor.py took 0.428 seconds
[2025-11-09T21:37:24.093+0000] {processor.py:186} INFO - Started process (PID=3737) to work on /home/airflow/.local/lib/python3.12/site-packages/airflow/example_dags/example_local_kubernetes_executor.py
[2025-11-09T21:37:24.100+0000] {processor.py:914} INFO - Processing file /home/airflow/.local/lib/python3.12/site-packages/airflow/example_dags/example_local_kubernetes_executor.py for tasks to queue
[2025-11-09T21:37:24.119+0000] {logging_mixin.py:190} INFO - [2025-11-09T21:37:24.118+0000] {dagbag.py:588} INFO - Filling up the DagBag from /home/airflow/.local/lib/python3.12/site-packages/airflow/example_dags/example_local_kubernetes_executor.py
[2025-11-09T21:37:24.192+0000] {processor.py:925} INFO - DAG(s) 'example_local_kubernetes_executor' retrieved from /home/airflow/.local/lib/python3.12/site-packages/airflow/example_dags/example_local_kubernetes_executor.py
[2025-11-09T21:37:24.422+0000] {logging_mixin.py:190} INFO - [2025-11-09T21:37:24.421+0000] {dag.py:3239} INFO - Sync 1 DAGs
[2025-11-09T21:37:24.538+0000] {logging_mixin.py:190} INFO - [2025-11-09T21:37:24.537+0000] {dag.py:4180} INFO - Setting next_dagrun for example_local_kubernetes_executor to None, run_after=None
[2025-11-09T21:37:24.746+0000] {processor.py:208} INFO - Processing /home/airflow/.local/lib/python3.12/site-packages/airflow/example_dags/example_local_kubernetes_executor.py took 0.690 seconds
[2025-11-09T21:37:55.091+0000] {processor.py:186} INFO - Started process (PID=3801) to work on /home/airflow/.local/lib/python3.12/site-packages/airflow/example_dags/example_local_kubernetes_executor.py
[2025-11-09T21:37:55.094+0000] {processor.py:914} INFO - Processing file /home/airflow/.local/lib/python3.12/site-packages/airflow/example_dags/example_local_kubernetes_executor.py for tasks to queue
[2025-11-09T21:37:55.101+0000] {logging_mixin.py:190} INFO - [2025-11-09T21:37:55.100+0000] {dagbag.py:588} INFO - Filling up the DagBag from /home/airflow/.local/lib/python3.12/site-packages/airflow/example_dags/example_local_kubernetes_executor.py
[2025-11-09T21:37:55.128+0000] {processor.py:925} INFO - DAG(s) 'example_local_kubernetes_executor' retrieved from /home/airflow/.local/lib/python3.12/site-packages/airflow/example_dags/example_local_kubernetes_executor.py
[2025-11-09T21:37:55.204+0000] {logging_mixin.py:190} INFO - [2025-11-09T21:37:55.204+0000] {dag.py:3239} INFO - Sync 1 DAGs
[2025-11-09T21:37:55.231+0000] {logging_mixin.py:190} INFO - [2025-11-09T21:37:55.231+0000] {dag.py:4180} INFO - Setting next_dagrun for example_local_kubernetes_executor to None, run_after=None
[2025-11-09T21:37:55.269+0000] {processor.py:208} INFO - Processing /home/airflow/.local/lib/python3.12/site-packages/airflow/example_dags/example_local_kubernetes_executor.py took 0.194 seconds
[2025-11-09T21:38:25.583+0000] {processor.py:186} INFO - Started process (PID=3862) to work on /home/airflow/.local/lib/python3.12/site-packages/airflow/example_dags/example_local_kubernetes_executor.py
[2025-11-09T21:38:25.586+0000] {processor.py:914} INFO - Processing file /home/airflow/.local/lib/python3.12/site-packages/airflow/example_dags/example_local_kubernetes_executor.py for tasks to queue
[2025-11-09T21:38:25.601+0000] {logging_mixin.py:190} INFO - [2025-11-09T21:38:25.600+0000] {dagbag.py:588} INFO - Filling up the DagBag from /home/airflow/.local/lib/python3.12/site-packages/airflow/example_dags/example_local_kubernetes_executor.py
[2025-11-09T21:38:25.639+0000] {processor.py:925} INFO - DAG(s) 'example_local_kubernetes_executor' retrieved from /home/airflow/.local/lib/python3.12/site-packages/airflow/example_dags/example_local_kubernetes_executor.py
[2025-11-09T21:38:25.704+0000] {logging_mixin.py:190} INFO - [2025-11-09T21:38:25.704+0000] {dag.py:3239} INFO - Sync 1 DAGs
[2025-11-09T21:38:25.733+0000] {logging_mixin.py:190} INFO - [2025-11-09T21:38:25.733+0000] {dag.py:4180} INFO - Setting next_dagrun for example_local_kubernetes_executor to None, run_after=None
[2025-11-09T21:38:25.770+0000] {processor.py:208} INFO - Processing /home/airflow/.local/lib/python3.12/site-packages/airflow/example_dags/example_local_kubernetes_executor.py took 0.200 seconds
[2025-11-09T21:38:55.947+0000] {processor.py:186} INFO - Started process (PID=3927) to work on /home/airflow/.local/lib/python3.12/site-packages/airflow/example_dags/example_local_kubernetes_executor.py
[2025-11-09T21:38:55.949+0000] {processor.py:914} INFO - Processing file /home/airflow/.local/lib/python3.12/site-packages/airflow/example_dags/example_local_kubernetes_executor.py for tasks to queue
[2025-11-09T21:38:55.957+0000] {logging_mixin.py:190} INFO - [2025-11-09T21:38:55.957+0000] {dagbag.py:588} INFO - Filling up the DagBag from /home/airflow/.local/lib/python3.12/site-packages/airflow/example_dags/example_local_kubernetes_executor.py
[2025-11-09T21:38:55.983+0000] {processor.py:925} INFO - DAG(s) 'example_local_kubernetes_executor' retrieved from /home/airflow/.local/lib/python3.12/site-packages/airflow/example_dags/example_local_kubernetes_executor.py
[2025-11-09T21:38:56.074+0000] {logging_mixin.py:190} INFO - [2025-11-09T21:38:56.073+0000] {dag.py:3239} INFO - Sync 1 DAGs
[2025-11-09T21:38:56.107+0000] {logging_mixin.py:190} INFO - [2025-11-09T21:38:56.106+0000] {dag.py:4180} INFO - Setting next_dagrun for example_local_kubernetes_executor to None, run_after=None
[2025-11-09T21:38:56.146+0000] {processor.py:208} INFO - Processing /home/airflow/.local/lib/python3.12/site-packages/airflow/example_dags/example_local_kubernetes_executor.py took 0.214 seconds
[2025-11-09T21:39:26.900+0000] {processor.py:186} INFO - Started process (PID=3991) to work on /home/airflow/.local/lib/python3.12/site-packages/airflow/example_dags/example_local_kubernetes_executor.py
[2025-11-09T21:39:26.903+0000] {processor.py:914} INFO - Processing file /home/airflow/.local/lib/python3.12/site-packages/airflow/example_dags/example_local_kubernetes_executor.py for tasks to queue
[2025-11-09T21:39:26.910+0000] {logging_mixin.py:190} INFO - [2025-11-09T21:39:26.909+0000] {dagbag.py:588} INFO - Filling up the DagBag from /home/airflow/.local/lib/python3.12/site-packages/airflow/example_dags/example_local_kubernetes_executor.py
[2025-11-09T21:39:26.943+0000] {processor.py:925} INFO - DAG(s) 'example_local_kubernetes_executor' retrieved from /home/airflow/.local/lib/python3.12/site-packages/airflow/example_dags/example_local_kubernetes_executor.py
[2025-11-09T21:39:27.017+0000] {logging_mixin.py:190} INFO - [2025-11-09T21:39:27.016+0000] {dag.py:3239} INFO - Sync 1 DAGs
[2025-11-09T21:39:27.046+0000] {logging_mixin.py:190} INFO - [2025-11-09T21:39:27.046+0000] {dag.py:4180} INFO - Setting next_dagrun for example_local_kubernetes_executor to None, run_after=None
[2025-11-09T21:39:27.088+0000] {processor.py:208} INFO - Processing /home/airflow/.local/lib/python3.12/site-packages/airflow/example_dags/example_local_kubernetes_executor.py took 0.204 seconds
[2025-11-09T21:39:57.380+0000] {processor.py:186} INFO - Started process (PID=4062) to work on /home/airflow/.local/lib/python3.12/site-packages/airflow/example_dags/example_local_kubernetes_executor.py
[2025-11-09T21:39:57.383+0000] {processor.py:914} INFO - Processing file /home/airflow/.local/lib/python3.12/site-packages/airflow/example_dags/example_local_kubernetes_executor.py for tasks to queue
[2025-11-09T21:39:57.391+0000] {logging_mixin.py:190} INFO - [2025-11-09T21:39:57.390+0000] {dagbag.py:588} INFO - Filling up the DagBag from /home/airflow/.local/lib/python3.12/site-packages/airflow/example_dags/example_local_kubernetes_executor.py
[2025-11-09T21:39:57.419+0000] {processor.py:925} INFO - DAG(s) 'example_local_kubernetes_executor' retrieved from /home/airflow/.local/lib/python3.12/site-packages/airflow/example_dags/example_local_kubernetes_executor.py
[2025-11-09T21:39:57.541+0000] {logging_mixin.py:190} INFO - [2025-11-09T21:39:57.540+0000] {dag.py:3239} INFO - Sync 1 DAGs
[2025-11-09T21:39:57.616+0000] {logging_mixin.py:190} INFO - [2025-11-09T21:39:57.616+0000] {dag.py:4180} INFO - Setting next_dagrun for example_local_kubernetes_executor to None, run_after=None
[2025-11-09T21:39:57.684+0000] {processor.py:208} INFO - Processing /home/airflow/.local/lib/python3.12/site-packages/airflow/example_dags/example_local_kubernetes_executor.py took 0.320 seconds
[2025-11-09T21:40:28.426+0000] {processor.py:186} INFO - Started process (PID=4126) to work on /home/airflow/.local/lib/python3.12/site-packages/airflow/example_dags/example_local_kubernetes_executor.py
[2025-11-09T21:40:28.428+0000] {processor.py:914} INFO - Processing file /home/airflow/.local/lib/python3.12/site-packages/airflow/example_dags/example_local_kubernetes_executor.py for tasks to queue
[2025-11-09T21:40:28.434+0000] {logging_mixin.py:190} INFO - [2025-11-09T21:40:28.433+0000] {dagbag.py:588} INFO - Filling up the DagBag from /home/airflow/.local/lib/python3.12/site-packages/airflow/example_dags/example_local_kubernetes_executor.py
[2025-11-09T21:40:28.453+0000] {processor.py:925} INFO - DAG(s) 'example_local_kubernetes_executor' retrieved from /home/airflow/.local/lib/python3.12/site-packages/airflow/example_dags/example_local_kubernetes_executor.py
[2025-11-09T21:40:28.523+0000] {logging_mixin.py:190} INFO - [2025-11-09T21:40:28.522+0000] {dag.py:3239} INFO - Sync 1 DAGs
[2025-11-09T21:40:28.555+0000] {logging_mixin.py:190} INFO - [2025-11-09T21:40:28.554+0000] {dag.py:4180} INFO - Setting next_dagrun for example_local_kubernetes_executor to None, run_after=None
[2025-11-09T21:40:28.592+0000] {processor.py:208} INFO - Processing /home/airflow/.local/lib/python3.12/site-packages/airflow/example_dags/example_local_kubernetes_executor.py took 0.177 seconds
[2025-11-09T21:40:58.719+0000] {processor.py:186} INFO - Started process (PID=4190) to work on /home/airflow/.local/lib/python3.12/site-packages/airflow/example_dags/example_local_kubernetes_executor.py
[2025-11-09T21:40:58.721+0000] {processor.py:914} INFO - Processing file /home/airflow/.local/lib/python3.12/site-packages/airflow/example_dags/example_local_kubernetes_executor.py for tasks to queue
[2025-11-09T21:40:58.727+0000] {logging_mixin.py:190} INFO - [2025-11-09T21:40:58.726+0000] {dagbag.py:588} INFO - Filling up the DagBag from /home/airflow/.local/lib/python3.12/site-packages/airflow/example_dags/example_local_kubernetes_executor.py
[2025-11-09T21:40:58.745+0000] {processor.py:925} INFO - DAG(s) 'example_local_kubernetes_executor' retrieved from /home/airflow/.local/lib/python3.12/site-packages/airflow/example_dags/example_local_kubernetes_executor.py
[2025-11-09T21:40:58.800+0000] {logging_mixin.py:190} INFO - [2025-11-09T21:40:58.800+0000] {dag.py:3239} INFO - Sync 1 DAGs
[2025-11-09T21:40:58.822+0000] {logging_mixin.py:190} INFO - [2025-11-09T21:40:58.822+0000] {dag.py:4180} INFO - Setting next_dagrun for example_local_kubernetes_executor to None, run_after=None
[2025-11-09T21:40:58.850+0000] {processor.py:208} INFO - Processing /home/airflow/.local/lib/python3.12/site-packages/airflow/example_dags/example_local_kubernetes_executor.py took 0.141 seconds
[2025-11-09T21:41:29.100+0000] {processor.py:186} INFO - Started process (PID=4254) to work on /home/airflow/.local/lib/python3.12/site-packages/airflow/example_dags/example_local_kubernetes_executor.py
[2025-11-09T21:41:29.102+0000] {processor.py:914} INFO - Processing file /home/airflow/.local/lib/python3.12/site-packages/airflow/example_dags/example_local_kubernetes_executor.py for tasks to queue
[2025-11-09T21:41:29.109+0000] {logging_mixin.py:190} INFO - [2025-11-09T21:41:29.108+0000] {dagbag.py:588} INFO - Filling up the DagBag from /home/airflow/.local/lib/python3.12/site-packages/airflow/example_dags/example_local_kubernetes_executor.py
[2025-11-09T21:41:29.126+0000] {processor.py:925} INFO - DAG(s) 'example_local_kubernetes_executor' retrieved from /home/airflow/.local/lib/python3.12/site-packages/airflow/example_dags/example_local_kubernetes_executor.py
[2025-11-09T21:41:29.182+0000] {logging_mixin.py:190} INFO - [2025-11-09T21:41:29.182+0000] {dag.py:3239} INFO - Sync 1 DAGs
[2025-11-09T21:41:29.207+0000] {logging_mixin.py:190} INFO - [2025-11-09T21:41:29.207+0000] {dag.py:4180} INFO - Setting next_dagrun for example_local_kubernetes_executor to None, run_after=None
[2025-11-09T21:41:29.242+0000] {processor.py:208} INFO - Processing /home/airflow/.local/lib/python3.12/site-packages/airflow/example_dags/example_local_kubernetes_executor.py took 0.158 seconds
[2025-11-09T21:41:59.744+0000] {processor.py:186} INFO - Started process (PID=4318) to work on /home/airflow/.local/lib/python3.12/site-packages/airflow/example_dags/example_local_kubernetes_executor.py
[2025-11-09T21:41:59.746+0000] {processor.py:914} INFO - Processing file /home/airflow/.local/lib/python3.12/site-packages/airflow/example_dags/example_local_kubernetes_executor.py for tasks to queue
[2025-11-09T21:41:59.753+0000] {logging_mixin.py:190} INFO - [2025-11-09T21:41:59.752+0000] {dagbag.py:588} INFO - Filling up the DagBag from /home/airflow/.local/lib/python3.12/site-packages/airflow/example_dags/example_local_kubernetes_executor.py
[2025-11-09T21:41:59.778+0000] {processor.py:925} INFO - DAG(s) 'example_local_kubernetes_executor' retrieved from /home/airflow/.local/lib/python3.12/site-packages/airflow/example_dags/example_local_kubernetes_executor.py
[2025-11-09T21:41:59.861+0000] {logging_mixin.py:190} INFO - [2025-11-09T21:41:59.860+0000] {dag.py:3239} INFO - Sync 1 DAGs
[2025-11-09T21:41:59.906+0000] {logging_mixin.py:190} INFO - [2025-11-09T21:41:59.905+0000] {dag.py:4180} INFO - Setting next_dagrun for example_local_kubernetes_executor to None, run_after=None
[2025-11-09T21:41:59.960+0000] {processor.py:208} INFO - Processing /home/airflow/.local/lib/python3.12/site-packages/airflow/example_dags/example_local_kubernetes_executor.py took 0.230 seconds
[2025-11-09T21:42:30.072+0000] {processor.py:186} INFO - Started process (PID=4382) to work on /home/airflow/.local/lib/python3.12/site-packages/airflow/example_dags/example_local_kubernetes_executor.py
[2025-11-09T21:42:30.074+0000] {processor.py:914} INFO - Processing file /home/airflow/.local/lib/python3.12/site-packages/airflow/example_dags/example_local_kubernetes_executor.py for tasks to queue
[2025-11-09T21:42:30.079+0000] {logging_mixin.py:190} INFO - [2025-11-09T21:42:30.078+0000] {dagbag.py:588} INFO - Filling up the DagBag from /home/airflow/.local/lib/python3.12/site-packages/airflow/example_dags/example_local_kubernetes_executor.py
[2025-11-09T21:42:30.099+0000] {processor.py:925} INFO - DAG(s) 'example_local_kubernetes_executor' retrieved from /home/airflow/.local/lib/python3.12/site-packages/airflow/example_dags/example_local_kubernetes_executor.py
[2025-11-09T21:42:30.155+0000] {logging_mixin.py:190} INFO - [2025-11-09T21:42:30.155+0000] {dag.py:3239} INFO - Sync 1 DAGs
[2025-11-09T21:42:30.179+0000] {logging_mixin.py:190} INFO - [2025-11-09T21:42:30.178+0000] {dag.py:4180} INFO - Setting next_dagrun for example_local_kubernetes_executor to None, run_after=None
[2025-11-09T21:42:30.208+0000] {processor.py:208} INFO - Processing /home/airflow/.local/lib/python3.12/site-packages/airflow/example_dags/example_local_kubernetes_executor.py took 0.145 seconds
[2025-11-09T21:43:00.724+0000] {processor.py:186} INFO - Started process (PID=4445) to work on /home/airflow/.local/lib/python3.12/site-packages/airflow/example_dags/example_local_kubernetes_executor.py
[2025-11-09T21:43:00.726+0000] {processor.py:914} INFO - Processing file /home/airflow/.local/lib/python3.12/site-packages/airflow/example_dags/example_local_kubernetes_executor.py for tasks to queue
[2025-11-09T21:43:00.733+0000] {logging_mixin.py:190} INFO - [2025-11-09T21:43:00.732+0000] {dagbag.py:588} INFO - Filling up the DagBag from /home/airflow/.local/lib/python3.12/site-packages/airflow/example_dags/example_local_kubernetes_executor.py
[2025-11-09T21:43:00.750+0000] {processor.py:925} INFO - DAG(s) 'example_local_kubernetes_executor' retrieved from /home/airflow/.local/lib/python3.12/site-packages/airflow/example_dags/example_local_kubernetes_executor.py
[2025-11-09T21:43:00.837+0000] {logging_mixin.py:190} INFO - [2025-11-09T21:43:00.836+0000] {dag.py:3239} INFO - Sync 1 DAGs
[2025-11-09T21:43:00.872+0000] {logging_mixin.py:190} INFO - [2025-11-09T21:43:00.871+0000] {dag.py:4180} INFO - Setting next_dagrun for example_local_kubernetes_executor to None, run_after=None
[2025-11-09T21:43:00.916+0000] {processor.py:208} INFO - Processing /home/airflow/.local/lib/python3.12/site-packages/airflow/example_dags/example_local_kubernetes_executor.py took 0.202 seconds
[2025-11-09T21:43:31.148+0000] {processor.py:186} INFO - Started process (PID=4509) to work on /home/airflow/.local/lib/python3.12/site-packages/airflow/example_dags/example_local_kubernetes_executor.py
[2025-11-09T21:43:31.151+0000] {processor.py:914} INFO - Processing file /home/airflow/.local/lib/python3.12/site-packages/airflow/example_dags/example_local_kubernetes_executor.py for tasks to queue
[2025-11-09T21:43:31.158+0000] {logging_mixin.py:190} INFO - [2025-11-09T21:43:31.158+0000] {dagbag.py:588} INFO - Filling up the DagBag from /home/airflow/.local/lib/python3.12/site-packages/airflow/example_dags/example_local_kubernetes_executor.py
[2025-11-09T21:43:31.181+0000] {processor.py:925} INFO - DAG(s) 'example_local_kubernetes_executor' retrieved from /home/airflow/.local/lib/python3.12/site-packages/airflow/example_dags/example_local_kubernetes_executor.py
[2025-11-09T21:43:31.259+0000] {logging_mixin.py:190} INFO - [2025-11-09T21:43:31.258+0000] {dag.py:3239} INFO - Sync 1 DAGs
[2025-11-09T21:43:31.288+0000] {logging_mixin.py:190} INFO - [2025-11-09T21:43:31.288+0000] {dag.py:4180} INFO - Setting next_dagrun for example_local_kubernetes_executor to None, run_after=None
[2025-11-09T21:43:31.331+0000] {processor.py:208} INFO - Processing /home/airflow/.local/lib/python3.12/site-packages/airflow/example_dags/example_local_kubernetes_executor.py took 0.196 seconds
[2025-11-09T21:44:01.449+0000] {processor.py:186} INFO - Started process (PID=4573) to work on /home/airflow/.local/lib/python3.12/site-packages/airflow/example_dags/example_local_kubernetes_executor.py
[2025-11-09T21:44:01.451+0000] {processor.py:914} INFO - Processing file /home/airflow/.local/lib/python3.12/site-packages/airflow/example_dags/example_local_kubernetes_executor.py for tasks to queue
[2025-11-09T21:44:01.458+0000] {logging_mixin.py:190} INFO - [2025-11-09T21:44:01.457+0000] {dagbag.py:588} INFO - Filling up the DagBag from /home/airflow/.local/lib/python3.12/site-packages/airflow/example_dags/example_local_kubernetes_executor.py
[2025-11-09T21:44:01.476+0000] {processor.py:925} INFO - DAG(s) 'example_local_kubernetes_executor' retrieved from /home/airflow/.local/lib/python3.12/site-packages/airflow/example_dags/example_local_kubernetes_executor.py
[2025-11-09T21:44:01.538+0000] {logging_mixin.py:190} INFO - [2025-11-09T21:44:01.538+0000] {dag.py:3239} INFO - Sync 1 DAGs
[2025-11-09T21:44:01.570+0000] {logging_mixin.py:190} INFO - [2025-11-09T21:44:01.570+0000] {dag.py:4180} INFO - Setting next_dagrun for example_local_kubernetes_executor to None, run_after=None
[2025-11-09T21:44:01.610+0000] {processor.py:208} INFO - Processing /home/airflow/.local/lib/python3.12/site-packages/airflow/example_dags/example_local_kubernetes_executor.py took 0.170 seconds
[2025-11-09T21:44:31.858+0000] {processor.py:186} INFO - Started process (PID=4638) to work on /home/airflow/.local/lib/python3.12/site-packages/airflow/example_dags/example_local_kubernetes_executor.py
[2025-11-09T21:44:31.859+0000] {processor.py:914} INFO - Processing file /home/airflow/.local/lib/python3.12/site-packages/airflow/example_dags/example_local_kubernetes_executor.py for tasks to queue
[2025-11-09T21:44:31.863+0000] {logging_mixin.py:190} INFO - [2025-11-09T21:44:31.863+0000] {dagbag.py:588} INFO - Filling up the DagBag from /home/airflow/.local/lib/python3.12/site-packages/airflow/example_dags/example_local_kubernetes_executor.py
[2025-11-09T21:44:31.878+0000] {processor.py:925} INFO - DAG(s) 'example_local_kubernetes_executor' retrieved from /home/airflow/.local/lib/python3.12/site-packages/airflow/example_dags/example_local_kubernetes_executor.py
[2025-11-09T21:44:31.947+0000] {logging_mixin.py:190} INFO - [2025-11-09T21:44:31.947+0000] {dag.py:3239} INFO - Sync 1 DAGs
[2025-11-09T21:44:31.971+0000] {logging_mixin.py:190} INFO - [2025-11-09T21:44:31.971+0000] {dag.py:4180} INFO - Setting next_dagrun for example_local_kubernetes_executor to None, run_after=None
[2025-11-09T21:44:32.001+0000] {processor.py:208} INFO - Processing /home/airflow/.local/lib/python3.12/site-packages/airflow/example_dags/example_local_kubernetes_executor.py took 0.153 seconds
[2025-11-09T21:45:02.292+0000] {processor.py:186} INFO - Started process (PID=4701) to work on /home/airflow/.local/lib/python3.12/site-packages/airflow/example_dags/example_local_kubernetes_executor.py
[2025-11-09T21:45:02.295+0000] {processor.py:914} INFO - Processing file /home/airflow/.local/lib/python3.12/site-packages/airflow/example_dags/example_local_kubernetes_executor.py for tasks to queue
[2025-11-09T21:45:02.301+0000] {logging_mixin.py:190} INFO - [2025-11-09T21:45:02.300+0000] {dagbag.py:588} INFO - Filling up the DagBag from /home/airflow/.local/lib/python3.12/site-packages/airflow/example_dags/example_local_kubernetes_executor.py
[2025-11-09T21:45:02.329+0000] {processor.py:925} INFO - DAG(s) 'example_local_kubernetes_executor' retrieved from /home/airflow/.local/lib/python3.12/site-packages/airflow/example_dags/example_local_kubernetes_executor.py
[2025-11-09T21:45:02.387+0000] {logging_mixin.py:190} INFO - [2025-11-09T21:45:02.386+0000] {dag.py:3239} INFO - Sync 1 DAGs
[2025-11-09T21:45:02.411+0000] {logging_mixin.py:190} INFO - [2025-11-09T21:45:02.411+0000] {dag.py:4180} INFO - Setting next_dagrun for example_local_kubernetes_executor to None, run_after=None
[2025-11-09T21:45:02.444+0000] {processor.py:208} INFO - Processing /home/airflow/.local/lib/python3.12/site-packages/airflow/example_dags/example_local_kubernetes_executor.py took 0.166 seconds
[2025-11-09T21:45:33.810+0000] {processor.py:186} INFO - Started process (PID=4765) to work on /home/airflow/.local/lib/python3.12/site-packages/airflow/example_dags/example_local_kubernetes_executor.py
[2025-11-09T21:45:33.812+0000] {processor.py:914} INFO - Processing file /home/airflow/.local/lib/python3.12/site-packages/airflow/example_dags/example_local_kubernetes_executor.py for tasks to queue
[2025-11-09T21:45:33.824+0000] {logging_mixin.py:190} INFO - [2025-11-09T21:45:33.823+0000] {dagbag.py:588} INFO - Filling up the DagBag from /home/airflow/.local/lib/python3.12/site-packages/airflow/example_dags/example_local_kubernetes_executor.py
[2025-11-09T21:45:33.867+0000] {processor.py:925} INFO - DAG(s) 'example_local_kubernetes_executor' retrieved from /home/airflow/.local/lib/python3.12/site-packages/airflow/example_dags/example_local_kubernetes_executor.py
[2025-11-09T21:45:34.049+0000] {logging_mixin.py:190} INFO - [2025-11-09T21:45:34.048+0000] {dag.py:3239} INFO - Sync 1 DAGs
[2025-11-09T21:45:34.128+0000] {logging_mixin.py:190} INFO - [2025-11-09T21:45:34.127+0000] {dag.py:4180} INFO - Setting next_dagrun for example_local_kubernetes_executor to None, run_after=None
[2025-11-09T21:45:34.221+0000] {processor.py:208} INFO - Processing /home/airflow/.local/lib/python3.12/site-packages/airflow/example_dags/example_local_kubernetes_executor.py took 0.436 seconds
[2025-11-09T21:46:04.825+0000] {processor.py:186} INFO - Started process (PID=4828) to work on /home/airflow/.local/lib/python3.12/site-packages/airflow/example_dags/example_local_kubernetes_executor.py
[2025-11-09T21:46:04.827+0000] {processor.py:914} INFO - Processing file /home/airflow/.local/lib/python3.12/site-packages/airflow/example_dags/example_local_kubernetes_executor.py for tasks to queue
[2025-11-09T21:46:04.836+0000] {logging_mixin.py:190} INFO - [2025-11-09T21:46:04.835+0000] {dagbag.py:588} INFO - Filling up the DagBag from /home/airflow/.local/lib/python3.12/site-packages/airflow/example_dags/example_local_kubernetes_executor.py
[2025-11-09T21:46:04.859+0000] {processor.py:925} INFO - DAG(s) 'example_local_kubernetes_executor' retrieved from /home/airflow/.local/lib/python3.12/site-packages/airflow/example_dags/example_local_kubernetes_executor.py
[2025-11-09T21:46:04.964+0000] {logging_mixin.py:190} INFO - [2025-11-09T21:46:04.963+0000] {dag.py:3239} INFO - Sync 1 DAGs
[2025-11-09T21:46:05.049+0000] {logging_mixin.py:190} INFO - [2025-11-09T21:46:05.048+0000] {dag.py:4180} INFO - Setting next_dagrun for example_local_kubernetes_executor to None, run_after=None
[2025-11-09T21:46:05.126+0000] {processor.py:208} INFO - Processing /home/airflow/.local/lib/python3.12/site-packages/airflow/example_dags/example_local_kubernetes_executor.py took 0.313 seconds
[2025-11-09T21:46:35.677+0000] {processor.py:186} INFO - Started process (PID=4892) to work on /home/airflow/.local/lib/python3.12/site-packages/airflow/example_dags/example_local_kubernetes_executor.py
[2025-11-09T21:46:35.679+0000] {processor.py:914} INFO - Processing file /home/airflow/.local/lib/python3.12/site-packages/airflow/example_dags/example_local_kubernetes_executor.py for tasks to queue
[2025-11-09T21:46:35.685+0000] {logging_mixin.py:190} INFO - [2025-11-09T21:46:35.684+0000] {dagbag.py:588} INFO - Filling up the DagBag from /home/airflow/.local/lib/python3.12/site-packages/airflow/example_dags/example_local_kubernetes_executor.py
[2025-11-09T21:46:35.709+0000] {processor.py:925} INFO - DAG(s) 'example_local_kubernetes_executor' retrieved from /home/airflow/.local/lib/python3.12/site-packages/airflow/example_dags/example_local_kubernetes_executor.py
[2025-11-09T21:46:35.777+0000] {logging_mixin.py:190} INFO - [2025-11-09T21:46:35.776+0000] {dag.py:3239} INFO - Sync 1 DAGs
[2025-11-09T21:46:35.812+0000] {logging_mixin.py:190} INFO - [2025-11-09T21:46:35.812+0000] {dag.py:4180} INFO - Setting next_dagrun for example_local_kubernetes_executor to None, run_after=None
[2025-11-09T21:46:35.852+0000] {processor.py:208} INFO - Processing /home/airflow/.local/lib/python3.12/site-packages/airflow/example_dags/example_local_kubernetes_executor.py took 0.187 seconds
[2025-11-09T21:47:06.413+0000] {processor.py:186} INFO - Started process (PID=4956) to work on /home/airflow/.local/lib/python3.12/site-packages/airflow/example_dags/example_local_kubernetes_executor.py
[2025-11-09T21:47:06.416+0000] {processor.py:914} INFO - Processing file /home/airflow/.local/lib/python3.12/site-packages/airflow/example_dags/example_local_kubernetes_executor.py for tasks to queue
[2025-11-09T21:47:06.428+0000] {logging_mixin.py:190} INFO - [2025-11-09T21:47:06.427+0000] {dagbag.py:588} INFO - Filling up the DagBag from /home/airflow/.local/lib/python3.12/site-packages/airflow/example_dags/example_local_kubernetes_executor.py
[2025-11-09T21:47:06.460+0000] {processor.py:925} INFO - DAG(s) 'example_local_kubernetes_executor' retrieved from /home/airflow/.local/lib/python3.12/site-packages/airflow/example_dags/example_local_kubernetes_executor.py
[2025-11-09T21:47:06.576+0000] {logging_mixin.py:190} INFO - [2025-11-09T21:47:06.576+0000] {dag.py:3239} INFO - Sync 1 DAGs
[2025-11-09T21:47:06.651+0000] {logging_mixin.py:190} INFO - [2025-11-09T21:47:06.650+0000] {dag.py:4180} INFO - Setting next_dagrun for example_local_kubernetes_executor to None, run_after=None
[2025-11-09T21:47:06.711+0000] {processor.py:208} INFO - Processing /home/airflow/.local/lib/python3.12/site-packages/airflow/example_dags/example_local_kubernetes_executor.py took 0.319 seconds
[2025-11-09T21:47:36.851+0000] {processor.py:186} INFO - Started process (PID=5019) to work on /home/airflow/.local/lib/python3.12/site-packages/airflow/example_dags/example_local_kubernetes_executor.py
[2025-11-09T21:47:36.853+0000] {processor.py:914} INFO - Processing file /home/airflow/.local/lib/python3.12/site-packages/airflow/example_dags/example_local_kubernetes_executor.py for tasks to queue
[2025-11-09T21:47:36.859+0000] {logging_mixin.py:190} INFO - [2025-11-09T21:47:36.858+0000] {dagbag.py:588} INFO - Filling up the DagBag from /home/airflow/.local/lib/python3.12/site-packages/airflow/example_dags/example_local_kubernetes_executor.py
[2025-11-09T21:47:36.878+0000] {processor.py:925} INFO - DAG(s) 'example_local_kubernetes_executor' retrieved from /home/airflow/.local/lib/python3.12/site-packages/airflow/example_dags/example_local_kubernetes_executor.py
[2025-11-09T21:47:36.944+0000] {logging_mixin.py:190} INFO - [2025-11-09T21:47:36.943+0000] {dag.py:3239} INFO - Sync 1 DAGs
[2025-11-09T21:47:36.974+0000] {logging_mixin.py:190} INFO - [2025-11-09T21:47:36.973+0000] {dag.py:4180} INFO - Setting next_dagrun for example_local_kubernetes_executor to None, run_after=None
[2025-11-09T21:47:37.016+0000] {processor.py:208} INFO - Processing /home/airflow/.local/lib/python3.12/site-packages/airflow/example_dags/example_local_kubernetes_executor.py took 0.176 seconds
[2025-11-09T21:48:07.728+0000] {processor.py:186} INFO - Started process (PID=5083) to work on /home/airflow/.local/lib/python3.12/site-packages/airflow/example_dags/example_local_kubernetes_executor.py
[2025-11-09T21:48:07.730+0000] {processor.py:914} INFO - Processing file /home/airflow/.local/lib/python3.12/site-packages/airflow/example_dags/example_local_kubernetes_executor.py for tasks to queue
[2025-11-09T21:48:07.737+0000] {logging_mixin.py:190} INFO - [2025-11-09T21:48:07.736+0000] {dagbag.py:588} INFO - Filling up the DagBag from /home/airflow/.local/lib/python3.12/site-packages/airflow/example_dags/example_local_kubernetes_executor.py
[2025-11-09T21:48:07.759+0000] {processor.py:925} INFO - DAG(s) 'example_local_kubernetes_executor' retrieved from /home/airflow/.local/lib/python3.12/site-packages/airflow/example_dags/example_local_kubernetes_executor.py
[2025-11-09T21:48:07.820+0000] {logging_mixin.py:190} INFO - [2025-11-09T21:48:07.820+0000] {dag.py:3239} INFO - Sync 1 DAGs
[2025-11-09T21:48:07.858+0000] {logging_mixin.py:190} INFO - [2025-11-09T21:48:07.858+0000] {dag.py:4180} INFO - Setting next_dagrun for example_local_kubernetes_executor to None, run_after=None
[2025-11-09T21:48:07.896+0000] {processor.py:208} INFO - Processing /home/airflow/.local/lib/python3.12/site-packages/airflow/example_dags/example_local_kubernetes_executor.py took 0.184 seconds
[2025-11-09T21:48:38.658+0000] {processor.py:186} INFO - Started process (PID=5147) to work on /home/airflow/.local/lib/python3.12/site-packages/airflow/example_dags/example_local_kubernetes_executor.py
[2025-11-09T21:48:38.666+0000] {processor.py:914} INFO - Processing file /home/airflow/.local/lib/python3.12/site-packages/airflow/example_dags/example_local_kubernetes_executor.py for tasks to queue
[2025-11-09T21:48:38.688+0000] {logging_mixin.py:190} INFO - [2025-11-09T21:48:38.684+0000] {dagbag.py:588} INFO - Filling up the DagBag from /home/airflow/.local/lib/python3.12/site-packages/airflow/example_dags/example_local_kubernetes_executor.py
[2025-11-09T21:48:38.736+0000] {processor.py:925} INFO - DAG(s) 'example_local_kubernetes_executor' retrieved from /home/airflow/.local/lib/python3.12/site-packages/airflow/example_dags/example_local_kubernetes_executor.py
[2025-11-09T21:48:38.858+0000] {logging_mixin.py:190} INFO - [2025-11-09T21:48:38.858+0000] {dag.py:3239} INFO - Sync 1 DAGs
[2025-11-09T21:48:38.896+0000] {logging_mixin.py:190} INFO - [2025-11-09T21:48:38.895+0000] {dag.py:4180} INFO - Setting next_dagrun for example_local_kubernetes_executor to None, run_after=None
[2025-11-09T21:48:38.972+0000] {processor.py:208} INFO - Processing /home/airflow/.local/lib/python3.12/site-packages/airflow/example_dags/example_local_kubernetes_executor.py took 0.346 seconds
[2025-11-09T21:49:09.440+0000] {processor.py:186} INFO - Started process (PID=5212) to work on /home/airflow/.local/lib/python3.12/site-packages/airflow/example_dags/example_local_kubernetes_executor.py
[2025-11-09T21:49:09.442+0000] {processor.py:914} INFO - Processing file /home/airflow/.local/lib/python3.12/site-packages/airflow/example_dags/example_local_kubernetes_executor.py for tasks to queue
[2025-11-09T21:49:09.449+0000] {logging_mixin.py:190} INFO - [2025-11-09T21:49:09.448+0000] {dagbag.py:588} INFO - Filling up the DagBag from /home/airflow/.local/lib/python3.12/site-packages/airflow/example_dags/example_local_kubernetes_executor.py
[2025-11-09T21:49:09.466+0000] {processor.py:925} INFO - DAG(s) 'example_local_kubernetes_executor' retrieved from /home/airflow/.local/lib/python3.12/site-packages/airflow/example_dags/example_local_kubernetes_executor.py
[2025-11-09T21:49:09.521+0000] {logging_mixin.py:190} INFO - [2025-11-09T21:49:09.520+0000] {dag.py:3239} INFO - Sync 1 DAGs
[2025-11-09T21:49:09.545+0000] {logging_mixin.py:190} INFO - [2025-11-09T21:49:09.545+0000] {dag.py:4180} INFO - Setting next_dagrun for example_local_kubernetes_executor to None, run_after=None
[2025-11-09T21:49:09.575+0000] {processor.py:208} INFO - Processing /home/airflow/.local/lib/python3.12/site-packages/airflow/example_dags/example_local_kubernetes_executor.py took 0.146 seconds
[2025-11-09T21:49:39.825+0000] {processor.py:186} INFO - Started process (PID=5277) to work on /home/airflow/.local/lib/python3.12/site-packages/airflow/example_dags/example_local_kubernetes_executor.py
[2025-11-09T21:49:39.828+0000] {processor.py:914} INFO - Processing file /home/airflow/.local/lib/python3.12/site-packages/airflow/example_dags/example_local_kubernetes_executor.py for tasks to queue
[2025-11-09T21:49:39.837+0000] {logging_mixin.py:190} INFO - [2025-11-09T21:49:39.836+0000] {dagbag.py:588} INFO - Filling up the DagBag from /home/airflow/.local/lib/python3.12/site-packages/airflow/example_dags/example_local_kubernetes_executor.py
[2025-11-09T21:49:39.873+0000] {processor.py:925} INFO - DAG(s) 'example_local_kubernetes_executor' retrieved from /home/airflow/.local/lib/python3.12/site-packages/airflow/example_dags/example_local_kubernetes_executor.py
[2025-11-09T21:49:39.967+0000] {logging_mixin.py:190} INFO - [2025-11-09T21:49:39.967+0000] {dag.py:3239} INFO - Sync 1 DAGs
[2025-11-09T21:49:40.000+0000] {logging_mixin.py:190} INFO - [2025-11-09T21:49:39.999+0000] {dag.py:4180} INFO - Setting next_dagrun for example_local_kubernetes_executor to None, run_after=None
[2025-11-09T21:49:40.038+0000] {processor.py:208} INFO - Processing /home/airflow/.local/lib/python3.12/site-packages/airflow/example_dags/example_local_kubernetes_executor.py took 0.231 seconds
[2025-11-09T21:50:10.616+0000] {processor.py:186} INFO - Started process (PID=5340) to work on /home/airflow/.local/lib/python3.12/site-packages/airflow/example_dags/example_local_kubernetes_executor.py
[2025-11-09T21:50:10.619+0000] {processor.py:914} INFO - Processing file /home/airflow/.local/lib/python3.12/site-packages/airflow/example_dags/example_local_kubernetes_executor.py for tasks to queue
[2025-11-09T21:50:10.626+0000] {logging_mixin.py:190} INFO - [2025-11-09T21:50:10.625+0000] {dagbag.py:588} INFO - Filling up the DagBag from /home/airflow/.local/lib/python3.12/site-packages/airflow/example_dags/example_local_kubernetes_executor.py
[2025-11-09T21:50:10.651+0000] {processor.py:925} INFO - DAG(s) 'example_local_kubernetes_executor' retrieved from /home/airflow/.local/lib/python3.12/site-packages/airflow/example_dags/example_local_kubernetes_executor.py
[2025-11-09T21:50:10.741+0000] {logging_mixin.py:190} INFO - [2025-11-09T21:50:10.740+0000] {dag.py:3239} INFO - Sync 1 DAGs
[2025-11-09T21:50:10.778+0000] {logging_mixin.py:190} INFO - [2025-11-09T21:50:10.778+0000] {dag.py:4180} INFO - Setting next_dagrun for example_local_kubernetes_executor to None, run_after=None
[2025-11-09T21:50:10.827+0000] {processor.py:208} INFO - Processing /home/airflow/.local/lib/python3.12/site-packages/airflow/example_dags/example_local_kubernetes_executor.py took 0.228 seconds
[2025-11-09T21:50:41.631+0000] {processor.py:186} INFO - Started process (PID=5404) to work on /home/airflow/.local/lib/python3.12/site-packages/airflow/example_dags/example_local_kubernetes_executor.py
[2025-11-09T21:50:41.634+0000] {processor.py:914} INFO - Processing file /home/airflow/.local/lib/python3.12/site-packages/airflow/example_dags/example_local_kubernetes_executor.py for tasks to queue
[2025-11-09T21:50:41.639+0000] {logging_mixin.py:190} INFO - [2025-11-09T21:50:41.638+0000] {dagbag.py:588} INFO - Filling up the DagBag from /home/airflow/.local/lib/python3.12/site-packages/airflow/example_dags/example_local_kubernetes_executor.py
[2025-11-09T21:50:41.667+0000] {processor.py:925} INFO - DAG(s) 'example_local_kubernetes_executor' retrieved from /home/airflow/.local/lib/python3.12/site-packages/airflow/example_dags/example_local_kubernetes_executor.py
[2025-11-09T21:50:41.747+0000] {logging_mixin.py:190} INFO - [2025-11-09T21:50:41.747+0000] {dag.py:3239} INFO - Sync 1 DAGs
[2025-11-09T21:50:41.785+0000] {logging_mixin.py:190} INFO - [2025-11-09T21:50:41.784+0000] {dag.py:4180} INFO - Setting next_dagrun for example_local_kubernetes_executor to None, run_after=None
[2025-11-09T21:50:41.825+0000] {processor.py:208} INFO - Processing /home/airflow/.local/lib/python3.12/site-packages/airflow/example_dags/example_local_kubernetes_executor.py took 0.210 seconds
[2025-11-09T21:51:12.211+0000] {processor.py:186} INFO - Started process (PID=5468) to work on /home/airflow/.local/lib/python3.12/site-packages/airflow/example_dags/example_local_kubernetes_executor.py
[2025-11-09T21:51:12.214+0000] {processor.py:914} INFO - Processing file /home/airflow/.local/lib/python3.12/site-packages/airflow/example_dags/example_local_kubernetes_executor.py for tasks to queue
[2025-11-09T21:51:12.221+0000] {logging_mixin.py:190} INFO - [2025-11-09T21:51:12.220+0000] {dagbag.py:588} INFO - Filling up the DagBag from /home/airflow/.local/lib/python3.12/site-packages/airflow/example_dags/example_local_kubernetes_executor.py
[2025-11-09T21:51:12.246+0000] {processor.py:925} INFO - DAG(s) 'example_local_kubernetes_executor' retrieved from /home/airflow/.local/lib/python3.12/site-packages/airflow/example_dags/example_local_kubernetes_executor.py
[2025-11-09T21:51:12.319+0000] {logging_mixin.py:190} INFO - [2025-11-09T21:51:12.319+0000] {dag.py:3239} INFO - Sync 1 DAGs
[2025-11-09T21:51:12.347+0000] {logging_mixin.py:190} INFO - [2025-11-09T21:51:12.347+0000] {dag.py:4180} INFO - Setting next_dagrun for example_local_kubernetes_executor to None, run_after=None
[2025-11-09T21:51:12.381+0000] {processor.py:208} INFO - Processing /home/airflow/.local/lib/python3.12/site-packages/airflow/example_dags/example_local_kubernetes_executor.py took 0.187 seconds
[2025-11-09T21:51:42.869+0000] {processor.py:186} INFO - Started process (PID=5531) to work on /home/airflow/.local/lib/python3.12/site-packages/airflow/example_dags/example_local_kubernetes_executor.py
[2025-11-09T21:51:42.872+0000] {processor.py:914} INFO - Processing file /home/airflow/.local/lib/python3.12/site-packages/airflow/example_dags/example_local_kubernetes_executor.py for tasks to queue
[2025-11-09T21:51:42.880+0000] {logging_mixin.py:190} INFO - [2025-11-09T21:51:42.879+0000] {dagbag.py:588} INFO - Filling up the DagBag from /home/airflow/.local/lib/python3.12/site-packages/airflow/example_dags/example_local_kubernetes_executor.py
[2025-11-09T21:51:42.898+0000] {processor.py:925} INFO - DAG(s) 'example_local_kubernetes_executor' retrieved from /home/airflow/.local/lib/python3.12/site-packages/airflow/example_dags/example_local_kubernetes_executor.py
[2025-11-09T21:51:42.966+0000] {logging_mixin.py:190} INFO - [2025-11-09T21:51:42.965+0000] {dag.py:3239} INFO - Sync 1 DAGs
[2025-11-09T21:51:42.992+0000] {logging_mixin.py:190} INFO - [2025-11-09T21:51:42.992+0000] {dag.py:4180} INFO - Setting next_dagrun for example_local_kubernetes_executor to None, run_after=None
[2025-11-09T21:51:43.025+0000] {processor.py:208} INFO - Processing /home/airflow/.local/lib/python3.12/site-packages/airflow/example_dags/example_local_kubernetes_executor.py took 0.172 seconds
[2025-11-09T21:52:13.410+0000] {processor.py:186} INFO - Started process (PID=5595) to work on /home/airflow/.local/lib/python3.12/site-packages/airflow/example_dags/example_local_kubernetes_executor.py
[2025-11-09T21:52:13.412+0000] {processor.py:914} INFO - Processing file /home/airflow/.local/lib/python3.12/site-packages/airflow/example_dags/example_local_kubernetes_executor.py for tasks to queue
[2025-11-09T21:52:13.419+0000] {logging_mixin.py:190} INFO - [2025-11-09T21:52:13.418+0000] {dagbag.py:588} INFO - Filling up the DagBag from /home/airflow/.local/lib/python3.12/site-packages/airflow/example_dags/example_local_kubernetes_executor.py
[2025-11-09T21:52:13.440+0000] {processor.py:925} INFO - DAG(s) 'example_local_kubernetes_executor' retrieved from /home/airflow/.local/lib/python3.12/site-packages/airflow/example_dags/example_local_kubernetes_executor.py
[2025-11-09T21:52:13.542+0000] {logging_mixin.py:190} INFO - [2025-11-09T21:52:13.541+0000] {dag.py:3239} INFO - Sync 1 DAGs
[2025-11-09T21:52:13.579+0000] {logging_mixin.py:190} INFO - [2025-11-09T21:52:13.579+0000] {dag.py:4180} INFO - Setting next_dagrun for example_local_kubernetes_executor to None, run_after=None
[2025-11-09T21:52:13.626+0000] {processor.py:208} INFO - Processing /home/airflow/.local/lib/python3.12/site-packages/airflow/example_dags/example_local_kubernetes_executor.py took 0.230 seconds
[2025-11-09T21:52:43.933+0000] {processor.py:186} INFO - Started process (PID=5659) to work on /home/airflow/.local/lib/python3.12/site-packages/airflow/example_dags/example_local_kubernetes_executor.py
[2025-11-09T21:52:43.935+0000] {processor.py:914} INFO - Processing file /home/airflow/.local/lib/python3.12/site-packages/airflow/example_dags/example_local_kubernetes_executor.py for tasks to queue
[2025-11-09T21:52:43.941+0000] {logging_mixin.py:190} INFO - [2025-11-09T21:52:43.940+0000] {dagbag.py:588} INFO - Filling up the DagBag from /home/airflow/.local/lib/python3.12/site-packages/airflow/example_dags/example_local_kubernetes_executor.py
[2025-11-09T21:52:43.964+0000] {processor.py:925} INFO - DAG(s) 'example_local_kubernetes_executor' retrieved from /home/airflow/.local/lib/python3.12/site-packages/airflow/example_dags/example_local_kubernetes_executor.py
[2025-11-09T21:52:44.022+0000] {logging_mixin.py:190} INFO - [2025-11-09T21:52:44.022+0000] {dag.py:3239} INFO - Sync 1 DAGs
[2025-11-09T21:52:44.046+0000] {logging_mixin.py:190} INFO - [2025-11-09T21:52:44.046+0000] {dag.py:4180} INFO - Setting next_dagrun for example_local_kubernetes_executor to None, run_after=None
[2025-11-09T21:52:44.080+0000] {processor.py:208} INFO - Processing /home/airflow/.local/lib/python3.12/site-packages/airflow/example_dags/example_local_kubernetes_executor.py took 0.158 seconds
[2025-11-09T21:53:15.013+0000] {processor.py:186} INFO - Started process (PID=5722) to work on /home/airflow/.local/lib/python3.12/site-packages/airflow/example_dags/example_local_kubernetes_executor.py
[2025-11-09T21:53:15.017+0000] {processor.py:914} INFO - Processing file /home/airflow/.local/lib/python3.12/site-packages/airflow/example_dags/example_local_kubernetes_executor.py for tasks to queue
[2025-11-09T21:53:15.026+0000] {logging_mixin.py:190} INFO - [2025-11-09T21:53:15.025+0000] {dagbag.py:588} INFO - Filling up the DagBag from /home/airflow/.local/lib/python3.12/site-packages/airflow/example_dags/example_local_kubernetes_executor.py
[2025-11-09T21:53:15.074+0000] {processor.py:925} INFO - DAG(s) 'example_local_kubernetes_executor' retrieved from /home/airflow/.local/lib/python3.12/site-packages/airflow/example_dags/example_local_kubernetes_executor.py
[2025-11-09T21:53:15.218+0000] {logging_mixin.py:190} INFO - [2025-11-09T21:53:15.217+0000] {dag.py:3239} INFO - Sync 1 DAGs
[2025-11-09T21:53:15.278+0000] {logging_mixin.py:190} INFO - [2025-11-09T21:53:15.277+0000] {dag.py:4180} INFO - Setting next_dagrun for example_local_kubernetes_executor to None, run_after=None
[2025-11-09T21:53:15.343+0000] {processor.py:208} INFO - Processing /home/airflow/.local/lib/python3.12/site-packages/airflow/example_dags/example_local_kubernetes_executor.py took 0.358 seconds
[2025-11-09T21:53:46.574+0000] {processor.py:186} INFO - Started process (PID=5780) to work on /home/airflow/.local/lib/python3.12/site-packages/airflow/example_dags/example_local_kubernetes_executor.py
[2025-11-09T21:53:46.577+0000] {processor.py:914} INFO - Processing file /home/airflow/.local/lib/python3.12/site-packages/airflow/example_dags/example_local_kubernetes_executor.py for tasks to queue
[2025-11-09T21:53:46.586+0000] {logging_mixin.py:190} INFO - [2025-11-09T21:53:46.584+0000] {dagbag.py:588} INFO - Filling up the DagBag from /home/airflow/.local/lib/python3.12/site-packages/airflow/example_dags/example_local_kubernetes_executor.py
[2025-11-09T21:53:46.626+0000] {processor.py:925} INFO - DAG(s) 'example_local_kubernetes_executor' retrieved from /home/airflow/.local/lib/python3.12/site-packages/airflow/example_dags/example_local_kubernetes_executor.py
[2025-11-09T21:53:46.759+0000] {logging_mixin.py:190} INFO - [2025-11-09T21:53:46.758+0000] {dag.py:3239} INFO - Sync 1 DAGs
[2025-11-09T21:53:46.819+0000] {logging_mixin.py:190} INFO - [2025-11-09T21:53:46.818+0000] {dag.py:4180} INFO - Setting next_dagrun for example_local_kubernetes_executor to None, run_after=None
[2025-11-09T21:53:46.894+0000] {processor.py:208} INFO - Processing /home/airflow/.local/lib/python3.12/site-packages/airflow/example_dags/example_local_kubernetes_executor.py took 0.344 seconds
[2025-11-09T21:54:17.339+0000] {processor.py:186} INFO - Started process (PID=5843) to work on /home/airflow/.local/lib/python3.12/site-packages/airflow/example_dags/example_local_kubernetes_executor.py
[2025-11-09T21:54:17.341+0000] {processor.py:914} INFO - Processing file /home/airflow/.local/lib/python3.12/site-packages/airflow/example_dags/example_local_kubernetes_executor.py for tasks to queue
[2025-11-09T21:54:17.345+0000] {logging_mixin.py:190} INFO - [2025-11-09T21:54:17.344+0000] {dagbag.py:588} INFO - Filling up the DagBag from /home/airflow/.local/lib/python3.12/site-packages/airflow/example_dags/example_local_kubernetes_executor.py
[2025-11-09T21:54:17.363+0000] {processor.py:925} INFO - DAG(s) 'example_local_kubernetes_executor' retrieved from /home/airflow/.local/lib/python3.12/site-packages/airflow/example_dags/example_local_kubernetes_executor.py
[2025-11-09T21:54:17.414+0000] {logging_mixin.py:190} INFO - [2025-11-09T21:54:17.413+0000] {dag.py:3239} INFO - Sync 1 DAGs
[2025-11-09T21:54:17.440+0000] {logging_mixin.py:190} INFO - [2025-11-09T21:54:17.440+0000] {dag.py:4180} INFO - Setting next_dagrun for example_local_kubernetes_executor to None, run_after=None
[2025-11-09T21:54:17.475+0000] {processor.py:208} INFO - Processing /home/airflow/.local/lib/python3.12/site-packages/airflow/example_dags/example_local_kubernetes_executor.py took 0.146 seconds
[2025-11-09T21:54:47.935+0000] {processor.py:186} INFO - Started process (PID=5907) to work on /home/airflow/.local/lib/python3.12/site-packages/airflow/example_dags/example_local_kubernetes_executor.py
[2025-11-09T21:54:47.938+0000] {processor.py:914} INFO - Processing file /home/airflow/.local/lib/python3.12/site-packages/airflow/example_dags/example_local_kubernetes_executor.py for tasks to queue
[2025-11-09T21:54:47.943+0000] {logging_mixin.py:190} INFO - [2025-11-09T21:54:47.943+0000] {dagbag.py:588} INFO - Filling up the DagBag from /home/airflow/.local/lib/python3.12/site-packages/airflow/example_dags/example_local_kubernetes_executor.py
[2025-11-09T21:54:47.964+0000] {processor.py:925} INFO - DAG(s) 'example_local_kubernetes_executor' retrieved from /home/airflow/.local/lib/python3.12/site-packages/airflow/example_dags/example_local_kubernetes_executor.py
[2025-11-09T21:54:48.027+0000] {logging_mixin.py:190} INFO - [2025-11-09T21:54:48.027+0000] {dag.py:3239} INFO - Sync 1 DAGs
[2025-11-09T21:54:48.053+0000] {logging_mixin.py:190} INFO - [2025-11-09T21:54:48.053+0000] {dag.py:4180} INFO - Setting next_dagrun for example_local_kubernetes_executor to None, run_after=None
[2025-11-09T21:54:48.084+0000] {processor.py:208} INFO - Processing /home/airflow/.local/lib/python3.12/site-packages/airflow/example_dags/example_local_kubernetes_executor.py took 0.161 seconds
[2025-11-09T21:55:19.857+0000] {processor.py:186} INFO - Started process (PID=5969) to work on /home/airflow/.local/lib/python3.12/site-packages/airflow/example_dags/example_local_kubernetes_executor.py
[2025-11-09T21:55:19.862+0000] {processor.py:914} INFO - Processing file /home/airflow/.local/lib/python3.12/site-packages/airflow/example_dags/example_local_kubernetes_executor.py for tasks to queue
[2025-11-09T21:55:19.873+0000] {logging_mixin.py:190} INFO - [2025-11-09T21:55:19.872+0000] {dagbag.py:588} INFO - Filling up the DagBag from /home/airflow/.local/lib/python3.12/site-packages/airflow/example_dags/example_local_kubernetes_executor.py
[2025-11-09T21:55:19.927+0000] {processor.py:925} INFO - DAG(s) 'example_local_kubernetes_executor' retrieved from /home/airflow/.local/lib/python3.12/site-packages/airflow/example_dags/example_local_kubernetes_executor.py
[2025-11-09T21:55:20.062+0000] {logging_mixin.py:190} INFO - [2025-11-09T21:55:20.061+0000] {dag.py:3239} INFO - Sync 1 DAGs
[2025-11-09T21:55:20.113+0000] {logging_mixin.py:190} INFO - [2025-11-09T21:55:20.112+0000] {dag.py:4180} INFO - Setting next_dagrun for example_local_kubernetes_executor to None, run_after=None
[2025-11-09T21:55:20.189+0000] {processor.py:208} INFO - Processing /home/airflow/.local/lib/python3.12/site-packages/airflow/example_dags/example_local_kubernetes_executor.py took 0.371 seconds
[2025-11-09T21:55:50.551+0000] {processor.py:186} INFO - Started process (PID=6032) to work on /home/airflow/.local/lib/python3.12/site-packages/airflow/example_dags/example_local_kubernetes_executor.py
[2025-11-09T21:55:50.555+0000] {processor.py:914} INFO - Processing file /home/airflow/.local/lib/python3.12/site-packages/airflow/example_dags/example_local_kubernetes_executor.py for tasks to queue
[2025-11-09T21:55:50.563+0000] {logging_mixin.py:190} INFO - [2025-11-09T21:55:50.562+0000] {dagbag.py:588} INFO - Filling up the DagBag from /home/airflow/.local/lib/python3.12/site-packages/airflow/example_dags/example_local_kubernetes_executor.py
[2025-11-09T21:55:50.593+0000] {processor.py:925} INFO - DAG(s) 'example_local_kubernetes_executor' retrieved from /home/airflow/.local/lib/python3.12/site-packages/airflow/example_dags/example_local_kubernetes_executor.py
[2025-11-09T21:55:50.684+0000] {logging_mixin.py:190} INFO - [2025-11-09T21:55:50.683+0000] {dag.py:3239} INFO - Sync 1 DAGs
[2025-11-09T21:55:50.723+0000] {logging_mixin.py:190} INFO - [2025-11-09T21:55:50.723+0000] {dag.py:4180} INFO - Setting next_dagrun for example_local_kubernetes_executor to None, run_after=None
[2025-11-09T21:55:50.784+0000] {processor.py:208} INFO - Processing /home/airflow/.local/lib/python3.12/site-packages/airflow/example_dags/example_local_kubernetes_executor.py took 0.254 seconds
[2025-11-09T21:56:20.912+0000] {processor.py:186} INFO - Started process (PID=6096) to work on /home/airflow/.local/lib/python3.12/site-packages/airflow/example_dags/example_local_kubernetes_executor.py
[2025-11-09T21:56:20.914+0000] {processor.py:914} INFO - Processing file /home/airflow/.local/lib/python3.12/site-packages/airflow/example_dags/example_local_kubernetes_executor.py for tasks to queue
[2025-11-09T21:56:20.918+0000] {logging_mixin.py:190} INFO - [2025-11-09T21:56:20.918+0000] {dagbag.py:588} INFO - Filling up the DagBag from /home/airflow/.local/lib/python3.12/site-packages/airflow/example_dags/example_local_kubernetes_executor.py
[2025-11-09T21:56:20.939+0000] {processor.py:925} INFO - DAG(s) 'example_local_kubernetes_executor' retrieved from /home/airflow/.local/lib/python3.12/site-packages/airflow/example_dags/example_local_kubernetes_executor.py
[2025-11-09T21:56:21.006+0000] {logging_mixin.py:190} INFO - [2025-11-09T21:56:21.006+0000] {dag.py:3239} INFO - Sync 1 DAGs
[2025-11-09T21:56:21.033+0000] {logging_mixin.py:190} INFO - [2025-11-09T21:56:21.033+0000] {dag.py:4180} INFO - Setting next_dagrun for example_local_kubernetes_executor to None, run_after=None
[2025-11-09T21:56:21.076+0000] {processor.py:208} INFO - Processing /home/airflow/.local/lib/python3.12/site-packages/airflow/example_dags/example_local_kubernetes_executor.py took 0.175 seconds
[2025-11-09T21:56:51.218+0000] {processor.py:186} INFO - Started process (PID=6158) to work on /home/airflow/.local/lib/python3.12/site-packages/airflow/example_dags/example_local_kubernetes_executor.py
[2025-11-09T21:56:51.220+0000] {processor.py:914} INFO - Processing file /home/airflow/.local/lib/python3.12/site-packages/airflow/example_dags/example_local_kubernetes_executor.py for tasks to queue
[2025-11-09T21:56:51.224+0000] {logging_mixin.py:190} INFO - [2025-11-09T21:56:51.224+0000] {dagbag.py:588} INFO - Filling up the DagBag from /home/airflow/.local/lib/python3.12/site-packages/airflow/example_dags/example_local_kubernetes_executor.py
[2025-11-09T21:56:51.240+0000] {processor.py:925} INFO - DAG(s) 'example_local_kubernetes_executor' retrieved from /home/airflow/.local/lib/python3.12/site-packages/airflow/example_dags/example_local_kubernetes_executor.py
[2025-11-09T21:56:51.294+0000] {logging_mixin.py:190} INFO - [2025-11-09T21:56:51.293+0000] {dag.py:3239} INFO - Sync 1 DAGs
[2025-11-09T21:56:51.316+0000] {logging_mixin.py:190} INFO - [2025-11-09T21:56:51.316+0000] {dag.py:4180} INFO - Setting next_dagrun for example_local_kubernetes_executor to None, run_after=None
[2025-11-09T21:56:51.346+0000] {processor.py:208} INFO - Processing /home/airflow/.local/lib/python3.12/site-packages/airflow/example_dags/example_local_kubernetes_executor.py took 0.137 seconds
[2025-11-09T21:57:21.534+0000] {processor.py:186} INFO - Started process (PID=6222) to work on /home/airflow/.local/lib/python3.12/site-packages/airflow/example_dags/example_local_kubernetes_executor.py
[2025-11-09T21:57:21.536+0000] {processor.py:914} INFO - Processing file /home/airflow/.local/lib/python3.12/site-packages/airflow/example_dags/example_local_kubernetes_executor.py for tasks to queue
[2025-11-09T21:57:21.541+0000] {logging_mixin.py:190} INFO - [2025-11-09T21:57:21.540+0000] {dagbag.py:588} INFO - Filling up the DagBag from /home/airflow/.local/lib/python3.12/site-packages/airflow/example_dags/example_local_kubernetes_executor.py
[2025-11-09T21:57:21.560+0000] {processor.py:925} INFO - DAG(s) 'example_local_kubernetes_executor' retrieved from /home/airflow/.local/lib/python3.12/site-packages/airflow/example_dags/example_local_kubernetes_executor.py
[2025-11-09T21:57:21.617+0000] {logging_mixin.py:190} INFO - [2025-11-09T21:57:21.617+0000] {dag.py:3239} INFO - Sync 1 DAGs
[2025-11-09T21:57:21.643+0000] {logging_mixin.py:190} INFO - [2025-11-09T21:57:21.643+0000] {dag.py:4180} INFO - Setting next_dagrun for example_local_kubernetes_executor to None, run_after=None
[2025-11-09T21:57:21.679+0000] {processor.py:208} INFO - Processing /home/airflow/.local/lib/python3.12/site-packages/airflow/example_dags/example_local_kubernetes_executor.py took 0.154 seconds
[2025-11-09T21:57:52.089+0000] {processor.py:186} INFO - Started process (PID=6285) to work on /home/airflow/.local/lib/python3.12/site-packages/airflow/example_dags/example_local_kubernetes_executor.py
[2025-11-09T21:57:52.091+0000] {processor.py:914} INFO - Processing file /home/airflow/.local/lib/python3.12/site-packages/airflow/example_dags/example_local_kubernetes_executor.py for tasks to queue
[2025-11-09T21:57:52.096+0000] {logging_mixin.py:190} INFO - [2025-11-09T21:57:52.095+0000] {dagbag.py:588} INFO - Filling up the DagBag from /home/airflow/.local/lib/python3.12/site-packages/airflow/example_dags/example_local_kubernetes_executor.py
[2025-11-09T21:57:52.113+0000] {processor.py:925} INFO - DAG(s) 'example_local_kubernetes_executor' retrieved from /home/airflow/.local/lib/python3.12/site-packages/airflow/example_dags/example_local_kubernetes_executor.py
[2025-11-09T21:57:52.170+0000] {logging_mixin.py:190} INFO - [2025-11-09T21:57:52.170+0000] {dag.py:3239} INFO - Sync 1 DAGs
[2025-11-09T21:57:52.194+0000] {logging_mixin.py:190} INFO - [2025-11-09T21:57:52.193+0000] {dag.py:4180} INFO - Setting next_dagrun for example_local_kubernetes_executor to None, run_after=None
[2025-11-09T21:57:52.225+0000] {processor.py:208} INFO - Processing /home/airflow/.local/lib/python3.12/site-packages/airflow/example_dags/example_local_kubernetes_executor.py took 0.145 seconds
[2025-11-09T21:58:22.611+0000] {processor.py:186} INFO - Started process (PID=6349) to work on /home/airflow/.local/lib/python3.12/site-packages/airflow/example_dags/example_local_kubernetes_executor.py
[2025-11-09T21:58:22.613+0000] {processor.py:914} INFO - Processing file /home/airflow/.local/lib/python3.12/site-packages/airflow/example_dags/example_local_kubernetes_executor.py for tasks to queue
[2025-11-09T21:58:22.620+0000] {logging_mixin.py:190} INFO - [2025-11-09T21:58:22.619+0000] {dagbag.py:588} INFO - Filling up the DagBag from /home/airflow/.local/lib/python3.12/site-packages/airflow/example_dags/example_local_kubernetes_executor.py
[2025-11-09T21:58:22.650+0000] {processor.py:925} INFO - DAG(s) 'example_local_kubernetes_executor' retrieved from /home/airflow/.local/lib/python3.12/site-packages/airflow/example_dags/example_local_kubernetes_executor.py
[2025-11-09T21:58:22.746+0000] {logging_mixin.py:190} INFO - [2025-11-09T21:58:22.745+0000] {dag.py:3239} INFO - Sync 1 DAGs
[2025-11-09T21:58:22.783+0000] {logging_mixin.py:190} INFO - [2025-11-09T21:58:22.782+0000] {dag.py:4180} INFO - Setting next_dagrun for example_local_kubernetes_executor to None, run_after=None
[2025-11-09T21:58:22.830+0000] {processor.py:208} INFO - Processing /home/airflow/.local/lib/python3.12/site-packages/airflow/example_dags/example_local_kubernetes_executor.py took 0.234 seconds
[2025-11-09T21:58:53.459+0000] {processor.py:186} INFO - Started process (PID=6413) to work on /home/airflow/.local/lib/python3.12/site-packages/airflow/example_dags/example_local_kubernetes_executor.py
[2025-11-09T21:58:53.461+0000] {processor.py:914} INFO - Processing file /home/airflow/.local/lib/python3.12/site-packages/airflow/example_dags/example_local_kubernetes_executor.py for tasks to queue
[2025-11-09T21:58:53.466+0000] {logging_mixin.py:190} INFO - [2025-11-09T21:58:53.465+0000] {dagbag.py:588} INFO - Filling up the DagBag from /home/airflow/.local/lib/python3.12/site-packages/airflow/example_dags/example_local_kubernetes_executor.py
[2025-11-09T21:58:53.493+0000] {processor.py:925} INFO - DAG(s) 'example_local_kubernetes_executor' retrieved from /home/airflow/.local/lib/python3.12/site-packages/airflow/example_dags/example_local_kubernetes_executor.py
[2025-11-09T21:58:53.581+0000] {logging_mixin.py:190} INFO - [2025-11-09T21:58:53.581+0000] {dag.py:3239} INFO - Sync 1 DAGs
[2025-11-09T21:58:53.612+0000] {logging_mixin.py:190} INFO - [2025-11-09T21:58:53.612+0000] {dag.py:4180} INFO - Setting next_dagrun for example_local_kubernetes_executor to None, run_after=None
[2025-11-09T21:58:53.652+0000] {processor.py:208} INFO - Processing /home/airflow/.local/lib/python3.12/site-packages/airflow/example_dags/example_local_kubernetes_executor.py took 0.204 seconds
[2025-11-09T21:59:24.131+0000] {processor.py:186} INFO - Started process (PID=6477) to work on /home/airflow/.local/lib/python3.12/site-packages/airflow/example_dags/example_local_kubernetes_executor.py
[2025-11-09T21:59:24.133+0000] {processor.py:914} INFO - Processing file /home/airflow/.local/lib/python3.12/site-packages/airflow/example_dags/example_local_kubernetes_executor.py for tasks to queue
[2025-11-09T21:59:24.138+0000] {logging_mixin.py:190} INFO - [2025-11-09T21:59:24.137+0000] {dagbag.py:588} INFO - Filling up the DagBag from /home/airflow/.local/lib/python3.12/site-packages/airflow/example_dags/example_local_kubernetes_executor.py
[2025-11-09T21:59:24.156+0000] {processor.py:925} INFO - DAG(s) 'example_local_kubernetes_executor' retrieved from /home/airflow/.local/lib/python3.12/site-packages/airflow/example_dags/example_local_kubernetes_executor.py
[2025-11-09T21:59:24.206+0000] {logging_mixin.py:190} INFO - [2025-11-09T21:59:24.206+0000] {dag.py:3239} INFO - Sync 1 DAGs
[2025-11-09T21:59:24.229+0000] {logging_mixin.py:190} INFO - [2025-11-09T21:59:24.229+0000] {dag.py:4180} INFO - Setting next_dagrun for example_local_kubernetes_executor to None, run_after=None
[2025-11-09T21:59:24.263+0000] {processor.py:208} INFO - Processing /home/airflow/.local/lib/python3.12/site-packages/airflow/example_dags/example_local_kubernetes_executor.py took 0.145 seconds
[2025-11-09T21:59:54.883+0000] {processor.py:186} INFO - Started process (PID=6541) to work on /home/airflow/.local/lib/python3.12/site-packages/airflow/example_dags/example_local_kubernetes_executor.py
[2025-11-09T21:59:54.885+0000] {processor.py:914} INFO - Processing file /home/airflow/.local/lib/python3.12/site-packages/airflow/example_dags/example_local_kubernetes_executor.py for tasks to queue
[2025-11-09T21:59:54.889+0000] {logging_mixin.py:190} INFO - [2025-11-09T21:59:54.888+0000] {dagbag.py:588} INFO - Filling up the DagBag from /home/airflow/.local/lib/python3.12/site-packages/airflow/example_dags/example_local_kubernetes_executor.py
[2025-11-09T21:59:54.919+0000] {processor.py:925} INFO - DAG(s) 'example_local_kubernetes_executor' retrieved from /home/airflow/.local/lib/python3.12/site-packages/airflow/example_dags/example_local_kubernetes_executor.py
[2025-11-09T21:59:55.004+0000] {logging_mixin.py:190} INFO - [2025-11-09T21:59:55.004+0000] {dag.py:3239} INFO - Sync 1 DAGs
[2025-11-09T21:59:55.044+0000] {logging_mixin.py:190} INFO - [2025-11-09T21:59:55.044+0000] {dag.py:4180} INFO - Setting next_dagrun for example_local_kubernetes_executor to None, run_after=None
[2025-11-09T21:59:55.083+0000] {processor.py:208} INFO - Processing /home/airflow/.local/lib/python3.12/site-packages/airflow/example_dags/example_local_kubernetes_executor.py took 0.209 seconds
[2025-11-09T22:00:25.495+0000] {processor.py:186} INFO - Started process (PID=6606) to work on /home/airflow/.local/lib/python3.12/site-packages/airflow/example_dags/example_local_kubernetes_executor.py
[2025-11-09T22:00:25.497+0000] {processor.py:914} INFO - Processing file /home/airflow/.local/lib/python3.12/site-packages/airflow/example_dags/example_local_kubernetes_executor.py for tasks to queue
[2025-11-09T22:00:25.503+0000] {logging_mixin.py:190} INFO - [2025-11-09T22:00:25.502+0000] {dagbag.py:588} INFO - Filling up the DagBag from /home/airflow/.local/lib/python3.12/site-packages/airflow/example_dags/example_local_kubernetes_executor.py
[2025-11-09T22:00:25.522+0000] {processor.py:925} INFO - DAG(s) 'example_local_kubernetes_executor' retrieved from /home/airflow/.local/lib/python3.12/site-packages/airflow/example_dags/example_local_kubernetes_executor.py
[2025-11-09T22:00:25.576+0000] {logging_mixin.py:190} INFO - [2025-11-09T22:00:25.576+0000] {dag.py:3239} INFO - Sync 1 DAGs
[2025-11-09T22:00:25.603+0000] {logging_mixin.py:190} INFO - [2025-11-09T22:00:25.603+0000] {dag.py:4180} INFO - Setting next_dagrun for example_local_kubernetes_executor to None, run_after=None
[2025-11-09T22:00:25.639+0000] {processor.py:208} INFO - Processing /home/airflow/.local/lib/python3.12/site-packages/airflow/example_dags/example_local_kubernetes_executor.py took 0.155 seconds
