[2025-11-09T20:27:50.018+0000] {processor.py:186} INFO - Started process (PID=98) to work on /home/airflow/.local/lib/python3.12/site-packages/airflow/example_dags/example_task_group.py
[2025-11-09T20:27:50.021+0000] {processor.py:914} INFO - Processing file /home/airflow/.local/lib/python3.12/site-packages/airflow/example_dags/example_task_group.py for tasks to queue
[2025-11-09T20:27:50.036+0000] {logging_mixin.py:190} INFO - [2025-11-09T20:27:50.035+0000] {dagbag.py:588} INFO - Filling up the DagBag from /home/airflow/.local/lib/python3.12/site-packages/airflow/example_dags/example_task_group.py
[2025-11-09T20:27:50.089+0000] {processor.py:925} INFO - DAG(s) 'example_task_group' retrieved from /home/airflow/.local/lib/python3.12/site-packages/airflow/example_dags/example_task_group.py
[2025-11-09T20:27:50.361+0000] {logging_mixin.py:190} INFO - [2025-11-09T20:27:50.359+0000] {override.py:1911} INFO - Created Permission View: can edit on DAG:example_task_group
[2025-11-09T20:27:50.386+0000] {logging_mixin.py:190} INFO - [2025-11-09T20:27:50.383+0000] {override.py:1911} INFO - Created Permission View: can read on DAG:example_task_group
[2025-11-09T20:27:50.402+0000] {logging_mixin.py:190} INFO - [2025-11-09T20:27:50.401+0000] {override.py:1911} INFO - Created Permission View: can delete on DAG:example_task_group
[2025-11-09T20:27:50.419+0000] {logging_mixin.py:190} INFO - [2025-11-09T20:27:50.418+0000] {override.py:1911} INFO - Created Permission View: can read on DAG Run:example_task_group
[2025-11-09T20:27:50.433+0000] {logging_mixin.py:190} INFO - [2025-11-09T20:27:50.433+0000] {override.py:1911} INFO - Created Permission View: can create on DAG Run:example_task_group
[2025-11-09T20:27:50.448+0000] {logging_mixin.py:190} INFO - [2025-11-09T20:27:50.447+0000] {override.py:1911} INFO - Created Permission View: menu access on DAG Run:example_task_group
[2025-11-09T20:27:50.462+0000] {logging_mixin.py:190} INFO - [2025-11-09T20:27:50.462+0000] {override.py:1911} INFO - Created Permission View: can delete on DAG Run:example_task_group
[2025-11-09T20:27:50.464+0000] {logging_mixin.py:190} INFO - [2025-11-09T20:27:50.464+0000] {dag.py:3239} INFO - Sync 1 DAGs
[2025-11-09T20:27:50.487+0000] {logging_mixin.py:190} INFO - [2025-11-09T20:27:50.487+0000] {dag.py:3262} INFO - Creating ORM DAG for example_task_group
[2025-11-09T20:27:50.489+0000] {logging_mixin.py:190} INFO - [2025-11-09T20:27:50.488+0000] {dag.py:4180} INFO - Setting next_dagrun for example_task_group to None, run_after=None
[2025-11-09T20:27:50.519+0000] {processor.py:208} INFO - Processing /home/airflow/.local/lib/python3.12/site-packages/airflow/example_dags/example_task_group.py took 0.519 seconds
[2025-11-09T20:28:21.225+0000] {processor.py:186} INFO - Started process (PID=160) to work on /home/airflow/.local/lib/python3.12/site-packages/airflow/example_dags/example_task_group.py
[2025-11-09T20:28:21.227+0000] {processor.py:914} INFO - Processing file /home/airflow/.local/lib/python3.12/site-packages/airflow/example_dags/example_task_group.py for tasks to queue
[2025-11-09T20:28:21.233+0000] {logging_mixin.py:190} INFO - [2025-11-09T20:28:21.232+0000] {dagbag.py:588} INFO - Filling up the DagBag from /home/airflow/.local/lib/python3.12/site-packages/airflow/example_dags/example_task_group.py
[2025-11-09T20:28:21.250+0000] {processor.py:925} INFO - DAG(s) 'example_task_group' retrieved from /home/airflow/.local/lib/python3.12/site-packages/airflow/example_dags/example_task_group.py
[2025-11-09T20:28:21.291+0000] {logging_mixin.py:190} INFO - [2025-11-09T20:28:21.291+0000] {dag.py:3239} INFO - Sync 1 DAGs
[2025-11-09T20:28:21.315+0000] {logging_mixin.py:190} INFO - [2025-11-09T20:28:21.314+0000] {dag.py:4180} INFO - Setting next_dagrun for example_task_group to None, run_after=None
[2025-11-09T20:28:21.346+0000] {processor.py:208} INFO - Processing /home/airflow/.local/lib/python3.12/site-packages/airflow/example_dags/example_task_group.py took 0.133 seconds
[2025-11-09T20:28:51.541+0000] {processor.py:186} INFO - Started process (PID=223) to work on /home/airflow/.local/lib/python3.12/site-packages/airflow/example_dags/example_task_group.py
[2025-11-09T20:28:51.543+0000] {processor.py:914} INFO - Processing file /home/airflow/.local/lib/python3.12/site-packages/airflow/example_dags/example_task_group.py for tasks to queue
[2025-11-09T20:28:51.549+0000] {logging_mixin.py:190} INFO - [2025-11-09T20:28:51.549+0000] {dagbag.py:588} INFO - Filling up the DagBag from /home/airflow/.local/lib/python3.12/site-packages/airflow/example_dags/example_task_group.py
[2025-11-09T20:28:51.565+0000] {processor.py:925} INFO - DAG(s) 'example_task_group' retrieved from /home/airflow/.local/lib/python3.12/site-packages/airflow/example_dags/example_task_group.py
[2025-11-09T20:28:51.610+0000] {logging_mixin.py:190} INFO - [2025-11-09T20:28:51.609+0000] {dag.py:3239} INFO - Sync 1 DAGs
[2025-11-09T20:28:51.642+0000] {logging_mixin.py:190} INFO - [2025-11-09T20:28:51.641+0000] {dag.py:4180} INFO - Setting next_dagrun for example_task_group to None, run_after=None
[2025-11-09T20:28:51.679+0000] {processor.py:208} INFO - Processing /home/airflow/.local/lib/python3.12/site-packages/airflow/example_dags/example_task_group.py took 0.149 seconds
[2025-11-09T20:29:21.794+0000] {processor.py:186} INFO - Started process (PID=286) to work on /home/airflow/.local/lib/python3.12/site-packages/airflow/example_dags/example_task_group.py
[2025-11-09T20:29:21.796+0000] {processor.py:914} INFO - Processing file /home/airflow/.local/lib/python3.12/site-packages/airflow/example_dags/example_task_group.py for tasks to queue
[2025-11-09T20:29:21.801+0000] {logging_mixin.py:190} INFO - [2025-11-09T20:29:21.801+0000] {dagbag.py:588} INFO - Filling up the DagBag from /home/airflow/.local/lib/python3.12/site-packages/airflow/example_dags/example_task_group.py
[2025-11-09T20:29:21.816+0000] {processor.py:925} INFO - DAG(s) 'example_task_group' retrieved from /home/airflow/.local/lib/python3.12/site-packages/airflow/example_dags/example_task_group.py
[2025-11-09T20:29:21.858+0000] {logging_mixin.py:190} INFO - [2025-11-09T20:29:21.857+0000] {dag.py:3239} INFO - Sync 1 DAGs
[2025-11-09T20:29:21.884+0000] {logging_mixin.py:190} INFO - [2025-11-09T20:29:21.883+0000] {dag.py:4180} INFO - Setting next_dagrun for example_task_group to None, run_after=None
[2025-11-09T20:29:21.920+0000] {processor.py:208} INFO - Processing /home/airflow/.local/lib/python3.12/site-packages/airflow/example_dags/example_task_group.py took 0.136 seconds
[2025-11-09T20:29:52.582+0000] {processor.py:186} INFO - Started process (PID=349) to work on /home/airflow/.local/lib/python3.12/site-packages/airflow/example_dags/example_task_group.py
[2025-11-09T20:29:52.584+0000] {processor.py:914} INFO - Processing file /home/airflow/.local/lib/python3.12/site-packages/airflow/example_dags/example_task_group.py for tasks to queue
[2025-11-09T20:29:52.589+0000] {logging_mixin.py:190} INFO - [2025-11-09T20:29:52.588+0000] {dagbag.py:588} INFO - Filling up the DagBag from /home/airflow/.local/lib/python3.12/site-packages/airflow/example_dags/example_task_group.py
[2025-11-09T20:29:52.610+0000] {processor.py:925} INFO - DAG(s) 'example_task_group' retrieved from /home/airflow/.local/lib/python3.12/site-packages/airflow/example_dags/example_task_group.py
[2025-11-09T20:29:52.651+0000] {logging_mixin.py:190} INFO - [2025-11-09T20:29:52.651+0000] {dag.py:3239} INFO - Sync 1 DAGs
[2025-11-09T20:29:52.676+0000] {logging_mixin.py:190} INFO - [2025-11-09T20:29:52.676+0000] {dag.py:4180} INFO - Setting next_dagrun for example_task_group to None, run_after=None
[2025-11-09T20:29:52.712+0000] {processor.py:208} INFO - Processing /home/airflow/.local/lib/python3.12/site-packages/airflow/example_dags/example_task_group.py took 0.143 seconds
[2025-11-09T20:30:23.450+0000] {processor.py:186} INFO - Started process (PID=411) to work on /home/airflow/.local/lib/python3.12/site-packages/airflow/example_dags/example_task_group.py
[2025-11-09T20:30:23.453+0000] {processor.py:914} INFO - Processing file /home/airflow/.local/lib/python3.12/site-packages/airflow/example_dags/example_task_group.py for tasks to queue
[2025-11-09T20:30:23.461+0000] {logging_mixin.py:190} INFO - [2025-11-09T20:30:23.460+0000] {dagbag.py:588} INFO - Filling up the DagBag from /home/airflow/.local/lib/python3.12/site-packages/airflow/example_dags/example_task_group.py
[2025-11-09T20:30:23.481+0000] {processor.py:925} INFO - DAG(s) 'example_task_group' retrieved from /home/airflow/.local/lib/python3.12/site-packages/airflow/example_dags/example_task_group.py
[2025-11-09T20:30:23.528+0000] {logging_mixin.py:190} INFO - [2025-11-09T20:30:23.528+0000] {dag.py:3239} INFO - Sync 1 DAGs
[2025-11-09T20:30:23.558+0000] {logging_mixin.py:190} INFO - [2025-11-09T20:30:23.557+0000] {dag.py:4180} INFO - Setting next_dagrun for example_task_group to None, run_after=None
[2025-11-09T20:30:23.592+0000] {processor.py:208} INFO - Processing /home/airflow/.local/lib/python3.12/site-packages/airflow/example_dags/example_task_group.py took 0.157 seconds
[2025-11-09T20:30:53.684+0000] {processor.py:186} INFO - Started process (PID=475) to work on /home/airflow/.local/lib/python3.12/site-packages/airflow/example_dags/example_task_group.py
[2025-11-09T20:30:53.686+0000] {processor.py:914} INFO - Processing file /home/airflow/.local/lib/python3.12/site-packages/airflow/example_dags/example_task_group.py for tasks to queue
[2025-11-09T20:30:53.691+0000] {logging_mixin.py:190} INFO - [2025-11-09T20:30:53.690+0000] {dagbag.py:588} INFO - Filling up the DagBag from /home/airflow/.local/lib/python3.12/site-packages/airflow/example_dags/example_task_group.py
[2025-11-09T20:30:53.706+0000] {processor.py:925} INFO - DAG(s) 'example_task_group' retrieved from /home/airflow/.local/lib/python3.12/site-packages/airflow/example_dags/example_task_group.py
[2025-11-09T20:30:53.744+0000] {logging_mixin.py:190} INFO - [2025-11-09T20:30:53.743+0000] {dag.py:3239} INFO - Sync 1 DAGs
[2025-11-09T20:30:53.768+0000] {logging_mixin.py:190} INFO - [2025-11-09T20:30:53.768+0000] {dag.py:4180} INFO - Setting next_dagrun for example_task_group to None, run_after=None
[2025-11-09T20:30:53.796+0000] {processor.py:208} INFO - Processing /home/airflow/.local/lib/python3.12/site-packages/airflow/example_dags/example_task_group.py took 0.123 seconds
[2025-11-09T20:31:24.831+0000] {processor.py:186} INFO - Started process (PID=538) to work on /home/airflow/.local/lib/python3.12/site-packages/airflow/example_dags/example_task_group.py
[2025-11-09T20:31:24.833+0000] {processor.py:914} INFO - Processing file /home/airflow/.local/lib/python3.12/site-packages/airflow/example_dags/example_task_group.py for tasks to queue
[2025-11-09T20:31:24.840+0000] {logging_mixin.py:190} INFO - [2025-11-09T20:31:24.839+0000] {dagbag.py:588} INFO - Filling up the DagBag from /home/airflow/.local/lib/python3.12/site-packages/airflow/example_dags/example_task_group.py
[2025-11-09T20:31:24.854+0000] {processor.py:925} INFO - DAG(s) 'example_task_group' retrieved from /home/airflow/.local/lib/python3.12/site-packages/airflow/example_dags/example_task_group.py
[2025-11-09T20:31:24.893+0000] {logging_mixin.py:190} INFO - [2025-11-09T20:31:24.893+0000] {dag.py:3239} INFO - Sync 1 DAGs
[2025-11-09T20:31:24.916+0000] {logging_mixin.py:190} INFO - [2025-11-09T20:31:24.915+0000] {dag.py:4180} INFO - Setting next_dagrun for example_task_group to None, run_after=None
[2025-11-09T20:31:24.950+0000] {processor.py:208} INFO - Processing /home/airflow/.local/lib/python3.12/site-packages/airflow/example_dags/example_task_group.py took 0.130 seconds
[2025-11-09T20:31:55.104+0000] {processor.py:186} INFO - Started process (PID=601) to work on /home/airflow/.local/lib/python3.12/site-packages/airflow/example_dags/example_task_group.py
[2025-11-09T20:31:55.105+0000] {processor.py:914} INFO - Processing file /home/airflow/.local/lib/python3.12/site-packages/airflow/example_dags/example_task_group.py for tasks to queue
[2025-11-09T20:31:55.110+0000] {logging_mixin.py:190} INFO - [2025-11-09T20:31:55.109+0000] {dagbag.py:588} INFO - Filling up the DagBag from /home/airflow/.local/lib/python3.12/site-packages/airflow/example_dags/example_task_group.py
[2025-11-09T20:31:55.125+0000] {processor.py:925} INFO - DAG(s) 'example_task_group' retrieved from /home/airflow/.local/lib/python3.12/site-packages/airflow/example_dags/example_task_group.py
[2025-11-09T20:31:55.158+0000] {logging_mixin.py:190} INFO - [2025-11-09T20:31:55.158+0000] {dag.py:3239} INFO - Sync 1 DAGs
[2025-11-09T20:31:55.196+0000] {logging_mixin.py:190} INFO - [2025-11-09T20:31:55.190+0000] {dag.py:4180} INFO - Setting next_dagrun for example_task_group to None, run_after=None
[2025-11-09T20:31:55.294+0000] {processor.py:208} INFO - Processing /home/airflow/.local/lib/python3.12/site-packages/airflow/example_dags/example_task_group.py took 0.202 seconds
[2025-11-09T20:32:26.351+0000] {processor.py:186} INFO - Started process (PID=664) to work on /home/airflow/.local/lib/python3.12/site-packages/airflow/example_dags/example_task_group.py
[2025-11-09T20:32:26.353+0000] {processor.py:914} INFO - Processing file /home/airflow/.local/lib/python3.12/site-packages/airflow/example_dags/example_task_group.py for tasks to queue
[2025-11-09T20:32:26.358+0000] {logging_mixin.py:190} INFO - [2025-11-09T20:32:26.358+0000] {dagbag.py:588} INFO - Filling up the DagBag from /home/airflow/.local/lib/python3.12/site-packages/airflow/example_dags/example_task_group.py
[2025-11-09T20:32:26.373+0000] {processor.py:925} INFO - DAG(s) 'example_task_group' retrieved from /home/airflow/.local/lib/python3.12/site-packages/airflow/example_dags/example_task_group.py
[2025-11-09T20:32:26.410+0000] {logging_mixin.py:190} INFO - [2025-11-09T20:32:26.410+0000] {dag.py:3239} INFO - Sync 1 DAGs
[2025-11-09T20:32:26.439+0000] {logging_mixin.py:190} INFO - [2025-11-09T20:32:26.439+0000] {dag.py:4180} INFO - Setting next_dagrun for example_task_group to None, run_after=None
[2025-11-09T20:32:26.473+0000] {processor.py:208} INFO - Processing /home/airflow/.local/lib/python3.12/site-packages/airflow/example_dags/example_task_group.py took 0.131 seconds
[2025-11-09T20:32:56.695+0000] {processor.py:186} INFO - Started process (PID=727) to work on /home/airflow/.local/lib/python3.12/site-packages/airflow/example_dags/example_task_group.py
[2025-11-09T20:32:56.696+0000] {processor.py:914} INFO - Processing file /home/airflow/.local/lib/python3.12/site-packages/airflow/example_dags/example_task_group.py for tasks to queue
[2025-11-09T20:32:56.701+0000] {logging_mixin.py:190} INFO - [2025-11-09T20:32:56.700+0000] {dagbag.py:588} INFO - Filling up the DagBag from /home/airflow/.local/lib/python3.12/site-packages/airflow/example_dags/example_task_group.py
[2025-11-09T20:32:56.717+0000] {processor.py:925} INFO - DAG(s) 'example_task_group' retrieved from /home/airflow/.local/lib/python3.12/site-packages/airflow/example_dags/example_task_group.py
[2025-11-09T20:32:56.771+0000] {logging_mixin.py:190} INFO - [2025-11-09T20:32:56.771+0000] {dag.py:3239} INFO - Sync 1 DAGs
[2025-11-09T20:32:56.801+0000] {logging_mixin.py:190} INFO - [2025-11-09T20:32:56.800+0000] {dag.py:4180} INFO - Setting next_dagrun for example_task_group to None, run_after=None
[2025-11-09T20:32:56.838+0000] {processor.py:208} INFO - Processing /home/airflow/.local/lib/python3.12/site-packages/airflow/example_dags/example_task_group.py took 0.152 seconds
[2025-11-09T20:33:27.040+0000] {processor.py:186} INFO - Started process (PID=790) to work on /home/airflow/.local/lib/python3.12/site-packages/airflow/example_dags/example_task_group.py
[2025-11-09T20:33:27.042+0000] {processor.py:914} INFO - Processing file /home/airflow/.local/lib/python3.12/site-packages/airflow/example_dags/example_task_group.py for tasks to queue
[2025-11-09T20:33:27.050+0000] {logging_mixin.py:190} INFO - [2025-11-09T20:33:27.049+0000] {dagbag.py:588} INFO - Filling up the DagBag from /home/airflow/.local/lib/python3.12/site-packages/airflow/example_dags/example_task_group.py
[2025-11-09T20:33:27.068+0000] {processor.py:925} INFO - DAG(s) 'example_task_group' retrieved from /home/airflow/.local/lib/python3.12/site-packages/airflow/example_dags/example_task_group.py
[2025-11-09T20:33:27.102+0000] {logging_mixin.py:190} INFO - [2025-11-09T20:33:27.102+0000] {dag.py:3239} INFO - Sync 1 DAGs
[2025-11-09T20:33:27.127+0000] {logging_mixin.py:190} INFO - [2025-11-09T20:33:27.127+0000] {dag.py:4180} INFO - Setting next_dagrun for example_task_group to None, run_after=None
[2025-11-09T20:33:27.158+0000] {processor.py:208} INFO - Processing /home/airflow/.local/lib/python3.12/site-packages/airflow/example_dags/example_task_group.py took 0.130 seconds
[2025-11-09T20:33:57.989+0000] {processor.py:186} INFO - Started process (PID=853) to work on /home/airflow/.local/lib/python3.12/site-packages/airflow/example_dags/example_task_group.py
[2025-11-09T20:33:57.991+0000] {processor.py:914} INFO - Processing file /home/airflow/.local/lib/python3.12/site-packages/airflow/example_dags/example_task_group.py for tasks to queue
[2025-11-09T20:33:57.996+0000] {logging_mixin.py:190} INFO - [2025-11-09T20:33:57.995+0000] {dagbag.py:588} INFO - Filling up the DagBag from /home/airflow/.local/lib/python3.12/site-packages/airflow/example_dags/example_task_group.py
[2025-11-09T20:33:58.011+0000] {processor.py:925} INFO - DAG(s) 'example_task_group' retrieved from /home/airflow/.local/lib/python3.12/site-packages/airflow/example_dags/example_task_group.py
[2025-11-09T20:33:58.049+0000] {logging_mixin.py:190} INFO - [2025-11-09T20:33:58.049+0000] {dag.py:3239} INFO - Sync 1 DAGs
[2025-11-09T20:33:58.074+0000] {logging_mixin.py:190} INFO - [2025-11-09T20:33:58.074+0000] {dag.py:4180} INFO - Setting next_dagrun for example_task_group to None, run_after=None
[2025-11-09T20:33:58.110+0000] {processor.py:208} INFO - Processing /home/airflow/.local/lib/python3.12/site-packages/airflow/example_dags/example_task_group.py took 0.131 seconds
[2025-11-09T20:34:28.332+0000] {processor.py:186} INFO - Started process (PID=917) to work on /home/airflow/.local/lib/python3.12/site-packages/airflow/example_dags/example_task_group.py
[2025-11-09T20:34:28.334+0000] {processor.py:914} INFO - Processing file /home/airflow/.local/lib/python3.12/site-packages/airflow/example_dags/example_task_group.py for tasks to queue
[2025-11-09T20:34:28.340+0000] {logging_mixin.py:190} INFO - [2025-11-09T20:34:28.339+0000] {dagbag.py:588} INFO - Filling up the DagBag from /home/airflow/.local/lib/python3.12/site-packages/airflow/example_dags/example_task_group.py
[2025-11-09T20:34:28.357+0000] {processor.py:925} INFO - DAG(s) 'example_task_group' retrieved from /home/airflow/.local/lib/python3.12/site-packages/airflow/example_dags/example_task_group.py
[2025-11-09T20:34:28.404+0000] {logging_mixin.py:190} INFO - [2025-11-09T20:34:28.403+0000] {dag.py:3239} INFO - Sync 1 DAGs
[2025-11-09T20:34:28.428+0000] {logging_mixin.py:190} INFO - [2025-11-09T20:34:28.428+0000] {dag.py:4180} INFO - Setting next_dagrun for example_task_group to None, run_after=None
[2025-11-09T20:34:28.463+0000] {processor.py:208} INFO - Processing /home/airflow/.local/lib/python3.12/site-packages/airflow/example_dags/example_task_group.py took 0.146 seconds
[2025-11-09T20:34:59.532+0000] {processor.py:186} INFO - Started process (PID=986) to work on /home/airflow/.local/lib/python3.12/site-packages/airflow/example_dags/example_task_group.py
[2025-11-09T20:34:59.534+0000] {processor.py:914} INFO - Processing file /home/airflow/.local/lib/python3.12/site-packages/airflow/example_dags/example_task_group.py for tasks to queue
[2025-11-09T20:34:59.542+0000] {logging_mixin.py:190} INFO - [2025-11-09T20:34:59.540+0000] {dagbag.py:588} INFO - Filling up the DagBag from /home/airflow/.local/lib/python3.12/site-packages/airflow/example_dags/example_task_group.py
[2025-11-09T20:34:59.560+0000] {processor.py:925} INFO - DAG(s) 'example_task_group' retrieved from /home/airflow/.local/lib/python3.12/site-packages/airflow/example_dags/example_task_group.py
[2025-11-09T20:34:59.612+0000] {logging_mixin.py:190} INFO - [2025-11-09T20:34:59.612+0000] {dag.py:3239} INFO - Sync 1 DAGs
[2025-11-09T20:34:59.643+0000] {logging_mixin.py:190} INFO - [2025-11-09T20:34:59.642+0000] {dag.py:4180} INFO - Setting next_dagrun for example_task_group to None, run_after=None
[2025-11-09T20:34:59.688+0000] {processor.py:208} INFO - Processing /home/airflow/.local/lib/python3.12/site-packages/airflow/example_dags/example_task_group.py took 0.168 seconds
[2025-11-09T20:35:30.354+0000] {processor.py:186} INFO - Started process (PID=1049) to work on /home/airflow/.local/lib/python3.12/site-packages/airflow/example_dags/example_task_group.py
[2025-11-09T20:35:30.356+0000] {processor.py:914} INFO - Processing file /home/airflow/.local/lib/python3.12/site-packages/airflow/example_dags/example_task_group.py for tasks to queue
[2025-11-09T20:35:30.362+0000] {logging_mixin.py:190} INFO - [2025-11-09T20:35:30.361+0000] {dagbag.py:588} INFO - Filling up the DagBag from /home/airflow/.local/lib/python3.12/site-packages/airflow/example_dags/example_task_group.py
[2025-11-09T20:35:30.377+0000] {processor.py:925} INFO - DAG(s) 'example_task_group' retrieved from /home/airflow/.local/lib/python3.12/site-packages/airflow/example_dags/example_task_group.py
[2025-11-09T20:35:30.419+0000] {logging_mixin.py:190} INFO - [2025-11-09T20:35:30.418+0000] {dag.py:3239} INFO - Sync 1 DAGs
[2025-11-09T20:35:30.446+0000] {logging_mixin.py:190} INFO - [2025-11-09T20:35:30.446+0000] {dag.py:4180} INFO - Setting next_dagrun for example_task_group to None, run_after=None
[2025-11-09T20:35:30.481+0000] {processor.py:208} INFO - Processing /home/airflow/.local/lib/python3.12/site-packages/airflow/example_dags/example_task_group.py took 0.140 seconds
[2025-11-09T20:36:00.610+0000] {processor.py:186} INFO - Started process (PID=1111) to work on /home/airflow/.local/lib/python3.12/site-packages/airflow/example_dags/example_task_group.py
[2025-11-09T20:36:00.612+0000] {processor.py:914} INFO - Processing file /home/airflow/.local/lib/python3.12/site-packages/airflow/example_dags/example_task_group.py for tasks to queue
[2025-11-09T20:36:00.616+0000] {logging_mixin.py:190} INFO - [2025-11-09T20:36:00.616+0000] {dagbag.py:588} INFO - Filling up the DagBag from /home/airflow/.local/lib/python3.12/site-packages/airflow/example_dags/example_task_group.py
[2025-11-09T20:36:00.629+0000] {processor.py:925} INFO - DAG(s) 'example_task_group' retrieved from /home/airflow/.local/lib/python3.12/site-packages/airflow/example_dags/example_task_group.py
[2025-11-09T20:36:00.671+0000] {logging_mixin.py:190} INFO - [2025-11-09T20:36:00.670+0000] {dag.py:3239} INFO - Sync 1 DAGs
[2025-11-09T20:36:00.698+0000] {logging_mixin.py:190} INFO - [2025-11-09T20:36:00.698+0000] {dag.py:4180} INFO - Setting next_dagrun for example_task_group to None, run_after=None
[2025-11-09T20:36:00.731+0000] {processor.py:208} INFO - Processing /home/airflow/.local/lib/python3.12/site-packages/airflow/example_dags/example_task_group.py took 0.130 seconds
[2025-11-09T20:36:31.515+0000] {processor.py:186} INFO - Started process (PID=1174) to work on /home/airflow/.local/lib/python3.12/site-packages/airflow/example_dags/example_task_group.py
[2025-11-09T20:36:31.517+0000] {processor.py:914} INFO - Processing file /home/airflow/.local/lib/python3.12/site-packages/airflow/example_dags/example_task_group.py for tasks to queue
[2025-11-09T20:36:31.521+0000] {logging_mixin.py:190} INFO - [2025-11-09T20:36:31.520+0000] {dagbag.py:588} INFO - Filling up the DagBag from /home/airflow/.local/lib/python3.12/site-packages/airflow/example_dags/example_task_group.py
[2025-11-09T20:36:31.534+0000] {processor.py:925} INFO - DAG(s) 'example_task_group' retrieved from /home/airflow/.local/lib/python3.12/site-packages/airflow/example_dags/example_task_group.py
[2025-11-09T20:36:31.571+0000] {logging_mixin.py:190} INFO - [2025-11-09T20:36:31.571+0000] {dag.py:3239} INFO - Sync 1 DAGs
[2025-11-09T20:36:31.594+0000] {logging_mixin.py:190} INFO - [2025-11-09T20:36:31.594+0000] {dag.py:4180} INFO - Setting next_dagrun for example_task_group to None, run_after=None
[2025-11-09T20:36:31.622+0000] {processor.py:208} INFO - Processing /home/airflow/.local/lib/python3.12/site-packages/airflow/example_dags/example_task_group.py took 0.117 seconds
[2025-11-09T20:37:02.042+0000] {processor.py:186} INFO - Started process (PID=1238) to work on /home/airflow/.local/lib/python3.12/site-packages/airflow/example_dags/example_task_group.py
[2025-11-09T20:37:02.044+0000] {processor.py:914} INFO - Processing file /home/airflow/.local/lib/python3.12/site-packages/airflow/example_dags/example_task_group.py for tasks to queue
[2025-11-09T20:37:02.048+0000] {logging_mixin.py:190} INFO - [2025-11-09T20:37:02.047+0000] {dagbag.py:588} INFO - Filling up the DagBag from /home/airflow/.local/lib/python3.12/site-packages/airflow/example_dags/example_task_group.py
[2025-11-09T20:37:02.067+0000] {processor.py:925} INFO - DAG(s) 'example_task_group' retrieved from /home/airflow/.local/lib/python3.12/site-packages/airflow/example_dags/example_task_group.py
[2025-11-09T20:37:02.110+0000] {logging_mixin.py:190} INFO - [2025-11-09T20:37:02.109+0000] {dag.py:3239} INFO - Sync 1 DAGs
[2025-11-09T20:37:02.135+0000] {logging_mixin.py:190} INFO - [2025-11-09T20:37:02.135+0000] {dag.py:4180} INFO - Setting next_dagrun for example_task_group to None, run_after=None
[2025-11-09T20:37:02.167+0000] {processor.py:208} INFO - Processing /home/airflow/.local/lib/python3.12/site-packages/airflow/example_dags/example_task_group.py took 0.137 seconds
[2025-11-09T20:37:32.330+0000] {processor.py:186} INFO - Started process (PID=1300) to work on /home/airflow/.local/lib/python3.12/site-packages/airflow/example_dags/example_task_group.py
[2025-11-09T20:37:32.332+0000] {processor.py:914} INFO - Processing file /home/airflow/.local/lib/python3.12/site-packages/airflow/example_dags/example_task_group.py for tasks to queue
[2025-11-09T20:37:32.338+0000] {logging_mixin.py:190} INFO - [2025-11-09T20:37:32.337+0000] {dagbag.py:588} INFO - Filling up the DagBag from /home/airflow/.local/lib/python3.12/site-packages/airflow/example_dags/example_task_group.py
[2025-11-09T20:37:32.355+0000] {processor.py:925} INFO - DAG(s) 'example_task_group' retrieved from /home/airflow/.local/lib/python3.12/site-packages/airflow/example_dags/example_task_group.py
[2025-11-09T20:37:32.395+0000] {logging_mixin.py:190} INFO - [2025-11-09T20:37:32.394+0000] {dag.py:3239} INFO - Sync 1 DAGs
[2025-11-09T20:37:32.423+0000] {logging_mixin.py:190} INFO - [2025-11-09T20:37:32.422+0000] {dag.py:4180} INFO - Setting next_dagrun for example_task_group to None, run_after=None
[2025-11-09T20:37:32.487+0000] {processor.py:208} INFO - Processing /home/airflow/.local/lib/python3.12/site-packages/airflow/example_dags/example_task_group.py took 0.168 seconds
[2025-11-09T20:38:03.378+0000] {processor.py:186} INFO - Started process (PID=1363) to work on /home/airflow/.local/lib/python3.12/site-packages/airflow/example_dags/example_task_group.py
[2025-11-09T20:38:03.380+0000] {processor.py:914} INFO - Processing file /home/airflow/.local/lib/python3.12/site-packages/airflow/example_dags/example_task_group.py for tasks to queue
[2025-11-09T20:38:03.386+0000] {logging_mixin.py:190} INFO - [2025-11-09T20:38:03.385+0000] {dagbag.py:588} INFO - Filling up the DagBag from /home/airflow/.local/lib/python3.12/site-packages/airflow/example_dags/example_task_group.py
[2025-11-09T20:38:03.403+0000] {processor.py:925} INFO - DAG(s) 'example_task_group' retrieved from /home/airflow/.local/lib/python3.12/site-packages/airflow/example_dags/example_task_group.py
[2025-11-09T20:38:03.445+0000] {logging_mixin.py:190} INFO - [2025-11-09T20:38:03.445+0000] {dag.py:3239} INFO - Sync 1 DAGs
[2025-11-09T20:38:03.467+0000] {logging_mixin.py:190} INFO - [2025-11-09T20:38:03.467+0000] {dag.py:4180} INFO - Setting next_dagrun for example_task_group to None, run_after=None
[2025-11-09T20:38:03.497+0000] {processor.py:208} INFO - Processing /home/airflow/.local/lib/python3.12/site-packages/airflow/example_dags/example_task_group.py took 0.128 seconds
[2025-11-09T20:38:33.653+0000] {processor.py:186} INFO - Started process (PID=1426) to work on /home/airflow/.local/lib/python3.12/site-packages/airflow/example_dags/example_task_group.py
[2025-11-09T20:38:33.655+0000] {processor.py:914} INFO - Processing file /home/airflow/.local/lib/python3.12/site-packages/airflow/example_dags/example_task_group.py for tasks to queue
[2025-11-09T20:38:33.659+0000] {logging_mixin.py:190} INFO - [2025-11-09T20:38:33.659+0000] {dagbag.py:588} INFO - Filling up the DagBag from /home/airflow/.local/lib/python3.12/site-packages/airflow/example_dags/example_task_group.py
[2025-11-09T20:38:33.673+0000] {processor.py:925} INFO - DAG(s) 'example_task_group' retrieved from /home/airflow/.local/lib/python3.12/site-packages/airflow/example_dags/example_task_group.py
[2025-11-09T20:38:33.718+0000] {logging_mixin.py:190} INFO - [2025-11-09T20:38:33.718+0000] {dag.py:3239} INFO - Sync 1 DAGs
[2025-11-09T20:38:33.744+0000] {logging_mixin.py:190} INFO - [2025-11-09T20:38:33.743+0000] {dag.py:4180} INFO - Setting next_dagrun for example_task_group to None, run_after=None
[2025-11-09T20:38:33.776+0000] {processor.py:208} INFO - Processing /home/airflow/.local/lib/python3.12/site-packages/airflow/example_dags/example_task_group.py took 0.133 seconds
[2025-11-09T20:39:04.590+0000] {processor.py:186} INFO - Started process (PID=1489) to work on /home/airflow/.local/lib/python3.12/site-packages/airflow/example_dags/example_task_group.py
[2025-11-09T20:39:04.592+0000] {processor.py:914} INFO - Processing file /home/airflow/.local/lib/python3.12/site-packages/airflow/example_dags/example_task_group.py for tasks to queue
[2025-11-09T20:39:04.596+0000] {logging_mixin.py:190} INFO - [2025-11-09T20:39:04.595+0000] {dagbag.py:588} INFO - Filling up the DagBag from /home/airflow/.local/lib/python3.12/site-packages/airflow/example_dags/example_task_group.py
[2025-11-09T20:39:04.612+0000] {processor.py:925} INFO - DAG(s) 'example_task_group' retrieved from /home/airflow/.local/lib/python3.12/site-packages/airflow/example_dags/example_task_group.py
[2025-11-09T20:39:04.654+0000] {logging_mixin.py:190} INFO - [2025-11-09T20:39:04.653+0000] {dag.py:3239} INFO - Sync 1 DAGs
[2025-11-09T20:39:04.688+0000] {logging_mixin.py:190} INFO - [2025-11-09T20:39:04.688+0000] {dag.py:4180} INFO - Setting next_dagrun for example_task_group to None, run_after=None
[2025-11-09T20:39:04.723+0000] {processor.py:208} INFO - Processing /home/airflow/.local/lib/python3.12/site-packages/airflow/example_dags/example_task_group.py took 0.146 seconds
[2025-11-09T20:39:35.454+0000] {processor.py:186} INFO - Started process (PID=1551) to work on /home/airflow/.local/lib/python3.12/site-packages/airflow/example_dags/example_task_group.py
[2025-11-09T20:39:35.457+0000] {processor.py:914} INFO - Processing file /home/airflow/.local/lib/python3.12/site-packages/airflow/example_dags/example_task_group.py for tasks to queue
[2025-11-09T20:39:35.463+0000] {logging_mixin.py:190} INFO - [2025-11-09T20:39:35.462+0000] {dagbag.py:588} INFO - Filling up the DagBag from /home/airflow/.local/lib/python3.12/site-packages/airflow/example_dags/example_task_group.py
[2025-11-09T20:39:35.483+0000] {processor.py:925} INFO - DAG(s) 'example_task_group' retrieved from /home/airflow/.local/lib/python3.12/site-packages/airflow/example_dags/example_task_group.py
[2025-11-09T20:39:35.527+0000] {logging_mixin.py:190} INFO - [2025-11-09T20:39:35.527+0000] {dag.py:3239} INFO - Sync 1 DAGs
[2025-11-09T20:39:35.555+0000] {logging_mixin.py:190} INFO - [2025-11-09T20:39:35.554+0000] {dag.py:4180} INFO - Setting next_dagrun for example_task_group to None, run_after=None
[2025-11-09T20:39:35.593+0000] {processor.py:208} INFO - Processing /home/airflow/.local/lib/python3.12/site-packages/airflow/example_dags/example_task_group.py took 0.149 seconds
[2025-11-09T20:40:05.769+0000] {processor.py:186} INFO - Started process (PID=1614) to work on /home/airflow/.local/lib/python3.12/site-packages/airflow/example_dags/example_task_group.py
[2025-11-09T20:40:05.771+0000] {processor.py:914} INFO - Processing file /home/airflow/.local/lib/python3.12/site-packages/airflow/example_dags/example_task_group.py for tasks to queue
[2025-11-09T20:40:05.776+0000] {logging_mixin.py:190} INFO - [2025-11-09T20:40:05.776+0000] {dagbag.py:588} INFO - Filling up the DagBag from /home/airflow/.local/lib/python3.12/site-packages/airflow/example_dags/example_task_group.py
[2025-11-09T20:40:05.792+0000] {processor.py:925} INFO - DAG(s) 'example_task_group' retrieved from /home/airflow/.local/lib/python3.12/site-packages/airflow/example_dags/example_task_group.py
[2025-11-09T20:40:05.832+0000] {logging_mixin.py:190} INFO - [2025-11-09T20:40:05.832+0000] {dag.py:3239} INFO - Sync 1 DAGs
[2025-11-09T20:40:05.856+0000] {logging_mixin.py:190} INFO - [2025-11-09T20:40:05.856+0000] {dag.py:4180} INFO - Setting next_dagrun for example_task_group to None, run_after=None
[2025-11-09T20:40:05.892+0000] {processor.py:208} INFO - Processing /home/airflow/.local/lib/python3.12/site-packages/airflow/example_dags/example_task_group.py took 0.134 seconds
[2025-11-09T20:40:36.025+0000] {processor.py:186} INFO - Started process (PID=1677) to work on /home/airflow/.local/lib/python3.12/site-packages/airflow/example_dags/example_task_group.py
[2025-11-09T20:40:36.027+0000] {processor.py:914} INFO - Processing file /home/airflow/.local/lib/python3.12/site-packages/airflow/example_dags/example_task_group.py for tasks to queue
[2025-11-09T20:40:36.032+0000] {logging_mixin.py:190} INFO - [2025-11-09T20:40:36.032+0000] {dagbag.py:588} INFO - Filling up the DagBag from /home/airflow/.local/lib/python3.12/site-packages/airflow/example_dags/example_task_group.py
[2025-11-09T20:40:36.047+0000] {processor.py:925} INFO - DAG(s) 'example_task_group' retrieved from /home/airflow/.local/lib/python3.12/site-packages/airflow/example_dags/example_task_group.py
[2025-11-09T20:40:36.091+0000] {logging_mixin.py:190} INFO - [2025-11-09T20:40:36.090+0000] {dag.py:3239} INFO - Sync 1 DAGs
[2025-11-09T20:40:36.120+0000] {logging_mixin.py:190} INFO - [2025-11-09T20:40:36.120+0000] {dag.py:4180} INFO - Setting next_dagrun for example_task_group to None, run_after=None
[2025-11-09T20:40:36.159+0000] {processor.py:208} INFO - Processing /home/airflow/.local/lib/python3.12/site-packages/airflow/example_dags/example_task_group.py took 0.144 seconds
[2025-11-09T20:41:06.759+0000] {processor.py:186} INFO - Started process (PID=1740) to work on /home/airflow/.local/lib/python3.12/site-packages/airflow/example_dags/example_task_group.py
[2025-11-09T20:41:06.761+0000] {processor.py:914} INFO - Processing file /home/airflow/.local/lib/python3.12/site-packages/airflow/example_dags/example_task_group.py for tasks to queue
[2025-11-09T20:41:06.765+0000] {logging_mixin.py:190} INFO - [2025-11-09T20:41:06.765+0000] {dagbag.py:588} INFO - Filling up the DagBag from /home/airflow/.local/lib/python3.12/site-packages/airflow/example_dags/example_task_group.py
[2025-11-09T20:41:06.778+0000] {processor.py:925} INFO - DAG(s) 'example_task_group' retrieved from /home/airflow/.local/lib/python3.12/site-packages/airflow/example_dags/example_task_group.py
[2025-11-09T20:41:06.817+0000] {logging_mixin.py:190} INFO - [2025-11-09T20:41:06.817+0000] {dag.py:3239} INFO - Sync 1 DAGs
[2025-11-09T20:41:06.840+0000] {logging_mixin.py:190} INFO - [2025-11-09T20:41:06.840+0000] {dag.py:4180} INFO - Setting next_dagrun for example_task_group to None, run_after=None
[2025-11-09T20:41:06.870+0000] {processor.py:208} INFO - Processing /home/airflow/.local/lib/python3.12/site-packages/airflow/example_dags/example_task_group.py took 0.120 seconds
[2025-11-09T20:41:37.474+0000] {processor.py:186} INFO - Started process (PID=1803) to work on /home/airflow/.local/lib/python3.12/site-packages/airflow/example_dags/example_task_group.py
[2025-11-09T20:41:37.479+0000] {processor.py:914} INFO - Processing file /home/airflow/.local/lib/python3.12/site-packages/airflow/example_dags/example_task_group.py for tasks to queue
[2025-11-09T20:41:37.485+0000] {logging_mixin.py:190} INFO - [2025-11-09T20:41:37.484+0000] {dagbag.py:588} INFO - Filling up the DagBag from /home/airflow/.local/lib/python3.12/site-packages/airflow/example_dags/example_task_group.py
[2025-11-09T20:41:37.506+0000] {processor.py:925} INFO - DAG(s) 'example_task_group' retrieved from /home/airflow/.local/lib/python3.12/site-packages/airflow/example_dags/example_task_group.py
[2025-11-09T20:41:37.559+0000] {logging_mixin.py:190} INFO - [2025-11-09T20:41:37.559+0000] {dag.py:3239} INFO - Sync 1 DAGs
[2025-11-09T20:41:37.592+0000] {logging_mixin.py:190} INFO - [2025-11-09T20:41:37.591+0000] {dag.py:4180} INFO - Setting next_dagrun for example_task_group to None, run_after=None
[2025-11-09T20:41:37.635+0000] {processor.py:208} INFO - Processing /home/airflow/.local/lib/python3.12/site-packages/airflow/example_dags/example_task_group.py took 0.172 seconds
[2025-11-09T20:42:07.813+0000] {processor.py:186} INFO - Started process (PID=1865) to work on /home/airflow/.local/lib/python3.12/site-packages/airflow/example_dags/example_task_group.py
[2025-11-09T20:42:07.816+0000] {processor.py:914} INFO - Processing file /home/airflow/.local/lib/python3.12/site-packages/airflow/example_dags/example_task_group.py for tasks to queue
[2025-11-09T20:42:07.828+0000] {logging_mixin.py:190} INFO - [2025-11-09T20:42:07.827+0000] {dagbag.py:588} INFO - Filling up the DagBag from /home/airflow/.local/lib/python3.12/site-packages/airflow/example_dags/example_task_group.py
[2025-11-09T20:42:07.860+0000] {processor.py:925} INFO - DAG(s) 'example_task_group' retrieved from /home/airflow/.local/lib/python3.12/site-packages/airflow/example_dags/example_task_group.py
[2025-11-09T20:42:07.914+0000] {logging_mixin.py:190} INFO - [2025-11-09T20:42:07.914+0000] {dag.py:3239} INFO - Sync 1 DAGs
[2025-11-09T20:42:07.955+0000] {logging_mixin.py:190} INFO - [2025-11-09T20:42:07.954+0000] {dag.py:4180} INFO - Setting next_dagrun for example_task_group to None, run_after=None
[2025-11-09T20:42:08.007+0000] {processor.py:208} INFO - Processing /home/airflow/.local/lib/python3.12/site-packages/airflow/example_dags/example_task_group.py took 0.219 seconds
[2025-11-09T20:42:40.199+0000] {processor.py:186} INFO - Started process (PID=1929) to work on /home/airflow/.local/lib/python3.12/site-packages/airflow/example_dags/example_task_group.py
[2025-11-09T20:42:40.204+0000] {processor.py:914} INFO - Processing file /home/airflow/.local/lib/python3.12/site-packages/airflow/example_dags/example_task_group.py for tasks to queue
[2025-11-09T20:42:40.212+0000] {logging_mixin.py:190} INFO - [2025-11-09T20:42:40.211+0000] {dagbag.py:588} INFO - Filling up the DagBag from /home/airflow/.local/lib/python3.12/site-packages/airflow/example_dags/example_task_group.py
[2025-11-09T20:42:40.250+0000] {processor.py:925} INFO - DAG(s) 'example_task_group' retrieved from /home/airflow/.local/lib/python3.12/site-packages/airflow/example_dags/example_task_group.py
[2025-11-09T20:42:40.325+0000] {logging_mixin.py:190} INFO - [2025-11-09T20:42:40.325+0000] {dag.py:3239} INFO - Sync 1 DAGs
[2025-11-09T20:42:40.380+0000] {logging_mixin.py:190} INFO - [2025-11-09T20:42:40.380+0000] {dag.py:4180} INFO - Setting next_dagrun for example_task_group to None, run_after=None
[2025-11-09T20:42:40.449+0000] {processor.py:208} INFO - Processing /home/airflow/.local/lib/python3.12/site-packages/airflow/example_dags/example_task_group.py took 0.274 seconds
[2025-11-09T20:43:11.503+0000] {processor.py:186} INFO - Started process (PID=1993) to work on /home/airflow/.local/lib/python3.12/site-packages/airflow/example_dags/example_task_group.py
[2025-11-09T20:43:11.506+0000] {processor.py:914} INFO - Processing file /home/airflow/.local/lib/python3.12/site-packages/airflow/example_dags/example_task_group.py for tasks to queue
[2025-11-09T20:43:11.512+0000] {logging_mixin.py:190} INFO - [2025-11-09T20:43:11.511+0000] {dagbag.py:588} INFO - Filling up the DagBag from /home/airflow/.local/lib/python3.12/site-packages/airflow/example_dags/example_task_group.py
[2025-11-09T20:43:11.528+0000] {processor.py:925} INFO - DAG(s) 'example_task_group' retrieved from /home/airflow/.local/lib/python3.12/site-packages/airflow/example_dags/example_task_group.py
[2025-11-09T20:43:11.566+0000] {logging_mixin.py:190} INFO - [2025-11-09T20:43:11.566+0000] {dag.py:3239} INFO - Sync 1 DAGs
[2025-11-09T20:43:11.590+0000] {logging_mixin.py:190} INFO - [2025-11-09T20:43:11.590+0000] {dag.py:4180} INFO - Setting next_dagrun for example_task_group to None, run_after=None
[2025-11-09T20:43:11.625+0000] {processor.py:208} INFO - Processing /home/airflow/.local/lib/python3.12/site-packages/airflow/example_dags/example_task_group.py took 0.132 seconds
[2025-11-09T20:43:41.914+0000] {processor.py:186} INFO - Started process (PID=2056) to work on /home/airflow/.local/lib/python3.12/site-packages/airflow/example_dags/example_task_group.py
[2025-11-09T20:43:41.916+0000] {processor.py:914} INFO - Processing file /home/airflow/.local/lib/python3.12/site-packages/airflow/example_dags/example_task_group.py for tasks to queue
[2025-11-09T20:43:41.922+0000] {logging_mixin.py:190} INFO - [2025-11-09T20:43:41.922+0000] {dagbag.py:588} INFO - Filling up the DagBag from /home/airflow/.local/lib/python3.12/site-packages/airflow/example_dags/example_task_group.py
[2025-11-09T20:43:41.936+0000] {processor.py:925} INFO - DAG(s) 'example_task_group' retrieved from /home/airflow/.local/lib/python3.12/site-packages/airflow/example_dags/example_task_group.py
[2025-11-09T20:43:41.974+0000] {logging_mixin.py:190} INFO - [2025-11-09T20:43:41.974+0000] {dag.py:3239} INFO - Sync 1 DAGs
[2025-11-09T20:43:41.999+0000] {logging_mixin.py:190} INFO - [2025-11-09T20:43:41.999+0000] {dag.py:4180} INFO - Setting next_dagrun for example_task_group to None, run_after=None
[2025-11-09T20:43:42.037+0000] {processor.py:208} INFO - Processing /home/airflow/.local/lib/python3.12/site-packages/airflow/example_dags/example_task_group.py took 0.135 seconds
[2025-11-09T20:44:12.845+0000] {processor.py:186} INFO - Started process (PID=2120) to work on /home/airflow/.local/lib/python3.12/site-packages/airflow/example_dags/example_task_group.py
[2025-11-09T20:44:12.848+0000] {processor.py:914} INFO - Processing file /home/airflow/.local/lib/python3.12/site-packages/airflow/example_dags/example_task_group.py for tasks to queue
[2025-11-09T20:44:12.854+0000] {logging_mixin.py:190} INFO - [2025-11-09T20:44:12.853+0000] {dagbag.py:588} INFO - Filling up the DagBag from /home/airflow/.local/lib/python3.12/site-packages/airflow/example_dags/example_task_group.py
[2025-11-09T20:44:12.878+0000] {processor.py:925} INFO - DAG(s) 'example_task_group' retrieved from /home/airflow/.local/lib/python3.12/site-packages/airflow/example_dags/example_task_group.py
[2025-11-09T20:44:12.916+0000] {logging_mixin.py:190} INFO - [2025-11-09T20:44:12.916+0000] {dag.py:3239} INFO - Sync 1 DAGs
[2025-11-09T20:44:12.939+0000] {logging_mixin.py:190} INFO - [2025-11-09T20:44:12.939+0000] {dag.py:4180} INFO - Setting next_dagrun for example_task_group to None, run_after=None
[2025-11-09T20:44:12.976+0000] {processor.py:208} INFO - Processing /home/airflow/.local/lib/python3.12/site-packages/airflow/example_dags/example_task_group.py took 0.142 seconds
[2025-11-09T20:44:43.113+0000] {processor.py:186} INFO - Started process (PID=2184) to work on /home/airflow/.local/lib/python3.12/site-packages/airflow/example_dags/example_task_group.py
[2025-11-09T20:44:43.116+0000] {processor.py:914} INFO - Processing file /home/airflow/.local/lib/python3.12/site-packages/airflow/example_dags/example_task_group.py for tasks to queue
[2025-11-09T20:44:43.120+0000] {logging_mixin.py:190} INFO - [2025-11-09T20:44:43.120+0000] {dagbag.py:588} INFO - Filling up the DagBag from /home/airflow/.local/lib/python3.12/site-packages/airflow/example_dags/example_task_group.py
[2025-11-09T20:44:43.139+0000] {processor.py:925} INFO - DAG(s) 'example_task_group' retrieved from /home/airflow/.local/lib/python3.12/site-packages/airflow/example_dags/example_task_group.py
[2025-11-09T20:44:43.175+0000] {logging_mixin.py:190} INFO - [2025-11-09T20:44:43.175+0000] {dag.py:3239} INFO - Sync 1 DAGs
[2025-11-09T20:44:43.203+0000] {logging_mixin.py:190} INFO - [2025-11-09T20:44:43.203+0000] {dag.py:4180} INFO - Setting next_dagrun for example_task_group to None, run_after=None
[2025-11-09T20:44:43.234+0000] {processor.py:208} INFO - Processing /home/airflow/.local/lib/python3.12/site-packages/airflow/example_dags/example_task_group.py took 0.132 seconds
[2025-11-09T20:45:13.918+0000] {processor.py:186} INFO - Started process (PID=2248) to work on /home/airflow/.local/lib/python3.12/site-packages/airflow/example_dags/example_task_group.py
[2025-11-09T20:45:13.920+0000] {processor.py:914} INFO - Processing file /home/airflow/.local/lib/python3.12/site-packages/airflow/example_dags/example_task_group.py for tasks to queue
[2025-11-09T20:45:13.926+0000] {logging_mixin.py:190} INFO - [2025-11-09T20:45:13.925+0000] {dagbag.py:588} INFO - Filling up the DagBag from /home/airflow/.local/lib/python3.12/site-packages/airflow/example_dags/example_task_group.py
[2025-11-09T20:45:13.947+0000] {processor.py:925} INFO - DAG(s) 'example_task_group' retrieved from /home/airflow/.local/lib/python3.12/site-packages/airflow/example_dags/example_task_group.py
[2025-11-09T20:45:14.000+0000] {logging_mixin.py:190} INFO - [2025-11-09T20:45:13.999+0000] {dag.py:3239} INFO - Sync 1 DAGs
[2025-11-09T20:45:14.033+0000] {logging_mixin.py:190} INFO - [2025-11-09T20:45:14.032+0000] {dag.py:4180} INFO - Setting next_dagrun for example_task_group to None, run_after=None
[2025-11-09T20:45:14.075+0000] {processor.py:208} INFO - Processing /home/airflow/.local/lib/python3.12/site-packages/airflow/example_dags/example_task_group.py took 0.169 seconds
[2025-11-09T20:45:44.615+0000] {processor.py:186} INFO - Started process (PID=2312) to work on /home/airflow/.local/lib/python3.12/site-packages/airflow/example_dags/example_task_group.py
[2025-11-09T20:45:44.618+0000] {processor.py:914} INFO - Processing file /home/airflow/.local/lib/python3.12/site-packages/airflow/example_dags/example_task_group.py for tasks to queue
[2025-11-09T20:45:44.623+0000] {logging_mixin.py:190} INFO - [2025-11-09T20:45:44.622+0000] {dagbag.py:588} INFO - Filling up the DagBag from /home/airflow/.local/lib/python3.12/site-packages/airflow/example_dags/example_task_group.py
[2025-11-09T20:45:44.645+0000] {processor.py:925} INFO - DAG(s) 'example_task_group' retrieved from /home/airflow/.local/lib/python3.12/site-packages/airflow/example_dags/example_task_group.py
[2025-11-09T20:45:44.685+0000] {logging_mixin.py:190} INFO - [2025-11-09T20:45:44.684+0000] {dag.py:3239} INFO - Sync 1 DAGs
[2025-11-09T20:45:44.714+0000] {logging_mixin.py:190} INFO - [2025-11-09T20:45:44.713+0000] {dag.py:4180} INFO - Setting next_dagrun for example_task_group to None, run_after=None
[2025-11-09T20:45:44.747+0000] {processor.py:208} INFO - Processing /home/airflow/.local/lib/python3.12/site-packages/airflow/example_dags/example_task_group.py took 0.144 seconds
[2025-11-09T20:46:15.563+0000] {processor.py:186} INFO - Started process (PID=2376) to work on /home/airflow/.local/lib/python3.12/site-packages/airflow/example_dags/example_task_group.py
[2025-11-09T20:46:15.566+0000] {processor.py:914} INFO - Processing file /home/airflow/.local/lib/python3.12/site-packages/airflow/example_dags/example_task_group.py for tasks to queue
[2025-11-09T20:46:15.572+0000] {logging_mixin.py:190} INFO - [2025-11-09T20:46:15.571+0000] {dagbag.py:588} INFO - Filling up the DagBag from /home/airflow/.local/lib/python3.12/site-packages/airflow/example_dags/example_task_group.py
[2025-11-09T20:46:15.597+0000] {processor.py:925} INFO - DAG(s) 'example_task_group' retrieved from /home/airflow/.local/lib/python3.12/site-packages/airflow/example_dags/example_task_group.py
[2025-11-09T20:46:15.655+0000] {logging_mixin.py:190} INFO - [2025-11-09T20:46:15.655+0000] {dag.py:3239} INFO - Sync 1 DAGs
[2025-11-09T20:46:15.695+0000] {logging_mixin.py:190} INFO - [2025-11-09T20:46:15.695+0000] {dag.py:4180} INFO - Setting next_dagrun for example_task_group to None, run_after=None
[2025-11-09T20:46:15.746+0000] {processor.py:208} INFO - Processing /home/airflow/.local/lib/python3.12/site-packages/airflow/example_dags/example_task_group.py took 0.195 seconds
[2025-11-09T20:46:46.004+0000] {processor.py:186} INFO - Started process (PID=2440) to work on /home/airflow/.local/lib/python3.12/site-packages/airflow/example_dags/example_task_group.py
[2025-11-09T20:46:46.006+0000] {processor.py:914} INFO - Processing file /home/airflow/.local/lib/python3.12/site-packages/airflow/example_dags/example_task_group.py for tasks to queue
[2025-11-09T20:46:46.012+0000] {logging_mixin.py:190} INFO - [2025-11-09T20:46:46.011+0000] {dagbag.py:588} INFO - Filling up the DagBag from /home/airflow/.local/lib/python3.12/site-packages/airflow/example_dags/example_task_group.py
[2025-11-09T20:46:46.030+0000] {processor.py:925} INFO - DAG(s) 'example_task_group' retrieved from /home/airflow/.local/lib/python3.12/site-packages/airflow/example_dags/example_task_group.py
[2025-11-09T20:46:46.104+0000] {logging_mixin.py:190} INFO - [2025-11-09T20:46:46.104+0000] {dag.py:3239} INFO - Sync 1 DAGs
[2025-11-09T20:46:46.140+0000] {logging_mixin.py:190} INFO - [2025-11-09T20:46:46.140+0000] {dag.py:4180} INFO - Setting next_dagrun for example_task_group to None, run_after=None
[2025-11-09T20:46:46.185+0000] {processor.py:208} INFO - Processing /home/airflow/.local/lib/python3.12/site-packages/airflow/example_dags/example_task_group.py took 0.194 seconds
[2025-11-09T20:47:16.936+0000] {processor.py:186} INFO - Started process (PID=2505) to work on /home/airflow/.local/lib/python3.12/site-packages/airflow/example_dags/example_task_group.py
[2025-11-09T20:47:16.938+0000] {processor.py:914} INFO - Processing file /home/airflow/.local/lib/python3.12/site-packages/airflow/example_dags/example_task_group.py for tasks to queue
[2025-11-09T20:47:16.943+0000] {logging_mixin.py:190} INFO - [2025-11-09T20:47:16.943+0000] {dagbag.py:588} INFO - Filling up the DagBag from /home/airflow/.local/lib/python3.12/site-packages/airflow/example_dags/example_task_group.py
[2025-11-09T20:47:16.956+0000] {processor.py:925} INFO - DAG(s) 'example_task_group' retrieved from /home/airflow/.local/lib/python3.12/site-packages/airflow/example_dags/example_task_group.py
[2025-11-09T20:47:16.992+0000] {logging_mixin.py:190} INFO - [2025-11-09T20:47:16.992+0000] {dag.py:3239} INFO - Sync 1 DAGs
[2025-11-09T20:47:17.016+0000] {logging_mixin.py:190} INFO - [2025-11-09T20:47:17.016+0000] {dag.py:4180} INFO - Setting next_dagrun for example_task_group to None, run_after=None
[2025-11-09T20:47:17.045+0000] {processor.py:208} INFO - Processing /home/airflow/.local/lib/python3.12/site-packages/airflow/example_dags/example_task_group.py took 0.118 seconds
[2025-11-09T20:47:47.672+0000] {processor.py:186} INFO - Started process (PID=2570) to work on /home/airflow/.local/lib/python3.12/site-packages/airflow/example_dags/example_task_group.py
[2025-11-09T20:47:47.674+0000] {processor.py:914} INFO - Processing file /home/airflow/.local/lib/python3.12/site-packages/airflow/example_dags/example_task_group.py for tasks to queue
[2025-11-09T20:47:47.681+0000] {logging_mixin.py:190} INFO - [2025-11-09T20:47:47.681+0000] {dagbag.py:588} INFO - Filling up the DagBag from /home/airflow/.local/lib/python3.12/site-packages/airflow/example_dags/example_task_group.py
[2025-11-09T20:47:47.699+0000] {processor.py:925} INFO - DAG(s) 'example_task_group' retrieved from /home/airflow/.local/lib/python3.12/site-packages/airflow/example_dags/example_task_group.py
[2025-11-09T20:47:47.736+0000] {logging_mixin.py:190} INFO - [2025-11-09T20:47:47.736+0000] {dag.py:3239} INFO - Sync 1 DAGs
[2025-11-09T20:47:47.765+0000] {logging_mixin.py:190} INFO - [2025-11-09T20:47:47.764+0000] {dag.py:4180} INFO - Setting next_dagrun for example_task_group to None, run_after=None
[2025-11-09T20:47:47.799+0000] {processor.py:208} INFO - Processing /home/airflow/.local/lib/python3.12/site-packages/airflow/example_dags/example_task_group.py took 0.136 seconds
[2025-11-09T20:48:18.229+0000] {processor.py:186} INFO - Started process (PID=2635) to work on /home/airflow/.local/lib/python3.12/site-packages/airflow/example_dags/example_task_group.py
[2025-11-09T20:48:18.231+0000] {processor.py:914} INFO - Processing file /home/airflow/.local/lib/python3.12/site-packages/airflow/example_dags/example_task_group.py for tasks to queue
[2025-11-09T20:48:18.237+0000] {logging_mixin.py:190} INFO - [2025-11-09T20:48:18.236+0000] {dagbag.py:588} INFO - Filling up the DagBag from /home/airflow/.local/lib/python3.12/site-packages/airflow/example_dags/example_task_group.py
[2025-11-09T20:48:18.259+0000] {processor.py:925} INFO - DAG(s) 'example_task_group' retrieved from /home/airflow/.local/lib/python3.12/site-packages/airflow/example_dags/example_task_group.py
[2025-11-09T20:48:18.307+0000] {logging_mixin.py:190} INFO - [2025-11-09T20:48:18.306+0000] {dag.py:3239} INFO - Sync 1 DAGs
[2025-11-09T20:48:18.336+0000] {logging_mixin.py:190} INFO - [2025-11-09T20:48:18.335+0000] {dag.py:4180} INFO - Setting next_dagrun for example_task_group to None, run_after=None
[2025-11-09T20:48:18.381+0000] {processor.py:208} INFO - Processing /home/airflow/.local/lib/python3.12/site-packages/airflow/example_dags/example_task_group.py took 0.165 seconds
[2025-11-09T20:48:48.866+0000] {processor.py:186} INFO - Started process (PID=2700) to work on /home/airflow/.local/lib/python3.12/site-packages/airflow/example_dags/example_task_group.py
[2025-11-09T20:48:48.869+0000] {processor.py:914} INFO - Processing file /home/airflow/.local/lib/python3.12/site-packages/airflow/example_dags/example_task_group.py for tasks to queue
[2025-11-09T20:48:48.878+0000] {logging_mixin.py:190} INFO - [2025-11-09T20:48:48.877+0000] {dagbag.py:588} INFO - Filling up the DagBag from /home/airflow/.local/lib/python3.12/site-packages/airflow/example_dags/example_task_group.py
[2025-11-09T20:48:48.905+0000] {processor.py:925} INFO - DAG(s) 'example_task_group' retrieved from /home/airflow/.local/lib/python3.12/site-packages/airflow/example_dags/example_task_group.py
[2025-11-09T20:48:48.960+0000] {logging_mixin.py:190} INFO - [2025-11-09T20:48:48.960+0000] {dag.py:3239} INFO - Sync 1 DAGs
[2025-11-09T20:48:48.993+0000] {logging_mixin.py:190} INFO - [2025-11-09T20:48:48.993+0000] {dag.py:4180} INFO - Setting next_dagrun for example_task_group to None, run_after=None
[2025-11-09T20:48:49.034+0000] {processor.py:208} INFO - Processing /home/airflow/.local/lib/python3.12/site-packages/airflow/example_dags/example_task_group.py took 0.185 seconds
[2025-11-09T20:49:19.988+0000] {processor.py:186} INFO - Started process (PID=2763) to work on /home/airflow/.local/lib/python3.12/site-packages/airflow/example_dags/example_task_group.py
[2025-11-09T20:49:19.989+0000] {processor.py:914} INFO - Processing file /home/airflow/.local/lib/python3.12/site-packages/airflow/example_dags/example_task_group.py for tasks to queue
[2025-11-09T20:49:19.996+0000] {logging_mixin.py:190} INFO - [2025-11-09T20:49:19.995+0000] {dagbag.py:588} INFO - Filling up the DagBag from /home/airflow/.local/lib/python3.12/site-packages/airflow/example_dags/example_task_group.py
[2025-11-09T20:49:20.012+0000] {processor.py:925} INFO - DAG(s) 'example_task_group' retrieved from /home/airflow/.local/lib/python3.12/site-packages/airflow/example_dags/example_task_group.py
[2025-11-09T20:49:20.052+0000] {logging_mixin.py:190} INFO - [2025-11-09T20:49:20.051+0000] {dag.py:3239} INFO - Sync 1 DAGs
[2025-11-09T20:49:20.308+0000] {logging_mixin.py:190} INFO - [2025-11-09T20:49:20.308+0000] {dag.py:4180} INFO - Setting next_dagrun for example_task_group to None, run_after=None
[2025-11-09T20:49:20.340+0000] {processor.py:208} INFO - Processing /home/airflow/.local/lib/python3.12/site-packages/airflow/example_dags/example_task_group.py took 0.362 seconds
[2025-11-09T20:49:50.877+0000] {processor.py:186} INFO - Started process (PID=2827) to work on /home/airflow/.local/lib/python3.12/site-packages/airflow/example_dags/example_task_group.py
[2025-11-09T20:49:50.879+0000] {processor.py:914} INFO - Processing file /home/airflow/.local/lib/python3.12/site-packages/airflow/example_dags/example_task_group.py for tasks to queue
[2025-11-09T20:49:50.885+0000] {logging_mixin.py:190} INFO - [2025-11-09T20:49:50.885+0000] {dagbag.py:588} INFO - Filling up the DagBag from /home/airflow/.local/lib/python3.12/site-packages/airflow/example_dags/example_task_group.py
[2025-11-09T20:49:50.901+0000] {processor.py:925} INFO - DAG(s) 'example_task_group' retrieved from /home/airflow/.local/lib/python3.12/site-packages/airflow/example_dags/example_task_group.py
[2025-11-09T20:49:50.951+0000] {logging_mixin.py:190} INFO - [2025-11-09T20:49:50.950+0000] {dag.py:3239} INFO - Sync 1 DAGs
[2025-11-09T20:49:51.279+0000] {logging_mixin.py:190} INFO - [2025-11-09T20:49:51.279+0000] {dag.py:4180} INFO - Setting next_dagrun for example_task_group to None, run_after=None
[2025-11-09T20:49:51.312+0000] {processor.py:208} INFO - Processing /home/airflow/.local/lib/python3.12/site-packages/airflow/example_dags/example_task_group.py took 0.446 seconds
[2025-11-09T20:50:21.792+0000] {processor.py:186} INFO - Started process (PID=2891) to work on /home/airflow/.local/lib/python3.12/site-packages/airflow/example_dags/example_task_group.py
[2025-11-09T20:50:21.794+0000] {processor.py:914} INFO - Processing file /home/airflow/.local/lib/python3.12/site-packages/airflow/example_dags/example_task_group.py for tasks to queue
[2025-11-09T20:50:21.799+0000] {logging_mixin.py:190} INFO - [2025-11-09T20:50:21.799+0000] {dagbag.py:588} INFO - Filling up the DagBag from /home/airflow/.local/lib/python3.12/site-packages/airflow/example_dags/example_task_group.py
[2025-11-09T20:50:21.817+0000] {processor.py:925} INFO - DAG(s) 'example_task_group' retrieved from /home/airflow/.local/lib/python3.12/site-packages/airflow/example_dags/example_task_group.py
[2025-11-09T20:50:21.864+0000] {logging_mixin.py:190} INFO - [2025-11-09T20:50:21.864+0000] {dag.py:3239} INFO - Sync 1 DAGs
[2025-11-09T20:50:22.203+0000] {logging_mixin.py:190} INFO - [2025-11-09T20:50:22.203+0000] {dag.py:4180} INFO - Setting next_dagrun for example_task_group to None, run_after=None
[2025-11-09T20:50:22.237+0000] {processor.py:208} INFO - Processing /home/airflow/.local/lib/python3.12/site-packages/airflow/example_dags/example_task_group.py took 0.458 seconds
[2025-11-09T20:50:52.716+0000] {processor.py:186} INFO - Started process (PID=2955) to work on /home/airflow/.local/lib/python3.12/site-packages/airflow/example_dags/example_task_group.py
[2025-11-09T20:50:52.718+0000] {processor.py:914} INFO - Processing file /home/airflow/.local/lib/python3.12/site-packages/airflow/example_dags/example_task_group.py for tasks to queue
[2025-11-09T20:50:52.725+0000] {logging_mixin.py:190} INFO - [2025-11-09T20:50:52.725+0000] {dagbag.py:588} INFO - Filling up the DagBag from /home/airflow/.local/lib/python3.12/site-packages/airflow/example_dags/example_task_group.py
[2025-11-09T20:50:52.746+0000] {processor.py:925} INFO - DAG(s) 'example_task_group' retrieved from /home/airflow/.local/lib/python3.12/site-packages/airflow/example_dags/example_task_group.py
[2025-11-09T20:50:52.794+0000] {logging_mixin.py:190} INFO - [2025-11-09T20:50:52.794+0000] {dag.py:3239} INFO - Sync 1 DAGs
[2025-11-09T20:50:52.838+0000] {logging_mixin.py:190} INFO - [2025-11-09T20:50:52.837+0000] {dag.py:4180} INFO - Setting next_dagrun for example_task_group to None, run_after=None
[2025-11-09T20:50:52.901+0000] {processor.py:208} INFO - Processing /home/airflow/.local/lib/python3.12/site-packages/airflow/example_dags/example_task_group.py took 0.199 seconds
[2025-11-09T20:51:23.354+0000] {processor.py:186} INFO - Started process (PID=3020) to work on /home/airflow/.local/lib/python3.12/site-packages/airflow/example_dags/example_task_group.py
[2025-11-09T20:51:23.356+0000] {processor.py:914} INFO - Processing file /home/airflow/.local/lib/python3.12/site-packages/airflow/example_dags/example_task_group.py for tasks to queue
[2025-11-09T20:51:23.364+0000] {logging_mixin.py:190} INFO - [2025-11-09T20:51:23.363+0000] {dagbag.py:588} INFO - Filling up the DagBag from /home/airflow/.local/lib/python3.12/site-packages/airflow/example_dags/example_task_group.py
[2025-11-09T20:51:23.387+0000] {processor.py:925} INFO - DAG(s) 'example_task_group' retrieved from /home/airflow/.local/lib/python3.12/site-packages/airflow/example_dags/example_task_group.py
[2025-11-09T20:51:23.442+0000] {logging_mixin.py:190} INFO - [2025-11-09T20:51:23.441+0000] {dag.py:3239} INFO - Sync 1 DAGs
[2025-11-09T20:51:23.482+0000] {logging_mixin.py:190} INFO - [2025-11-09T20:51:23.481+0000] {dag.py:4180} INFO - Setting next_dagrun for example_task_group to None, run_after=None
[2025-11-09T20:51:23.529+0000] {processor.py:208} INFO - Processing /home/airflow/.local/lib/python3.12/site-packages/airflow/example_dags/example_task_group.py took 0.189 seconds
[2025-11-09T20:51:54.320+0000] {processor.py:186} INFO - Started process (PID=3084) to work on /home/airflow/.local/lib/python3.12/site-packages/airflow/example_dags/example_task_group.py
[2025-11-09T20:51:54.323+0000] {processor.py:914} INFO - Processing file /home/airflow/.local/lib/python3.12/site-packages/airflow/example_dags/example_task_group.py for tasks to queue
[2025-11-09T20:51:54.330+0000] {logging_mixin.py:190} INFO - [2025-11-09T20:51:54.330+0000] {dagbag.py:588} INFO - Filling up the DagBag from /home/airflow/.local/lib/python3.12/site-packages/airflow/example_dags/example_task_group.py
[2025-11-09T20:51:54.353+0000] {processor.py:925} INFO - DAG(s) 'example_task_group' retrieved from /home/airflow/.local/lib/python3.12/site-packages/airflow/example_dags/example_task_group.py
[2025-11-09T20:51:54.403+0000] {logging_mixin.py:190} INFO - [2025-11-09T20:51:54.403+0000] {dag.py:3239} INFO - Sync 1 DAGs
[2025-11-09T20:51:54.434+0000] {logging_mixin.py:190} INFO - [2025-11-09T20:51:54.434+0000] {dag.py:4180} INFO - Setting next_dagrun for example_task_group to None, run_after=None
[2025-11-09T20:51:54.473+0000] {processor.py:208} INFO - Processing /home/airflow/.local/lib/python3.12/site-packages/airflow/example_dags/example_task_group.py took 0.166 seconds
[2025-11-09T20:52:24.781+0000] {processor.py:186} INFO - Started process (PID=3153) to work on /home/airflow/.local/lib/python3.12/site-packages/airflow/example_dags/example_task_group.py
[2025-11-09T20:52:24.783+0000] {processor.py:914} INFO - Processing file /home/airflow/.local/lib/python3.12/site-packages/airflow/example_dags/example_task_group.py for tasks to queue
[2025-11-09T20:52:24.789+0000] {logging_mixin.py:190} INFO - [2025-11-09T20:52:24.788+0000] {dagbag.py:588} INFO - Filling up the DagBag from /home/airflow/.local/lib/python3.12/site-packages/airflow/example_dags/example_task_group.py
[2025-11-09T20:52:24.806+0000] {processor.py:925} INFO - DAG(s) 'example_task_group' retrieved from /home/airflow/.local/lib/python3.12/site-packages/airflow/example_dags/example_task_group.py
[2025-11-09T20:52:24.846+0000] {logging_mixin.py:190} INFO - [2025-11-09T20:52:24.846+0000] {dag.py:3239} INFO - Sync 1 DAGs
[2025-11-09T20:52:24.872+0000] {logging_mixin.py:190} INFO - [2025-11-09T20:52:24.871+0000] {dag.py:4180} INFO - Setting next_dagrun for example_task_group to None, run_after=None
[2025-11-09T20:52:24.908+0000] {processor.py:208} INFO - Processing /home/airflow/.local/lib/python3.12/site-packages/airflow/example_dags/example_task_group.py took 0.140 seconds
[2025-11-09T20:52:55.633+0000] {processor.py:186} INFO - Started process (PID=3216) to work on /home/airflow/.local/lib/python3.12/site-packages/airflow/example_dags/example_task_group.py
[2025-11-09T20:52:55.635+0000] {processor.py:914} INFO - Processing file /home/airflow/.local/lib/python3.12/site-packages/airflow/example_dags/example_task_group.py for tasks to queue
[2025-11-09T20:52:55.642+0000] {logging_mixin.py:190} INFO - [2025-11-09T20:52:55.641+0000] {dagbag.py:588} INFO - Filling up the DagBag from /home/airflow/.local/lib/python3.12/site-packages/airflow/example_dags/example_task_group.py
[2025-11-09T20:52:55.660+0000] {processor.py:925} INFO - DAG(s) 'example_task_group' retrieved from /home/airflow/.local/lib/python3.12/site-packages/airflow/example_dags/example_task_group.py
[2025-11-09T20:52:55.706+0000] {logging_mixin.py:190} INFO - [2025-11-09T20:52:55.705+0000] {dag.py:3239} INFO - Sync 1 DAGs
[2025-11-09T20:52:55.736+0000] {logging_mixin.py:190} INFO - [2025-11-09T20:52:55.736+0000] {dag.py:4180} INFO - Setting next_dagrun for example_task_group to None, run_after=None
[2025-11-09T20:52:55.779+0000] {processor.py:208} INFO - Processing /home/airflow/.local/lib/python3.12/site-packages/airflow/example_dags/example_task_group.py took 0.157 seconds
[2025-11-09T20:53:26.110+0000] {processor.py:186} INFO - Started process (PID=3280) to work on /home/airflow/.local/lib/python3.12/site-packages/airflow/example_dags/example_task_group.py
[2025-11-09T20:53:26.113+0000] {processor.py:914} INFO - Processing file /home/airflow/.local/lib/python3.12/site-packages/airflow/example_dags/example_task_group.py for tasks to queue
[2025-11-09T20:53:26.118+0000] {logging_mixin.py:190} INFO - [2025-11-09T20:53:26.118+0000] {dagbag.py:588} INFO - Filling up the DagBag from /home/airflow/.local/lib/python3.12/site-packages/airflow/example_dags/example_task_group.py
[2025-11-09T20:53:26.140+0000] {processor.py:925} INFO - DAG(s) 'example_task_group' retrieved from /home/airflow/.local/lib/python3.12/site-packages/airflow/example_dags/example_task_group.py
[2025-11-09T20:53:26.196+0000] {logging_mixin.py:190} INFO - [2025-11-09T20:53:26.195+0000] {dag.py:3239} INFO - Sync 1 DAGs
[2025-11-09T20:53:26.239+0000] {logging_mixin.py:190} INFO - [2025-11-09T20:53:26.238+0000] {dag.py:4180} INFO - Setting next_dagrun for example_task_group to None, run_after=None
[2025-11-09T20:53:26.296+0000] {processor.py:208} INFO - Processing /home/airflow/.local/lib/python3.12/site-packages/airflow/example_dags/example_task_group.py took 0.199 seconds
[2025-11-09T20:53:56.719+0000] {processor.py:186} INFO - Started process (PID=3344) to work on /home/airflow/.local/lib/python3.12/site-packages/airflow/example_dags/example_task_group.py
[2025-11-09T20:53:56.722+0000] {processor.py:914} INFO - Processing file /home/airflow/.local/lib/python3.12/site-packages/airflow/example_dags/example_task_group.py for tasks to queue
[2025-11-09T20:53:56.727+0000] {logging_mixin.py:190} INFO - [2025-11-09T20:53:56.727+0000] {dagbag.py:588} INFO - Filling up the DagBag from /home/airflow/.local/lib/python3.12/site-packages/airflow/example_dags/example_task_group.py
[2025-11-09T20:53:56.747+0000] {processor.py:925} INFO - DAG(s) 'example_task_group' retrieved from /home/airflow/.local/lib/python3.12/site-packages/airflow/example_dags/example_task_group.py
[2025-11-09T20:53:56.807+0000] {logging_mixin.py:190} INFO - [2025-11-09T20:53:56.806+0000] {dag.py:3239} INFO - Sync 1 DAGs
[2025-11-09T20:53:56.837+0000] {logging_mixin.py:190} INFO - [2025-11-09T20:53:56.837+0000] {dag.py:4180} INFO - Setting next_dagrun for example_task_group to None, run_after=None
[2025-11-09T20:53:56.882+0000] {processor.py:208} INFO - Processing /home/airflow/.local/lib/python3.12/site-packages/airflow/example_dags/example_task_group.py took 0.177 seconds
[2025-11-09T20:54:27.772+0000] {processor.py:186} INFO - Started process (PID=3408) to work on /home/airflow/.local/lib/python3.12/site-packages/airflow/example_dags/example_task_group.py
[2025-11-09T20:54:27.775+0000] {processor.py:914} INFO - Processing file /home/airflow/.local/lib/python3.12/site-packages/airflow/example_dags/example_task_group.py for tasks to queue
[2025-11-09T20:54:27.783+0000] {logging_mixin.py:190} INFO - [2025-11-09T20:54:27.782+0000] {dagbag.py:588} INFO - Filling up the DagBag from /home/airflow/.local/lib/python3.12/site-packages/airflow/example_dags/example_task_group.py
[2025-11-09T20:54:27.808+0000] {processor.py:925} INFO - DAG(s) 'example_task_group' retrieved from /home/airflow/.local/lib/python3.12/site-packages/airflow/example_dags/example_task_group.py
[2025-11-09T20:54:27.862+0000] {logging_mixin.py:190} INFO - [2025-11-09T20:54:27.862+0000] {dag.py:3239} INFO - Sync 1 DAGs
[2025-11-09T20:54:27.891+0000] {logging_mixin.py:190} INFO - [2025-11-09T20:54:27.891+0000] {dag.py:4180} INFO - Setting next_dagrun for example_task_group to None, run_after=None
[2025-11-09T20:54:27.936+0000] {processor.py:208} INFO - Processing /home/airflow/.local/lib/python3.12/site-packages/airflow/example_dags/example_task_group.py took 0.182 seconds
[2025-11-09T20:54:58.199+0000] {processor.py:186} INFO - Started process (PID=3472) to work on /home/airflow/.local/lib/python3.12/site-packages/airflow/example_dags/example_task_group.py
[2025-11-09T20:54:58.201+0000] {processor.py:914} INFO - Processing file /home/airflow/.local/lib/python3.12/site-packages/airflow/example_dags/example_task_group.py for tasks to queue
[2025-11-09T20:54:58.208+0000] {logging_mixin.py:190} INFO - [2025-11-09T20:54:58.207+0000] {dagbag.py:588} INFO - Filling up the DagBag from /home/airflow/.local/lib/python3.12/site-packages/airflow/example_dags/example_task_group.py
[2025-11-09T20:54:58.228+0000] {processor.py:925} INFO - DAG(s) 'example_task_group' retrieved from /home/airflow/.local/lib/python3.12/site-packages/airflow/example_dags/example_task_group.py
[2025-11-09T20:54:58.295+0000] {logging_mixin.py:190} INFO - [2025-11-09T20:54:58.295+0000] {dag.py:3239} INFO - Sync 1 DAGs
[2025-11-09T20:54:58.375+0000] {logging_mixin.py:190} INFO - [2025-11-09T20:54:58.374+0000] {dag.py:4180} INFO - Setting next_dagrun for example_task_group to None, run_after=None
[2025-11-09T20:54:58.442+0000] {processor.py:208} INFO - Processing /home/airflow/.local/lib/python3.12/site-packages/airflow/example_dags/example_task_group.py took 0.257 seconds
[2025-11-09T20:55:28.785+0000] {processor.py:186} INFO - Started process (PID=3540) to work on /home/airflow/.local/lib/python3.12/site-packages/airflow/example_dags/example_task_group.py
[2025-11-09T20:55:28.789+0000] {processor.py:914} INFO - Processing file /home/airflow/.local/lib/python3.12/site-packages/airflow/example_dags/example_task_group.py for tasks to queue
[2025-11-09T20:55:28.798+0000] {logging_mixin.py:190} INFO - [2025-11-09T20:55:28.797+0000] {dagbag.py:588} INFO - Filling up the DagBag from /home/airflow/.local/lib/python3.12/site-packages/airflow/example_dags/example_task_group.py
[2025-11-09T20:55:28.827+0000] {processor.py:925} INFO - DAG(s) 'example_task_group' retrieved from /home/airflow/.local/lib/python3.12/site-packages/airflow/example_dags/example_task_group.py
[2025-11-09T20:55:28.944+0000] {logging_mixin.py:190} INFO - [2025-11-09T20:55:28.943+0000] {dag.py:3239} INFO - Sync 1 DAGs
[2025-11-09T20:55:29.054+0000] {logging_mixin.py:190} INFO - [2025-11-09T20:55:29.054+0000] {dag.py:4180} INFO - Setting next_dagrun for example_task_group to None, run_after=None
[2025-11-09T20:55:29.163+0000] {processor.py:208} INFO - Processing /home/airflow/.local/lib/python3.12/site-packages/airflow/example_dags/example_task_group.py took 0.395 seconds
[2025-11-09T20:55:59.933+0000] {processor.py:186} INFO - Started process (PID=3604) to work on /home/airflow/.local/lib/python3.12/site-packages/airflow/example_dags/example_task_group.py
[2025-11-09T20:55:59.935+0000] {processor.py:914} INFO - Processing file /home/airflow/.local/lib/python3.12/site-packages/airflow/example_dags/example_task_group.py for tasks to queue
[2025-11-09T20:55:59.943+0000] {logging_mixin.py:190} INFO - [2025-11-09T20:55:59.942+0000] {dagbag.py:588} INFO - Filling up the DagBag from /home/airflow/.local/lib/python3.12/site-packages/airflow/example_dags/example_task_group.py
[2025-11-09T20:55:59.960+0000] {processor.py:925} INFO - DAG(s) 'example_task_group' retrieved from /home/airflow/.local/lib/python3.12/site-packages/airflow/example_dags/example_task_group.py
[2025-11-09T20:56:00.010+0000] {logging_mixin.py:190} INFO - [2025-11-09T20:56:00.010+0000] {dag.py:3239} INFO - Sync 1 DAGs
[2025-11-09T20:56:00.042+0000] {logging_mixin.py:190} INFO - [2025-11-09T20:56:00.041+0000] {dag.py:4180} INFO - Setting next_dagrun for example_task_group to None, run_after=None
[2025-11-09T20:56:00.080+0000] {processor.py:208} INFO - Processing /home/airflow/.local/lib/python3.12/site-packages/airflow/example_dags/example_task_group.py took 0.158 seconds
[2025-11-09T20:56:30.326+0000] {processor.py:186} INFO - Started process (PID=3667) to work on /home/airflow/.local/lib/python3.12/site-packages/airflow/example_dags/example_task_group.py
[2025-11-09T20:56:30.329+0000] {processor.py:914} INFO - Processing file /home/airflow/.local/lib/python3.12/site-packages/airflow/example_dags/example_task_group.py for tasks to queue
[2025-11-09T20:56:30.338+0000] {logging_mixin.py:190} INFO - [2025-11-09T20:56:30.337+0000] {dagbag.py:588} INFO - Filling up the DagBag from /home/airflow/.local/lib/python3.12/site-packages/airflow/example_dags/example_task_group.py
[2025-11-09T20:56:30.359+0000] {processor.py:925} INFO - DAG(s) 'example_task_group' retrieved from /home/airflow/.local/lib/python3.12/site-packages/airflow/example_dags/example_task_group.py
[2025-11-09T20:56:30.404+0000] {logging_mixin.py:190} INFO - [2025-11-09T20:56:30.403+0000] {dag.py:3239} INFO - Sync 1 DAGs
[2025-11-09T20:56:30.432+0000] {logging_mixin.py:190} INFO - [2025-11-09T20:56:30.431+0000] {dag.py:4180} INFO - Setting next_dagrun for example_task_group to None, run_after=None
[2025-11-09T20:56:30.466+0000] {processor.py:208} INFO - Processing /home/airflow/.local/lib/python3.12/site-packages/airflow/example_dags/example_task_group.py took 0.158 seconds
[2025-11-09T20:57:01.205+0000] {processor.py:186} INFO - Started process (PID=3731) to work on /home/airflow/.local/lib/python3.12/site-packages/airflow/example_dags/example_task_group.py
[2025-11-09T20:57:01.207+0000] {processor.py:914} INFO - Processing file /home/airflow/.local/lib/python3.12/site-packages/airflow/example_dags/example_task_group.py for tasks to queue
[2025-11-09T20:57:01.212+0000] {logging_mixin.py:190} INFO - [2025-11-09T20:57:01.211+0000] {dagbag.py:588} INFO - Filling up the DagBag from /home/airflow/.local/lib/python3.12/site-packages/airflow/example_dags/example_task_group.py
[2025-11-09T20:57:01.230+0000] {processor.py:925} INFO - DAG(s) 'example_task_group' retrieved from /home/airflow/.local/lib/python3.12/site-packages/airflow/example_dags/example_task_group.py
[2025-11-09T20:57:01.275+0000] {logging_mixin.py:190} INFO - [2025-11-09T20:57:01.275+0000] {dag.py:3239} INFO - Sync 1 DAGs
[2025-11-09T20:57:01.306+0000] {logging_mixin.py:190} INFO - [2025-11-09T20:57:01.305+0000] {dag.py:4180} INFO - Setting next_dagrun for example_task_group to None, run_after=None
[2025-11-09T20:57:01.354+0000] {processor.py:208} INFO - Processing /home/airflow/.local/lib/python3.12/site-packages/airflow/example_dags/example_task_group.py took 0.160 seconds
[2025-11-09T20:57:31.480+0000] {processor.py:186} INFO - Started process (PID=3795) to work on /home/airflow/.local/lib/python3.12/site-packages/airflow/example_dags/example_task_group.py
[2025-11-09T20:57:31.482+0000] {processor.py:914} INFO - Processing file /home/airflow/.local/lib/python3.12/site-packages/airflow/example_dags/example_task_group.py for tasks to queue
[2025-11-09T20:57:31.488+0000] {logging_mixin.py:190} INFO - [2025-11-09T20:57:31.488+0000] {dagbag.py:588} INFO - Filling up the DagBag from /home/airflow/.local/lib/python3.12/site-packages/airflow/example_dags/example_task_group.py
[2025-11-09T20:57:31.503+0000] {processor.py:925} INFO - DAG(s) 'example_task_group' retrieved from /home/airflow/.local/lib/python3.12/site-packages/airflow/example_dags/example_task_group.py
[2025-11-09T20:57:31.550+0000] {logging_mixin.py:190} INFO - [2025-11-09T20:57:31.550+0000] {dag.py:3239} INFO - Sync 1 DAGs
[2025-11-09T20:57:31.582+0000] {logging_mixin.py:190} INFO - [2025-11-09T20:57:31.582+0000] {dag.py:4180} INFO - Setting next_dagrun for example_task_group to None, run_after=None
[2025-11-09T20:57:31.627+0000] {processor.py:208} INFO - Processing /home/airflow/.local/lib/python3.12/site-packages/airflow/example_dags/example_task_group.py took 0.163 seconds
[2025-11-09T20:58:02.305+0000] {processor.py:186} INFO - Started process (PID=3859) to work on /home/airflow/.local/lib/python3.12/site-packages/airflow/example_dags/example_task_group.py
[2025-11-09T20:58:02.306+0000] {processor.py:914} INFO - Processing file /home/airflow/.local/lib/python3.12/site-packages/airflow/example_dags/example_task_group.py for tasks to queue
[2025-11-09T20:58:02.311+0000] {logging_mixin.py:190} INFO - [2025-11-09T20:58:02.310+0000] {dagbag.py:588} INFO - Filling up the DagBag from /home/airflow/.local/lib/python3.12/site-packages/airflow/example_dags/example_task_group.py
[2025-11-09T20:58:02.324+0000] {processor.py:925} INFO - DAG(s) 'example_task_group' retrieved from /home/airflow/.local/lib/python3.12/site-packages/airflow/example_dags/example_task_group.py
[2025-11-09T20:58:02.374+0000] {logging_mixin.py:190} INFO - [2025-11-09T20:58:02.373+0000] {dag.py:3239} INFO - Sync 1 DAGs
[2025-11-09T20:58:02.402+0000] {logging_mixin.py:190} INFO - [2025-11-09T20:58:02.402+0000] {dag.py:4180} INFO - Setting next_dagrun for example_task_group to None, run_after=None
[2025-11-09T20:58:02.441+0000] {processor.py:208} INFO - Processing /home/airflow/.local/lib/python3.12/site-packages/airflow/example_dags/example_task_group.py took 0.147 seconds
[2025-11-09T20:58:32.566+0000] {processor.py:186} INFO - Started process (PID=3924) to work on /home/airflow/.local/lib/python3.12/site-packages/airflow/example_dags/example_task_group.py
[2025-11-09T20:58:32.568+0000] {processor.py:914} INFO - Processing file /home/airflow/.local/lib/python3.12/site-packages/airflow/example_dags/example_task_group.py for tasks to queue
[2025-11-09T20:58:32.574+0000] {logging_mixin.py:190} INFO - [2025-11-09T20:58:32.573+0000] {dagbag.py:588} INFO - Filling up the DagBag from /home/airflow/.local/lib/python3.12/site-packages/airflow/example_dags/example_task_group.py
[2025-11-09T20:58:32.594+0000] {processor.py:925} INFO - DAG(s) 'example_task_group' retrieved from /home/airflow/.local/lib/python3.12/site-packages/airflow/example_dags/example_task_group.py
[2025-11-09T20:58:32.637+0000] {logging_mixin.py:190} INFO - [2025-11-09T20:58:32.637+0000] {dag.py:3239} INFO - Sync 1 DAGs
[2025-11-09T20:58:32.664+0000] {logging_mixin.py:190} INFO - [2025-11-09T20:58:32.663+0000] {dag.py:4180} INFO - Setting next_dagrun for example_task_group to None, run_after=None
[2025-11-09T20:58:32.696+0000] {processor.py:208} INFO - Processing /home/airflow/.local/lib/python3.12/site-packages/airflow/example_dags/example_task_group.py took 0.142 seconds
[2025-11-09T20:59:03.190+0000] {processor.py:186} INFO - Started process (PID=3988) to work on /home/airflow/.local/lib/python3.12/site-packages/airflow/example_dags/example_task_group.py
[2025-11-09T20:59:03.192+0000] {processor.py:914} INFO - Processing file /home/airflow/.local/lib/python3.12/site-packages/airflow/example_dags/example_task_group.py for tasks to queue
[2025-11-09T20:59:03.199+0000] {logging_mixin.py:190} INFO - [2025-11-09T20:59:03.198+0000] {dagbag.py:588} INFO - Filling up the DagBag from /home/airflow/.local/lib/python3.12/site-packages/airflow/example_dags/example_task_group.py
[2025-11-09T20:59:03.217+0000] {processor.py:925} INFO - DAG(s) 'example_task_group' retrieved from /home/airflow/.local/lib/python3.12/site-packages/airflow/example_dags/example_task_group.py
[2025-11-09T20:59:03.265+0000] {logging_mixin.py:190} INFO - [2025-11-09T20:59:03.264+0000] {dag.py:3239} INFO - Sync 1 DAGs
[2025-11-09T20:59:03.296+0000] {logging_mixin.py:190} INFO - [2025-11-09T20:59:03.296+0000] {dag.py:4180} INFO - Setting next_dagrun for example_task_group to None, run_after=None
[2025-11-09T20:59:03.331+0000] {processor.py:208} INFO - Processing /home/airflow/.local/lib/python3.12/site-packages/airflow/example_dags/example_task_group.py took 0.153 seconds
[2025-11-09T20:59:33.706+0000] {processor.py:186} INFO - Started process (PID=4052) to work on /home/airflow/.local/lib/python3.12/site-packages/airflow/example_dags/example_task_group.py
[2025-11-09T20:59:33.709+0000] {processor.py:914} INFO - Processing file /home/airflow/.local/lib/python3.12/site-packages/airflow/example_dags/example_task_group.py for tasks to queue
[2025-11-09T20:59:33.715+0000] {logging_mixin.py:190} INFO - [2025-11-09T20:59:33.715+0000] {dagbag.py:588} INFO - Filling up the DagBag from /home/airflow/.local/lib/python3.12/site-packages/airflow/example_dags/example_task_group.py
[2025-11-09T20:59:33.733+0000] {processor.py:925} INFO - DAG(s) 'example_task_group' retrieved from /home/airflow/.local/lib/python3.12/site-packages/airflow/example_dags/example_task_group.py
[2025-11-09T20:59:33.772+0000] {logging_mixin.py:190} INFO - [2025-11-09T20:59:33.771+0000] {dag.py:3239} INFO - Sync 1 DAGs
[2025-11-09T20:59:33.796+0000] {logging_mixin.py:190} INFO - [2025-11-09T20:59:33.796+0000] {dag.py:4180} INFO - Setting next_dagrun for example_task_group to None, run_after=None
[2025-11-09T20:59:33.826+0000] {processor.py:208} INFO - Processing /home/airflow/.local/lib/python3.12/site-packages/airflow/example_dags/example_task_group.py took 0.131 seconds
[2025-11-09T21:00:04.522+0000] {processor.py:186} INFO - Started process (PID=4117) to work on /home/airflow/.local/lib/python3.12/site-packages/airflow/example_dags/example_task_group.py
[2025-11-09T21:00:04.524+0000] {processor.py:914} INFO - Processing file /home/airflow/.local/lib/python3.12/site-packages/airflow/example_dags/example_task_group.py for tasks to queue
[2025-11-09T21:00:04.531+0000] {logging_mixin.py:190} INFO - [2025-11-09T21:00:04.530+0000] {dagbag.py:588} INFO - Filling up the DagBag from /home/airflow/.local/lib/python3.12/site-packages/airflow/example_dags/example_task_group.py
[2025-11-09T21:00:04.550+0000] {processor.py:925} INFO - DAG(s) 'example_task_group' retrieved from /home/airflow/.local/lib/python3.12/site-packages/airflow/example_dags/example_task_group.py
[2025-11-09T21:00:04.598+0000] {logging_mixin.py:190} INFO - [2025-11-09T21:00:04.598+0000] {dag.py:3239} INFO - Sync 1 DAGs
[2025-11-09T21:00:04.628+0000] {logging_mixin.py:190} INFO - [2025-11-09T21:00:04.627+0000] {dag.py:4180} INFO - Setting next_dagrun for example_task_group to None, run_after=None
[2025-11-09T21:00:04.664+0000] {processor.py:208} INFO - Processing /home/airflow/.local/lib/python3.12/site-packages/airflow/example_dags/example_task_group.py took 0.157 seconds
[2025-11-09T21:00:35.683+0000] {processor.py:186} INFO - Started process (PID=4181) to work on /home/airflow/.local/lib/python3.12/site-packages/airflow/example_dags/example_task_group.py
[2025-11-09T21:00:35.687+0000] {processor.py:914} INFO - Processing file /home/airflow/.local/lib/python3.12/site-packages/airflow/example_dags/example_task_group.py for tasks to queue
[2025-11-09T21:00:35.700+0000] {logging_mixin.py:190} INFO - [2025-11-09T21:00:35.697+0000] {dagbag.py:588} INFO - Filling up the DagBag from /home/airflow/.local/lib/python3.12/site-packages/airflow/example_dags/example_task_group.py
[2025-11-09T21:00:35.739+0000] {processor.py:925} INFO - DAG(s) 'example_task_group' retrieved from /home/airflow/.local/lib/python3.12/site-packages/airflow/example_dags/example_task_group.py
[2025-11-09T21:00:35.822+0000] {logging_mixin.py:190} INFO - [2025-11-09T21:00:35.822+0000] {dag.py:3239} INFO - Sync 1 DAGs
[2025-11-09T21:00:35.881+0000] {logging_mixin.py:190} INFO - [2025-11-09T21:00:35.880+0000] {dag.py:4180} INFO - Setting next_dagrun for example_task_group to None, run_after=None
[2025-11-09T21:00:35.940+0000] {processor.py:208} INFO - Processing /home/airflow/.local/lib/python3.12/site-packages/airflow/example_dags/example_task_group.py took 0.278 seconds
[2025-11-09T21:01:06.950+0000] {processor.py:186} INFO - Started process (PID=4255) to work on /home/airflow/.local/lib/python3.12/site-packages/airflow/example_dags/example_task_group.py
[2025-11-09T21:01:06.953+0000] {processor.py:914} INFO - Processing file /home/airflow/.local/lib/python3.12/site-packages/airflow/example_dags/example_task_group.py for tasks to queue
[2025-11-09T21:01:06.962+0000] {logging_mixin.py:190} INFO - [2025-11-09T21:01:06.961+0000] {dagbag.py:588} INFO - Filling up the DagBag from /home/airflow/.local/lib/python3.12/site-packages/airflow/example_dags/example_task_group.py
[2025-11-09T21:01:06.985+0000] {processor.py:925} INFO - DAG(s) 'example_task_group' retrieved from /home/airflow/.local/lib/python3.12/site-packages/airflow/example_dags/example_task_group.py
[2025-11-09T21:01:07.038+0000] {logging_mixin.py:190} INFO - [2025-11-09T21:01:07.037+0000] {dag.py:3239} INFO - Sync 1 DAGs
[2025-11-09T21:01:07.080+0000] {logging_mixin.py:190} INFO - [2025-11-09T21:01:07.080+0000] {dag.py:4180} INFO - Setting next_dagrun for example_task_group to None, run_after=None
[2025-11-09T21:01:07.142+0000] {processor.py:208} INFO - Processing /home/airflow/.local/lib/python3.12/site-packages/airflow/example_dags/example_task_group.py took 0.209 seconds
[2025-11-09T21:01:37.545+0000] {processor.py:186} INFO - Started process (PID=4319) to work on /home/airflow/.local/lib/python3.12/site-packages/airflow/example_dags/example_task_group.py
[2025-11-09T21:01:37.551+0000] {processor.py:914} INFO - Processing file /home/airflow/.local/lib/python3.12/site-packages/airflow/example_dags/example_task_group.py for tasks to queue
[2025-11-09T21:01:37.562+0000] {logging_mixin.py:190} INFO - [2025-11-09T21:01:37.559+0000] {dagbag.py:588} INFO - Filling up the DagBag from /home/airflow/.local/lib/python3.12/site-packages/airflow/example_dags/example_task_group.py
[2025-11-09T21:01:37.599+0000] {processor.py:925} INFO - DAG(s) 'example_task_group' retrieved from /home/airflow/.local/lib/python3.12/site-packages/airflow/example_dags/example_task_group.py
[2025-11-09T21:01:37.677+0000] {logging_mixin.py:190} INFO - [2025-11-09T21:01:37.676+0000] {dag.py:3239} INFO - Sync 1 DAGs
[2025-11-09T21:01:37.720+0000] {logging_mixin.py:190} INFO - [2025-11-09T21:01:37.720+0000] {dag.py:4180} INFO - Setting next_dagrun for example_task_group to None, run_after=None
[2025-11-09T21:01:37.781+0000] {processor.py:208} INFO - Processing /home/airflow/.local/lib/python3.12/site-packages/airflow/example_dags/example_task_group.py took 0.255 seconds
[2025-11-09T21:02:08.077+0000] {processor.py:186} INFO - Started process (PID=4385) to work on /home/airflow/.local/lib/python3.12/site-packages/airflow/example_dags/example_task_group.py
[2025-11-09T21:02:08.079+0000] {processor.py:914} INFO - Processing file /home/airflow/.local/lib/python3.12/site-packages/airflow/example_dags/example_task_group.py for tasks to queue
[2025-11-09T21:02:08.087+0000] {logging_mixin.py:190} INFO - [2025-11-09T21:02:08.086+0000] {dagbag.py:588} INFO - Filling up the DagBag from /home/airflow/.local/lib/python3.12/site-packages/airflow/example_dags/example_task_group.py
[2025-11-09T21:02:08.118+0000] {processor.py:925} INFO - DAG(s) 'example_task_group' retrieved from /home/airflow/.local/lib/python3.12/site-packages/airflow/example_dags/example_task_group.py
[2025-11-09T21:02:08.160+0000] {logging_mixin.py:190} INFO - [2025-11-09T21:02:08.160+0000] {dag.py:3239} INFO - Sync 1 DAGs
[2025-11-09T21:02:08.193+0000] {logging_mixin.py:190} INFO - [2025-11-09T21:02:08.192+0000] {dag.py:4180} INFO - Setting next_dagrun for example_task_group to None, run_after=None
[2025-11-09T21:02:08.230+0000] {processor.py:208} INFO - Processing /home/airflow/.local/lib/python3.12/site-packages/airflow/example_dags/example_task_group.py took 0.164 seconds
[2025-11-09T21:02:38.855+0000] {processor.py:186} INFO - Started process (PID=4448) to work on /home/airflow/.local/lib/python3.12/site-packages/airflow/example_dags/example_task_group.py
[2025-11-09T21:02:38.858+0000] {processor.py:914} INFO - Processing file /home/airflow/.local/lib/python3.12/site-packages/airflow/example_dags/example_task_group.py for tasks to queue
[2025-11-09T21:02:38.864+0000] {logging_mixin.py:190} INFO - [2025-11-09T21:02:38.863+0000] {dagbag.py:588} INFO - Filling up the DagBag from /home/airflow/.local/lib/python3.12/site-packages/airflow/example_dags/example_task_group.py
[2025-11-09T21:02:38.886+0000] {processor.py:925} INFO - DAG(s) 'example_task_group' retrieved from /home/airflow/.local/lib/python3.12/site-packages/airflow/example_dags/example_task_group.py
[2025-11-09T21:02:38.940+0000] {logging_mixin.py:190} INFO - [2025-11-09T21:02:38.939+0000] {dag.py:3239} INFO - Sync 1 DAGs
[2025-11-09T21:02:38.977+0000] {logging_mixin.py:190} INFO - [2025-11-09T21:02:38.977+0000] {dag.py:4180} INFO - Setting next_dagrun for example_task_group to None, run_after=None
[2025-11-09T21:02:39.026+0000] {processor.py:208} INFO - Processing /home/airflow/.local/lib/python3.12/site-packages/airflow/example_dags/example_task_group.py took 0.186 seconds
[2025-11-09T21:03:09.339+0000] {processor.py:186} INFO - Started process (PID=4512) to work on /home/airflow/.local/lib/python3.12/site-packages/airflow/example_dags/example_task_group.py
[2025-11-09T21:03:09.341+0000] {processor.py:914} INFO - Processing file /home/airflow/.local/lib/python3.12/site-packages/airflow/example_dags/example_task_group.py for tasks to queue
[2025-11-09T21:03:09.349+0000] {logging_mixin.py:190} INFO - [2025-11-09T21:03:09.348+0000] {dagbag.py:588} INFO - Filling up the DagBag from /home/airflow/.local/lib/python3.12/site-packages/airflow/example_dags/example_task_group.py
[2025-11-09T21:03:09.371+0000] {processor.py:925} INFO - DAG(s) 'example_task_group' retrieved from /home/airflow/.local/lib/python3.12/site-packages/airflow/example_dags/example_task_group.py
[2025-11-09T21:03:09.417+0000] {logging_mixin.py:190} INFO - [2025-11-09T21:03:09.417+0000] {dag.py:3239} INFO - Sync 1 DAGs
[2025-11-09T21:03:09.444+0000] {logging_mixin.py:190} INFO - [2025-11-09T21:03:09.443+0000] {dag.py:4180} INFO - Setting next_dagrun for example_task_group to None, run_after=None
[2025-11-09T21:03:09.480+0000] {processor.py:208} INFO - Processing /home/airflow/.local/lib/python3.12/site-packages/airflow/example_dags/example_task_group.py took 0.156 seconds
[2025-11-09T21:03:39.847+0000] {processor.py:186} INFO - Started process (PID=4576) to work on /home/airflow/.local/lib/python3.12/site-packages/airflow/example_dags/example_task_group.py
[2025-11-09T21:03:39.851+0000] {processor.py:914} INFO - Processing file /home/airflow/.local/lib/python3.12/site-packages/airflow/example_dags/example_task_group.py for tasks to queue
[2025-11-09T21:03:39.860+0000] {logging_mixin.py:190} INFO - [2025-11-09T21:03:39.859+0000] {dagbag.py:588} INFO - Filling up the DagBag from /home/airflow/.local/lib/python3.12/site-packages/airflow/example_dags/example_task_group.py
[2025-11-09T21:03:39.885+0000] {processor.py:925} INFO - DAG(s) 'example_task_group' retrieved from /home/airflow/.local/lib/python3.12/site-packages/airflow/example_dags/example_task_group.py
[2025-11-09T21:03:39.948+0000] {logging_mixin.py:190} INFO - [2025-11-09T21:03:39.947+0000] {dag.py:3239} INFO - Sync 1 DAGs
[2025-11-09T21:03:39.982+0000] {logging_mixin.py:190} INFO - [2025-11-09T21:03:39.981+0000] {dag.py:4180} INFO - Setting next_dagrun for example_task_group to None, run_after=None
[2025-11-09T21:03:40.020+0000] {processor.py:208} INFO - Processing /home/airflow/.local/lib/python3.12/site-packages/airflow/example_dags/example_task_group.py took 0.192 seconds
[2025-11-09T21:04:10.163+0000] {processor.py:186} INFO - Started process (PID=4639) to work on /home/airflow/.local/lib/python3.12/site-packages/airflow/example_dags/example_task_group.py
[2025-11-09T21:04:10.165+0000] {processor.py:914} INFO - Processing file /home/airflow/.local/lib/python3.12/site-packages/airflow/example_dags/example_task_group.py for tasks to queue
[2025-11-09T21:04:10.170+0000] {logging_mixin.py:190} INFO - [2025-11-09T21:04:10.169+0000] {dagbag.py:588} INFO - Filling up the DagBag from /home/airflow/.local/lib/python3.12/site-packages/airflow/example_dags/example_task_group.py
[2025-11-09T21:04:10.183+0000] {processor.py:925} INFO - DAG(s) 'example_task_group' retrieved from /home/airflow/.local/lib/python3.12/site-packages/airflow/example_dags/example_task_group.py
[2025-11-09T21:04:10.217+0000] {logging_mixin.py:190} INFO - [2025-11-09T21:04:10.216+0000] {dag.py:3239} INFO - Sync 1 DAGs
[2025-11-09T21:04:10.242+0000] {logging_mixin.py:190} INFO - [2025-11-09T21:04:10.242+0000] {dag.py:4180} INFO - Setting next_dagrun for example_task_group to None, run_after=None
[2025-11-09T21:04:10.273+0000] {processor.py:208} INFO - Processing /home/airflow/.local/lib/python3.12/site-packages/airflow/example_dags/example_task_group.py took 0.119 seconds
[2025-11-09T21:04:40.376+0000] {processor.py:186} INFO - Started process (PID=4703) to work on /home/airflow/.local/lib/python3.12/site-packages/airflow/example_dags/example_task_group.py
[2025-11-09T21:04:40.378+0000] {processor.py:914} INFO - Processing file /home/airflow/.local/lib/python3.12/site-packages/airflow/example_dags/example_task_group.py for tasks to queue
[2025-11-09T21:04:40.383+0000] {logging_mixin.py:190} INFO - [2025-11-09T21:04:40.382+0000] {dagbag.py:588} INFO - Filling up the DagBag from /home/airflow/.local/lib/python3.12/site-packages/airflow/example_dags/example_task_group.py
[2025-11-09T21:04:40.401+0000] {processor.py:925} INFO - DAG(s) 'example_task_group' retrieved from /home/airflow/.local/lib/python3.12/site-packages/airflow/example_dags/example_task_group.py
[2025-11-09T21:04:40.454+0000] {logging_mixin.py:190} INFO - [2025-11-09T21:04:40.454+0000] {dag.py:3239} INFO - Sync 1 DAGs
[2025-11-09T21:04:40.485+0000] {logging_mixin.py:190} INFO - [2025-11-09T21:04:40.484+0000] {dag.py:4180} INFO - Setting next_dagrun for example_task_group to None, run_after=None
[2025-11-09T21:04:40.524+0000] {processor.py:208} INFO - Processing /home/airflow/.local/lib/python3.12/site-packages/airflow/example_dags/example_task_group.py took 0.160 seconds
[2025-11-09T21:08:09.794+0000] {processor.py:186} INFO - Started process (PID=103) to work on /home/airflow/.local/lib/python3.12/site-packages/airflow/example_dags/example_task_group.py
[2025-11-09T21:08:09.797+0000] {processor.py:914} INFO - Processing file /home/airflow/.local/lib/python3.12/site-packages/airflow/example_dags/example_task_group.py for tasks to queue
[2025-11-09T21:08:09.804+0000] {logging_mixin.py:190} INFO - [2025-11-09T21:08:09.804+0000] {dagbag.py:588} INFO - Filling up the DagBag from /home/airflow/.local/lib/python3.12/site-packages/airflow/example_dags/example_task_group.py
[2025-11-09T21:08:09.832+0000] {processor.py:925} INFO - DAG(s) 'example_task_group' retrieved from /home/airflow/.local/lib/python3.12/site-packages/airflow/example_dags/example_task_group.py
[2025-11-09T21:08:09.898+0000] {logging_mixin.py:190} INFO - [2025-11-09T21:08:09.898+0000] {dag.py:3239} INFO - Sync 1 DAGs
[2025-11-09T21:08:09.947+0000] {logging_mixin.py:190} INFO - [2025-11-09T21:08:09.946+0000] {dag.py:4180} INFO - Setting next_dagrun for example_task_group to None, run_after=None
[2025-11-09T21:08:09.999+0000] {processor.py:208} INFO - Processing /home/airflow/.local/lib/python3.12/site-packages/airflow/example_dags/example_task_group.py took 0.223 seconds
[2025-11-09T21:08:40.201+0000] {processor.py:186} INFO - Started process (PID=166) to work on /home/airflow/.local/lib/python3.12/site-packages/airflow/example_dags/example_task_group.py
[2025-11-09T21:08:40.203+0000] {processor.py:914} INFO - Processing file /home/airflow/.local/lib/python3.12/site-packages/airflow/example_dags/example_task_group.py for tasks to queue
[2025-11-09T21:08:40.213+0000] {logging_mixin.py:190} INFO - [2025-11-09T21:08:40.212+0000] {dagbag.py:588} INFO - Filling up the DagBag from /home/airflow/.local/lib/python3.12/site-packages/airflow/example_dags/example_task_group.py
[2025-11-09T21:08:40.249+0000] {processor.py:925} INFO - DAG(s) 'example_task_group' retrieved from /home/airflow/.local/lib/python3.12/site-packages/airflow/example_dags/example_task_group.py
[2025-11-09T21:08:40.327+0000] {logging_mixin.py:190} INFO - [2025-11-09T21:08:40.326+0000] {dag.py:3239} INFO - Sync 1 DAGs
[2025-11-09T21:08:40.384+0000] {logging_mixin.py:190} INFO - [2025-11-09T21:08:40.384+0000] {dag.py:4180} INFO - Setting next_dagrun for example_task_group to None, run_after=None
[2025-11-09T21:08:40.443+0000] {processor.py:208} INFO - Processing /home/airflow/.local/lib/python3.12/site-packages/airflow/example_dags/example_task_group.py took 0.263 seconds
[2025-11-09T21:09:11.981+0000] {processor.py:186} INFO - Started process (PID=230) to work on /home/airflow/.local/lib/python3.12/site-packages/airflow/example_dags/example_task_group.py
[2025-11-09T21:09:11.986+0000] {processor.py:914} INFO - Processing file /home/airflow/.local/lib/python3.12/site-packages/airflow/example_dags/example_task_group.py for tasks to queue
[2025-11-09T21:09:11.999+0000] {logging_mixin.py:190} INFO - [2025-11-09T21:09:11.998+0000] {dagbag.py:588} INFO - Filling up the DagBag from /home/airflow/.local/lib/python3.12/site-packages/airflow/example_dags/example_task_group.py
[2025-11-09T21:09:12.052+0000] {processor.py:925} INFO - DAG(s) 'example_task_group' retrieved from /home/airflow/.local/lib/python3.12/site-packages/airflow/example_dags/example_task_group.py
[2025-11-09T21:09:12.128+0000] {logging_mixin.py:190} INFO - [2025-11-09T21:09:12.127+0000] {dag.py:3239} INFO - Sync 1 DAGs
[2025-11-09T21:09:12.172+0000] {logging_mixin.py:190} INFO - [2025-11-09T21:09:12.171+0000] {dag.py:4180} INFO - Setting next_dagrun for example_task_group to None, run_after=None
[2025-11-09T21:09:12.251+0000] {processor.py:208} INFO - Processing /home/airflow/.local/lib/python3.12/site-packages/airflow/example_dags/example_task_group.py took 0.292 seconds
[2025-11-09T21:09:43.009+0000] {processor.py:186} INFO - Started process (PID=295) to work on /home/airflow/.local/lib/python3.12/site-packages/airflow/example_dags/example_task_group.py
[2025-11-09T21:09:43.012+0000] {processor.py:914} INFO - Processing file /home/airflow/.local/lib/python3.12/site-packages/airflow/example_dags/example_task_group.py for tasks to queue
[2025-11-09T21:09:43.019+0000] {logging_mixin.py:190} INFO - [2025-11-09T21:09:43.018+0000] {dagbag.py:588} INFO - Filling up the DagBag from /home/airflow/.local/lib/python3.12/site-packages/airflow/example_dags/example_task_group.py
[2025-11-09T21:09:43.044+0000] {processor.py:925} INFO - DAG(s) 'example_task_group' retrieved from /home/airflow/.local/lib/python3.12/site-packages/airflow/example_dags/example_task_group.py
[2025-11-09T21:09:43.114+0000] {logging_mixin.py:190} INFO - [2025-11-09T21:09:43.113+0000] {dag.py:3239} INFO - Sync 1 DAGs
[2025-11-09T21:09:43.167+0000] {logging_mixin.py:190} INFO - [2025-11-09T21:09:43.167+0000] {dag.py:4180} INFO - Setting next_dagrun for example_task_group to None, run_after=None
[2025-11-09T21:09:43.227+0000] {processor.py:208} INFO - Processing /home/airflow/.local/lib/python3.12/site-packages/airflow/example_dags/example_task_group.py took 0.237 seconds
[2025-11-09T21:10:13.781+0000] {processor.py:186} INFO - Started process (PID=359) to work on /home/airflow/.local/lib/python3.12/site-packages/airflow/example_dags/example_task_group.py
[2025-11-09T21:10:13.784+0000] {processor.py:914} INFO - Processing file /home/airflow/.local/lib/python3.12/site-packages/airflow/example_dags/example_task_group.py for tasks to queue
[2025-11-09T21:10:13.793+0000] {logging_mixin.py:190} INFO - [2025-11-09T21:10:13.792+0000] {dagbag.py:588} INFO - Filling up the DagBag from /home/airflow/.local/lib/python3.12/site-packages/airflow/example_dags/example_task_group.py
[2025-11-09T21:10:13.819+0000] {processor.py:925} INFO - DAG(s) 'example_task_group' retrieved from /home/airflow/.local/lib/python3.12/site-packages/airflow/example_dags/example_task_group.py
[2025-11-09T21:10:13.878+0000] {logging_mixin.py:190} INFO - [2025-11-09T21:10:13.877+0000] {dag.py:3239} INFO - Sync 1 DAGs
[2025-11-09T21:10:13.911+0000] {logging_mixin.py:190} INFO - [2025-11-09T21:10:13.911+0000] {dag.py:4180} INFO - Setting next_dagrun for example_task_group to None, run_after=None
[2025-11-09T21:10:13.961+0000] {processor.py:208} INFO - Processing /home/airflow/.local/lib/python3.12/site-packages/airflow/example_dags/example_task_group.py took 0.197 seconds
[2025-11-09T21:10:44.386+0000] {processor.py:186} INFO - Started process (PID=424) to work on /home/airflow/.local/lib/python3.12/site-packages/airflow/example_dags/example_task_group.py
[2025-11-09T21:10:44.389+0000] {processor.py:914} INFO - Processing file /home/airflow/.local/lib/python3.12/site-packages/airflow/example_dags/example_task_group.py for tasks to queue
[2025-11-09T21:10:44.397+0000] {logging_mixin.py:190} INFO - [2025-11-09T21:10:44.396+0000] {dagbag.py:588} INFO - Filling up the DagBag from /home/airflow/.local/lib/python3.12/site-packages/airflow/example_dags/example_task_group.py
[2025-11-09T21:10:44.420+0000] {processor.py:925} INFO - DAG(s) 'example_task_group' retrieved from /home/airflow/.local/lib/python3.12/site-packages/airflow/example_dags/example_task_group.py
[2025-11-09T21:10:44.481+0000] {logging_mixin.py:190} INFO - [2025-11-09T21:10:44.481+0000] {dag.py:3239} INFO - Sync 1 DAGs
[2025-11-09T21:10:44.533+0000] {logging_mixin.py:190} INFO - [2025-11-09T21:10:44.533+0000] {dag.py:4180} INFO - Setting next_dagrun for example_task_group to None, run_after=None
[2025-11-09T21:10:44.592+0000] {processor.py:208} INFO - Processing /home/airflow/.local/lib/python3.12/site-packages/airflow/example_dags/example_task_group.py took 0.226 seconds
[2025-11-09T21:11:14.735+0000] {processor.py:186} INFO - Started process (PID=489) to work on /home/airflow/.local/lib/python3.12/site-packages/airflow/example_dags/example_task_group.py
[2025-11-09T21:11:14.738+0000] {processor.py:914} INFO - Processing file /home/airflow/.local/lib/python3.12/site-packages/airflow/example_dags/example_task_group.py for tasks to queue
[2025-11-09T21:11:14.748+0000] {logging_mixin.py:190} INFO - [2025-11-09T21:11:14.747+0000] {dagbag.py:588} INFO - Filling up the DagBag from /home/airflow/.local/lib/python3.12/site-packages/airflow/example_dags/example_task_group.py
[2025-11-09T21:11:14.770+0000] {processor.py:925} INFO - DAG(s) 'example_task_group' retrieved from /home/airflow/.local/lib/python3.12/site-packages/airflow/example_dags/example_task_group.py
[2025-11-09T21:11:14.814+0000] {logging_mixin.py:190} INFO - [2025-11-09T21:11:14.813+0000] {dag.py:3239} INFO - Sync 1 DAGs
[2025-11-09T21:11:14.843+0000] {logging_mixin.py:190} INFO - [2025-11-09T21:11:14.843+0000] {dag.py:4180} INFO - Setting next_dagrun for example_task_group to None, run_after=None
[2025-11-09T21:11:14.882+0000] {processor.py:208} INFO - Processing /home/airflow/.local/lib/python3.12/site-packages/airflow/example_dags/example_task_group.py took 0.161 seconds
[2025-11-09T21:11:47.428+0000] {processor.py:186} INFO - Started process (PID=559) to work on /home/airflow/.local/lib/python3.12/site-packages/airflow/example_dags/example_task_group.py
[2025-11-09T21:11:47.431+0000] {processor.py:914} INFO - Processing file /home/airflow/.local/lib/python3.12/site-packages/airflow/example_dags/example_task_group.py for tasks to queue
[2025-11-09T21:11:47.441+0000] {logging_mixin.py:190} INFO - [2025-11-09T21:11:47.440+0000] {dagbag.py:588} INFO - Filling up the DagBag from /home/airflow/.local/lib/python3.12/site-packages/airflow/example_dags/example_task_group.py
[2025-11-09T21:11:47.468+0000] {processor.py:925} INFO - DAG(s) 'example_task_group' retrieved from /home/airflow/.local/lib/python3.12/site-packages/airflow/example_dags/example_task_group.py
[2025-11-09T21:11:47.535+0000] {logging_mixin.py:190} INFO - [2025-11-09T21:11:47.535+0000] {dag.py:3239} INFO - Sync 1 DAGs
[2025-11-09T21:11:47.584+0000] {logging_mixin.py:190} INFO - [2025-11-09T21:11:47.583+0000] {dag.py:4180} INFO - Setting next_dagrun for example_task_group to None, run_after=None
[2025-11-09T21:11:47.638+0000] {processor.py:208} INFO - Processing /home/airflow/.local/lib/python3.12/site-packages/airflow/example_dags/example_task_group.py took 0.229 seconds
[2025-11-09T21:12:18.065+0000] {processor.py:186} INFO - Started process (PID=623) to work on /home/airflow/.local/lib/python3.12/site-packages/airflow/example_dags/example_task_group.py
[2025-11-09T21:12:18.067+0000] {processor.py:914} INFO - Processing file /home/airflow/.local/lib/python3.12/site-packages/airflow/example_dags/example_task_group.py for tasks to queue
[2025-11-09T21:12:18.071+0000] {logging_mixin.py:190} INFO - [2025-11-09T21:12:18.070+0000] {dagbag.py:588} INFO - Filling up the DagBag from /home/airflow/.local/lib/python3.12/site-packages/airflow/example_dags/example_task_group.py
[2025-11-09T21:12:18.086+0000] {processor.py:925} INFO - DAG(s) 'example_task_group' retrieved from /home/airflow/.local/lib/python3.12/site-packages/airflow/example_dags/example_task_group.py
[2025-11-09T21:12:18.137+0000] {logging_mixin.py:190} INFO - [2025-11-09T21:12:18.136+0000] {dag.py:3239} INFO - Sync 1 DAGs
[2025-11-09T21:12:18.160+0000] {logging_mixin.py:190} INFO - [2025-11-09T21:12:18.159+0000] {dag.py:4180} INFO - Setting next_dagrun for example_task_group to None, run_after=None
[2025-11-09T21:12:18.191+0000] {processor.py:208} INFO - Processing /home/airflow/.local/lib/python3.12/site-packages/airflow/example_dags/example_task_group.py took 0.138 seconds
[2025-11-09T21:12:48.714+0000] {processor.py:186} INFO - Started process (PID=686) to work on /home/airflow/.local/lib/python3.12/site-packages/airflow/example_dags/example_task_group.py
[2025-11-09T21:12:48.717+0000] {processor.py:914} INFO - Processing file /home/airflow/.local/lib/python3.12/site-packages/airflow/example_dags/example_task_group.py for tasks to queue
[2025-11-09T21:12:48.722+0000] {logging_mixin.py:190} INFO - [2025-11-09T21:12:48.722+0000] {dagbag.py:588} INFO - Filling up the DagBag from /home/airflow/.local/lib/python3.12/site-packages/airflow/example_dags/example_task_group.py
[2025-11-09T21:12:48.741+0000] {processor.py:925} INFO - DAG(s) 'example_task_group' retrieved from /home/airflow/.local/lib/python3.12/site-packages/airflow/example_dags/example_task_group.py
[2025-11-09T21:12:48.794+0000] {logging_mixin.py:190} INFO - [2025-11-09T21:12:48.793+0000] {dag.py:3239} INFO - Sync 1 DAGs
[2025-11-09T21:12:48.824+0000] {logging_mixin.py:190} INFO - [2025-11-09T21:12:48.824+0000] {dag.py:4180} INFO - Setting next_dagrun for example_task_group to None, run_after=None
[2025-11-09T21:12:48.868+0000] {processor.py:208} INFO - Processing /home/airflow/.local/lib/python3.12/site-packages/airflow/example_dags/example_task_group.py took 0.168 seconds
[2025-11-09T21:13:18.990+0000] {processor.py:186} INFO - Started process (PID=750) to work on /home/airflow/.local/lib/python3.12/site-packages/airflow/example_dags/example_task_group.py
[2025-11-09T21:13:18.993+0000] {processor.py:914} INFO - Processing file /home/airflow/.local/lib/python3.12/site-packages/airflow/example_dags/example_task_group.py for tasks to queue
[2025-11-09T21:13:19.000+0000] {logging_mixin.py:190} INFO - [2025-11-09T21:13:18.999+0000] {dagbag.py:588} INFO - Filling up the DagBag from /home/airflow/.local/lib/python3.12/site-packages/airflow/example_dags/example_task_group.py
[2025-11-09T21:13:19.041+0000] {processor.py:925} INFO - DAG(s) 'example_task_group' retrieved from /home/airflow/.local/lib/python3.12/site-packages/airflow/example_dags/example_task_group.py
[2025-11-09T21:13:19.102+0000] {logging_mixin.py:190} INFO - [2025-11-09T21:13:19.101+0000] {dag.py:3239} INFO - Sync 1 DAGs
[2025-11-09T21:13:19.137+0000] {logging_mixin.py:190} INFO - [2025-11-09T21:13:19.136+0000] {dag.py:4180} INFO - Setting next_dagrun for example_task_group to None, run_after=None
[2025-11-09T21:13:19.172+0000] {processor.py:208} INFO - Processing /home/airflow/.local/lib/python3.12/site-packages/airflow/example_dags/example_task_group.py took 0.198 seconds
[2025-11-09T21:13:50.713+0000] {processor.py:186} INFO - Started process (PID=812) to work on /home/airflow/.local/lib/python3.12/site-packages/airflow/example_dags/example_task_group.py
[2025-11-09T21:13:50.717+0000] {processor.py:914} INFO - Processing file /home/airflow/.local/lib/python3.12/site-packages/airflow/example_dags/example_task_group.py for tasks to queue
[2025-11-09T21:13:50.726+0000] {logging_mixin.py:190} INFO - [2025-11-09T21:13:50.725+0000] {dagbag.py:588} INFO - Filling up the DagBag from /home/airflow/.local/lib/python3.12/site-packages/airflow/example_dags/example_task_group.py
[2025-11-09T21:13:50.766+0000] {processor.py:925} INFO - DAG(s) 'example_task_group' retrieved from /home/airflow/.local/lib/python3.12/site-packages/airflow/example_dags/example_task_group.py
[2025-11-09T21:13:50.849+0000] {logging_mixin.py:190} INFO - [2025-11-09T21:13:50.848+0000] {dag.py:3239} INFO - Sync 1 DAGs
[2025-11-09T21:13:50.907+0000] {logging_mixin.py:190} INFO - [2025-11-09T21:13:50.906+0000] {dag.py:4180} INFO - Setting next_dagrun for example_task_group to None, run_after=None
[2025-11-09T21:13:50.961+0000] {processor.py:208} INFO - Processing /home/airflow/.local/lib/python3.12/site-packages/airflow/example_dags/example_task_group.py took 0.269 seconds
[2025-11-09T21:14:22.283+0000] {processor.py:186} INFO - Started process (PID=876) to work on /home/airflow/.local/lib/python3.12/site-packages/airflow/example_dags/example_task_group.py
[2025-11-09T21:14:22.286+0000] {processor.py:914} INFO - Processing file /home/airflow/.local/lib/python3.12/site-packages/airflow/example_dags/example_task_group.py for tasks to queue
[2025-11-09T21:14:22.292+0000] {logging_mixin.py:190} INFO - [2025-11-09T21:14:22.291+0000] {dagbag.py:588} INFO - Filling up the DagBag from /home/airflow/.local/lib/python3.12/site-packages/airflow/example_dags/example_task_group.py
[2025-11-09T21:14:22.322+0000] {processor.py:925} INFO - DAG(s) 'example_task_group' retrieved from /home/airflow/.local/lib/python3.12/site-packages/airflow/example_dags/example_task_group.py
[2025-11-09T21:14:22.399+0000] {logging_mixin.py:190} INFO - [2025-11-09T21:14:22.398+0000] {dag.py:3239} INFO - Sync 1 DAGs
[2025-11-09T21:14:22.446+0000] {logging_mixin.py:190} INFO - [2025-11-09T21:14:22.446+0000] {dag.py:4180} INFO - Setting next_dagrun for example_task_group to None, run_after=None
[2025-11-09T21:14:22.511+0000] {processor.py:208} INFO - Processing /home/airflow/.local/lib/python3.12/site-packages/airflow/example_dags/example_task_group.py took 0.249 seconds
[2025-11-09T21:14:53.187+0000] {processor.py:186} INFO - Started process (PID=940) to work on /home/airflow/.local/lib/python3.12/site-packages/airflow/example_dags/example_task_group.py
[2025-11-09T21:14:53.189+0000] {processor.py:914} INFO - Processing file /home/airflow/.local/lib/python3.12/site-packages/airflow/example_dags/example_task_group.py for tasks to queue
[2025-11-09T21:14:53.193+0000] {logging_mixin.py:190} INFO - [2025-11-09T21:14:53.193+0000] {dagbag.py:588} INFO - Filling up the DagBag from /home/airflow/.local/lib/python3.12/site-packages/airflow/example_dags/example_task_group.py
[2025-11-09T21:14:53.210+0000] {processor.py:925} INFO - DAG(s) 'example_task_group' retrieved from /home/airflow/.local/lib/python3.12/site-packages/airflow/example_dags/example_task_group.py
[2025-11-09T21:14:53.257+0000] {logging_mixin.py:190} INFO - [2025-11-09T21:14:53.256+0000] {dag.py:3239} INFO - Sync 1 DAGs
[2025-11-09T21:14:53.286+0000] {logging_mixin.py:190} INFO - [2025-11-09T21:14:53.285+0000] {dag.py:4180} INFO - Setting next_dagrun for example_task_group to None, run_after=None
[2025-11-09T21:14:53.322+0000] {processor.py:208} INFO - Processing /home/airflow/.local/lib/python3.12/site-packages/airflow/example_dags/example_task_group.py took 0.146 seconds
[2025-11-09T21:15:23.692+0000] {processor.py:186} INFO - Started process (PID=1004) to work on /home/airflow/.local/lib/python3.12/site-packages/airflow/example_dags/example_task_group.py
[2025-11-09T21:15:23.694+0000] {processor.py:914} INFO - Processing file /home/airflow/.local/lib/python3.12/site-packages/airflow/example_dags/example_task_group.py for tasks to queue
[2025-11-09T21:15:23.698+0000] {logging_mixin.py:190} INFO - [2025-11-09T21:15:23.697+0000] {dagbag.py:588} INFO - Filling up the DagBag from /home/airflow/.local/lib/python3.12/site-packages/airflow/example_dags/example_task_group.py
[2025-11-09T21:15:23.711+0000] {processor.py:925} INFO - DAG(s) 'example_task_group' retrieved from /home/airflow/.local/lib/python3.12/site-packages/airflow/example_dags/example_task_group.py
[2025-11-09T21:15:23.753+0000] {logging_mixin.py:190} INFO - [2025-11-09T21:15:23.752+0000] {dag.py:3239} INFO - Sync 1 DAGs
[2025-11-09T21:15:23.778+0000] {logging_mixin.py:190} INFO - [2025-11-09T21:15:23.778+0000] {dag.py:4180} INFO - Setting next_dagrun for example_task_group to None, run_after=None
[2025-11-09T21:15:23.815+0000] {processor.py:208} INFO - Processing /home/airflow/.local/lib/python3.12/site-packages/airflow/example_dags/example_task_group.py took 0.132 seconds
[2025-11-09T21:15:54.248+0000] {processor.py:186} INFO - Started process (PID=1068) to work on /home/airflow/.local/lib/python3.12/site-packages/airflow/example_dags/example_task_group.py
[2025-11-09T21:15:54.250+0000] {processor.py:914} INFO - Processing file /home/airflow/.local/lib/python3.12/site-packages/airflow/example_dags/example_task_group.py for tasks to queue
[2025-11-09T21:15:54.255+0000] {logging_mixin.py:190} INFO - [2025-11-09T21:15:54.254+0000] {dagbag.py:588} INFO - Filling up the DagBag from /home/airflow/.local/lib/python3.12/site-packages/airflow/example_dags/example_task_group.py
[2025-11-09T21:15:54.275+0000] {processor.py:925} INFO - DAG(s) 'example_task_group' retrieved from /home/airflow/.local/lib/python3.12/site-packages/airflow/example_dags/example_task_group.py
[2025-11-09T21:15:54.311+0000] {logging_mixin.py:190} INFO - [2025-11-09T21:15:54.311+0000] {dag.py:3239} INFO - Sync 1 DAGs
[2025-11-09T21:15:54.336+0000] {logging_mixin.py:190} INFO - [2025-11-09T21:15:54.336+0000] {dag.py:4180} INFO - Setting next_dagrun for example_task_group to None, run_after=None
[2025-11-09T21:15:54.369+0000] {processor.py:208} INFO - Processing /home/airflow/.local/lib/python3.12/site-packages/airflow/example_dags/example_task_group.py took 0.133 seconds
[2025-11-09T21:16:25.658+0000] {processor.py:186} INFO - Started process (PID=1132) to work on /home/airflow/.local/lib/python3.12/site-packages/airflow/example_dags/example_task_group.py
[2025-11-09T21:16:25.661+0000] {processor.py:914} INFO - Processing file /home/airflow/.local/lib/python3.12/site-packages/airflow/example_dags/example_task_group.py for tasks to queue
[2025-11-09T21:16:25.666+0000] {logging_mixin.py:190} INFO - [2025-11-09T21:16:25.665+0000] {dagbag.py:588} INFO - Filling up the DagBag from /home/airflow/.local/lib/python3.12/site-packages/airflow/example_dags/example_task_group.py
[2025-11-09T21:16:25.683+0000] {processor.py:925} INFO - DAG(s) 'example_task_group' retrieved from /home/airflow/.local/lib/python3.12/site-packages/airflow/example_dags/example_task_group.py
[2025-11-09T21:16:25.723+0000] {logging_mixin.py:190} INFO - [2025-11-09T21:16:25.722+0000] {dag.py:3239} INFO - Sync 1 DAGs
[2025-11-09T21:16:25.746+0000] {logging_mixin.py:190} INFO - [2025-11-09T21:16:25.746+0000] {dag.py:4180} INFO - Setting next_dagrun for example_task_group to None, run_after=None
[2025-11-09T21:16:25.778+0000] {processor.py:208} INFO - Processing /home/airflow/.local/lib/python3.12/site-packages/airflow/example_dags/example_task_group.py took 0.131 seconds
[2025-11-09T21:16:56.491+0000] {processor.py:186} INFO - Started process (PID=1195) to work on /home/airflow/.local/lib/python3.12/site-packages/airflow/example_dags/example_task_group.py
[2025-11-09T21:16:56.493+0000] {processor.py:914} INFO - Processing file /home/airflow/.local/lib/python3.12/site-packages/airflow/example_dags/example_task_group.py for tasks to queue
[2025-11-09T21:16:56.499+0000] {logging_mixin.py:190} INFO - [2025-11-09T21:16:56.498+0000] {dagbag.py:588} INFO - Filling up the DagBag from /home/airflow/.local/lib/python3.12/site-packages/airflow/example_dags/example_task_group.py
[2025-11-09T21:16:56.513+0000] {processor.py:925} INFO - DAG(s) 'example_task_group' retrieved from /home/airflow/.local/lib/python3.12/site-packages/airflow/example_dags/example_task_group.py
[2025-11-09T21:16:56.552+0000] {logging_mixin.py:190} INFO - [2025-11-09T21:16:56.551+0000] {dag.py:3239} INFO - Sync 1 DAGs
[2025-11-09T21:16:56.581+0000] {logging_mixin.py:190} INFO - [2025-11-09T21:16:56.581+0000] {dag.py:4180} INFO - Setting next_dagrun for example_task_group to None, run_after=None
[2025-11-09T21:16:56.612+0000] {processor.py:208} INFO - Processing /home/airflow/.local/lib/python3.12/site-packages/airflow/example_dags/example_task_group.py took 0.132 seconds
[2025-11-09T21:17:26.718+0000] {processor.py:186} INFO - Started process (PID=1258) to work on /home/airflow/.local/lib/python3.12/site-packages/airflow/example_dags/example_task_group.py
[2025-11-09T21:17:26.722+0000] {processor.py:914} INFO - Processing file /home/airflow/.local/lib/python3.12/site-packages/airflow/example_dags/example_task_group.py for tasks to queue
[2025-11-09T21:17:26.728+0000] {logging_mixin.py:190} INFO - [2025-11-09T21:17:26.727+0000] {dagbag.py:588} INFO - Filling up the DagBag from /home/airflow/.local/lib/python3.12/site-packages/airflow/example_dags/example_task_group.py
[2025-11-09T21:17:26.749+0000] {processor.py:925} INFO - DAG(s) 'example_task_group' retrieved from /home/airflow/.local/lib/python3.12/site-packages/airflow/example_dags/example_task_group.py
[2025-11-09T21:17:26.799+0000] {logging_mixin.py:190} INFO - [2025-11-09T21:17:26.799+0000] {dag.py:3239} INFO - Sync 1 DAGs
[2025-11-09T21:17:26.836+0000] {logging_mixin.py:190} INFO - [2025-11-09T21:17:26.835+0000] {dag.py:4180} INFO - Setting next_dagrun for example_task_group to None, run_after=None
[2025-11-09T21:17:26.875+0000] {processor.py:208} INFO - Processing /home/airflow/.local/lib/python3.12/site-packages/airflow/example_dags/example_task_group.py took 0.171 seconds
[2025-11-09T21:17:57.491+0000] {processor.py:186} INFO - Started process (PID=1322) to work on /home/airflow/.local/lib/python3.12/site-packages/airflow/example_dags/example_task_group.py
[2025-11-09T21:17:57.492+0000] {processor.py:914} INFO - Processing file /home/airflow/.local/lib/python3.12/site-packages/airflow/example_dags/example_task_group.py for tasks to queue
[2025-11-09T21:17:57.497+0000] {logging_mixin.py:190} INFO - [2025-11-09T21:17:57.497+0000] {dagbag.py:588} INFO - Filling up the DagBag from /home/airflow/.local/lib/python3.12/site-packages/airflow/example_dags/example_task_group.py
[2025-11-09T21:17:57.512+0000] {processor.py:925} INFO - DAG(s) 'example_task_group' retrieved from /home/airflow/.local/lib/python3.12/site-packages/airflow/example_dags/example_task_group.py
[2025-11-09T21:17:57.551+0000] {logging_mixin.py:190} INFO - [2025-11-09T21:17:57.551+0000] {dag.py:3239} INFO - Sync 1 DAGs
[2025-11-09T21:17:57.573+0000] {logging_mixin.py:190} INFO - [2025-11-09T21:17:57.573+0000] {dag.py:4180} INFO - Setting next_dagrun for example_task_group to None, run_after=None
[2025-11-09T21:17:57.601+0000] {processor.py:208} INFO - Processing /home/airflow/.local/lib/python3.12/site-packages/airflow/example_dags/example_task_group.py took 0.121 seconds
[2025-11-09T21:18:28.277+0000] {processor.py:186} INFO - Started process (PID=1386) to work on /home/airflow/.local/lib/python3.12/site-packages/airflow/example_dags/example_task_group.py
[2025-11-09T21:18:28.280+0000] {processor.py:914} INFO - Processing file /home/airflow/.local/lib/python3.12/site-packages/airflow/example_dags/example_task_group.py for tasks to queue
[2025-11-09T21:18:28.286+0000] {logging_mixin.py:190} INFO - [2025-11-09T21:18:28.285+0000] {dagbag.py:588} INFO - Filling up the DagBag from /home/airflow/.local/lib/python3.12/site-packages/airflow/example_dags/example_task_group.py
[2025-11-09T21:18:28.312+0000] {processor.py:925} INFO - DAG(s) 'example_task_group' retrieved from /home/airflow/.local/lib/python3.12/site-packages/airflow/example_dags/example_task_group.py
[2025-11-09T21:18:28.367+0000] {logging_mixin.py:190} INFO - [2025-11-09T21:18:28.366+0000] {dag.py:3239} INFO - Sync 1 DAGs
[2025-11-09T21:18:28.402+0000] {logging_mixin.py:190} INFO - [2025-11-09T21:18:28.401+0000] {dag.py:4180} INFO - Setting next_dagrun for example_task_group to None, run_after=None
[2025-11-09T21:18:28.451+0000] {processor.py:208} INFO - Processing /home/airflow/.local/lib/python3.12/site-packages/airflow/example_dags/example_task_group.py took 0.191 seconds
[2025-11-09T21:18:59.257+0000] {processor.py:186} INFO - Started process (PID=1450) to work on /home/airflow/.local/lib/python3.12/site-packages/airflow/example_dags/example_task_group.py
[2025-11-09T21:18:59.260+0000] {processor.py:914} INFO - Processing file /home/airflow/.local/lib/python3.12/site-packages/airflow/example_dags/example_task_group.py for tasks to queue
[2025-11-09T21:18:59.267+0000] {logging_mixin.py:190} INFO - [2025-11-09T21:18:59.266+0000] {dagbag.py:588} INFO - Filling up the DagBag from /home/airflow/.local/lib/python3.12/site-packages/airflow/example_dags/example_task_group.py
[2025-11-09T21:18:59.293+0000] {processor.py:925} INFO - DAG(s) 'example_task_group' retrieved from /home/airflow/.local/lib/python3.12/site-packages/airflow/example_dags/example_task_group.py
[2025-11-09T21:18:59.352+0000] {logging_mixin.py:190} INFO - [2025-11-09T21:18:59.352+0000] {dag.py:3239} INFO - Sync 1 DAGs
[2025-11-09T21:18:59.386+0000] {logging_mixin.py:190} INFO - [2025-11-09T21:18:59.385+0000] {dag.py:4180} INFO - Setting next_dagrun for example_task_group to None, run_after=None
[2025-11-09T21:18:59.427+0000] {processor.py:208} INFO - Processing /home/airflow/.local/lib/python3.12/site-packages/airflow/example_dags/example_task_group.py took 0.186 seconds
[2025-11-09T21:19:30.160+0000] {processor.py:186} INFO - Started process (PID=1513) to work on /home/airflow/.local/lib/python3.12/site-packages/airflow/example_dags/example_task_group.py
[2025-11-09T21:19:30.163+0000] {processor.py:914} INFO - Processing file /home/airflow/.local/lib/python3.12/site-packages/airflow/example_dags/example_task_group.py for tasks to queue
[2025-11-09T21:19:30.170+0000] {logging_mixin.py:190} INFO - [2025-11-09T21:19:30.169+0000] {dagbag.py:588} INFO - Filling up the DagBag from /home/airflow/.local/lib/python3.12/site-packages/airflow/example_dags/example_task_group.py
[2025-11-09T21:19:30.198+0000] {processor.py:925} INFO - DAG(s) 'example_task_group' retrieved from /home/airflow/.local/lib/python3.12/site-packages/airflow/example_dags/example_task_group.py
[2025-11-09T21:19:30.251+0000] {logging_mixin.py:190} INFO - [2025-11-09T21:19:30.250+0000] {dag.py:3239} INFO - Sync 1 DAGs
[2025-11-09T21:19:30.285+0000] {logging_mixin.py:190} INFO - [2025-11-09T21:19:30.284+0000] {dag.py:4180} INFO - Setting next_dagrun for example_task_group to None, run_after=None
[2025-11-09T21:19:30.419+0000] {processor.py:208} INFO - Processing /home/airflow/.local/lib/python3.12/site-packages/airflow/example_dags/example_task_group.py took 0.286 seconds
[2025-11-09T21:20:00.869+0000] {processor.py:186} INFO - Started process (PID=1577) to work on /home/airflow/.local/lib/python3.12/site-packages/airflow/example_dags/example_task_group.py
[2025-11-09T21:20:00.873+0000] {processor.py:914} INFO - Processing file /home/airflow/.local/lib/python3.12/site-packages/airflow/example_dags/example_task_group.py for tasks to queue
[2025-11-09T21:20:00.880+0000] {logging_mixin.py:190} INFO - [2025-11-09T21:20:00.878+0000] {dagbag.py:588} INFO - Filling up the DagBag from /home/airflow/.local/lib/python3.12/site-packages/airflow/example_dags/example_task_group.py
[2025-11-09T21:20:00.906+0000] {processor.py:925} INFO - DAG(s) 'example_task_group' retrieved from /home/airflow/.local/lib/python3.12/site-packages/airflow/example_dags/example_task_group.py
[2025-11-09T21:20:00.982+0000] {logging_mixin.py:190} INFO - [2025-11-09T21:20:00.981+0000] {dag.py:3239} INFO - Sync 1 DAGs
[2025-11-09T21:20:01.027+0000] {logging_mixin.py:190} INFO - [2025-11-09T21:20:01.027+0000] {dag.py:4180} INFO - Setting next_dagrun for example_task_group to None, run_after=None
[2025-11-09T21:20:01.078+0000] {processor.py:208} INFO - Processing /home/airflow/.local/lib/python3.12/site-packages/airflow/example_dags/example_task_group.py took 0.228 seconds
[2025-11-09T21:20:31.467+0000] {processor.py:186} INFO - Started process (PID=1641) to work on /home/airflow/.local/lib/python3.12/site-packages/airflow/example_dags/example_task_group.py
[2025-11-09T21:20:31.470+0000] {processor.py:914} INFO - Processing file /home/airflow/.local/lib/python3.12/site-packages/airflow/example_dags/example_task_group.py for tasks to queue
[2025-11-09T21:20:31.478+0000] {logging_mixin.py:190} INFO - [2025-11-09T21:20:31.477+0000] {dagbag.py:588} INFO - Filling up the DagBag from /home/airflow/.local/lib/python3.12/site-packages/airflow/example_dags/example_task_group.py
[2025-11-09T21:20:31.507+0000] {processor.py:925} INFO - DAG(s) 'example_task_group' retrieved from /home/airflow/.local/lib/python3.12/site-packages/airflow/example_dags/example_task_group.py
[2025-11-09T21:20:31.562+0000] {logging_mixin.py:190} INFO - [2025-11-09T21:20:31.562+0000] {dag.py:3239} INFO - Sync 1 DAGs
[2025-11-09T21:20:31.597+0000] {logging_mixin.py:190} INFO - [2025-11-09T21:20:31.596+0000] {dag.py:4180} INFO - Setting next_dagrun for example_task_group to None, run_after=None
[2025-11-09T21:20:31.642+0000] {processor.py:208} INFO - Processing /home/airflow/.local/lib/python3.12/site-packages/airflow/example_dags/example_task_group.py took 0.195 seconds
[2025-11-09T21:21:03.871+0000] {processor.py:186} INFO - Started process (PID=1705) to work on /home/airflow/.local/lib/python3.12/site-packages/airflow/example_dags/example_task_group.py
[2025-11-09T21:21:03.876+0000] {processor.py:914} INFO - Processing file /home/airflow/.local/lib/python3.12/site-packages/airflow/example_dags/example_task_group.py for tasks to queue
[2025-11-09T21:21:03.885+0000] {logging_mixin.py:190} INFO - [2025-11-09T21:21:03.884+0000] {dagbag.py:588} INFO - Filling up the DagBag from /home/airflow/.local/lib/python3.12/site-packages/airflow/example_dags/example_task_group.py
[2025-11-09T21:21:03.926+0000] {processor.py:925} INFO - DAG(s) 'example_task_group' retrieved from /home/airflow/.local/lib/python3.12/site-packages/airflow/example_dags/example_task_group.py
[2025-11-09T21:21:04.010+0000] {logging_mixin.py:190} INFO - [2025-11-09T21:21:04.010+0000] {dag.py:3239} INFO - Sync 1 DAGs
[2025-11-09T21:21:04.066+0000] {logging_mixin.py:190} INFO - [2025-11-09T21:21:04.065+0000] {dag.py:4180} INFO - Setting next_dagrun for example_task_group to None, run_after=None
[2025-11-09T21:21:04.132+0000] {processor.py:208} INFO - Processing /home/airflow/.local/lib/python3.12/site-packages/airflow/example_dags/example_task_group.py took 0.283 seconds
[2025-11-09T21:21:35.071+0000] {processor.py:186} INFO - Started process (PID=1770) to work on /home/airflow/.local/lib/python3.12/site-packages/airflow/example_dags/example_task_group.py
[2025-11-09T21:21:35.073+0000] {processor.py:914} INFO - Processing file /home/airflow/.local/lib/python3.12/site-packages/airflow/example_dags/example_task_group.py for tasks to queue
[2025-11-09T21:21:35.079+0000] {logging_mixin.py:190} INFO - [2025-11-09T21:21:35.078+0000] {dagbag.py:588} INFO - Filling up the DagBag from /home/airflow/.local/lib/python3.12/site-packages/airflow/example_dags/example_task_group.py
[2025-11-09T21:21:35.096+0000] {processor.py:925} INFO - DAG(s) 'example_task_group' retrieved from /home/airflow/.local/lib/python3.12/site-packages/airflow/example_dags/example_task_group.py
[2025-11-09T21:21:35.141+0000] {logging_mixin.py:190} INFO - [2025-11-09T21:21:35.140+0000] {dag.py:3239} INFO - Sync 1 DAGs
[2025-11-09T21:21:35.168+0000] {logging_mixin.py:190} INFO - [2025-11-09T21:21:35.167+0000] {dag.py:4180} INFO - Setting next_dagrun for example_task_group to None, run_after=None
[2025-11-09T21:21:35.205+0000] {processor.py:208} INFO - Processing /home/airflow/.local/lib/python3.12/site-packages/airflow/example_dags/example_task_group.py took 0.148 seconds
[2025-11-09T21:22:05.931+0000] {processor.py:186} INFO - Started process (PID=1834) to work on /home/airflow/.local/lib/python3.12/site-packages/airflow/example_dags/example_task_group.py
[2025-11-09T21:22:05.933+0000] {processor.py:914} INFO - Processing file /home/airflow/.local/lib/python3.12/site-packages/airflow/example_dags/example_task_group.py for tasks to queue
[2025-11-09T21:22:05.939+0000] {logging_mixin.py:190} INFO - [2025-11-09T21:22:05.938+0000] {dagbag.py:588} INFO - Filling up the DagBag from /home/airflow/.local/lib/python3.12/site-packages/airflow/example_dags/example_task_group.py
[2025-11-09T21:22:05.959+0000] {processor.py:925} INFO - DAG(s) 'example_task_group' retrieved from /home/airflow/.local/lib/python3.12/site-packages/airflow/example_dags/example_task_group.py
[2025-11-09T21:22:06.005+0000] {logging_mixin.py:190} INFO - [2025-11-09T21:22:06.005+0000] {dag.py:3239} INFO - Sync 1 DAGs
[2025-11-09T21:22:06.035+0000] {logging_mixin.py:190} INFO - [2025-11-09T21:22:06.034+0000] {dag.py:4180} INFO - Setting next_dagrun for example_task_group to None, run_after=None
[2025-11-09T21:22:06.069+0000] {processor.py:208} INFO - Processing /home/airflow/.local/lib/python3.12/site-packages/airflow/example_dags/example_task_group.py took 0.154 seconds
[2025-11-09T21:22:36.226+0000] {processor.py:186} INFO - Started process (PID=1898) to work on /home/airflow/.local/lib/python3.12/site-packages/airflow/example_dags/example_task_group.py
[2025-11-09T21:22:36.232+0000] {processor.py:914} INFO - Processing file /home/airflow/.local/lib/python3.12/site-packages/airflow/example_dags/example_task_group.py for tasks to queue
[2025-11-09T21:22:36.244+0000] {logging_mixin.py:190} INFO - [2025-11-09T21:22:36.243+0000] {dagbag.py:588} INFO - Filling up the DagBag from /home/airflow/.local/lib/python3.12/site-packages/airflow/example_dags/example_task_group.py
[2025-11-09T21:22:36.279+0000] {processor.py:925} INFO - DAG(s) 'example_task_group' retrieved from /home/airflow/.local/lib/python3.12/site-packages/airflow/example_dags/example_task_group.py
[2025-11-09T21:22:36.340+0000] {logging_mixin.py:190} INFO - [2025-11-09T21:22:36.339+0000] {dag.py:3239} INFO - Sync 1 DAGs
[2025-11-09T21:22:36.379+0000] {logging_mixin.py:190} INFO - [2025-11-09T21:22:36.378+0000] {dag.py:4180} INFO - Setting next_dagrun for example_task_group to None, run_after=None
[2025-11-09T21:22:36.425+0000] {processor.py:208} INFO - Processing /home/airflow/.local/lib/python3.12/site-packages/airflow/example_dags/example_task_group.py took 0.237 seconds
[2025-11-09T21:23:06.758+0000] {processor.py:186} INFO - Started process (PID=1962) to work on /home/airflow/.local/lib/python3.12/site-packages/airflow/example_dags/example_task_group.py
[2025-11-09T21:23:06.760+0000] {processor.py:914} INFO - Processing file /home/airflow/.local/lib/python3.12/site-packages/airflow/example_dags/example_task_group.py for tasks to queue
[2025-11-09T21:23:06.764+0000] {logging_mixin.py:190} INFO - [2025-11-09T21:23:06.764+0000] {dagbag.py:588} INFO - Filling up the DagBag from /home/airflow/.local/lib/python3.12/site-packages/airflow/example_dags/example_task_group.py
[2025-11-09T21:23:06.781+0000] {processor.py:925} INFO - DAG(s) 'example_task_group' retrieved from /home/airflow/.local/lib/python3.12/site-packages/airflow/example_dags/example_task_group.py
[2025-11-09T21:23:06.824+0000] {logging_mixin.py:190} INFO - [2025-11-09T21:23:06.824+0000] {dag.py:3239} INFO - Sync 1 DAGs
[2025-11-09T21:23:06.854+0000] {logging_mixin.py:190} INFO - [2025-11-09T21:23:06.854+0000] {dag.py:4180} INFO - Setting next_dagrun for example_task_group to None, run_after=None
[2025-11-09T21:23:06.900+0000] {processor.py:208} INFO - Processing /home/airflow/.local/lib/python3.12/site-packages/airflow/example_dags/example_task_group.py took 0.157 seconds
[2025-11-09T21:23:37.044+0000] {processor.py:186} INFO - Started process (PID=2026) to work on /home/airflow/.local/lib/python3.12/site-packages/airflow/example_dags/example_task_group.py
[2025-11-09T21:23:37.046+0000] {processor.py:914} INFO - Processing file /home/airflow/.local/lib/python3.12/site-packages/airflow/example_dags/example_task_group.py for tasks to queue
[2025-11-09T21:23:37.051+0000] {logging_mixin.py:190} INFO - [2025-11-09T21:23:37.050+0000] {dagbag.py:588} INFO - Filling up the DagBag from /home/airflow/.local/lib/python3.12/site-packages/airflow/example_dags/example_task_group.py
[2025-11-09T21:23:37.068+0000] {processor.py:925} INFO - DAG(s) 'example_task_group' retrieved from /home/airflow/.local/lib/python3.12/site-packages/airflow/example_dags/example_task_group.py
[2025-11-09T21:23:37.116+0000] {logging_mixin.py:190} INFO - [2025-11-09T21:23:37.115+0000] {dag.py:3239} INFO - Sync 1 DAGs
[2025-11-09T21:23:37.146+0000] {logging_mixin.py:190} INFO - [2025-11-09T21:23:37.145+0000] {dag.py:4180} INFO - Setting next_dagrun for example_task_group to None, run_after=None
[2025-11-09T21:23:37.186+0000] {processor.py:208} INFO - Processing /home/airflow/.local/lib/python3.12/site-packages/airflow/example_dags/example_task_group.py took 0.154 seconds
[2025-11-09T21:24:07.901+0000] {processor.py:186} INFO - Started process (PID=2090) to work on /home/airflow/.local/lib/python3.12/site-packages/airflow/example_dags/example_task_group.py
[2025-11-09T21:24:07.905+0000] {processor.py:914} INFO - Processing file /home/airflow/.local/lib/python3.12/site-packages/airflow/example_dags/example_task_group.py for tasks to queue
[2025-11-09T21:24:07.912+0000] {logging_mixin.py:190} INFO - [2025-11-09T21:24:07.911+0000] {dagbag.py:588} INFO - Filling up the DagBag from /home/airflow/.local/lib/python3.12/site-packages/airflow/example_dags/example_task_group.py
[2025-11-09T21:24:07.936+0000] {processor.py:925} INFO - DAG(s) 'example_task_group' retrieved from /home/airflow/.local/lib/python3.12/site-packages/airflow/example_dags/example_task_group.py
[2025-11-09T21:24:07.998+0000] {logging_mixin.py:190} INFO - [2025-11-09T21:24:07.997+0000] {dag.py:3239} INFO - Sync 1 DAGs
[2025-11-09T21:24:08.033+0000] {logging_mixin.py:190} INFO - [2025-11-09T21:24:08.033+0000] {dag.py:4180} INFO - Setting next_dagrun for example_task_group to None, run_after=None
[2025-11-09T21:24:08.095+0000] {processor.py:208} INFO - Processing /home/airflow/.local/lib/python3.12/site-packages/airflow/example_dags/example_task_group.py took 0.223 seconds
[2025-11-09T21:24:39.358+0000] {processor.py:186} INFO - Started process (PID=2154) to work on /home/airflow/.local/lib/python3.12/site-packages/airflow/example_dags/example_task_group.py
[2025-11-09T21:24:39.362+0000] {processor.py:914} INFO - Processing file /home/airflow/.local/lib/python3.12/site-packages/airflow/example_dags/example_task_group.py for tasks to queue
[2025-11-09T21:24:39.374+0000] {logging_mixin.py:190} INFO - [2025-11-09T21:24:39.372+0000] {dagbag.py:588} INFO - Filling up the DagBag from /home/airflow/.local/lib/python3.12/site-packages/airflow/example_dags/example_task_group.py
[2025-11-09T21:24:39.421+0000] {processor.py:925} INFO - DAG(s) 'example_task_group' retrieved from /home/airflow/.local/lib/python3.12/site-packages/airflow/example_dags/example_task_group.py
[2025-11-09T21:24:39.491+0000] {logging_mixin.py:190} INFO - [2025-11-09T21:24:39.490+0000] {dag.py:3239} INFO - Sync 1 DAGs
[2025-11-09T21:24:39.540+0000] {logging_mixin.py:190} INFO - [2025-11-09T21:24:39.540+0000] {dag.py:4180} INFO - Setting next_dagrun for example_task_group to None, run_after=None
[2025-11-09T21:24:39.592+0000] {processor.py:208} INFO - Processing /home/airflow/.local/lib/python3.12/site-packages/airflow/example_dags/example_task_group.py took 0.263 seconds
[2025-11-09T21:25:10.410+0000] {processor.py:186} INFO - Started process (PID=2218) to work on /home/airflow/.local/lib/python3.12/site-packages/airflow/example_dags/example_task_group.py
[2025-11-09T21:25:10.413+0000] {processor.py:914} INFO - Processing file /home/airflow/.local/lib/python3.12/site-packages/airflow/example_dags/example_task_group.py for tasks to queue
[2025-11-09T21:25:10.425+0000] {logging_mixin.py:190} INFO - [2025-11-09T21:25:10.424+0000] {dagbag.py:588} INFO - Filling up the DagBag from /home/airflow/.local/lib/python3.12/site-packages/airflow/example_dags/example_task_group.py
[2025-11-09T21:25:10.457+0000] {processor.py:925} INFO - DAG(s) 'example_task_group' retrieved from /home/airflow/.local/lib/python3.12/site-packages/airflow/example_dags/example_task_group.py
[2025-11-09T21:25:10.529+0000] {logging_mixin.py:190} INFO - [2025-11-09T21:25:10.528+0000] {dag.py:3239} INFO - Sync 1 DAGs
[2025-11-09T21:25:10.571+0000] {logging_mixin.py:190} INFO - [2025-11-09T21:25:10.570+0000] {dag.py:4180} INFO - Setting next_dagrun for example_task_group to None, run_after=None
[2025-11-09T21:25:10.619+0000] {processor.py:208} INFO - Processing /home/airflow/.local/lib/python3.12/site-packages/airflow/example_dags/example_task_group.py took 0.232 seconds
[2025-11-09T21:25:41.042+0000] {processor.py:186} INFO - Started process (PID=2281) to work on /home/airflow/.local/lib/python3.12/site-packages/airflow/example_dags/example_task_group.py
[2025-11-09T21:25:41.044+0000] {processor.py:914} INFO - Processing file /home/airflow/.local/lib/python3.12/site-packages/airflow/example_dags/example_task_group.py for tasks to queue
[2025-11-09T21:25:41.050+0000] {logging_mixin.py:190} INFO - [2025-11-09T21:25:41.049+0000] {dagbag.py:588} INFO - Filling up the DagBag from /home/airflow/.local/lib/python3.12/site-packages/airflow/example_dags/example_task_group.py
[2025-11-09T21:25:41.072+0000] {processor.py:925} INFO - DAG(s) 'example_task_group' retrieved from /home/airflow/.local/lib/python3.12/site-packages/airflow/example_dags/example_task_group.py
[2025-11-09T21:25:41.128+0000] {logging_mixin.py:190} INFO - [2025-11-09T21:25:41.127+0000] {dag.py:3239} INFO - Sync 1 DAGs
[2025-11-09T21:25:41.169+0000] {logging_mixin.py:190} INFO - [2025-11-09T21:25:41.169+0000] {dag.py:4180} INFO - Setting next_dagrun for example_task_group to None, run_after=None
[2025-11-09T21:25:41.242+0000] {processor.py:208} INFO - Processing /home/airflow/.local/lib/python3.12/site-packages/airflow/example_dags/example_task_group.py took 0.213 seconds
[2025-11-09T21:26:12.139+0000] {processor.py:186} INFO - Started process (PID=2345) to work on /home/airflow/.local/lib/python3.12/site-packages/airflow/example_dags/example_task_group.py
[2025-11-09T21:26:12.141+0000] {processor.py:914} INFO - Processing file /home/airflow/.local/lib/python3.12/site-packages/airflow/example_dags/example_task_group.py for tasks to queue
[2025-11-09T21:26:12.149+0000] {logging_mixin.py:190} INFO - [2025-11-09T21:26:12.148+0000] {dagbag.py:588} INFO - Filling up the DagBag from /home/airflow/.local/lib/python3.12/site-packages/airflow/example_dags/example_task_group.py
[2025-11-09T21:26:12.183+0000] {processor.py:925} INFO - DAG(s) 'example_task_group' retrieved from /home/airflow/.local/lib/python3.12/site-packages/airflow/example_dags/example_task_group.py
[2025-11-09T21:26:12.251+0000] {logging_mixin.py:190} INFO - [2025-11-09T21:26:12.251+0000] {dag.py:3239} INFO - Sync 1 DAGs
[2025-11-09T21:26:12.287+0000] {logging_mixin.py:190} INFO - [2025-11-09T21:26:12.287+0000] {dag.py:4180} INFO - Setting next_dagrun for example_task_group to None, run_after=None
[2025-11-09T21:26:12.337+0000] {processor.py:208} INFO - Processing /home/airflow/.local/lib/python3.12/site-packages/airflow/example_dags/example_task_group.py took 0.219 seconds
[2025-11-09T21:26:42.603+0000] {processor.py:186} INFO - Started process (PID=2408) to work on /home/airflow/.local/lib/python3.12/site-packages/airflow/example_dags/example_task_group.py
[2025-11-09T21:26:42.606+0000] {processor.py:914} INFO - Processing file /home/airflow/.local/lib/python3.12/site-packages/airflow/example_dags/example_task_group.py for tasks to queue
[2025-11-09T21:26:42.612+0000] {logging_mixin.py:190} INFO - [2025-11-09T21:26:42.611+0000] {dagbag.py:588} INFO - Filling up the DagBag from /home/airflow/.local/lib/python3.12/site-packages/airflow/example_dags/example_task_group.py
[2025-11-09T21:26:42.645+0000] {processor.py:925} INFO - DAG(s) 'example_task_group' retrieved from /home/airflow/.local/lib/python3.12/site-packages/airflow/example_dags/example_task_group.py
[2025-11-09T21:26:42.754+0000] {logging_mixin.py:190} INFO - [2025-11-09T21:26:42.753+0000] {dag.py:3239} INFO - Sync 1 DAGs
[2025-11-09T21:26:42.823+0000] {logging_mixin.py:190} INFO - [2025-11-09T21:26:42.822+0000] {dag.py:4180} INFO - Setting next_dagrun for example_task_group to None, run_after=None
[2025-11-09T21:26:42.874+0000] {processor.py:208} INFO - Processing /home/airflow/.local/lib/python3.12/site-packages/airflow/example_dags/example_task_group.py took 0.286 seconds
[2025-11-09T21:27:13.424+0000] {processor.py:186} INFO - Started process (PID=2472) to work on /home/airflow/.local/lib/python3.12/site-packages/airflow/example_dags/example_task_group.py
[2025-11-09T21:27:13.427+0000] {processor.py:914} INFO - Processing file /home/airflow/.local/lib/python3.12/site-packages/airflow/example_dags/example_task_group.py for tasks to queue
[2025-11-09T21:27:13.433+0000] {logging_mixin.py:190} INFO - [2025-11-09T21:27:13.432+0000] {dagbag.py:588} INFO - Filling up the DagBag from /home/airflow/.local/lib/python3.12/site-packages/airflow/example_dags/example_task_group.py
[2025-11-09T21:27:13.453+0000] {processor.py:925} INFO - DAG(s) 'example_task_group' retrieved from /home/airflow/.local/lib/python3.12/site-packages/airflow/example_dags/example_task_group.py
[2025-11-09T21:27:13.498+0000] {logging_mixin.py:190} INFO - [2025-11-09T21:27:13.498+0000] {dag.py:3239} INFO - Sync 1 DAGs
[2025-11-09T21:27:13.530+0000] {logging_mixin.py:190} INFO - [2025-11-09T21:27:13.530+0000] {dag.py:4180} INFO - Setting next_dagrun for example_task_group to None, run_after=None
[2025-11-09T21:27:13.579+0000] {processor.py:208} INFO - Processing /home/airflow/.local/lib/python3.12/site-packages/airflow/example_dags/example_task_group.py took 0.167 seconds
[2025-11-09T21:27:43.817+0000] {processor.py:186} INFO - Started process (PID=2536) to work on /home/airflow/.local/lib/python3.12/site-packages/airflow/example_dags/example_task_group.py
[2025-11-09T21:27:43.819+0000] {processor.py:914} INFO - Processing file /home/airflow/.local/lib/python3.12/site-packages/airflow/example_dags/example_task_group.py for tasks to queue
[2025-11-09T21:27:43.823+0000] {logging_mixin.py:190} INFO - [2025-11-09T21:27:43.823+0000] {dagbag.py:588} INFO - Filling up the DagBag from /home/airflow/.local/lib/python3.12/site-packages/airflow/example_dags/example_task_group.py
[2025-11-09T21:27:43.839+0000] {processor.py:925} INFO - DAG(s) 'example_task_group' retrieved from /home/airflow/.local/lib/python3.12/site-packages/airflow/example_dags/example_task_group.py
[2025-11-09T21:27:43.877+0000] {logging_mixin.py:190} INFO - [2025-11-09T21:27:43.876+0000] {dag.py:3239} INFO - Sync 1 DAGs
[2025-11-09T21:27:43.899+0000] {logging_mixin.py:190} INFO - [2025-11-09T21:27:43.899+0000] {dag.py:4180} INFO - Setting next_dagrun for example_task_group to None, run_after=None
[2025-11-09T21:27:43.932+0000] {processor.py:208} INFO - Processing /home/airflow/.local/lib/python3.12/site-packages/airflow/example_dags/example_task_group.py took 0.126 seconds
[2025-11-09T21:28:14.892+0000] {processor.py:186} INFO - Started process (PID=2601) to work on /home/airflow/.local/lib/python3.12/site-packages/airflow/example_dags/example_task_group.py
[2025-11-09T21:28:14.894+0000] {processor.py:914} INFO - Processing file /home/airflow/.local/lib/python3.12/site-packages/airflow/example_dags/example_task_group.py for tasks to queue
[2025-11-09T21:28:14.898+0000] {logging_mixin.py:190} INFO - [2025-11-09T21:28:14.898+0000] {dagbag.py:588} INFO - Filling up the DagBag from /home/airflow/.local/lib/python3.12/site-packages/airflow/example_dags/example_task_group.py
[2025-11-09T21:28:14.913+0000] {processor.py:925} INFO - DAG(s) 'example_task_group' retrieved from /home/airflow/.local/lib/python3.12/site-packages/airflow/example_dags/example_task_group.py
[2025-11-09T21:28:14.954+0000] {logging_mixin.py:190} INFO - [2025-11-09T21:28:14.953+0000] {dag.py:3239} INFO - Sync 1 DAGs
[2025-11-09T21:28:14.976+0000] {logging_mixin.py:190} INFO - [2025-11-09T21:28:14.976+0000] {dag.py:4180} INFO - Setting next_dagrun for example_task_group to None, run_after=None
[2025-11-09T21:28:15.007+0000] {processor.py:208} INFO - Processing /home/airflow/.local/lib/python3.12/site-packages/airflow/example_dags/example_task_group.py took 0.126 seconds
[2025-11-09T21:28:45.200+0000] {processor.py:186} INFO - Started process (PID=2665) to work on /home/airflow/.local/lib/python3.12/site-packages/airflow/example_dags/example_task_group.py
[2025-11-09T21:28:45.202+0000] {processor.py:914} INFO - Processing file /home/airflow/.local/lib/python3.12/site-packages/airflow/example_dags/example_task_group.py for tasks to queue
[2025-11-09T21:28:45.209+0000] {logging_mixin.py:190} INFO - [2025-11-09T21:28:45.209+0000] {dagbag.py:588} INFO - Filling up the DagBag from /home/airflow/.local/lib/python3.12/site-packages/airflow/example_dags/example_task_group.py
[2025-11-09T21:28:45.227+0000] {processor.py:925} INFO - DAG(s) 'example_task_group' retrieved from /home/airflow/.local/lib/python3.12/site-packages/airflow/example_dags/example_task_group.py
[2025-11-09T21:28:45.273+0000] {logging_mixin.py:190} INFO - [2025-11-09T21:28:45.273+0000] {dag.py:3239} INFO - Sync 1 DAGs
[2025-11-09T21:28:45.299+0000] {logging_mixin.py:190} INFO - [2025-11-09T21:28:45.299+0000] {dag.py:4180} INFO - Setting next_dagrun for example_task_group to None, run_after=None
[2025-11-09T21:28:45.336+0000] {processor.py:208} INFO - Processing /home/airflow/.local/lib/python3.12/site-packages/airflow/example_dags/example_task_group.py took 0.147 seconds
[2025-11-09T21:29:15.681+0000] {processor.py:186} INFO - Started process (PID=2728) to work on /home/airflow/.local/lib/python3.12/site-packages/airflow/example_dags/example_task_group.py
[2025-11-09T21:29:15.685+0000] {processor.py:914} INFO - Processing file /home/airflow/.local/lib/python3.12/site-packages/airflow/example_dags/example_task_group.py for tasks to queue
[2025-11-09T21:29:15.698+0000] {logging_mixin.py:190} INFO - [2025-11-09T21:29:15.696+0000] {dagbag.py:588} INFO - Filling up the DagBag from /home/airflow/.local/lib/python3.12/site-packages/airflow/example_dags/example_task_group.py
[2025-11-09T21:29:15.739+0000] {processor.py:925} INFO - DAG(s) 'example_task_group' retrieved from /home/airflow/.local/lib/python3.12/site-packages/airflow/example_dags/example_task_group.py
[2025-11-09T21:29:15.881+0000] {logging_mixin.py:190} INFO - [2025-11-09T21:29:15.880+0000] {dag.py:3239} INFO - Sync 1 DAGs
[2025-11-09T21:29:15.960+0000] {logging_mixin.py:190} INFO - [2025-11-09T21:29:15.959+0000] {dag.py:4180} INFO - Setting next_dagrun for example_task_group to None, run_after=None
[2025-11-09T21:29:16.062+0000] {processor.py:208} INFO - Processing /home/airflow/.local/lib/python3.12/site-packages/airflow/example_dags/example_task_group.py took 0.418 seconds
[2025-11-09T21:29:46.833+0000] {processor.py:186} INFO - Started process (PID=2792) to work on /home/airflow/.local/lib/python3.12/site-packages/airflow/example_dags/example_task_group.py
[2025-11-09T21:29:46.834+0000] {processor.py:914} INFO - Processing file /home/airflow/.local/lib/python3.12/site-packages/airflow/example_dags/example_task_group.py for tasks to queue
[2025-11-09T21:29:46.839+0000] {logging_mixin.py:190} INFO - [2025-11-09T21:29:46.838+0000] {dagbag.py:588} INFO - Filling up the DagBag from /home/airflow/.local/lib/python3.12/site-packages/airflow/example_dags/example_task_group.py
[2025-11-09T21:29:46.855+0000] {processor.py:925} INFO - DAG(s) 'example_task_group' retrieved from /home/airflow/.local/lib/python3.12/site-packages/airflow/example_dags/example_task_group.py
[2025-11-09T21:29:46.897+0000] {logging_mixin.py:190} INFO - [2025-11-09T21:29:46.897+0000] {dag.py:3239} INFO - Sync 1 DAGs
[2025-11-09T21:29:46.922+0000] {logging_mixin.py:190} INFO - [2025-11-09T21:29:46.922+0000] {dag.py:4180} INFO - Setting next_dagrun for example_task_group to None, run_after=None
[2025-11-09T21:29:46.958+0000] {processor.py:208} INFO - Processing /home/airflow/.local/lib/python3.12/site-packages/airflow/example_dags/example_task_group.py took 0.136 seconds
[2025-11-09T21:30:17.311+0000] {processor.py:186} INFO - Started process (PID=2856) to work on /home/airflow/.local/lib/python3.12/site-packages/airflow/example_dags/example_task_group.py
[2025-11-09T21:30:17.313+0000] {processor.py:914} INFO - Processing file /home/airflow/.local/lib/python3.12/site-packages/airflow/example_dags/example_task_group.py for tasks to queue
[2025-11-09T21:30:17.319+0000] {logging_mixin.py:190} INFO - [2025-11-09T21:30:17.318+0000] {dagbag.py:588} INFO - Filling up the DagBag from /home/airflow/.local/lib/python3.12/site-packages/airflow/example_dags/example_task_group.py
[2025-11-09T21:30:17.340+0000] {processor.py:925} INFO - DAG(s) 'example_task_group' retrieved from /home/airflow/.local/lib/python3.12/site-packages/airflow/example_dags/example_task_group.py
[2025-11-09T21:30:17.396+0000] {logging_mixin.py:190} INFO - [2025-11-09T21:30:17.395+0000] {dag.py:3239} INFO - Sync 1 DAGs
[2025-11-09T21:30:17.429+0000] {logging_mixin.py:190} INFO - [2025-11-09T21:30:17.429+0000] {dag.py:4180} INFO - Setting next_dagrun for example_task_group to None, run_after=None
[2025-11-09T21:30:17.473+0000] {processor.py:208} INFO - Processing /home/airflow/.local/lib/python3.12/site-packages/airflow/example_dags/example_task_group.py took 0.174 seconds
[2025-11-09T21:30:47.877+0000] {processor.py:186} INFO - Started process (PID=2920) to work on /home/airflow/.local/lib/python3.12/site-packages/airflow/example_dags/example_task_group.py
[2025-11-09T21:30:47.879+0000] {processor.py:914} INFO - Processing file /home/airflow/.local/lib/python3.12/site-packages/airflow/example_dags/example_task_group.py for tasks to queue
[2025-11-09T21:30:47.884+0000] {logging_mixin.py:190} INFO - [2025-11-09T21:30:47.884+0000] {dagbag.py:588} INFO - Filling up the DagBag from /home/airflow/.local/lib/python3.12/site-packages/airflow/example_dags/example_task_group.py
[2025-11-09T21:30:47.904+0000] {processor.py:925} INFO - DAG(s) 'example_task_group' retrieved from /home/airflow/.local/lib/python3.12/site-packages/airflow/example_dags/example_task_group.py
[2025-11-09T21:30:47.950+0000] {logging_mixin.py:190} INFO - [2025-11-09T21:30:47.950+0000] {dag.py:3239} INFO - Sync 1 DAGs
[2025-11-09T21:30:47.980+0000] {logging_mixin.py:190} INFO - [2025-11-09T21:30:47.980+0000] {dag.py:4180} INFO - Setting next_dagrun for example_task_group to None, run_after=None
[2025-11-09T21:30:48.015+0000] {processor.py:208} INFO - Processing /home/airflow/.local/lib/python3.12/site-packages/airflow/example_dags/example_task_group.py took 0.149 seconds
[2025-11-09T21:31:19.022+0000] {processor.py:186} INFO - Started process (PID=2984) to work on /home/airflow/.local/lib/python3.12/site-packages/airflow/example_dags/example_task_group.py
[2025-11-09T21:31:19.024+0000] {processor.py:914} INFO - Processing file /home/airflow/.local/lib/python3.12/site-packages/airflow/example_dags/example_task_group.py for tasks to queue
[2025-11-09T21:31:19.031+0000] {logging_mixin.py:190} INFO - [2025-11-09T21:31:19.030+0000] {dagbag.py:588} INFO - Filling up the DagBag from /home/airflow/.local/lib/python3.12/site-packages/airflow/example_dags/example_task_group.py
[2025-11-09T21:31:19.049+0000] {processor.py:925} INFO - DAG(s) 'example_task_group' retrieved from /home/airflow/.local/lib/python3.12/site-packages/airflow/example_dags/example_task_group.py
[2025-11-09T21:31:19.108+0000] {logging_mixin.py:190} INFO - [2025-11-09T21:31:19.107+0000] {dag.py:3239} INFO - Sync 1 DAGs
[2025-11-09T21:31:19.145+0000] {logging_mixin.py:190} INFO - [2025-11-09T21:31:19.144+0000] {dag.py:4180} INFO - Setting next_dagrun for example_task_group to None, run_after=None
[2025-11-09T21:31:19.188+0000] {processor.py:208} INFO - Processing /home/airflow/.local/lib/python3.12/site-packages/airflow/example_dags/example_task_group.py took 0.184 seconds
[2025-11-09T21:31:49.563+0000] {processor.py:186} INFO - Started process (PID=3048) to work on /home/airflow/.local/lib/python3.12/site-packages/airflow/example_dags/example_task_group.py
[2025-11-09T21:31:49.565+0000] {processor.py:914} INFO - Processing file /home/airflow/.local/lib/python3.12/site-packages/airflow/example_dags/example_task_group.py for tasks to queue
[2025-11-09T21:31:49.571+0000] {logging_mixin.py:190} INFO - [2025-11-09T21:31:49.570+0000] {dagbag.py:588} INFO - Filling up the DagBag from /home/airflow/.local/lib/python3.12/site-packages/airflow/example_dags/example_task_group.py
[2025-11-09T21:31:49.593+0000] {processor.py:925} INFO - DAG(s) 'example_task_group' retrieved from /home/airflow/.local/lib/python3.12/site-packages/airflow/example_dags/example_task_group.py
[2025-11-09T21:31:49.665+0000] {logging_mixin.py:190} INFO - [2025-11-09T21:31:49.665+0000] {dag.py:3239} INFO - Sync 1 DAGs
[2025-11-09T21:31:49.695+0000] {logging_mixin.py:190} INFO - [2025-11-09T21:31:49.694+0000] {dag.py:4180} INFO - Setting next_dagrun for example_task_group to None, run_after=None
[2025-11-09T21:31:49.983+0000] {processor.py:208} INFO - Processing /home/airflow/.local/lib/python3.12/site-packages/airflow/example_dags/example_task_group.py took 0.433 seconds
[2025-11-09T21:32:20.463+0000] {processor.py:186} INFO - Started process (PID=3112) to work on /home/airflow/.local/lib/python3.12/site-packages/airflow/example_dags/example_task_group.py
[2025-11-09T21:32:20.466+0000] {processor.py:914} INFO - Processing file /home/airflow/.local/lib/python3.12/site-packages/airflow/example_dags/example_task_group.py for tasks to queue
[2025-11-09T21:32:20.475+0000] {logging_mixin.py:190} INFO - [2025-11-09T21:32:20.474+0000] {dagbag.py:588} INFO - Filling up the DagBag from /home/airflow/.local/lib/python3.12/site-packages/airflow/example_dags/example_task_group.py
[2025-11-09T21:32:20.501+0000] {processor.py:925} INFO - DAG(s) 'example_task_group' retrieved from /home/airflow/.local/lib/python3.12/site-packages/airflow/example_dags/example_task_group.py
[2025-11-09T21:32:20.550+0000] {logging_mixin.py:190} INFO - [2025-11-09T21:32:20.550+0000] {dag.py:3239} INFO - Sync 1 DAGs
[2025-11-09T21:32:20.583+0000] {logging_mixin.py:190} INFO - [2025-11-09T21:32:20.582+0000] {dag.py:4180} INFO - Setting next_dagrun for example_task_group to None, run_after=None
[2025-11-09T21:32:20.961+0000] {processor.py:208} INFO - Processing /home/airflow/.local/lib/python3.12/site-packages/airflow/example_dags/example_task_group.py took 0.512 seconds
[2025-11-09T21:32:51.486+0000] {processor.py:186} INFO - Started process (PID=3175) to work on /home/airflow/.local/lib/python3.12/site-packages/airflow/example_dags/example_task_group.py
[2025-11-09T21:32:51.488+0000] {processor.py:914} INFO - Processing file /home/airflow/.local/lib/python3.12/site-packages/airflow/example_dags/example_task_group.py for tasks to queue
[2025-11-09T21:32:51.495+0000] {logging_mixin.py:190} INFO - [2025-11-09T21:32:51.494+0000] {dagbag.py:588} INFO - Filling up the DagBag from /home/airflow/.local/lib/python3.12/site-packages/airflow/example_dags/example_task_group.py
[2025-11-09T21:32:51.518+0000] {processor.py:925} INFO - DAG(s) 'example_task_group' retrieved from /home/airflow/.local/lib/python3.12/site-packages/airflow/example_dags/example_task_group.py
[2025-11-09T21:32:51.582+0000] {logging_mixin.py:190} INFO - [2025-11-09T21:32:51.582+0000] {dag.py:3239} INFO - Sync 1 DAGs
[2025-11-09T21:32:51.621+0000] {logging_mixin.py:190} INFO - [2025-11-09T21:32:51.621+0000] {dag.py:4180} INFO - Setting next_dagrun for example_task_group to None, run_after=None
[2025-11-09T21:32:51.676+0000] {processor.py:208} INFO - Processing /home/airflow/.local/lib/python3.12/site-packages/airflow/example_dags/example_task_group.py took 0.205 seconds
[2025-11-09T21:33:22.206+0000] {processor.py:186} INFO - Started process (PID=3240) to work on /home/airflow/.local/lib/python3.12/site-packages/airflow/example_dags/example_task_group.py
[2025-11-09T21:33:22.208+0000] {processor.py:914} INFO - Processing file /home/airflow/.local/lib/python3.12/site-packages/airflow/example_dags/example_task_group.py for tasks to queue
[2025-11-09T21:33:22.214+0000] {logging_mixin.py:190} INFO - [2025-11-09T21:33:22.213+0000] {dagbag.py:588} INFO - Filling up the DagBag from /home/airflow/.local/lib/python3.12/site-packages/airflow/example_dags/example_task_group.py
[2025-11-09T21:33:22.233+0000] {processor.py:925} INFO - DAG(s) 'example_task_group' retrieved from /home/airflow/.local/lib/python3.12/site-packages/airflow/example_dags/example_task_group.py
[2025-11-09T21:33:22.283+0000] {logging_mixin.py:190} INFO - [2025-11-09T21:33:22.282+0000] {dag.py:3239} INFO - Sync 1 DAGs
[2025-11-09T21:33:22.315+0000] {logging_mixin.py:190} INFO - [2025-11-09T21:33:22.314+0000] {dag.py:4180} INFO - Setting next_dagrun for example_task_group to None, run_after=None
[2025-11-09T21:33:22.356+0000] {processor.py:208} INFO - Processing /home/airflow/.local/lib/python3.12/site-packages/airflow/example_dags/example_task_group.py took 0.166 seconds
[2025-11-09T21:33:52.866+0000] {processor.py:186} INFO - Started process (PID=3303) to work on /home/airflow/.local/lib/python3.12/site-packages/airflow/example_dags/example_task_group.py
[2025-11-09T21:33:52.869+0000] {processor.py:914} INFO - Processing file /home/airflow/.local/lib/python3.12/site-packages/airflow/example_dags/example_task_group.py for tasks to queue
[2025-11-09T21:33:52.879+0000] {logging_mixin.py:190} INFO - [2025-11-09T21:33:52.877+0000] {dagbag.py:588} INFO - Filling up the DagBag from /home/airflow/.local/lib/python3.12/site-packages/airflow/example_dags/example_task_group.py
[2025-11-09T21:33:52.922+0000] {processor.py:925} INFO - DAG(s) 'example_task_group' retrieved from /home/airflow/.local/lib/python3.12/site-packages/airflow/example_dags/example_task_group.py
[2025-11-09T21:33:53.002+0000] {logging_mixin.py:190} INFO - [2025-11-09T21:33:53.001+0000] {dag.py:3239} INFO - Sync 1 DAGs
[2025-11-09T21:33:53.050+0000] {logging_mixin.py:190} INFO - [2025-11-09T21:33:53.050+0000] {dag.py:4180} INFO - Setting next_dagrun for example_task_group to None, run_after=None
[2025-11-09T21:33:53.108+0000] {processor.py:208} INFO - Processing /home/airflow/.local/lib/python3.12/site-packages/airflow/example_dags/example_task_group.py took 0.266 seconds
[2025-11-09T21:34:23.343+0000] {processor.py:186} INFO - Started process (PID=3366) to work on /home/airflow/.local/lib/python3.12/site-packages/airflow/example_dags/example_task_group.py
[2025-11-09T21:34:23.345+0000] {processor.py:914} INFO - Processing file /home/airflow/.local/lib/python3.12/site-packages/airflow/example_dags/example_task_group.py for tasks to queue
[2025-11-09T21:34:23.350+0000] {logging_mixin.py:190} INFO - [2025-11-09T21:34:23.349+0000] {dagbag.py:588} INFO - Filling up the DagBag from /home/airflow/.local/lib/python3.12/site-packages/airflow/example_dags/example_task_group.py
[2025-11-09T21:34:23.373+0000] {processor.py:925} INFO - DAG(s) 'example_task_group' retrieved from /home/airflow/.local/lib/python3.12/site-packages/airflow/example_dags/example_task_group.py
[2025-11-09T21:34:23.430+0000] {logging_mixin.py:190} INFO - [2025-11-09T21:34:23.430+0000] {dag.py:3239} INFO - Sync 1 DAGs
[2025-11-09T21:34:23.461+0000] {logging_mixin.py:190} INFO - [2025-11-09T21:34:23.461+0000] {dag.py:4180} INFO - Setting next_dagrun for example_task_group to None, run_after=None
[2025-11-09T21:34:23.501+0000] {processor.py:208} INFO - Processing /home/airflow/.local/lib/python3.12/site-packages/airflow/example_dags/example_task_group.py took 0.173 seconds
[2025-11-09T21:34:53.902+0000] {processor.py:186} INFO - Started process (PID=3430) to work on /home/airflow/.local/lib/python3.12/site-packages/airflow/example_dags/example_task_group.py
[2025-11-09T21:34:53.906+0000] {processor.py:914} INFO - Processing file /home/airflow/.local/lib/python3.12/site-packages/airflow/example_dags/example_task_group.py for tasks to queue
[2025-11-09T21:34:53.915+0000] {logging_mixin.py:190} INFO - [2025-11-09T21:34:53.914+0000] {dagbag.py:588} INFO - Filling up the DagBag from /home/airflow/.local/lib/python3.12/site-packages/airflow/example_dags/example_task_group.py
[2025-11-09T21:34:53.955+0000] {processor.py:925} INFO - DAG(s) 'example_task_group' retrieved from /home/airflow/.local/lib/python3.12/site-packages/airflow/example_dags/example_task_group.py
[2025-11-09T21:34:54.042+0000] {logging_mixin.py:190} INFO - [2025-11-09T21:34:54.041+0000] {dag.py:3239} INFO - Sync 1 DAGs
[2025-11-09T21:34:54.092+0000] {logging_mixin.py:190} INFO - [2025-11-09T21:34:54.091+0000] {dag.py:4180} INFO - Setting next_dagrun for example_task_group to None, run_after=None
[2025-11-09T21:34:54.153+0000] {processor.py:208} INFO - Processing /home/airflow/.local/lib/python3.12/site-packages/airflow/example_dags/example_task_group.py took 0.285 seconds
[2025-11-09T21:35:25.178+0000] {processor.py:186} INFO - Started process (PID=3501) to work on /home/airflow/.local/lib/python3.12/site-packages/airflow/example_dags/example_task_group.py
[2025-11-09T21:35:25.181+0000] {processor.py:914} INFO - Processing file /home/airflow/.local/lib/python3.12/site-packages/airflow/example_dags/example_task_group.py for tasks to queue
[2025-11-09T21:35:25.189+0000] {logging_mixin.py:190} INFO - [2025-11-09T21:35:25.188+0000] {dagbag.py:588} INFO - Filling up the DagBag from /home/airflow/.local/lib/python3.12/site-packages/airflow/example_dags/example_task_group.py
[2025-11-09T21:35:25.220+0000] {processor.py:925} INFO - DAG(s) 'example_task_group' retrieved from /home/airflow/.local/lib/python3.12/site-packages/airflow/example_dags/example_task_group.py
[2025-11-09T21:35:25.283+0000] {logging_mixin.py:190} INFO - [2025-11-09T21:35:25.282+0000] {dag.py:3239} INFO - Sync 1 DAGs
[2025-11-09T21:35:25.327+0000] {logging_mixin.py:190} INFO - [2025-11-09T21:35:25.327+0000] {dag.py:4180} INFO - Setting next_dagrun for example_task_group to None, run_after=None
[2025-11-09T21:35:25.377+0000] {processor.py:208} INFO - Processing /home/airflow/.local/lib/python3.12/site-packages/airflow/example_dags/example_task_group.py took 0.214 seconds
[2025-11-09T21:35:56.258+0000] {processor.py:186} INFO - Started process (PID=3565) to work on /home/airflow/.local/lib/python3.12/site-packages/airflow/example_dags/example_task_group.py
[2025-11-09T21:35:56.266+0000] {processor.py:914} INFO - Processing file /home/airflow/.local/lib/python3.12/site-packages/airflow/example_dags/example_task_group.py for tasks to queue
[2025-11-09T21:35:56.273+0000] {logging_mixin.py:190} INFO - [2025-11-09T21:35:56.272+0000] {dagbag.py:588} INFO - Filling up the DagBag from /home/airflow/.local/lib/python3.12/site-packages/airflow/example_dags/example_task_group.py
[2025-11-09T21:35:56.304+0000] {processor.py:925} INFO - DAG(s) 'example_task_group' retrieved from /home/airflow/.local/lib/python3.12/site-packages/airflow/example_dags/example_task_group.py
[2025-11-09T21:35:56.380+0000] {logging_mixin.py:190} INFO - [2025-11-09T21:35:56.379+0000] {dag.py:3239} INFO - Sync 1 DAGs
[2025-11-09T21:35:56.418+0000] {logging_mixin.py:190} INFO - [2025-11-09T21:35:56.417+0000] {dag.py:4180} INFO - Setting next_dagrun for example_task_group to None, run_after=None
[2025-11-09T21:35:56.461+0000] {processor.py:208} INFO - Processing /home/airflow/.local/lib/python3.12/site-packages/airflow/example_dags/example_task_group.py took 0.218 seconds
[2025-11-09T21:36:26.732+0000] {processor.py:186} INFO - Started process (PID=3629) to work on /home/airflow/.local/lib/python3.12/site-packages/airflow/example_dags/example_task_group.py
[2025-11-09T21:36:26.736+0000] {processor.py:914} INFO - Processing file /home/airflow/.local/lib/python3.12/site-packages/airflow/example_dags/example_task_group.py for tasks to queue
[2025-11-09T21:36:26.747+0000] {logging_mixin.py:190} INFO - [2025-11-09T21:36:26.745+0000] {dagbag.py:588} INFO - Filling up the DagBag from /home/airflow/.local/lib/python3.12/site-packages/airflow/example_dags/example_task_group.py
[2025-11-09T21:36:26.793+0000] {processor.py:925} INFO - DAG(s) 'example_task_group' retrieved from /home/airflow/.local/lib/python3.12/site-packages/airflow/example_dags/example_task_group.py
[2025-11-09T21:36:26.903+0000] {logging_mixin.py:190} INFO - [2025-11-09T21:36:26.901+0000] {dag.py:3239} INFO - Sync 1 DAGs
[2025-11-09T21:36:26.978+0000] {logging_mixin.py:190} INFO - [2025-11-09T21:36:26.977+0000] {dag.py:4180} INFO - Setting next_dagrun for example_task_group to None, run_after=None
[2025-11-09T21:36:27.064+0000] {processor.py:208} INFO - Processing /home/airflow/.local/lib/python3.12/site-packages/airflow/example_dags/example_task_group.py took 0.367 seconds
[2025-11-09T21:36:57.666+0000] {processor.py:186} INFO - Started process (PID=3693) to work on /home/airflow/.local/lib/python3.12/site-packages/airflow/example_dags/example_task_group.py
[2025-11-09T21:36:57.670+0000] {processor.py:914} INFO - Processing file /home/airflow/.local/lib/python3.12/site-packages/airflow/example_dags/example_task_group.py for tasks to queue
[2025-11-09T21:36:57.681+0000] {logging_mixin.py:190} INFO - [2025-11-09T21:36:57.679+0000] {dagbag.py:588} INFO - Filling up the DagBag from /home/airflow/.local/lib/python3.12/site-packages/airflow/example_dags/example_task_group.py
[2025-11-09T21:36:57.747+0000] {processor.py:925} INFO - DAG(s) 'example_task_group' retrieved from /home/airflow/.local/lib/python3.12/site-packages/airflow/example_dags/example_task_group.py
[2025-11-09T21:36:57.836+0000] {logging_mixin.py:190} INFO - [2025-11-09T21:36:57.835+0000] {dag.py:3239} INFO - Sync 1 DAGs
[2025-11-09T21:36:57.913+0000] {logging_mixin.py:190} INFO - [2025-11-09T21:36:57.912+0000] {dag.py:4180} INFO - Setting next_dagrun for example_task_group to None, run_after=None
[2025-11-09T21:36:57.976+0000] {processor.py:208} INFO - Processing /home/airflow/.local/lib/python3.12/site-packages/airflow/example_dags/example_task_group.py took 0.338 seconds
[2025-11-09T21:37:29.738+0000] {processor.py:186} INFO - Started process (PID=3752) to work on /home/airflow/.local/lib/python3.12/site-packages/airflow/example_dags/example_task_group.py
[2025-11-09T21:37:29.747+0000] {processor.py:914} INFO - Processing file /home/airflow/.local/lib/python3.12/site-packages/airflow/example_dags/example_task_group.py for tasks to queue
[2025-11-09T21:37:29.763+0000] {logging_mixin.py:190} INFO - [2025-11-09T21:37:29.762+0000] {dagbag.py:588} INFO - Filling up the DagBag from /home/airflow/.local/lib/python3.12/site-packages/airflow/example_dags/example_task_group.py
[2025-11-09T21:37:29.832+0000] {processor.py:925} INFO - DAG(s) 'example_task_group' retrieved from /home/airflow/.local/lib/python3.12/site-packages/airflow/example_dags/example_task_group.py
[2025-11-09T21:37:29.959+0000] {logging_mixin.py:190} INFO - [2025-11-09T21:37:29.958+0000] {dag.py:3239} INFO - Sync 1 DAGs
[2025-11-09T21:37:30.035+0000] {logging_mixin.py:190} INFO - [2025-11-09T21:37:30.034+0000] {dag.py:4180} INFO - Setting next_dagrun for example_task_group to None, run_after=None
[2025-11-09T21:37:30.127+0000] {processor.py:208} INFO - Processing /home/airflow/.local/lib/python3.12/site-packages/airflow/example_dags/example_task_group.py took 0.427 seconds
[2025-11-09T21:38:00.668+0000] {processor.py:186} INFO - Started process (PID=3816) to work on /home/airflow/.local/lib/python3.12/site-packages/airflow/example_dags/example_task_group.py
[2025-11-09T21:38:00.671+0000] {processor.py:914} INFO - Processing file /home/airflow/.local/lib/python3.12/site-packages/airflow/example_dags/example_task_group.py for tasks to queue
[2025-11-09T21:38:00.678+0000] {logging_mixin.py:190} INFO - [2025-11-09T21:38:00.677+0000] {dagbag.py:588} INFO - Filling up the DagBag from /home/airflow/.local/lib/python3.12/site-packages/airflow/example_dags/example_task_group.py
[2025-11-09T21:38:00.709+0000] {processor.py:925} INFO - DAG(s) 'example_task_group' retrieved from /home/airflow/.local/lib/python3.12/site-packages/airflow/example_dags/example_task_group.py
[2025-11-09T21:38:00.773+0000] {logging_mixin.py:190} INFO - [2025-11-09T21:38:00.772+0000] {dag.py:3239} INFO - Sync 1 DAGs
[2025-11-09T21:38:00.815+0000] {logging_mixin.py:190} INFO - [2025-11-09T21:38:00.814+0000] {dag.py:4180} INFO - Setting next_dagrun for example_task_group to None, run_after=None
[2025-11-09T21:38:00.867+0000] {processor.py:208} INFO - Processing /home/airflow/.local/lib/python3.12/site-packages/airflow/example_dags/example_task_group.py took 0.217 seconds
[2025-11-09T21:38:31.751+0000] {processor.py:186} INFO - Started process (PID=3880) to work on /home/airflow/.local/lib/python3.12/site-packages/airflow/example_dags/example_task_group.py
[2025-11-09T21:38:31.754+0000] {processor.py:914} INFO - Processing file /home/airflow/.local/lib/python3.12/site-packages/airflow/example_dags/example_task_group.py for tasks to queue
[2025-11-09T21:38:31.761+0000] {logging_mixin.py:190} INFO - [2025-11-09T21:38:31.760+0000] {dagbag.py:588} INFO - Filling up the DagBag from /home/airflow/.local/lib/python3.12/site-packages/airflow/example_dags/example_task_group.py
[2025-11-09T21:38:31.782+0000] {processor.py:925} INFO - DAG(s) 'example_task_group' retrieved from /home/airflow/.local/lib/python3.12/site-packages/airflow/example_dags/example_task_group.py
[2025-11-09T21:38:31.833+0000] {logging_mixin.py:190} INFO - [2025-11-09T21:38:31.833+0000] {dag.py:3239} INFO - Sync 1 DAGs
[2025-11-09T21:38:31.862+0000] {logging_mixin.py:190} INFO - [2025-11-09T21:38:31.862+0000] {dag.py:4180} INFO - Setting next_dagrun for example_task_group to None, run_after=None
[2025-11-09T21:38:31.899+0000] {processor.py:208} INFO - Processing /home/airflow/.local/lib/python3.12/site-packages/airflow/example_dags/example_task_group.py took 0.166 seconds
[2025-11-09T21:39:02.778+0000] {processor.py:186} INFO - Started process (PID=3944) to work on /home/airflow/.local/lib/python3.12/site-packages/airflow/example_dags/example_task_group.py
[2025-11-09T21:39:02.781+0000] {processor.py:914} INFO - Processing file /home/airflow/.local/lib/python3.12/site-packages/airflow/example_dags/example_task_group.py for tasks to queue
[2025-11-09T21:39:02.789+0000] {logging_mixin.py:190} INFO - [2025-11-09T21:39:02.788+0000] {dagbag.py:588} INFO - Filling up the DagBag from /home/airflow/.local/lib/python3.12/site-packages/airflow/example_dags/example_task_group.py
[2025-11-09T21:39:02.815+0000] {processor.py:925} INFO - DAG(s) 'example_task_group' retrieved from /home/airflow/.local/lib/python3.12/site-packages/airflow/example_dags/example_task_group.py
[2025-11-09T21:39:02.879+0000] {logging_mixin.py:190} INFO - [2025-11-09T21:39:02.878+0000] {dag.py:3239} INFO - Sync 1 DAGs
[2025-11-09T21:39:02.915+0000] {logging_mixin.py:190} INFO - [2025-11-09T21:39:02.914+0000] {dag.py:4180} INFO - Setting next_dagrun for example_task_group to None, run_after=None
[2025-11-09T21:39:02.960+0000] {processor.py:208} INFO - Processing /home/airflow/.local/lib/python3.12/site-packages/airflow/example_dags/example_task_group.py took 0.202 seconds
[2025-11-09T21:39:33.139+0000] {processor.py:186} INFO - Started process (PID=4009) to work on /home/airflow/.local/lib/python3.12/site-packages/airflow/example_dags/example_task_group.py
[2025-11-09T21:39:33.142+0000] {processor.py:914} INFO - Processing file /home/airflow/.local/lib/python3.12/site-packages/airflow/example_dags/example_task_group.py for tasks to queue
[2025-11-09T21:39:33.150+0000] {logging_mixin.py:190} INFO - [2025-11-09T21:39:33.149+0000] {dagbag.py:588} INFO - Filling up the DagBag from /home/airflow/.local/lib/python3.12/site-packages/airflow/example_dags/example_task_group.py
[2025-11-09T21:39:33.176+0000] {processor.py:925} INFO - DAG(s) 'example_task_group' retrieved from /home/airflow/.local/lib/python3.12/site-packages/airflow/example_dags/example_task_group.py
[2025-11-09T21:39:33.242+0000] {logging_mixin.py:190} INFO - [2025-11-09T21:39:33.241+0000] {dag.py:3239} INFO - Sync 1 DAGs
[2025-11-09T21:39:33.280+0000] {logging_mixin.py:190} INFO - [2025-11-09T21:39:33.280+0000] {dag.py:4180} INFO - Setting next_dagrun for example_task_group to None, run_after=None
[2025-11-09T21:39:33.328+0000] {processor.py:208} INFO - Processing /home/airflow/.local/lib/python3.12/site-packages/airflow/example_dags/example_task_group.py took 0.207 seconds
[2025-11-09T21:40:03.985+0000] {processor.py:186} INFO - Started process (PID=4073) to work on /home/airflow/.local/lib/python3.12/site-packages/airflow/example_dags/example_task_group.py
[2025-11-09T21:40:03.988+0000] {processor.py:914} INFO - Processing file /home/airflow/.local/lib/python3.12/site-packages/airflow/example_dags/example_task_group.py for tasks to queue
[2025-11-09T21:40:03.996+0000] {logging_mixin.py:190} INFO - [2025-11-09T21:40:03.995+0000] {dagbag.py:588} INFO - Filling up the DagBag from /home/airflow/.local/lib/python3.12/site-packages/airflow/example_dags/example_task_group.py
[2025-11-09T21:40:04.021+0000] {processor.py:925} INFO - DAG(s) 'example_task_group' retrieved from /home/airflow/.local/lib/python3.12/site-packages/airflow/example_dags/example_task_group.py
[2025-11-09T21:40:04.071+0000] {logging_mixin.py:190} INFO - [2025-11-09T21:40:04.070+0000] {dag.py:3239} INFO - Sync 1 DAGs
[2025-11-09T21:40:04.115+0000] {logging_mixin.py:190} INFO - [2025-11-09T21:40:04.114+0000] {dag.py:4180} INFO - Setting next_dagrun for example_task_group to None, run_after=None
[2025-11-09T21:40:04.165+0000] {processor.py:208} INFO - Processing /home/airflow/.local/lib/python3.12/site-packages/airflow/example_dags/example_task_group.py took 0.197 seconds
[2025-11-09T21:40:34.659+0000] {processor.py:186} INFO - Started process (PID=4137) to work on /home/airflow/.local/lib/python3.12/site-packages/airflow/example_dags/example_task_group.py
[2025-11-09T21:40:34.662+0000] {processor.py:914} INFO - Processing file /home/airflow/.local/lib/python3.12/site-packages/airflow/example_dags/example_task_group.py for tasks to queue
[2025-11-09T21:40:34.669+0000] {logging_mixin.py:190} INFO - [2025-11-09T21:40:34.667+0000] {dagbag.py:588} INFO - Filling up the DagBag from /home/airflow/.local/lib/python3.12/site-packages/airflow/example_dags/example_task_group.py
[2025-11-09T21:40:34.689+0000] {processor.py:925} INFO - DAG(s) 'example_task_group' retrieved from /home/airflow/.local/lib/python3.12/site-packages/airflow/example_dags/example_task_group.py
[2025-11-09T21:40:34.740+0000] {logging_mixin.py:190} INFO - [2025-11-09T21:40:34.740+0000] {dag.py:3239} INFO - Sync 1 DAGs
[2025-11-09T21:40:34.781+0000] {logging_mixin.py:190} INFO - [2025-11-09T21:40:34.781+0000] {dag.py:4180} INFO - Setting next_dagrun for example_task_group to None, run_after=None
[2025-11-09T21:40:34.822+0000] {processor.py:208} INFO - Processing /home/airflow/.local/lib/python3.12/site-packages/airflow/example_dags/example_task_group.py took 0.177 seconds
[2025-11-09T21:41:05.068+0000] {processor.py:186} INFO - Started process (PID=4200) to work on /home/airflow/.local/lib/python3.12/site-packages/airflow/example_dags/example_task_group.py
[2025-11-09T21:41:05.070+0000] {processor.py:914} INFO - Processing file /home/airflow/.local/lib/python3.12/site-packages/airflow/example_dags/example_task_group.py for tasks to queue
[2025-11-09T21:41:05.075+0000] {logging_mixin.py:190} INFO - [2025-11-09T21:41:05.074+0000] {dagbag.py:588} INFO - Filling up the DagBag from /home/airflow/.local/lib/python3.12/site-packages/airflow/example_dags/example_task_group.py
[2025-11-09T21:41:05.099+0000] {processor.py:925} INFO - DAG(s) 'example_task_group' retrieved from /home/airflow/.local/lib/python3.12/site-packages/airflow/example_dags/example_task_group.py
[2025-11-09T21:41:05.150+0000] {logging_mixin.py:190} INFO - [2025-11-09T21:41:05.149+0000] {dag.py:3239} INFO - Sync 1 DAGs
[2025-11-09T21:41:05.185+0000] {logging_mixin.py:190} INFO - [2025-11-09T21:41:05.185+0000] {dag.py:4180} INFO - Setting next_dagrun for example_task_group to None, run_after=None
[2025-11-09T21:41:05.231+0000] {processor.py:208} INFO - Processing /home/airflow/.local/lib/python3.12/site-packages/airflow/example_dags/example_task_group.py took 0.176 seconds
[2025-11-09T21:41:35.455+0000] {processor.py:186} INFO - Started process (PID=4264) to work on /home/airflow/.local/lib/python3.12/site-packages/airflow/example_dags/example_task_group.py
[2025-11-09T21:41:35.457+0000] {processor.py:914} INFO - Processing file /home/airflow/.local/lib/python3.12/site-packages/airflow/example_dags/example_task_group.py for tasks to queue
[2025-11-09T21:41:35.462+0000] {logging_mixin.py:190} INFO - [2025-11-09T21:41:35.461+0000] {dagbag.py:588} INFO - Filling up the DagBag from /home/airflow/.local/lib/python3.12/site-packages/airflow/example_dags/example_task_group.py
[2025-11-09T21:41:35.479+0000] {processor.py:925} INFO - DAG(s) 'example_task_group' retrieved from /home/airflow/.local/lib/python3.12/site-packages/airflow/example_dags/example_task_group.py
[2025-11-09T21:41:35.521+0000] {logging_mixin.py:190} INFO - [2025-11-09T21:41:35.520+0000] {dag.py:3239} INFO - Sync 1 DAGs
[2025-11-09T21:41:35.546+0000] {logging_mixin.py:190} INFO - [2025-11-09T21:41:35.546+0000] {dag.py:4180} INFO - Setting next_dagrun for example_task_group to None, run_after=None
[2025-11-09T21:41:35.584+0000] {processor.py:208} INFO - Processing /home/airflow/.local/lib/python3.12/site-packages/airflow/example_dags/example_task_group.py took 0.142 seconds
[2025-11-09T21:42:06.422+0000] {processor.py:186} INFO - Started process (PID=4328) to work on /home/airflow/.local/lib/python3.12/site-packages/airflow/example_dags/example_task_group.py
[2025-11-09T21:42:06.425+0000] {processor.py:914} INFO - Processing file /home/airflow/.local/lib/python3.12/site-packages/airflow/example_dags/example_task_group.py for tasks to queue
[2025-11-09T21:42:06.430+0000] {logging_mixin.py:190} INFO - [2025-11-09T21:42:06.429+0000] {dagbag.py:588} INFO - Filling up the DagBag from /home/airflow/.local/lib/python3.12/site-packages/airflow/example_dags/example_task_group.py
[2025-11-09T21:42:06.451+0000] {processor.py:925} INFO - DAG(s) 'example_task_group' retrieved from /home/airflow/.local/lib/python3.12/site-packages/airflow/example_dags/example_task_group.py
[2025-11-09T21:42:06.502+0000] {logging_mixin.py:190} INFO - [2025-11-09T21:42:06.501+0000] {dag.py:3239} INFO - Sync 1 DAGs
[2025-11-09T21:42:06.534+0000] {logging_mixin.py:190} INFO - [2025-11-09T21:42:06.534+0000] {dag.py:4180} INFO - Setting next_dagrun for example_task_group to None, run_after=None
[2025-11-09T21:42:06.572+0000] {processor.py:208} INFO - Processing /home/airflow/.local/lib/python3.12/site-packages/airflow/example_dags/example_task_group.py took 0.163 seconds
[2025-11-09T21:42:36.839+0000] {processor.py:186} INFO - Started process (PID=4393) to work on /home/airflow/.local/lib/python3.12/site-packages/airflow/example_dags/example_task_group.py
[2025-11-09T21:42:36.842+0000] {processor.py:914} INFO - Processing file /home/airflow/.local/lib/python3.12/site-packages/airflow/example_dags/example_task_group.py for tasks to queue
[2025-11-09T21:42:36.848+0000] {logging_mixin.py:190} INFO - [2025-11-09T21:42:36.848+0000] {dagbag.py:588} INFO - Filling up the DagBag from /home/airflow/.local/lib/python3.12/site-packages/airflow/example_dags/example_task_group.py
[2025-11-09T21:42:36.880+0000] {processor.py:925} INFO - DAG(s) 'example_task_group' retrieved from /home/airflow/.local/lib/python3.12/site-packages/airflow/example_dags/example_task_group.py
[2025-11-09T21:42:36.946+0000] {logging_mixin.py:190} INFO - [2025-11-09T21:42:36.945+0000] {dag.py:3239} INFO - Sync 1 DAGs
[2025-11-09T21:42:36.988+0000] {logging_mixin.py:190} INFO - [2025-11-09T21:42:36.988+0000] {dag.py:4180} INFO - Setting next_dagrun for example_task_group to None, run_after=None
[2025-11-09T21:42:37.035+0000] {processor.py:208} INFO - Processing /home/airflow/.local/lib/python3.12/site-packages/airflow/example_dags/example_task_group.py took 0.213 seconds
[2025-11-09T21:43:07.589+0000] {processor.py:186} INFO - Started process (PID=4457) to work on /home/airflow/.local/lib/python3.12/site-packages/airflow/example_dags/example_task_group.py
[2025-11-09T21:43:07.591+0000] {processor.py:914} INFO - Processing file /home/airflow/.local/lib/python3.12/site-packages/airflow/example_dags/example_task_group.py for tasks to queue
[2025-11-09T21:43:07.595+0000] {logging_mixin.py:190} INFO - [2025-11-09T21:43:07.595+0000] {dagbag.py:588} INFO - Filling up the DagBag from /home/airflow/.local/lib/python3.12/site-packages/airflow/example_dags/example_task_group.py
[2025-11-09T21:43:07.617+0000] {processor.py:925} INFO - DAG(s) 'example_task_group' retrieved from /home/airflow/.local/lib/python3.12/site-packages/airflow/example_dags/example_task_group.py
[2025-11-09T21:43:07.660+0000] {logging_mixin.py:190} INFO - [2025-11-09T21:43:07.659+0000] {dag.py:3239} INFO - Sync 1 DAGs
[2025-11-09T21:43:07.689+0000] {logging_mixin.py:190} INFO - [2025-11-09T21:43:07.689+0000] {dag.py:4180} INFO - Setting next_dagrun for example_task_group to None, run_after=None
[2025-11-09T21:43:07.726+0000] {processor.py:208} INFO - Processing /home/airflow/.local/lib/python3.12/site-packages/airflow/example_dags/example_task_group.py took 0.151 seconds
[2025-11-09T21:43:37.853+0000] {processor.py:186} INFO - Started process (PID=4521) to work on /home/airflow/.local/lib/python3.12/site-packages/airflow/example_dags/example_task_group.py
[2025-11-09T21:43:37.857+0000] {processor.py:914} INFO - Processing file /home/airflow/.local/lib/python3.12/site-packages/airflow/example_dags/example_task_group.py for tasks to queue
[2025-11-09T21:43:37.867+0000] {logging_mixin.py:190} INFO - [2025-11-09T21:43:37.866+0000] {dagbag.py:588} INFO - Filling up the DagBag from /home/airflow/.local/lib/python3.12/site-packages/airflow/example_dags/example_task_group.py
[2025-11-09T21:43:37.892+0000] {processor.py:925} INFO - DAG(s) 'example_task_group' retrieved from /home/airflow/.local/lib/python3.12/site-packages/airflow/example_dags/example_task_group.py
[2025-11-09T21:43:37.954+0000] {logging_mixin.py:190} INFO - [2025-11-09T21:43:37.953+0000] {dag.py:3239} INFO - Sync 1 DAGs
[2025-11-09T21:43:37.991+0000] {logging_mixin.py:190} INFO - [2025-11-09T21:43:37.991+0000] {dag.py:4180} INFO - Setting next_dagrun for example_task_group to None, run_after=None
[2025-11-09T21:43:38.042+0000] {processor.py:208} INFO - Processing /home/airflow/.local/lib/python3.12/site-packages/airflow/example_dags/example_task_group.py took 0.207 seconds
[2025-11-09T21:44:08.792+0000] {processor.py:186} INFO - Started process (PID=4585) to work on /home/airflow/.local/lib/python3.12/site-packages/airflow/example_dags/example_task_group.py
[2025-11-09T21:44:08.794+0000] {processor.py:914} INFO - Processing file /home/airflow/.local/lib/python3.12/site-packages/airflow/example_dags/example_task_group.py for tasks to queue
[2025-11-09T21:44:08.799+0000] {logging_mixin.py:190} INFO - [2025-11-09T21:44:08.798+0000] {dagbag.py:588} INFO - Filling up the DagBag from /home/airflow/.local/lib/python3.12/site-packages/airflow/example_dags/example_task_group.py
[2025-11-09T21:44:08.814+0000] {processor.py:925} INFO - DAG(s) 'example_task_group' retrieved from /home/airflow/.local/lib/python3.12/site-packages/airflow/example_dags/example_task_group.py
[2025-11-09T21:44:08.849+0000] {logging_mixin.py:190} INFO - [2025-11-09T21:44:08.849+0000] {dag.py:3239} INFO - Sync 1 DAGs
[2025-11-09T21:44:08.871+0000] {logging_mixin.py:190} INFO - [2025-11-09T21:44:08.870+0000] {dag.py:4180} INFO - Setting next_dagrun for example_task_group to None, run_after=None
[2025-11-09T21:44:08.903+0000] {processor.py:208} INFO - Processing /home/airflow/.local/lib/python3.12/site-packages/airflow/example_dags/example_task_group.py took 0.122 seconds
[2025-11-09T21:44:39.764+0000] {processor.py:186} INFO - Started process (PID=4650) to work on /home/airflow/.local/lib/python3.12/site-packages/airflow/example_dags/example_task_group.py
[2025-11-09T21:44:39.766+0000] {processor.py:914} INFO - Processing file /home/airflow/.local/lib/python3.12/site-packages/airflow/example_dags/example_task_group.py for tasks to queue
[2025-11-09T21:44:39.771+0000] {logging_mixin.py:190} INFO - [2025-11-09T21:44:39.770+0000] {dagbag.py:588} INFO - Filling up the DagBag from /home/airflow/.local/lib/python3.12/site-packages/airflow/example_dags/example_task_group.py
[2025-11-09T21:44:39.788+0000] {processor.py:925} INFO - DAG(s) 'example_task_group' retrieved from /home/airflow/.local/lib/python3.12/site-packages/airflow/example_dags/example_task_group.py
[2025-11-09T21:44:39.826+0000] {logging_mixin.py:190} INFO - [2025-11-09T21:44:39.826+0000] {dag.py:3239} INFO - Sync 1 DAGs
[2025-11-09T21:44:39.854+0000] {logging_mixin.py:190} INFO - [2025-11-09T21:44:39.854+0000] {dag.py:4180} INFO - Setting next_dagrun for example_task_group to None, run_after=None
[2025-11-09T21:44:39.887+0000] {processor.py:208} INFO - Processing /home/airflow/.local/lib/python3.12/site-packages/airflow/example_dags/example_task_group.py took 0.134 seconds
[2025-11-09T21:45:10.482+0000] {processor.py:186} INFO - Started process (PID=4714) to work on /home/airflow/.local/lib/python3.12/site-packages/airflow/example_dags/example_task_group.py
[2025-11-09T21:45:10.484+0000] {processor.py:914} INFO - Processing file /home/airflow/.local/lib/python3.12/site-packages/airflow/example_dags/example_task_group.py for tasks to queue
[2025-11-09T21:45:10.489+0000] {logging_mixin.py:190} INFO - [2025-11-09T21:45:10.488+0000] {dagbag.py:588} INFO - Filling up the DagBag from /home/airflow/.local/lib/python3.12/site-packages/airflow/example_dags/example_task_group.py
[2025-11-09T21:45:10.504+0000] {processor.py:925} INFO - DAG(s) 'example_task_group' retrieved from /home/airflow/.local/lib/python3.12/site-packages/airflow/example_dags/example_task_group.py
[2025-11-09T21:45:10.544+0000] {logging_mixin.py:190} INFO - [2025-11-09T21:45:10.544+0000] {dag.py:3239} INFO - Sync 1 DAGs
[2025-11-09T21:45:10.566+0000] {logging_mixin.py:190} INFO - [2025-11-09T21:45:10.565+0000] {dag.py:4180} INFO - Setting next_dagrun for example_task_group to None, run_after=None
[2025-11-09T21:45:10.605+0000] {processor.py:208} INFO - Processing /home/airflow/.local/lib/python3.12/site-packages/airflow/example_dags/example_task_group.py took 0.136 seconds
[2025-11-09T21:45:41.609+0000] {processor.py:186} INFO - Started process (PID=4778) to work on /home/airflow/.local/lib/python3.12/site-packages/airflow/example_dags/example_task_group.py
[2025-11-09T21:45:41.614+0000] {processor.py:914} INFO - Processing file /home/airflow/.local/lib/python3.12/site-packages/airflow/example_dags/example_task_group.py for tasks to queue
[2025-11-09T21:45:41.624+0000] {logging_mixin.py:190} INFO - [2025-11-09T21:45:41.623+0000] {dagbag.py:588} INFO - Filling up the DagBag from /home/airflow/.local/lib/python3.12/site-packages/airflow/example_dags/example_task_group.py
[2025-11-09T21:45:41.655+0000] {processor.py:925} INFO - DAG(s) 'example_task_group' retrieved from /home/airflow/.local/lib/python3.12/site-packages/airflow/example_dags/example_task_group.py
[2025-11-09T21:45:41.720+0000] {logging_mixin.py:190} INFO - [2025-11-09T21:45:41.720+0000] {dag.py:3239} INFO - Sync 1 DAGs
[2025-11-09T21:45:41.759+0000] {logging_mixin.py:190} INFO - [2025-11-09T21:45:41.759+0000] {dag.py:4180} INFO - Setting next_dagrun for example_task_group to None, run_after=None
[2025-11-09T21:45:41.802+0000] {processor.py:208} INFO - Processing /home/airflow/.local/lib/python3.12/site-packages/airflow/example_dags/example_task_group.py took 0.219 seconds
[2025-11-09T21:46:14.787+0000] {processor.py:186} INFO - Started process (PID=4842) to work on /home/airflow/.local/lib/python3.12/site-packages/airflow/example_dags/example_task_group.py
[2025-11-09T21:46:14.790+0000] {processor.py:914} INFO - Processing file /home/airflow/.local/lib/python3.12/site-packages/airflow/example_dags/example_task_group.py for tasks to queue
[2025-11-09T21:46:14.798+0000] {logging_mixin.py:190} INFO - [2025-11-09T21:46:14.797+0000] {dagbag.py:588} INFO - Filling up the DagBag from /home/airflow/.local/lib/python3.12/site-packages/airflow/example_dags/example_task_group.py
[2025-11-09T21:46:14.829+0000] {processor.py:925} INFO - DAG(s) 'example_task_group' retrieved from /home/airflow/.local/lib/python3.12/site-packages/airflow/example_dags/example_task_group.py
[2025-11-09T21:46:14.907+0000] {logging_mixin.py:190} INFO - [2025-11-09T21:46:14.907+0000] {dag.py:3239} INFO - Sync 1 DAGs
[2025-11-09T21:46:14.947+0000] {logging_mixin.py:190} INFO - [2025-11-09T21:46:14.947+0000] {dag.py:4180} INFO - Setting next_dagrun for example_task_group to None, run_after=None
[2025-11-09T21:46:14.998+0000] {processor.py:208} INFO - Processing /home/airflow/.local/lib/python3.12/site-packages/airflow/example_dags/example_task_group.py took 0.231 seconds
[2025-11-09T21:46:46.180+0000] {processor.py:186} INFO - Started process (PID=4906) to work on /home/airflow/.local/lib/python3.12/site-packages/airflow/example_dags/example_task_group.py
[2025-11-09T21:46:46.188+0000] {processor.py:914} INFO - Processing file /home/airflow/.local/lib/python3.12/site-packages/airflow/example_dags/example_task_group.py for tasks to queue
[2025-11-09T21:46:46.197+0000] {logging_mixin.py:190} INFO - [2025-11-09T21:46:46.196+0000] {dagbag.py:588} INFO - Filling up the DagBag from /home/airflow/.local/lib/python3.12/site-packages/airflow/example_dags/example_task_group.py
[2025-11-09T21:46:46.226+0000] {processor.py:925} INFO - DAG(s) 'example_task_group' retrieved from /home/airflow/.local/lib/python3.12/site-packages/airflow/example_dags/example_task_group.py
[2025-11-09T21:46:46.275+0000] {logging_mixin.py:190} INFO - [2025-11-09T21:46:46.274+0000] {dag.py:3239} INFO - Sync 1 DAGs
[2025-11-09T21:46:46.320+0000] {logging_mixin.py:190} INFO - [2025-11-09T21:46:46.320+0000] {dag.py:4180} INFO - Setting next_dagrun for example_task_group to None, run_after=None
[2025-11-09T21:46:46.363+0000] {processor.py:208} INFO - Processing /home/airflow/.local/lib/python3.12/site-packages/airflow/example_dags/example_task_group.py took 0.204 seconds
[2025-11-09T21:47:16.516+0000] {processor.py:186} INFO - Started process (PID=4968) to work on /home/airflow/.local/lib/python3.12/site-packages/airflow/example_dags/example_task_group.py
[2025-11-09T21:47:16.519+0000] {processor.py:914} INFO - Processing file /home/airflow/.local/lib/python3.12/site-packages/airflow/example_dags/example_task_group.py for tasks to queue
[2025-11-09T21:47:16.524+0000] {logging_mixin.py:190} INFO - [2025-11-09T21:47:16.523+0000] {dagbag.py:588} INFO - Filling up the DagBag from /home/airflow/.local/lib/python3.12/site-packages/airflow/example_dags/example_task_group.py
[2025-11-09T21:47:16.541+0000] {processor.py:925} INFO - DAG(s) 'example_task_group' retrieved from /home/airflow/.local/lib/python3.12/site-packages/airflow/example_dags/example_task_group.py
[2025-11-09T21:47:16.588+0000] {logging_mixin.py:190} INFO - [2025-11-09T21:47:16.588+0000] {dag.py:3239} INFO - Sync 1 DAGs
[2025-11-09T21:47:16.617+0000] {logging_mixin.py:190} INFO - [2025-11-09T21:47:16.617+0000] {dag.py:4180} INFO - Setting next_dagrun for example_task_group to None, run_after=None
[2025-11-09T21:47:16.656+0000] {processor.py:208} INFO - Processing /home/airflow/.local/lib/python3.12/site-packages/airflow/example_dags/example_task_group.py took 0.152 seconds
[2025-11-09T21:47:47.037+0000] {processor.py:186} INFO - Started process (PID=5031) to work on /home/airflow/.local/lib/python3.12/site-packages/airflow/example_dags/example_task_group.py
[2025-11-09T21:47:47.040+0000] {processor.py:914} INFO - Processing file /home/airflow/.local/lib/python3.12/site-packages/airflow/example_dags/example_task_group.py for tasks to queue
[2025-11-09T21:47:47.050+0000] {logging_mixin.py:190} INFO - [2025-11-09T21:47:47.049+0000] {dagbag.py:588} INFO - Filling up the DagBag from /home/airflow/.local/lib/python3.12/site-packages/airflow/example_dags/example_task_group.py
[2025-11-09T21:47:47.081+0000] {processor.py:925} INFO - DAG(s) 'example_task_group' retrieved from /home/airflow/.local/lib/python3.12/site-packages/airflow/example_dags/example_task_group.py
[2025-11-09T21:47:47.154+0000] {logging_mixin.py:190} INFO - [2025-11-09T21:47:47.154+0000] {dag.py:3239} INFO - Sync 1 DAGs
[2025-11-09T21:47:47.193+0000] {logging_mixin.py:190} INFO - [2025-11-09T21:47:47.193+0000] {dag.py:4180} INFO - Setting next_dagrun for example_task_group to None, run_after=None
[2025-11-09T21:47:47.248+0000] {processor.py:208} INFO - Processing /home/airflow/.local/lib/python3.12/site-packages/airflow/example_dags/example_task_group.py took 0.234 seconds
[2025-11-09T21:48:17.851+0000] {processor.py:186} INFO - Started process (PID=5095) to work on /home/airflow/.local/lib/python3.12/site-packages/airflow/example_dags/example_task_group.py
[2025-11-09T21:48:17.853+0000] {processor.py:914} INFO - Processing file /home/airflow/.local/lib/python3.12/site-packages/airflow/example_dags/example_task_group.py for tasks to queue
[2025-11-09T21:48:17.859+0000] {logging_mixin.py:190} INFO - [2025-11-09T21:48:17.858+0000] {dagbag.py:588} INFO - Filling up the DagBag from /home/airflow/.local/lib/python3.12/site-packages/airflow/example_dags/example_task_group.py
[2025-11-09T21:48:17.878+0000] {processor.py:925} INFO - DAG(s) 'example_task_group' retrieved from /home/airflow/.local/lib/python3.12/site-packages/airflow/example_dags/example_task_group.py
[2025-11-09T21:48:17.923+0000] {logging_mixin.py:190} INFO - [2025-11-09T21:48:17.922+0000] {dag.py:3239} INFO - Sync 1 DAGs
[2025-11-09T21:48:17.947+0000] {logging_mixin.py:190} INFO - [2025-11-09T21:48:17.947+0000] {dag.py:4180} INFO - Setting next_dagrun for example_task_group to None, run_after=None
[2025-11-09T21:48:17.983+0000] {processor.py:208} INFO - Processing /home/airflow/.local/lib/python3.12/site-packages/airflow/example_dags/example_task_group.py took 0.142 seconds
[2025-11-09T21:48:48.193+0000] {processor.py:186} INFO - Started process (PID=5159) to work on /home/airflow/.local/lib/python3.12/site-packages/airflow/example_dags/example_task_group.py
[2025-11-09T21:48:48.196+0000] {processor.py:914} INFO - Processing file /home/airflow/.local/lib/python3.12/site-packages/airflow/example_dags/example_task_group.py for tasks to queue
[2025-11-09T21:48:48.202+0000] {logging_mixin.py:190} INFO - [2025-11-09T21:48:48.201+0000] {dagbag.py:588} INFO - Filling up the DagBag from /home/airflow/.local/lib/python3.12/site-packages/airflow/example_dags/example_task_group.py
[2025-11-09T21:48:48.215+0000] {processor.py:925} INFO - DAG(s) 'example_task_group' retrieved from /home/airflow/.local/lib/python3.12/site-packages/airflow/example_dags/example_task_group.py
[2025-11-09T21:48:48.254+0000] {logging_mixin.py:190} INFO - [2025-11-09T21:48:48.254+0000] {dag.py:3239} INFO - Sync 1 DAGs
[2025-11-09T21:48:48.281+0000] {logging_mixin.py:190} INFO - [2025-11-09T21:48:48.280+0000] {dag.py:4180} INFO - Setting next_dagrun for example_task_group to None, run_after=None
[2025-11-09T21:48:48.312+0000] {processor.py:208} INFO - Processing /home/airflow/.local/lib/python3.12/site-packages/airflow/example_dags/example_task_group.py took 0.133 seconds
[2025-11-09T21:49:18.811+0000] {processor.py:186} INFO - Started process (PID=5222) to work on /home/airflow/.local/lib/python3.12/site-packages/airflow/example_dags/example_task_group.py
[2025-11-09T21:49:18.814+0000] {processor.py:914} INFO - Processing file /home/airflow/.local/lib/python3.12/site-packages/airflow/example_dags/example_task_group.py for tasks to queue
[2025-11-09T21:49:18.821+0000] {logging_mixin.py:190} INFO - [2025-11-09T21:49:18.820+0000] {dagbag.py:588} INFO - Filling up the DagBag from /home/airflow/.local/lib/python3.12/site-packages/airflow/example_dags/example_task_group.py
[2025-11-09T21:49:18.836+0000] {processor.py:925} INFO - DAG(s) 'example_task_group' retrieved from /home/airflow/.local/lib/python3.12/site-packages/airflow/example_dags/example_task_group.py
[2025-11-09T21:49:18.872+0000] {logging_mixin.py:190} INFO - [2025-11-09T21:49:18.872+0000] {dag.py:3239} INFO - Sync 1 DAGs
[2025-11-09T21:49:18.894+0000] {logging_mixin.py:190} INFO - [2025-11-09T21:49:18.894+0000] {dag.py:4180} INFO - Setting next_dagrun for example_task_group to None, run_after=None
[2025-11-09T21:49:18.925+0000] {processor.py:208} INFO - Processing /home/airflow/.local/lib/python3.12/site-packages/airflow/example_dags/example_task_group.py took 0.125 seconds
[2025-11-09T21:49:49.388+0000] {processor.py:186} INFO - Started process (PID=5287) to work on /home/airflow/.local/lib/python3.12/site-packages/airflow/example_dags/example_task_group.py
[2025-11-09T21:49:49.391+0000] {processor.py:914} INFO - Processing file /home/airflow/.local/lib/python3.12/site-packages/airflow/example_dags/example_task_group.py for tasks to queue
[2025-11-09T21:49:49.399+0000] {logging_mixin.py:190} INFO - [2025-11-09T21:49:49.398+0000] {dagbag.py:588} INFO - Filling up the DagBag from /home/airflow/.local/lib/python3.12/site-packages/airflow/example_dags/example_task_group.py
[2025-11-09T21:49:49.427+0000] {processor.py:925} INFO - DAG(s) 'example_task_group' retrieved from /home/airflow/.local/lib/python3.12/site-packages/airflow/example_dags/example_task_group.py
[2025-11-09T21:49:49.489+0000] {logging_mixin.py:190} INFO - [2025-11-09T21:49:49.488+0000] {dag.py:3239} INFO - Sync 1 DAGs
[2025-11-09T21:49:49.525+0000] {logging_mixin.py:190} INFO - [2025-11-09T21:49:49.524+0000] {dag.py:4180} INFO - Setting next_dagrun for example_task_group to None, run_after=None
[2025-11-09T21:49:49.570+0000] {processor.py:208} INFO - Processing /home/airflow/.local/lib/python3.12/site-packages/airflow/example_dags/example_task_group.py took 0.199 seconds
[2025-11-09T21:50:20.013+0000] {processor.py:186} INFO - Started process (PID=5352) to work on /home/airflow/.local/lib/python3.12/site-packages/airflow/example_dags/example_task_group.py
[2025-11-09T21:50:20.015+0000] {processor.py:914} INFO - Processing file /home/airflow/.local/lib/python3.12/site-packages/airflow/example_dags/example_task_group.py for tasks to queue
[2025-11-09T21:50:20.020+0000] {logging_mixin.py:190} INFO - [2025-11-09T21:50:20.019+0000] {dagbag.py:588} INFO - Filling up the DagBag from /home/airflow/.local/lib/python3.12/site-packages/airflow/example_dags/example_task_group.py
[2025-11-09T21:50:20.035+0000] {processor.py:925} INFO - DAG(s) 'example_task_group' retrieved from /home/airflow/.local/lib/python3.12/site-packages/airflow/example_dags/example_task_group.py
[2025-11-09T21:50:20.076+0000] {logging_mixin.py:190} INFO - [2025-11-09T21:50:20.075+0000] {dag.py:3239} INFO - Sync 1 DAGs
[2025-11-09T21:50:20.103+0000] {logging_mixin.py:190} INFO - [2025-11-09T21:50:20.103+0000] {dag.py:4180} INFO - Setting next_dagrun for example_task_group to None, run_after=None
[2025-11-09T21:50:20.136+0000] {processor.py:208} INFO - Processing /home/airflow/.local/lib/python3.12/site-packages/airflow/example_dags/example_task_group.py took 0.132 seconds
[2025-11-09T21:50:50.385+0000] {processor.py:186} INFO - Started process (PID=5416) to work on /home/airflow/.local/lib/python3.12/site-packages/airflow/example_dags/example_task_group.py
[2025-11-09T21:50:50.387+0000] {processor.py:914} INFO - Processing file /home/airflow/.local/lib/python3.12/site-packages/airflow/example_dags/example_task_group.py for tasks to queue
[2025-11-09T21:50:50.392+0000] {logging_mixin.py:190} INFO - [2025-11-09T21:50:50.391+0000] {dagbag.py:588} INFO - Filling up the DagBag from /home/airflow/.local/lib/python3.12/site-packages/airflow/example_dags/example_task_group.py
[2025-11-09T21:50:50.406+0000] {processor.py:925} INFO - DAG(s) 'example_task_group' retrieved from /home/airflow/.local/lib/python3.12/site-packages/airflow/example_dags/example_task_group.py
[2025-11-09T21:50:50.451+0000] {logging_mixin.py:190} INFO - [2025-11-09T21:50:50.451+0000] {dag.py:3239} INFO - Sync 1 DAGs
[2025-11-09T21:50:50.479+0000] {logging_mixin.py:190} INFO - [2025-11-09T21:50:50.479+0000] {dag.py:4180} INFO - Setting next_dagrun for example_task_group to None, run_after=None
[2025-11-09T21:50:50.513+0000] {processor.py:208} INFO - Processing /home/airflow/.local/lib/python3.12/site-packages/airflow/example_dags/example_task_group.py took 0.140 seconds
[2025-11-09T21:51:21.109+0000] {processor.py:186} INFO - Started process (PID=5480) to work on /home/airflow/.local/lib/python3.12/site-packages/airflow/example_dags/example_task_group.py
[2025-11-09T21:51:21.112+0000] {processor.py:914} INFO - Processing file /home/airflow/.local/lib/python3.12/site-packages/airflow/example_dags/example_task_group.py for tasks to queue
[2025-11-09T21:51:21.119+0000] {logging_mixin.py:190} INFO - [2025-11-09T21:51:21.118+0000] {dagbag.py:588} INFO - Filling up the DagBag from /home/airflow/.local/lib/python3.12/site-packages/airflow/example_dags/example_task_group.py
[2025-11-09T21:51:21.140+0000] {processor.py:925} INFO - DAG(s) 'example_task_group' retrieved from /home/airflow/.local/lib/python3.12/site-packages/airflow/example_dags/example_task_group.py
[2025-11-09T21:51:21.196+0000] {logging_mixin.py:190} INFO - [2025-11-09T21:51:21.196+0000] {dag.py:3239} INFO - Sync 1 DAGs
[2025-11-09T21:51:21.234+0000] {logging_mixin.py:190} INFO - [2025-11-09T21:51:21.234+0000] {dag.py:4180} INFO - Setting next_dagrun for example_task_group to None, run_after=None
[2025-11-09T21:51:21.285+0000] {processor.py:208} INFO - Processing /home/airflow/.local/lib/python3.12/site-packages/airflow/example_dags/example_task_group.py took 0.189 seconds
[2025-11-09T21:51:51.378+0000] {processor.py:186} INFO - Started process (PID=5544) to work on /home/airflow/.local/lib/python3.12/site-packages/airflow/example_dags/example_task_group.py
[2025-11-09T21:51:51.380+0000] {processor.py:914} INFO - Processing file /home/airflow/.local/lib/python3.12/site-packages/airflow/example_dags/example_task_group.py for tasks to queue
[2025-11-09T21:51:51.384+0000] {logging_mixin.py:190} INFO - [2025-11-09T21:51:51.383+0000] {dagbag.py:588} INFO - Filling up the DagBag from /home/airflow/.local/lib/python3.12/site-packages/airflow/example_dags/example_task_group.py
[2025-11-09T21:51:51.397+0000] {processor.py:925} INFO - DAG(s) 'example_task_group' retrieved from /home/airflow/.local/lib/python3.12/site-packages/airflow/example_dags/example_task_group.py
[2025-11-09T21:51:51.434+0000] {logging_mixin.py:190} INFO - [2025-11-09T21:51:51.433+0000] {dag.py:3239} INFO - Sync 1 DAGs
[2025-11-09T21:51:51.455+0000] {logging_mixin.py:190} INFO - [2025-11-09T21:51:51.455+0000] {dag.py:4180} INFO - Setting next_dagrun for example_task_group to None, run_after=None
[2025-11-09T21:51:51.485+0000] {processor.py:208} INFO - Processing /home/airflow/.local/lib/python3.12/site-packages/airflow/example_dags/example_task_group.py took 0.116 seconds
[2025-11-09T21:52:21.997+0000] {processor.py:186} INFO - Started process (PID=5608) to work on /home/airflow/.local/lib/python3.12/site-packages/airflow/example_dags/example_task_group.py
[2025-11-09T21:52:21.999+0000] {processor.py:914} INFO - Processing file /home/airflow/.local/lib/python3.12/site-packages/airflow/example_dags/example_task_group.py for tasks to queue
[2025-11-09T21:52:22.005+0000] {logging_mixin.py:190} INFO - [2025-11-09T21:52:22.004+0000] {dagbag.py:588} INFO - Filling up the DagBag from /home/airflow/.local/lib/python3.12/site-packages/airflow/example_dags/example_task_group.py
[2025-11-09T21:52:22.020+0000] {processor.py:925} INFO - DAG(s) 'example_task_group' retrieved from /home/airflow/.local/lib/python3.12/site-packages/airflow/example_dags/example_task_group.py
[2025-11-09T21:52:22.058+0000] {logging_mixin.py:190} INFO - [2025-11-09T21:52:22.058+0000] {dag.py:3239} INFO - Sync 1 DAGs
[2025-11-09T21:52:22.087+0000] {logging_mixin.py:190} INFO - [2025-11-09T21:52:22.087+0000] {dag.py:4180} INFO - Setting next_dagrun for example_task_group to None, run_after=None
[2025-11-09T21:52:22.122+0000] {processor.py:208} INFO - Processing /home/airflow/.local/lib/python3.12/site-packages/airflow/example_dags/example_task_group.py took 0.136 seconds
[2025-11-09T21:52:52.558+0000] {processor.py:186} INFO - Started process (PID=5672) to work on /home/airflow/.local/lib/python3.12/site-packages/airflow/example_dags/example_task_group.py
[2025-11-09T21:52:52.560+0000] {processor.py:914} INFO - Processing file /home/airflow/.local/lib/python3.12/site-packages/airflow/example_dags/example_task_group.py for tasks to queue
[2025-11-09T21:52:52.567+0000] {logging_mixin.py:190} INFO - [2025-11-09T21:52:52.566+0000] {dagbag.py:588} INFO - Filling up the DagBag from /home/airflow/.local/lib/python3.12/site-packages/airflow/example_dags/example_task_group.py
[2025-11-09T21:52:52.581+0000] {processor.py:925} INFO - DAG(s) 'example_task_group' retrieved from /home/airflow/.local/lib/python3.12/site-packages/airflow/example_dags/example_task_group.py
[2025-11-09T21:52:52.614+0000] {logging_mixin.py:190} INFO - [2025-11-09T21:52:52.614+0000] {dag.py:3239} INFO - Sync 1 DAGs
[2025-11-09T21:52:52.639+0000] {logging_mixin.py:190} INFO - [2025-11-09T21:52:52.639+0000] {dag.py:4180} INFO - Setting next_dagrun for example_task_group to None, run_after=None
[2025-11-09T21:52:52.672+0000] {processor.py:208} INFO - Processing /home/airflow/.local/lib/python3.12/site-packages/airflow/example_dags/example_task_group.py took 0.126 seconds
[2025-11-09T21:53:23.222+0000] {processor.py:186} INFO - Started process (PID=5735) to work on /home/airflow/.local/lib/python3.12/site-packages/airflow/example_dags/example_task_group.py
[2025-11-09T21:53:23.225+0000] {processor.py:914} INFO - Processing file /home/airflow/.local/lib/python3.12/site-packages/airflow/example_dags/example_task_group.py for tasks to queue
[2025-11-09T21:53:23.232+0000] {logging_mixin.py:190} INFO - [2025-11-09T21:53:23.231+0000] {dagbag.py:588} INFO - Filling up the DagBag from /home/airflow/.local/lib/python3.12/site-packages/airflow/example_dags/example_task_group.py
[2025-11-09T21:53:23.256+0000] {processor.py:925} INFO - DAG(s) 'example_task_group' retrieved from /home/airflow/.local/lib/python3.12/site-packages/airflow/example_dags/example_task_group.py
[2025-11-09T21:53:23.325+0000] {logging_mixin.py:190} INFO - [2025-11-09T21:53:23.325+0000] {dag.py:3239} INFO - Sync 1 DAGs
[2025-11-09T21:53:23.364+0000] {logging_mixin.py:190} INFO - [2025-11-09T21:53:23.364+0000] {dag.py:4180} INFO - Setting next_dagrun for example_task_group to None, run_after=None
[2025-11-09T21:53:23.420+0000] {processor.py:208} INFO - Processing /home/airflow/.local/lib/python3.12/site-packages/airflow/example_dags/example_task_group.py took 0.216 seconds
[2025-11-09T21:53:53.796+0000] {processor.py:186} INFO - Started process (PID=5799) to work on /home/airflow/.local/lib/python3.12/site-packages/airflow/example_dags/example_task_group.py
[2025-11-09T21:53:53.799+0000] {processor.py:914} INFO - Processing file /home/airflow/.local/lib/python3.12/site-packages/airflow/example_dags/example_task_group.py for tasks to queue
[2025-11-09T21:53:53.806+0000] {logging_mixin.py:190} INFO - [2025-11-09T21:53:53.805+0000] {dagbag.py:588} INFO - Filling up the DagBag from /home/airflow/.local/lib/python3.12/site-packages/airflow/example_dags/example_task_group.py
[2025-11-09T21:53:53.827+0000] {processor.py:925} INFO - DAG(s) 'example_task_group' retrieved from /home/airflow/.local/lib/python3.12/site-packages/airflow/example_dags/example_task_group.py
[2025-11-09T21:53:53.888+0000] {logging_mixin.py:190} INFO - [2025-11-09T21:53:53.887+0000] {dag.py:3239} INFO - Sync 1 DAGs
[2025-11-09T21:53:53.927+0000] {logging_mixin.py:190} INFO - [2025-11-09T21:53:53.927+0000] {dag.py:4180} INFO - Setting next_dagrun for example_task_group to None, run_after=None
[2025-11-09T21:53:53.975+0000] {processor.py:208} INFO - Processing /home/airflow/.local/lib/python3.12/site-packages/airflow/example_dags/example_task_group.py took 0.194 seconds
[2025-11-09T21:54:24.305+0000] {processor.py:186} INFO - Started process (PID=5863) to work on /home/airflow/.local/lib/python3.12/site-packages/airflow/example_dags/example_task_group.py
[2025-11-09T21:54:24.309+0000] {processor.py:914} INFO - Processing file /home/airflow/.local/lib/python3.12/site-packages/airflow/example_dags/example_task_group.py for tasks to queue
[2025-11-09T21:54:24.321+0000] {logging_mixin.py:190} INFO - [2025-11-09T21:54:24.320+0000] {dagbag.py:588} INFO - Filling up the DagBag from /home/airflow/.local/lib/python3.12/site-packages/airflow/example_dags/example_task_group.py
[2025-11-09T21:54:24.350+0000] {processor.py:925} INFO - DAG(s) 'example_task_group' retrieved from /home/airflow/.local/lib/python3.12/site-packages/airflow/example_dags/example_task_group.py
[2025-11-09T21:54:24.420+0000] {logging_mixin.py:190} INFO - [2025-11-09T21:54:24.419+0000] {dag.py:3239} INFO - Sync 1 DAGs
[2025-11-09T21:54:24.472+0000] {logging_mixin.py:190} INFO - [2025-11-09T21:54:24.471+0000] {dag.py:4180} INFO - Setting next_dagrun for example_task_group to None, run_after=None
[2025-11-09T21:54:24.525+0000] {processor.py:208} INFO - Processing /home/airflow/.local/lib/python3.12/site-packages/airflow/example_dags/example_task_group.py took 0.246 seconds
[2025-11-09T21:54:55.378+0000] {processor.py:186} INFO - Started process (PID=5926) to work on /home/airflow/.local/lib/python3.12/site-packages/airflow/example_dags/example_task_group.py
[2025-11-09T21:54:55.380+0000] {processor.py:914} INFO - Processing file /home/airflow/.local/lib/python3.12/site-packages/airflow/example_dags/example_task_group.py for tasks to queue
[2025-11-09T21:54:55.384+0000] {logging_mixin.py:190} INFO - [2025-11-09T21:54:55.383+0000] {dagbag.py:588} INFO - Filling up the DagBag from /home/airflow/.local/lib/python3.12/site-packages/airflow/example_dags/example_task_group.py
[2025-11-09T21:54:55.397+0000] {processor.py:925} INFO - DAG(s) 'example_task_group' retrieved from /home/airflow/.local/lib/python3.12/site-packages/airflow/example_dags/example_task_group.py
[2025-11-09T21:54:55.439+0000] {logging_mixin.py:190} INFO - [2025-11-09T21:54:55.439+0000] {dag.py:3239} INFO - Sync 1 DAGs
[2025-11-09T21:54:55.464+0000] {logging_mixin.py:190} INFO - [2025-11-09T21:54:55.464+0000] {dag.py:4180} INFO - Setting next_dagrun for example_task_group to None, run_after=None
[2025-11-09T21:54:55.497+0000] {processor.py:208} INFO - Processing /home/airflow/.local/lib/python3.12/site-packages/airflow/example_dags/example_task_group.py took 0.129 seconds
[2025-11-09T21:55:28.269+0000] {processor.py:186} INFO - Started process (PID=5987) to work on /home/airflow/.local/lib/python3.12/site-packages/airflow/example_dags/example_task_group.py
[2025-11-09T21:55:28.279+0000] {processor.py:914} INFO - Processing file /home/airflow/.local/lib/python3.12/site-packages/airflow/example_dags/example_task_group.py for tasks to queue
[2025-11-09T21:55:28.298+0000] {logging_mixin.py:190} INFO - [2025-11-09T21:55:28.292+0000] {dagbag.py:588} INFO - Filling up the DagBag from /home/airflow/.local/lib/python3.12/site-packages/airflow/example_dags/example_task_group.py
[2025-11-09T21:55:28.360+0000] {processor.py:925} INFO - DAG(s) 'example_task_group' retrieved from /home/airflow/.local/lib/python3.12/site-packages/airflow/example_dags/example_task_group.py
[2025-11-09T21:55:28.516+0000] {logging_mixin.py:190} INFO - [2025-11-09T21:55:28.515+0000] {dag.py:3239} INFO - Sync 1 DAGs
[2025-11-09T21:55:28.622+0000] {logging_mixin.py:190} INFO - [2025-11-09T21:55:28.620+0000] {dag.py:4180} INFO - Setting next_dagrun for example_task_group to None, run_after=None
[2025-11-09T21:55:28.722+0000] {processor.py:208} INFO - Processing /home/airflow/.local/lib/python3.12/site-packages/airflow/example_dags/example_task_group.py took 0.483 seconds
[2025-11-09T21:55:59.097+0000] {processor.py:186} INFO - Started process (PID=6050) to work on /home/airflow/.local/lib/python3.12/site-packages/airflow/example_dags/example_task_group.py
[2025-11-09T21:55:59.101+0000] {processor.py:914} INFO - Processing file /home/airflow/.local/lib/python3.12/site-packages/airflow/example_dags/example_task_group.py for tasks to queue
[2025-11-09T21:55:59.111+0000] {logging_mixin.py:190} INFO - [2025-11-09T21:55:59.110+0000] {dagbag.py:588} INFO - Filling up the DagBag from /home/airflow/.local/lib/python3.12/site-packages/airflow/example_dags/example_task_group.py
[2025-11-09T21:55:59.139+0000] {processor.py:925} INFO - DAG(s) 'example_task_group' retrieved from /home/airflow/.local/lib/python3.12/site-packages/airflow/example_dags/example_task_group.py
[2025-11-09T21:55:59.203+0000] {logging_mixin.py:190} INFO - [2025-11-09T21:55:59.201+0000] {dag.py:3239} INFO - Sync 1 DAGs
[2025-11-09T21:55:59.242+0000] {logging_mixin.py:190} INFO - [2025-11-09T21:55:59.241+0000] {dag.py:4180} INFO - Setting next_dagrun for example_task_group to None, run_after=None
[2025-11-09T21:55:59.284+0000] {processor.py:208} INFO - Processing /home/airflow/.local/lib/python3.12/site-packages/airflow/example_dags/example_task_group.py took 0.207 seconds
[2025-11-09T21:56:29.932+0000] {processor.py:186} INFO - Started process (PID=6113) to work on /home/airflow/.local/lib/python3.12/site-packages/airflow/example_dags/example_task_group.py
[2025-11-09T21:56:29.936+0000] {processor.py:914} INFO - Processing file /home/airflow/.local/lib/python3.12/site-packages/airflow/example_dags/example_task_group.py for tasks to queue
[2025-11-09T21:56:29.944+0000] {logging_mixin.py:190} INFO - [2025-11-09T21:56:29.943+0000] {dagbag.py:588} INFO - Filling up the DagBag from /home/airflow/.local/lib/python3.12/site-packages/airflow/example_dags/example_task_group.py
[2025-11-09T21:56:29.976+0000] {processor.py:925} INFO - DAG(s) 'example_task_group' retrieved from /home/airflow/.local/lib/python3.12/site-packages/airflow/example_dags/example_task_group.py
[2025-11-09T21:56:30.073+0000] {logging_mixin.py:190} INFO - [2025-11-09T21:56:30.072+0000] {dag.py:3239} INFO - Sync 1 DAGs
[2025-11-09T21:56:30.148+0000] {logging_mixin.py:190} INFO - [2025-11-09T21:56:30.146+0000] {dag.py:4180} INFO - Setting next_dagrun for example_task_group to None, run_after=None
[2025-11-09T21:56:30.237+0000] {processor.py:208} INFO - Processing /home/airflow/.local/lib/python3.12/site-packages/airflow/example_dags/example_task_group.py took 0.325 seconds
[2025-11-09T21:57:01.224+0000] {processor.py:186} INFO - Started process (PID=6177) to work on /home/airflow/.local/lib/python3.12/site-packages/airflow/example_dags/example_task_group.py
[2025-11-09T21:57:01.226+0000] {processor.py:914} INFO - Processing file /home/airflow/.local/lib/python3.12/site-packages/airflow/example_dags/example_task_group.py for tasks to queue
[2025-11-09T21:57:01.232+0000] {logging_mixin.py:190} INFO - [2025-11-09T21:57:01.231+0000] {dagbag.py:588} INFO - Filling up the DagBag from /home/airflow/.local/lib/python3.12/site-packages/airflow/example_dags/example_task_group.py
[2025-11-09T21:57:01.250+0000] {processor.py:925} INFO - DAG(s) 'example_task_group' retrieved from /home/airflow/.local/lib/python3.12/site-packages/airflow/example_dags/example_task_group.py
[2025-11-09T21:57:01.286+0000] {logging_mixin.py:190} INFO - [2025-11-09T21:57:01.286+0000] {dag.py:3239} INFO - Sync 1 DAGs
[2025-11-09T21:57:01.312+0000] {logging_mixin.py:190} INFO - [2025-11-09T21:57:01.312+0000] {dag.py:4180} INFO - Setting next_dagrun for example_task_group to None, run_after=None
[2025-11-09T21:57:01.344+0000] {processor.py:208} INFO - Processing /home/airflow/.local/lib/python3.12/site-packages/airflow/example_dags/example_task_group.py took 0.130 seconds
[2025-11-09T21:57:32.055+0000] {processor.py:186} INFO - Started process (PID=6241) to work on /home/airflow/.local/lib/python3.12/site-packages/airflow/example_dags/example_task_group.py
[2025-11-09T21:57:32.057+0000] {processor.py:914} INFO - Processing file /home/airflow/.local/lib/python3.12/site-packages/airflow/example_dags/example_task_group.py for tasks to queue
[2025-11-09T21:57:32.064+0000] {logging_mixin.py:190} INFO - [2025-11-09T21:57:32.063+0000] {dagbag.py:588} INFO - Filling up the DagBag from /home/airflow/.local/lib/python3.12/site-packages/airflow/example_dags/example_task_group.py
[2025-11-09T21:57:32.088+0000] {processor.py:925} INFO - DAG(s) 'example_task_group' retrieved from /home/airflow/.local/lib/python3.12/site-packages/airflow/example_dags/example_task_group.py
[2025-11-09T21:57:32.133+0000] {logging_mixin.py:190} INFO - [2025-11-09T21:57:32.133+0000] {dag.py:3239} INFO - Sync 1 DAGs
[2025-11-09T21:57:32.166+0000] {logging_mixin.py:190} INFO - [2025-11-09T21:57:32.166+0000] {dag.py:4180} INFO - Setting next_dagrun for example_task_group to None, run_after=None
[2025-11-09T21:57:32.204+0000] {processor.py:208} INFO - Processing /home/airflow/.local/lib/python3.12/site-packages/airflow/example_dags/example_task_group.py took 0.163 seconds
[2025-11-09T21:58:02.369+0000] {processor.py:186} INFO - Started process (PID=6303) to work on /home/airflow/.local/lib/python3.12/site-packages/airflow/example_dags/example_task_group.py
[2025-11-09T21:58:02.372+0000] {processor.py:914} INFO - Processing file /home/airflow/.local/lib/python3.12/site-packages/airflow/example_dags/example_task_group.py for tasks to queue
[2025-11-09T21:58:02.379+0000] {logging_mixin.py:190} INFO - [2025-11-09T21:58:02.378+0000] {dagbag.py:588} INFO - Filling up the DagBag from /home/airflow/.local/lib/python3.12/site-packages/airflow/example_dags/example_task_group.py
[2025-11-09T21:58:02.405+0000] {processor.py:925} INFO - DAG(s) 'example_task_group' retrieved from /home/airflow/.local/lib/python3.12/site-packages/airflow/example_dags/example_task_group.py
[2025-11-09T21:58:02.448+0000] {logging_mixin.py:190} INFO - [2025-11-09T21:58:02.448+0000] {dag.py:3239} INFO - Sync 1 DAGs
[2025-11-09T21:58:02.478+0000] {logging_mixin.py:190} INFO - [2025-11-09T21:58:02.477+0000] {dag.py:4180} INFO - Setting next_dagrun for example_task_group to None, run_after=None
[2025-11-09T21:58:02.515+0000] {processor.py:208} INFO - Processing /home/airflow/.local/lib/python3.12/site-packages/airflow/example_dags/example_task_group.py took 0.161 seconds
[2025-11-09T21:58:33.041+0000] {processor.py:186} INFO - Started process (PID=6367) to work on /home/airflow/.local/lib/python3.12/site-packages/airflow/example_dags/example_task_group.py
[2025-11-09T21:58:33.043+0000] {processor.py:914} INFO - Processing file /home/airflow/.local/lib/python3.12/site-packages/airflow/example_dags/example_task_group.py for tasks to queue
[2025-11-09T21:58:33.049+0000] {logging_mixin.py:190} INFO - [2025-11-09T21:58:33.048+0000] {dagbag.py:588} INFO - Filling up the DagBag from /home/airflow/.local/lib/python3.12/site-packages/airflow/example_dags/example_task_group.py
[2025-11-09T21:58:33.076+0000] {processor.py:925} INFO - DAG(s) 'example_task_group' retrieved from /home/airflow/.local/lib/python3.12/site-packages/airflow/example_dags/example_task_group.py
[2025-11-09T21:58:33.131+0000] {logging_mixin.py:190} INFO - [2025-11-09T21:58:33.130+0000] {dag.py:3239} INFO - Sync 1 DAGs
[2025-11-09T21:58:33.169+0000] {logging_mixin.py:190} INFO - [2025-11-09T21:58:33.169+0000] {dag.py:4180} INFO - Setting next_dagrun for example_task_group to None, run_after=None
[2025-11-09T21:58:33.227+0000] {processor.py:208} INFO - Processing /home/airflow/.local/lib/python3.12/site-packages/airflow/example_dags/example_task_group.py took 0.201 seconds
[2025-11-09T21:59:03.440+0000] {processor.py:186} INFO - Started process (PID=6437) to work on /home/airflow/.local/lib/python3.12/site-packages/airflow/example_dags/example_task_group.py
[2025-11-09T21:59:03.443+0000] {processor.py:914} INFO - Processing file /home/airflow/.local/lib/python3.12/site-packages/airflow/example_dags/example_task_group.py for tasks to queue
[2025-11-09T21:59:03.450+0000] {logging_mixin.py:190} INFO - [2025-11-09T21:59:03.449+0000] {dagbag.py:588} INFO - Filling up the DagBag from /home/airflow/.local/lib/python3.12/site-packages/airflow/example_dags/example_task_group.py
[2025-11-09T21:59:03.478+0000] {processor.py:925} INFO - DAG(s) 'example_task_group' retrieved from /home/airflow/.local/lib/python3.12/site-packages/airflow/example_dags/example_task_group.py
[2025-11-09T21:59:03.532+0000] {logging_mixin.py:190} INFO - [2025-11-09T21:59:03.532+0000] {dag.py:3239} INFO - Sync 1 DAGs
[2025-11-09T21:59:03.564+0000] {logging_mixin.py:190} INFO - [2025-11-09T21:59:03.563+0000] {dag.py:4180} INFO - Setting next_dagrun for example_task_group to None, run_after=None
[2025-11-09T21:59:03.607+0000] {processor.py:208} INFO - Processing /home/airflow/.local/lib/python3.12/site-packages/airflow/example_dags/example_task_group.py took 0.184 seconds
[2025-11-09T21:59:34.106+0000] {processor.py:186} INFO - Started process (PID=6501) to work on /home/airflow/.local/lib/python3.12/site-packages/airflow/example_dags/example_task_group.py
[2025-11-09T21:59:34.109+0000] {processor.py:914} INFO - Processing file /home/airflow/.local/lib/python3.12/site-packages/airflow/example_dags/example_task_group.py for tasks to queue
[2025-11-09T21:59:34.114+0000] {logging_mixin.py:190} INFO - [2025-11-09T21:59:34.113+0000] {dagbag.py:588} INFO - Filling up the DagBag from /home/airflow/.local/lib/python3.12/site-packages/airflow/example_dags/example_task_group.py
[2025-11-09T21:59:34.135+0000] {processor.py:925} INFO - DAG(s) 'example_task_group' retrieved from /home/airflow/.local/lib/python3.12/site-packages/airflow/example_dags/example_task_group.py
[2025-11-09T21:59:34.184+0000] {logging_mixin.py:190} INFO - [2025-11-09T21:59:34.183+0000] {dag.py:3239} INFO - Sync 1 DAGs
[2025-11-09T21:59:34.216+0000] {logging_mixin.py:190} INFO - [2025-11-09T21:59:34.215+0000] {dag.py:4180} INFO - Setting next_dagrun for example_task_group to None, run_after=None
[2025-11-09T21:59:34.260+0000] {processor.py:208} INFO - Processing /home/airflow/.local/lib/python3.12/site-packages/airflow/example_dags/example_task_group.py took 0.168 seconds
[2025-11-09T22:00:04.541+0000] {processor.py:186} INFO - Started process (PID=6566) to work on /home/airflow/.local/lib/python3.12/site-packages/airflow/example_dags/example_task_group.py
[2025-11-09T22:00:04.544+0000] {processor.py:914} INFO - Processing file /home/airflow/.local/lib/python3.12/site-packages/airflow/example_dags/example_task_group.py for tasks to queue
[2025-11-09T22:00:04.549+0000] {logging_mixin.py:190} INFO - [2025-11-09T22:00:04.548+0000] {dagbag.py:588} INFO - Filling up the DagBag from /home/airflow/.local/lib/python3.12/site-packages/airflow/example_dags/example_task_group.py
[2025-11-09T22:00:04.567+0000] {processor.py:925} INFO - DAG(s) 'example_task_group' retrieved from /home/airflow/.local/lib/python3.12/site-packages/airflow/example_dags/example_task_group.py
[2025-11-09T22:00:04.610+0000] {logging_mixin.py:190} INFO - [2025-11-09T22:00:04.609+0000] {dag.py:3239} INFO - Sync 1 DAGs
[2025-11-09T22:00:04.637+0000] {logging_mixin.py:190} INFO - [2025-11-09T22:00:04.636+0000] {dag.py:4180} INFO - Setting next_dagrun for example_task_group to None, run_after=None
[2025-11-09T22:00:04.672+0000] {processor.py:208} INFO - Processing /home/airflow/.local/lib/python3.12/site-packages/airflow/example_dags/example_task_group.py took 0.146 seconds
[2025-11-09T22:00:35.414+0000] {processor.py:186} INFO - Started process (PID=6630) to work on /home/airflow/.local/lib/python3.12/site-packages/airflow/example_dags/example_task_group.py
[2025-11-09T22:00:35.416+0000] {processor.py:914} INFO - Processing file /home/airflow/.local/lib/python3.12/site-packages/airflow/example_dags/example_task_group.py for tasks to queue
[2025-11-09T22:00:35.422+0000] {logging_mixin.py:190} INFO - [2025-11-09T22:00:35.421+0000] {dagbag.py:588} INFO - Filling up the DagBag from /home/airflow/.local/lib/python3.12/site-packages/airflow/example_dags/example_task_group.py
[2025-11-09T22:00:35.448+0000] {processor.py:925} INFO - DAG(s) 'example_task_group' retrieved from /home/airflow/.local/lib/python3.12/site-packages/airflow/example_dags/example_task_group.py
[2025-11-09T22:00:35.498+0000] {logging_mixin.py:190} INFO - [2025-11-09T22:00:35.498+0000] {dag.py:3239} INFO - Sync 1 DAGs
[2025-11-09T22:00:35.529+0000] {logging_mixin.py:190} INFO - [2025-11-09T22:00:35.529+0000] {dag.py:4180} INFO - Setting next_dagrun for example_task_group to None, run_after=None
[2025-11-09T22:00:35.567+0000] {processor.py:208} INFO - Processing /home/airflow/.local/lib/python3.12/site-packages/airflow/example_dags/example_task_group.py took 0.168 seconds
[2025-11-09T22:01:05.795+0000] {processor.py:186} INFO - Started process (PID=6693) to work on /home/airflow/.local/lib/python3.12/site-packages/airflow/example_dags/example_task_group.py
[2025-11-09T22:01:05.797+0000] {processor.py:914} INFO - Processing file /home/airflow/.local/lib/python3.12/site-packages/airflow/example_dags/example_task_group.py for tasks to queue
[2025-11-09T22:01:05.802+0000] {logging_mixin.py:190} INFO - [2025-11-09T22:01:05.802+0000] {dagbag.py:588} INFO - Filling up the DagBag from /home/airflow/.local/lib/python3.12/site-packages/airflow/example_dags/example_task_group.py
[2025-11-09T22:01:05.827+0000] {processor.py:925} INFO - DAG(s) 'example_task_group' retrieved from /home/airflow/.local/lib/python3.12/site-packages/airflow/example_dags/example_task_group.py
[2025-11-09T22:01:05.883+0000] {logging_mixin.py:190} INFO - [2025-11-09T22:01:05.883+0000] {dag.py:3239} INFO - Sync 1 DAGs
[2025-11-09T22:01:05.918+0000] {logging_mixin.py:190} INFO - [2025-11-09T22:01:05.917+0000] {dag.py:4180} INFO - Setting next_dagrun for example_task_group to None, run_after=None
[2025-11-09T22:01:05.970+0000] {processor.py:208} INFO - Processing /home/airflow/.local/lib/python3.12/site-packages/airflow/example_dags/example_task_group.py took 0.186 seconds
[2025-11-09T22:01:36.504+0000] {processor.py:186} INFO - Started process (PID=6758) to work on /home/airflow/.local/lib/python3.12/site-packages/airflow/example_dags/example_task_group.py
[2025-11-09T22:01:36.506+0000] {processor.py:914} INFO - Processing file /home/airflow/.local/lib/python3.12/site-packages/airflow/example_dags/example_task_group.py for tasks to queue
[2025-11-09T22:01:36.511+0000] {logging_mixin.py:190} INFO - [2025-11-09T22:01:36.511+0000] {dagbag.py:588} INFO - Filling up the DagBag from /home/airflow/.local/lib/python3.12/site-packages/airflow/example_dags/example_task_group.py
[2025-11-09T22:01:36.531+0000] {processor.py:925} INFO - DAG(s) 'example_task_group' retrieved from /home/airflow/.local/lib/python3.12/site-packages/airflow/example_dags/example_task_group.py
[2025-11-09T22:01:36.577+0000] {logging_mixin.py:190} INFO - [2025-11-09T22:01:36.577+0000] {dag.py:3239} INFO - Sync 1 DAGs
[2025-11-09T22:01:36.604+0000] {logging_mixin.py:190} INFO - [2025-11-09T22:01:36.603+0000] {dag.py:4180} INFO - Setting next_dagrun for example_task_group to None, run_after=None
[2025-11-09T22:01:36.647+0000] {processor.py:208} INFO - Processing /home/airflow/.local/lib/python3.12/site-packages/airflow/example_dags/example_task_group.py took 0.157 seconds
[2025-11-09T22:02:07.356+0000] {processor.py:186} INFO - Started process (PID=6822) to work on /home/airflow/.local/lib/python3.12/site-packages/airflow/example_dags/example_task_group.py
[2025-11-09T22:02:07.359+0000] {processor.py:914} INFO - Processing file /home/airflow/.local/lib/python3.12/site-packages/airflow/example_dags/example_task_group.py for tasks to queue
[2025-11-09T22:02:07.365+0000] {logging_mixin.py:190} INFO - [2025-11-09T22:02:07.365+0000] {dagbag.py:588} INFO - Filling up the DagBag from /home/airflow/.local/lib/python3.12/site-packages/airflow/example_dags/example_task_group.py
[2025-11-09T22:02:07.400+0000] {processor.py:925} INFO - DAG(s) 'example_task_group' retrieved from /home/airflow/.local/lib/python3.12/site-packages/airflow/example_dags/example_task_group.py
[2025-11-09T22:02:07.465+0000] {logging_mixin.py:190} INFO - [2025-11-09T22:02:07.464+0000] {dag.py:3239} INFO - Sync 1 DAGs
[2025-11-09T22:02:07.506+0000] {logging_mixin.py:190} INFO - [2025-11-09T22:02:07.505+0000] {dag.py:4180} INFO - Setting next_dagrun for example_task_group to None, run_after=None
[2025-11-09T22:02:07.554+0000] {processor.py:208} INFO - Processing /home/airflow/.local/lib/python3.12/site-packages/airflow/example_dags/example_task_group.py took 0.214 seconds
[2025-11-09T22:02:37.751+0000] {processor.py:186} INFO - Started process (PID=6886) to work on /home/airflow/.local/lib/python3.12/site-packages/airflow/example_dags/example_task_group.py
[2025-11-09T22:02:37.754+0000] {processor.py:914} INFO - Processing file /home/airflow/.local/lib/python3.12/site-packages/airflow/example_dags/example_task_group.py for tasks to queue
[2025-11-09T22:02:37.759+0000] {logging_mixin.py:190} INFO - [2025-11-09T22:02:37.758+0000] {dagbag.py:588} INFO - Filling up the DagBag from /home/airflow/.local/lib/python3.12/site-packages/airflow/example_dags/example_task_group.py
[2025-11-09T22:02:37.781+0000] {processor.py:925} INFO - DAG(s) 'example_task_group' retrieved from /home/airflow/.local/lib/python3.12/site-packages/airflow/example_dags/example_task_group.py
[2025-11-09T22:02:37.829+0000] {logging_mixin.py:190} INFO - [2025-11-09T22:02:37.828+0000] {dag.py:3239} INFO - Sync 1 DAGs
[2025-11-09T22:02:37.859+0000] {logging_mixin.py:190} INFO - [2025-11-09T22:02:37.858+0000] {dag.py:4180} INFO - Setting next_dagrun for example_task_group to None, run_after=None
[2025-11-09T22:02:37.902+0000] {processor.py:208} INFO - Processing /home/airflow/.local/lib/python3.12/site-packages/airflow/example_dags/example_task_group.py took 0.164 seconds
[2025-11-09T22:03:08.577+0000] {processor.py:186} INFO - Started process (PID=6950) to work on /home/airflow/.local/lib/python3.12/site-packages/airflow/example_dags/example_task_group.py
[2025-11-09T22:03:08.580+0000] {processor.py:914} INFO - Processing file /home/airflow/.local/lib/python3.12/site-packages/airflow/example_dags/example_task_group.py for tasks to queue
[2025-11-09T22:03:08.588+0000] {logging_mixin.py:190} INFO - [2025-11-09T22:03:08.587+0000] {dagbag.py:588} INFO - Filling up the DagBag from /home/airflow/.local/lib/python3.12/site-packages/airflow/example_dags/example_task_group.py
[2025-11-09T22:03:08.617+0000] {processor.py:925} INFO - DAG(s) 'example_task_group' retrieved from /home/airflow/.local/lib/python3.12/site-packages/airflow/example_dags/example_task_group.py
[2025-11-09T22:03:08.692+0000] {logging_mixin.py:190} INFO - [2025-11-09T22:03:08.691+0000] {dag.py:3239} INFO - Sync 1 DAGs
[2025-11-09T22:03:08.736+0000] {logging_mixin.py:190} INFO - [2025-11-09T22:03:08.736+0000] {dag.py:4180} INFO - Setting next_dagrun for example_task_group to None, run_after=None
[2025-11-09T22:03:08.791+0000] {processor.py:208} INFO - Processing /home/airflow/.local/lib/python3.12/site-packages/airflow/example_dags/example_task_group.py took 0.232 seconds
[2025-11-09T22:03:39.372+0000] {processor.py:186} INFO - Started process (PID=7014) to work on /home/airflow/.local/lib/python3.12/site-packages/airflow/example_dags/example_task_group.py
[2025-11-09T22:03:39.375+0000] {processor.py:914} INFO - Processing file /home/airflow/.local/lib/python3.12/site-packages/airflow/example_dags/example_task_group.py for tasks to queue
[2025-11-09T22:03:39.383+0000] {logging_mixin.py:190} INFO - [2025-11-09T22:03:39.382+0000] {dagbag.py:588} INFO - Filling up the DagBag from /home/airflow/.local/lib/python3.12/site-packages/airflow/example_dags/example_task_group.py
[2025-11-09T22:03:39.412+0000] {processor.py:925} INFO - DAG(s) 'example_task_group' retrieved from /home/airflow/.local/lib/python3.12/site-packages/airflow/example_dags/example_task_group.py
[2025-11-09T22:03:39.479+0000] {logging_mixin.py:190} INFO - [2025-11-09T22:03:39.479+0000] {dag.py:3239} INFO - Sync 1 DAGs
[2025-11-09T22:03:39.533+0000] {logging_mixin.py:190} INFO - [2025-11-09T22:03:39.532+0000] {dag.py:4180} INFO - Setting next_dagrun for example_task_group to None, run_after=None
[2025-11-09T22:03:39.602+0000] {processor.py:208} INFO - Processing /home/airflow/.local/lib/python3.12/site-packages/airflow/example_dags/example_task_group.py took 0.248 seconds
[2025-11-09T22:04:10.223+0000] {processor.py:186} INFO - Started process (PID=7078) to work on /home/airflow/.local/lib/python3.12/site-packages/airflow/example_dags/example_task_group.py
[2025-11-09T22:04:10.227+0000] {processor.py:914} INFO - Processing file /home/airflow/.local/lib/python3.12/site-packages/airflow/example_dags/example_task_group.py for tasks to queue
[2025-11-09T22:04:10.235+0000] {logging_mixin.py:190} INFO - [2025-11-09T22:04:10.233+0000] {dagbag.py:588} INFO - Filling up the DagBag from /home/airflow/.local/lib/python3.12/site-packages/airflow/example_dags/example_task_group.py
[2025-11-09T22:04:10.273+0000] {processor.py:925} INFO - DAG(s) 'example_task_group' retrieved from /home/airflow/.local/lib/python3.12/site-packages/airflow/example_dags/example_task_group.py
[2025-11-09T22:04:10.339+0000] {logging_mixin.py:190} INFO - [2025-11-09T22:04:10.339+0000] {dag.py:3239} INFO - Sync 1 DAGs
[2025-11-09T22:04:10.387+0000] {logging_mixin.py:190} INFO - [2025-11-09T22:04:10.386+0000] {dag.py:4180} INFO - Setting next_dagrun for example_task_group to None, run_after=None
[2025-11-09T22:04:10.435+0000] {processor.py:208} INFO - Processing /home/airflow/.local/lib/python3.12/site-packages/airflow/example_dags/example_task_group.py took 0.232 seconds
[2025-11-09T22:04:40.980+0000] {processor.py:186} INFO - Started process (PID=7138) to work on /home/airflow/.local/lib/python3.12/site-packages/airflow/example_dags/example_task_group.py
[2025-11-09T22:04:40.982+0000] {processor.py:914} INFO - Processing file /home/airflow/.local/lib/python3.12/site-packages/airflow/example_dags/example_task_group.py for tasks to queue
[2025-11-09T22:04:40.986+0000] {logging_mixin.py:190} INFO - [2025-11-09T22:04:40.986+0000] {dagbag.py:588} INFO - Filling up the DagBag from /home/airflow/.local/lib/python3.12/site-packages/airflow/example_dags/example_task_group.py
[2025-11-09T22:04:41.009+0000] {processor.py:925} INFO - DAG(s) 'example_task_group' retrieved from /home/airflow/.local/lib/python3.12/site-packages/airflow/example_dags/example_task_group.py
[2025-11-09T22:04:41.053+0000] {logging_mixin.py:190} INFO - [2025-11-09T22:04:41.053+0000] {dag.py:3239} INFO - Sync 1 DAGs
[2025-11-09T22:04:41.087+0000] {logging_mixin.py:190} INFO - [2025-11-09T22:04:41.087+0000] {dag.py:4180} INFO - Setting next_dagrun for example_task_group to None, run_after=None
[2025-11-09T22:04:41.125+0000] {processor.py:208} INFO - Processing /home/airflow/.local/lib/python3.12/site-packages/airflow/example_dags/example_task_group.py took 0.158 seconds
[2025-11-09T22:05:11.557+0000] {processor.py:186} INFO - Started process (PID=7202) to work on /home/airflow/.local/lib/python3.12/site-packages/airflow/example_dags/example_task_group.py
[2025-11-09T22:05:11.559+0000] {processor.py:914} INFO - Processing file /home/airflow/.local/lib/python3.12/site-packages/airflow/example_dags/example_task_group.py for tasks to queue
[2025-11-09T22:05:11.563+0000] {logging_mixin.py:190} INFO - [2025-11-09T22:05:11.563+0000] {dagbag.py:588} INFO - Filling up the DagBag from /home/airflow/.local/lib/python3.12/site-packages/airflow/example_dags/example_task_group.py
[2025-11-09T22:05:11.579+0000] {processor.py:925} INFO - DAG(s) 'example_task_group' retrieved from /home/airflow/.local/lib/python3.12/site-packages/airflow/example_dags/example_task_group.py
[2025-11-09T22:05:11.616+0000] {logging_mixin.py:190} INFO - [2025-11-09T22:05:11.616+0000] {dag.py:3239} INFO - Sync 1 DAGs
[2025-11-09T22:05:11.639+0000] {logging_mixin.py:190} INFO - [2025-11-09T22:05:11.639+0000] {dag.py:4180} INFO - Setting next_dagrun for example_task_group to None, run_after=None
[2025-11-09T22:05:11.671+0000] {processor.py:208} INFO - Processing /home/airflow/.local/lib/python3.12/site-packages/airflow/example_dags/example_task_group.py took 0.124 seconds
[2025-11-09T22:05:43.617+0000] {processor.py:186} INFO - Started process (PID=7260) to work on /home/airflow/.local/lib/python3.12/site-packages/airflow/example_dags/example_task_group.py
[2025-11-09T22:05:43.621+0000] {processor.py:914} INFO - Processing file /home/airflow/.local/lib/python3.12/site-packages/airflow/example_dags/example_task_group.py for tasks to queue
[2025-11-09T22:05:43.631+0000] {logging_mixin.py:190} INFO - [2025-11-09T22:05:43.629+0000] {dagbag.py:588} INFO - Filling up the DagBag from /home/airflow/.local/lib/python3.12/site-packages/airflow/example_dags/example_task_group.py
[2025-11-09T22:05:43.689+0000] {processor.py:925} INFO - DAG(s) 'example_task_group' retrieved from /home/airflow/.local/lib/python3.12/site-packages/airflow/example_dags/example_task_group.py
[2025-11-09T22:05:43.769+0000] {logging_mixin.py:190} INFO - [2025-11-09T22:05:43.768+0000] {dag.py:3239} INFO - Sync 1 DAGs
[2025-11-09T22:05:43.816+0000] {logging_mixin.py:190} INFO - [2025-11-09T22:05:43.815+0000] {dag.py:4180} INFO - Setting next_dagrun for example_task_group to None, run_after=None
[2025-11-09T22:05:43.886+0000] {processor.py:208} INFO - Processing /home/airflow/.local/lib/python3.12/site-packages/airflow/example_dags/example_task_group.py took 0.293 seconds
[2025-11-09T22:06:14.227+0000] {processor.py:186} INFO - Started process (PID=7322) to work on /home/airflow/.local/lib/python3.12/site-packages/airflow/example_dags/example_task_group.py
[2025-11-09T22:06:14.230+0000] {processor.py:914} INFO - Processing file /home/airflow/.local/lib/python3.12/site-packages/airflow/example_dags/example_task_group.py for tasks to queue
[2025-11-09T22:06:14.237+0000] {logging_mixin.py:190} INFO - [2025-11-09T22:06:14.236+0000] {dagbag.py:588} INFO - Filling up the DagBag from /home/airflow/.local/lib/python3.12/site-packages/airflow/example_dags/example_task_group.py
[2025-11-09T22:06:14.262+0000] {processor.py:925} INFO - DAG(s) 'example_task_group' retrieved from /home/airflow/.local/lib/python3.12/site-packages/airflow/example_dags/example_task_group.py
[2025-11-09T22:06:14.315+0000] {logging_mixin.py:190} INFO - [2025-11-09T22:06:14.314+0000] {dag.py:3239} INFO - Sync 1 DAGs
[2025-11-09T22:06:14.349+0000] {logging_mixin.py:190} INFO - [2025-11-09T22:06:14.348+0000] {dag.py:4180} INFO - Setting next_dagrun for example_task_group to None, run_after=None
[2025-11-09T22:06:14.395+0000] {processor.py:208} INFO - Processing /home/airflow/.local/lib/python3.12/site-packages/airflow/example_dags/example_task_group.py took 0.181 seconds
[2025-11-09T22:06:44.692+0000] {processor.py:186} INFO - Started process (PID=7383) to work on /home/airflow/.local/lib/python3.12/site-packages/airflow/example_dags/example_task_group.py
[2025-11-09T22:06:44.694+0000] {processor.py:914} INFO - Processing file /home/airflow/.local/lib/python3.12/site-packages/airflow/example_dags/example_task_group.py for tasks to queue
[2025-11-09T22:06:44.700+0000] {logging_mixin.py:190} INFO - [2025-11-09T22:06:44.699+0000] {dagbag.py:588} INFO - Filling up the DagBag from /home/airflow/.local/lib/python3.12/site-packages/airflow/example_dags/example_task_group.py
[2025-11-09T22:06:44.723+0000] {processor.py:925} INFO - DAG(s) 'example_task_group' retrieved from /home/airflow/.local/lib/python3.12/site-packages/airflow/example_dags/example_task_group.py
[2025-11-09T22:06:44.787+0000] {logging_mixin.py:190} INFO - [2025-11-09T22:06:44.787+0000] {dag.py:3239} INFO - Sync 1 DAGs
[2025-11-09T22:06:44.829+0000] {logging_mixin.py:190} INFO - [2025-11-09T22:06:44.828+0000] {dag.py:4180} INFO - Setting next_dagrun for example_task_group to None, run_after=None
[2025-11-09T22:06:44.874+0000] {processor.py:208} INFO - Processing /home/airflow/.local/lib/python3.12/site-packages/airflow/example_dags/example_task_group.py took 0.197 seconds
[2025-11-09T22:07:15.792+0000] {processor.py:186} INFO - Started process (PID=7447) to work on /home/airflow/.local/lib/python3.12/site-packages/airflow/example_dags/example_task_group.py
[2025-11-09T22:07:15.796+0000] {processor.py:914} INFO - Processing file /home/airflow/.local/lib/python3.12/site-packages/airflow/example_dags/example_task_group.py for tasks to queue
[2025-11-09T22:07:15.807+0000] {logging_mixin.py:190} INFO - [2025-11-09T22:07:15.806+0000] {dagbag.py:588} INFO - Filling up the DagBag from /home/airflow/.local/lib/python3.12/site-packages/airflow/example_dags/example_task_group.py
[2025-11-09T22:07:15.843+0000] {processor.py:925} INFO - DAG(s) 'example_task_group' retrieved from /home/airflow/.local/lib/python3.12/site-packages/airflow/example_dags/example_task_group.py
[2025-11-09T22:07:15.931+0000] {logging_mixin.py:190} INFO - [2025-11-09T22:07:15.930+0000] {dag.py:3239} INFO - Sync 1 DAGs
[2025-11-09T22:07:15.990+0000] {logging_mixin.py:190} INFO - [2025-11-09T22:07:15.989+0000] {dag.py:4180} INFO - Setting next_dagrun for example_task_group to None, run_after=None
[2025-11-09T22:07:16.063+0000] {processor.py:208} INFO - Processing /home/airflow/.local/lib/python3.12/site-packages/airflow/example_dags/example_task_group.py took 0.297 seconds
[2025-11-09T22:07:46.553+0000] {processor.py:186} INFO - Started process (PID=7511) to work on /home/airflow/.local/lib/python3.12/site-packages/airflow/example_dags/example_task_group.py
[2025-11-09T22:07:46.556+0000] {processor.py:914} INFO - Processing file /home/airflow/.local/lib/python3.12/site-packages/airflow/example_dags/example_task_group.py for tasks to queue
[2025-11-09T22:07:46.565+0000] {logging_mixin.py:190} INFO - [2025-11-09T22:07:46.564+0000] {dagbag.py:588} INFO - Filling up the DagBag from /home/airflow/.local/lib/python3.12/site-packages/airflow/example_dags/example_task_group.py
[2025-11-09T22:07:46.589+0000] {processor.py:925} INFO - DAG(s) 'example_task_group' retrieved from /home/airflow/.local/lib/python3.12/site-packages/airflow/example_dags/example_task_group.py
[2025-11-09T22:07:46.662+0000] {logging_mixin.py:190} INFO - [2025-11-09T22:07:46.661+0000] {dag.py:3239} INFO - Sync 1 DAGs
[2025-11-09T22:07:46.705+0000] {logging_mixin.py:190} INFO - [2025-11-09T22:07:46.704+0000] {dag.py:4180} INFO - Setting next_dagrun for example_task_group to None, run_after=None
[2025-11-09T22:07:46.758+0000] {processor.py:208} INFO - Processing /home/airflow/.local/lib/python3.12/site-packages/airflow/example_dags/example_task_group.py took 0.219 seconds
[2025-11-09T22:08:17.458+0000] {processor.py:186} INFO - Started process (PID=7575) to work on /home/airflow/.local/lib/python3.12/site-packages/airflow/example_dags/example_task_group.py
[2025-11-09T22:08:17.461+0000] {processor.py:914} INFO - Processing file /home/airflow/.local/lib/python3.12/site-packages/airflow/example_dags/example_task_group.py for tasks to queue
[2025-11-09T22:08:17.468+0000] {logging_mixin.py:190} INFO - [2025-11-09T22:08:17.467+0000] {dagbag.py:588} INFO - Filling up the DagBag from /home/airflow/.local/lib/python3.12/site-packages/airflow/example_dags/example_task_group.py
[2025-11-09T22:08:17.490+0000] {processor.py:925} INFO - DAG(s) 'example_task_group' retrieved from /home/airflow/.local/lib/python3.12/site-packages/airflow/example_dags/example_task_group.py
[2025-11-09T22:08:17.540+0000] {logging_mixin.py:190} INFO - [2025-11-09T22:08:17.540+0000] {dag.py:3239} INFO - Sync 1 DAGs
[2025-11-09T22:08:17.578+0000] {logging_mixin.py:190} INFO - [2025-11-09T22:08:17.578+0000] {dag.py:4180} INFO - Setting next_dagrun for example_task_group to None, run_after=None
[2025-11-09T22:08:17.622+0000] {processor.py:208} INFO - Processing /home/airflow/.local/lib/python3.12/site-packages/airflow/example_dags/example_task_group.py took 0.183 seconds
[2025-11-09T22:08:47.803+0000] {processor.py:186} INFO - Started process (PID=7639) to work on /home/airflow/.local/lib/python3.12/site-packages/airflow/example_dags/example_task_group.py
[2025-11-09T22:08:47.806+0000] {processor.py:914} INFO - Processing file /home/airflow/.local/lib/python3.12/site-packages/airflow/example_dags/example_task_group.py for tasks to queue
[2025-11-09T22:08:47.814+0000] {logging_mixin.py:190} INFO - [2025-11-09T22:08:47.813+0000] {dagbag.py:588} INFO - Filling up the DagBag from /home/airflow/.local/lib/python3.12/site-packages/airflow/example_dags/example_task_group.py
[2025-11-09T22:08:47.841+0000] {processor.py:925} INFO - DAG(s) 'example_task_group' retrieved from /home/airflow/.local/lib/python3.12/site-packages/airflow/example_dags/example_task_group.py
[2025-11-09T22:08:47.900+0000] {logging_mixin.py:190} INFO - [2025-11-09T22:08:47.899+0000] {dag.py:3239} INFO - Sync 1 DAGs
[2025-11-09T22:08:47.931+0000] {logging_mixin.py:190} INFO - [2025-11-09T22:08:47.930+0000] {dag.py:4180} INFO - Setting next_dagrun for example_task_group to None, run_after=None
[2025-11-09T22:08:47.972+0000] {processor.py:208} INFO - Processing /home/airflow/.local/lib/python3.12/site-packages/airflow/example_dags/example_task_group.py took 0.186 seconds
[2025-11-09T22:09:18.279+0000] {processor.py:186} INFO - Started process (PID=7703) to work on /home/airflow/.local/lib/python3.12/site-packages/airflow/example_dags/example_task_group.py
[2025-11-09T22:09:18.282+0000] {processor.py:914} INFO - Processing file /home/airflow/.local/lib/python3.12/site-packages/airflow/example_dags/example_task_group.py for tasks to queue
[2025-11-09T22:09:18.296+0000] {logging_mixin.py:190} INFO - [2025-11-09T22:09:18.295+0000] {dagbag.py:588} INFO - Filling up the DagBag from /home/airflow/.local/lib/python3.12/site-packages/airflow/example_dags/example_task_group.py
[2025-11-09T22:09:18.329+0000] {processor.py:925} INFO - DAG(s) 'example_task_group' retrieved from /home/airflow/.local/lib/python3.12/site-packages/airflow/example_dags/example_task_group.py
[2025-11-09T22:09:18.395+0000] {logging_mixin.py:190} INFO - [2025-11-09T22:09:18.394+0000] {dag.py:3239} INFO - Sync 1 DAGs
[2025-11-09T22:09:18.445+0000] {logging_mixin.py:190} INFO - [2025-11-09T22:09:18.444+0000] {dag.py:4180} INFO - Setting next_dagrun for example_task_group to None, run_after=None
[2025-11-09T22:09:18.496+0000] {processor.py:208} INFO - Processing /home/airflow/.local/lib/python3.12/site-packages/airflow/example_dags/example_task_group.py took 0.240 seconds
[2025-11-09T22:09:49.278+0000] {processor.py:186} INFO - Started process (PID=7767) to work on /home/airflow/.local/lib/python3.12/site-packages/airflow/example_dags/example_task_group.py
[2025-11-09T22:09:49.280+0000] {processor.py:914} INFO - Processing file /home/airflow/.local/lib/python3.12/site-packages/airflow/example_dags/example_task_group.py for tasks to queue
[2025-11-09T22:09:49.289+0000] {logging_mixin.py:190} INFO - [2025-11-09T22:09:49.288+0000] {dagbag.py:588} INFO - Filling up the DagBag from /home/airflow/.local/lib/python3.12/site-packages/airflow/example_dags/example_task_group.py
[2025-11-09T22:09:49.318+0000] {processor.py:925} INFO - DAG(s) 'example_task_group' retrieved from /home/airflow/.local/lib/python3.12/site-packages/airflow/example_dags/example_task_group.py
[2025-11-09T22:09:49.383+0000] {logging_mixin.py:190} INFO - [2025-11-09T22:09:49.383+0000] {dag.py:3239} INFO - Sync 1 DAGs
[2025-11-09T22:09:49.426+0000] {logging_mixin.py:190} INFO - [2025-11-09T22:09:49.426+0000] {dag.py:4180} INFO - Setting next_dagrun for example_task_group to None, run_after=None
[2025-11-09T22:09:49.480+0000] {processor.py:208} INFO - Processing /home/airflow/.local/lib/python3.12/site-packages/airflow/example_dags/example_task_group.py took 0.216 seconds
[2025-11-09T22:10:20.022+0000] {processor.py:186} INFO - Started process (PID=7831) to work on /home/airflow/.local/lib/python3.12/site-packages/airflow/example_dags/example_task_group.py
[2025-11-09T22:10:20.024+0000] {processor.py:914} INFO - Processing file /home/airflow/.local/lib/python3.12/site-packages/airflow/example_dags/example_task_group.py for tasks to queue
[2025-11-09T22:10:20.031+0000] {logging_mixin.py:190} INFO - [2025-11-09T22:10:20.030+0000] {dagbag.py:588} INFO - Filling up the DagBag from /home/airflow/.local/lib/python3.12/site-packages/airflow/example_dags/example_task_group.py
[2025-11-09T22:10:20.057+0000] {processor.py:925} INFO - DAG(s) 'example_task_group' retrieved from /home/airflow/.local/lib/python3.12/site-packages/airflow/example_dags/example_task_group.py
[2025-11-09T22:10:20.111+0000] {logging_mixin.py:190} INFO - [2025-11-09T22:10:20.110+0000] {dag.py:3239} INFO - Sync 1 DAGs
[2025-11-09T22:10:20.141+0000] {logging_mixin.py:190} INFO - [2025-11-09T22:10:20.140+0000] {dag.py:4180} INFO - Setting next_dagrun for example_task_group to None, run_after=None
[2025-11-09T22:10:20.180+0000] {processor.py:208} INFO - Processing /home/airflow/.local/lib/python3.12/site-packages/airflow/example_dags/example_task_group.py took 0.177 seconds
[2025-11-09T22:10:50.446+0000] {processor.py:186} INFO - Started process (PID=7895) to work on /home/airflow/.local/lib/python3.12/site-packages/airflow/example_dags/example_task_group.py
[2025-11-09T22:10:50.447+0000] {processor.py:914} INFO - Processing file /home/airflow/.local/lib/python3.12/site-packages/airflow/example_dags/example_task_group.py for tasks to queue
[2025-11-09T22:10:50.453+0000] {logging_mixin.py:190} INFO - [2025-11-09T22:10:50.452+0000] {dagbag.py:588} INFO - Filling up the DagBag from /home/airflow/.local/lib/python3.12/site-packages/airflow/example_dags/example_task_group.py
[2025-11-09T22:10:50.469+0000] {processor.py:925} INFO - DAG(s) 'example_task_group' retrieved from /home/airflow/.local/lib/python3.12/site-packages/airflow/example_dags/example_task_group.py
[2025-11-09T22:10:50.523+0000] {logging_mixin.py:190} INFO - [2025-11-09T22:10:50.522+0000] {dag.py:3239} INFO - Sync 1 DAGs
[2025-11-09T22:10:50.559+0000] {logging_mixin.py:190} INFO - [2025-11-09T22:10:50.559+0000] {dag.py:4180} INFO - Setting next_dagrun for example_task_group to None, run_after=None
[2025-11-09T22:10:50.610+0000] {processor.py:208} INFO - Processing /home/airflow/.local/lib/python3.12/site-packages/airflow/example_dags/example_task_group.py took 0.178 seconds
[2025-11-09T22:11:20.746+0000] {processor.py:186} INFO - Started process (PID=7959) to work on /home/airflow/.local/lib/python3.12/site-packages/airflow/example_dags/example_task_group.py
[2025-11-09T22:11:20.748+0000] {processor.py:914} INFO - Processing file /home/airflow/.local/lib/python3.12/site-packages/airflow/example_dags/example_task_group.py for tasks to queue
[2025-11-09T22:11:20.756+0000] {logging_mixin.py:190} INFO - [2025-11-09T22:11:20.755+0000] {dagbag.py:588} INFO - Filling up the DagBag from /home/airflow/.local/lib/python3.12/site-packages/airflow/example_dags/example_task_group.py
[2025-11-09T22:11:20.791+0000] {processor.py:925} INFO - DAG(s) 'example_task_group' retrieved from /home/airflow/.local/lib/python3.12/site-packages/airflow/example_dags/example_task_group.py
[2025-11-09T22:11:20.884+0000] {logging_mixin.py:190} INFO - [2025-11-09T22:11:20.883+0000] {dag.py:3239} INFO - Sync 1 DAGs
[2025-11-09T22:11:20.930+0000] {logging_mixin.py:190} INFO - [2025-11-09T22:11:20.929+0000] {dag.py:4180} INFO - Setting next_dagrun for example_task_group to None, run_after=None
[2025-11-09T22:11:20.978+0000] {processor.py:208} INFO - Processing /home/airflow/.local/lib/python3.12/site-packages/airflow/example_dags/example_task_group.py took 0.252 seconds
[2025-11-09T22:11:51.212+0000] {processor.py:186} INFO - Started process (PID=8022) to work on /home/airflow/.local/lib/python3.12/site-packages/airflow/example_dags/example_task_group.py
[2025-11-09T22:11:51.215+0000] {processor.py:914} INFO - Processing file /home/airflow/.local/lib/python3.12/site-packages/airflow/example_dags/example_task_group.py for tasks to queue
[2025-11-09T22:11:51.222+0000] {logging_mixin.py:190} INFO - [2025-11-09T22:11:51.221+0000] {dagbag.py:588} INFO - Filling up the DagBag from /home/airflow/.local/lib/python3.12/site-packages/airflow/example_dags/example_task_group.py
[2025-11-09T22:11:51.255+0000] {processor.py:925} INFO - DAG(s) 'example_task_group' retrieved from /home/airflow/.local/lib/python3.12/site-packages/airflow/example_dags/example_task_group.py
[2025-11-09T22:11:51.329+0000] {logging_mixin.py:190} INFO - [2025-11-09T22:11:51.329+0000] {dag.py:3239} INFO - Sync 1 DAGs
[2025-11-09T22:11:51.379+0000] {logging_mixin.py:190} INFO - [2025-11-09T22:11:51.378+0000] {dag.py:4180} INFO - Setting next_dagrun for example_task_group to None, run_after=None
[2025-11-09T22:11:51.459+0000] {processor.py:208} INFO - Processing /home/airflow/.local/lib/python3.12/site-packages/airflow/example_dags/example_task_group.py took 0.260 seconds
[2025-11-09T22:12:21.788+0000] {processor.py:186} INFO - Started process (PID=8087) to work on /home/airflow/.local/lib/python3.12/site-packages/airflow/example_dags/example_task_group.py
[2025-11-09T22:12:21.790+0000] {processor.py:914} INFO - Processing file /home/airflow/.local/lib/python3.12/site-packages/airflow/example_dags/example_task_group.py for tasks to queue
[2025-11-09T22:12:21.797+0000] {logging_mixin.py:190} INFO - [2025-11-09T22:12:21.795+0000] {dagbag.py:588} INFO - Filling up the DagBag from /home/airflow/.local/lib/python3.12/site-packages/airflow/example_dags/example_task_group.py
[2025-11-09T22:12:21.817+0000] {processor.py:925} INFO - DAG(s) 'example_task_group' retrieved from /home/airflow/.local/lib/python3.12/site-packages/airflow/example_dags/example_task_group.py
[2025-11-09T22:12:21.875+0000] {logging_mixin.py:190} INFO - [2025-11-09T22:12:21.874+0000] {dag.py:3239} INFO - Sync 1 DAGs
[2025-11-09T22:12:21.923+0000] {logging_mixin.py:190} INFO - [2025-11-09T22:12:21.922+0000] {dag.py:4180} INFO - Setting next_dagrun for example_task_group to None, run_after=None
[2025-11-09T22:12:21.966+0000] {processor.py:208} INFO - Processing /home/airflow/.local/lib/python3.12/site-packages/airflow/example_dags/example_task_group.py took 0.192 seconds
[2025-11-09T22:12:52.464+0000] {processor.py:186} INFO - Started process (PID=8150) to work on /home/airflow/.local/lib/python3.12/site-packages/airflow/example_dags/example_task_group.py
[2025-11-09T22:12:52.466+0000] {processor.py:914} INFO - Processing file /home/airflow/.local/lib/python3.12/site-packages/airflow/example_dags/example_task_group.py for tasks to queue
[2025-11-09T22:12:52.471+0000] {logging_mixin.py:190} INFO - [2025-11-09T22:12:52.470+0000] {dagbag.py:588} INFO - Filling up the DagBag from /home/airflow/.local/lib/python3.12/site-packages/airflow/example_dags/example_task_group.py
[2025-11-09T22:12:52.491+0000] {processor.py:925} INFO - DAG(s) 'example_task_group' retrieved from /home/airflow/.local/lib/python3.12/site-packages/airflow/example_dags/example_task_group.py
[2025-11-09T22:12:52.537+0000] {logging_mixin.py:190} INFO - [2025-11-09T22:12:52.536+0000] {dag.py:3239} INFO - Sync 1 DAGs
[2025-11-09T22:12:52.566+0000] {logging_mixin.py:190} INFO - [2025-11-09T22:12:52.566+0000] {dag.py:4180} INFO - Setting next_dagrun for example_task_group to None, run_after=None
[2025-11-09T22:12:52.605+0000] {processor.py:208} INFO - Processing /home/airflow/.local/lib/python3.12/site-packages/airflow/example_dags/example_task_group.py took 0.154 seconds
[2025-11-09T22:13:22.792+0000] {processor.py:186} INFO - Started process (PID=8214) to work on /home/airflow/.local/lib/python3.12/site-packages/airflow/example_dags/example_task_group.py
[2025-11-09T22:13:22.794+0000] {processor.py:914} INFO - Processing file /home/airflow/.local/lib/python3.12/site-packages/airflow/example_dags/example_task_group.py for tasks to queue
[2025-11-09T22:13:22.800+0000] {logging_mixin.py:190} INFO - [2025-11-09T22:13:22.799+0000] {dagbag.py:588} INFO - Filling up the DagBag from /home/airflow/.local/lib/python3.12/site-packages/airflow/example_dags/example_task_group.py
[2025-11-09T22:13:22.820+0000] {processor.py:925} INFO - DAG(s) 'example_task_group' retrieved from /home/airflow/.local/lib/python3.12/site-packages/airflow/example_dags/example_task_group.py
[2025-11-09T22:13:22.863+0000] {logging_mixin.py:190} INFO - [2025-11-09T22:13:22.862+0000] {dag.py:3239} INFO - Sync 1 DAGs
[2025-11-09T22:13:22.910+0000] {logging_mixin.py:190} INFO - [2025-11-09T22:13:22.909+0000] {dag.py:4180} INFO - Setting next_dagrun for example_task_group to None, run_after=None
[2025-11-09T22:13:22.960+0000] {processor.py:208} INFO - Processing /home/airflow/.local/lib/python3.12/site-packages/airflow/example_dags/example_task_group.py took 0.180 seconds
[2025-11-09T22:13:53.815+0000] {processor.py:186} INFO - Started process (PID=8276) to work on /home/airflow/.local/lib/python3.12/site-packages/airflow/example_dags/example_task_group.py
[2025-11-09T22:13:53.818+0000] {processor.py:914} INFO - Processing file /home/airflow/.local/lib/python3.12/site-packages/airflow/example_dags/example_task_group.py for tasks to queue
[2025-11-09T22:13:53.825+0000] {logging_mixin.py:190} INFO - [2025-11-09T22:13:53.824+0000] {dagbag.py:588} INFO - Filling up the DagBag from /home/airflow/.local/lib/python3.12/site-packages/airflow/example_dags/example_task_group.py
[2025-11-09T22:13:53.849+0000] {processor.py:925} INFO - DAG(s) 'example_task_group' retrieved from /home/airflow/.local/lib/python3.12/site-packages/airflow/example_dags/example_task_group.py
[2025-11-09T22:13:53.897+0000] {logging_mixin.py:190} INFO - [2025-11-09T22:13:53.896+0000] {dag.py:3239} INFO - Sync 1 DAGs
[2025-11-09T22:13:53.932+0000] {logging_mixin.py:190} INFO - [2025-11-09T22:13:53.931+0000] {dag.py:4180} INFO - Setting next_dagrun for example_task_group to None, run_after=None
[2025-11-09T22:13:53.975+0000] {processor.py:208} INFO - Processing /home/airflow/.local/lib/python3.12/site-packages/airflow/example_dags/example_task_group.py took 0.175 seconds
[2025-11-09T22:14:24.100+0000] {processor.py:186} INFO - Started process (PID=8338) to work on /home/airflow/.local/lib/python3.12/site-packages/airflow/example_dags/example_task_group.py
[2025-11-09T22:14:24.102+0000] {processor.py:914} INFO - Processing file /home/airflow/.local/lib/python3.12/site-packages/airflow/example_dags/example_task_group.py for tasks to queue
[2025-11-09T22:14:24.108+0000] {logging_mixin.py:190} INFO - [2025-11-09T22:14:24.107+0000] {dagbag.py:588} INFO - Filling up the DagBag from /home/airflow/.local/lib/python3.12/site-packages/airflow/example_dags/example_task_group.py
[2025-11-09T22:14:24.135+0000] {processor.py:925} INFO - DAG(s) 'example_task_group' retrieved from /home/airflow/.local/lib/python3.12/site-packages/airflow/example_dags/example_task_group.py
[2025-11-09T22:14:24.200+0000] {logging_mixin.py:190} INFO - [2025-11-09T22:14:24.199+0000] {dag.py:3239} INFO - Sync 1 DAGs
[2025-11-09T22:14:24.243+0000] {logging_mixin.py:190} INFO - [2025-11-09T22:14:24.243+0000] {dag.py:4180} INFO - Setting next_dagrun for example_task_group to None, run_after=None
[2025-11-09T22:14:24.299+0000] {processor.py:208} INFO - Processing /home/airflow/.local/lib/python3.12/site-packages/airflow/example_dags/example_task_group.py took 0.212 seconds
[2025-11-09T22:14:55.098+0000] {processor.py:186} INFO - Started process (PID=8401) to work on /home/airflow/.local/lib/python3.12/site-packages/airflow/example_dags/example_task_group.py
[2025-11-09T22:14:55.101+0000] {processor.py:914} INFO - Processing file /home/airflow/.local/lib/python3.12/site-packages/airflow/example_dags/example_task_group.py for tasks to queue
[2025-11-09T22:14:55.110+0000] {logging_mixin.py:190} INFO - [2025-11-09T22:14:55.109+0000] {dagbag.py:588} INFO - Filling up the DagBag from /home/airflow/.local/lib/python3.12/site-packages/airflow/example_dags/example_task_group.py
[2025-11-09T22:14:55.133+0000] {processor.py:925} INFO - DAG(s) 'example_task_group' retrieved from /home/airflow/.local/lib/python3.12/site-packages/airflow/example_dags/example_task_group.py
[2025-11-09T22:14:55.194+0000] {logging_mixin.py:190} INFO - [2025-11-09T22:14:55.193+0000] {dag.py:3239} INFO - Sync 1 DAGs
[2025-11-09T22:14:55.242+0000] {logging_mixin.py:190} INFO - [2025-11-09T22:14:55.242+0000] {dag.py:4180} INFO - Setting next_dagrun for example_task_group to None, run_after=None
[2025-11-09T22:14:55.296+0000] {processor.py:208} INFO - Processing /home/airflow/.local/lib/python3.12/site-packages/airflow/example_dags/example_task_group.py took 0.213 seconds
[2025-11-09T22:15:25.458+0000] {processor.py:186} INFO - Started process (PID=8464) to work on /home/airflow/.local/lib/python3.12/site-packages/airflow/example_dags/example_task_group.py
[2025-11-09T22:15:25.460+0000] {processor.py:914} INFO - Processing file /home/airflow/.local/lib/python3.12/site-packages/airflow/example_dags/example_task_group.py for tasks to queue
[2025-11-09T22:15:25.465+0000] {logging_mixin.py:190} INFO - [2025-11-09T22:15:25.464+0000] {dagbag.py:588} INFO - Filling up the DagBag from /home/airflow/.local/lib/python3.12/site-packages/airflow/example_dags/example_task_group.py
[2025-11-09T22:15:25.480+0000] {processor.py:925} INFO - DAG(s) 'example_task_group' retrieved from /home/airflow/.local/lib/python3.12/site-packages/airflow/example_dags/example_task_group.py
[2025-11-09T22:15:25.519+0000] {logging_mixin.py:190} INFO - [2025-11-09T22:15:25.518+0000] {dag.py:3239} INFO - Sync 1 DAGs
[2025-11-09T22:15:25.545+0000] {logging_mixin.py:190} INFO - [2025-11-09T22:15:25.545+0000] {dag.py:4180} INFO - Setting next_dagrun for example_task_group to None, run_after=None
[2025-11-09T22:15:25.580+0000] {processor.py:208} INFO - Processing /home/airflow/.local/lib/python3.12/site-packages/airflow/example_dags/example_task_group.py took 0.131 seconds
[2025-11-09T22:15:56.405+0000] {processor.py:186} INFO - Started process (PID=8528) to work on /home/airflow/.local/lib/python3.12/site-packages/airflow/example_dags/example_task_group.py
[2025-11-09T22:15:56.407+0000] {processor.py:914} INFO - Processing file /home/airflow/.local/lib/python3.12/site-packages/airflow/example_dags/example_task_group.py for tasks to queue
[2025-11-09T22:15:56.413+0000] {logging_mixin.py:190} INFO - [2025-11-09T22:15:56.412+0000] {dagbag.py:588} INFO - Filling up the DagBag from /home/airflow/.local/lib/python3.12/site-packages/airflow/example_dags/example_task_group.py
[2025-11-09T22:15:56.434+0000] {processor.py:925} INFO - DAG(s) 'example_task_group' retrieved from /home/airflow/.local/lib/python3.12/site-packages/airflow/example_dags/example_task_group.py
[2025-11-09T22:15:56.485+0000] {logging_mixin.py:190} INFO - [2025-11-09T22:15:56.485+0000] {dag.py:3239} INFO - Sync 1 DAGs
[2025-11-09T22:15:56.524+0000] {logging_mixin.py:190} INFO - [2025-11-09T22:15:56.524+0000] {dag.py:4180} INFO - Setting next_dagrun for example_task_group to None, run_after=None
[2025-11-09T22:15:56.569+0000] {processor.py:208} INFO - Processing /home/airflow/.local/lib/python3.12/site-packages/airflow/example_dags/example_task_group.py took 0.176 seconds
[2025-11-09T22:16:27.309+0000] {processor.py:186} INFO - Started process (PID=8592) to work on /home/airflow/.local/lib/python3.12/site-packages/airflow/example_dags/example_task_group.py
[2025-11-09T22:16:27.311+0000] {processor.py:914} INFO - Processing file /home/airflow/.local/lib/python3.12/site-packages/airflow/example_dags/example_task_group.py for tasks to queue
[2025-11-09T22:16:27.317+0000] {logging_mixin.py:190} INFO - [2025-11-09T22:16:27.317+0000] {dagbag.py:588} INFO - Filling up the DagBag from /home/airflow/.local/lib/python3.12/site-packages/airflow/example_dags/example_task_group.py
[2025-11-09T22:16:27.332+0000] {processor.py:925} INFO - DAG(s) 'example_task_group' retrieved from /home/airflow/.local/lib/python3.12/site-packages/airflow/example_dags/example_task_group.py
[2025-11-09T22:16:27.368+0000] {logging_mixin.py:190} INFO - [2025-11-09T22:16:27.367+0000] {dag.py:3239} INFO - Sync 1 DAGs
[2025-11-09T22:16:27.394+0000] {logging_mixin.py:190} INFO - [2025-11-09T22:16:27.393+0000] {dag.py:4180} INFO - Setting next_dagrun for example_task_group to None, run_after=None
[2025-11-09T22:16:27.429+0000] {processor.py:208} INFO - Processing /home/airflow/.local/lib/python3.12/site-packages/airflow/example_dags/example_task_group.py took 0.129 seconds
[2025-11-09T22:16:57.613+0000] {processor.py:186} INFO - Started process (PID=8656) to work on /home/airflow/.local/lib/python3.12/site-packages/airflow/example_dags/example_task_group.py
[2025-11-09T22:16:57.615+0000] {processor.py:914} INFO - Processing file /home/airflow/.local/lib/python3.12/site-packages/airflow/example_dags/example_task_group.py for tasks to queue
[2025-11-09T22:16:57.619+0000] {logging_mixin.py:190} INFO - [2025-11-09T22:16:57.618+0000] {dagbag.py:588} INFO - Filling up the DagBag from /home/airflow/.local/lib/python3.12/site-packages/airflow/example_dags/example_task_group.py
[2025-11-09T22:16:57.635+0000] {processor.py:925} INFO - DAG(s) 'example_task_group' retrieved from /home/airflow/.local/lib/python3.12/site-packages/airflow/example_dags/example_task_group.py
[2025-11-09T22:16:57.677+0000] {logging_mixin.py:190} INFO - [2025-11-09T22:16:57.676+0000] {dag.py:3239} INFO - Sync 1 DAGs
[2025-11-09T22:16:57.698+0000] {logging_mixin.py:190} INFO - [2025-11-09T22:16:57.698+0000] {dag.py:4180} INFO - Setting next_dagrun for example_task_group to None, run_after=None
[2025-11-09T22:16:57.730+0000] {processor.py:208} INFO - Processing /home/airflow/.local/lib/python3.12/site-packages/airflow/example_dags/example_task_group.py took 0.127 seconds
[2025-11-09T22:17:28.131+0000] {processor.py:186} INFO - Started process (PID=8720) to work on /home/airflow/.local/lib/python3.12/site-packages/airflow/example_dags/example_task_group.py
[2025-11-09T22:17:28.133+0000] {processor.py:914} INFO - Processing file /home/airflow/.local/lib/python3.12/site-packages/airflow/example_dags/example_task_group.py for tasks to queue
[2025-11-09T22:17:28.141+0000] {logging_mixin.py:190} INFO - [2025-11-09T22:17:28.140+0000] {dagbag.py:588} INFO - Filling up the DagBag from /home/airflow/.local/lib/python3.12/site-packages/airflow/example_dags/example_task_group.py
[2025-11-09T22:17:28.161+0000] {processor.py:925} INFO - DAG(s) 'example_task_group' retrieved from /home/airflow/.local/lib/python3.12/site-packages/airflow/example_dags/example_task_group.py
[2025-11-09T22:17:28.204+0000] {logging_mixin.py:190} INFO - [2025-11-09T22:17:28.204+0000] {dag.py:3239} INFO - Sync 1 DAGs
[2025-11-09T22:17:28.228+0000] {logging_mixin.py:190} INFO - [2025-11-09T22:17:28.228+0000] {dag.py:4180} INFO - Setting next_dagrun for example_task_group to None, run_after=None
[2025-11-09T22:17:28.264+0000] {processor.py:208} INFO - Processing /home/airflow/.local/lib/python3.12/site-packages/airflow/example_dags/example_task_group.py took 0.143 seconds
[2025-11-09T22:17:58.494+0000] {processor.py:186} INFO - Started process (PID=8784) to work on /home/airflow/.local/lib/python3.12/site-packages/airflow/example_dags/example_task_group.py
[2025-11-09T22:17:58.496+0000] {processor.py:914} INFO - Processing file /home/airflow/.local/lib/python3.12/site-packages/airflow/example_dags/example_task_group.py for tasks to queue
[2025-11-09T22:17:58.500+0000] {logging_mixin.py:190} INFO - [2025-11-09T22:17:58.499+0000] {dagbag.py:588} INFO - Filling up the DagBag from /home/airflow/.local/lib/python3.12/site-packages/airflow/example_dags/example_task_group.py
[2025-11-09T22:17:58.513+0000] {processor.py:925} INFO - DAG(s) 'example_task_group' retrieved from /home/airflow/.local/lib/python3.12/site-packages/airflow/example_dags/example_task_group.py
[2025-11-09T22:17:58.550+0000] {logging_mixin.py:190} INFO - [2025-11-09T22:17:58.549+0000] {dag.py:3239} INFO - Sync 1 DAGs
[2025-11-09T22:17:58.571+0000] {logging_mixin.py:190} INFO - [2025-11-09T22:17:58.571+0000] {dag.py:4180} INFO - Setting next_dagrun for example_task_group to None, run_after=None
[2025-11-09T22:17:58.606+0000] {processor.py:208} INFO - Processing /home/airflow/.local/lib/python3.12/site-packages/airflow/example_dags/example_task_group.py took 0.122 seconds
[2025-11-09T22:18:28.879+0000] {processor.py:186} INFO - Started process (PID=8848) to work on /home/airflow/.local/lib/python3.12/site-packages/airflow/example_dags/example_task_group.py
[2025-11-09T22:18:28.881+0000] {processor.py:914} INFO - Processing file /home/airflow/.local/lib/python3.12/site-packages/airflow/example_dags/example_task_group.py for tasks to queue
[2025-11-09T22:18:28.887+0000] {logging_mixin.py:190} INFO - [2025-11-09T22:18:28.886+0000] {dagbag.py:588} INFO - Filling up the DagBag from /home/airflow/.local/lib/python3.12/site-packages/airflow/example_dags/example_task_group.py
[2025-11-09T22:18:28.902+0000] {processor.py:925} INFO - DAG(s) 'example_task_group' retrieved from /home/airflow/.local/lib/python3.12/site-packages/airflow/example_dags/example_task_group.py
[2025-11-09T22:18:28.942+0000] {logging_mixin.py:190} INFO - [2025-11-09T22:18:28.941+0000] {dag.py:3239} INFO - Sync 1 DAGs
[2025-11-09T22:18:28.966+0000] {logging_mixin.py:190} INFO - [2025-11-09T22:18:28.965+0000] {dag.py:4180} INFO - Setting next_dagrun for example_task_group to None, run_after=None
[2025-11-09T22:18:28.996+0000] {processor.py:208} INFO - Processing /home/airflow/.local/lib/python3.12/site-packages/airflow/example_dags/example_task_group.py took 0.127 seconds
[2025-11-09T22:18:59.829+0000] {processor.py:186} INFO - Started process (PID=8912) to work on /home/airflow/.local/lib/python3.12/site-packages/airflow/example_dags/example_task_group.py
[2025-11-09T22:18:59.831+0000] {processor.py:914} INFO - Processing file /home/airflow/.local/lib/python3.12/site-packages/airflow/example_dags/example_task_group.py for tasks to queue
[2025-11-09T22:18:59.835+0000] {logging_mixin.py:190} INFO - [2025-11-09T22:18:59.834+0000] {dagbag.py:588} INFO - Filling up the DagBag from /home/airflow/.local/lib/python3.12/site-packages/airflow/example_dags/example_task_group.py
[2025-11-09T22:18:59.852+0000] {processor.py:925} INFO - DAG(s) 'example_task_group' retrieved from /home/airflow/.local/lib/python3.12/site-packages/airflow/example_dags/example_task_group.py
[2025-11-09T22:18:59.896+0000] {logging_mixin.py:190} INFO - [2025-11-09T22:18:59.895+0000] {dag.py:3239} INFO - Sync 1 DAGs
[2025-11-09T22:18:59.923+0000] {logging_mixin.py:190} INFO - [2025-11-09T22:18:59.922+0000] {dag.py:4180} INFO - Setting next_dagrun for example_task_group to None, run_after=None
[2025-11-09T22:18:59.959+0000] {processor.py:208} INFO - Processing /home/airflow/.local/lib/python3.12/site-packages/airflow/example_dags/example_task_group.py took 0.141 seconds
[2025-11-09T22:19:30.816+0000] {processor.py:186} INFO - Started process (PID=8977) to work on /home/airflow/.local/lib/python3.12/site-packages/airflow/example_dags/example_task_group.py
[2025-11-09T22:19:30.818+0000] {processor.py:914} INFO - Processing file /home/airflow/.local/lib/python3.12/site-packages/airflow/example_dags/example_task_group.py for tasks to queue
[2025-11-09T22:19:30.824+0000] {logging_mixin.py:190} INFO - [2025-11-09T22:19:30.823+0000] {dagbag.py:588} INFO - Filling up the DagBag from /home/airflow/.local/lib/python3.12/site-packages/airflow/example_dags/example_task_group.py
[2025-11-09T22:19:30.848+0000] {processor.py:925} INFO - DAG(s) 'example_task_group' retrieved from /home/airflow/.local/lib/python3.12/site-packages/airflow/example_dags/example_task_group.py
[2025-11-09T22:19:30.896+0000] {logging_mixin.py:190} INFO - [2025-11-09T22:19:30.895+0000] {dag.py:3239} INFO - Sync 1 DAGs
[2025-11-09T22:19:31.133+0000] {logging_mixin.py:190} INFO - [2025-11-09T22:19:31.132+0000] {dag.py:4180} INFO - Setting next_dagrun for example_task_group to None, run_after=None
[2025-11-09T22:19:31.159+0000] {processor.py:208} INFO - Processing /home/airflow/.local/lib/python3.12/site-packages/airflow/example_dags/example_task_group.py took 0.357 seconds
[2025-11-09T22:20:01.510+0000] {processor.py:186} INFO - Started process (PID=9041) to work on /home/airflow/.local/lib/python3.12/site-packages/airflow/example_dags/example_task_group.py
[2025-11-09T22:20:01.512+0000] {processor.py:914} INFO - Processing file /home/airflow/.local/lib/python3.12/site-packages/airflow/example_dags/example_task_group.py for tasks to queue
[2025-11-09T22:20:01.516+0000] {logging_mixin.py:190} INFO - [2025-11-09T22:20:01.516+0000] {dagbag.py:588} INFO - Filling up the DagBag from /home/airflow/.local/lib/python3.12/site-packages/airflow/example_dags/example_task_group.py
[2025-11-09T22:20:01.534+0000] {processor.py:925} INFO - DAG(s) 'example_task_group' retrieved from /home/airflow/.local/lib/python3.12/site-packages/airflow/example_dags/example_task_group.py
[2025-11-09T22:20:01.574+0000] {logging_mixin.py:190} INFO - [2025-11-09T22:20:01.574+0000] {dag.py:3239} INFO - Sync 1 DAGs
[2025-11-09T22:20:01.602+0000] {logging_mixin.py:190} INFO - [2025-11-09T22:20:01.602+0000] {dag.py:4180} INFO - Setting next_dagrun for example_task_group to None, run_after=None
[2025-11-09T22:20:01.887+0000] {processor.py:208} INFO - Processing /home/airflow/.local/lib/python3.12/site-packages/airflow/example_dags/example_task_group.py took 0.385 seconds
[2025-11-09T22:20:32.015+0000] {processor.py:186} INFO - Started process (PID=9105) to work on /home/airflow/.local/lib/python3.12/site-packages/airflow/example_dags/example_task_group.py
[2025-11-09T22:20:32.017+0000] {processor.py:914} INFO - Processing file /home/airflow/.local/lib/python3.12/site-packages/airflow/example_dags/example_task_group.py for tasks to queue
[2025-11-09T22:20:32.022+0000] {logging_mixin.py:190} INFO - [2025-11-09T22:20:32.021+0000] {dagbag.py:588} INFO - Filling up the DagBag from /home/airflow/.local/lib/python3.12/site-packages/airflow/example_dags/example_task_group.py
[2025-11-09T22:20:32.036+0000] {processor.py:925} INFO - DAG(s) 'example_task_group' retrieved from /home/airflow/.local/lib/python3.12/site-packages/airflow/example_dags/example_task_group.py
[2025-11-09T22:20:32.075+0000] {logging_mixin.py:190} INFO - [2025-11-09T22:20:32.074+0000] {dag.py:3239} INFO - Sync 1 DAGs
[2025-11-09T22:20:32.099+0000] {logging_mixin.py:190} INFO - [2025-11-09T22:20:32.099+0000] {dag.py:4180} INFO - Setting next_dagrun for example_task_group to None, run_after=None
[2025-11-09T22:20:32.340+0000] {processor.py:208} INFO - Processing /home/airflow/.local/lib/python3.12/site-packages/airflow/example_dags/example_task_group.py took 0.335 seconds
[2025-11-09T22:21:02.958+0000] {processor.py:186} INFO - Started process (PID=9169) to work on /home/airflow/.local/lib/python3.12/site-packages/airflow/example_dags/example_task_group.py
[2025-11-09T22:21:02.959+0000] {processor.py:914} INFO - Processing file /home/airflow/.local/lib/python3.12/site-packages/airflow/example_dags/example_task_group.py for tasks to queue
[2025-11-09T22:21:02.963+0000] {logging_mixin.py:190} INFO - [2025-11-09T22:21:02.963+0000] {dagbag.py:588} INFO - Filling up the DagBag from /home/airflow/.local/lib/python3.12/site-packages/airflow/example_dags/example_task_group.py
[2025-11-09T22:21:02.976+0000] {processor.py:925} INFO - DAG(s) 'example_task_group' retrieved from /home/airflow/.local/lib/python3.12/site-packages/airflow/example_dags/example_task_group.py
[2025-11-09T22:21:03.011+0000] {logging_mixin.py:190} INFO - [2025-11-09T22:21:03.010+0000] {dag.py:3239} INFO - Sync 1 DAGs
[2025-11-09T22:21:03.034+0000] {logging_mixin.py:190} INFO - [2025-11-09T22:21:03.033+0000] {dag.py:4180} INFO - Setting next_dagrun for example_task_group to None, run_after=None
[2025-11-09T22:21:03.066+0000] {processor.py:208} INFO - Processing /home/airflow/.local/lib/python3.12/site-packages/airflow/example_dags/example_task_group.py took 0.117 seconds
[2025-11-09T22:21:33.549+0000] {processor.py:186} INFO - Started process (PID=9233) to work on /home/airflow/.local/lib/python3.12/site-packages/airflow/example_dags/example_task_group.py
[2025-11-09T22:21:33.551+0000] {processor.py:914} INFO - Processing file /home/airflow/.local/lib/python3.12/site-packages/airflow/example_dags/example_task_group.py for tasks to queue
[2025-11-09T22:21:33.556+0000] {logging_mixin.py:190} INFO - [2025-11-09T22:21:33.556+0000] {dagbag.py:588} INFO - Filling up the DagBag from /home/airflow/.local/lib/python3.12/site-packages/airflow/example_dags/example_task_group.py
[2025-11-09T22:21:33.569+0000] {processor.py:925} INFO - DAG(s) 'example_task_group' retrieved from /home/airflow/.local/lib/python3.12/site-packages/airflow/example_dags/example_task_group.py
[2025-11-09T22:21:33.605+0000] {logging_mixin.py:190} INFO - [2025-11-09T22:21:33.605+0000] {dag.py:3239} INFO - Sync 1 DAGs
[2025-11-09T22:21:33.631+0000] {logging_mixin.py:190} INFO - [2025-11-09T22:21:33.630+0000] {dag.py:4180} INFO - Setting next_dagrun for example_task_group to None, run_after=None
[2025-11-09T22:21:33.662+0000] {processor.py:208} INFO - Processing /home/airflow/.local/lib/python3.12/site-packages/airflow/example_dags/example_task_group.py took 0.122 seconds
[2025-11-09T22:22:03.784+0000] {processor.py:186} INFO - Started process (PID=9298) to work on /home/airflow/.local/lib/python3.12/site-packages/airflow/example_dags/example_task_group.py
[2025-11-09T22:22:03.785+0000] {processor.py:914} INFO - Processing file /home/airflow/.local/lib/python3.12/site-packages/airflow/example_dags/example_task_group.py for tasks to queue
[2025-11-09T22:22:03.789+0000] {logging_mixin.py:190} INFO - [2025-11-09T22:22:03.788+0000] {dagbag.py:588} INFO - Filling up the DagBag from /home/airflow/.local/lib/python3.12/site-packages/airflow/example_dags/example_task_group.py
[2025-11-09T22:22:03.802+0000] {processor.py:925} INFO - DAG(s) 'example_task_group' retrieved from /home/airflow/.local/lib/python3.12/site-packages/airflow/example_dags/example_task_group.py
[2025-11-09T22:22:03.837+0000] {logging_mixin.py:190} INFO - [2025-11-09T22:22:03.837+0000] {dag.py:3239} INFO - Sync 1 DAGs
[2025-11-09T22:22:03.860+0000] {logging_mixin.py:190} INFO - [2025-11-09T22:22:03.860+0000] {dag.py:4180} INFO - Setting next_dagrun for example_task_group to None, run_after=None
[2025-11-09T22:22:03.887+0000] {processor.py:208} INFO - Processing /home/airflow/.local/lib/python3.12/site-packages/airflow/example_dags/example_task_group.py took 0.111 seconds
[2025-11-09T22:22:34.064+0000] {processor.py:186} INFO - Started process (PID=9362) to work on /home/airflow/.local/lib/python3.12/site-packages/airflow/example_dags/example_task_group.py
[2025-11-09T22:22:34.066+0000] {processor.py:914} INFO - Processing file /home/airflow/.local/lib/python3.12/site-packages/airflow/example_dags/example_task_group.py for tasks to queue
[2025-11-09T22:22:34.071+0000] {logging_mixin.py:190} INFO - [2025-11-09T22:22:34.071+0000] {dagbag.py:588} INFO - Filling up the DagBag from /home/airflow/.local/lib/python3.12/site-packages/airflow/example_dags/example_task_group.py
[2025-11-09T22:22:34.089+0000] {processor.py:925} INFO - DAG(s) 'example_task_group' retrieved from /home/airflow/.local/lib/python3.12/site-packages/airflow/example_dags/example_task_group.py
[2025-11-09T22:22:34.126+0000] {logging_mixin.py:190} INFO - [2025-11-09T22:22:34.125+0000] {dag.py:3239} INFO - Sync 1 DAGs
[2025-11-09T22:22:34.151+0000] {logging_mixin.py:190} INFO - [2025-11-09T22:22:34.151+0000] {dag.py:4180} INFO - Setting next_dagrun for example_task_group to None, run_after=None
[2025-11-09T22:22:34.181+0000] {processor.py:208} INFO - Processing /home/airflow/.local/lib/python3.12/site-packages/airflow/example_dags/example_task_group.py took 0.127 seconds
[2025-11-09T22:23:04.952+0000] {processor.py:186} INFO - Started process (PID=9426) to work on /home/airflow/.local/lib/python3.12/site-packages/airflow/example_dags/example_task_group.py
[2025-11-09T22:23:04.953+0000] {processor.py:914} INFO - Processing file /home/airflow/.local/lib/python3.12/site-packages/airflow/example_dags/example_task_group.py for tasks to queue
[2025-11-09T22:23:04.957+0000] {logging_mixin.py:190} INFO - [2025-11-09T22:23:04.956+0000] {dagbag.py:588} INFO - Filling up the DagBag from /home/airflow/.local/lib/python3.12/site-packages/airflow/example_dags/example_task_group.py
[2025-11-09T22:23:04.970+0000] {processor.py:925} INFO - DAG(s) 'example_task_group' retrieved from /home/airflow/.local/lib/python3.12/site-packages/airflow/example_dags/example_task_group.py
[2025-11-09T22:23:05.004+0000] {logging_mixin.py:190} INFO - [2025-11-09T22:23:05.004+0000] {dag.py:3239} INFO - Sync 1 DAGs
[2025-11-09T22:23:05.025+0000] {logging_mixin.py:190} INFO - [2025-11-09T22:23:05.025+0000] {dag.py:4180} INFO - Setting next_dagrun for example_task_group to None, run_after=None
[2025-11-09T22:23:05.055+0000] {processor.py:208} INFO - Processing /home/airflow/.local/lib/python3.12/site-packages/airflow/example_dags/example_task_group.py took 0.112 seconds
[2025-11-09T22:23:35.997+0000] {processor.py:186} INFO - Started process (PID=9490) to work on /home/airflow/.local/lib/python3.12/site-packages/airflow/example_dags/example_task_group.py
[2025-11-09T22:23:35.999+0000] {processor.py:914} INFO - Processing file /home/airflow/.local/lib/python3.12/site-packages/airflow/example_dags/example_task_group.py for tasks to queue
[2025-11-09T22:23:36.006+0000] {logging_mixin.py:190} INFO - [2025-11-09T22:23:36.005+0000] {dagbag.py:588} INFO - Filling up the DagBag from /home/airflow/.local/lib/python3.12/site-packages/airflow/example_dags/example_task_group.py
[2025-11-09T22:23:36.024+0000] {processor.py:925} INFO - DAG(s) 'example_task_group' retrieved from /home/airflow/.local/lib/python3.12/site-packages/airflow/example_dags/example_task_group.py
[2025-11-09T22:23:36.062+0000] {logging_mixin.py:190} INFO - [2025-11-09T22:23:36.062+0000] {dag.py:3239} INFO - Sync 1 DAGs
[2025-11-09T22:23:36.091+0000] {logging_mixin.py:190} INFO - [2025-11-09T22:23:36.091+0000] {dag.py:4180} INFO - Setting next_dagrun for example_task_group to None, run_after=None
[2025-11-09T22:23:36.130+0000] {processor.py:208} INFO - Processing /home/airflow/.local/lib/python3.12/site-packages/airflow/example_dags/example_task_group.py took 0.142 seconds
[2025-11-09T22:24:06.726+0000] {processor.py:186} INFO - Started process (PID=9554) to work on /home/airflow/.local/lib/python3.12/site-packages/airflow/example_dags/example_task_group.py
[2025-11-09T22:24:06.737+0000] {processor.py:914} INFO - Processing file /home/airflow/.local/lib/python3.12/site-packages/airflow/example_dags/example_task_group.py for tasks to queue
[2025-11-09T22:24:06.746+0000] {logging_mixin.py:190} INFO - [2025-11-09T22:24:06.745+0000] {dagbag.py:588} INFO - Filling up the DagBag from /home/airflow/.local/lib/python3.12/site-packages/airflow/example_dags/example_task_group.py
[2025-11-09T22:24:06.782+0000] {processor.py:925} INFO - DAG(s) 'example_task_group' retrieved from /home/airflow/.local/lib/python3.12/site-packages/airflow/example_dags/example_task_group.py
[2025-11-09T22:24:06.845+0000] {logging_mixin.py:190} INFO - [2025-11-09T22:24:06.844+0000] {dag.py:3239} INFO - Sync 1 DAGs
[2025-11-09T22:24:06.869+0000] {logging_mixin.py:190} INFO - [2025-11-09T22:24:06.868+0000] {dag.py:4180} INFO - Setting next_dagrun for example_task_group to None, run_after=None
[2025-11-09T22:24:06.906+0000] {processor.py:208} INFO - Processing /home/airflow/.local/lib/python3.12/site-packages/airflow/example_dags/example_task_group.py took 0.199 seconds
[2025-11-09T22:24:37.983+0000] {processor.py:186} INFO - Started process (PID=9618) to work on /home/airflow/.local/lib/python3.12/site-packages/airflow/example_dags/example_task_group.py
[2025-11-09T22:24:37.986+0000] {processor.py:914} INFO - Processing file /home/airflow/.local/lib/python3.12/site-packages/airflow/example_dags/example_task_group.py for tasks to queue
[2025-11-09T22:24:37.996+0000] {logging_mixin.py:190} INFO - [2025-11-09T22:24:37.995+0000] {dagbag.py:588} INFO - Filling up the DagBag from /home/airflow/.local/lib/python3.12/site-packages/airflow/example_dags/example_task_group.py
[2025-11-09T22:24:38.024+0000] {processor.py:925} INFO - DAG(s) 'example_task_group' retrieved from /home/airflow/.local/lib/python3.12/site-packages/airflow/example_dags/example_task_group.py
[2025-11-09T22:24:38.090+0000] {logging_mixin.py:190} INFO - [2025-11-09T22:24:38.089+0000] {dag.py:3239} INFO - Sync 1 DAGs
[2025-11-09T22:24:38.122+0000] {logging_mixin.py:190} INFO - [2025-11-09T22:24:38.122+0000] {dag.py:4180} INFO - Setting next_dagrun for example_task_group to None, run_after=None
[2025-11-09T22:24:38.164+0000] {processor.py:208} INFO - Processing /home/airflow/.local/lib/python3.12/site-packages/airflow/example_dags/example_task_group.py took 0.203 seconds
[2025-11-09T22:25:08.337+0000] {processor.py:186} INFO - Started process (PID=9682) to work on /home/airflow/.local/lib/python3.12/site-packages/airflow/example_dags/example_task_group.py
[2025-11-09T22:25:08.339+0000] {processor.py:914} INFO - Processing file /home/airflow/.local/lib/python3.12/site-packages/airflow/example_dags/example_task_group.py for tasks to queue
[2025-11-09T22:25:08.345+0000] {logging_mixin.py:190} INFO - [2025-11-09T22:25:08.344+0000] {dagbag.py:588} INFO - Filling up the DagBag from /home/airflow/.local/lib/python3.12/site-packages/airflow/example_dags/example_task_group.py
[2025-11-09T22:25:08.361+0000] {processor.py:925} INFO - DAG(s) 'example_task_group' retrieved from /home/airflow/.local/lib/python3.12/site-packages/airflow/example_dags/example_task_group.py
[2025-11-09T22:25:08.399+0000] {logging_mixin.py:190} INFO - [2025-11-09T22:25:08.398+0000] {dag.py:3239} INFO - Sync 1 DAGs
[2025-11-09T22:25:08.425+0000] {logging_mixin.py:190} INFO - [2025-11-09T22:25:08.425+0000] {dag.py:4180} INFO - Setting next_dagrun for example_task_group to None, run_after=None
[2025-11-09T22:25:08.456+0000] {processor.py:208} INFO - Processing /home/airflow/.local/lib/python3.12/site-packages/airflow/example_dags/example_task_group.py took 0.129 seconds
[2025-11-09T22:25:39.055+0000] {processor.py:186} INFO - Started process (PID=9746) to work on /home/airflow/.local/lib/python3.12/site-packages/airflow/example_dags/example_task_group.py
[2025-11-09T22:25:39.057+0000] {processor.py:914} INFO - Processing file /home/airflow/.local/lib/python3.12/site-packages/airflow/example_dags/example_task_group.py for tasks to queue
[2025-11-09T22:25:39.062+0000] {logging_mixin.py:190} INFO - [2025-11-09T22:25:39.061+0000] {dagbag.py:588} INFO - Filling up the DagBag from /home/airflow/.local/lib/python3.12/site-packages/airflow/example_dags/example_task_group.py
[2025-11-09T22:25:39.076+0000] {processor.py:925} INFO - DAG(s) 'example_task_group' retrieved from /home/airflow/.local/lib/python3.12/site-packages/airflow/example_dags/example_task_group.py
[2025-11-09T22:25:39.117+0000] {logging_mixin.py:190} INFO - [2025-11-09T22:25:39.117+0000] {dag.py:3239} INFO - Sync 1 DAGs
[2025-11-09T22:25:39.142+0000] {logging_mixin.py:190} INFO - [2025-11-09T22:25:39.142+0000] {dag.py:4180} INFO - Setting next_dagrun for example_task_group to None, run_after=None
[2025-11-09T22:25:39.171+0000] {processor.py:208} INFO - Processing /home/airflow/.local/lib/python3.12/site-packages/airflow/example_dags/example_task_group.py took 0.126 seconds
[2025-11-09T22:26:09.455+0000] {processor.py:186} INFO - Started process (PID=9810) to work on /home/airflow/.local/lib/python3.12/site-packages/airflow/example_dags/example_task_group.py
[2025-11-09T22:26:09.457+0000] {processor.py:914} INFO - Processing file /home/airflow/.local/lib/python3.12/site-packages/airflow/example_dags/example_task_group.py for tasks to queue
[2025-11-09T22:26:09.464+0000] {logging_mixin.py:190} INFO - [2025-11-09T22:26:09.463+0000] {dagbag.py:588} INFO - Filling up the DagBag from /home/airflow/.local/lib/python3.12/site-packages/airflow/example_dags/example_task_group.py
[2025-11-09T22:26:09.478+0000] {processor.py:925} INFO - DAG(s) 'example_task_group' retrieved from /home/airflow/.local/lib/python3.12/site-packages/airflow/example_dags/example_task_group.py
[2025-11-09T22:26:09.522+0000] {logging_mixin.py:190} INFO - [2025-11-09T22:26:09.521+0000] {dag.py:3239} INFO - Sync 1 DAGs
[2025-11-09T22:26:09.547+0000] {logging_mixin.py:190} INFO - [2025-11-09T22:26:09.547+0000] {dag.py:4180} INFO - Setting next_dagrun for example_task_group to None, run_after=None
[2025-11-09T22:26:09.582+0000] {processor.py:208} INFO - Processing /home/airflow/.local/lib/python3.12/site-packages/airflow/example_dags/example_task_group.py took 0.136 seconds
[2025-11-09T22:26:40.217+0000] {processor.py:186} INFO - Started process (PID=9873) to work on /home/airflow/.local/lib/python3.12/site-packages/airflow/example_dags/example_task_group.py
[2025-11-09T22:26:40.219+0000] {processor.py:914} INFO - Processing file /home/airflow/.local/lib/python3.12/site-packages/airflow/example_dags/example_task_group.py for tasks to queue
[2025-11-09T22:26:40.224+0000] {logging_mixin.py:190} INFO - [2025-11-09T22:26:40.223+0000] {dagbag.py:588} INFO - Filling up the DagBag from /home/airflow/.local/lib/python3.12/site-packages/airflow/example_dags/example_task_group.py
[2025-11-09T22:26:40.238+0000] {processor.py:925} INFO - DAG(s) 'example_task_group' retrieved from /home/airflow/.local/lib/python3.12/site-packages/airflow/example_dags/example_task_group.py
[2025-11-09T22:26:40.280+0000] {logging_mixin.py:190} INFO - [2025-11-09T22:26:40.280+0000] {dag.py:3239} INFO - Sync 1 DAGs
[2025-11-09T22:26:40.306+0000] {logging_mixin.py:190} INFO - [2025-11-09T22:26:40.306+0000] {dag.py:4180} INFO - Setting next_dagrun for example_task_group to None, run_after=None
[2025-11-09T22:26:40.344+0000] {processor.py:208} INFO - Processing /home/airflow/.local/lib/python3.12/site-packages/airflow/example_dags/example_task_group.py took 0.137 seconds
[2025-11-09T22:27:10.764+0000] {processor.py:186} INFO - Started process (PID=9937) to work on /home/airflow/.local/lib/python3.12/site-packages/airflow/example_dags/example_task_group.py
[2025-11-09T22:27:10.766+0000] {processor.py:914} INFO - Processing file /home/airflow/.local/lib/python3.12/site-packages/airflow/example_dags/example_task_group.py for tasks to queue
[2025-11-09T22:27:10.771+0000] {logging_mixin.py:190} INFO - [2025-11-09T22:27:10.770+0000] {dagbag.py:588} INFO - Filling up the DagBag from /home/airflow/.local/lib/python3.12/site-packages/airflow/example_dags/example_task_group.py
[2025-11-09T22:27:10.787+0000] {processor.py:925} INFO - DAG(s) 'example_task_group' retrieved from /home/airflow/.local/lib/python3.12/site-packages/airflow/example_dags/example_task_group.py
[2025-11-09T22:27:10.827+0000] {logging_mixin.py:190} INFO - [2025-11-09T22:27:10.827+0000] {dag.py:3239} INFO - Sync 1 DAGs
[2025-11-09T22:27:10.851+0000] {logging_mixin.py:190} INFO - [2025-11-09T22:27:10.851+0000] {dag.py:4180} INFO - Setting next_dagrun for example_task_group to None, run_after=None
[2025-11-09T22:27:10.887+0000] {processor.py:208} INFO - Processing /home/airflow/.local/lib/python3.12/site-packages/airflow/example_dags/example_task_group.py took 0.134 seconds
[2025-11-09T22:27:41.099+0000] {processor.py:186} INFO - Started process (PID=10001) to work on /home/airflow/.local/lib/python3.12/site-packages/airflow/example_dags/example_task_group.py
[2025-11-09T22:27:41.101+0000] {processor.py:914} INFO - Processing file /home/airflow/.local/lib/python3.12/site-packages/airflow/example_dags/example_task_group.py for tasks to queue
[2025-11-09T22:27:41.107+0000] {logging_mixin.py:190} INFO - [2025-11-09T22:27:41.106+0000] {dagbag.py:588} INFO - Filling up the DagBag from /home/airflow/.local/lib/python3.12/site-packages/airflow/example_dags/example_task_group.py
[2025-11-09T22:27:41.128+0000] {processor.py:925} INFO - DAG(s) 'example_task_group' retrieved from /home/airflow/.local/lib/python3.12/site-packages/airflow/example_dags/example_task_group.py
[2025-11-09T22:27:41.178+0000] {logging_mixin.py:190} INFO - [2025-11-09T22:27:41.177+0000] {dag.py:3239} INFO - Sync 1 DAGs
[2025-11-09T22:27:41.209+0000] {logging_mixin.py:190} INFO - [2025-11-09T22:27:41.209+0000] {dag.py:4180} INFO - Setting next_dagrun for example_task_group to None, run_after=None
[2025-11-09T22:27:41.253+0000] {processor.py:208} INFO - Processing /home/airflow/.local/lib/python3.12/site-packages/airflow/example_dags/example_task_group.py took 0.168 seconds
[2025-11-09T22:28:11.703+0000] {processor.py:186} INFO - Started process (PID=10065) to work on /home/airflow/.local/lib/python3.12/site-packages/airflow/example_dags/example_task_group.py
[2025-11-09T22:28:11.709+0000] {processor.py:914} INFO - Processing file /home/airflow/.local/lib/python3.12/site-packages/airflow/example_dags/example_task_group.py for tasks to queue
[2025-11-09T22:28:11.719+0000] {logging_mixin.py:190} INFO - [2025-11-09T22:28:11.717+0000] {dagbag.py:588} INFO - Filling up the DagBag from /home/airflow/.local/lib/python3.12/site-packages/airflow/example_dags/example_task_group.py
[2025-11-09T22:28:11.747+0000] {processor.py:925} INFO - DAG(s) 'example_task_group' retrieved from /home/airflow/.local/lib/python3.12/site-packages/airflow/example_dags/example_task_group.py
[2025-11-09T22:28:11.828+0000] {logging_mixin.py:190} INFO - [2025-11-09T22:28:11.828+0000] {dag.py:3239} INFO - Sync 1 DAGs
[2025-11-09T22:28:11.861+0000] {logging_mixin.py:190} INFO - [2025-11-09T22:28:11.860+0000] {dag.py:4180} INFO - Setting next_dagrun for example_task_group to None, run_after=None
[2025-11-09T22:28:11.910+0000] {processor.py:208} INFO - Processing /home/airflow/.local/lib/python3.12/site-packages/airflow/example_dags/example_task_group.py took 0.228 seconds
[2025-11-09T22:28:42.363+0000] {processor.py:186} INFO - Started process (PID=10135) to work on /home/airflow/.local/lib/python3.12/site-packages/airflow/example_dags/example_task_group.py
[2025-11-09T22:28:42.368+0000] {processor.py:914} INFO - Processing file /home/airflow/.local/lib/python3.12/site-packages/airflow/example_dags/example_task_group.py for tasks to queue
[2025-11-09T22:28:42.374+0000] {logging_mixin.py:190} INFO - [2025-11-09T22:28:42.373+0000] {dagbag.py:588} INFO - Filling up the DagBag from /home/airflow/.local/lib/python3.12/site-packages/airflow/example_dags/example_task_group.py
[2025-11-09T22:28:42.399+0000] {processor.py:925} INFO - DAG(s) 'example_task_group' retrieved from /home/airflow/.local/lib/python3.12/site-packages/airflow/example_dags/example_task_group.py
[2025-11-09T22:28:42.456+0000] {logging_mixin.py:190} INFO - [2025-11-09T22:28:42.455+0000] {dag.py:3239} INFO - Sync 1 DAGs
[2025-11-09T22:28:42.494+0000] {logging_mixin.py:190} INFO - [2025-11-09T22:28:42.493+0000] {dag.py:4180} INFO - Setting next_dagrun for example_task_group to None, run_after=None
[2025-11-09T22:28:42.540+0000] {processor.py:208} INFO - Processing /home/airflow/.local/lib/python3.12/site-packages/airflow/example_dags/example_task_group.py took 0.195 seconds
[2025-11-09T22:29:12.905+0000] {processor.py:186} INFO - Started process (PID=10197) to work on /home/airflow/.local/lib/python3.12/site-packages/airflow/example_dags/example_task_group.py
[2025-11-09T22:29:12.908+0000] {processor.py:914} INFO - Processing file /home/airflow/.local/lib/python3.12/site-packages/airflow/example_dags/example_task_group.py for tasks to queue
[2025-11-09T22:29:12.925+0000] {logging_mixin.py:190} INFO - [2025-11-09T22:29:12.924+0000] {dagbag.py:588} INFO - Filling up the DagBag from /home/airflow/.local/lib/python3.12/site-packages/airflow/example_dags/example_task_group.py
[2025-11-09T22:29:12.956+0000] {processor.py:925} INFO - DAG(s) 'example_task_group' retrieved from /home/airflow/.local/lib/python3.12/site-packages/airflow/example_dags/example_task_group.py
[2025-11-09T22:29:13.007+0000] {logging_mixin.py:190} INFO - [2025-11-09T22:29:13.006+0000] {dag.py:3239} INFO - Sync 1 DAGs
[2025-11-09T22:29:13.038+0000] {logging_mixin.py:190} INFO - [2025-11-09T22:29:13.038+0000] {dag.py:4180} INFO - Setting next_dagrun for example_task_group to None, run_after=None
[2025-11-09T22:29:13.079+0000] {processor.py:208} INFO - Processing /home/airflow/.local/lib/python3.12/site-packages/airflow/example_dags/example_task_group.py took 0.190 seconds
[2025-11-09T22:29:43.173+0000] {processor.py:186} INFO - Started process (PID=10262) to work on /home/airflow/.local/lib/python3.12/site-packages/airflow/example_dags/example_task_group.py
[2025-11-09T22:29:43.175+0000] {processor.py:914} INFO - Processing file /home/airflow/.local/lib/python3.12/site-packages/airflow/example_dags/example_task_group.py for tasks to queue
[2025-11-09T22:29:43.182+0000] {logging_mixin.py:190} INFO - [2025-11-09T22:29:43.181+0000] {dagbag.py:588} INFO - Filling up the DagBag from /home/airflow/.local/lib/python3.12/site-packages/airflow/example_dags/example_task_group.py
[2025-11-09T22:29:43.198+0000] {processor.py:925} INFO - DAG(s) 'example_task_group' retrieved from /home/airflow/.local/lib/python3.12/site-packages/airflow/example_dags/example_task_group.py
[2025-11-09T22:29:43.237+0000] {logging_mixin.py:190} INFO - [2025-11-09T22:29:43.236+0000] {dag.py:3239} INFO - Sync 1 DAGs
[2025-11-09T22:29:43.264+0000] {logging_mixin.py:190} INFO - [2025-11-09T22:29:43.263+0000] {dag.py:4180} INFO - Setting next_dagrun for example_task_group to None, run_after=None
[2025-11-09T22:29:43.295+0000] {processor.py:208} INFO - Processing /home/airflow/.local/lib/python3.12/site-packages/airflow/example_dags/example_task_group.py took 0.132 seconds
[2025-11-09T22:30:13.704+0000] {processor.py:186} INFO - Started process (PID=10326) to work on /home/airflow/.local/lib/python3.12/site-packages/airflow/example_dags/example_task_group.py
[2025-11-09T22:30:13.706+0000] {processor.py:914} INFO - Processing file /home/airflow/.local/lib/python3.12/site-packages/airflow/example_dags/example_task_group.py for tasks to queue
[2025-11-09T22:30:13.714+0000] {logging_mixin.py:190} INFO - [2025-11-09T22:30:13.713+0000] {dagbag.py:588} INFO - Filling up the DagBag from /home/airflow/.local/lib/python3.12/site-packages/airflow/example_dags/example_task_group.py
[2025-11-09T22:30:13.734+0000] {processor.py:925} INFO - DAG(s) 'example_task_group' retrieved from /home/airflow/.local/lib/python3.12/site-packages/airflow/example_dags/example_task_group.py
[2025-11-09T22:30:13.780+0000] {logging_mixin.py:190} INFO - [2025-11-09T22:30:13.779+0000] {dag.py:3239} INFO - Sync 1 DAGs
[2025-11-09T22:30:13.805+0000] {logging_mixin.py:190} INFO - [2025-11-09T22:30:13.804+0000] {dag.py:4180} INFO - Setting next_dagrun for example_task_group to None, run_after=None
[2025-11-09T22:30:13.838+0000] {processor.py:208} INFO - Processing /home/airflow/.local/lib/python3.12/site-packages/airflow/example_dags/example_task_group.py took 0.144 seconds
[2025-11-09T22:30:44.028+0000] {processor.py:186} INFO - Started process (PID=10390) to work on /home/airflow/.local/lib/python3.12/site-packages/airflow/example_dags/example_task_group.py
[2025-11-09T22:30:44.030+0000] {processor.py:914} INFO - Processing file /home/airflow/.local/lib/python3.12/site-packages/airflow/example_dags/example_task_group.py for tasks to queue
[2025-11-09T22:30:44.034+0000] {logging_mixin.py:190} INFO - [2025-11-09T22:30:44.034+0000] {dagbag.py:588} INFO - Filling up the DagBag from /home/airflow/.local/lib/python3.12/site-packages/airflow/example_dags/example_task_group.py
[2025-11-09T22:30:44.051+0000] {processor.py:925} INFO - DAG(s) 'example_task_group' retrieved from /home/airflow/.local/lib/python3.12/site-packages/airflow/example_dags/example_task_group.py
[2025-11-09T22:30:44.091+0000] {logging_mixin.py:190} INFO - [2025-11-09T22:30:44.091+0000] {dag.py:3239} INFO - Sync 1 DAGs
[2025-11-09T22:30:44.117+0000] {logging_mixin.py:190} INFO - [2025-11-09T22:30:44.116+0000] {dag.py:4180} INFO - Setting next_dagrun for example_task_group to None, run_after=None
[2025-11-09T22:30:44.153+0000] {processor.py:208} INFO - Processing /home/airflow/.local/lib/python3.12/site-packages/airflow/example_dags/example_task_group.py took 0.136 seconds
[2025-11-09T22:31:14.624+0000] {processor.py:186} INFO - Started process (PID=10454) to work on /home/airflow/.local/lib/python3.12/site-packages/airflow/example_dags/example_task_group.py
[2025-11-09T22:31:14.627+0000] {processor.py:914} INFO - Processing file /home/airflow/.local/lib/python3.12/site-packages/airflow/example_dags/example_task_group.py for tasks to queue
[2025-11-09T22:31:14.633+0000] {logging_mixin.py:190} INFO - [2025-11-09T22:31:14.632+0000] {dagbag.py:588} INFO - Filling up the DagBag from /home/airflow/.local/lib/python3.12/site-packages/airflow/example_dags/example_task_group.py
[2025-11-09T22:31:14.649+0000] {processor.py:925} INFO - DAG(s) 'example_task_group' retrieved from /home/airflow/.local/lib/python3.12/site-packages/airflow/example_dags/example_task_group.py
[2025-11-09T22:31:14.692+0000] {logging_mixin.py:190} INFO - [2025-11-09T22:31:14.692+0000] {dag.py:3239} INFO - Sync 1 DAGs
[2025-11-09T22:31:14.718+0000] {logging_mixin.py:190} INFO - [2025-11-09T22:31:14.718+0000] {dag.py:4180} INFO - Setting next_dagrun for example_task_group to None, run_after=None
[2025-11-09T22:31:14.762+0000] {processor.py:208} INFO - Processing /home/airflow/.local/lib/python3.12/site-packages/airflow/example_dags/example_task_group.py took 0.153 seconds
