[2025-11-09T20:28:06.123+0000] {processor.py:186} INFO - Started process (PID=129) to work on /home/airflow/.local/lib/python3.12/site-packages/airflow/example_dags/example_kubernetes_executor.py
[2025-11-09T20:28:06.126+0000] {processor.py:914} INFO - Processing file /home/airflow/.local/lib/python3.12/site-packages/airflow/example_dags/example_kubernetes_executor.py for tasks to queue
[2025-11-09T20:28:06.133+0000] {logging_mixin.py:190} INFO - [2025-11-09T20:28:06.132+0000] {dagbag.py:588} INFO - Filling up the DagBag from /home/airflow/.local/lib/python3.12/site-packages/airflow/example_dags/example_kubernetes_executor.py
[2025-11-09T20:28:06.183+0000] {processor.py:925} INFO - DAG(s) 'example_kubernetes_executor' retrieved from /home/airflow/.local/lib/python3.12/site-packages/airflow/example_dags/example_kubernetes_executor.py
[2025-11-09T20:28:06.531+0000] {logging_mixin.py:190} INFO - [2025-11-09T20:28:06.529+0000] {override.py:1911} INFO - Created Permission View: can edit on DAG:example_kubernetes_executor
[2025-11-09T20:28:06.561+0000] {logging_mixin.py:190} INFO - [2025-11-09T20:28:06.560+0000] {override.py:1911} INFO - Created Permission View: can read on DAG:example_kubernetes_executor
[2025-11-09T20:28:06.580+0000] {logging_mixin.py:190} INFO - [2025-11-09T20:28:06.579+0000] {override.py:1911} INFO - Created Permission View: can delete on DAG:example_kubernetes_executor
[2025-11-09T20:28:06.601+0000] {logging_mixin.py:190} INFO - [2025-11-09T20:28:06.600+0000] {override.py:1911} INFO - Created Permission View: can read on DAG Run:example_kubernetes_executor
[2025-11-09T20:28:06.618+0000] {logging_mixin.py:190} INFO - [2025-11-09T20:28:06.618+0000] {override.py:1911} INFO - Created Permission View: can create on DAG Run:example_kubernetes_executor
[2025-11-09T20:28:06.636+0000] {logging_mixin.py:190} INFO - [2025-11-09T20:28:06.636+0000] {override.py:1911} INFO - Created Permission View: menu access on DAG Run:example_kubernetes_executor
[2025-11-09T20:28:06.655+0000] {logging_mixin.py:190} INFO - [2025-11-09T20:28:06.654+0000] {override.py:1911} INFO - Created Permission View: can delete on DAG Run:example_kubernetes_executor
[2025-11-09T20:28:06.656+0000] {logging_mixin.py:190} INFO - [2025-11-09T20:28:06.656+0000] {dag.py:3239} INFO - Sync 1 DAGs
[2025-11-09T20:28:06.696+0000] {logging_mixin.py:190} INFO - [2025-11-09T20:28:06.695+0000] {dag.py:3262} INFO - Creating ORM DAG for example_kubernetes_executor
[2025-11-09T20:28:06.698+0000] {logging_mixin.py:190} INFO - [2025-11-09T20:28:06.698+0000] {dag.py:4180} INFO - Setting next_dagrun for example_kubernetes_executor to None, run_after=None
[2025-11-09T20:28:06.739+0000] {processor.py:208} INFO - Processing /home/airflow/.local/lib/python3.12/site-packages/airflow/example_dags/example_kubernetes_executor.py took 0.635 seconds
[2025-11-09T20:28:37.642+0000] {processor.py:186} INFO - Started process (PID=192) to work on /home/airflow/.local/lib/python3.12/site-packages/airflow/example_dags/example_kubernetes_executor.py
[2025-11-09T20:28:37.644+0000] {processor.py:914} INFO - Processing file /home/airflow/.local/lib/python3.12/site-packages/airflow/example_dags/example_kubernetes_executor.py for tasks to queue
[2025-11-09T20:28:37.651+0000] {logging_mixin.py:190} INFO - [2025-11-09T20:28:37.650+0000] {dagbag.py:588} INFO - Filling up the DagBag from /home/airflow/.local/lib/python3.12/site-packages/airflow/example_dags/example_kubernetes_executor.py
[2025-11-09T20:28:37.680+0000] {processor.py:925} INFO - DAG(s) 'example_kubernetes_executor' retrieved from /home/airflow/.local/lib/python3.12/site-packages/airflow/example_dags/example_kubernetes_executor.py
[2025-11-09T20:28:37.760+0000] {logging_mixin.py:190} INFO - [2025-11-09T20:28:37.759+0000] {dag.py:3239} INFO - Sync 1 DAGs
[2025-11-09T20:28:37.787+0000] {logging_mixin.py:190} INFO - [2025-11-09T20:28:37.787+0000] {dag.py:4180} INFO - Setting next_dagrun for example_kubernetes_executor to None, run_after=None
[2025-11-09T20:28:37.825+0000] {processor.py:208} INFO - Processing /home/airflow/.local/lib/python3.12/site-packages/airflow/example_dags/example_kubernetes_executor.py took 0.197 seconds
[2025-11-09T20:29:07.992+0000] {processor.py:186} INFO - Started process (PID=254) to work on /home/airflow/.local/lib/python3.12/site-packages/airflow/example_dags/example_kubernetes_executor.py
[2025-11-09T20:29:07.994+0000] {processor.py:914} INFO - Processing file /home/airflow/.local/lib/python3.12/site-packages/airflow/example_dags/example_kubernetes_executor.py for tasks to queue
[2025-11-09T20:29:07.998+0000] {logging_mixin.py:190} INFO - [2025-11-09T20:29:07.998+0000] {dagbag.py:588} INFO - Filling up the DagBag from /home/airflow/.local/lib/python3.12/site-packages/airflow/example_dags/example_kubernetes_executor.py
[2025-11-09T20:29:08.023+0000] {processor.py:925} INFO - DAG(s) 'example_kubernetes_executor' retrieved from /home/airflow/.local/lib/python3.12/site-packages/airflow/example_dags/example_kubernetes_executor.py
[2025-11-09T20:29:08.083+0000] {logging_mixin.py:190} INFO - [2025-11-09T20:29:08.083+0000] {dag.py:3239} INFO - Sync 1 DAGs
[2025-11-09T20:29:08.118+0000] {logging_mixin.py:190} INFO - [2025-11-09T20:29:08.118+0000] {dag.py:4180} INFO - Setting next_dagrun for example_kubernetes_executor to None, run_after=None
[2025-11-09T20:29:08.158+0000] {processor.py:208} INFO - Processing /home/airflow/.local/lib/python3.12/site-packages/airflow/example_dags/example_kubernetes_executor.py took 0.178 seconds
[2025-11-09T20:29:39.057+0000] {processor.py:186} INFO - Started process (PID=317) to work on /home/airflow/.local/lib/python3.12/site-packages/airflow/example_dags/example_kubernetes_executor.py
[2025-11-09T20:29:39.059+0000] {processor.py:914} INFO - Processing file /home/airflow/.local/lib/python3.12/site-packages/airflow/example_dags/example_kubernetes_executor.py for tasks to queue
[2025-11-09T20:29:39.063+0000] {logging_mixin.py:190} INFO - [2025-11-09T20:29:39.063+0000] {dagbag.py:588} INFO - Filling up the DagBag from /home/airflow/.local/lib/python3.12/site-packages/airflow/example_dags/example_kubernetes_executor.py
[2025-11-09T20:29:39.092+0000] {processor.py:925} INFO - DAG(s) 'example_kubernetes_executor' retrieved from /home/airflow/.local/lib/python3.12/site-packages/airflow/example_dags/example_kubernetes_executor.py
[2025-11-09T20:29:39.170+0000] {logging_mixin.py:190} INFO - [2025-11-09T20:29:39.169+0000] {dag.py:3239} INFO - Sync 1 DAGs
[2025-11-09T20:29:39.198+0000] {logging_mixin.py:190} INFO - [2025-11-09T20:29:39.197+0000] {dag.py:4180} INFO - Setting next_dagrun for example_kubernetes_executor to None, run_after=None
[2025-11-09T20:29:39.234+0000] {processor.py:208} INFO - Processing /home/airflow/.local/lib/python3.12/site-packages/airflow/example_dags/example_kubernetes_executor.py took 0.189 seconds
[2025-11-09T20:30:09.751+0000] {processor.py:186} INFO - Started process (PID=380) to work on /home/airflow/.local/lib/python3.12/site-packages/airflow/example_dags/example_kubernetes_executor.py
[2025-11-09T20:30:09.753+0000] {processor.py:914} INFO - Processing file /home/airflow/.local/lib/python3.12/site-packages/airflow/example_dags/example_kubernetes_executor.py for tasks to queue
[2025-11-09T20:30:09.760+0000] {logging_mixin.py:190} INFO - [2025-11-09T20:30:09.759+0000] {dagbag.py:588} INFO - Filling up the DagBag from /home/airflow/.local/lib/python3.12/site-packages/airflow/example_dags/example_kubernetes_executor.py
[2025-11-09T20:30:09.796+0000] {processor.py:925} INFO - DAG(s) 'example_kubernetes_executor' retrieved from /home/airflow/.local/lib/python3.12/site-packages/airflow/example_dags/example_kubernetes_executor.py
[2025-11-09T20:30:09.871+0000] {logging_mixin.py:190} INFO - [2025-11-09T20:30:09.871+0000] {dag.py:3239} INFO - Sync 1 DAGs
[2025-11-09T20:30:09.903+0000] {logging_mixin.py:190} INFO - [2025-11-09T20:30:09.903+0000] {dag.py:4180} INFO - Setting next_dagrun for example_kubernetes_executor to None, run_after=None
[2025-11-09T20:30:09.938+0000] {processor.py:208} INFO - Processing /home/airflow/.local/lib/python3.12/site-packages/airflow/example_dags/example_kubernetes_executor.py took 0.208 seconds
[2025-11-09T20:30:40.613+0000] {processor.py:186} INFO - Started process (PID=444) to work on /home/airflow/.local/lib/python3.12/site-packages/airflow/example_dags/example_kubernetes_executor.py
[2025-11-09T20:30:40.615+0000] {processor.py:914} INFO - Processing file /home/airflow/.local/lib/python3.12/site-packages/airflow/example_dags/example_kubernetes_executor.py for tasks to queue
[2025-11-09T20:30:40.619+0000] {logging_mixin.py:190} INFO - [2025-11-09T20:30:40.618+0000] {dagbag.py:588} INFO - Filling up the DagBag from /home/airflow/.local/lib/python3.12/site-packages/airflow/example_dags/example_kubernetes_executor.py
[2025-11-09T20:30:40.640+0000] {processor.py:925} INFO - DAG(s) 'example_kubernetes_executor' retrieved from /home/airflow/.local/lib/python3.12/site-packages/airflow/example_dags/example_kubernetes_executor.py
[2025-11-09T20:30:40.714+0000] {logging_mixin.py:190} INFO - [2025-11-09T20:30:40.714+0000] {dag.py:3239} INFO - Sync 1 DAGs
[2025-11-09T20:30:40.746+0000] {logging_mixin.py:190} INFO - [2025-11-09T20:30:40.746+0000] {dag.py:4180} INFO - Setting next_dagrun for example_kubernetes_executor to None, run_after=None
[2025-11-09T20:30:40.783+0000] {processor.py:208} INFO - Processing /home/airflow/.local/lib/python3.12/site-packages/airflow/example_dags/example_kubernetes_executor.py took 0.179 seconds
[2025-11-09T20:31:11.040+0000] {processor.py:186} INFO - Started process (PID=506) to work on /home/airflow/.local/lib/python3.12/site-packages/airflow/example_dags/example_kubernetes_executor.py
[2025-11-09T20:31:11.042+0000] {processor.py:914} INFO - Processing file /home/airflow/.local/lib/python3.12/site-packages/airflow/example_dags/example_kubernetes_executor.py for tasks to queue
[2025-11-09T20:31:11.048+0000] {logging_mixin.py:190} INFO - [2025-11-09T20:31:11.047+0000] {dagbag.py:588} INFO - Filling up the DagBag from /home/airflow/.local/lib/python3.12/site-packages/airflow/example_dags/example_kubernetes_executor.py
[2025-11-09T20:31:11.071+0000] {processor.py:925} INFO - DAG(s) 'example_kubernetes_executor' retrieved from /home/airflow/.local/lib/python3.12/site-packages/airflow/example_dags/example_kubernetes_executor.py
[2025-11-09T20:31:11.129+0000] {logging_mixin.py:190} INFO - [2025-11-09T20:31:11.129+0000] {dag.py:3239} INFO - Sync 1 DAGs
[2025-11-09T20:31:11.158+0000] {logging_mixin.py:190} INFO - [2025-11-09T20:31:11.158+0000] {dag.py:4180} INFO - Setting next_dagrun for example_kubernetes_executor to None, run_after=None
[2025-11-09T20:31:11.200+0000] {processor.py:208} INFO - Processing /home/airflow/.local/lib/python3.12/site-packages/airflow/example_dags/example_kubernetes_executor.py took 0.171 seconds
[2025-11-09T20:31:41.349+0000] {processor.py:186} INFO - Started process (PID=569) to work on /home/airflow/.local/lib/python3.12/site-packages/airflow/example_dags/example_kubernetes_executor.py
[2025-11-09T20:31:41.351+0000] {processor.py:914} INFO - Processing file /home/airflow/.local/lib/python3.12/site-packages/airflow/example_dags/example_kubernetes_executor.py for tasks to queue
[2025-11-09T20:31:41.356+0000] {logging_mixin.py:190} INFO - [2025-11-09T20:31:41.355+0000] {dagbag.py:588} INFO - Filling up the DagBag from /home/airflow/.local/lib/python3.12/site-packages/airflow/example_dags/example_kubernetes_executor.py
[2025-11-09T20:31:41.379+0000] {processor.py:925} INFO - DAG(s) 'example_kubernetes_executor' retrieved from /home/airflow/.local/lib/python3.12/site-packages/airflow/example_dags/example_kubernetes_executor.py
[2025-11-09T20:31:41.448+0000] {logging_mixin.py:190} INFO - [2025-11-09T20:31:41.447+0000] {dag.py:3239} INFO - Sync 1 DAGs
[2025-11-09T20:31:41.472+0000] {logging_mixin.py:190} INFO - [2025-11-09T20:31:41.472+0000] {dag.py:4180} INFO - Setting next_dagrun for example_kubernetes_executor to None, run_after=None
[2025-11-09T20:31:41.508+0000] {processor.py:208} INFO - Processing /home/airflow/.local/lib/python3.12/site-packages/airflow/example_dags/example_kubernetes_executor.py took 0.169 seconds
[2025-11-09T20:32:12.132+0000] {processor.py:186} INFO - Started process (PID=631) to work on /home/airflow/.local/lib/python3.12/site-packages/airflow/example_dags/example_kubernetes_executor.py
[2025-11-09T20:32:12.134+0000] {processor.py:914} INFO - Processing file /home/airflow/.local/lib/python3.12/site-packages/airflow/example_dags/example_kubernetes_executor.py for tasks to queue
[2025-11-09T20:32:12.144+0000] {logging_mixin.py:190} INFO - [2025-11-09T20:32:12.143+0000] {dagbag.py:588} INFO - Filling up the DagBag from /home/airflow/.local/lib/python3.12/site-packages/airflow/example_dags/example_kubernetes_executor.py
[2025-11-09T20:32:12.174+0000] {processor.py:925} INFO - DAG(s) 'example_kubernetes_executor' retrieved from /home/airflow/.local/lib/python3.12/site-packages/airflow/example_dags/example_kubernetes_executor.py
[2025-11-09T20:32:12.240+0000] {logging_mixin.py:190} INFO - [2025-11-09T20:32:12.240+0000] {dag.py:3239} INFO - Sync 1 DAGs
[2025-11-09T20:32:12.268+0000] {logging_mixin.py:190} INFO - [2025-11-09T20:32:12.268+0000] {dag.py:4180} INFO - Setting next_dagrun for example_kubernetes_executor to None, run_after=None
[2025-11-09T20:32:12.303+0000] {processor.py:208} INFO - Processing /home/airflow/.local/lib/python3.12/site-packages/airflow/example_dags/example_kubernetes_executor.py took 0.183 seconds
[2025-11-09T20:32:42.511+0000] {processor.py:186} INFO - Started process (PID=694) to work on /home/airflow/.local/lib/python3.12/site-packages/airflow/example_dags/example_kubernetes_executor.py
[2025-11-09T20:32:42.513+0000] {processor.py:914} INFO - Processing file /home/airflow/.local/lib/python3.12/site-packages/airflow/example_dags/example_kubernetes_executor.py for tasks to queue
[2025-11-09T20:32:42.519+0000] {logging_mixin.py:190} INFO - [2025-11-09T20:32:42.518+0000] {dagbag.py:588} INFO - Filling up the DagBag from /home/airflow/.local/lib/python3.12/site-packages/airflow/example_dags/example_kubernetes_executor.py
[2025-11-09T20:32:42.540+0000] {processor.py:925} INFO - DAG(s) 'example_kubernetes_executor' retrieved from /home/airflow/.local/lib/python3.12/site-packages/airflow/example_dags/example_kubernetes_executor.py
[2025-11-09T20:32:42.603+0000] {logging_mixin.py:190} INFO - [2025-11-09T20:32:42.603+0000] {dag.py:3239} INFO - Sync 1 DAGs
[2025-11-09T20:32:42.628+0000] {logging_mixin.py:190} INFO - [2025-11-09T20:32:42.628+0000] {dag.py:4180} INFO - Setting next_dagrun for example_kubernetes_executor to None, run_after=None
[2025-11-09T20:32:42.665+0000] {processor.py:208} INFO - Processing /home/airflow/.local/lib/python3.12/site-packages/airflow/example_dags/example_kubernetes_executor.py took 0.165 seconds
[2025-11-09T20:33:12.814+0000] {processor.py:186} INFO - Started process (PID=757) to work on /home/airflow/.local/lib/python3.12/site-packages/airflow/example_dags/example_kubernetes_executor.py
[2025-11-09T20:33:12.816+0000] {processor.py:914} INFO - Processing file /home/airflow/.local/lib/python3.12/site-packages/airflow/example_dags/example_kubernetes_executor.py for tasks to queue
[2025-11-09T20:33:12.821+0000] {logging_mixin.py:190} INFO - [2025-11-09T20:33:12.820+0000] {dagbag.py:588} INFO - Filling up the DagBag from /home/airflow/.local/lib/python3.12/site-packages/airflow/example_dags/example_kubernetes_executor.py
[2025-11-09T20:33:12.844+0000] {processor.py:925} INFO - DAG(s) 'example_kubernetes_executor' retrieved from /home/airflow/.local/lib/python3.12/site-packages/airflow/example_dags/example_kubernetes_executor.py
[2025-11-09T20:33:12.903+0000] {logging_mixin.py:190} INFO - [2025-11-09T20:33:12.903+0000] {dag.py:3239} INFO - Sync 1 DAGs
[2025-11-09T20:33:12.930+0000] {logging_mixin.py:190} INFO - [2025-11-09T20:33:12.930+0000] {dag.py:4180} INFO - Setting next_dagrun for example_kubernetes_executor to None, run_after=None
[2025-11-09T20:33:12.961+0000] {processor.py:208} INFO - Processing /home/airflow/.local/lib/python3.12/site-packages/airflow/example_dags/example_kubernetes_executor.py took 0.157 seconds
[2025-11-09T20:33:43.572+0000] {processor.py:186} INFO - Started process (PID=820) to work on /home/airflow/.local/lib/python3.12/site-packages/airflow/example_dags/example_kubernetes_executor.py
[2025-11-09T20:33:43.574+0000] {processor.py:914} INFO - Processing file /home/airflow/.local/lib/python3.12/site-packages/airflow/example_dags/example_kubernetes_executor.py for tasks to queue
[2025-11-09T20:33:43.579+0000] {logging_mixin.py:190} INFO - [2025-11-09T20:33:43.578+0000] {dagbag.py:588} INFO - Filling up the DagBag from /home/airflow/.local/lib/python3.12/site-packages/airflow/example_dags/example_kubernetes_executor.py
[2025-11-09T20:33:43.601+0000] {processor.py:925} INFO - DAG(s) 'example_kubernetes_executor' retrieved from /home/airflow/.local/lib/python3.12/site-packages/airflow/example_dags/example_kubernetes_executor.py
[2025-11-09T20:33:43.664+0000] {logging_mixin.py:190} INFO - [2025-11-09T20:33:43.664+0000] {dag.py:3239} INFO - Sync 1 DAGs
[2025-11-09T20:33:43.692+0000] {logging_mixin.py:190} INFO - [2025-11-09T20:33:43.692+0000] {dag.py:4180} INFO - Setting next_dagrun for example_kubernetes_executor to None, run_after=None
[2025-11-09T20:33:43.725+0000] {processor.py:208} INFO - Processing /home/airflow/.local/lib/python3.12/site-packages/airflow/example_dags/example_kubernetes_executor.py took 0.162 seconds
[2025-11-09T20:34:14.537+0000] {processor.py:186} INFO - Started process (PID=883) to work on /home/airflow/.local/lib/python3.12/site-packages/airflow/example_dags/example_kubernetes_executor.py
[2025-11-09T20:34:14.539+0000] {processor.py:914} INFO - Processing file /home/airflow/.local/lib/python3.12/site-packages/airflow/example_dags/example_kubernetes_executor.py for tasks to queue
[2025-11-09T20:34:14.544+0000] {logging_mixin.py:190} INFO - [2025-11-09T20:34:14.544+0000] {dagbag.py:588} INFO - Filling up the DagBag from /home/airflow/.local/lib/python3.12/site-packages/airflow/example_dags/example_kubernetes_executor.py
[2025-11-09T20:34:14.569+0000] {processor.py:925} INFO - DAG(s) 'example_kubernetes_executor' retrieved from /home/airflow/.local/lib/python3.12/site-packages/airflow/example_dags/example_kubernetes_executor.py
[2025-11-09T20:34:14.632+0000] {logging_mixin.py:190} INFO - [2025-11-09T20:34:14.632+0000] {dag.py:3239} INFO - Sync 1 DAGs
[2025-11-09T20:34:14.656+0000] {logging_mixin.py:190} INFO - [2025-11-09T20:34:14.656+0000] {dag.py:4180} INFO - Setting next_dagrun for example_kubernetes_executor to None, run_after=None
[2025-11-09T20:34:14.699+0000] {processor.py:208} INFO - Processing /home/airflow/.local/lib/python3.12/site-packages/airflow/example_dags/example_kubernetes_executor.py took 0.172 seconds
[2025-11-09T20:34:45.204+0000] {processor.py:186} INFO - Started process (PID=946) to work on /home/airflow/.local/lib/python3.12/site-packages/airflow/example_dags/example_kubernetes_executor.py
[2025-11-09T20:34:45.209+0000] {processor.py:914} INFO - Processing file /home/airflow/.local/lib/python3.12/site-packages/airflow/example_dags/example_kubernetes_executor.py for tasks to queue
[2025-11-09T20:34:45.215+0000] {logging_mixin.py:190} INFO - [2025-11-09T20:34:45.214+0000] {dagbag.py:588} INFO - Filling up the DagBag from /home/airflow/.local/lib/python3.12/site-packages/airflow/example_dags/example_kubernetes_executor.py
[2025-11-09T20:34:45.263+0000] {processor.py:925} INFO - DAG(s) 'example_kubernetes_executor' retrieved from /home/airflow/.local/lib/python3.12/site-packages/airflow/example_dags/example_kubernetes_executor.py
[2025-11-09T20:34:45.338+0000] {logging_mixin.py:190} INFO - [2025-11-09T20:34:45.337+0000] {dag.py:3239} INFO - Sync 1 DAGs
[2025-11-09T20:34:45.367+0000] {logging_mixin.py:190} INFO - [2025-11-09T20:34:45.367+0000] {dag.py:4180} INFO - Setting next_dagrun for example_kubernetes_executor to None, run_after=None
[2025-11-09T20:34:45.402+0000] {processor.py:208} INFO - Processing /home/airflow/.local/lib/python3.12/site-packages/airflow/example_dags/example_kubernetes_executor.py took 0.222 seconds
[2025-11-09T20:35:15.490+0000] {processor.py:186} INFO - Started process (PID=1009) to work on /home/airflow/.local/lib/python3.12/site-packages/airflow/example_dags/example_kubernetes_executor.py
[2025-11-09T20:35:15.492+0000] {processor.py:914} INFO - Processing file /home/airflow/.local/lib/python3.12/site-packages/airflow/example_dags/example_kubernetes_executor.py for tasks to queue
[2025-11-09T20:35:15.497+0000] {logging_mixin.py:190} INFO - [2025-11-09T20:35:15.496+0000] {dagbag.py:588} INFO - Filling up the DagBag from /home/airflow/.local/lib/python3.12/site-packages/airflow/example_dags/example_kubernetes_executor.py
[2025-11-09T20:35:15.521+0000] {processor.py:925} INFO - DAG(s) 'example_kubernetes_executor' retrieved from /home/airflow/.local/lib/python3.12/site-packages/airflow/example_dags/example_kubernetes_executor.py
[2025-11-09T20:35:15.602+0000] {logging_mixin.py:190} INFO - [2025-11-09T20:35:15.601+0000] {dag.py:3239} INFO - Sync 1 DAGs
[2025-11-09T20:35:15.633+0000] {logging_mixin.py:190} INFO - [2025-11-09T20:35:15.632+0000] {dag.py:4180} INFO - Setting next_dagrun for example_kubernetes_executor to None, run_after=None
[2025-11-09T20:35:15.676+0000] {processor.py:208} INFO - Processing /home/airflow/.local/lib/python3.12/site-packages/airflow/example_dags/example_kubernetes_executor.py took 0.196 seconds
[2025-11-09T20:35:46.113+0000] {processor.py:186} INFO - Started process (PID=1072) to work on /home/airflow/.local/lib/python3.12/site-packages/airflow/example_dags/example_kubernetes_executor.py
[2025-11-09T20:35:46.115+0000] {processor.py:914} INFO - Processing file /home/airflow/.local/lib/python3.12/site-packages/airflow/example_dags/example_kubernetes_executor.py for tasks to queue
[2025-11-09T20:35:46.119+0000] {logging_mixin.py:190} INFO - [2025-11-09T20:35:46.119+0000] {dagbag.py:588} INFO - Filling up the DagBag from /home/airflow/.local/lib/python3.12/site-packages/airflow/example_dags/example_kubernetes_executor.py
[2025-11-09T20:35:46.141+0000] {processor.py:925} INFO - DAG(s) 'example_kubernetes_executor' retrieved from /home/airflow/.local/lib/python3.12/site-packages/airflow/example_dags/example_kubernetes_executor.py
[2025-11-09T20:35:46.203+0000] {logging_mixin.py:190} INFO - [2025-11-09T20:35:46.202+0000] {dag.py:3239} INFO - Sync 1 DAGs
[2025-11-09T20:35:46.228+0000] {logging_mixin.py:190} INFO - [2025-11-09T20:35:46.228+0000] {dag.py:4180} INFO - Setting next_dagrun for example_kubernetes_executor to None, run_after=None
[2025-11-09T20:35:46.260+0000] {processor.py:208} INFO - Processing /home/airflow/.local/lib/python3.12/site-packages/airflow/example_dags/example_kubernetes_executor.py took 0.157 seconds
[2025-11-09T20:36:16.404+0000] {processor.py:186} INFO - Started process (PID=1135) to work on /home/airflow/.local/lib/python3.12/site-packages/airflow/example_dags/example_kubernetes_executor.py
[2025-11-09T20:36:16.407+0000] {processor.py:914} INFO - Processing file /home/airflow/.local/lib/python3.12/site-packages/airflow/example_dags/example_kubernetes_executor.py for tasks to queue
[2025-11-09T20:36:16.414+0000] {logging_mixin.py:190} INFO - [2025-11-09T20:36:16.413+0000] {dagbag.py:588} INFO - Filling up the DagBag from /home/airflow/.local/lib/python3.12/site-packages/airflow/example_dags/example_kubernetes_executor.py
[2025-11-09T20:36:16.449+0000] {processor.py:925} INFO - DAG(s) 'example_kubernetes_executor' retrieved from /home/airflow/.local/lib/python3.12/site-packages/airflow/example_dags/example_kubernetes_executor.py
[2025-11-09T20:36:16.555+0000] {logging_mixin.py:190} INFO - [2025-11-09T20:36:16.554+0000] {dag.py:3239} INFO - Sync 1 DAGs
[2025-11-09T20:36:16.592+0000] {logging_mixin.py:190} INFO - [2025-11-09T20:36:16.592+0000] {dag.py:4180} INFO - Setting next_dagrun for example_kubernetes_executor to None, run_after=None
[2025-11-09T20:36:16.638+0000] {processor.py:208} INFO - Processing /home/airflow/.local/lib/python3.12/site-packages/airflow/example_dags/example_kubernetes_executor.py took 0.250 seconds
[2025-11-09T20:36:46.908+0000] {processor.py:186} INFO - Started process (PID=1197) to work on /home/airflow/.local/lib/python3.12/site-packages/airflow/example_dags/example_kubernetes_executor.py
[2025-11-09T20:36:46.910+0000] {processor.py:914} INFO - Processing file /home/airflow/.local/lib/python3.12/site-packages/airflow/example_dags/example_kubernetes_executor.py for tasks to queue
[2025-11-09T20:36:46.915+0000] {logging_mixin.py:190} INFO - [2025-11-09T20:36:46.914+0000] {dagbag.py:588} INFO - Filling up the DagBag from /home/airflow/.local/lib/python3.12/site-packages/airflow/example_dags/example_kubernetes_executor.py
[2025-11-09T20:36:46.941+0000] {processor.py:925} INFO - DAG(s) 'example_kubernetes_executor' retrieved from /home/airflow/.local/lib/python3.12/site-packages/airflow/example_dags/example_kubernetes_executor.py
[2025-11-09T20:36:47.007+0000] {logging_mixin.py:190} INFO - [2025-11-09T20:36:47.006+0000] {dag.py:3239} INFO - Sync 1 DAGs
[2025-11-09T20:36:47.030+0000] {logging_mixin.py:190} INFO - [2025-11-09T20:36:47.029+0000] {dag.py:4180} INFO - Setting next_dagrun for example_kubernetes_executor to None, run_after=None
[2025-11-09T20:36:47.069+0000] {processor.py:208} INFO - Processing /home/airflow/.local/lib/python3.12/site-packages/airflow/example_dags/example_kubernetes_executor.py took 0.171 seconds
[2025-11-09T20:37:17.322+0000] {processor.py:186} INFO - Started process (PID=1261) to work on /home/airflow/.local/lib/python3.12/site-packages/airflow/example_dags/example_kubernetes_executor.py
[2025-11-09T20:37:17.324+0000] {processor.py:914} INFO - Processing file /home/airflow/.local/lib/python3.12/site-packages/airflow/example_dags/example_kubernetes_executor.py for tasks to queue
[2025-11-09T20:37:17.328+0000] {logging_mixin.py:190} INFO - [2025-11-09T20:37:17.328+0000] {dagbag.py:588} INFO - Filling up the DagBag from /home/airflow/.local/lib/python3.12/site-packages/airflow/example_dags/example_kubernetes_executor.py
[2025-11-09T20:37:17.349+0000] {processor.py:925} INFO - DAG(s) 'example_kubernetes_executor' retrieved from /home/airflow/.local/lib/python3.12/site-packages/airflow/example_dags/example_kubernetes_executor.py
[2025-11-09T20:37:17.416+0000] {logging_mixin.py:190} INFO - [2025-11-09T20:37:17.416+0000] {dag.py:3239} INFO - Sync 1 DAGs
[2025-11-09T20:37:17.439+0000] {logging_mixin.py:190} INFO - [2025-11-09T20:37:17.439+0000] {dag.py:4180} INFO - Setting next_dagrun for example_kubernetes_executor to None, run_after=None
[2025-11-09T20:37:17.468+0000] {processor.py:208} INFO - Processing /home/airflow/.local/lib/python3.12/site-packages/airflow/example_dags/example_kubernetes_executor.py took 0.157 seconds
[2025-11-09T20:37:47.878+0000] {processor.py:186} INFO - Started process (PID=1324) to work on /home/airflow/.local/lib/python3.12/site-packages/airflow/example_dags/example_kubernetes_executor.py
[2025-11-09T20:37:47.880+0000] {processor.py:914} INFO - Processing file /home/airflow/.local/lib/python3.12/site-packages/airflow/example_dags/example_kubernetes_executor.py for tasks to queue
[2025-11-09T20:37:47.885+0000] {logging_mixin.py:190} INFO - [2025-11-09T20:37:47.884+0000] {dagbag.py:588} INFO - Filling up the DagBag from /home/airflow/.local/lib/python3.12/site-packages/airflow/example_dags/example_kubernetes_executor.py
[2025-11-09T20:37:47.908+0000] {processor.py:925} INFO - DAG(s) 'example_kubernetes_executor' retrieved from /home/airflow/.local/lib/python3.12/site-packages/airflow/example_dags/example_kubernetes_executor.py
[2025-11-09T20:37:47.969+0000] {logging_mixin.py:190} INFO - [2025-11-09T20:37:47.968+0000] {dag.py:3239} INFO - Sync 1 DAGs
[2025-11-09T20:37:47.994+0000] {logging_mixin.py:190} INFO - [2025-11-09T20:37:47.993+0000] {dag.py:4180} INFO - Setting next_dagrun for example_kubernetes_executor to None, run_after=None
[2025-11-09T20:37:48.025+0000] {processor.py:208} INFO - Processing /home/airflow/.local/lib/python3.12/site-packages/airflow/example_dags/example_kubernetes_executor.py took 0.157 seconds
[2025-11-09T20:38:18.495+0000] {processor.py:186} INFO - Started process (PID=1387) to work on /home/airflow/.local/lib/python3.12/site-packages/airflow/example_dags/example_kubernetes_executor.py
[2025-11-09T20:38:18.497+0000] {processor.py:914} INFO - Processing file /home/airflow/.local/lib/python3.12/site-packages/airflow/example_dags/example_kubernetes_executor.py for tasks to queue
[2025-11-09T20:38:18.501+0000] {logging_mixin.py:190} INFO - [2025-11-09T20:38:18.500+0000] {dagbag.py:588} INFO - Filling up the DagBag from /home/airflow/.local/lib/python3.12/site-packages/airflow/example_dags/example_kubernetes_executor.py
[2025-11-09T20:38:18.525+0000] {processor.py:925} INFO - DAG(s) 'example_kubernetes_executor' retrieved from /home/airflow/.local/lib/python3.12/site-packages/airflow/example_dags/example_kubernetes_executor.py
[2025-11-09T20:38:18.601+0000] {logging_mixin.py:190} INFO - [2025-11-09T20:38:18.601+0000] {dag.py:3239} INFO - Sync 1 DAGs
[2025-11-09T20:38:18.628+0000] {logging_mixin.py:190} INFO - [2025-11-09T20:38:18.628+0000] {dag.py:4180} INFO - Setting next_dagrun for example_kubernetes_executor to None, run_after=None
[2025-11-09T20:38:18.660+0000] {processor.py:208} INFO - Processing /home/airflow/.local/lib/python3.12/site-packages/airflow/example_dags/example_kubernetes_executor.py took 0.176 seconds
[2025-11-09T20:38:48.920+0000] {processor.py:186} INFO - Started process (PID=1450) to work on /home/airflow/.local/lib/python3.12/site-packages/airflow/example_dags/example_kubernetes_executor.py
[2025-11-09T20:38:48.922+0000] {processor.py:914} INFO - Processing file /home/airflow/.local/lib/python3.12/site-packages/airflow/example_dags/example_kubernetes_executor.py for tasks to queue
[2025-11-09T20:38:48.928+0000] {logging_mixin.py:190} INFO - [2025-11-09T20:38:48.927+0000] {dagbag.py:588} INFO - Filling up the DagBag from /home/airflow/.local/lib/python3.12/site-packages/airflow/example_dags/example_kubernetes_executor.py
[2025-11-09T20:38:48.957+0000] {processor.py:925} INFO - DAG(s) 'example_kubernetes_executor' retrieved from /home/airflow/.local/lib/python3.12/site-packages/airflow/example_dags/example_kubernetes_executor.py
[2025-11-09T20:38:49.036+0000] {logging_mixin.py:190} INFO - [2025-11-09T20:38:49.036+0000] {dag.py:3239} INFO - Sync 1 DAGs
[2025-11-09T20:38:49.061+0000] {logging_mixin.py:190} INFO - [2025-11-09T20:38:49.061+0000] {dag.py:4180} INFO - Setting next_dagrun for example_kubernetes_executor to None, run_after=None
[2025-11-09T20:38:49.097+0000] {processor.py:208} INFO - Processing /home/airflow/.local/lib/python3.12/site-packages/airflow/example_dags/example_kubernetes_executor.py took 0.191 seconds
[2025-11-09T20:39:19.469+0000] {processor.py:186} INFO - Started process (PID=1513) to work on /home/airflow/.local/lib/python3.12/site-packages/airflow/example_dags/example_kubernetes_executor.py
[2025-11-09T20:39:19.470+0000] {processor.py:914} INFO - Processing file /home/airflow/.local/lib/python3.12/site-packages/airflow/example_dags/example_kubernetes_executor.py for tasks to queue
[2025-11-09T20:39:19.476+0000] {logging_mixin.py:190} INFO - [2025-11-09T20:39:19.475+0000] {dagbag.py:588} INFO - Filling up the DagBag from /home/airflow/.local/lib/python3.12/site-packages/airflow/example_dags/example_kubernetes_executor.py
[2025-11-09T20:39:19.511+0000] {processor.py:925} INFO - DAG(s) 'example_kubernetes_executor' retrieved from /home/airflow/.local/lib/python3.12/site-packages/airflow/example_dags/example_kubernetes_executor.py
[2025-11-09T20:39:19.610+0000] {logging_mixin.py:190} INFO - [2025-11-09T20:39:19.609+0000] {dag.py:3239} INFO - Sync 1 DAGs
[2025-11-09T20:39:19.651+0000] {logging_mixin.py:190} INFO - [2025-11-09T20:39:19.651+0000] {dag.py:4180} INFO - Setting next_dagrun for example_kubernetes_executor to None, run_after=None
[2025-11-09T20:39:19.703+0000] {processor.py:208} INFO - Processing /home/airflow/.local/lib/python3.12/site-packages/airflow/example_dags/example_kubernetes_executor.py took 0.247 seconds
[2025-11-09T20:39:49.906+0000] {processor.py:186} INFO - Started process (PID=1576) to work on /home/airflow/.local/lib/python3.12/site-packages/airflow/example_dags/example_kubernetes_executor.py
[2025-11-09T20:39:49.908+0000] {processor.py:914} INFO - Processing file /home/airflow/.local/lib/python3.12/site-packages/airflow/example_dags/example_kubernetes_executor.py for tasks to queue
[2025-11-09T20:39:49.913+0000] {logging_mixin.py:190} INFO - [2025-11-09T20:39:49.913+0000] {dagbag.py:588} INFO - Filling up the DagBag from /home/airflow/.local/lib/python3.12/site-packages/airflow/example_dags/example_kubernetes_executor.py
[2025-11-09T20:39:49.935+0000] {processor.py:925} INFO - DAG(s) 'example_kubernetes_executor' retrieved from /home/airflow/.local/lib/python3.12/site-packages/airflow/example_dags/example_kubernetes_executor.py
[2025-11-09T20:39:50.004+0000] {logging_mixin.py:190} INFO - [2025-11-09T20:39:50.003+0000] {dag.py:3239} INFO - Sync 1 DAGs
[2025-11-09T20:39:50.026+0000] {logging_mixin.py:190} INFO - [2025-11-09T20:39:50.026+0000] {dag.py:4180} INFO - Setting next_dagrun for example_kubernetes_executor to None, run_after=None
[2025-11-09T20:39:50.058+0000] {processor.py:208} INFO - Processing /home/airflow/.local/lib/python3.12/site-packages/airflow/example_dags/example_kubernetes_executor.py took 0.162 seconds
[2025-11-09T20:40:20.531+0000] {processor.py:186} INFO - Started process (PID=1639) to work on /home/airflow/.local/lib/python3.12/site-packages/airflow/example_dags/example_kubernetes_executor.py
[2025-11-09T20:40:20.532+0000] {processor.py:914} INFO - Processing file /home/airflow/.local/lib/python3.12/site-packages/airflow/example_dags/example_kubernetes_executor.py for tasks to queue
[2025-11-09T20:40:20.537+0000] {logging_mixin.py:190} INFO - [2025-11-09T20:40:20.536+0000] {dagbag.py:588} INFO - Filling up the DagBag from /home/airflow/.local/lib/python3.12/site-packages/airflow/example_dags/example_kubernetes_executor.py
[2025-11-09T20:40:20.558+0000] {processor.py:925} INFO - DAG(s) 'example_kubernetes_executor' retrieved from /home/airflow/.local/lib/python3.12/site-packages/airflow/example_dags/example_kubernetes_executor.py
[2025-11-09T20:40:20.621+0000] {logging_mixin.py:190} INFO - [2025-11-09T20:40:20.621+0000] {dag.py:3239} INFO - Sync 1 DAGs
[2025-11-09T20:40:20.643+0000] {logging_mixin.py:190} INFO - [2025-11-09T20:40:20.643+0000] {dag.py:4180} INFO - Setting next_dagrun for example_kubernetes_executor to None, run_after=None
[2025-11-09T20:40:20.677+0000] {processor.py:208} INFO - Processing /home/airflow/.local/lib/python3.12/site-packages/airflow/example_dags/example_kubernetes_executor.py took 0.156 seconds
[2025-11-09T20:40:51.394+0000] {processor.py:186} INFO - Started process (PID=1702) to work on /home/airflow/.local/lib/python3.12/site-packages/airflow/example_dags/example_kubernetes_executor.py
[2025-11-09T20:40:51.396+0000] {processor.py:914} INFO - Processing file /home/airflow/.local/lib/python3.12/site-packages/airflow/example_dags/example_kubernetes_executor.py for tasks to queue
[2025-11-09T20:40:51.401+0000] {logging_mixin.py:190} INFO - [2025-11-09T20:40:51.400+0000] {dagbag.py:588} INFO - Filling up the DagBag from /home/airflow/.local/lib/python3.12/site-packages/airflow/example_dags/example_kubernetes_executor.py
[2025-11-09T20:40:51.428+0000] {processor.py:925} INFO - DAG(s) 'example_kubernetes_executor' retrieved from /home/airflow/.local/lib/python3.12/site-packages/airflow/example_dags/example_kubernetes_executor.py
[2025-11-09T20:40:51.499+0000] {logging_mixin.py:190} INFO - [2025-11-09T20:40:51.499+0000] {dag.py:3239} INFO - Sync 1 DAGs
[2025-11-09T20:40:51.528+0000] {logging_mixin.py:190} INFO - [2025-11-09T20:40:51.528+0000] {dag.py:4180} INFO - Setting next_dagrun for example_kubernetes_executor to None, run_after=None
[2025-11-09T20:40:51.572+0000] {processor.py:208} INFO - Processing /home/airflow/.local/lib/python3.12/site-packages/airflow/example_dags/example_kubernetes_executor.py took 0.189 seconds
[2025-11-09T20:41:21.962+0000] {processor.py:186} INFO - Started process (PID=1765) to work on /home/airflow/.local/lib/python3.12/site-packages/airflow/example_dags/example_kubernetes_executor.py
[2025-11-09T20:41:21.964+0000] {processor.py:914} INFO - Processing file /home/airflow/.local/lib/python3.12/site-packages/airflow/example_dags/example_kubernetes_executor.py for tasks to queue
[2025-11-09T20:41:21.970+0000] {logging_mixin.py:190} INFO - [2025-11-09T20:41:21.969+0000] {dagbag.py:588} INFO - Filling up the DagBag from /home/airflow/.local/lib/python3.12/site-packages/airflow/example_dags/example_kubernetes_executor.py
[2025-11-09T20:41:21.999+0000] {processor.py:925} INFO - DAG(s) 'example_kubernetes_executor' retrieved from /home/airflow/.local/lib/python3.12/site-packages/airflow/example_dags/example_kubernetes_executor.py
[2025-11-09T20:41:22.082+0000] {logging_mixin.py:190} INFO - [2025-11-09T20:41:22.081+0000] {dag.py:3239} INFO - Sync 1 DAGs
[2025-11-09T20:41:22.125+0000] {logging_mixin.py:190} INFO - [2025-11-09T20:41:22.125+0000] {dag.py:4180} INFO - Setting next_dagrun for example_kubernetes_executor to None, run_after=None
[2025-11-09T20:41:22.163+0000] {processor.py:208} INFO - Processing /home/airflow/.local/lib/python3.12/site-packages/airflow/example_dags/example_kubernetes_executor.py took 0.212 seconds
[2025-11-09T20:41:52.915+0000] {processor.py:186} INFO - Started process (PID=1828) to work on /home/airflow/.local/lib/python3.12/site-packages/airflow/example_dags/example_kubernetes_executor.py
[2025-11-09T20:41:52.917+0000] {processor.py:914} INFO - Processing file /home/airflow/.local/lib/python3.12/site-packages/airflow/example_dags/example_kubernetes_executor.py for tasks to queue
[2025-11-09T20:41:52.926+0000] {logging_mixin.py:190} INFO - [2025-11-09T20:41:52.923+0000] {dagbag.py:588} INFO - Filling up the DagBag from /home/airflow/.local/lib/python3.12/site-packages/airflow/example_dags/example_kubernetes_executor.py
[2025-11-09T20:41:52.971+0000] {processor.py:925} INFO - DAG(s) 'example_kubernetes_executor' retrieved from /home/airflow/.local/lib/python3.12/site-packages/airflow/example_dags/example_kubernetes_executor.py
[2025-11-09T20:41:53.068+0000] {logging_mixin.py:190} INFO - [2025-11-09T20:41:53.067+0000] {dag.py:3239} INFO - Sync 1 DAGs
[2025-11-09T20:41:53.107+0000] {logging_mixin.py:190} INFO - [2025-11-09T20:41:53.107+0000] {dag.py:4180} INFO - Setting next_dagrun for example_kubernetes_executor to None, run_after=None
[2025-11-09T20:41:53.169+0000] {processor.py:208} INFO - Processing /home/airflow/.local/lib/python3.12/site-packages/airflow/example_dags/example_kubernetes_executor.py took 0.269 seconds
[2025-11-09T20:42:24.118+0000] {processor.py:186} INFO - Started process (PID=1891) to work on /home/airflow/.local/lib/python3.12/site-packages/airflow/example_dags/example_kubernetes_executor.py
[2025-11-09T20:42:24.121+0000] {processor.py:914} INFO - Processing file /home/airflow/.local/lib/python3.12/site-packages/airflow/example_dags/example_kubernetes_executor.py for tasks to queue
[2025-11-09T20:42:24.126+0000] {logging_mixin.py:190} INFO - [2025-11-09T20:42:24.125+0000] {dagbag.py:588} INFO - Filling up the DagBag from /home/airflow/.local/lib/python3.12/site-packages/airflow/example_dags/example_kubernetes_executor.py
[2025-11-09T20:42:24.173+0000] {processor.py:925} INFO - DAG(s) 'example_kubernetes_executor' retrieved from /home/airflow/.local/lib/python3.12/site-packages/airflow/example_dags/example_kubernetes_executor.py
[2025-11-09T20:42:24.271+0000] {logging_mixin.py:190} INFO - [2025-11-09T20:42:24.271+0000] {dag.py:3239} INFO - Sync 1 DAGs
[2025-11-09T20:42:24.310+0000] {logging_mixin.py:190} INFO - [2025-11-09T20:42:24.309+0000] {dag.py:4180} INFO - Setting next_dagrun for example_kubernetes_executor to None, run_after=None
[2025-11-09T20:42:24.360+0000] {processor.py:208} INFO - Processing /home/airflow/.local/lib/python3.12/site-packages/airflow/example_dags/example_kubernetes_executor.py took 0.259 seconds
[2025-11-09T20:42:55.182+0000] {processor.py:186} INFO - Started process (PID=1956) to work on /home/airflow/.local/lib/python3.12/site-packages/airflow/example_dags/example_kubernetes_executor.py
[2025-11-09T20:42:55.184+0000] {processor.py:914} INFO - Processing file /home/airflow/.local/lib/python3.12/site-packages/airflow/example_dags/example_kubernetes_executor.py for tasks to queue
[2025-11-09T20:42:55.190+0000] {logging_mixin.py:190} INFO - [2025-11-09T20:42:55.189+0000] {dagbag.py:588} INFO - Filling up the DagBag from /home/airflow/.local/lib/python3.12/site-packages/airflow/example_dags/example_kubernetes_executor.py
[2025-11-09T20:42:55.225+0000] {processor.py:925} INFO - DAG(s) 'example_kubernetes_executor' retrieved from /home/airflow/.local/lib/python3.12/site-packages/airflow/example_dags/example_kubernetes_executor.py
[2025-11-09T20:42:55.329+0000] {logging_mixin.py:190} INFO - [2025-11-09T20:42:55.329+0000] {dag.py:3239} INFO - Sync 1 DAGs
[2025-11-09T20:42:55.377+0000] {logging_mixin.py:190} INFO - [2025-11-09T20:42:55.377+0000] {dag.py:4180} INFO - Setting next_dagrun for example_kubernetes_executor to None, run_after=None
[2025-11-09T20:42:55.429+0000] {processor.py:208} INFO - Processing /home/airflow/.local/lib/python3.12/site-packages/airflow/example_dags/example_kubernetes_executor.py took 0.264 seconds
[2025-11-09T20:43:25.538+0000] {processor.py:186} INFO - Started process (PID=2019) to work on /home/airflow/.local/lib/python3.12/site-packages/airflow/example_dags/example_kubernetes_executor.py
[2025-11-09T20:43:25.540+0000] {processor.py:914} INFO - Processing file /home/airflow/.local/lib/python3.12/site-packages/airflow/example_dags/example_kubernetes_executor.py for tasks to queue
[2025-11-09T20:43:25.545+0000] {logging_mixin.py:190} INFO - [2025-11-09T20:43:25.545+0000] {dagbag.py:588} INFO - Filling up the DagBag from /home/airflow/.local/lib/python3.12/site-packages/airflow/example_dags/example_kubernetes_executor.py
[2025-11-09T20:43:25.566+0000] {processor.py:925} INFO - DAG(s) 'example_kubernetes_executor' retrieved from /home/airflow/.local/lib/python3.12/site-packages/airflow/example_dags/example_kubernetes_executor.py
[2025-11-09T20:43:25.628+0000] {logging_mixin.py:190} INFO - [2025-11-09T20:43:25.627+0000] {dag.py:3239} INFO - Sync 1 DAGs
[2025-11-09T20:43:25.650+0000] {logging_mixin.py:190} INFO - [2025-11-09T20:43:25.650+0000] {dag.py:4180} INFO - Setting next_dagrun for example_kubernetes_executor to None, run_after=None
[2025-11-09T20:43:25.682+0000] {processor.py:208} INFO - Processing /home/airflow/.local/lib/python3.12/site-packages/airflow/example_dags/example_kubernetes_executor.py took 0.155 seconds
[2025-11-09T20:43:56.017+0000] {processor.py:186} INFO - Started process (PID=2083) to work on /home/airflow/.local/lib/python3.12/site-packages/airflow/example_dags/example_kubernetes_executor.py
[2025-11-09T20:43:56.019+0000] {processor.py:914} INFO - Processing file /home/airflow/.local/lib/python3.12/site-packages/airflow/example_dags/example_kubernetes_executor.py for tasks to queue
[2025-11-09T20:43:56.023+0000] {logging_mixin.py:190} INFO - [2025-11-09T20:43:56.022+0000] {dagbag.py:588} INFO - Filling up the DagBag from /home/airflow/.local/lib/python3.12/site-packages/airflow/example_dags/example_kubernetes_executor.py
[2025-11-09T20:43:56.050+0000] {processor.py:925} INFO - DAG(s) 'example_kubernetes_executor' retrieved from /home/airflow/.local/lib/python3.12/site-packages/airflow/example_dags/example_kubernetes_executor.py
[2025-11-09T20:43:56.144+0000] {logging_mixin.py:190} INFO - [2025-11-09T20:43:56.143+0000] {dag.py:3239} INFO - Sync 1 DAGs
[2025-11-09T20:43:56.175+0000] {logging_mixin.py:190} INFO - [2025-11-09T20:43:56.174+0000] {dag.py:4180} INFO - Setting next_dagrun for example_kubernetes_executor to None, run_after=None
[2025-11-09T20:43:56.217+0000] {processor.py:208} INFO - Processing /home/airflow/.local/lib/python3.12/site-packages/airflow/example_dags/example_kubernetes_executor.py took 0.211 seconds
[2025-11-09T20:44:26.973+0000] {processor.py:186} INFO - Started process (PID=2147) to work on /home/airflow/.local/lib/python3.12/site-packages/airflow/example_dags/example_kubernetes_executor.py
[2025-11-09T20:44:26.975+0000] {processor.py:914} INFO - Processing file /home/airflow/.local/lib/python3.12/site-packages/airflow/example_dags/example_kubernetes_executor.py for tasks to queue
[2025-11-09T20:44:26.979+0000] {logging_mixin.py:190} INFO - [2025-11-09T20:44:26.979+0000] {dagbag.py:588} INFO - Filling up the DagBag from /home/airflow/.local/lib/python3.12/site-packages/airflow/example_dags/example_kubernetes_executor.py
[2025-11-09T20:44:27.007+0000] {processor.py:925} INFO - DAG(s) 'example_kubernetes_executor' retrieved from /home/airflow/.local/lib/python3.12/site-packages/airflow/example_dags/example_kubernetes_executor.py
[2025-11-09T20:44:27.077+0000] {logging_mixin.py:190} INFO - [2025-11-09T20:44:27.076+0000] {dag.py:3239} INFO - Sync 1 DAGs
[2025-11-09T20:44:27.107+0000] {logging_mixin.py:190} INFO - [2025-11-09T20:44:27.106+0000] {dag.py:4180} INFO - Setting next_dagrun for example_kubernetes_executor to None, run_after=None
[2025-11-09T20:44:27.145+0000] {processor.py:208} INFO - Processing /home/airflow/.local/lib/python3.12/site-packages/airflow/example_dags/example_kubernetes_executor.py took 0.184 seconds
[2025-11-09T20:44:57.387+0000] {processor.py:186} INFO - Started process (PID=2211) to work on /home/airflow/.local/lib/python3.12/site-packages/airflow/example_dags/example_kubernetes_executor.py
[2025-11-09T20:44:57.388+0000] {processor.py:914} INFO - Processing file /home/airflow/.local/lib/python3.12/site-packages/airflow/example_dags/example_kubernetes_executor.py for tasks to queue
[2025-11-09T20:44:57.394+0000] {logging_mixin.py:190} INFO - [2025-11-09T20:44:57.393+0000] {dagbag.py:588} INFO - Filling up the DagBag from /home/airflow/.local/lib/python3.12/site-packages/airflow/example_dags/example_kubernetes_executor.py
[2025-11-09T20:44:57.420+0000] {processor.py:925} INFO - DAG(s) 'example_kubernetes_executor' retrieved from /home/airflow/.local/lib/python3.12/site-packages/airflow/example_dags/example_kubernetes_executor.py
[2025-11-09T20:44:57.494+0000] {logging_mixin.py:190} INFO - [2025-11-09T20:44:57.493+0000] {dag.py:3239} INFO - Sync 1 DAGs
[2025-11-09T20:44:57.521+0000] {logging_mixin.py:190} INFO - [2025-11-09T20:44:57.520+0000] {dag.py:4180} INFO - Setting next_dagrun for example_kubernetes_executor to None, run_after=None
[2025-11-09T20:44:57.557+0000] {processor.py:208} INFO - Processing /home/airflow/.local/lib/python3.12/site-packages/airflow/example_dags/example_kubernetes_executor.py took 0.181 seconds
[2025-11-09T20:45:28.049+0000] {processor.py:186} INFO - Started process (PID=2274) to work on /home/airflow/.local/lib/python3.12/site-packages/airflow/example_dags/example_kubernetes_executor.py
[2025-11-09T20:45:28.051+0000] {processor.py:914} INFO - Processing file /home/airflow/.local/lib/python3.12/site-packages/airflow/example_dags/example_kubernetes_executor.py for tasks to queue
[2025-11-09T20:45:28.056+0000] {logging_mixin.py:190} INFO - [2025-11-09T20:45:28.056+0000] {dagbag.py:588} INFO - Filling up the DagBag from /home/airflow/.local/lib/python3.12/site-packages/airflow/example_dags/example_kubernetes_executor.py
[2025-11-09T20:45:28.085+0000] {processor.py:925} INFO - DAG(s) 'example_kubernetes_executor' retrieved from /home/airflow/.local/lib/python3.12/site-packages/airflow/example_dags/example_kubernetes_executor.py
[2025-11-09T20:45:28.148+0000] {logging_mixin.py:190} INFO - [2025-11-09T20:45:28.148+0000] {dag.py:3239} INFO - Sync 1 DAGs
[2025-11-09T20:45:28.173+0000] {logging_mixin.py:190} INFO - [2025-11-09T20:45:28.173+0000] {dag.py:4180} INFO - Setting next_dagrun for example_kubernetes_executor to None, run_after=None
[2025-11-09T20:45:28.208+0000] {processor.py:208} INFO - Processing /home/airflow/.local/lib/python3.12/site-packages/airflow/example_dags/example_kubernetes_executor.py took 0.171 seconds
[2025-11-09T20:45:58.760+0000] {processor.py:186} INFO - Started process (PID=2338) to work on /home/airflow/.local/lib/python3.12/site-packages/airflow/example_dags/example_kubernetes_executor.py
[2025-11-09T20:45:58.762+0000] {processor.py:914} INFO - Processing file /home/airflow/.local/lib/python3.12/site-packages/airflow/example_dags/example_kubernetes_executor.py for tasks to queue
[2025-11-09T20:45:58.769+0000] {logging_mixin.py:190} INFO - [2025-11-09T20:45:58.769+0000] {dagbag.py:588} INFO - Filling up the DagBag from /home/airflow/.local/lib/python3.12/site-packages/airflow/example_dags/example_kubernetes_executor.py
[2025-11-09T20:45:58.803+0000] {processor.py:925} INFO - DAG(s) 'example_kubernetes_executor' retrieved from /home/airflow/.local/lib/python3.12/site-packages/airflow/example_dags/example_kubernetes_executor.py
[2025-11-09T20:45:58.906+0000] {logging_mixin.py:190} INFO - [2025-11-09T20:45:58.906+0000] {dag.py:3239} INFO - Sync 1 DAGs
[2025-11-09T20:45:58.937+0000] {logging_mixin.py:190} INFO - [2025-11-09T20:45:58.936+0000] {dag.py:4180} INFO - Setting next_dagrun for example_kubernetes_executor to None, run_after=None
[2025-11-09T20:45:58.979+0000] {processor.py:208} INFO - Processing /home/airflow/.local/lib/python3.12/site-packages/airflow/example_dags/example_kubernetes_executor.py took 0.229 seconds
[2025-11-09T20:46:29.746+0000] {processor.py:186} INFO - Started process (PID=2402) to work on /home/airflow/.local/lib/python3.12/site-packages/airflow/example_dags/example_kubernetes_executor.py
[2025-11-09T20:46:29.750+0000] {processor.py:914} INFO - Processing file /home/airflow/.local/lib/python3.12/site-packages/airflow/example_dags/example_kubernetes_executor.py for tasks to queue
[2025-11-09T20:46:29.761+0000] {logging_mixin.py:190} INFO - [2025-11-09T20:46:29.759+0000] {dagbag.py:588} INFO - Filling up the DagBag from /home/airflow/.local/lib/python3.12/site-packages/airflow/example_dags/example_kubernetes_executor.py
[2025-11-09T20:46:29.810+0000] {processor.py:925} INFO - DAG(s) 'example_kubernetes_executor' retrieved from /home/airflow/.local/lib/python3.12/site-packages/airflow/example_dags/example_kubernetes_executor.py
[2025-11-09T20:46:29.941+0000] {logging_mixin.py:190} INFO - [2025-11-09T20:46:29.940+0000] {dag.py:3239} INFO - Sync 1 DAGs
[2025-11-09T20:46:29.996+0000] {logging_mixin.py:190} INFO - [2025-11-09T20:46:29.995+0000] {dag.py:4180} INFO - Setting next_dagrun for example_kubernetes_executor to None, run_after=None
[2025-11-09T20:46:30.075+0000] {processor.py:208} INFO - Processing /home/airflow/.local/lib/python3.12/site-packages/airflow/example_dags/example_kubernetes_executor.py took 0.355 seconds
[2025-11-09T20:47:00.538+0000] {processor.py:186} INFO - Started process (PID=2465) to work on /home/airflow/.local/lib/python3.12/site-packages/airflow/example_dags/example_kubernetes_executor.py
[2025-11-09T20:47:00.541+0000] {processor.py:914} INFO - Processing file /home/airflow/.local/lib/python3.12/site-packages/airflow/example_dags/example_kubernetes_executor.py for tasks to queue
[2025-11-09T20:47:00.547+0000] {logging_mixin.py:190} INFO - [2025-11-09T20:47:00.546+0000] {dagbag.py:588} INFO - Filling up the DagBag from /home/airflow/.local/lib/python3.12/site-packages/airflow/example_dags/example_kubernetes_executor.py
[2025-11-09T20:47:00.580+0000] {processor.py:925} INFO - DAG(s) 'example_kubernetes_executor' retrieved from /home/airflow/.local/lib/python3.12/site-packages/airflow/example_dags/example_kubernetes_executor.py
[2025-11-09T20:47:00.656+0000] {logging_mixin.py:190} INFO - [2025-11-09T20:47:00.656+0000] {dag.py:3239} INFO - Sync 1 DAGs
[2025-11-09T20:47:00.688+0000] {logging_mixin.py:190} INFO - [2025-11-09T20:47:00.687+0000] {dag.py:4180} INFO - Setting next_dagrun for example_kubernetes_executor to None, run_after=None
[2025-11-09T20:47:00.729+0000] {processor.py:208} INFO - Processing /home/airflow/.local/lib/python3.12/site-packages/airflow/example_dags/example_kubernetes_executor.py took 0.207 seconds
[2025-11-09T20:47:31.363+0000] {processor.py:186} INFO - Started process (PID=2530) to work on /home/airflow/.local/lib/python3.12/site-packages/airflow/example_dags/example_kubernetes_executor.py
[2025-11-09T20:47:31.364+0000] {processor.py:914} INFO - Processing file /home/airflow/.local/lib/python3.12/site-packages/airflow/example_dags/example_kubernetes_executor.py for tasks to queue
[2025-11-09T20:47:31.369+0000] {logging_mixin.py:190} INFO - [2025-11-09T20:47:31.368+0000] {dagbag.py:588} INFO - Filling up the DagBag from /home/airflow/.local/lib/python3.12/site-packages/airflow/example_dags/example_kubernetes_executor.py
[2025-11-09T20:47:31.395+0000] {processor.py:925} INFO - DAG(s) 'example_kubernetes_executor' retrieved from /home/airflow/.local/lib/python3.12/site-packages/airflow/example_dags/example_kubernetes_executor.py
[2025-11-09T20:47:31.468+0000] {logging_mixin.py:190} INFO - [2025-11-09T20:47:31.468+0000] {dag.py:3239} INFO - Sync 1 DAGs
[2025-11-09T20:47:31.498+0000] {logging_mixin.py:190} INFO - [2025-11-09T20:47:31.497+0000] {dag.py:4180} INFO - Setting next_dagrun for example_kubernetes_executor to None, run_after=None
[2025-11-09T20:47:31.535+0000] {processor.py:208} INFO - Processing /home/airflow/.local/lib/python3.12/site-packages/airflow/example_dags/example_kubernetes_executor.py took 0.184 seconds
[2025-11-09T20:48:02.510+0000] {processor.py:186} INFO - Started process (PID=2595) to work on /home/airflow/.local/lib/python3.12/site-packages/airflow/example_dags/example_kubernetes_executor.py
[2025-11-09T20:48:02.513+0000] {processor.py:914} INFO - Processing file /home/airflow/.local/lib/python3.12/site-packages/airflow/example_dags/example_kubernetes_executor.py for tasks to queue
[2025-11-09T20:48:02.520+0000] {logging_mixin.py:190} INFO - [2025-11-09T20:48:02.519+0000] {dagbag.py:588} INFO - Filling up the DagBag from /home/airflow/.local/lib/python3.12/site-packages/airflow/example_dags/example_kubernetes_executor.py
[2025-11-09T20:48:02.579+0000] {processor.py:925} INFO - DAG(s) 'example_kubernetes_executor' retrieved from /home/airflow/.local/lib/python3.12/site-packages/airflow/example_dags/example_kubernetes_executor.py
[2025-11-09T20:48:02.672+0000] {logging_mixin.py:190} INFO - [2025-11-09T20:48:02.672+0000] {dag.py:3239} INFO - Sync 1 DAGs
[2025-11-09T20:48:02.712+0000] {logging_mixin.py:190} INFO - [2025-11-09T20:48:02.711+0000] {dag.py:4180} INFO - Setting next_dagrun for example_kubernetes_executor to None, run_after=None
[2025-11-09T20:48:02.755+0000] {processor.py:208} INFO - Processing /home/airflow/.local/lib/python3.12/site-packages/airflow/example_dags/example_kubernetes_executor.py took 0.275 seconds
[2025-11-09T20:48:33.097+0000] {processor.py:186} INFO - Started process (PID=2666) to work on /home/airflow/.local/lib/python3.12/site-packages/airflow/example_dags/example_kubernetes_executor.py
[2025-11-09T20:48:33.100+0000] {processor.py:914} INFO - Processing file /home/airflow/.local/lib/python3.12/site-packages/airflow/example_dags/example_kubernetes_executor.py for tasks to queue
[2025-11-09T20:48:33.109+0000] {logging_mixin.py:190} INFO - [2025-11-09T20:48:33.108+0000] {dagbag.py:588} INFO - Filling up the DagBag from /home/airflow/.local/lib/python3.12/site-packages/airflow/example_dags/example_kubernetes_executor.py
[2025-11-09T20:48:33.171+0000] {processor.py:925} INFO - DAG(s) 'example_kubernetes_executor' retrieved from /home/airflow/.local/lib/python3.12/site-packages/airflow/example_dags/example_kubernetes_executor.py
[2025-11-09T20:48:33.304+0000] {logging_mixin.py:190} INFO - [2025-11-09T20:48:33.303+0000] {dag.py:3239} INFO - Sync 1 DAGs
[2025-11-09T20:48:33.350+0000] {logging_mixin.py:190} INFO - [2025-11-09T20:48:33.350+0000] {dag.py:4180} INFO - Setting next_dagrun for example_kubernetes_executor to None, run_after=None
[2025-11-09T20:48:33.405+0000] {processor.py:208} INFO - Processing /home/airflow/.local/lib/python3.12/site-packages/airflow/example_dags/example_kubernetes_executor.py took 0.331 seconds
[2025-11-09T20:49:03.817+0000] {processor.py:186} INFO - Started process (PID=2729) to work on /home/airflow/.local/lib/python3.12/site-packages/airflow/example_dags/example_kubernetes_executor.py
[2025-11-09T20:49:03.820+0000] {processor.py:914} INFO - Processing file /home/airflow/.local/lib/python3.12/site-packages/airflow/example_dags/example_kubernetes_executor.py for tasks to queue
[2025-11-09T20:49:03.827+0000] {logging_mixin.py:190} INFO - [2025-11-09T20:49:03.826+0000] {dagbag.py:588} INFO - Filling up the DagBag from /home/airflow/.local/lib/python3.12/site-packages/airflow/example_dags/example_kubernetes_executor.py
[2025-11-09T20:49:03.878+0000] {processor.py:925} INFO - DAG(s) 'example_kubernetes_executor' retrieved from /home/airflow/.local/lib/python3.12/site-packages/airflow/example_dags/example_kubernetes_executor.py
[2025-11-09T20:49:03.954+0000] {logging_mixin.py:190} INFO - [2025-11-09T20:49:03.954+0000] {dag.py:3239} INFO - Sync 1 DAGs
[2025-11-09T20:49:03.983+0000] {logging_mixin.py:190} INFO - [2025-11-09T20:49:03.983+0000] {dag.py:4180} INFO - Setting next_dagrun for example_kubernetes_executor to None, run_after=None
[2025-11-09T20:49:04.026+0000] {processor.py:208} INFO - Processing /home/airflow/.local/lib/python3.12/site-packages/airflow/example_dags/example_kubernetes_executor.py took 0.224 seconds
[2025-11-09T20:49:34.220+0000] {processor.py:186} INFO - Started process (PID=2793) to work on /home/airflow/.local/lib/python3.12/site-packages/airflow/example_dags/example_kubernetes_executor.py
[2025-11-09T20:49:34.222+0000] {processor.py:914} INFO - Processing file /home/airflow/.local/lib/python3.12/site-packages/airflow/example_dags/example_kubernetes_executor.py for tasks to queue
[2025-11-09T20:49:34.226+0000] {logging_mixin.py:190} INFO - [2025-11-09T20:49:34.225+0000] {dagbag.py:588} INFO - Filling up the DagBag from /home/airflow/.local/lib/python3.12/site-packages/airflow/example_dags/example_kubernetes_executor.py
[2025-11-09T20:49:34.262+0000] {processor.py:925} INFO - DAG(s) 'example_kubernetes_executor' retrieved from /home/airflow/.local/lib/python3.12/site-packages/airflow/example_dags/example_kubernetes_executor.py
[2025-11-09T20:49:34.332+0000] {logging_mixin.py:190} INFO - [2025-11-09T20:49:34.332+0000] {dag.py:3239} INFO - Sync 1 DAGs
[2025-11-09T20:49:34.359+0000] {logging_mixin.py:190} INFO - [2025-11-09T20:49:34.358+0000] {dag.py:4180} INFO - Setting next_dagrun for example_kubernetes_executor to None, run_after=None
[2025-11-09T20:49:34.393+0000] {processor.py:208} INFO - Processing /home/airflow/.local/lib/python3.12/site-packages/airflow/example_dags/example_kubernetes_executor.py took 0.184 seconds
[2025-11-09T20:50:04.540+0000] {processor.py:186} INFO - Started process (PID=2857) to work on /home/airflow/.local/lib/python3.12/site-packages/airflow/example_dags/example_kubernetes_executor.py
[2025-11-09T20:50:04.543+0000] {processor.py:914} INFO - Processing file /home/airflow/.local/lib/python3.12/site-packages/airflow/example_dags/example_kubernetes_executor.py for tasks to queue
[2025-11-09T20:50:04.549+0000] {logging_mixin.py:190} INFO - [2025-11-09T20:50:04.548+0000] {dagbag.py:588} INFO - Filling up the DagBag from /home/airflow/.local/lib/python3.12/site-packages/airflow/example_dags/example_kubernetes_executor.py
[2025-11-09T20:50:04.585+0000] {processor.py:925} INFO - DAG(s) 'example_kubernetes_executor' retrieved from /home/airflow/.local/lib/python3.12/site-packages/airflow/example_dags/example_kubernetes_executor.py
[2025-11-09T20:50:04.677+0000] {logging_mixin.py:190} INFO - [2025-11-09T20:50:04.677+0000] {dag.py:3239} INFO - Sync 1 DAGs
[2025-11-09T20:50:04.718+0000] {logging_mixin.py:190} INFO - [2025-11-09T20:50:04.717+0000] {dag.py:4180} INFO - Setting next_dagrun for example_kubernetes_executor to None, run_after=None
[2025-11-09T20:50:04.764+0000] {processor.py:208} INFO - Processing /home/airflow/.local/lib/python3.12/site-packages/airflow/example_dags/example_kubernetes_executor.py took 0.241 seconds
[2025-11-09T20:50:35.479+0000] {processor.py:186} INFO - Started process (PID=2921) to work on /home/airflow/.local/lib/python3.12/site-packages/airflow/example_dags/example_kubernetes_executor.py
[2025-11-09T20:50:35.481+0000] {processor.py:914} INFO - Processing file /home/airflow/.local/lib/python3.12/site-packages/airflow/example_dags/example_kubernetes_executor.py for tasks to queue
[2025-11-09T20:50:35.487+0000] {logging_mixin.py:190} INFO - [2025-11-09T20:50:35.486+0000] {dagbag.py:588} INFO - Filling up the DagBag from /home/airflow/.local/lib/python3.12/site-packages/airflow/example_dags/example_kubernetes_executor.py
[2025-11-09T20:50:35.827+0000] {processor.py:925} INFO - DAG(s) 'example_kubernetes_executor' retrieved from /home/airflow/.local/lib/python3.12/site-packages/airflow/example_dags/example_kubernetes_executor.py
[2025-11-09T20:50:35.924+0000] {logging_mixin.py:190} INFO - [2025-11-09T20:50:35.923+0000] {dag.py:3239} INFO - Sync 1 DAGs
[2025-11-09T20:50:35.954+0000] {logging_mixin.py:190} INFO - [2025-11-09T20:50:35.954+0000] {dag.py:4180} INFO - Setting next_dagrun for example_kubernetes_executor to None, run_after=None
[2025-11-09T20:50:35.992+0000] {processor.py:208} INFO - Processing /home/airflow/.local/lib/python3.12/site-packages/airflow/example_dags/example_kubernetes_executor.py took 0.526 seconds
[2025-11-09T20:51:06.193+0000] {processor.py:186} INFO - Started process (PID=2986) to work on /home/airflow/.local/lib/python3.12/site-packages/airflow/example_dags/example_kubernetes_executor.py
[2025-11-09T20:51:06.196+0000] {processor.py:914} INFO - Processing file /home/airflow/.local/lib/python3.12/site-packages/airflow/example_dags/example_kubernetes_executor.py for tasks to queue
[2025-11-09T20:51:06.203+0000] {logging_mixin.py:190} INFO - [2025-11-09T20:51:06.202+0000] {dagbag.py:588} INFO - Filling up the DagBag from /home/airflow/.local/lib/python3.12/site-packages/airflow/example_dags/example_kubernetes_executor.py
[2025-11-09T20:51:06.265+0000] {processor.py:925} INFO - DAG(s) 'example_kubernetes_executor' retrieved from /home/airflow/.local/lib/python3.12/site-packages/airflow/example_dags/example_kubernetes_executor.py
[2025-11-09T20:51:06.380+0000] {logging_mixin.py:190} INFO - [2025-11-09T20:51:06.379+0000] {dag.py:3239} INFO - Sync 1 DAGs
[2025-11-09T20:51:06.418+0000] {logging_mixin.py:190} INFO - [2025-11-09T20:51:06.418+0000] {dag.py:4180} INFO - Setting next_dagrun for example_kubernetes_executor to None, run_after=None
[2025-11-09T20:51:06.468+0000] {processor.py:208} INFO - Processing /home/airflow/.local/lib/python3.12/site-packages/airflow/example_dags/example_kubernetes_executor.py took 0.297 seconds
[2025-11-09T20:51:37.538+0000] {processor.py:186} INFO - Started process (PID=3050) to work on /home/airflow/.local/lib/python3.12/site-packages/airflow/example_dags/example_kubernetes_executor.py
[2025-11-09T20:51:37.540+0000] {processor.py:914} INFO - Processing file /home/airflow/.local/lib/python3.12/site-packages/airflow/example_dags/example_kubernetes_executor.py for tasks to queue
[2025-11-09T20:51:37.546+0000] {logging_mixin.py:190} INFO - [2025-11-09T20:51:37.545+0000] {dagbag.py:588} INFO - Filling up the DagBag from /home/airflow/.local/lib/python3.12/site-packages/airflow/example_dags/example_kubernetes_executor.py
[2025-11-09T20:51:37.584+0000] {processor.py:925} INFO - DAG(s) 'example_kubernetes_executor' retrieved from /home/airflow/.local/lib/python3.12/site-packages/airflow/example_dags/example_kubernetes_executor.py
[2025-11-09T20:51:37.668+0000] {logging_mixin.py:190} INFO - [2025-11-09T20:51:37.668+0000] {dag.py:3239} INFO - Sync 1 DAGs
[2025-11-09T20:51:37.699+0000] {logging_mixin.py:190} INFO - [2025-11-09T20:51:37.699+0000] {dag.py:4180} INFO - Setting next_dagrun for example_kubernetes_executor to None, run_after=None
[2025-11-09T20:51:37.735+0000] {processor.py:208} INFO - Processing /home/airflow/.local/lib/python3.12/site-packages/airflow/example_dags/example_kubernetes_executor.py took 0.214 seconds
[2025-11-09T20:52:08.011+0000] {processor.py:186} INFO - Started process (PID=3120) to work on /home/airflow/.local/lib/python3.12/site-packages/airflow/example_dags/example_kubernetes_executor.py
[2025-11-09T20:52:08.013+0000] {processor.py:914} INFO - Processing file /home/airflow/.local/lib/python3.12/site-packages/airflow/example_dags/example_kubernetes_executor.py for tasks to queue
[2025-11-09T20:52:08.018+0000] {logging_mixin.py:190} INFO - [2025-11-09T20:52:08.018+0000] {dagbag.py:588} INFO - Filling up the DagBag from /home/airflow/.local/lib/python3.12/site-packages/airflow/example_dags/example_kubernetes_executor.py
[2025-11-09T20:52:08.061+0000] {processor.py:925} INFO - DAG(s) 'example_kubernetes_executor' retrieved from /home/airflow/.local/lib/python3.12/site-packages/airflow/example_dags/example_kubernetes_executor.py
[2025-11-09T20:52:08.176+0000] {logging_mixin.py:190} INFO - [2025-11-09T20:52:08.175+0000] {dag.py:3239} INFO - Sync 1 DAGs
[2025-11-09T20:52:08.214+0000] {logging_mixin.py:190} INFO - [2025-11-09T20:52:08.213+0000] {dag.py:4180} INFO - Setting next_dagrun for example_kubernetes_executor to None, run_after=None
[2025-11-09T20:52:08.266+0000] {processor.py:208} INFO - Processing /home/airflow/.local/lib/python3.12/site-packages/airflow/example_dags/example_kubernetes_executor.py took 0.266 seconds
[2025-11-09T20:52:38.797+0000] {processor.py:186} INFO - Started process (PID=3184) to work on /home/airflow/.local/lib/python3.12/site-packages/airflow/example_dags/example_kubernetes_executor.py
[2025-11-09T20:52:38.800+0000] {processor.py:914} INFO - Processing file /home/airflow/.local/lib/python3.12/site-packages/airflow/example_dags/example_kubernetes_executor.py for tasks to queue
[2025-11-09T20:52:38.810+0000] {logging_mixin.py:190} INFO - [2025-11-09T20:52:38.808+0000] {dagbag.py:588} INFO - Filling up the DagBag from /home/airflow/.local/lib/python3.12/site-packages/airflow/example_dags/example_kubernetes_executor.py
[2025-11-09T20:52:38.858+0000] {processor.py:925} INFO - DAG(s) 'example_kubernetes_executor' retrieved from /home/airflow/.local/lib/python3.12/site-packages/airflow/example_dags/example_kubernetes_executor.py
[2025-11-09T20:52:38.948+0000] {logging_mixin.py:190} INFO - [2025-11-09T20:52:38.947+0000] {dag.py:3239} INFO - Sync 1 DAGs
[2025-11-09T20:52:38.987+0000] {logging_mixin.py:190} INFO - [2025-11-09T20:52:38.987+0000] {dag.py:4180} INFO - Setting next_dagrun for example_kubernetes_executor to None, run_after=None
[2025-11-09T20:52:39.033+0000] {processor.py:208} INFO - Processing /home/airflow/.local/lib/python3.12/site-packages/airflow/example_dags/example_kubernetes_executor.py took 0.265 seconds
[2025-11-09T20:53:09.843+0000] {processor.py:186} INFO - Started process (PID=3248) to work on /home/airflow/.local/lib/python3.12/site-packages/airflow/example_dags/example_kubernetes_executor.py
[2025-11-09T20:53:09.846+0000] {processor.py:914} INFO - Processing file /home/airflow/.local/lib/python3.12/site-packages/airflow/example_dags/example_kubernetes_executor.py for tasks to queue
[2025-11-09T20:53:09.854+0000] {logging_mixin.py:190} INFO - [2025-11-09T20:53:09.853+0000] {dagbag.py:588} INFO - Filling up the DagBag from /home/airflow/.local/lib/python3.12/site-packages/airflow/example_dags/example_kubernetes_executor.py
[2025-11-09T20:53:09.899+0000] {processor.py:925} INFO - DAG(s) 'example_kubernetes_executor' retrieved from /home/airflow/.local/lib/python3.12/site-packages/airflow/example_dags/example_kubernetes_executor.py
[2025-11-09T20:53:10.017+0000] {logging_mixin.py:190} INFO - [2025-11-09T20:53:10.016+0000] {dag.py:3239} INFO - Sync 1 DAGs
[2025-11-09T20:53:10.081+0000] {logging_mixin.py:190} INFO - [2025-11-09T20:53:10.081+0000] {dag.py:4180} INFO - Setting next_dagrun for example_kubernetes_executor to None, run_after=None
[2025-11-09T20:53:10.144+0000] {processor.py:208} INFO - Processing /home/airflow/.local/lib/python3.12/site-packages/airflow/example_dags/example_kubernetes_executor.py took 0.321 seconds
[2025-11-09T20:53:40.925+0000] {processor.py:186} INFO - Started process (PID=3312) to work on /home/airflow/.local/lib/python3.12/site-packages/airflow/example_dags/example_kubernetes_executor.py
[2025-11-09T20:53:40.928+0000] {processor.py:914} INFO - Processing file /home/airflow/.local/lib/python3.12/site-packages/airflow/example_dags/example_kubernetes_executor.py for tasks to queue
[2025-11-09T20:53:40.941+0000] {logging_mixin.py:190} INFO - [2025-11-09T20:53:40.939+0000] {dagbag.py:588} INFO - Filling up the DagBag from /home/airflow/.local/lib/python3.12/site-packages/airflow/example_dags/example_kubernetes_executor.py
[2025-11-09T20:53:41.003+0000] {processor.py:925} INFO - DAG(s) 'example_kubernetes_executor' retrieved from /home/airflow/.local/lib/python3.12/site-packages/airflow/example_dags/example_kubernetes_executor.py
[2025-11-09T20:53:41.213+0000] {logging_mixin.py:190} INFO - [2025-11-09T20:53:41.212+0000] {dag.py:3239} INFO - Sync 1 DAGs
[2025-11-09T20:53:41.271+0000] {logging_mixin.py:190} INFO - [2025-11-09T20:53:41.270+0000] {dag.py:4180} INFO - Setting next_dagrun for example_kubernetes_executor to None, run_after=None
[2025-11-09T20:53:41.331+0000] {processor.py:208} INFO - Processing /home/airflow/.local/lib/python3.12/site-packages/airflow/example_dags/example_kubernetes_executor.py took 0.426 seconds
[2025-11-09T20:54:11.794+0000] {processor.py:186} INFO - Started process (PID=3376) to work on /home/airflow/.local/lib/python3.12/site-packages/airflow/example_dags/example_kubernetes_executor.py
[2025-11-09T20:54:11.796+0000] {processor.py:914} INFO - Processing file /home/airflow/.local/lib/python3.12/site-packages/airflow/example_dags/example_kubernetes_executor.py for tasks to queue
[2025-11-09T20:54:11.802+0000] {logging_mixin.py:190} INFO - [2025-11-09T20:54:11.801+0000] {dagbag.py:588} INFO - Filling up the DagBag from /home/airflow/.local/lib/python3.12/site-packages/airflow/example_dags/example_kubernetes_executor.py
[2025-11-09T20:54:11.835+0000] {processor.py:925} INFO - DAG(s) 'example_kubernetes_executor' retrieved from /home/airflow/.local/lib/python3.12/site-packages/airflow/example_dags/example_kubernetes_executor.py
[2025-11-09T20:54:11.938+0000] {logging_mixin.py:190} INFO - [2025-11-09T20:54:11.937+0000] {dag.py:3239} INFO - Sync 1 DAGs
[2025-11-09T20:54:12.013+0000] {logging_mixin.py:190} INFO - [2025-11-09T20:54:12.013+0000] {dag.py:4180} INFO - Setting next_dagrun for example_kubernetes_executor to None, run_after=None
[2025-11-09T20:54:12.061+0000] {processor.py:208} INFO - Processing /home/airflow/.local/lib/python3.12/site-packages/airflow/example_dags/example_kubernetes_executor.py took 0.280 seconds
[2025-11-09T20:54:42.559+0000] {processor.py:186} INFO - Started process (PID=3441) to work on /home/airflow/.local/lib/python3.12/site-packages/airflow/example_dags/example_kubernetes_executor.py
[2025-11-09T20:54:42.563+0000] {processor.py:914} INFO - Processing file /home/airflow/.local/lib/python3.12/site-packages/airflow/example_dags/example_kubernetes_executor.py for tasks to queue
[2025-11-09T20:54:42.571+0000] {logging_mixin.py:190} INFO - [2025-11-09T20:54:42.570+0000] {dagbag.py:588} INFO - Filling up the DagBag from /home/airflow/.local/lib/python3.12/site-packages/airflow/example_dags/example_kubernetes_executor.py
[2025-11-09T20:54:42.618+0000] {processor.py:925} INFO - DAG(s) 'example_kubernetes_executor' retrieved from /home/airflow/.local/lib/python3.12/site-packages/airflow/example_dags/example_kubernetes_executor.py
[2025-11-09T20:54:42.727+0000] {logging_mixin.py:190} INFO - [2025-11-09T20:54:42.726+0000] {dag.py:3239} INFO - Sync 1 DAGs
[2025-11-09T20:54:42.769+0000] {logging_mixin.py:190} INFO - [2025-11-09T20:54:42.768+0000] {dag.py:4180} INFO - Setting next_dagrun for example_kubernetes_executor to None, run_after=None
[2025-11-09T20:54:42.822+0000] {processor.py:208} INFO - Processing /home/airflow/.local/lib/python3.12/site-packages/airflow/example_dags/example_kubernetes_executor.py took 0.283 seconds
[2025-11-09T20:55:13.347+0000] {processor.py:186} INFO - Started process (PID=3505) to work on /home/airflow/.local/lib/python3.12/site-packages/airflow/example_dags/example_kubernetes_executor.py
[2025-11-09T20:55:13.349+0000] {processor.py:914} INFO - Processing file /home/airflow/.local/lib/python3.12/site-packages/airflow/example_dags/example_kubernetes_executor.py for tasks to queue
[2025-11-09T20:55:13.355+0000] {logging_mixin.py:190} INFO - [2025-11-09T20:55:13.354+0000] {dagbag.py:588} INFO - Filling up the DagBag from /home/airflow/.local/lib/python3.12/site-packages/airflow/example_dags/example_kubernetes_executor.py
[2025-11-09T20:55:13.392+0000] {processor.py:925} INFO - DAG(s) 'example_kubernetes_executor' retrieved from /home/airflow/.local/lib/python3.12/site-packages/airflow/example_dags/example_kubernetes_executor.py
[2025-11-09T20:55:13.470+0000] {logging_mixin.py:190} INFO - [2025-11-09T20:55:13.470+0000] {dag.py:3239} INFO - Sync 1 DAGs
[2025-11-09T20:55:13.536+0000] {logging_mixin.py:190} INFO - [2025-11-09T20:55:13.536+0000] {dag.py:4180} INFO - Setting next_dagrun for example_kubernetes_executor to None, run_after=None
[2025-11-09T20:55:13.617+0000] {processor.py:208} INFO - Processing /home/airflow/.local/lib/python3.12/site-packages/airflow/example_dags/example_kubernetes_executor.py took 0.284 seconds
[2025-11-09T20:55:44.768+0000] {processor.py:186} INFO - Started process (PID=3573) to work on /home/airflow/.local/lib/python3.12/site-packages/airflow/example_dags/example_kubernetes_executor.py
[2025-11-09T20:55:44.771+0000] {processor.py:914} INFO - Processing file /home/airflow/.local/lib/python3.12/site-packages/airflow/example_dags/example_kubernetes_executor.py for tasks to queue
[2025-11-09T20:55:44.779+0000] {logging_mixin.py:190} INFO - [2025-11-09T20:55:44.778+0000] {dagbag.py:588} INFO - Filling up the DagBag from /home/airflow/.local/lib/python3.12/site-packages/airflow/example_dags/example_kubernetes_executor.py
[2025-11-09T20:55:44.854+0000] {processor.py:925} INFO - DAG(s) 'example_kubernetes_executor' retrieved from /home/airflow/.local/lib/python3.12/site-packages/airflow/example_dags/example_kubernetes_executor.py
[2025-11-09T20:55:45.035+0000] {logging_mixin.py:190} INFO - [2025-11-09T20:55:45.034+0000] {dag.py:3239} INFO - Sync 1 DAGs
[2025-11-09T20:55:45.110+0000] {logging_mixin.py:190} INFO - [2025-11-09T20:55:45.109+0000] {dag.py:4180} INFO - Setting next_dagrun for example_kubernetes_executor to None, run_after=None
[2025-11-09T20:55:45.180+0000] {processor.py:208} INFO - Processing /home/airflow/.local/lib/python3.12/site-packages/airflow/example_dags/example_kubernetes_executor.py took 0.439 seconds
[2025-11-09T20:56:15.968+0000] {processor.py:186} INFO - Started process (PID=3636) to work on /home/airflow/.local/lib/python3.12/site-packages/airflow/example_dags/example_kubernetes_executor.py
[2025-11-09T20:56:15.970+0000] {processor.py:914} INFO - Processing file /home/airflow/.local/lib/python3.12/site-packages/airflow/example_dags/example_kubernetes_executor.py for tasks to queue
[2025-11-09T20:56:15.974+0000] {logging_mixin.py:190} INFO - [2025-11-09T20:56:15.974+0000] {dagbag.py:588} INFO - Filling up the DagBag from /home/airflow/.local/lib/python3.12/site-packages/airflow/example_dags/example_kubernetes_executor.py
[2025-11-09T20:56:16.008+0000] {processor.py:925} INFO - DAG(s) 'example_kubernetes_executor' retrieved from /home/airflow/.local/lib/python3.12/site-packages/airflow/example_dags/example_kubernetes_executor.py
[2025-11-09T20:56:16.109+0000] {logging_mixin.py:190} INFO - [2025-11-09T20:56:16.108+0000] {dag.py:3239} INFO - Sync 1 DAGs
[2025-11-09T20:56:16.149+0000] {logging_mixin.py:190} INFO - [2025-11-09T20:56:16.148+0000] {dag.py:4180} INFO - Setting next_dagrun for example_kubernetes_executor to None, run_after=None
[2025-11-09T20:56:16.196+0000] {processor.py:208} INFO - Processing /home/airflow/.local/lib/python3.12/site-packages/airflow/example_dags/example_kubernetes_executor.py took 0.243 seconds
[2025-11-09T20:56:46.406+0000] {processor.py:186} INFO - Started process (PID=3700) to work on /home/airflow/.local/lib/python3.12/site-packages/airflow/example_dags/example_kubernetes_executor.py
[2025-11-09T20:56:46.408+0000] {processor.py:914} INFO - Processing file /home/airflow/.local/lib/python3.12/site-packages/airflow/example_dags/example_kubernetes_executor.py for tasks to queue
[2025-11-09T20:56:46.412+0000] {logging_mixin.py:190} INFO - [2025-11-09T20:56:46.412+0000] {dagbag.py:588} INFO - Filling up the DagBag from /home/airflow/.local/lib/python3.12/site-packages/airflow/example_dags/example_kubernetes_executor.py
[2025-11-09T20:56:46.432+0000] {processor.py:925} INFO - DAG(s) 'example_kubernetes_executor' retrieved from /home/airflow/.local/lib/python3.12/site-packages/airflow/example_dags/example_kubernetes_executor.py
[2025-11-09T20:56:46.496+0000] {logging_mixin.py:190} INFO - [2025-11-09T20:56:46.496+0000] {dag.py:3239} INFO - Sync 1 DAGs
[2025-11-09T20:56:46.524+0000] {logging_mixin.py:190} INFO - [2025-11-09T20:56:46.523+0000] {dag.py:4180} INFO - Setting next_dagrun for example_kubernetes_executor to None, run_after=None
[2025-11-09T20:56:46.554+0000] {processor.py:208} INFO - Processing /home/airflow/.local/lib/python3.12/site-packages/airflow/example_dags/example_kubernetes_executor.py took 0.158 seconds
[2025-11-09T20:57:17.165+0000] {processor.py:186} INFO - Started process (PID=3764) to work on /home/airflow/.local/lib/python3.12/site-packages/airflow/example_dags/example_kubernetes_executor.py
[2025-11-09T20:57:17.168+0000] {processor.py:914} INFO - Processing file /home/airflow/.local/lib/python3.12/site-packages/airflow/example_dags/example_kubernetes_executor.py for tasks to queue
[2025-11-09T20:57:17.175+0000] {logging_mixin.py:190} INFO - [2025-11-09T20:57:17.174+0000] {dagbag.py:588} INFO - Filling up the DagBag from /home/airflow/.local/lib/python3.12/site-packages/airflow/example_dags/example_kubernetes_executor.py
[2025-11-09T20:57:17.214+0000] {processor.py:925} INFO - DAG(s) 'example_kubernetes_executor' retrieved from /home/airflow/.local/lib/python3.12/site-packages/airflow/example_dags/example_kubernetes_executor.py
[2025-11-09T20:57:17.291+0000] {logging_mixin.py:190} INFO - [2025-11-09T20:57:17.290+0000] {dag.py:3239} INFO - Sync 1 DAGs
[2025-11-09T20:57:17.318+0000] {logging_mixin.py:190} INFO - [2025-11-09T20:57:17.318+0000] {dag.py:4180} INFO - Setting next_dagrun for example_kubernetes_executor to None, run_after=None
[2025-11-09T20:57:17.359+0000] {processor.py:208} INFO - Processing /home/airflow/.local/lib/python3.12/site-packages/airflow/example_dags/example_kubernetes_executor.py took 0.208 seconds
[2025-11-09T20:57:47.742+0000] {processor.py:186} INFO - Started process (PID=3828) to work on /home/airflow/.local/lib/python3.12/site-packages/airflow/example_dags/example_kubernetes_executor.py
[2025-11-09T20:57:47.745+0000] {processor.py:914} INFO - Processing file /home/airflow/.local/lib/python3.12/site-packages/airflow/example_dags/example_kubernetes_executor.py for tasks to queue
[2025-11-09T20:57:47.752+0000] {logging_mixin.py:190} INFO - [2025-11-09T20:57:47.751+0000] {dagbag.py:588} INFO - Filling up the DagBag from /home/airflow/.local/lib/python3.12/site-packages/airflow/example_dags/example_kubernetes_executor.py
[2025-11-09T20:57:47.795+0000] {processor.py:925} INFO - DAG(s) 'example_kubernetes_executor' retrieved from /home/airflow/.local/lib/python3.12/site-packages/airflow/example_dags/example_kubernetes_executor.py
[2025-11-09T20:57:47.890+0000] {logging_mixin.py:190} INFO - [2025-11-09T20:57:47.889+0000] {dag.py:3239} INFO - Sync 1 DAGs
[2025-11-09T20:57:47.928+0000] {logging_mixin.py:190} INFO - [2025-11-09T20:57:47.928+0000] {dag.py:4180} INFO - Setting next_dagrun for example_kubernetes_executor to None, run_after=None
[2025-11-09T20:57:47.968+0000] {processor.py:208} INFO - Processing /home/airflow/.local/lib/python3.12/site-packages/airflow/example_dags/example_kubernetes_executor.py took 0.242 seconds
[2025-11-09T20:58:18.111+0000] {processor.py:186} INFO - Started process (PID=3893) to work on /home/airflow/.local/lib/python3.12/site-packages/airflow/example_dags/example_kubernetes_executor.py
[2025-11-09T20:58:18.113+0000] {processor.py:914} INFO - Processing file /home/airflow/.local/lib/python3.12/site-packages/airflow/example_dags/example_kubernetes_executor.py for tasks to queue
[2025-11-09T20:58:18.119+0000] {logging_mixin.py:190} INFO - [2025-11-09T20:58:18.118+0000] {dagbag.py:588} INFO - Filling up the DagBag from /home/airflow/.local/lib/python3.12/site-packages/airflow/example_dags/example_kubernetes_executor.py
[2025-11-09T20:58:18.146+0000] {processor.py:925} INFO - DAG(s) 'example_kubernetes_executor' retrieved from /home/airflow/.local/lib/python3.12/site-packages/airflow/example_dags/example_kubernetes_executor.py
[2025-11-09T20:58:18.215+0000] {logging_mixin.py:190} INFO - [2025-11-09T20:58:18.214+0000] {dag.py:3239} INFO - Sync 1 DAGs
[2025-11-09T20:58:18.239+0000] {logging_mixin.py:190} INFO - [2025-11-09T20:58:18.239+0000] {dag.py:4180} INFO - Setting next_dagrun for example_kubernetes_executor to None, run_after=None
[2025-11-09T20:58:18.272+0000] {processor.py:208} INFO - Processing /home/airflow/.local/lib/python3.12/site-packages/airflow/example_dags/example_kubernetes_executor.py took 0.171 seconds
[2025-11-09T20:58:48.894+0000] {processor.py:186} INFO - Started process (PID=3957) to work on /home/airflow/.local/lib/python3.12/site-packages/airflow/example_dags/example_kubernetes_executor.py
[2025-11-09T20:58:48.896+0000] {processor.py:914} INFO - Processing file /home/airflow/.local/lib/python3.12/site-packages/airflow/example_dags/example_kubernetes_executor.py for tasks to queue
[2025-11-09T20:58:48.902+0000] {logging_mixin.py:190} INFO - [2025-11-09T20:58:48.901+0000] {dagbag.py:588} INFO - Filling up the DagBag from /home/airflow/.local/lib/python3.12/site-packages/airflow/example_dags/example_kubernetes_executor.py
[2025-11-09T20:58:48.938+0000] {processor.py:925} INFO - DAG(s) 'example_kubernetes_executor' retrieved from /home/airflow/.local/lib/python3.12/site-packages/airflow/example_dags/example_kubernetes_executor.py
[2025-11-09T20:58:49.042+0000] {logging_mixin.py:190} INFO - [2025-11-09T20:58:49.042+0000] {dag.py:3239} INFO - Sync 1 DAGs
[2025-11-09T20:58:49.082+0000] {logging_mixin.py:190} INFO - [2025-11-09T20:58:49.082+0000] {dag.py:4180} INFO - Setting next_dagrun for example_kubernetes_executor to None, run_after=None
[2025-11-09T20:58:49.129+0000] {processor.py:208} INFO - Processing /home/airflow/.local/lib/python3.12/site-packages/airflow/example_dags/example_kubernetes_executor.py took 0.247 seconds
[2025-11-09T20:59:19.505+0000] {processor.py:186} INFO - Started process (PID=4021) to work on /home/airflow/.local/lib/python3.12/site-packages/airflow/example_dags/example_kubernetes_executor.py
[2025-11-09T20:59:19.508+0000] {processor.py:914} INFO - Processing file /home/airflow/.local/lib/python3.12/site-packages/airflow/example_dags/example_kubernetes_executor.py for tasks to queue
[2025-11-09T20:59:19.513+0000] {logging_mixin.py:190} INFO - [2025-11-09T20:59:19.512+0000] {dagbag.py:588} INFO - Filling up the DagBag from /home/airflow/.local/lib/python3.12/site-packages/airflow/example_dags/example_kubernetes_executor.py
[2025-11-09T20:59:19.547+0000] {processor.py:925} INFO - DAG(s) 'example_kubernetes_executor' retrieved from /home/airflow/.local/lib/python3.12/site-packages/airflow/example_dags/example_kubernetes_executor.py
[2025-11-09T20:59:19.642+0000] {logging_mixin.py:190} INFO - [2025-11-09T20:59:19.642+0000] {dag.py:3239} INFO - Sync 1 DAGs
[2025-11-09T20:59:19.674+0000] {logging_mixin.py:190} INFO - [2025-11-09T20:59:19.674+0000] {dag.py:4180} INFO - Setting next_dagrun for example_kubernetes_executor to None, run_after=None
[2025-11-09T20:59:19.714+0000] {processor.py:208} INFO - Processing /home/airflow/.local/lib/python3.12/site-packages/airflow/example_dags/example_kubernetes_executor.py took 0.226 seconds
[2025-11-09T20:59:50.350+0000] {processor.py:186} INFO - Started process (PID=4086) to work on /home/airflow/.local/lib/python3.12/site-packages/airflow/example_dags/example_kubernetes_executor.py
[2025-11-09T20:59:50.352+0000] {processor.py:914} INFO - Processing file /home/airflow/.local/lib/python3.12/site-packages/airflow/example_dags/example_kubernetes_executor.py for tasks to queue
[2025-11-09T20:59:50.358+0000] {logging_mixin.py:190} INFO - [2025-11-09T20:59:50.357+0000] {dagbag.py:588} INFO - Filling up the DagBag from /home/airflow/.local/lib/python3.12/site-packages/airflow/example_dags/example_kubernetes_executor.py
[2025-11-09T20:59:50.390+0000] {processor.py:925} INFO - DAG(s) 'example_kubernetes_executor' retrieved from /home/airflow/.local/lib/python3.12/site-packages/airflow/example_dags/example_kubernetes_executor.py
[2025-11-09T20:59:50.476+0000] {logging_mixin.py:190} INFO - [2025-11-09T20:59:50.475+0000] {dag.py:3239} INFO - Sync 1 DAGs
[2025-11-09T20:59:50.505+0000] {logging_mixin.py:190} INFO - [2025-11-09T20:59:50.504+0000] {dag.py:4180} INFO - Setting next_dagrun for example_kubernetes_executor to None, run_after=None
[2025-11-09T20:59:50.542+0000] {processor.py:208} INFO - Processing /home/airflow/.local/lib/python3.12/site-packages/airflow/example_dags/example_kubernetes_executor.py took 0.205 seconds
[2025-11-09T21:00:21.001+0000] {processor.py:186} INFO - Started process (PID=4149) to work on /home/airflow/.local/lib/python3.12/site-packages/airflow/example_dags/example_kubernetes_executor.py
[2025-11-09T21:00:21.003+0000] {processor.py:914} INFO - Processing file /home/airflow/.local/lib/python3.12/site-packages/airflow/example_dags/example_kubernetes_executor.py for tasks to queue
[2025-11-09T21:00:21.009+0000] {logging_mixin.py:190} INFO - [2025-11-09T21:00:21.008+0000] {dagbag.py:588} INFO - Filling up the DagBag from /home/airflow/.local/lib/python3.12/site-packages/airflow/example_dags/example_kubernetes_executor.py
[2025-11-09T21:00:21.043+0000] {processor.py:925} INFO - DAG(s) 'example_kubernetes_executor' retrieved from /home/airflow/.local/lib/python3.12/site-packages/airflow/example_dags/example_kubernetes_executor.py
[2025-11-09T21:00:21.121+0000] {logging_mixin.py:190} INFO - [2025-11-09T21:00:21.121+0000] {dag.py:3239} INFO - Sync 1 DAGs
[2025-11-09T21:00:21.152+0000] {logging_mixin.py:190} INFO - [2025-11-09T21:00:21.151+0000] {dag.py:4180} INFO - Setting next_dagrun for example_kubernetes_executor to None, run_after=None
[2025-11-09T21:00:21.189+0000] {processor.py:208} INFO - Processing /home/airflow/.local/lib/python3.12/site-packages/airflow/example_dags/example_kubernetes_executor.py took 0.198 seconds
[2025-11-09T21:00:51.721+0000] {processor.py:186} INFO - Started process (PID=4216) to work on /home/airflow/.local/lib/python3.12/site-packages/airflow/example_dags/example_kubernetes_executor.py
[2025-11-09T21:00:51.744+0000] {processor.py:914} INFO - Processing file /home/airflow/.local/lib/python3.12/site-packages/airflow/example_dags/example_kubernetes_executor.py for tasks to queue
[2025-11-09T21:00:51.764+0000] {logging_mixin.py:190} INFO - [2025-11-09T21:00:51.763+0000] {dagbag.py:588} INFO - Filling up the DagBag from /home/airflow/.local/lib/python3.12/site-packages/airflow/example_dags/example_kubernetes_executor.py
[2025-11-09T21:00:51.850+0000] {processor.py:925} INFO - DAG(s) 'example_kubernetes_executor' retrieved from /home/airflow/.local/lib/python3.12/site-packages/airflow/example_dags/example_kubernetes_executor.py
[2025-11-09T21:00:52.000+0000] {logging_mixin.py:190} INFO - [2025-11-09T21:00:51.999+0000] {dag.py:3239} INFO - Sync 1 DAGs
[2025-11-09T21:00:52.051+0000] {logging_mixin.py:190} INFO - [2025-11-09T21:00:52.050+0000] {dag.py:4180} INFO - Setting next_dagrun for example_kubernetes_executor to None, run_after=None
[2025-11-09T21:00:52.107+0000] {processor.py:208} INFO - Processing /home/airflow/.local/lib/python3.12/site-packages/airflow/example_dags/example_kubernetes_executor.py took 0.413 seconds
[2025-11-09T21:01:22.954+0000] {processor.py:186} INFO - Started process (PID=4280) to work on /home/airflow/.local/lib/python3.12/site-packages/airflow/example_dags/example_kubernetes_executor.py
[2025-11-09T21:01:22.956+0000] {processor.py:914} INFO - Processing file /home/airflow/.local/lib/python3.12/site-packages/airflow/example_dags/example_kubernetes_executor.py for tasks to queue
[2025-11-09T21:01:22.962+0000] {logging_mixin.py:190} INFO - [2025-11-09T21:01:22.961+0000] {dagbag.py:588} INFO - Filling up the DagBag from /home/airflow/.local/lib/python3.12/site-packages/airflow/example_dags/example_kubernetes_executor.py
[2025-11-09T21:01:22.986+0000] {processor.py:925} INFO - DAG(s) 'example_kubernetes_executor' retrieved from /home/airflow/.local/lib/python3.12/site-packages/airflow/example_dags/example_kubernetes_executor.py
[2025-11-09T21:01:23.055+0000] {logging_mixin.py:190} INFO - [2025-11-09T21:01:23.055+0000] {dag.py:3239} INFO - Sync 1 DAGs
[2025-11-09T21:01:23.079+0000] {logging_mixin.py:190} INFO - [2025-11-09T21:01:23.079+0000] {dag.py:4180} INFO - Setting next_dagrun for example_kubernetes_executor to None, run_after=None
[2025-11-09T21:01:23.111+0000] {processor.py:208} INFO - Processing /home/airflow/.local/lib/python3.12/site-packages/airflow/example_dags/example_kubernetes_executor.py took 0.170 seconds
[2025-11-09T21:01:53.623+0000] {processor.py:186} INFO - Started process (PID=4343) to work on /home/airflow/.local/lib/python3.12/site-packages/airflow/example_dags/example_kubernetes_executor.py
[2025-11-09T21:01:53.625+0000] {processor.py:914} INFO - Processing file /home/airflow/.local/lib/python3.12/site-packages/airflow/example_dags/example_kubernetes_executor.py for tasks to queue
[2025-11-09T21:01:53.631+0000] {logging_mixin.py:190} INFO - [2025-11-09T21:01:53.630+0000] {dagbag.py:588} INFO - Filling up the DagBag from /home/airflow/.local/lib/python3.12/site-packages/airflow/example_dags/example_kubernetes_executor.py
[2025-11-09T21:01:53.666+0000] {processor.py:925} INFO - DAG(s) 'example_kubernetes_executor' retrieved from /home/airflow/.local/lib/python3.12/site-packages/airflow/example_dags/example_kubernetes_executor.py
[2025-11-09T21:01:53.746+0000] {logging_mixin.py:190} INFO - [2025-11-09T21:01:53.745+0000] {dag.py:3239} INFO - Sync 1 DAGs
[2025-11-09T21:01:53.775+0000] {logging_mixin.py:190} INFO - [2025-11-09T21:01:53.774+0000] {dag.py:4180} INFO - Setting next_dagrun for example_kubernetes_executor to None, run_after=None
[2025-11-09T21:01:53.811+0000] {processor.py:208} INFO - Processing /home/airflow/.local/lib/python3.12/site-packages/airflow/example_dags/example_kubernetes_executor.py took 0.199 seconds
[2025-11-09T21:02:24.605+0000] {processor.py:186} INFO - Started process (PID=4408) to work on /home/airflow/.local/lib/python3.12/site-packages/airflow/example_dags/example_kubernetes_executor.py
[2025-11-09T21:02:24.608+0000] {processor.py:914} INFO - Processing file /home/airflow/.local/lib/python3.12/site-packages/airflow/example_dags/example_kubernetes_executor.py for tasks to queue
[2025-11-09T21:02:24.616+0000] {logging_mixin.py:190} INFO - [2025-11-09T21:02:24.615+0000] {dagbag.py:588} INFO - Filling up the DagBag from /home/airflow/.local/lib/python3.12/site-packages/airflow/example_dags/example_kubernetes_executor.py
[2025-11-09T21:02:24.660+0000] {processor.py:925} INFO - DAG(s) 'example_kubernetes_executor' retrieved from /home/airflow/.local/lib/python3.12/site-packages/airflow/example_dags/example_kubernetes_executor.py
[2025-11-09T21:02:24.770+0000] {logging_mixin.py:190} INFO - [2025-11-09T21:02:24.769+0000] {dag.py:3239} INFO - Sync 1 DAGs
[2025-11-09T21:02:24.805+0000] {logging_mixin.py:190} INFO - [2025-11-09T21:02:24.805+0000] {dag.py:4180} INFO - Setting next_dagrun for example_kubernetes_executor to None, run_after=None
[2025-11-09T21:02:24.845+0000] {processor.py:208} INFO - Processing /home/airflow/.local/lib/python3.12/site-packages/airflow/example_dags/example_kubernetes_executor.py took 0.257 seconds
[2025-11-09T21:02:55.131+0000] {processor.py:186} INFO - Started process (PID=4472) to work on /home/airflow/.local/lib/python3.12/site-packages/airflow/example_dags/example_kubernetes_executor.py
[2025-11-09T21:02:55.133+0000] {processor.py:914} INFO - Processing file /home/airflow/.local/lib/python3.12/site-packages/airflow/example_dags/example_kubernetes_executor.py for tasks to queue
[2025-11-09T21:02:55.138+0000] {logging_mixin.py:190} INFO - [2025-11-09T21:02:55.137+0000] {dagbag.py:588} INFO - Filling up the DagBag from /home/airflow/.local/lib/python3.12/site-packages/airflow/example_dags/example_kubernetes_executor.py
[2025-11-09T21:02:55.169+0000] {processor.py:925} INFO - DAG(s) 'example_kubernetes_executor' retrieved from /home/airflow/.local/lib/python3.12/site-packages/airflow/example_dags/example_kubernetes_executor.py
[2025-11-09T21:02:55.240+0000] {logging_mixin.py:190} INFO - [2025-11-09T21:02:55.240+0000] {dag.py:3239} INFO - Sync 1 DAGs
[2025-11-09T21:02:55.270+0000] {logging_mixin.py:190} INFO - [2025-11-09T21:02:55.270+0000] {dag.py:4180} INFO - Setting next_dagrun for example_kubernetes_executor to None, run_after=None
[2025-11-09T21:02:55.308+0000] {processor.py:208} INFO - Processing /home/airflow/.local/lib/python3.12/site-packages/airflow/example_dags/example_kubernetes_executor.py took 0.189 seconds
[2025-11-09T21:03:25.734+0000] {processor.py:186} INFO - Started process (PID=4536) to work on /home/airflow/.local/lib/python3.12/site-packages/airflow/example_dags/example_kubernetes_executor.py
[2025-11-09T21:03:25.736+0000] {processor.py:914} INFO - Processing file /home/airflow/.local/lib/python3.12/site-packages/airflow/example_dags/example_kubernetes_executor.py for tasks to queue
[2025-11-09T21:03:25.741+0000] {logging_mixin.py:190} INFO - [2025-11-09T21:03:25.740+0000] {dagbag.py:588} INFO - Filling up the DagBag from /home/airflow/.local/lib/python3.12/site-packages/airflow/example_dags/example_kubernetes_executor.py
[2025-11-09T21:03:25.776+0000] {processor.py:925} INFO - DAG(s) 'example_kubernetes_executor' retrieved from /home/airflow/.local/lib/python3.12/site-packages/airflow/example_dags/example_kubernetes_executor.py
[2025-11-09T21:03:25.852+0000] {logging_mixin.py:190} INFO - [2025-11-09T21:03:25.852+0000] {dag.py:3239} INFO - Sync 1 DAGs
[2025-11-09T21:03:25.877+0000] {logging_mixin.py:190} INFO - [2025-11-09T21:03:25.877+0000] {dag.py:4180} INFO - Setting next_dagrun for example_kubernetes_executor to None, run_after=None
[2025-11-09T21:03:25.914+0000] {processor.py:208} INFO - Processing /home/airflow/.local/lib/python3.12/site-packages/airflow/example_dags/example_kubernetes_executor.py took 0.193 seconds
[2025-11-09T21:03:56.176+0000] {processor.py:186} INFO - Started process (PID=4601) to work on /home/airflow/.local/lib/python3.12/site-packages/airflow/example_dags/example_kubernetes_executor.py
[2025-11-09T21:03:56.178+0000] {processor.py:914} INFO - Processing file /home/airflow/.local/lib/python3.12/site-packages/airflow/example_dags/example_kubernetes_executor.py for tasks to queue
[2025-11-09T21:03:56.182+0000] {logging_mixin.py:190} INFO - [2025-11-09T21:03:56.181+0000] {dagbag.py:588} INFO - Filling up the DagBag from /home/airflow/.local/lib/python3.12/site-packages/airflow/example_dags/example_kubernetes_executor.py
[2025-11-09T21:03:56.202+0000] {processor.py:925} INFO - DAG(s) 'example_kubernetes_executor' retrieved from /home/airflow/.local/lib/python3.12/site-packages/airflow/example_dags/example_kubernetes_executor.py
[2025-11-09T21:03:56.275+0000] {logging_mixin.py:190} INFO - [2025-11-09T21:03:56.274+0000] {dag.py:3239} INFO - Sync 1 DAGs
[2025-11-09T21:03:56.299+0000] {logging_mixin.py:190} INFO - [2025-11-09T21:03:56.299+0000] {dag.py:4180} INFO - Setting next_dagrun for example_kubernetes_executor to None, run_after=None
[2025-11-09T21:03:56.329+0000] {processor.py:208} INFO - Processing /home/airflow/.local/lib/python3.12/site-packages/airflow/example_dags/example_kubernetes_executor.py took 0.162 seconds
[2025-11-09T21:04:26.596+0000] {processor.py:186} INFO - Started process (PID=4665) to work on /home/airflow/.local/lib/python3.12/site-packages/airflow/example_dags/example_kubernetes_executor.py
[2025-11-09T21:04:26.598+0000] {processor.py:914} INFO - Processing file /home/airflow/.local/lib/python3.12/site-packages/airflow/example_dags/example_kubernetes_executor.py for tasks to queue
[2025-11-09T21:04:26.602+0000] {logging_mixin.py:190} INFO - [2025-11-09T21:04:26.602+0000] {dagbag.py:588} INFO - Filling up the DagBag from /home/airflow/.local/lib/python3.12/site-packages/airflow/example_dags/example_kubernetes_executor.py
[2025-11-09T21:04:26.624+0000] {processor.py:925} INFO - DAG(s) 'example_kubernetes_executor' retrieved from /home/airflow/.local/lib/python3.12/site-packages/airflow/example_dags/example_kubernetes_executor.py
[2025-11-09T21:04:26.685+0000] {logging_mixin.py:190} INFO - [2025-11-09T21:04:26.685+0000] {dag.py:3239} INFO - Sync 1 DAGs
[2025-11-09T21:04:26.707+0000] {logging_mixin.py:190} INFO - [2025-11-09T21:04:26.706+0000] {dag.py:4180} INFO - Setting next_dagrun for example_kubernetes_executor to None, run_after=None
[2025-11-09T21:04:26.739+0000] {processor.py:208} INFO - Processing /home/airflow/.local/lib/python3.12/site-packages/airflow/example_dags/example_kubernetes_executor.py took 0.153 seconds
[2025-11-09T21:04:57.385+0000] {processor.py:186} INFO - Started process (PID=4728) to work on /home/airflow/.local/lib/python3.12/site-packages/airflow/example_dags/example_kubernetes_executor.py
[2025-11-09T21:04:57.388+0000] {processor.py:914} INFO - Processing file /home/airflow/.local/lib/python3.12/site-packages/airflow/example_dags/example_kubernetes_executor.py for tasks to queue
[2025-11-09T21:04:57.395+0000] {logging_mixin.py:190} INFO - [2025-11-09T21:04:57.394+0000] {dagbag.py:588} INFO - Filling up the DagBag from /home/airflow/.local/lib/python3.12/site-packages/airflow/example_dags/example_kubernetes_executor.py
[2025-11-09T21:04:57.440+0000] {processor.py:925} INFO - DAG(s) 'example_kubernetes_executor' retrieved from /home/airflow/.local/lib/python3.12/site-packages/airflow/example_dags/example_kubernetes_executor.py
[2025-11-09T21:04:57.554+0000] {logging_mixin.py:190} INFO - [2025-11-09T21:04:57.553+0000] {dag.py:3239} INFO - Sync 1 DAGs
[2025-11-09T21:04:57.600+0000] {logging_mixin.py:190} INFO - [2025-11-09T21:04:57.599+0000] {dag.py:4180} INFO - Setting next_dagrun for example_kubernetes_executor to None, run_after=None
[2025-11-09T21:04:57.655+0000] {processor.py:208} INFO - Processing /home/airflow/.local/lib/python3.12/site-packages/airflow/example_dags/example_kubernetes_executor.py took 0.291 seconds
[2025-11-09T21:08:21.207+0000] {processor.py:186} INFO - Started process (PID=134) to work on /home/airflow/.local/lib/python3.12/site-packages/airflow/example_dags/example_kubernetes_executor.py
[2025-11-09T21:08:21.210+0000] {processor.py:914} INFO - Processing file /home/airflow/.local/lib/python3.12/site-packages/airflow/example_dags/example_kubernetes_executor.py for tasks to queue
[2025-11-09T21:08:21.216+0000] {logging_mixin.py:190} INFO - [2025-11-09T21:08:21.215+0000] {dagbag.py:588} INFO - Filling up the DagBag from /home/airflow/.local/lib/python3.12/site-packages/airflow/example_dags/example_kubernetes_executor.py
[2025-11-09T21:08:21.287+0000] {processor.py:925} INFO - DAG(s) 'example_kubernetes_executor' retrieved from /home/airflow/.local/lib/python3.12/site-packages/airflow/example_dags/example_kubernetes_executor.py
[2025-11-09T21:08:21.439+0000] {logging_mixin.py:190} INFO - [2025-11-09T21:08:21.439+0000] {dag.py:3239} INFO - Sync 1 DAGs
[2025-11-09T21:08:21.508+0000] {logging_mixin.py:190} INFO - [2025-11-09T21:08:21.507+0000] {dag.py:4180} INFO - Setting next_dagrun for example_kubernetes_executor to None, run_after=None
[2025-11-09T21:08:21.581+0000] {processor.py:208} INFO - Processing /home/airflow/.local/lib/python3.12/site-packages/airflow/example_dags/example_kubernetes_executor.py took 0.389 seconds
[2025-11-09T21:08:51.981+0000] {processor.py:186} INFO - Started process (PID=197) to work on /home/airflow/.local/lib/python3.12/site-packages/airflow/example_dags/example_kubernetes_executor.py
[2025-11-09T21:08:51.984+0000] {processor.py:914} INFO - Processing file /home/airflow/.local/lib/python3.12/site-packages/airflow/example_dags/example_kubernetes_executor.py for tasks to queue
[2025-11-09T21:08:51.990+0000] {logging_mixin.py:190} INFO - [2025-11-09T21:08:51.989+0000] {dagbag.py:588} INFO - Filling up the DagBag from /home/airflow/.local/lib/python3.12/site-packages/airflow/example_dags/example_kubernetes_executor.py
[2025-11-09T21:08:52.026+0000] {processor.py:925} INFO - DAG(s) 'example_kubernetes_executor' retrieved from /home/airflow/.local/lib/python3.12/site-packages/airflow/example_dags/example_kubernetes_executor.py
[2025-11-09T21:08:52.105+0000] {logging_mixin.py:190} INFO - [2025-11-09T21:08:52.104+0000] {dag.py:3239} INFO - Sync 1 DAGs
[2025-11-09T21:08:52.135+0000] {logging_mixin.py:190} INFO - [2025-11-09T21:08:52.135+0000] {dag.py:4180} INFO - Setting next_dagrun for example_kubernetes_executor to None, run_after=None
[2025-11-09T21:08:52.173+0000] {processor.py:208} INFO - Processing /home/airflow/.local/lib/python3.12/site-packages/airflow/example_dags/example_kubernetes_executor.py took 0.208 seconds
[2025-11-09T21:09:22.479+0000] {processor.py:186} INFO - Started process (PID=262) to work on /home/airflow/.local/lib/python3.12/site-packages/airflow/example_dags/example_kubernetes_executor.py
[2025-11-09T21:09:22.481+0000] {processor.py:914} INFO - Processing file /home/airflow/.local/lib/python3.12/site-packages/airflow/example_dags/example_kubernetes_executor.py for tasks to queue
[2025-11-09T21:09:22.487+0000] {logging_mixin.py:190} INFO - [2025-11-09T21:09:22.486+0000] {dagbag.py:588} INFO - Filling up the DagBag from /home/airflow/.local/lib/python3.12/site-packages/airflow/example_dags/example_kubernetes_executor.py
[2025-11-09T21:09:22.529+0000] {processor.py:925} INFO - DAG(s) 'example_kubernetes_executor' retrieved from /home/airflow/.local/lib/python3.12/site-packages/airflow/example_dags/example_kubernetes_executor.py
[2025-11-09T21:09:22.613+0000] {logging_mixin.py:190} INFO - [2025-11-09T21:09:22.612+0000] {dag.py:3239} INFO - Sync 1 DAGs
[2025-11-09T21:09:22.663+0000] {logging_mixin.py:190} INFO - [2025-11-09T21:09:22.662+0000] {dag.py:4180} INFO - Setting next_dagrun for example_kubernetes_executor to None, run_after=None
[2025-11-09T21:09:22.706+0000] {processor.py:208} INFO - Processing /home/airflow/.local/lib/python3.12/site-packages/airflow/example_dags/example_kubernetes_executor.py took 0.241 seconds
[2025-11-09T21:09:56.408+0000] {processor.py:186} INFO - Started process (PID=326) to work on /home/airflow/.local/lib/python3.12/site-packages/airflow/example_dags/example_kubernetes_executor.py
[2025-11-09T21:09:56.411+0000] {processor.py:914} INFO - Processing file /home/airflow/.local/lib/python3.12/site-packages/airflow/example_dags/example_kubernetes_executor.py for tasks to queue
[2025-11-09T21:09:56.421+0000] {logging_mixin.py:190} INFO - [2025-11-09T21:09:56.418+0000] {dagbag.py:588} INFO - Filling up the DagBag from /home/airflow/.local/lib/python3.12/site-packages/airflow/example_dags/example_kubernetes_executor.py
[2025-11-09T21:09:56.471+0000] {processor.py:925} INFO - DAG(s) 'example_kubernetes_executor' retrieved from /home/airflow/.local/lib/python3.12/site-packages/airflow/example_dags/example_kubernetes_executor.py
[2025-11-09T21:09:56.579+0000] {logging_mixin.py:190} INFO - [2025-11-09T21:09:56.578+0000] {dag.py:3239} INFO - Sync 1 DAGs
[2025-11-09T21:09:56.616+0000] {logging_mixin.py:190} INFO - [2025-11-09T21:09:56.616+0000] {dag.py:4180} INFO - Setting next_dagrun for example_kubernetes_executor to None, run_after=None
[2025-11-09T21:09:56.671+0000] {processor.py:208} INFO - Processing /home/airflow/.local/lib/python3.12/site-packages/airflow/example_dags/example_kubernetes_executor.py took 0.284 seconds
[2025-11-09T21:10:27.210+0000] {processor.py:186} INFO - Started process (PID=390) to work on /home/airflow/.local/lib/python3.12/site-packages/airflow/example_dags/example_kubernetes_executor.py
[2025-11-09T21:10:27.215+0000] {processor.py:914} INFO - Processing file /home/airflow/.local/lib/python3.12/site-packages/airflow/example_dags/example_kubernetes_executor.py for tasks to queue
[2025-11-09T21:10:27.225+0000] {logging_mixin.py:190} INFO - [2025-11-09T21:10:27.224+0000] {dagbag.py:588} INFO - Filling up the DagBag from /home/airflow/.local/lib/python3.12/site-packages/airflow/example_dags/example_kubernetes_executor.py
[2025-11-09T21:10:27.284+0000] {processor.py:925} INFO - DAG(s) 'example_kubernetes_executor' retrieved from /home/airflow/.local/lib/python3.12/site-packages/airflow/example_dags/example_kubernetes_executor.py
[2025-11-09T21:10:27.453+0000] {logging_mixin.py:190} INFO - [2025-11-09T21:10:27.453+0000] {dag.py:3239} INFO - Sync 1 DAGs
[2025-11-09T21:10:27.512+0000] {logging_mixin.py:190} INFO - [2025-11-09T21:10:27.510+0000] {dag.py:4180} INFO - Setting next_dagrun for example_kubernetes_executor to None, run_after=None
[2025-11-09T21:10:27.585+0000] {processor.py:208} INFO - Processing /home/airflow/.local/lib/python3.12/site-packages/airflow/example_dags/example_kubernetes_executor.py took 0.396 seconds
[2025-11-09T21:10:58.423+0000] {processor.py:186} INFO - Started process (PID=454) to work on /home/airflow/.local/lib/python3.12/site-packages/airflow/example_dags/example_kubernetes_executor.py
[2025-11-09T21:10:58.426+0000] {processor.py:914} INFO - Processing file /home/airflow/.local/lib/python3.12/site-packages/airflow/example_dags/example_kubernetes_executor.py for tasks to queue
[2025-11-09T21:10:58.430+0000] {logging_mixin.py:190} INFO - [2025-11-09T21:10:58.429+0000] {dagbag.py:588} INFO - Filling up the DagBag from /home/airflow/.local/lib/python3.12/site-packages/airflow/example_dags/example_kubernetes_executor.py
[2025-11-09T21:10:58.454+0000] {processor.py:925} INFO - DAG(s) 'example_kubernetes_executor' retrieved from /home/airflow/.local/lib/python3.12/site-packages/airflow/example_dags/example_kubernetes_executor.py
[2025-11-09T21:10:58.512+0000] {logging_mixin.py:190} INFO - [2025-11-09T21:10:58.511+0000] {dag.py:3239} INFO - Sync 1 DAGs
[2025-11-09T21:10:58.533+0000] {logging_mixin.py:190} INFO - [2025-11-09T21:10:58.533+0000] {dag.py:4180} INFO - Setting next_dagrun for example_kubernetes_executor to None, run_after=None
[2025-11-09T21:10:58.561+0000] {processor.py:208} INFO - Processing /home/airflow/.local/lib/python3.12/site-packages/airflow/example_dags/example_kubernetes_executor.py took 0.149 seconds
[2025-11-09T21:11:28.730+0000] {processor.py:186} INFO - Started process (PID=518) to work on /home/airflow/.local/lib/python3.12/site-packages/airflow/example_dags/example_kubernetes_executor.py
[2025-11-09T21:11:28.733+0000] {processor.py:914} INFO - Processing file /home/airflow/.local/lib/python3.12/site-packages/airflow/example_dags/example_kubernetes_executor.py for tasks to queue
[2025-11-09T21:11:28.741+0000] {logging_mixin.py:190} INFO - [2025-11-09T21:11:28.740+0000] {dagbag.py:588} INFO - Filling up the DagBag from /home/airflow/.local/lib/python3.12/site-packages/airflow/example_dags/example_kubernetes_executor.py
[2025-11-09T21:11:28.798+0000] {processor.py:925} INFO - DAG(s) 'example_kubernetes_executor' retrieved from /home/airflow/.local/lib/python3.12/site-packages/airflow/example_dags/example_kubernetes_executor.py
[2025-11-09T21:11:28.931+0000] {logging_mixin.py:190} INFO - [2025-11-09T21:11:28.930+0000] {dag.py:3239} INFO - Sync 1 DAGs
[2025-11-09T21:11:28.979+0000] {logging_mixin.py:190} INFO - [2025-11-09T21:11:28.978+0000] {dag.py:4180} INFO - Setting next_dagrun for example_kubernetes_executor to None, run_after=None
[2025-11-09T21:11:29.020+0000] {processor.py:208} INFO - Processing /home/airflow/.local/lib/python3.12/site-packages/airflow/example_dags/example_kubernetes_executor.py took 0.309 seconds
[2025-11-09T21:11:59.284+0000] {processor.py:186} INFO - Started process (PID=582) to work on /home/airflow/.local/lib/python3.12/site-packages/airflow/example_dags/example_kubernetes_executor.py
[2025-11-09T21:11:59.286+0000] {processor.py:914} INFO - Processing file /home/airflow/.local/lib/python3.12/site-packages/airflow/example_dags/example_kubernetes_executor.py for tasks to queue
[2025-11-09T21:11:59.293+0000] {logging_mixin.py:190} INFO - [2025-11-09T21:11:59.292+0000] {dagbag.py:588} INFO - Filling up the DagBag from /home/airflow/.local/lib/python3.12/site-packages/airflow/example_dags/example_kubernetes_executor.py
[2025-11-09T21:11:59.326+0000] {processor.py:925} INFO - DAG(s) 'example_kubernetes_executor' retrieved from /home/airflow/.local/lib/python3.12/site-packages/airflow/example_dags/example_kubernetes_executor.py
[2025-11-09T21:11:59.414+0000] {logging_mixin.py:190} INFO - [2025-11-09T21:11:59.413+0000] {dag.py:3239} INFO - Sync 1 DAGs
[2025-11-09T21:11:59.450+0000] {logging_mixin.py:190} INFO - [2025-11-09T21:11:59.450+0000] {dag.py:4180} INFO - Setting next_dagrun for example_kubernetes_executor to None, run_after=None
[2025-11-09T21:11:59.490+0000] {processor.py:208} INFO - Processing /home/airflow/.local/lib/python3.12/site-packages/airflow/example_dags/example_kubernetes_executor.py took 0.220 seconds
[2025-11-09T21:12:29.871+0000] {processor.py:186} INFO - Started process (PID=645) to work on /home/airflow/.local/lib/python3.12/site-packages/airflow/example_dags/example_kubernetes_executor.py
[2025-11-09T21:12:29.875+0000] {processor.py:914} INFO - Processing file /home/airflow/.local/lib/python3.12/site-packages/airflow/example_dags/example_kubernetes_executor.py for tasks to queue
[2025-11-09T21:12:29.885+0000] {logging_mixin.py:190} INFO - [2025-11-09T21:12:29.883+0000] {dagbag.py:588} INFO - Filling up the DagBag from /home/airflow/.local/lib/python3.12/site-packages/airflow/example_dags/example_kubernetes_executor.py
[2025-11-09T21:12:29.949+0000] {processor.py:925} INFO - DAG(s) 'example_kubernetes_executor' retrieved from /home/airflow/.local/lib/python3.12/site-packages/airflow/example_dags/example_kubernetes_executor.py
[2025-11-09T21:12:30.130+0000] {logging_mixin.py:190} INFO - [2025-11-09T21:12:30.129+0000] {dag.py:3239} INFO - Sync 1 DAGs
[2025-11-09T21:12:30.193+0000] {logging_mixin.py:190} INFO - [2025-11-09T21:12:30.192+0000] {dag.py:4180} INFO - Setting next_dagrun for example_kubernetes_executor to None, run_after=None
[2025-11-09T21:12:30.294+0000] {processor.py:208} INFO - Processing /home/airflow/.local/lib/python3.12/site-packages/airflow/example_dags/example_kubernetes_executor.py took 0.446 seconds
[2025-11-09T21:13:00.829+0000] {processor.py:186} INFO - Started process (PID=709) to work on /home/airflow/.local/lib/python3.12/site-packages/airflow/example_dags/example_kubernetes_executor.py
[2025-11-09T21:13:00.832+0000] {processor.py:914} INFO - Processing file /home/airflow/.local/lib/python3.12/site-packages/airflow/example_dags/example_kubernetes_executor.py for tasks to queue
[2025-11-09T21:13:00.839+0000] {logging_mixin.py:190} INFO - [2025-11-09T21:13:00.839+0000] {dagbag.py:588} INFO - Filling up the DagBag from /home/airflow/.local/lib/python3.12/site-packages/airflow/example_dags/example_kubernetes_executor.py
[2025-11-09T21:13:00.906+0000] {processor.py:925} INFO - DAG(s) 'example_kubernetes_executor' retrieved from /home/airflow/.local/lib/python3.12/site-packages/airflow/example_dags/example_kubernetes_executor.py
[2025-11-09T21:13:01.006+0000] {logging_mixin.py:190} INFO - [2025-11-09T21:13:01.006+0000] {dag.py:3239} INFO - Sync 1 DAGs
[2025-11-09T21:13:01.048+0000] {logging_mixin.py:190} INFO - [2025-11-09T21:13:01.047+0000] {dag.py:4180} INFO - Setting next_dagrun for example_kubernetes_executor to None, run_after=None
[2025-11-09T21:13:01.092+0000] {processor.py:208} INFO - Processing /home/airflow/.local/lib/python3.12/site-packages/airflow/example_dags/example_kubernetes_executor.py took 0.281 seconds
[2025-11-09T21:13:31.239+0000] {processor.py:186} INFO - Started process (PID=773) to work on /home/airflow/.local/lib/python3.12/site-packages/airflow/example_dags/example_kubernetes_executor.py
[2025-11-09T21:13:31.241+0000] {processor.py:914} INFO - Processing file /home/airflow/.local/lib/python3.12/site-packages/airflow/example_dags/example_kubernetes_executor.py for tasks to queue
[2025-11-09T21:13:31.248+0000] {logging_mixin.py:190} INFO - [2025-11-09T21:13:31.247+0000] {dagbag.py:588} INFO - Filling up the DagBag from /home/airflow/.local/lib/python3.12/site-packages/airflow/example_dags/example_kubernetes_executor.py
[2025-11-09T21:13:31.289+0000] {processor.py:925} INFO - DAG(s) 'example_kubernetes_executor' retrieved from /home/airflow/.local/lib/python3.12/site-packages/airflow/example_dags/example_kubernetes_executor.py
[2025-11-09T21:13:31.375+0000] {logging_mixin.py:190} INFO - [2025-11-09T21:13:31.375+0000] {dag.py:3239} INFO - Sync 1 DAGs
[2025-11-09T21:13:31.407+0000] {logging_mixin.py:190} INFO - [2025-11-09T21:13:31.407+0000] {dag.py:4180} INFO - Setting next_dagrun for example_kubernetes_executor to None, run_after=None
[2025-11-09T21:13:31.449+0000] {processor.py:208} INFO - Processing /home/airflow/.local/lib/python3.12/site-packages/airflow/example_dags/example_kubernetes_executor.py took 0.230 seconds
[2025-11-09T21:14:02.282+0000] {processor.py:186} INFO - Started process (PID=837) to work on /home/airflow/.local/lib/python3.12/site-packages/airflow/example_dags/example_kubernetes_executor.py
[2025-11-09T21:14:02.284+0000] {processor.py:914} INFO - Processing file /home/airflow/.local/lib/python3.12/site-packages/airflow/example_dags/example_kubernetes_executor.py for tasks to queue
[2025-11-09T21:14:02.290+0000] {logging_mixin.py:190} INFO - [2025-11-09T21:14:02.289+0000] {dagbag.py:588} INFO - Filling up the DagBag from /home/airflow/.local/lib/python3.12/site-packages/airflow/example_dags/example_kubernetes_executor.py
[2025-11-09T21:14:02.321+0000] {processor.py:925} INFO - DAG(s) 'example_kubernetes_executor' retrieved from /home/airflow/.local/lib/python3.12/site-packages/airflow/example_dags/example_kubernetes_executor.py
[2025-11-09T21:14:02.399+0000] {logging_mixin.py:190} INFO - [2025-11-09T21:14:02.399+0000] {dag.py:3239} INFO - Sync 1 DAGs
[2025-11-09T21:14:02.427+0000] {logging_mixin.py:190} INFO - [2025-11-09T21:14:02.427+0000] {dag.py:4180} INFO - Setting next_dagrun for example_kubernetes_executor to None, run_after=None
[2025-11-09T21:14:02.459+0000] {processor.py:208} INFO - Processing /home/airflow/.local/lib/python3.12/site-packages/airflow/example_dags/example_kubernetes_executor.py took 0.192 seconds
[2025-11-09T21:14:32.856+0000] {processor.py:186} INFO - Started process (PID=901) to work on /home/airflow/.local/lib/python3.12/site-packages/airflow/example_dags/example_kubernetes_executor.py
[2025-11-09T21:14:32.859+0000] {processor.py:914} INFO - Processing file /home/airflow/.local/lib/python3.12/site-packages/airflow/example_dags/example_kubernetes_executor.py for tasks to queue
[2025-11-09T21:14:32.867+0000] {logging_mixin.py:190} INFO - [2025-11-09T21:14:32.866+0000] {dagbag.py:588} INFO - Filling up the DagBag from /home/airflow/.local/lib/python3.12/site-packages/airflow/example_dags/example_kubernetes_executor.py
[2025-11-09T21:14:32.916+0000] {processor.py:925} INFO - DAG(s) 'example_kubernetes_executor' retrieved from /home/airflow/.local/lib/python3.12/site-packages/airflow/example_dags/example_kubernetes_executor.py
[2025-11-09T21:14:33.070+0000] {logging_mixin.py:190} INFO - [2025-11-09T21:14:33.069+0000] {dag.py:3239} INFO - Sync 1 DAGs
[2025-11-09T21:14:33.114+0000] {logging_mixin.py:190} INFO - [2025-11-09T21:14:33.113+0000] {dag.py:4180} INFO - Setting next_dagrun for example_kubernetes_executor to None, run_after=None
[2025-11-09T21:14:33.170+0000] {processor.py:208} INFO - Processing /home/airflow/.local/lib/python3.12/site-packages/airflow/example_dags/example_kubernetes_executor.py took 0.336 seconds
[2025-11-09T21:15:03.602+0000] {processor.py:186} INFO - Started process (PID=965) to work on /home/airflow/.local/lib/python3.12/site-packages/airflow/example_dags/example_kubernetes_executor.py
[2025-11-09T21:15:03.606+0000] {processor.py:914} INFO - Processing file /home/airflow/.local/lib/python3.12/site-packages/airflow/example_dags/example_kubernetes_executor.py for tasks to queue
[2025-11-09T21:15:03.616+0000] {logging_mixin.py:190} INFO - [2025-11-09T21:15:03.614+0000] {dagbag.py:588} INFO - Filling up the DagBag from /home/airflow/.local/lib/python3.12/site-packages/airflow/example_dags/example_kubernetes_executor.py
[2025-11-09T21:15:03.674+0000] {processor.py:925} INFO - DAG(s) 'example_kubernetes_executor' retrieved from /home/airflow/.local/lib/python3.12/site-packages/airflow/example_dags/example_kubernetes_executor.py
[2025-11-09T21:15:03.794+0000] {logging_mixin.py:190} INFO - [2025-11-09T21:15:03.793+0000] {dag.py:3239} INFO - Sync 1 DAGs
[2025-11-09T21:15:03.839+0000] {logging_mixin.py:190} INFO - [2025-11-09T21:15:03.838+0000] {dag.py:4180} INFO - Setting next_dagrun for example_kubernetes_executor to None, run_after=None
[2025-11-09T21:15:03.889+0000] {processor.py:208} INFO - Processing /home/airflow/.local/lib/python3.12/site-packages/airflow/example_dags/example_kubernetes_executor.py took 0.313 seconds
[2025-11-09T21:15:34.960+0000] {processor.py:186} INFO - Started process (PID=1028) to work on /home/airflow/.local/lib/python3.12/site-packages/airflow/example_dags/example_kubernetes_executor.py
[2025-11-09T21:15:34.962+0000] {processor.py:914} INFO - Processing file /home/airflow/.local/lib/python3.12/site-packages/airflow/example_dags/example_kubernetes_executor.py for tasks to queue
[2025-11-09T21:15:34.967+0000] {logging_mixin.py:190} INFO - [2025-11-09T21:15:34.966+0000] {dagbag.py:588} INFO - Filling up the DagBag from /home/airflow/.local/lib/python3.12/site-packages/airflow/example_dags/example_kubernetes_executor.py
[2025-11-09T21:15:35.002+0000] {processor.py:925} INFO - DAG(s) 'example_kubernetes_executor' retrieved from /home/airflow/.local/lib/python3.12/site-packages/airflow/example_dags/example_kubernetes_executor.py
[2025-11-09T21:15:35.077+0000] {logging_mixin.py:190} INFO - [2025-11-09T21:15:35.076+0000] {dag.py:3239} INFO - Sync 1 DAGs
[2025-11-09T21:15:35.115+0000] {logging_mixin.py:190} INFO - [2025-11-09T21:15:35.114+0000] {dag.py:4180} INFO - Setting next_dagrun for example_kubernetes_executor to None, run_after=None
[2025-11-09T21:15:35.163+0000] {processor.py:208} INFO - Processing /home/airflow/.local/lib/python3.12/site-packages/airflow/example_dags/example_kubernetes_executor.py took 0.215 seconds
[2025-11-09T21:16:05.395+0000] {processor.py:186} INFO - Started process (PID=1092) to work on /home/airflow/.local/lib/python3.12/site-packages/airflow/example_dags/example_kubernetes_executor.py
[2025-11-09T21:16:05.397+0000] {processor.py:914} INFO - Processing file /home/airflow/.local/lib/python3.12/site-packages/airflow/example_dags/example_kubernetes_executor.py for tasks to queue
[2025-11-09T21:16:05.402+0000] {logging_mixin.py:190} INFO - [2025-11-09T21:16:05.401+0000] {dagbag.py:588} INFO - Filling up the DagBag from /home/airflow/.local/lib/python3.12/site-packages/airflow/example_dags/example_kubernetes_executor.py
[2025-11-09T21:16:05.428+0000] {processor.py:925} INFO - DAG(s) 'example_kubernetes_executor' retrieved from /home/airflow/.local/lib/python3.12/site-packages/airflow/example_dags/example_kubernetes_executor.py
[2025-11-09T21:16:05.487+0000] {logging_mixin.py:190} INFO - [2025-11-09T21:16:05.487+0000] {dag.py:3239} INFO - Sync 1 DAGs
[2025-11-09T21:16:05.509+0000] {logging_mixin.py:190} INFO - [2025-11-09T21:16:05.509+0000] {dag.py:4180} INFO - Setting next_dagrun for example_kubernetes_executor to None, run_after=None
[2025-11-09T21:16:05.536+0000] {processor.py:208} INFO - Processing /home/airflow/.local/lib/python3.12/site-packages/airflow/example_dags/example_kubernetes_executor.py took 0.153 seconds
[2025-11-09T21:16:36.222+0000] {processor.py:186} INFO - Started process (PID=1156) to work on /home/airflow/.local/lib/python3.12/site-packages/airflow/example_dags/example_kubernetes_executor.py
[2025-11-09T21:16:36.225+0000] {processor.py:914} INFO - Processing file /home/airflow/.local/lib/python3.12/site-packages/airflow/example_dags/example_kubernetes_executor.py for tasks to queue
[2025-11-09T21:16:36.232+0000] {logging_mixin.py:190} INFO - [2025-11-09T21:16:36.232+0000] {dagbag.py:588} INFO - Filling up the DagBag from /home/airflow/.local/lib/python3.12/site-packages/airflow/example_dags/example_kubernetes_executor.py
[2025-11-09T21:16:36.264+0000] {processor.py:925} INFO - DAG(s) 'example_kubernetes_executor' retrieved from /home/airflow/.local/lib/python3.12/site-packages/airflow/example_dags/example_kubernetes_executor.py
[2025-11-09T21:16:36.351+0000] {logging_mixin.py:190} INFO - [2025-11-09T21:16:36.351+0000] {dag.py:3239} INFO - Sync 1 DAGs
[2025-11-09T21:16:36.384+0000] {logging_mixin.py:190} INFO - [2025-11-09T21:16:36.384+0000] {dag.py:4180} INFO - Setting next_dagrun for example_kubernetes_executor to None, run_after=None
[2025-11-09T21:16:36.418+0000] {processor.py:208} INFO - Processing /home/airflow/.local/lib/python3.12/site-packages/airflow/example_dags/example_kubernetes_executor.py took 0.211 seconds
[2025-11-09T21:17:06.879+0000] {processor.py:186} INFO - Started process (PID=1220) to work on /home/airflow/.local/lib/python3.12/site-packages/airflow/example_dags/example_kubernetes_executor.py
[2025-11-09T21:17:06.880+0000] {processor.py:914} INFO - Processing file /home/airflow/.local/lib/python3.12/site-packages/airflow/example_dags/example_kubernetes_executor.py for tasks to queue
[2025-11-09T21:17:06.885+0000] {logging_mixin.py:190} INFO - [2025-11-09T21:17:06.884+0000] {dagbag.py:588} INFO - Filling up the DagBag from /home/airflow/.local/lib/python3.12/site-packages/airflow/example_dags/example_kubernetes_executor.py
[2025-11-09T21:17:06.906+0000] {processor.py:925} INFO - DAG(s) 'example_kubernetes_executor' retrieved from /home/airflow/.local/lib/python3.12/site-packages/airflow/example_dags/example_kubernetes_executor.py
[2025-11-09T21:17:06.972+0000] {logging_mixin.py:190} INFO - [2025-11-09T21:17:06.972+0000] {dag.py:3239} INFO - Sync 1 DAGs
[2025-11-09T21:17:07.000+0000] {logging_mixin.py:190} INFO - [2025-11-09T21:17:07.000+0000] {dag.py:4180} INFO - Setting next_dagrun for example_kubernetes_executor to None, run_after=None
[2025-11-09T21:17:07.039+0000] {processor.py:208} INFO - Processing /home/airflow/.local/lib/python3.12/site-packages/airflow/example_dags/example_kubernetes_executor.py took 0.169 seconds
[2025-11-09T21:17:37.600+0000] {processor.py:186} INFO - Started process (PID=1283) to work on /home/airflow/.local/lib/python3.12/site-packages/airflow/example_dags/example_kubernetes_executor.py
[2025-11-09T21:17:37.602+0000] {processor.py:914} INFO - Processing file /home/airflow/.local/lib/python3.12/site-packages/airflow/example_dags/example_kubernetes_executor.py for tasks to queue
[2025-11-09T21:17:37.606+0000] {logging_mixin.py:190} INFO - [2025-11-09T21:17:37.605+0000] {dagbag.py:588} INFO - Filling up the DagBag from /home/airflow/.local/lib/python3.12/site-packages/airflow/example_dags/example_kubernetes_executor.py
[2025-11-09T21:17:37.628+0000] {processor.py:925} INFO - DAG(s) 'example_kubernetes_executor' retrieved from /home/airflow/.local/lib/python3.12/site-packages/airflow/example_dags/example_kubernetes_executor.py
[2025-11-09T21:17:37.689+0000] {logging_mixin.py:190} INFO - [2025-11-09T21:17:37.689+0000] {dag.py:3239} INFO - Sync 1 DAGs
[2025-11-09T21:17:37.714+0000] {logging_mixin.py:190} INFO - [2025-11-09T21:17:37.714+0000] {dag.py:4180} INFO - Setting next_dagrun for example_kubernetes_executor to None, run_after=None
[2025-11-09T21:17:37.744+0000] {processor.py:208} INFO - Processing /home/airflow/.local/lib/python3.12/site-packages/airflow/example_dags/example_kubernetes_executor.py took 0.154 seconds
[2025-11-09T21:18:08.057+0000] {processor.py:186} INFO - Started process (PID=1347) to work on /home/airflow/.local/lib/python3.12/site-packages/airflow/example_dags/example_kubernetes_executor.py
[2025-11-09T21:18:08.059+0000] {processor.py:914} INFO - Processing file /home/airflow/.local/lib/python3.12/site-packages/airflow/example_dags/example_kubernetes_executor.py for tasks to queue
[2025-11-09T21:18:08.063+0000] {logging_mixin.py:190} INFO - [2025-11-09T21:18:08.063+0000] {dagbag.py:588} INFO - Filling up the DagBag from /home/airflow/.local/lib/python3.12/site-packages/airflow/example_dags/example_kubernetes_executor.py
[2025-11-09T21:18:08.085+0000] {processor.py:925} INFO - DAG(s) 'example_kubernetes_executor' retrieved from /home/airflow/.local/lib/python3.12/site-packages/airflow/example_dags/example_kubernetes_executor.py
[2025-11-09T21:18:08.196+0000] {logging_mixin.py:190} INFO - [2025-11-09T21:18:08.195+0000] {dag.py:3239} INFO - Sync 1 DAGs
[2025-11-09T21:18:08.233+0000] {logging_mixin.py:190} INFO - [2025-11-09T21:18:08.233+0000] {dag.py:4180} INFO - Setting next_dagrun for example_kubernetes_executor to None, run_after=None
[2025-11-09T21:18:08.272+0000] {processor.py:208} INFO - Processing /home/airflow/.local/lib/python3.12/site-packages/airflow/example_dags/example_kubernetes_executor.py took 0.225 seconds
[2025-11-09T21:18:38.752+0000] {processor.py:186} INFO - Started process (PID=1411) to work on /home/airflow/.local/lib/python3.12/site-packages/airflow/example_dags/example_kubernetes_executor.py
[2025-11-09T21:18:38.754+0000] {processor.py:914} INFO - Processing file /home/airflow/.local/lib/python3.12/site-packages/airflow/example_dags/example_kubernetes_executor.py for tasks to queue
[2025-11-09T21:18:38.773+0000] {logging_mixin.py:190} INFO - [2025-11-09T21:18:38.771+0000] {dagbag.py:588} INFO - Filling up the DagBag from /home/airflow/.local/lib/python3.12/site-packages/airflow/example_dags/example_kubernetes_executor.py
[2025-11-09T21:18:38.807+0000] {processor.py:925} INFO - DAG(s) 'example_kubernetes_executor' retrieved from /home/airflow/.local/lib/python3.12/site-packages/airflow/example_dags/example_kubernetes_executor.py
[2025-11-09T21:18:38.894+0000] {logging_mixin.py:190} INFO - [2025-11-09T21:18:38.893+0000] {dag.py:3239} INFO - Sync 1 DAGs
[2025-11-09T21:18:38.947+0000] {logging_mixin.py:190} INFO - [2025-11-09T21:18:38.946+0000] {dag.py:4180} INFO - Setting next_dagrun for example_kubernetes_executor to None, run_after=None
[2025-11-09T21:18:39.012+0000] {processor.py:208} INFO - Processing /home/airflow/.local/lib/python3.12/site-packages/airflow/example_dags/example_kubernetes_executor.py took 0.275 seconds
[2025-11-09T21:19:09.997+0000] {processor.py:186} INFO - Started process (PID=1475) to work on /home/airflow/.local/lib/python3.12/site-packages/airflow/example_dags/example_kubernetes_executor.py
[2025-11-09T21:19:10.000+0000] {processor.py:914} INFO - Processing file /home/airflow/.local/lib/python3.12/site-packages/airflow/example_dags/example_kubernetes_executor.py for tasks to queue
[2025-11-09T21:19:10.011+0000] {logging_mixin.py:190} INFO - [2025-11-09T21:19:10.009+0000] {dagbag.py:588} INFO - Filling up the DagBag from /home/airflow/.local/lib/python3.12/site-packages/airflow/example_dags/example_kubernetes_executor.py
[2025-11-09T21:19:10.053+0000] {processor.py:925} INFO - DAG(s) 'example_kubernetes_executor' retrieved from /home/airflow/.local/lib/python3.12/site-packages/airflow/example_dags/example_kubernetes_executor.py
[2025-11-09T21:19:10.168+0000] {logging_mixin.py:190} INFO - [2025-11-09T21:19:10.167+0000] {dag.py:3239} INFO - Sync 1 DAGs
[2025-11-09T21:19:10.214+0000] {logging_mixin.py:190} INFO - [2025-11-09T21:19:10.213+0000] {dag.py:4180} INFO - Setting next_dagrun for example_kubernetes_executor to None, run_after=None
[2025-11-09T21:19:10.267+0000] {processor.py:208} INFO - Processing /home/airflow/.local/lib/python3.12/site-packages/airflow/example_dags/example_kubernetes_executor.py took 0.287 seconds
[2025-11-09T21:19:40.593+0000] {processor.py:186} INFO - Started process (PID=1538) to work on /home/airflow/.local/lib/python3.12/site-packages/airflow/example_dags/example_kubernetes_executor.py
[2025-11-09T21:19:40.595+0000] {processor.py:914} INFO - Processing file /home/airflow/.local/lib/python3.12/site-packages/airflow/example_dags/example_kubernetes_executor.py for tasks to queue
[2025-11-09T21:19:40.602+0000] {logging_mixin.py:190} INFO - [2025-11-09T21:19:40.602+0000] {dagbag.py:588} INFO - Filling up the DagBag from /home/airflow/.local/lib/python3.12/site-packages/airflow/example_dags/example_kubernetes_executor.py
[2025-11-09T21:19:40.654+0000] {processor.py:925} INFO - DAG(s) 'example_kubernetes_executor' retrieved from /home/airflow/.local/lib/python3.12/site-packages/airflow/example_dags/example_kubernetes_executor.py
[2025-11-09T21:19:40.794+0000] {logging_mixin.py:190} INFO - [2025-11-09T21:19:40.793+0000] {dag.py:3239} INFO - Sync 1 DAGs
[2025-11-09T21:19:40.840+0000] {logging_mixin.py:190} INFO - [2025-11-09T21:19:40.839+0000] {dag.py:4180} INFO - Setting next_dagrun for example_kubernetes_executor to None, run_after=None
[2025-11-09T21:19:40.899+0000] {processor.py:208} INFO - Processing /home/airflow/.local/lib/python3.12/site-packages/airflow/example_dags/example_kubernetes_executor.py took 0.330 seconds
[2025-11-09T21:20:11.844+0000] {processor.py:186} INFO - Started process (PID=1602) to work on /home/airflow/.local/lib/python3.12/site-packages/airflow/example_dags/example_kubernetes_executor.py
[2025-11-09T21:20:11.847+0000] {processor.py:914} INFO - Processing file /home/airflow/.local/lib/python3.12/site-packages/airflow/example_dags/example_kubernetes_executor.py for tasks to queue
[2025-11-09T21:20:11.854+0000] {logging_mixin.py:190} INFO - [2025-11-09T21:20:11.853+0000] {dagbag.py:588} INFO - Filling up the DagBag from /home/airflow/.local/lib/python3.12/site-packages/airflow/example_dags/example_kubernetes_executor.py
[2025-11-09T21:20:11.897+0000] {processor.py:925} INFO - DAG(s) 'example_kubernetes_executor' retrieved from /home/airflow/.local/lib/python3.12/site-packages/airflow/example_dags/example_kubernetes_executor.py
[2025-11-09T21:20:11.998+0000] {logging_mixin.py:190} INFO - [2025-11-09T21:20:11.998+0000] {dag.py:3239} INFO - Sync 1 DAGs
[2025-11-09T21:20:12.041+0000] {logging_mixin.py:190} INFO - [2025-11-09T21:20:12.041+0000] {dag.py:4180} INFO - Setting next_dagrun for example_kubernetes_executor to None, run_after=None
[2025-11-09T21:20:12.085+0000] {processor.py:208} INFO - Processing /home/airflow/.local/lib/python3.12/site-packages/airflow/example_dags/example_kubernetes_executor.py took 0.264 seconds
[2025-11-09T21:20:42.224+0000] {processor.py:186} INFO - Started process (PID=1665) to work on /home/airflow/.local/lib/python3.12/site-packages/airflow/example_dags/example_kubernetes_executor.py
[2025-11-09T21:20:42.227+0000] {processor.py:914} INFO - Processing file /home/airflow/.local/lib/python3.12/site-packages/airflow/example_dags/example_kubernetes_executor.py for tasks to queue
[2025-11-09T21:20:42.235+0000] {logging_mixin.py:190} INFO - [2025-11-09T21:20:42.235+0000] {dagbag.py:588} INFO - Filling up the DagBag from /home/airflow/.local/lib/python3.12/site-packages/airflow/example_dags/example_kubernetes_executor.py
[2025-11-09T21:20:42.284+0000] {processor.py:925} INFO - DAG(s) 'example_kubernetes_executor' retrieved from /home/airflow/.local/lib/python3.12/site-packages/airflow/example_dags/example_kubernetes_executor.py
[2025-11-09T21:20:42.398+0000] {logging_mixin.py:190} INFO - [2025-11-09T21:20:42.397+0000] {dag.py:3239} INFO - Sync 1 DAGs
[2025-11-09T21:20:42.433+0000] {logging_mixin.py:190} INFO - [2025-11-09T21:20:42.432+0000] {dag.py:4180} INFO - Setting next_dagrun for example_kubernetes_executor to None, run_after=None
[2025-11-09T21:20:42.473+0000] {processor.py:208} INFO - Processing /home/airflow/.local/lib/python3.12/site-packages/airflow/example_dags/example_kubernetes_executor.py took 0.263 seconds
[2025-11-09T21:21:20.700+0000] {processor.py:186} INFO - Started process (PID=1737) to work on /home/airflow/.local/lib/python3.12/site-packages/airflow/example_dags/example_kubernetes_executor.py
[2025-11-09T21:21:20.707+0000] {processor.py:914} INFO - Processing file /home/airflow/.local/lib/python3.12/site-packages/airflow/example_dags/example_kubernetes_executor.py for tasks to queue
[2025-11-09T21:21:20.718+0000] {logging_mixin.py:190} INFO - [2025-11-09T21:21:20.717+0000] {dagbag.py:588} INFO - Filling up the DagBag from /home/airflow/.local/lib/python3.12/site-packages/airflow/example_dags/example_kubernetes_executor.py
[2025-11-09T21:21:20.824+0000] {processor.py:925} INFO - DAG(s) 'example_kubernetes_executor' retrieved from /home/airflow/.local/lib/python3.12/site-packages/airflow/example_dags/example_kubernetes_executor.py
[2025-11-09T21:21:21.022+0000] {logging_mixin.py:190} INFO - [2025-11-09T21:21:21.021+0000] {dag.py:3239} INFO - Sync 1 DAGs
[2025-11-09T21:21:21.094+0000] {logging_mixin.py:190} INFO - [2025-11-09T21:21:21.094+0000] {dag.py:4180} INFO - Setting next_dagrun for example_kubernetes_executor to None, run_after=None
[2025-11-09T21:21:21.166+0000] {processor.py:208} INFO - Processing /home/airflow/.local/lib/python3.12/site-packages/airflow/example_dags/example_kubernetes_executor.py took 0.505 seconds
[2025-11-09T21:21:51.460+0000] {processor.py:186} INFO - Started process (PID=1801) to work on /home/airflow/.local/lib/python3.12/site-packages/airflow/example_dags/example_kubernetes_executor.py
[2025-11-09T21:21:51.463+0000] {processor.py:914} INFO - Processing file /home/airflow/.local/lib/python3.12/site-packages/airflow/example_dags/example_kubernetes_executor.py for tasks to queue
[2025-11-09T21:21:51.469+0000] {logging_mixin.py:190} INFO - [2025-11-09T21:21:51.468+0000] {dagbag.py:588} INFO - Filling up the DagBag from /home/airflow/.local/lib/python3.12/site-packages/airflow/example_dags/example_kubernetes_executor.py
[2025-11-09T21:21:51.521+0000] {processor.py:925} INFO - DAG(s) 'example_kubernetes_executor' retrieved from /home/airflow/.local/lib/python3.12/site-packages/airflow/example_dags/example_kubernetes_executor.py
[2025-11-09T21:21:51.618+0000] {logging_mixin.py:190} INFO - [2025-11-09T21:21:51.618+0000] {dag.py:3239} INFO - Sync 1 DAGs
[2025-11-09T21:21:51.660+0000] {logging_mixin.py:190} INFO - [2025-11-09T21:21:51.659+0000] {dag.py:4180} INFO - Setting next_dagrun for example_kubernetes_executor to None, run_after=None
[2025-11-09T21:21:51.707+0000] {processor.py:208} INFO - Processing /home/airflow/.local/lib/python3.12/site-packages/airflow/example_dags/example_kubernetes_executor.py took 0.262 seconds
[2025-11-09T21:22:21.988+0000] {processor.py:186} INFO - Started process (PID=1865) to work on /home/airflow/.local/lib/python3.12/site-packages/airflow/example_dags/example_kubernetes_executor.py
[2025-11-09T21:22:21.990+0000] {processor.py:914} INFO - Processing file /home/airflow/.local/lib/python3.12/site-packages/airflow/example_dags/example_kubernetes_executor.py for tasks to queue
[2025-11-09T21:22:21.997+0000] {logging_mixin.py:190} INFO - [2025-11-09T21:22:21.996+0000] {dagbag.py:588} INFO - Filling up the DagBag from /home/airflow/.local/lib/python3.12/site-packages/airflow/example_dags/example_kubernetes_executor.py
[2025-11-09T21:22:22.021+0000] {processor.py:925} INFO - DAG(s) 'example_kubernetes_executor' retrieved from /home/airflow/.local/lib/python3.12/site-packages/airflow/example_dags/example_kubernetes_executor.py
[2025-11-09T21:22:22.082+0000] {logging_mixin.py:190} INFO - [2025-11-09T21:22:22.082+0000] {dag.py:3239} INFO - Sync 1 DAGs
[2025-11-09T21:22:22.111+0000] {logging_mixin.py:190} INFO - [2025-11-09T21:22:22.110+0000] {dag.py:4180} INFO - Setting next_dagrun for example_kubernetes_executor to None, run_after=None
[2025-11-09T21:22:22.140+0000] {processor.py:208} INFO - Processing /home/airflow/.local/lib/python3.12/site-packages/airflow/example_dags/example_kubernetes_executor.py took 0.162 seconds
[2025-11-09T21:22:53.067+0000] {processor.py:186} INFO - Started process (PID=1929) to work on /home/airflow/.local/lib/python3.12/site-packages/airflow/example_dags/example_kubernetes_executor.py
[2025-11-09T21:22:53.069+0000] {processor.py:914} INFO - Processing file /home/airflow/.local/lib/python3.12/site-packages/airflow/example_dags/example_kubernetes_executor.py for tasks to queue
[2025-11-09T21:22:53.075+0000] {logging_mixin.py:190} INFO - [2025-11-09T21:22:53.074+0000] {dagbag.py:588} INFO - Filling up the DagBag from /home/airflow/.local/lib/python3.12/site-packages/airflow/example_dags/example_kubernetes_executor.py
[2025-11-09T21:22:53.109+0000] {processor.py:925} INFO - DAG(s) 'example_kubernetes_executor' retrieved from /home/airflow/.local/lib/python3.12/site-packages/airflow/example_dags/example_kubernetes_executor.py
[2025-11-09T21:22:53.179+0000] {logging_mixin.py:190} INFO - [2025-11-09T21:22:53.179+0000] {dag.py:3239} INFO - Sync 1 DAGs
[2025-11-09T21:22:53.212+0000] {logging_mixin.py:190} INFO - [2025-11-09T21:22:53.212+0000] {dag.py:4180} INFO - Setting next_dagrun for example_kubernetes_executor to None, run_after=None
[2025-11-09T21:22:53.249+0000] {processor.py:208} INFO - Processing /home/airflow/.local/lib/python3.12/site-packages/airflow/example_dags/example_kubernetes_executor.py took 0.196 seconds
[2025-11-09T21:23:23.974+0000] {processor.py:186} INFO - Started process (PID=1993) to work on /home/airflow/.local/lib/python3.12/site-packages/airflow/example_dags/example_kubernetes_executor.py
[2025-11-09T21:23:23.976+0000] {processor.py:914} INFO - Processing file /home/airflow/.local/lib/python3.12/site-packages/airflow/example_dags/example_kubernetes_executor.py for tasks to queue
[2025-11-09T21:23:23.980+0000] {logging_mixin.py:190} INFO - [2025-11-09T21:23:23.980+0000] {dagbag.py:588} INFO - Filling up the DagBag from /home/airflow/.local/lib/python3.12/site-packages/airflow/example_dags/example_kubernetes_executor.py
[2025-11-09T21:23:24.010+0000] {processor.py:925} INFO - DAG(s) 'example_kubernetes_executor' retrieved from /home/airflow/.local/lib/python3.12/site-packages/airflow/example_dags/example_kubernetes_executor.py
[2025-11-09T21:23:24.073+0000] {logging_mixin.py:190} INFO - [2025-11-09T21:23:24.072+0000] {dag.py:3239} INFO - Sync 1 DAGs
[2025-11-09T21:23:24.097+0000] {logging_mixin.py:190} INFO - [2025-11-09T21:23:24.097+0000] {dag.py:4180} INFO - Setting next_dagrun for example_kubernetes_executor to None, run_after=None
[2025-11-09T21:23:24.131+0000] {processor.py:208} INFO - Processing /home/airflow/.local/lib/python3.12/site-packages/airflow/example_dags/example_kubernetes_executor.py took 0.168 seconds
[2025-11-09T21:23:54.614+0000] {processor.py:186} INFO - Started process (PID=2056) to work on /home/airflow/.local/lib/python3.12/site-packages/airflow/example_dags/example_kubernetes_executor.py
[2025-11-09T21:23:54.616+0000] {processor.py:914} INFO - Processing file /home/airflow/.local/lib/python3.12/site-packages/airflow/example_dags/example_kubernetes_executor.py for tasks to queue
[2025-11-09T21:23:54.628+0000] {logging_mixin.py:190} INFO - [2025-11-09T21:23:54.627+0000] {dagbag.py:588} INFO - Filling up the DagBag from /home/airflow/.local/lib/python3.12/site-packages/airflow/example_dags/example_kubernetes_executor.py
[2025-11-09T21:23:54.671+0000] {processor.py:925} INFO - DAG(s) 'example_kubernetes_executor' retrieved from /home/airflow/.local/lib/python3.12/site-packages/airflow/example_dags/example_kubernetes_executor.py
[2025-11-09T21:23:54.787+0000] {logging_mixin.py:190} INFO - [2025-11-09T21:23:54.787+0000] {dag.py:3239} INFO - Sync 1 DAGs
[2025-11-09T21:23:54.840+0000] {logging_mixin.py:190} INFO - [2025-11-09T21:23:54.839+0000] {dag.py:4180} INFO - Setting next_dagrun for example_kubernetes_executor to None, run_after=None
[2025-11-09T21:23:54.904+0000] {processor.py:208} INFO - Processing /home/airflow/.local/lib/python3.12/site-packages/airflow/example_dags/example_kubernetes_executor.py took 0.310 seconds
[2025-11-09T21:24:25.965+0000] {processor.py:186} INFO - Started process (PID=2120) to work on /home/airflow/.local/lib/python3.12/site-packages/airflow/example_dags/example_kubernetes_executor.py
[2025-11-09T21:24:25.967+0000] {processor.py:914} INFO - Processing file /home/airflow/.local/lib/python3.12/site-packages/airflow/example_dags/example_kubernetes_executor.py for tasks to queue
[2025-11-09T21:24:25.972+0000] {logging_mixin.py:190} INFO - [2025-11-09T21:24:25.972+0000] {dagbag.py:588} INFO - Filling up the DagBag from /home/airflow/.local/lib/python3.12/site-packages/airflow/example_dags/example_kubernetes_executor.py
[2025-11-09T21:24:26.004+0000] {processor.py:925} INFO - DAG(s) 'example_kubernetes_executor' retrieved from /home/airflow/.local/lib/python3.12/site-packages/airflow/example_dags/example_kubernetes_executor.py
[2025-11-09T21:24:26.076+0000] {logging_mixin.py:190} INFO - [2025-11-09T21:24:26.076+0000] {dag.py:3239} INFO - Sync 1 DAGs
[2025-11-09T21:24:26.110+0000] {logging_mixin.py:190} INFO - [2025-11-09T21:24:26.110+0000] {dag.py:4180} INFO - Setting next_dagrun for example_kubernetes_executor to None, run_after=None
[2025-11-09T21:24:26.145+0000] {processor.py:208} INFO - Processing /home/airflow/.local/lib/python3.12/site-packages/airflow/example_dags/example_kubernetes_executor.py took 0.194 seconds
[2025-11-09T21:24:57.082+0000] {processor.py:186} INFO - Started process (PID=2184) to work on /home/airflow/.local/lib/python3.12/site-packages/airflow/example_dags/example_kubernetes_executor.py
[2025-11-09T21:24:57.086+0000] {processor.py:914} INFO - Processing file /home/airflow/.local/lib/python3.12/site-packages/airflow/example_dags/example_kubernetes_executor.py for tasks to queue
[2025-11-09T21:24:57.092+0000] {logging_mixin.py:190} INFO - [2025-11-09T21:24:57.091+0000] {dagbag.py:588} INFO - Filling up the DagBag from /home/airflow/.local/lib/python3.12/site-packages/airflow/example_dags/example_kubernetes_executor.py
[2025-11-09T21:24:57.132+0000] {processor.py:925} INFO - DAG(s) 'example_kubernetes_executor' retrieved from /home/airflow/.local/lib/python3.12/site-packages/airflow/example_dags/example_kubernetes_executor.py
[2025-11-09T21:24:57.228+0000] {logging_mixin.py:190} INFO - [2025-11-09T21:24:57.227+0000] {dag.py:3239} INFO - Sync 1 DAGs
[2025-11-09T21:24:57.260+0000] {logging_mixin.py:190} INFO - [2025-11-09T21:24:57.259+0000] {dag.py:4180} INFO - Setting next_dagrun for example_kubernetes_executor to None, run_after=None
[2025-11-09T21:24:57.298+0000] {processor.py:208} INFO - Processing /home/airflow/.local/lib/python3.12/site-packages/airflow/example_dags/example_kubernetes_executor.py took 0.237 seconds
[2025-11-09T21:25:27.724+0000] {processor.py:186} INFO - Started process (PID=2248) to work on /home/airflow/.local/lib/python3.12/site-packages/airflow/example_dags/example_kubernetes_executor.py
[2025-11-09T21:25:27.728+0000] {processor.py:914} INFO - Processing file /home/airflow/.local/lib/python3.12/site-packages/airflow/example_dags/example_kubernetes_executor.py for tasks to queue
[2025-11-09T21:25:27.736+0000] {logging_mixin.py:190} INFO - [2025-11-09T21:25:27.735+0000] {dagbag.py:588} INFO - Filling up the DagBag from /home/airflow/.local/lib/python3.12/site-packages/airflow/example_dags/example_kubernetes_executor.py
[2025-11-09T21:25:27.789+0000] {processor.py:925} INFO - DAG(s) 'example_kubernetes_executor' retrieved from /home/airflow/.local/lib/python3.12/site-packages/airflow/example_dags/example_kubernetes_executor.py
[2025-11-09T21:25:27.940+0000] {logging_mixin.py:190} INFO - [2025-11-09T21:25:27.939+0000] {dag.py:3239} INFO - Sync 1 DAGs
[2025-11-09T21:25:28.013+0000] {logging_mixin.py:190} INFO - [2025-11-09T21:25:28.012+0000] {dag.py:4180} INFO - Setting next_dagrun for example_kubernetes_executor to None, run_after=None
[2025-11-09T21:25:28.088+0000] {processor.py:208} INFO - Processing /home/airflow/.local/lib/python3.12/site-packages/airflow/example_dags/example_kubernetes_executor.py took 0.384 seconds
[2025-11-09T21:25:58.858+0000] {processor.py:186} INFO - Started process (PID=2312) to work on /home/airflow/.local/lib/python3.12/site-packages/airflow/example_dags/example_kubernetes_executor.py
[2025-11-09T21:25:58.863+0000] {processor.py:914} INFO - Processing file /home/airflow/.local/lib/python3.12/site-packages/airflow/example_dags/example_kubernetes_executor.py for tasks to queue
[2025-11-09T21:25:58.887+0000] {logging_mixin.py:190} INFO - [2025-11-09T21:25:58.882+0000] {dagbag.py:588} INFO - Filling up the DagBag from /home/airflow/.local/lib/python3.12/site-packages/airflow/example_dags/example_kubernetes_executor.py
[2025-11-09T21:25:58.954+0000] {processor.py:925} INFO - DAG(s) 'example_kubernetes_executor' retrieved from /home/airflow/.local/lib/python3.12/site-packages/airflow/example_dags/example_kubernetes_executor.py
[2025-11-09T21:25:59.146+0000] {logging_mixin.py:190} INFO - [2025-11-09T21:25:59.145+0000] {dag.py:3239} INFO - Sync 1 DAGs
[2025-11-09T21:25:59.215+0000] {logging_mixin.py:190} INFO - [2025-11-09T21:25:59.214+0000] {dag.py:4180} INFO - Setting next_dagrun for example_kubernetes_executor to None, run_after=None
[2025-11-09T21:25:59.281+0000] {processor.py:208} INFO - Processing /home/airflow/.local/lib/python3.12/site-packages/airflow/example_dags/example_kubernetes_executor.py took 0.456 seconds
[2025-11-09T21:26:29.790+0000] {processor.py:186} INFO - Started process (PID=2376) to work on /home/airflow/.local/lib/python3.12/site-packages/airflow/example_dags/example_kubernetes_executor.py
[2025-11-09T21:26:29.794+0000] {processor.py:914} INFO - Processing file /home/airflow/.local/lib/python3.12/site-packages/airflow/example_dags/example_kubernetes_executor.py for tasks to queue
[2025-11-09T21:26:29.807+0000] {logging_mixin.py:190} INFO - [2025-11-09T21:26:29.805+0000] {dagbag.py:588} INFO - Filling up the DagBag from /home/airflow/.local/lib/python3.12/site-packages/airflow/example_dags/example_kubernetes_executor.py
[2025-11-09T21:26:29.875+0000] {processor.py:925} INFO - DAG(s) 'example_kubernetes_executor' retrieved from /home/airflow/.local/lib/python3.12/site-packages/airflow/example_dags/example_kubernetes_executor.py
[2025-11-09T21:26:30.067+0000] {logging_mixin.py:190} INFO - [2025-11-09T21:26:30.066+0000] {dag.py:3239} INFO - Sync 1 DAGs
[2025-11-09T21:26:30.146+0000] {logging_mixin.py:190} INFO - [2025-11-09T21:26:30.145+0000] {dag.py:4180} INFO - Setting next_dagrun for example_kubernetes_executor to None, run_after=None
[2025-11-09T21:26:30.251+0000] {processor.py:208} INFO - Processing /home/airflow/.local/lib/python3.12/site-packages/airflow/example_dags/example_kubernetes_executor.py took 0.494 seconds
[2025-11-09T21:27:00.485+0000] {processor.py:186} INFO - Started process (PID=2441) to work on /home/airflow/.local/lib/python3.12/site-packages/airflow/example_dags/example_kubernetes_executor.py
[2025-11-09T21:27:00.488+0000] {processor.py:914} INFO - Processing file /home/airflow/.local/lib/python3.12/site-packages/airflow/example_dags/example_kubernetes_executor.py for tasks to queue
[2025-11-09T21:27:00.493+0000] {logging_mixin.py:190} INFO - [2025-11-09T21:27:00.492+0000] {dagbag.py:588} INFO - Filling up the DagBag from /home/airflow/.local/lib/python3.12/site-packages/airflow/example_dags/example_kubernetes_executor.py
[2025-11-09T21:27:00.532+0000] {processor.py:925} INFO - DAG(s) 'example_kubernetes_executor' retrieved from /home/airflow/.local/lib/python3.12/site-packages/airflow/example_dags/example_kubernetes_executor.py
[2025-11-09T21:27:00.617+0000] {logging_mixin.py:190} INFO - [2025-11-09T21:27:00.616+0000] {dag.py:3239} INFO - Sync 1 DAGs
[2025-11-09T21:27:00.647+0000] {logging_mixin.py:190} INFO - [2025-11-09T21:27:00.646+0000] {dag.py:4180} INFO - Setting next_dagrun for example_kubernetes_executor to None, run_after=None
[2025-11-09T21:27:00.691+0000] {processor.py:208} INFO - Processing /home/airflow/.local/lib/python3.12/site-packages/airflow/example_dags/example_kubernetes_executor.py took 0.221 seconds
[2025-11-09T21:27:31.283+0000] {processor.py:186} INFO - Started process (PID=2505) to work on /home/airflow/.local/lib/python3.12/site-packages/airflow/example_dags/example_kubernetes_executor.py
[2025-11-09T21:27:31.286+0000] {processor.py:914} INFO - Processing file /home/airflow/.local/lib/python3.12/site-packages/airflow/example_dags/example_kubernetes_executor.py for tasks to queue
[2025-11-09T21:27:31.293+0000] {logging_mixin.py:190} INFO - [2025-11-09T21:27:31.292+0000] {dagbag.py:588} INFO - Filling up the DagBag from /home/airflow/.local/lib/python3.12/site-packages/airflow/example_dags/example_kubernetes_executor.py
[2025-11-09T21:27:31.331+0000] {processor.py:925} INFO - DAG(s) 'example_kubernetes_executor' retrieved from /home/airflow/.local/lib/python3.12/site-packages/airflow/example_dags/example_kubernetes_executor.py
[2025-11-09T21:27:31.417+0000] {logging_mixin.py:190} INFO - [2025-11-09T21:27:31.416+0000] {dag.py:3239} INFO - Sync 1 DAGs
[2025-11-09T21:27:31.448+0000] {logging_mixin.py:190} INFO - [2025-11-09T21:27:31.448+0000] {dag.py:4180} INFO - Setting next_dagrun for example_kubernetes_executor to None, run_after=None
[2025-11-09T21:27:31.488+0000] {processor.py:208} INFO - Processing /home/airflow/.local/lib/python3.12/site-packages/airflow/example_dags/example_kubernetes_executor.py took 0.219 seconds
[2025-11-09T21:28:03.116+0000] {processor.py:186} INFO - Started process (PID=2570) to work on /home/airflow/.local/lib/python3.12/site-packages/airflow/example_dags/example_kubernetes_executor.py
[2025-11-09T21:28:03.120+0000] {processor.py:914} INFO - Processing file /home/airflow/.local/lib/python3.12/site-packages/airflow/example_dags/example_kubernetes_executor.py for tasks to queue
[2025-11-09T21:28:03.129+0000] {logging_mixin.py:190} INFO - [2025-11-09T21:28:03.128+0000] {dagbag.py:588} INFO - Filling up the DagBag from /home/airflow/.local/lib/python3.12/site-packages/airflow/example_dags/example_kubernetes_executor.py
[2025-11-09T21:28:03.194+0000] {processor.py:925} INFO - DAG(s) 'example_kubernetes_executor' retrieved from /home/airflow/.local/lib/python3.12/site-packages/airflow/example_dags/example_kubernetes_executor.py
[2025-11-09T21:28:03.328+0000] {logging_mixin.py:190} INFO - [2025-11-09T21:28:03.328+0000] {dag.py:3239} INFO - Sync 1 DAGs
[2025-11-09T21:28:03.384+0000] {logging_mixin.py:190} INFO - [2025-11-09T21:28:03.384+0000] {dag.py:4180} INFO - Setting next_dagrun for example_kubernetes_executor to None, run_after=None
[2025-11-09T21:28:03.439+0000] {processor.py:208} INFO - Processing /home/airflow/.local/lib/python3.12/site-packages/airflow/example_dags/example_kubernetes_executor.py took 0.349 seconds
[2025-11-09T21:28:34.134+0000] {processor.py:186} INFO - Started process (PID=2634) to work on /home/airflow/.local/lib/python3.12/site-packages/airflow/example_dags/example_kubernetes_executor.py
[2025-11-09T21:28:34.136+0000] {processor.py:914} INFO - Processing file /home/airflow/.local/lib/python3.12/site-packages/airflow/example_dags/example_kubernetes_executor.py for tasks to queue
[2025-11-09T21:28:34.141+0000] {logging_mixin.py:190} INFO - [2025-11-09T21:28:34.141+0000] {dagbag.py:588} INFO - Filling up the DagBag from /home/airflow/.local/lib/python3.12/site-packages/airflow/example_dags/example_kubernetes_executor.py
[2025-11-09T21:28:34.170+0000] {processor.py:925} INFO - DAG(s) 'example_kubernetes_executor' retrieved from /home/airflow/.local/lib/python3.12/site-packages/airflow/example_dags/example_kubernetes_executor.py
[2025-11-09T21:28:34.240+0000] {logging_mixin.py:190} INFO - [2025-11-09T21:28:34.240+0000] {dag.py:3239} INFO - Sync 1 DAGs
[2025-11-09T21:28:34.272+0000] {logging_mixin.py:190} INFO - [2025-11-09T21:28:34.272+0000] {dag.py:4180} INFO - Setting next_dagrun for example_kubernetes_executor to None, run_after=None
[2025-11-09T21:28:34.311+0000] {processor.py:208} INFO - Processing /home/airflow/.local/lib/python3.12/site-packages/airflow/example_dags/example_kubernetes_executor.py took 0.187 seconds
[2025-11-09T21:29:04.737+0000] {processor.py:186} INFO - Started process (PID=2698) to work on /home/airflow/.local/lib/python3.12/site-packages/airflow/example_dags/example_kubernetes_executor.py
[2025-11-09T21:29:04.740+0000] {processor.py:914} INFO - Processing file /home/airflow/.local/lib/python3.12/site-packages/airflow/example_dags/example_kubernetes_executor.py for tasks to queue
[2025-11-09T21:29:04.746+0000] {logging_mixin.py:190} INFO - [2025-11-09T21:29:04.745+0000] {dagbag.py:588} INFO - Filling up the DagBag from /home/airflow/.local/lib/python3.12/site-packages/airflow/example_dags/example_kubernetes_executor.py
[2025-11-09T21:29:04.789+0000] {processor.py:925} INFO - DAG(s) 'example_kubernetes_executor' retrieved from /home/airflow/.local/lib/python3.12/site-packages/airflow/example_dags/example_kubernetes_executor.py
[2025-11-09T21:29:04.895+0000] {logging_mixin.py:190} INFO - [2025-11-09T21:29:04.895+0000] {dag.py:3239} INFO - Sync 1 DAGs
[2025-11-09T21:29:04.947+0000] {logging_mixin.py:190} INFO - [2025-11-09T21:29:04.947+0000] {dag.py:4180} INFO - Setting next_dagrun for example_kubernetes_executor to None, run_after=None
[2025-11-09T21:29:05.000+0000] {processor.py:208} INFO - Processing /home/airflow/.local/lib/python3.12/site-packages/airflow/example_dags/example_kubernetes_executor.py took 0.279 seconds
[2025-11-09T21:29:35.265+0000] {processor.py:186} INFO - Started process (PID=2763) to work on /home/airflow/.local/lib/python3.12/site-packages/airflow/example_dags/example_kubernetes_executor.py
[2025-11-09T21:29:35.266+0000] {processor.py:914} INFO - Processing file /home/airflow/.local/lib/python3.12/site-packages/airflow/example_dags/example_kubernetes_executor.py for tasks to queue
[2025-11-09T21:29:35.271+0000] {logging_mixin.py:190} INFO - [2025-11-09T21:29:35.270+0000] {dagbag.py:588} INFO - Filling up the DagBag from /home/airflow/.local/lib/python3.12/site-packages/airflow/example_dags/example_kubernetes_executor.py
[2025-11-09T21:29:35.291+0000] {processor.py:925} INFO - DAG(s) 'example_kubernetes_executor' retrieved from /home/airflow/.local/lib/python3.12/site-packages/airflow/example_dags/example_kubernetes_executor.py
[2025-11-09T21:29:35.349+0000] {logging_mixin.py:190} INFO - [2025-11-09T21:29:35.349+0000] {dag.py:3239} INFO - Sync 1 DAGs
[2025-11-09T21:29:35.372+0000] {logging_mixin.py:190} INFO - [2025-11-09T21:29:35.372+0000] {dag.py:4180} INFO - Setting next_dagrun for example_kubernetes_executor to None, run_after=None
[2025-11-09T21:29:35.402+0000] {processor.py:208} INFO - Processing /home/airflow/.local/lib/python3.12/site-packages/airflow/example_dags/example_kubernetes_executor.py took 0.147 seconds
[2025-11-09T21:30:05.597+0000] {processor.py:186} INFO - Started process (PID=2827) to work on /home/airflow/.local/lib/python3.12/site-packages/airflow/example_dags/example_kubernetes_executor.py
[2025-11-09T21:30:05.599+0000] {processor.py:914} INFO - Processing file /home/airflow/.local/lib/python3.12/site-packages/airflow/example_dags/example_kubernetes_executor.py for tasks to queue
[2025-11-09T21:30:05.604+0000] {logging_mixin.py:190} INFO - [2025-11-09T21:30:05.603+0000] {dagbag.py:588} INFO - Filling up the DagBag from /home/airflow/.local/lib/python3.12/site-packages/airflow/example_dags/example_kubernetes_executor.py
[2025-11-09T21:30:05.626+0000] {processor.py:925} INFO - DAG(s) 'example_kubernetes_executor' retrieved from /home/airflow/.local/lib/python3.12/site-packages/airflow/example_dags/example_kubernetes_executor.py
[2025-11-09T21:30:05.690+0000] {logging_mixin.py:190} INFO - [2025-11-09T21:30:05.690+0000] {dag.py:3239} INFO - Sync 1 DAGs
[2025-11-09T21:30:05.718+0000] {logging_mixin.py:190} INFO - [2025-11-09T21:30:05.717+0000] {dag.py:4180} INFO - Setting next_dagrun for example_kubernetes_executor to None, run_after=None
[2025-11-09T21:30:05.749+0000] {processor.py:208} INFO - Processing /home/airflow/.local/lib/python3.12/site-packages/airflow/example_dags/example_kubernetes_executor.py took 0.164 seconds
[2025-11-09T21:30:35.846+0000] {processor.py:186} INFO - Started process (PID=2891) to work on /home/airflow/.local/lib/python3.12/site-packages/airflow/example_dags/example_kubernetes_executor.py
[2025-11-09T21:30:35.848+0000] {processor.py:914} INFO - Processing file /home/airflow/.local/lib/python3.12/site-packages/airflow/example_dags/example_kubernetes_executor.py for tasks to queue
[2025-11-09T21:30:35.853+0000] {logging_mixin.py:190} INFO - [2025-11-09T21:30:35.852+0000] {dagbag.py:588} INFO - Filling up the DagBag from /home/airflow/.local/lib/python3.12/site-packages/airflow/example_dags/example_kubernetes_executor.py
[2025-11-09T21:30:35.876+0000] {processor.py:925} INFO - DAG(s) 'example_kubernetes_executor' retrieved from /home/airflow/.local/lib/python3.12/site-packages/airflow/example_dags/example_kubernetes_executor.py
[2025-11-09T21:30:35.939+0000] {logging_mixin.py:190} INFO - [2025-11-09T21:30:35.939+0000] {dag.py:3239} INFO - Sync 1 DAGs
[2025-11-09T21:30:35.960+0000] {logging_mixin.py:190} INFO - [2025-11-09T21:30:35.960+0000] {dag.py:4180} INFO - Setting next_dagrun for example_kubernetes_executor to None, run_after=None
[2025-11-09T21:30:35.992+0000] {processor.py:208} INFO - Processing /home/airflow/.local/lib/python3.12/site-packages/airflow/example_dags/example_kubernetes_executor.py took 0.157 seconds
[2025-11-09T21:31:06.213+0000] {processor.py:186} INFO - Started process (PID=2955) to work on /home/airflow/.local/lib/python3.12/site-packages/airflow/example_dags/example_kubernetes_executor.py
[2025-11-09T21:31:06.216+0000] {processor.py:914} INFO - Processing file /home/airflow/.local/lib/python3.12/site-packages/airflow/example_dags/example_kubernetes_executor.py for tasks to queue
[2025-11-09T21:31:06.223+0000] {logging_mixin.py:190} INFO - [2025-11-09T21:31:06.222+0000] {dagbag.py:588} INFO - Filling up the DagBag from /home/airflow/.local/lib/python3.12/site-packages/airflow/example_dags/example_kubernetes_executor.py
[2025-11-09T21:31:06.271+0000] {processor.py:925} INFO - DAG(s) 'example_kubernetes_executor' retrieved from /home/airflow/.local/lib/python3.12/site-packages/airflow/example_dags/example_kubernetes_executor.py
[2025-11-09T21:31:06.410+0000] {logging_mixin.py:190} INFO - [2025-11-09T21:31:06.409+0000] {dag.py:3239} INFO - Sync 1 DAGs
[2025-11-09T21:31:06.464+0000] {logging_mixin.py:190} INFO - [2025-11-09T21:31:06.464+0000] {dag.py:4180} INFO - Setting next_dagrun for example_kubernetes_executor to None, run_after=None
[2025-11-09T21:31:06.520+0000] {processor.py:208} INFO - Processing /home/airflow/.local/lib/python3.12/site-packages/airflow/example_dags/example_kubernetes_executor.py took 0.326 seconds
[2025-11-09T21:31:36.917+0000] {processor.py:186} INFO - Started process (PID=3018) to work on /home/airflow/.local/lib/python3.12/site-packages/airflow/example_dags/example_kubernetes_executor.py
[2025-11-09T21:31:36.921+0000] {processor.py:914} INFO - Processing file /home/airflow/.local/lib/python3.12/site-packages/airflow/example_dags/example_kubernetes_executor.py for tasks to queue
[2025-11-09T21:31:36.933+0000] {logging_mixin.py:190} INFO - [2025-11-09T21:31:36.930+0000] {dagbag.py:588} INFO - Filling up the DagBag from /home/airflow/.local/lib/python3.12/site-packages/airflow/example_dags/example_kubernetes_executor.py
[2025-11-09T21:31:37.002+0000] {processor.py:925} INFO - DAG(s) 'example_kubernetes_executor' retrieved from /home/airflow/.local/lib/python3.12/site-packages/airflow/example_dags/example_kubernetes_executor.py
[2025-11-09T21:31:37.157+0000] {logging_mixin.py:190} INFO - [2025-11-09T21:31:37.157+0000] {dag.py:3239} INFO - Sync 1 DAGs
[2025-11-09T21:31:37.215+0000] {logging_mixin.py:190} INFO - [2025-11-09T21:31:37.215+0000] {dag.py:4180} INFO - Setting next_dagrun for example_kubernetes_executor to None, run_after=None
[2025-11-09T21:31:37.274+0000] {processor.py:208} INFO - Processing /home/airflow/.local/lib/python3.12/site-packages/airflow/example_dags/example_kubernetes_executor.py took 0.393 seconds
[2025-11-09T21:32:07.755+0000] {processor.py:186} INFO - Started process (PID=3082) to work on /home/airflow/.local/lib/python3.12/site-packages/airflow/example_dags/example_kubernetes_executor.py
[2025-11-09T21:32:07.760+0000] {processor.py:914} INFO - Processing file /home/airflow/.local/lib/python3.12/site-packages/airflow/example_dags/example_kubernetes_executor.py for tasks to queue
[2025-11-09T21:32:07.770+0000] {logging_mixin.py:190} INFO - [2025-11-09T21:32:07.768+0000] {dagbag.py:588} INFO - Filling up the DagBag from /home/airflow/.local/lib/python3.12/site-packages/airflow/example_dags/example_kubernetes_executor.py
[2025-11-09T21:32:07.823+0000] {processor.py:925} INFO - DAG(s) 'example_kubernetes_executor' retrieved from /home/airflow/.local/lib/python3.12/site-packages/airflow/example_dags/example_kubernetes_executor.py
[2025-11-09T21:32:07.937+0000] {logging_mixin.py:190} INFO - [2025-11-09T21:32:07.936+0000] {dag.py:3239} INFO - Sync 1 DAGs
[2025-11-09T21:32:07.985+0000] {logging_mixin.py:190} INFO - [2025-11-09T21:32:07.984+0000] {dag.py:4180} INFO - Setting next_dagrun for example_kubernetes_executor to None, run_after=None
[2025-11-09T21:32:08.042+0000] {processor.py:208} INFO - Processing /home/airflow/.local/lib/python3.12/site-packages/airflow/example_dags/example_kubernetes_executor.py took 0.319 seconds
[2025-11-09T21:32:38.255+0000] {processor.py:186} INFO - Started process (PID=3146) to work on /home/airflow/.local/lib/python3.12/site-packages/airflow/example_dags/example_kubernetes_executor.py
[2025-11-09T21:32:38.257+0000] {processor.py:914} INFO - Processing file /home/airflow/.local/lib/python3.12/site-packages/airflow/example_dags/example_kubernetes_executor.py for tasks to queue
[2025-11-09T21:32:38.263+0000] {logging_mixin.py:190} INFO - [2025-11-09T21:32:38.262+0000] {dagbag.py:588} INFO - Filling up the DagBag from /home/airflow/.local/lib/python3.12/site-packages/airflow/example_dags/example_kubernetes_executor.py
[2025-11-09T21:32:38.580+0000] {processor.py:925} INFO - DAG(s) 'example_kubernetes_executor' retrieved from /home/airflow/.local/lib/python3.12/site-packages/airflow/example_dags/example_kubernetes_executor.py
[2025-11-09T21:32:38.636+0000] {logging_mixin.py:190} INFO - [2025-11-09T21:32:38.636+0000] {dag.py:3239} INFO - Sync 1 DAGs
[2025-11-09T21:32:38.655+0000] {logging_mixin.py:190} INFO - [2025-11-09T21:32:38.655+0000] {dag.py:4180} INFO - Setting next_dagrun for example_kubernetes_executor to None, run_after=None
[2025-11-09T21:32:38.683+0000] {processor.py:208} INFO - Processing /home/airflow/.local/lib/python3.12/site-packages/airflow/example_dags/example_kubernetes_executor.py took 0.440 seconds
[2025-11-09T21:33:08.819+0000] {processor.py:186} INFO - Started process (PID=3211) to work on /home/airflow/.local/lib/python3.12/site-packages/airflow/example_dags/example_kubernetes_executor.py
[2025-11-09T21:33:08.821+0000] {processor.py:914} INFO - Processing file /home/airflow/.local/lib/python3.12/site-packages/airflow/example_dags/example_kubernetes_executor.py for tasks to queue
[2025-11-09T21:33:08.827+0000] {logging_mixin.py:190} INFO - [2025-11-09T21:33:08.826+0000] {dagbag.py:588} INFO - Filling up the DagBag from /home/airflow/.local/lib/python3.12/site-packages/airflow/example_dags/example_kubernetes_executor.py
[2025-11-09T21:33:08.877+0000] {processor.py:925} INFO - DAG(s) 'example_kubernetes_executor' retrieved from /home/airflow/.local/lib/python3.12/site-packages/airflow/example_dags/example_kubernetes_executor.py
[2025-11-09T21:33:08.951+0000] {logging_mixin.py:190} INFO - [2025-11-09T21:33:08.950+0000] {dag.py:3239} INFO - Sync 1 DAGs
[2025-11-09T21:33:08.980+0000] {logging_mixin.py:190} INFO - [2025-11-09T21:33:08.980+0000] {dag.py:4180} INFO - Setting next_dagrun for example_kubernetes_executor to None, run_after=None
[2025-11-09T21:33:09.015+0000] {processor.py:208} INFO - Processing /home/airflow/.local/lib/python3.12/site-packages/airflow/example_dags/example_kubernetes_executor.py took 0.211 seconds
[2025-11-09T21:33:39.443+0000] {processor.py:186} INFO - Started process (PID=3275) to work on /home/airflow/.local/lib/python3.12/site-packages/airflow/example_dags/example_kubernetes_executor.py
[2025-11-09T21:33:39.446+0000] {processor.py:914} INFO - Processing file /home/airflow/.local/lib/python3.12/site-packages/airflow/example_dags/example_kubernetes_executor.py for tasks to queue
[2025-11-09T21:33:39.452+0000] {logging_mixin.py:190} INFO - [2025-11-09T21:33:39.451+0000] {dagbag.py:588} INFO - Filling up the DagBag from /home/airflow/.local/lib/python3.12/site-packages/airflow/example_dags/example_kubernetes_executor.py
[2025-11-09T21:33:39.492+0000] {processor.py:925} INFO - DAG(s) 'example_kubernetes_executor' retrieved from /home/airflow/.local/lib/python3.12/site-packages/airflow/example_dags/example_kubernetes_executor.py
[2025-11-09T21:33:39.613+0000] {logging_mixin.py:190} INFO - [2025-11-09T21:33:39.613+0000] {dag.py:3239} INFO - Sync 1 DAGs
[2025-11-09T21:33:39.659+0000] {logging_mixin.py:190} INFO - [2025-11-09T21:33:39.659+0000] {dag.py:4180} INFO - Setting next_dagrun for example_kubernetes_executor to None, run_after=None
[2025-11-09T21:33:39.711+0000] {processor.py:208} INFO - Processing /home/airflow/.local/lib/python3.12/site-packages/airflow/example_dags/example_kubernetes_executor.py took 0.283 seconds
[2025-11-09T21:34:10.543+0000] {processor.py:186} INFO - Started process (PID=3338) to work on /home/airflow/.local/lib/python3.12/site-packages/airflow/example_dags/example_kubernetes_executor.py
[2025-11-09T21:34:10.545+0000] {processor.py:914} INFO - Processing file /home/airflow/.local/lib/python3.12/site-packages/airflow/example_dags/example_kubernetes_executor.py for tasks to queue
[2025-11-09T21:34:10.550+0000] {logging_mixin.py:190} INFO - [2025-11-09T21:34:10.550+0000] {dagbag.py:588} INFO - Filling up the DagBag from /home/airflow/.local/lib/python3.12/site-packages/airflow/example_dags/example_kubernetes_executor.py
[2025-11-09T21:34:10.575+0000] {processor.py:925} INFO - DAG(s) 'example_kubernetes_executor' retrieved from /home/airflow/.local/lib/python3.12/site-packages/airflow/example_dags/example_kubernetes_executor.py
[2025-11-09T21:34:10.645+0000] {logging_mixin.py:190} INFO - [2025-11-09T21:34:10.644+0000] {dag.py:3239} INFO - Sync 1 DAGs
[2025-11-09T21:34:10.678+0000] {logging_mixin.py:190} INFO - [2025-11-09T21:34:10.677+0000] {dag.py:4180} INFO - Setting next_dagrun for example_kubernetes_executor to None, run_after=None
[2025-11-09T21:34:10.715+0000] {processor.py:208} INFO - Processing /home/airflow/.local/lib/python3.12/site-packages/airflow/example_dags/example_kubernetes_executor.py took 0.182 seconds
[2025-11-09T21:34:41.291+0000] {processor.py:186} INFO - Started process (PID=3401) to work on /home/airflow/.local/lib/python3.12/site-packages/airflow/example_dags/example_kubernetes_executor.py
[2025-11-09T21:34:41.293+0000] {processor.py:914} INFO - Processing file /home/airflow/.local/lib/python3.12/site-packages/airflow/example_dags/example_kubernetes_executor.py for tasks to queue
[2025-11-09T21:34:41.297+0000] {logging_mixin.py:190} INFO - [2025-11-09T21:34:41.296+0000] {dagbag.py:588} INFO - Filling up the DagBag from /home/airflow/.local/lib/python3.12/site-packages/airflow/example_dags/example_kubernetes_executor.py
[2025-11-09T21:34:41.320+0000] {processor.py:925} INFO - DAG(s) 'example_kubernetes_executor' retrieved from /home/airflow/.local/lib/python3.12/site-packages/airflow/example_dags/example_kubernetes_executor.py
[2025-11-09T21:34:41.378+0000] {logging_mixin.py:190} INFO - [2025-11-09T21:34:41.377+0000] {dag.py:3239} INFO - Sync 1 DAGs
[2025-11-09T21:34:41.398+0000] {logging_mixin.py:190} INFO - [2025-11-09T21:34:41.397+0000] {dag.py:4180} INFO - Setting next_dagrun for example_kubernetes_executor to None, run_after=None
[2025-11-09T21:34:41.428+0000] {processor.py:208} INFO - Processing /home/airflow/.local/lib/python3.12/site-packages/airflow/example_dags/example_kubernetes_executor.py took 0.146 seconds
[2025-11-09T21:35:12.099+0000] {processor.py:186} INFO - Started process (PID=3466) to work on /home/airflow/.local/lib/python3.12/site-packages/airflow/example_dags/example_kubernetes_executor.py
[2025-11-09T21:35:12.106+0000] {processor.py:914} INFO - Processing file /home/airflow/.local/lib/python3.12/site-packages/airflow/example_dags/example_kubernetes_executor.py for tasks to queue
[2025-11-09T21:35:12.122+0000] {logging_mixin.py:190} INFO - [2025-11-09T21:35:12.119+0000] {dagbag.py:588} INFO - Filling up the DagBag from /home/airflow/.local/lib/python3.12/site-packages/airflow/example_dags/example_kubernetes_executor.py
[2025-11-09T21:35:12.217+0000] {processor.py:925} INFO - DAG(s) 'example_kubernetes_executor' retrieved from /home/airflow/.local/lib/python3.12/site-packages/airflow/example_dags/example_kubernetes_executor.py
[2025-11-09T21:35:12.461+0000] {logging_mixin.py:190} INFO - [2025-11-09T21:35:12.458+0000] {dag.py:3239} INFO - Sync 1 DAGs
[2025-11-09T21:35:12.548+0000] {logging_mixin.py:190} INFO - [2025-11-09T21:35:12.548+0000] {dag.py:4180} INFO - Setting next_dagrun for example_kubernetes_executor to None, run_after=None
[2025-11-09T21:35:12.672+0000] {processor.py:208} INFO - Processing /home/airflow/.local/lib/python3.12/site-packages/airflow/example_dags/example_kubernetes_executor.py took 0.601 seconds
[2025-11-09T21:35:43.435+0000] {processor.py:186} INFO - Started process (PID=3530) to work on /home/airflow/.local/lib/python3.12/site-packages/airflow/example_dags/example_kubernetes_executor.py
[2025-11-09T21:35:43.438+0000] {processor.py:914} INFO - Processing file /home/airflow/.local/lib/python3.12/site-packages/airflow/example_dags/example_kubernetes_executor.py for tasks to queue
[2025-11-09T21:35:43.450+0000] {logging_mixin.py:190} INFO - [2025-11-09T21:35:43.449+0000] {dagbag.py:588} INFO - Filling up the DagBag from /home/airflow/.local/lib/python3.12/site-packages/airflow/example_dags/example_kubernetes_executor.py
[2025-11-09T21:35:43.495+0000] {processor.py:925} INFO - DAG(s) 'example_kubernetes_executor' retrieved from /home/airflow/.local/lib/python3.12/site-packages/airflow/example_dags/example_kubernetes_executor.py
[2025-11-09T21:35:43.601+0000] {logging_mixin.py:190} INFO - [2025-11-09T21:35:43.600+0000] {dag.py:3239} INFO - Sync 1 DAGs
[2025-11-09T21:35:43.642+0000] {logging_mixin.py:190} INFO - [2025-11-09T21:35:43.642+0000] {dag.py:4180} INFO - Setting next_dagrun for example_kubernetes_executor to None, run_after=None
[2025-11-09T21:35:43.700+0000] {processor.py:208} INFO - Processing /home/airflow/.local/lib/python3.12/site-packages/airflow/example_dags/example_kubernetes_executor.py took 0.317 seconds
[2025-11-09T21:36:13.908+0000] {processor.py:186} INFO - Started process (PID=3593) to work on /home/airflow/.local/lib/python3.12/site-packages/airflow/example_dags/example_kubernetes_executor.py
[2025-11-09T21:36:13.911+0000] {processor.py:914} INFO - Processing file /home/airflow/.local/lib/python3.12/site-packages/airflow/example_dags/example_kubernetes_executor.py for tasks to queue
[2025-11-09T21:36:13.916+0000] {logging_mixin.py:190} INFO - [2025-11-09T21:36:13.915+0000] {dagbag.py:588} INFO - Filling up the DagBag from /home/airflow/.local/lib/python3.12/site-packages/airflow/example_dags/example_kubernetes_executor.py
[2025-11-09T21:36:13.946+0000] {processor.py:925} INFO - DAG(s) 'example_kubernetes_executor' retrieved from /home/airflow/.local/lib/python3.12/site-packages/airflow/example_dags/example_kubernetes_executor.py
[2025-11-09T21:36:14.018+0000] {logging_mixin.py:190} INFO - [2025-11-09T21:36:14.017+0000] {dag.py:3239} INFO - Sync 1 DAGs
[2025-11-09T21:36:14.046+0000] {logging_mixin.py:190} INFO - [2025-11-09T21:36:14.046+0000] {dag.py:4180} INFO - Setting next_dagrun for example_kubernetes_executor to None, run_after=None
[2025-11-09T21:36:14.082+0000] {processor.py:208} INFO - Processing /home/airflow/.local/lib/python3.12/site-packages/airflow/example_dags/example_kubernetes_executor.py took 0.188 seconds
[2025-11-09T21:36:44.237+0000] {processor.py:186} INFO - Started process (PID=3657) to work on /home/airflow/.local/lib/python3.12/site-packages/airflow/example_dags/example_kubernetes_executor.py
[2025-11-09T21:36:44.239+0000] {processor.py:914} INFO - Processing file /home/airflow/.local/lib/python3.12/site-packages/airflow/example_dags/example_kubernetes_executor.py for tasks to queue
[2025-11-09T21:36:44.245+0000] {logging_mixin.py:190} INFO - [2025-11-09T21:36:44.245+0000] {dagbag.py:588} INFO - Filling up the DagBag from /home/airflow/.local/lib/python3.12/site-packages/airflow/example_dags/example_kubernetes_executor.py
[2025-11-09T21:36:44.278+0000] {processor.py:925} INFO - DAG(s) 'example_kubernetes_executor' retrieved from /home/airflow/.local/lib/python3.12/site-packages/airflow/example_dags/example_kubernetes_executor.py
[2025-11-09T21:36:44.360+0000] {logging_mixin.py:190} INFO - [2025-11-09T21:36:44.360+0000] {dag.py:3239} INFO - Sync 1 DAGs
[2025-11-09T21:36:44.391+0000] {logging_mixin.py:190} INFO - [2025-11-09T21:36:44.390+0000] {dag.py:4180} INFO - Setting next_dagrun for example_kubernetes_executor to None, run_after=None
[2025-11-09T21:36:44.429+0000] {processor.py:208} INFO - Processing /home/airflow/.local/lib/python3.12/site-packages/airflow/example_dags/example_kubernetes_executor.py took 0.208 seconds
[2025-11-09T21:37:14.620+0000] {processor.py:186} INFO - Started process (PID=3722) to work on /home/airflow/.local/lib/python3.12/site-packages/airflow/example_dags/example_kubernetes_executor.py
[2025-11-09T21:37:14.628+0000] {processor.py:914} INFO - Processing file /home/airflow/.local/lib/python3.12/site-packages/airflow/example_dags/example_kubernetes_executor.py for tasks to queue
[2025-11-09T21:37:14.650+0000] {logging_mixin.py:190} INFO - [2025-11-09T21:37:14.643+0000] {dagbag.py:588} INFO - Filling up the DagBag from /home/airflow/.local/lib/python3.12/site-packages/airflow/example_dags/example_kubernetes_executor.py
[2025-11-09T21:37:14.745+0000] {processor.py:925} INFO - DAG(s) 'example_kubernetes_executor' retrieved from /home/airflow/.local/lib/python3.12/site-packages/airflow/example_dags/example_kubernetes_executor.py
[2025-11-09T21:37:14.950+0000] {logging_mixin.py:190} INFO - [2025-11-09T21:37:14.949+0000] {dag.py:3239} INFO - Sync 1 DAGs
[2025-11-09T21:37:15.049+0000] {logging_mixin.py:190} INFO - [2025-11-09T21:37:15.048+0000] {dag.py:4180} INFO - Setting next_dagrun for example_kubernetes_executor to None, run_after=None
[2025-11-09T21:37:15.196+0000] {processor.py:208} INFO - Processing /home/airflow/.local/lib/python3.12/site-packages/airflow/example_dags/example_kubernetes_executor.py took 0.608 seconds
[2025-11-09T21:37:45.752+0000] {processor.py:186} INFO - Started process (PID=3785) to work on /home/airflow/.local/lib/python3.12/site-packages/airflow/example_dags/example_kubernetes_executor.py
[2025-11-09T21:37:45.764+0000] {processor.py:914} INFO - Processing file /home/airflow/.local/lib/python3.12/site-packages/airflow/example_dags/example_kubernetes_executor.py for tasks to queue
[2025-11-09T21:37:45.778+0000] {logging_mixin.py:190} INFO - [2025-11-09T21:37:45.775+0000] {dagbag.py:588} INFO - Filling up the DagBag from /home/airflow/.local/lib/python3.12/site-packages/airflow/example_dags/example_kubernetes_executor.py
[2025-11-09T21:37:45.912+0000] {processor.py:925} INFO - DAG(s) 'example_kubernetes_executor' retrieved from /home/airflow/.local/lib/python3.12/site-packages/airflow/example_dags/example_kubernetes_executor.py
[2025-11-09T21:37:46.208+0000] {logging_mixin.py:190} INFO - [2025-11-09T21:37:46.207+0000] {dag.py:3239} INFO - Sync 1 DAGs
[2025-11-09T21:37:46.273+0000] {logging_mixin.py:190} INFO - [2025-11-09T21:37:46.272+0000] {dag.py:4180} INFO - Setting next_dagrun for example_kubernetes_executor to None, run_after=None
[2025-11-09T21:37:46.372+0000] {processor.py:208} INFO - Processing /home/airflow/.local/lib/python3.12/site-packages/airflow/example_dags/example_kubernetes_executor.py took 0.703 seconds
[2025-11-09T21:38:16.698+0000] {processor.py:186} INFO - Started process (PID=3849) to work on /home/airflow/.local/lib/python3.12/site-packages/airflow/example_dags/example_kubernetes_executor.py
[2025-11-09T21:38:16.699+0000] {processor.py:914} INFO - Processing file /home/airflow/.local/lib/python3.12/site-packages/airflow/example_dags/example_kubernetes_executor.py for tasks to queue
[2025-11-09T21:38:16.704+0000] {logging_mixin.py:190} INFO - [2025-11-09T21:38:16.704+0000] {dagbag.py:588} INFO - Filling up the DagBag from /home/airflow/.local/lib/python3.12/site-packages/airflow/example_dags/example_kubernetes_executor.py
[2025-11-09T21:38:16.729+0000] {processor.py:925} INFO - DAG(s) 'example_kubernetes_executor' retrieved from /home/airflow/.local/lib/python3.12/site-packages/airflow/example_dags/example_kubernetes_executor.py
[2025-11-09T21:38:16.784+0000] {logging_mixin.py:190} INFO - [2025-11-09T21:38:16.784+0000] {dag.py:3239} INFO - Sync 1 DAGs
[2025-11-09T21:38:16.805+0000] {logging_mixin.py:190} INFO - [2025-11-09T21:38:16.805+0000] {dag.py:4180} INFO - Setting next_dagrun for example_kubernetes_executor to None, run_after=None
[2025-11-09T21:38:16.834+0000] {processor.py:208} INFO - Processing /home/airflow/.local/lib/python3.12/site-packages/airflow/example_dags/example_kubernetes_executor.py took 0.144 seconds
[2025-11-09T21:38:47.634+0000] {processor.py:186} INFO - Started process (PID=3914) to work on /home/airflow/.local/lib/python3.12/site-packages/airflow/example_dags/example_kubernetes_executor.py
[2025-11-09T21:38:47.636+0000] {processor.py:914} INFO - Processing file /home/airflow/.local/lib/python3.12/site-packages/airflow/example_dags/example_kubernetes_executor.py for tasks to queue
[2025-11-09T21:38:47.641+0000] {logging_mixin.py:190} INFO - [2025-11-09T21:38:47.640+0000] {dagbag.py:588} INFO - Filling up the DagBag from /home/airflow/.local/lib/python3.12/site-packages/airflow/example_dags/example_kubernetes_executor.py
[2025-11-09T21:38:47.668+0000] {processor.py:925} INFO - DAG(s) 'example_kubernetes_executor' retrieved from /home/airflow/.local/lib/python3.12/site-packages/airflow/example_dags/example_kubernetes_executor.py
[2025-11-09T21:38:47.742+0000] {logging_mixin.py:190} INFO - [2025-11-09T21:38:47.741+0000] {dag.py:3239} INFO - Sync 1 DAGs
[2025-11-09T21:38:47.766+0000] {logging_mixin.py:190} INFO - [2025-11-09T21:38:47.765+0000] {dag.py:4180} INFO - Setting next_dagrun for example_kubernetes_executor to None, run_after=None
[2025-11-09T21:38:47.796+0000] {processor.py:208} INFO - Processing /home/airflow/.local/lib/python3.12/site-packages/airflow/example_dags/example_kubernetes_executor.py took 0.175 seconds
[2025-11-09T21:39:18.405+0000] {processor.py:186} INFO - Started process (PID=3978) to work on /home/airflow/.local/lib/python3.12/site-packages/airflow/example_dags/example_kubernetes_executor.py
[2025-11-09T21:39:18.408+0000] {processor.py:914} INFO - Processing file /home/airflow/.local/lib/python3.12/site-packages/airflow/example_dags/example_kubernetes_executor.py for tasks to queue
[2025-11-09T21:39:18.417+0000] {logging_mixin.py:190} INFO - [2025-11-09T21:39:18.416+0000] {dagbag.py:588} INFO - Filling up the DagBag from /home/airflow/.local/lib/python3.12/site-packages/airflow/example_dags/example_kubernetes_executor.py
[2025-11-09T21:39:18.483+0000] {processor.py:925} INFO - DAG(s) 'example_kubernetes_executor' retrieved from /home/airflow/.local/lib/python3.12/site-packages/airflow/example_dags/example_kubernetes_executor.py
[2025-11-09T21:39:18.628+0000] {logging_mixin.py:190} INFO - [2025-11-09T21:39:18.628+0000] {dag.py:3239} INFO - Sync 1 DAGs
[2025-11-09T21:39:18.686+0000] {logging_mixin.py:190} INFO - [2025-11-09T21:39:18.685+0000] {dag.py:4180} INFO - Setting next_dagrun for example_kubernetes_executor to None, run_after=None
[2025-11-09T21:39:18.749+0000] {processor.py:208} INFO - Processing /home/airflow/.local/lib/python3.12/site-packages/airflow/example_dags/example_kubernetes_executor.py took 0.368 seconds
[2025-11-09T21:39:49.437+0000] {processor.py:186} INFO - Started process (PID=4042) to work on /home/airflow/.local/lib/python3.12/site-packages/airflow/example_dags/example_kubernetes_executor.py
[2025-11-09T21:39:49.440+0000] {processor.py:914} INFO - Processing file /home/airflow/.local/lib/python3.12/site-packages/airflow/example_dags/example_kubernetes_executor.py for tasks to queue
[2025-11-09T21:39:49.446+0000] {logging_mixin.py:190} INFO - [2025-11-09T21:39:49.445+0000] {dagbag.py:588} INFO - Filling up the DagBag from /home/airflow/.local/lib/python3.12/site-packages/airflow/example_dags/example_kubernetes_executor.py
[2025-11-09T21:39:49.485+0000] {processor.py:925} INFO - DAG(s) 'example_kubernetes_executor' retrieved from /home/airflow/.local/lib/python3.12/site-packages/airflow/example_dags/example_kubernetes_executor.py
[2025-11-09T21:39:49.576+0000] {logging_mixin.py:190} INFO - [2025-11-09T21:39:49.575+0000] {dag.py:3239} INFO - Sync 1 DAGs
[2025-11-09T21:39:49.609+0000] {logging_mixin.py:190} INFO - [2025-11-09T21:39:49.608+0000] {dag.py:4180} INFO - Setting next_dagrun for example_kubernetes_executor to None, run_after=None
[2025-11-09T21:39:49.653+0000] {processor.py:208} INFO - Processing /home/airflow/.local/lib/python3.12/site-packages/airflow/example_dags/example_kubernetes_executor.py took 0.228 seconds
[2025-11-09T21:40:20.359+0000] {processor.py:186} INFO - Started process (PID=4106) to work on /home/airflow/.local/lib/python3.12/site-packages/airflow/example_dags/example_kubernetes_executor.py
[2025-11-09T21:40:20.361+0000] {processor.py:914} INFO - Processing file /home/airflow/.local/lib/python3.12/site-packages/airflow/example_dags/example_kubernetes_executor.py for tasks to queue
[2025-11-09T21:40:20.367+0000] {logging_mixin.py:190} INFO - [2025-11-09T21:40:20.366+0000] {dagbag.py:588} INFO - Filling up the DagBag from /home/airflow/.local/lib/python3.12/site-packages/airflow/example_dags/example_kubernetes_executor.py
[2025-11-09T21:40:20.391+0000] {processor.py:925} INFO - DAG(s) 'example_kubernetes_executor' retrieved from /home/airflow/.local/lib/python3.12/site-packages/airflow/example_dags/example_kubernetes_executor.py
[2025-11-09T21:40:20.455+0000] {logging_mixin.py:190} INFO - [2025-11-09T21:40:20.454+0000] {dag.py:3239} INFO - Sync 1 DAGs
[2025-11-09T21:40:20.484+0000] {logging_mixin.py:190} INFO - [2025-11-09T21:40:20.483+0000] {dag.py:4180} INFO - Setting next_dagrun for example_kubernetes_executor to None, run_after=None
[2025-11-09T21:40:20.513+0000] {processor.py:208} INFO - Processing /home/airflow/.local/lib/python3.12/site-packages/airflow/example_dags/example_kubernetes_executor.py took 0.163 seconds
[2025-11-09T21:40:50.990+0000] {processor.py:186} INFO - Started process (PID=4170) to work on /home/airflow/.local/lib/python3.12/site-packages/airflow/example_dags/example_kubernetes_executor.py
[2025-11-09T21:40:50.993+0000] {processor.py:914} INFO - Processing file /home/airflow/.local/lib/python3.12/site-packages/airflow/example_dags/example_kubernetes_executor.py for tasks to queue
[2025-11-09T21:40:50.999+0000] {logging_mixin.py:190} INFO - [2025-11-09T21:40:50.998+0000] {dagbag.py:588} INFO - Filling up the DagBag from /home/airflow/.local/lib/python3.12/site-packages/airflow/example_dags/example_kubernetes_executor.py
[2025-11-09T21:40:51.033+0000] {processor.py:925} INFO - DAG(s) 'example_kubernetes_executor' retrieved from /home/airflow/.local/lib/python3.12/site-packages/airflow/example_dags/example_kubernetes_executor.py
[2025-11-09T21:40:51.107+0000] {logging_mixin.py:190} INFO - [2025-11-09T21:40:51.107+0000] {dag.py:3239} INFO - Sync 1 DAGs
[2025-11-09T21:40:51.136+0000] {logging_mixin.py:190} INFO - [2025-11-09T21:40:51.136+0000] {dag.py:4180} INFO - Setting next_dagrun for example_kubernetes_executor to None, run_after=None
[2025-11-09T21:40:51.169+0000] {processor.py:208} INFO - Processing /home/airflow/.local/lib/python3.12/site-packages/airflow/example_dags/example_kubernetes_executor.py took 0.193 seconds
[2025-11-09T21:41:21.748+0000] {processor.py:186} INFO - Started process (PID=4234) to work on /home/airflow/.local/lib/python3.12/site-packages/airflow/example_dags/example_kubernetes_executor.py
[2025-11-09T21:41:21.750+0000] {processor.py:914} INFO - Processing file /home/airflow/.local/lib/python3.12/site-packages/airflow/example_dags/example_kubernetes_executor.py for tasks to queue
[2025-11-09T21:41:21.756+0000] {logging_mixin.py:190} INFO - [2025-11-09T21:41:21.755+0000] {dagbag.py:588} INFO - Filling up the DagBag from /home/airflow/.local/lib/python3.12/site-packages/airflow/example_dags/example_kubernetes_executor.py
[2025-11-09T21:41:21.785+0000] {processor.py:925} INFO - DAG(s) 'example_kubernetes_executor' retrieved from /home/airflow/.local/lib/python3.12/site-packages/airflow/example_dags/example_kubernetes_executor.py
[2025-11-09T21:41:21.858+0000] {logging_mixin.py:190} INFO - [2025-11-09T21:41:21.857+0000] {dag.py:3239} INFO - Sync 1 DAGs
[2025-11-09T21:41:21.887+0000] {logging_mixin.py:190} INFO - [2025-11-09T21:41:21.886+0000] {dag.py:4180} INFO - Setting next_dagrun for example_kubernetes_executor to None, run_after=None
[2025-11-09T21:41:21.924+0000] {processor.py:208} INFO - Processing /home/airflow/.local/lib/python3.12/site-packages/airflow/example_dags/example_kubernetes_executor.py took 0.188 seconds
[2025-11-09T21:41:52.474+0000] {processor.py:186} INFO - Started process (PID=4298) to work on /home/airflow/.local/lib/python3.12/site-packages/airflow/example_dags/example_kubernetes_executor.py
[2025-11-09T21:41:52.476+0000] {processor.py:914} INFO - Processing file /home/airflow/.local/lib/python3.12/site-packages/airflow/example_dags/example_kubernetes_executor.py for tasks to queue
[2025-11-09T21:41:52.481+0000] {logging_mixin.py:190} INFO - [2025-11-09T21:41:52.480+0000] {dagbag.py:588} INFO - Filling up the DagBag from /home/airflow/.local/lib/python3.12/site-packages/airflow/example_dags/example_kubernetes_executor.py
[2025-11-09T21:41:52.504+0000] {processor.py:925} INFO - DAG(s) 'example_kubernetes_executor' retrieved from /home/airflow/.local/lib/python3.12/site-packages/airflow/example_dags/example_kubernetes_executor.py
[2025-11-09T21:41:52.567+0000] {logging_mixin.py:190} INFO - [2025-11-09T21:41:52.566+0000] {dag.py:3239} INFO - Sync 1 DAGs
[2025-11-09T21:41:52.592+0000] {logging_mixin.py:190} INFO - [2025-11-09T21:41:52.591+0000] {dag.py:4180} INFO - Setting next_dagrun for example_kubernetes_executor to None, run_after=None
[2025-11-09T21:41:52.623+0000] {processor.py:208} INFO - Processing /home/airflow/.local/lib/python3.12/site-packages/airflow/example_dags/example_kubernetes_executor.py took 0.160 seconds
[2025-11-09T21:42:22.720+0000] {processor.py:186} INFO - Started process (PID=4362) to work on /home/airflow/.local/lib/python3.12/site-packages/airflow/example_dags/example_kubernetes_executor.py
[2025-11-09T21:42:22.722+0000] {processor.py:914} INFO - Processing file /home/airflow/.local/lib/python3.12/site-packages/airflow/example_dags/example_kubernetes_executor.py for tasks to queue
[2025-11-09T21:42:22.725+0000] {logging_mixin.py:190} INFO - [2025-11-09T21:42:22.725+0000] {dagbag.py:588} INFO - Filling up the DagBag from /home/airflow/.local/lib/python3.12/site-packages/airflow/example_dags/example_kubernetes_executor.py
[2025-11-09T21:42:22.748+0000] {processor.py:925} INFO - DAG(s) 'example_kubernetes_executor' retrieved from /home/airflow/.local/lib/python3.12/site-packages/airflow/example_dags/example_kubernetes_executor.py
[2025-11-09T21:42:22.814+0000] {logging_mixin.py:190} INFO - [2025-11-09T21:42:22.814+0000] {dag.py:3239} INFO - Sync 1 DAGs
[2025-11-09T21:42:22.840+0000] {logging_mixin.py:190} INFO - [2025-11-09T21:42:22.840+0000] {dag.py:4180} INFO - Setting next_dagrun for example_kubernetes_executor to None, run_after=None
[2025-11-09T21:42:22.872+0000] {processor.py:208} INFO - Processing /home/airflow/.local/lib/python3.12/site-packages/airflow/example_dags/example_kubernetes_executor.py took 0.163 seconds
[2025-11-09T21:42:53.570+0000] {processor.py:186} INFO - Started process (PID=4427) to work on /home/airflow/.local/lib/python3.12/site-packages/airflow/example_dags/example_kubernetes_executor.py
[2025-11-09T21:42:53.577+0000] {processor.py:914} INFO - Processing file /home/airflow/.local/lib/python3.12/site-packages/airflow/example_dags/example_kubernetes_executor.py for tasks to queue
[2025-11-09T21:42:53.584+0000] {logging_mixin.py:190} INFO - [2025-11-09T21:42:53.583+0000] {dagbag.py:588} INFO - Filling up the DagBag from /home/airflow/.local/lib/python3.12/site-packages/airflow/example_dags/example_kubernetes_executor.py
[2025-11-09T21:42:53.627+0000] {processor.py:925} INFO - DAG(s) 'example_kubernetes_executor' retrieved from /home/airflow/.local/lib/python3.12/site-packages/airflow/example_dags/example_kubernetes_executor.py
[2025-11-09T21:42:53.722+0000] {logging_mixin.py:190} INFO - [2025-11-09T21:42:53.721+0000] {dag.py:3239} INFO - Sync 1 DAGs
[2025-11-09T21:42:53.755+0000] {logging_mixin.py:190} INFO - [2025-11-09T21:42:53.754+0000] {dag.py:4180} INFO - Setting next_dagrun for example_kubernetes_executor to None, run_after=None
[2025-11-09T21:42:53.801+0000] {processor.py:208} INFO - Processing /home/airflow/.local/lib/python3.12/site-packages/airflow/example_dags/example_kubernetes_executor.py took 0.252 seconds
[2025-11-09T21:43:24.842+0000] {processor.py:186} INFO - Started process (PID=4491) to work on /home/airflow/.local/lib/python3.12/site-packages/airflow/example_dags/example_kubernetes_executor.py
[2025-11-09T21:43:24.844+0000] {processor.py:914} INFO - Processing file /home/airflow/.local/lib/python3.12/site-packages/airflow/example_dags/example_kubernetes_executor.py for tasks to queue
[2025-11-09T21:43:24.848+0000] {logging_mixin.py:190} INFO - [2025-11-09T21:43:24.848+0000] {dagbag.py:588} INFO - Filling up the DagBag from /home/airflow/.local/lib/python3.12/site-packages/airflow/example_dags/example_kubernetes_executor.py
[2025-11-09T21:43:24.877+0000] {processor.py:925} INFO - DAG(s) 'example_kubernetes_executor' retrieved from /home/airflow/.local/lib/python3.12/site-packages/airflow/example_dags/example_kubernetes_executor.py
[2025-11-09T21:43:24.947+0000] {logging_mixin.py:190} INFO - [2025-11-09T21:43:24.947+0000] {dag.py:3239} INFO - Sync 1 DAGs
[2025-11-09T21:43:24.975+0000] {logging_mixin.py:190} INFO - [2025-11-09T21:43:24.975+0000] {dag.py:4180} INFO - Setting next_dagrun for example_kubernetes_executor to None, run_after=None
[2025-11-09T21:43:25.011+0000] {processor.py:208} INFO - Processing /home/airflow/.local/lib/python3.12/site-packages/airflow/example_dags/example_kubernetes_executor.py took 0.182 seconds
[2025-11-09T21:43:55.116+0000] {processor.py:186} INFO - Started process (PID=4554) to work on /home/airflow/.local/lib/python3.12/site-packages/airflow/example_dags/example_kubernetes_executor.py
[2025-11-09T21:43:55.118+0000] {processor.py:914} INFO - Processing file /home/airflow/.local/lib/python3.12/site-packages/airflow/example_dags/example_kubernetes_executor.py for tasks to queue
[2025-11-09T21:43:55.122+0000] {logging_mixin.py:190} INFO - [2025-11-09T21:43:55.121+0000] {dagbag.py:588} INFO - Filling up the DagBag from /home/airflow/.local/lib/python3.12/site-packages/airflow/example_dags/example_kubernetes_executor.py
[2025-11-09T21:43:55.142+0000] {processor.py:925} INFO - DAG(s) 'example_kubernetes_executor' retrieved from /home/airflow/.local/lib/python3.12/site-packages/airflow/example_dags/example_kubernetes_executor.py
[2025-11-09T21:43:55.200+0000] {logging_mixin.py:190} INFO - [2025-11-09T21:43:55.199+0000] {dag.py:3239} INFO - Sync 1 DAGs
[2025-11-09T21:43:55.227+0000] {logging_mixin.py:190} INFO - [2025-11-09T21:43:55.227+0000] {dag.py:4180} INFO - Setting next_dagrun for example_kubernetes_executor to None, run_after=None
[2025-11-09T21:43:55.259+0000] {processor.py:208} INFO - Processing /home/airflow/.local/lib/python3.12/site-packages/airflow/example_dags/example_kubernetes_executor.py took 0.153 seconds
[2025-11-09T21:44:25.627+0000] {processor.py:186} INFO - Started process (PID=4619) to work on /home/airflow/.local/lib/python3.12/site-packages/airflow/example_dags/example_kubernetes_executor.py
[2025-11-09T21:44:25.629+0000] {processor.py:914} INFO - Processing file /home/airflow/.local/lib/python3.12/site-packages/airflow/example_dags/example_kubernetes_executor.py for tasks to queue
[2025-11-09T21:44:25.633+0000] {logging_mixin.py:190} INFO - [2025-11-09T21:44:25.633+0000] {dagbag.py:588} INFO - Filling up the DagBag from /home/airflow/.local/lib/python3.12/site-packages/airflow/example_dags/example_kubernetes_executor.py
[2025-11-09T21:44:25.657+0000] {processor.py:925} INFO - DAG(s) 'example_kubernetes_executor' retrieved from /home/airflow/.local/lib/python3.12/site-packages/airflow/example_dags/example_kubernetes_executor.py
[2025-11-09T21:44:25.717+0000] {logging_mixin.py:190} INFO - [2025-11-09T21:44:25.717+0000] {dag.py:3239} INFO - Sync 1 DAGs
[2025-11-09T21:44:25.739+0000] {logging_mixin.py:190} INFO - [2025-11-09T21:44:25.739+0000] {dag.py:4180} INFO - Setting next_dagrun for example_kubernetes_executor to None, run_after=None
[2025-11-09T21:44:25.773+0000] {processor.py:208} INFO - Processing /home/airflow/.local/lib/python3.12/site-packages/airflow/example_dags/example_kubernetes_executor.py took 0.155 seconds
[2025-11-09T21:44:56.161+0000] {processor.py:186} INFO - Started process (PID=4684) to work on /home/airflow/.local/lib/python3.12/site-packages/airflow/example_dags/example_kubernetes_executor.py
[2025-11-09T21:44:56.163+0000] {processor.py:914} INFO - Processing file /home/airflow/.local/lib/python3.12/site-packages/airflow/example_dags/example_kubernetes_executor.py for tasks to queue
[2025-11-09T21:44:56.168+0000] {logging_mixin.py:190} INFO - [2025-11-09T21:44:56.167+0000] {dagbag.py:588} INFO - Filling up the DagBag from /home/airflow/.local/lib/python3.12/site-packages/airflow/example_dags/example_kubernetes_executor.py
[2025-11-09T21:44:56.202+0000] {processor.py:925} INFO - DAG(s) 'example_kubernetes_executor' retrieved from /home/airflow/.local/lib/python3.12/site-packages/airflow/example_dags/example_kubernetes_executor.py
[2025-11-09T21:44:56.302+0000] {logging_mixin.py:190} INFO - [2025-11-09T21:44:56.301+0000] {dag.py:3239} INFO - Sync 1 DAGs
[2025-11-09T21:44:56.337+0000] {logging_mixin.py:190} INFO - [2025-11-09T21:44:56.337+0000] {dag.py:4180} INFO - Setting next_dagrun for example_kubernetes_executor to None, run_after=None
[2025-11-09T21:44:56.376+0000] {processor.py:208} INFO - Processing /home/airflow/.local/lib/python3.12/site-packages/airflow/example_dags/example_kubernetes_executor.py took 0.227 seconds
[2025-11-09T21:45:26.639+0000] {processor.py:186} INFO - Started process (PID=4748) to work on /home/airflow/.local/lib/python3.12/site-packages/airflow/example_dags/example_kubernetes_executor.py
[2025-11-09T21:45:26.641+0000] {processor.py:914} INFO - Processing file /home/airflow/.local/lib/python3.12/site-packages/airflow/example_dags/example_kubernetes_executor.py for tasks to queue
[2025-11-09T21:45:26.646+0000] {logging_mixin.py:190} INFO - [2025-11-09T21:45:26.646+0000] {dagbag.py:588} INFO - Filling up the DagBag from /home/airflow/.local/lib/python3.12/site-packages/airflow/example_dags/example_kubernetes_executor.py
[2025-11-09T21:45:26.679+0000] {processor.py:925} INFO - DAG(s) 'example_kubernetes_executor' retrieved from /home/airflow/.local/lib/python3.12/site-packages/airflow/example_dags/example_kubernetes_executor.py
[2025-11-09T21:45:26.755+0000] {logging_mixin.py:190} INFO - [2025-11-09T21:45:26.754+0000] {dag.py:3239} INFO - Sync 1 DAGs
[2025-11-09T21:45:26.783+0000] {logging_mixin.py:190} INFO - [2025-11-09T21:45:26.783+0000] {dag.py:4180} INFO - Setting next_dagrun for example_kubernetes_executor to None, run_after=None
[2025-11-09T21:45:26.818+0000] {processor.py:208} INFO - Processing /home/airflow/.local/lib/python3.12/site-packages/airflow/example_dags/example_kubernetes_executor.py took 0.192 seconds
[2025-11-09T21:45:57.049+0000] {processor.py:186} INFO - Started process (PID=4812) to work on /home/airflow/.local/lib/python3.12/site-packages/airflow/example_dags/example_kubernetes_executor.py
[2025-11-09T21:45:57.052+0000] {processor.py:914} INFO - Processing file /home/airflow/.local/lib/python3.12/site-packages/airflow/example_dags/example_kubernetes_executor.py for tasks to queue
[2025-11-09T21:45:57.062+0000] {logging_mixin.py:190} INFO - [2025-11-09T21:45:57.060+0000] {dagbag.py:588} INFO - Filling up the DagBag from /home/airflow/.local/lib/python3.12/site-packages/airflow/example_dags/example_kubernetes_executor.py
[2025-11-09T21:45:57.132+0000] {processor.py:925} INFO - DAG(s) 'example_kubernetes_executor' retrieved from /home/airflow/.local/lib/python3.12/site-packages/airflow/example_dags/example_kubernetes_executor.py
[2025-11-09T21:45:57.243+0000] {logging_mixin.py:190} INFO - [2025-11-09T21:45:57.242+0000] {dag.py:3239} INFO - Sync 1 DAGs
[2025-11-09T21:45:57.287+0000] {logging_mixin.py:190} INFO - [2025-11-09T21:45:57.287+0000] {dag.py:4180} INFO - Setting next_dagrun for example_kubernetes_executor to None, run_after=None
[2025-11-09T21:45:57.338+0000] {processor.py:208} INFO - Processing /home/airflow/.local/lib/python3.12/site-packages/airflow/example_dags/example_kubernetes_executor.py took 0.311 seconds
[2025-11-09T21:46:28.085+0000] {processor.py:186} INFO - Started process (PID=4876) to work on /home/airflow/.local/lib/python3.12/site-packages/airflow/example_dags/example_kubernetes_executor.py
[2025-11-09T21:46:28.088+0000] {processor.py:914} INFO - Processing file /home/airflow/.local/lib/python3.12/site-packages/airflow/example_dags/example_kubernetes_executor.py for tasks to queue
[2025-11-09T21:46:28.095+0000] {logging_mixin.py:190} INFO - [2025-11-09T21:46:28.094+0000] {dagbag.py:588} INFO - Filling up the DagBag from /home/airflow/.local/lib/python3.12/site-packages/airflow/example_dags/example_kubernetes_executor.py
[2025-11-09T21:46:28.148+0000] {processor.py:925} INFO - DAG(s) 'example_kubernetes_executor' retrieved from /home/airflow/.local/lib/python3.12/site-packages/airflow/example_dags/example_kubernetes_executor.py
[2025-11-09T21:46:28.246+0000] {logging_mixin.py:190} INFO - [2025-11-09T21:46:28.245+0000] {dag.py:3239} INFO - Sync 1 DAGs
[2025-11-09T21:46:28.288+0000] {logging_mixin.py:190} INFO - [2025-11-09T21:46:28.288+0000] {dag.py:4180} INFO - Setting next_dagrun for example_kubernetes_executor to None, run_after=None
[2025-11-09T21:46:28.332+0000] {processor.py:208} INFO - Processing /home/airflow/.local/lib/python3.12/site-packages/airflow/example_dags/example_kubernetes_executor.py took 0.268 seconds
[2025-11-09T21:46:58.509+0000] {processor.py:186} INFO - Started process (PID=4939) to work on /home/airflow/.local/lib/python3.12/site-packages/airflow/example_dags/example_kubernetes_executor.py
[2025-11-09T21:46:58.512+0000] {processor.py:914} INFO - Processing file /home/airflow/.local/lib/python3.12/site-packages/airflow/example_dags/example_kubernetes_executor.py for tasks to queue
[2025-11-09T21:46:58.518+0000] {logging_mixin.py:190} INFO - [2025-11-09T21:46:58.517+0000] {dagbag.py:588} INFO - Filling up the DagBag from /home/airflow/.local/lib/python3.12/site-packages/airflow/example_dags/example_kubernetes_executor.py
[2025-11-09T21:46:58.585+0000] {processor.py:925} INFO - DAG(s) 'example_kubernetes_executor' retrieved from /home/airflow/.local/lib/python3.12/site-packages/airflow/example_dags/example_kubernetes_executor.py
[2025-11-09T21:46:58.694+0000] {logging_mixin.py:190} INFO - [2025-11-09T21:46:58.694+0000] {dag.py:3239} INFO - Sync 1 DAGs
[2025-11-09T21:46:58.725+0000] {logging_mixin.py:190} INFO - [2025-11-09T21:46:58.725+0000] {dag.py:4180} INFO - Setting next_dagrun for example_kubernetes_executor to None, run_after=None
[2025-11-09T21:46:58.764+0000] {processor.py:208} INFO - Processing /home/airflow/.local/lib/python3.12/site-packages/airflow/example_dags/example_kubernetes_executor.py took 0.269 seconds
[2025-11-09T21:47:29.364+0000] {processor.py:186} INFO - Started process (PID=5003) to work on /home/airflow/.local/lib/python3.12/site-packages/airflow/example_dags/example_kubernetes_executor.py
[2025-11-09T21:47:29.368+0000] {processor.py:914} INFO - Processing file /home/airflow/.local/lib/python3.12/site-packages/airflow/example_dags/example_kubernetes_executor.py for tasks to queue
[2025-11-09T21:47:29.389+0000] {logging_mixin.py:190} INFO - [2025-11-09T21:47:29.385+0000] {dagbag.py:588} INFO - Filling up the DagBag from /home/airflow/.local/lib/python3.12/site-packages/airflow/example_dags/example_kubernetes_executor.py
[2025-11-09T21:47:29.492+0000] {processor.py:925} INFO - DAG(s) 'example_kubernetes_executor' retrieved from /home/airflow/.local/lib/python3.12/site-packages/airflow/example_dags/example_kubernetes_executor.py
[2025-11-09T21:47:29.656+0000] {logging_mixin.py:190} INFO - [2025-11-09T21:47:29.653+0000] {dag.py:3239} INFO - Sync 1 DAGs
[2025-11-09T21:47:29.705+0000] {logging_mixin.py:190} INFO - [2025-11-09T21:47:29.704+0000] {dag.py:4180} INFO - Setting next_dagrun for example_kubernetes_executor to None, run_after=None
[2025-11-09T21:47:29.771+0000] {processor.py:208} INFO - Processing /home/airflow/.local/lib/python3.12/site-packages/airflow/example_dags/example_kubernetes_executor.py took 0.463 seconds
[2025-11-09T21:47:59.975+0000] {processor.py:186} INFO - Started process (PID=5072) to work on /home/airflow/.local/lib/python3.12/site-packages/airflow/example_dags/example_kubernetes_executor.py
[2025-11-09T21:47:59.978+0000] {processor.py:914} INFO - Processing file /home/airflow/.local/lib/python3.12/site-packages/airflow/example_dags/example_kubernetes_executor.py for tasks to queue
[2025-11-09T21:47:59.983+0000] {logging_mixin.py:190} INFO - [2025-11-09T21:47:59.982+0000] {dagbag.py:588} INFO - Filling up the DagBag from /home/airflow/.local/lib/python3.12/site-packages/airflow/example_dags/example_kubernetes_executor.py
[2025-11-09T21:48:00.014+0000] {processor.py:925} INFO - DAG(s) 'example_kubernetes_executor' retrieved from /home/airflow/.local/lib/python3.12/site-packages/airflow/example_dags/example_kubernetes_executor.py
[2025-11-09T21:48:00.104+0000] {logging_mixin.py:190} INFO - [2025-11-09T21:48:00.104+0000] {dag.py:3239} INFO - Sync 1 DAGs
[2025-11-09T21:48:00.135+0000] {logging_mixin.py:190} INFO - [2025-11-09T21:48:00.134+0000] {dag.py:4180} INFO - Setting next_dagrun for example_kubernetes_executor to None, run_after=None
[2025-11-09T21:48:00.173+0000] {processor.py:208} INFO - Processing /home/airflow/.local/lib/python3.12/site-packages/airflow/example_dags/example_kubernetes_executor.py took 0.211 seconds
[2025-11-09T21:48:31.194+0000] {processor.py:186} INFO - Started process (PID=5135) to work on /home/airflow/.local/lib/python3.12/site-packages/airflow/example_dags/example_kubernetes_executor.py
[2025-11-09T21:48:31.196+0000] {processor.py:914} INFO - Processing file /home/airflow/.local/lib/python3.12/site-packages/airflow/example_dags/example_kubernetes_executor.py for tasks to queue
[2025-11-09T21:48:31.199+0000] {logging_mixin.py:190} INFO - [2025-11-09T21:48:31.199+0000] {dagbag.py:588} INFO - Filling up the DagBag from /home/airflow/.local/lib/python3.12/site-packages/airflow/example_dags/example_kubernetes_executor.py
[2025-11-09T21:48:31.219+0000] {processor.py:925} INFO - DAG(s) 'example_kubernetes_executor' retrieved from /home/airflow/.local/lib/python3.12/site-packages/airflow/example_dags/example_kubernetes_executor.py
[2025-11-09T21:48:31.272+0000] {logging_mixin.py:190} INFO - [2025-11-09T21:48:31.272+0000] {dag.py:3239} INFO - Sync 1 DAGs
[2025-11-09T21:48:31.293+0000] {logging_mixin.py:190} INFO - [2025-11-09T21:48:31.293+0000] {dag.py:4180} INFO - Setting next_dagrun for example_kubernetes_executor to None, run_after=None
[2025-11-09T21:48:31.320+0000] {processor.py:208} INFO - Processing /home/airflow/.local/lib/python3.12/site-packages/airflow/example_dags/example_kubernetes_executor.py took 0.135 seconds
[2025-11-09T21:49:01.675+0000] {processor.py:186} INFO - Started process (PID=5200) to work on /home/airflow/.local/lib/python3.12/site-packages/airflow/example_dags/example_kubernetes_executor.py
[2025-11-09T21:49:01.676+0000] {processor.py:914} INFO - Processing file /home/airflow/.local/lib/python3.12/site-packages/airflow/example_dags/example_kubernetes_executor.py for tasks to queue
[2025-11-09T21:49:01.681+0000] {logging_mixin.py:190} INFO - [2025-11-09T21:49:01.680+0000] {dagbag.py:588} INFO - Filling up the DagBag from /home/airflow/.local/lib/python3.12/site-packages/airflow/example_dags/example_kubernetes_executor.py
[2025-11-09T21:49:01.704+0000] {processor.py:925} INFO - DAG(s) 'example_kubernetes_executor' retrieved from /home/airflow/.local/lib/python3.12/site-packages/airflow/example_dags/example_kubernetes_executor.py
[2025-11-09T21:49:01.761+0000] {logging_mixin.py:190} INFO - [2025-11-09T21:49:01.761+0000] {dag.py:3239} INFO - Sync 1 DAGs
[2025-11-09T21:49:01.783+0000] {logging_mixin.py:190} INFO - [2025-11-09T21:49:01.783+0000] {dag.py:4180} INFO - Setting next_dagrun for example_kubernetes_executor to None, run_after=None
[2025-11-09T21:49:01.819+0000] {processor.py:208} INFO - Processing /home/airflow/.local/lib/python3.12/site-packages/airflow/example_dags/example_kubernetes_executor.py took 0.154 seconds
[2025-11-09T21:49:32.138+0000] {processor.py:186} INFO - Started process (PID=5265) to work on /home/airflow/.local/lib/python3.12/site-packages/airflow/example_dags/example_kubernetes_executor.py
[2025-11-09T21:49:32.140+0000] {processor.py:914} INFO - Processing file /home/airflow/.local/lib/python3.12/site-packages/airflow/example_dags/example_kubernetes_executor.py for tasks to queue
[2025-11-09T21:49:32.146+0000] {logging_mixin.py:190} INFO - [2025-11-09T21:49:32.146+0000] {dagbag.py:588} INFO - Filling up the DagBag from /home/airflow/.local/lib/python3.12/site-packages/airflow/example_dags/example_kubernetes_executor.py
[2025-11-09T21:49:32.184+0000] {processor.py:925} INFO - DAG(s) 'example_kubernetes_executor' retrieved from /home/airflow/.local/lib/python3.12/site-packages/airflow/example_dags/example_kubernetes_executor.py
[2025-11-09T21:49:32.261+0000] {logging_mixin.py:190} INFO - [2025-11-09T21:49:32.261+0000] {dag.py:3239} INFO - Sync 1 DAGs
[2025-11-09T21:49:32.296+0000] {logging_mixin.py:190} INFO - [2025-11-09T21:49:32.296+0000] {dag.py:4180} INFO - Setting next_dagrun for example_kubernetes_executor to None, run_after=None
[2025-11-09T21:49:32.339+0000] {processor.py:208} INFO - Processing /home/airflow/.local/lib/python3.12/site-packages/airflow/example_dags/example_kubernetes_executor.py took 0.217 seconds
[2025-11-09T21:50:02.538+0000] {processor.py:186} INFO - Started process (PID=5330) to work on /home/airflow/.local/lib/python3.12/site-packages/airflow/example_dags/example_kubernetes_executor.py
[2025-11-09T21:50:02.540+0000] {processor.py:914} INFO - Processing file /home/airflow/.local/lib/python3.12/site-packages/airflow/example_dags/example_kubernetes_executor.py for tasks to queue
[2025-11-09T21:50:02.545+0000] {logging_mixin.py:190} INFO - [2025-11-09T21:50:02.544+0000] {dagbag.py:588} INFO - Filling up the DagBag from /home/airflow/.local/lib/python3.12/site-packages/airflow/example_dags/example_kubernetes_executor.py
[2025-11-09T21:50:02.583+0000] {processor.py:925} INFO - DAG(s) 'example_kubernetes_executor' retrieved from /home/airflow/.local/lib/python3.12/site-packages/airflow/example_dags/example_kubernetes_executor.py
[2025-11-09T21:50:02.669+0000] {logging_mixin.py:190} INFO - [2025-11-09T21:50:02.669+0000] {dag.py:3239} INFO - Sync 1 DAGs
[2025-11-09T21:50:02.699+0000] {logging_mixin.py:190} INFO - [2025-11-09T21:50:02.698+0000] {dag.py:4180} INFO - Setting next_dagrun for example_kubernetes_executor to None, run_after=None
[2025-11-09T21:50:02.736+0000] {processor.py:208} INFO - Processing /home/airflow/.local/lib/python3.12/site-packages/airflow/example_dags/example_kubernetes_executor.py took 0.211 seconds
[2025-11-09T21:50:33.475+0000] {processor.py:186} INFO - Started process (PID=5393) to work on /home/airflow/.local/lib/python3.12/site-packages/airflow/example_dags/example_kubernetes_executor.py
[2025-11-09T21:50:33.477+0000] {processor.py:914} INFO - Processing file /home/airflow/.local/lib/python3.12/site-packages/airflow/example_dags/example_kubernetes_executor.py for tasks to queue
[2025-11-09T21:50:33.483+0000] {logging_mixin.py:190} INFO - [2025-11-09T21:50:33.482+0000] {dagbag.py:588} INFO - Filling up the DagBag from /home/airflow/.local/lib/python3.12/site-packages/airflow/example_dags/example_kubernetes_executor.py
[2025-11-09T21:50:33.512+0000] {processor.py:925} INFO - DAG(s) 'example_kubernetes_executor' retrieved from /home/airflow/.local/lib/python3.12/site-packages/airflow/example_dags/example_kubernetes_executor.py
[2025-11-09T21:50:33.576+0000] {logging_mixin.py:190} INFO - [2025-11-09T21:50:33.575+0000] {dag.py:3239} INFO - Sync 1 DAGs
[2025-11-09T21:50:33.607+0000] {logging_mixin.py:190} INFO - [2025-11-09T21:50:33.606+0000] {dag.py:4180} INFO - Setting next_dagrun for example_kubernetes_executor to None, run_after=None
[2025-11-09T21:50:33.643+0000] {processor.py:208} INFO - Processing /home/airflow/.local/lib/python3.12/site-packages/airflow/example_dags/example_kubernetes_executor.py took 0.182 seconds
[2025-11-09T21:51:06.114+0000] {processor.py:186} INFO - Started process (PID=5458) to work on /home/airflow/.local/lib/python3.12/site-packages/airflow/example_dags/example_kubernetes_executor.py
[2025-11-09T21:51:06.116+0000] {processor.py:914} INFO - Processing file /home/airflow/.local/lib/python3.12/site-packages/airflow/example_dags/example_kubernetes_executor.py for tasks to queue
[2025-11-09T21:51:06.122+0000] {logging_mixin.py:190} INFO - [2025-11-09T21:51:06.121+0000] {dagbag.py:588} INFO - Filling up the DagBag from /home/airflow/.local/lib/python3.12/site-packages/airflow/example_dags/example_kubernetes_executor.py
[2025-11-09T21:51:06.151+0000] {processor.py:925} INFO - DAG(s) 'example_kubernetes_executor' retrieved from /home/airflow/.local/lib/python3.12/site-packages/airflow/example_dags/example_kubernetes_executor.py
[2025-11-09T21:51:06.221+0000] {logging_mixin.py:190} INFO - [2025-11-09T21:51:06.221+0000] {dag.py:3239} INFO - Sync 1 DAGs
[2025-11-09T21:51:06.249+0000] {logging_mixin.py:190} INFO - [2025-11-09T21:51:06.249+0000] {dag.py:4180} INFO - Setting next_dagrun for example_kubernetes_executor to None, run_after=None
[2025-11-09T21:51:06.286+0000] {processor.py:208} INFO - Processing /home/airflow/.local/lib/python3.12/site-packages/airflow/example_dags/example_kubernetes_executor.py took 0.186 seconds
[2025-11-09T21:51:37.459+0000] {processor.py:186} INFO - Started process (PID=5523) to work on /home/airflow/.local/lib/python3.12/site-packages/airflow/example_dags/example_kubernetes_executor.py
[2025-11-09T21:51:37.461+0000] {processor.py:914} INFO - Processing file /home/airflow/.local/lib/python3.12/site-packages/airflow/example_dags/example_kubernetes_executor.py for tasks to queue
[2025-11-09T21:51:37.467+0000] {logging_mixin.py:190} INFO - [2025-11-09T21:51:37.466+0000] {dagbag.py:588} INFO - Filling up the DagBag from /home/airflow/.local/lib/python3.12/site-packages/airflow/example_dags/example_kubernetes_executor.py
[2025-11-09T21:51:37.500+0000] {processor.py:925} INFO - DAG(s) 'example_kubernetes_executor' retrieved from /home/airflow/.local/lib/python3.12/site-packages/airflow/example_dags/example_kubernetes_executor.py
[2025-11-09T21:51:37.587+0000] {logging_mixin.py:190} INFO - [2025-11-09T21:51:37.587+0000] {dag.py:3239} INFO - Sync 1 DAGs
[2025-11-09T21:51:37.620+0000] {logging_mixin.py:190} INFO - [2025-11-09T21:51:37.620+0000] {dag.py:4180} INFO - Setting next_dagrun for example_kubernetes_executor to None, run_after=None
[2025-11-09T21:51:37.658+0000] {processor.py:208} INFO - Processing /home/airflow/.local/lib/python3.12/site-packages/airflow/example_dags/example_kubernetes_executor.py took 0.216 seconds
[2025-11-09T21:52:08.825+0000] {processor.py:186} INFO - Started process (PID=5583) to work on /home/airflow/.local/lib/python3.12/site-packages/airflow/example_dags/example_kubernetes_executor.py
[2025-11-09T21:52:08.828+0000] {processor.py:914} INFO - Processing file /home/airflow/.local/lib/python3.12/site-packages/airflow/example_dags/example_kubernetes_executor.py for tasks to queue
[2025-11-09T21:52:08.835+0000] {logging_mixin.py:190} INFO - [2025-11-09T21:52:08.834+0000] {dagbag.py:588} INFO - Filling up the DagBag from /home/airflow/.local/lib/python3.12/site-packages/airflow/example_dags/example_kubernetes_executor.py
[2025-11-09T21:52:08.877+0000] {processor.py:925} INFO - DAG(s) 'example_kubernetes_executor' retrieved from /home/airflow/.local/lib/python3.12/site-packages/airflow/example_dags/example_kubernetes_executor.py
[2025-11-09T21:52:08.966+0000] {logging_mixin.py:190} INFO - [2025-11-09T21:52:08.966+0000] {dag.py:3239} INFO - Sync 1 DAGs
[2025-11-09T21:52:09.019+0000] {logging_mixin.py:190} INFO - [2025-11-09T21:52:09.019+0000] {dag.py:4180} INFO - Setting next_dagrun for example_kubernetes_executor to None, run_after=None
[2025-11-09T21:52:09.064+0000] {processor.py:208} INFO - Processing /home/airflow/.local/lib/python3.12/site-packages/airflow/example_dags/example_kubernetes_executor.py took 0.256 seconds
[2025-11-09T21:52:39.775+0000] {processor.py:186} INFO - Started process (PID=5647) to work on /home/airflow/.local/lib/python3.12/site-packages/airflow/example_dags/example_kubernetes_executor.py
[2025-11-09T21:52:39.777+0000] {processor.py:914} INFO - Processing file /home/airflow/.local/lib/python3.12/site-packages/airflow/example_dags/example_kubernetes_executor.py for tasks to queue
[2025-11-09T21:52:39.782+0000] {logging_mixin.py:190} INFO - [2025-11-09T21:52:39.781+0000] {dagbag.py:588} INFO - Filling up the DagBag from /home/airflow/.local/lib/python3.12/site-packages/airflow/example_dags/example_kubernetes_executor.py
[2025-11-09T21:52:39.810+0000] {processor.py:925} INFO - DAG(s) 'example_kubernetes_executor' retrieved from /home/airflow/.local/lib/python3.12/site-packages/airflow/example_dags/example_kubernetes_executor.py
[2025-11-09T21:52:39.877+0000] {logging_mixin.py:190} INFO - [2025-11-09T21:52:39.877+0000] {dag.py:3239} INFO - Sync 1 DAGs
[2025-11-09T21:52:39.903+0000] {logging_mixin.py:190} INFO - [2025-11-09T21:52:39.902+0000] {dag.py:4180} INFO - Setting next_dagrun for example_kubernetes_executor to None, run_after=None
[2025-11-09T21:52:39.934+0000] {processor.py:208} INFO - Processing /home/airflow/.local/lib/python3.12/site-packages/airflow/example_dags/example_kubernetes_executor.py took 0.172 seconds
[2025-11-09T21:53:13.271+0000] {processor.py:186} INFO - Started process (PID=5712) to work on /home/airflow/.local/lib/python3.12/site-packages/airflow/example_dags/example_kubernetes_executor.py
[2025-11-09T21:53:13.274+0000] {processor.py:914} INFO - Processing file /home/airflow/.local/lib/python3.12/site-packages/airflow/example_dags/example_kubernetes_executor.py for tasks to queue
[2025-11-09T21:53:13.281+0000] {logging_mixin.py:190} INFO - [2025-11-09T21:53:13.280+0000] {dagbag.py:588} INFO - Filling up the DagBag from /home/airflow/.local/lib/python3.12/site-packages/airflow/example_dags/example_kubernetes_executor.py
[2025-11-09T21:53:13.323+0000] {processor.py:925} INFO - DAG(s) 'example_kubernetes_executor' retrieved from /home/airflow/.local/lib/python3.12/site-packages/airflow/example_dags/example_kubernetes_executor.py
[2025-11-09T21:53:13.440+0000] {logging_mixin.py:190} INFO - [2025-11-09T21:53:13.440+0000] {dag.py:3239} INFO - Sync 1 DAGs
[2025-11-09T21:53:13.499+0000] {logging_mixin.py:190} INFO - [2025-11-09T21:53:13.498+0000] {dag.py:4180} INFO - Setting next_dagrun for example_kubernetes_executor to None, run_after=None
[2025-11-09T21:53:13.555+0000] {processor.py:208} INFO - Processing /home/airflow/.local/lib/python3.12/site-packages/airflow/example_dags/example_kubernetes_executor.py took 0.306 seconds
[2025-11-09T21:53:45.166+0000] {processor.py:186} INFO - Started process (PID=5775) to work on /home/airflow/.local/lib/python3.12/site-packages/airflow/example_dags/example_kubernetes_executor.py
[2025-11-09T21:53:45.169+0000] {processor.py:914} INFO - Processing file /home/airflow/.local/lib/python3.12/site-packages/airflow/example_dags/example_kubernetes_executor.py for tasks to queue
[2025-11-09T21:53:45.179+0000] {logging_mixin.py:190} INFO - [2025-11-09T21:53:45.177+0000] {dagbag.py:588} INFO - Filling up the DagBag from /home/airflow/.local/lib/python3.12/site-packages/airflow/example_dags/example_kubernetes_executor.py
[2025-11-09T21:53:45.238+0000] {processor.py:925} INFO - DAG(s) 'example_kubernetes_executor' retrieved from /home/airflow/.local/lib/python3.12/site-packages/airflow/example_dags/example_kubernetes_executor.py
[2025-11-09T21:53:45.382+0000] {logging_mixin.py:190} INFO - [2025-11-09T21:53:45.382+0000] {dag.py:3239} INFO - Sync 1 DAGs
[2025-11-09T21:53:45.453+0000] {logging_mixin.py:190} INFO - [2025-11-09T21:53:45.452+0000] {dag.py:4180} INFO - Setting next_dagrun for example_kubernetes_executor to None, run_after=None
[2025-11-09T21:53:45.528+0000] {processor.py:208} INFO - Processing /home/airflow/.local/lib/python3.12/site-packages/airflow/example_dags/example_kubernetes_executor.py took 0.384 seconds
[2025-11-09T21:54:15.900+0000] {processor.py:186} INFO - Started process (PID=5839) to work on /home/airflow/.local/lib/python3.12/site-packages/airflow/example_dags/example_kubernetes_executor.py
[2025-11-09T21:54:15.902+0000] {processor.py:914} INFO - Processing file /home/airflow/.local/lib/python3.12/site-packages/airflow/example_dags/example_kubernetes_executor.py for tasks to queue
[2025-11-09T21:54:15.907+0000] {logging_mixin.py:190} INFO - [2025-11-09T21:54:15.907+0000] {dagbag.py:588} INFO - Filling up the DagBag from /home/airflow/.local/lib/python3.12/site-packages/airflow/example_dags/example_kubernetes_executor.py
[2025-11-09T21:54:15.937+0000] {processor.py:925} INFO - DAG(s) 'example_kubernetes_executor' retrieved from /home/airflow/.local/lib/python3.12/site-packages/airflow/example_dags/example_kubernetes_executor.py
[2025-11-09T21:54:16.013+0000] {logging_mixin.py:190} INFO - [2025-11-09T21:54:16.012+0000] {dag.py:3239} INFO - Sync 1 DAGs
[2025-11-09T21:54:16.040+0000] {logging_mixin.py:190} INFO - [2025-11-09T21:54:16.039+0000] {dag.py:4180} INFO - Setting next_dagrun for example_kubernetes_executor to None, run_after=None
[2025-11-09T21:54:16.074+0000] {processor.py:208} INFO - Processing /home/airflow/.local/lib/python3.12/site-packages/airflow/example_dags/example_kubernetes_executor.py took 0.186 seconds
[2025-11-09T21:54:46.989+0000] {processor.py:186} INFO - Started process (PID=5903) to work on /home/airflow/.local/lib/python3.12/site-packages/airflow/example_dags/example_kubernetes_executor.py
[2025-11-09T21:54:46.990+0000] {processor.py:914} INFO - Processing file /home/airflow/.local/lib/python3.12/site-packages/airflow/example_dags/example_kubernetes_executor.py for tasks to queue
[2025-11-09T21:54:46.995+0000] {logging_mixin.py:190} INFO - [2025-11-09T21:54:46.995+0000] {dagbag.py:588} INFO - Filling up the DagBag from /home/airflow/.local/lib/python3.12/site-packages/airflow/example_dags/example_kubernetes_executor.py
[2025-11-09T21:54:47.021+0000] {processor.py:925} INFO - DAG(s) 'example_kubernetes_executor' retrieved from /home/airflow/.local/lib/python3.12/site-packages/airflow/example_dags/example_kubernetes_executor.py
[2025-11-09T21:54:47.091+0000] {logging_mixin.py:190} INFO - [2025-11-09T21:54:47.091+0000] {dag.py:3239} INFO - Sync 1 DAGs
[2025-11-09T21:54:47.119+0000] {logging_mixin.py:190} INFO - [2025-11-09T21:54:47.119+0000] {dag.py:4180} INFO - Setting next_dagrun for example_kubernetes_executor to None, run_after=None
[2025-11-09T21:54:47.157+0000] {processor.py:208} INFO - Processing /home/airflow/.local/lib/python3.12/site-packages/airflow/example_dags/example_kubernetes_executor.py took 0.179 seconds
[2025-11-09T21:55:17.968+0000] {processor.py:186} INFO - Started process (PID=5966) to work on /home/airflow/.local/lib/python3.12/site-packages/airflow/example_dags/example_kubernetes_executor.py
[2025-11-09T21:55:17.974+0000] {processor.py:914} INFO - Processing file /home/airflow/.local/lib/python3.12/site-packages/airflow/example_dags/example_kubernetes_executor.py for tasks to queue
[2025-11-09T21:55:17.989+0000] {logging_mixin.py:190} INFO - [2025-11-09T21:55:17.988+0000] {dagbag.py:588} INFO - Filling up the DagBag from /home/airflow/.local/lib/python3.12/site-packages/airflow/example_dags/example_kubernetes_executor.py
[2025-11-09T21:55:18.084+0000] {processor.py:925} INFO - DAG(s) 'example_kubernetes_executor' retrieved from /home/airflow/.local/lib/python3.12/site-packages/airflow/example_dags/example_kubernetes_executor.py
[2025-11-09T21:55:18.389+0000] {logging_mixin.py:190} INFO - [2025-11-09T21:55:18.388+0000] {dag.py:3239} INFO - Sync 1 DAGs
[2025-11-09T21:55:18.532+0000] {logging_mixin.py:190} INFO - [2025-11-09T21:55:18.531+0000] {dag.py:4180} INFO - Setting next_dagrun for example_kubernetes_executor to None, run_after=None
[2025-11-09T21:55:18.709+0000] {processor.py:208} INFO - Processing /home/airflow/.local/lib/python3.12/site-packages/airflow/example_dags/example_kubernetes_executor.py took 0.780 seconds
[2025-11-09T21:55:49.143+0000] {processor.py:186} INFO - Started process (PID=6030) to work on /home/airflow/.local/lib/python3.12/site-packages/airflow/example_dags/example_kubernetes_executor.py
[2025-11-09T21:55:49.146+0000] {processor.py:914} INFO - Processing file /home/airflow/.local/lib/python3.12/site-packages/airflow/example_dags/example_kubernetes_executor.py for tasks to queue
[2025-11-09T21:55:49.152+0000] {logging_mixin.py:190} INFO - [2025-11-09T21:55:49.151+0000] {dagbag.py:588} INFO - Filling up the DagBag from /home/airflow/.local/lib/python3.12/site-packages/airflow/example_dags/example_kubernetes_executor.py
[2025-11-09T21:55:49.188+0000] {processor.py:925} INFO - DAG(s) 'example_kubernetes_executor' retrieved from /home/airflow/.local/lib/python3.12/site-packages/airflow/example_dags/example_kubernetes_executor.py
[2025-11-09T21:55:49.287+0000] {logging_mixin.py:190} INFO - [2025-11-09T21:55:49.287+0000] {dag.py:3239} INFO - Sync 1 DAGs
[2025-11-09T21:55:49.328+0000] {logging_mixin.py:190} INFO - [2025-11-09T21:55:49.327+0000] {dag.py:4180} INFO - Setting next_dagrun for example_kubernetes_executor to None, run_after=None
[2025-11-09T21:55:49.384+0000] {processor.py:208} INFO - Processing /home/airflow/.local/lib/python3.12/site-packages/airflow/example_dags/example_kubernetes_executor.py took 0.255 seconds
[2025-11-09T21:56:19.976+0000] {processor.py:186} INFO - Started process (PID=6094) to work on /home/airflow/.local/lib/python3.12/site-packages/airflow/example_dags/example_kubernetes_executor.py
[2025-11-09T21:56:19.978+0000] {processor.py:914} INFO - Processing file /home/airflow/.local/lib/python3.12/site-packages/airflow/example_dags/example_kubernetes_executor.py for tasks to queue
[2025-11-09T21:56:19.985+0000] {logging_mixin.py:190} INFO - [2025-11-09T21:56:19.984+0000] {dagbag.py:588} INFO - Filling up the DagBag from /home/airflow/.local/lib/python3.12/site-packages/airflow/example_dags/example_kubernetes_executor.py
[2025-11-09T21:56:20.014+0000] {processor.py:925} INFO - DAG(s) 'example_kubernetes_executor' retrieved from /home/airflow/.local/lib/python3.12/site-packages/airflow/example_dags/example_kubernetes_executor.py
[2025-11-09T21:56:20.099+0000] {logging_mixin.py:190} INFO - [2025-11-09T21:56:20.099+0000] {dag.py:3239} INFO - Sync 1 DAGs
[2025-11-09T21:56:20.133+0000] {logging_mixin.py:190} INFO - [2025-11-09T21:56:20.132+0000] {dag.py:4180} INFO - Setting next_dagrun for example_kubernetes_executor to None, run_after=None
[2025-11-09T21:56:20.177+0000] {processor.py:208} INFO - Processing /home/airflow/.local/lib/python3.12/site-packages/airflow/example_dags/example_kubernetes_executor.py took 0.215 seconds
[2025-11-09T21:56:52.280+0000] {processor.py:186} INFO - Started process (PID=6160) to work on /home/airflow/.local/lib/python3.12/site-packages/airflow/example_dags/example_kubernetes_executor.py
[2025-11-09T21:56:52.282+0000] {processor.py:914} INFO - Processing file /home/airflow/.local/lib/python3.12/site-packages/airflow/example_dags/example_kubernetes_executor.py for tasks to queue
[2025-11-09T21:56:52.288+0000] {logging_mixin.py:190} INFO - [2025-11-09T21:56:52.287+0000] {dagbag.py:588} INFO - Filling up the DagBag from /home/airflow/.local/lib/python3.12/site-packages/airflow/example_dags/example_kubernetes_executor.py
[2025-11-09T21:56:52.321+0000] {processor.py:925} INFO - DAG(s) 'example_kubernetes_executor' retrieved from /home/airflow/.local/lib/python3.12/site-packages/airflow/example_dags/example_kubernetes_executor.py
[2025-11-09T21:56:52.396+0000] {logging_mixin.py:190} INFO - [2025-11-09T21:56:52.396+0000] {dag.py:3239} INFO - Sync 1 DAGs
[2025-11-09T21:56:52.419+0000] {logging_mixin.py:190} INFO - [2025-11-09T21:56:52.418+0000] {dag.py:4180} INFO - Setting next_dagrun for example_kubernetes_executor to None, run_after=None
[2025-11-09T21:56:52.447+0000] {processor.py:208} INFO - Processing /home/airflow/.local/lib/python3.12/site-packages/airflow/example_dags/example_kubernetes_executor.py took 0.179 seconds
[2025-11-09T21:57:22.759+0000] {processor.py:186} INFO - Started process (PID=6224) to work on /home/airflow/.local/lib/python3.12/site-packages/airflow/example_dags/example_kubernetes_executor.py
[2025-11-09T21:57:22.761+0000] {processor.py:914} INFO - Processing file /home/airflow/.local/lib/python3.12/site-packages/airflow/example_dags/example_kubernetes_executor.py for tasks to queue
[2025-11-09T21:57:22.766+0000] {logging_mixin.py:190} INFO - [2025-11-09T21:57:22.766+0000] {dagbag.py:588} INFO - Filling up the DagBag from /home/airflow/.local/lib/python3.12/site-packages/airflow/example_dags/example_kubernetes_executor.py
[2025-11-09T21:57:22.794+0000] {processor.py:925} INFO - DAG(s) 'example_kubernetes_executor' retrieved from /home/airflow/.local/lib/python3.12/site-packages/airflow/example_dags/example_kubernetes_executor.py
[2025-11-09T21:57:22.870+0000] {logging_mixin.py:190} INFO - [2025-11-09T21:57:22.870+0000] {dag.py:3239} INFO - Sync 1 DAGs
[2025-11-09T21:57:22.900+0000] {logging_mixin.py:190} INFO - [2025-11-09T21:57:22.900+0000] {dag.py:4180} INFO - Setting next_dagrun for example_kubernetes_executor to None, run_after=None
[2025-11-09T21:57:22.935+0000] {processor.py:208} INFO - Processing /home/airflow/.local/lib/python3.12/site-packages/airflow/example_dags/example_kubernetes_executor.py took 0.187 seconds
[2025-11-09T21:57:53.323+0000] {processor.py:186} INFO - Started process (PID=6287) to work on /home/airflow/.local/lib/python3.12/site-packages/airflow/example_dags/example_kubernetes_executor.py
[2025-11-09T21:57:53.325+0000] {processor.py:914} INFO - Processing file /home/airflow/.local/lib/python3.12/site-packages/airflow/example_dags/example_kubernetes_executor.py for tasks to queue
[2025-11-09T21:57:53.329+0000] {logging_mixin.py:190} INFO - [2025-11-09T21:57:53.329+0000] {dagbag.py:588} INFO - Filling up the DagBag from /home/airflow/.local/lib/python3.12/site-packages/airflow/example_dags/example_kubernetes_executor.py
[2025-11-09T21:57:53.352+0000] {processor.py:925} INFO - DAG(s) 'example_kubernetes_executor' retrieved from /home/airflow/.local/lib/python3.12/site-packages/airflow/example_dags/example_kubernetes_executor.py
[2025-11-09T21:57:53.417+0000] {logging_mixin.py:190} INFO - [2025-11-09T21:57:53.417+0000] {dag.py:3239} INFO - Sync 1 DAGs
[2025-11-09T21:57:53.440+0000] {logging_mixin.py:190} INFO - [2025-11-09T21:57:53.439+0000] {dag.py:4180} INFO - Setting next_dagrun for example_kubernetes_executor to None, run_after=None
[2025-11-09T21:57:53.473+0000] {processor.py:208} INFO - Processing /home/airflow/.local/lib/python3.12/site-packages/airflow/example_dags/example_kubernetes_executor.py took 0.160 seconds
[2025-11-09T21:58:24.237+0000] {processor.py:186} INFO - Started process (PID=6352) to work on /home/airflow/.local/lib/python3.12/site-packages/airflow/example_dags/example_kubernetes_executor.py
[2025-11-09T21:58:24.243+0000] {processor.py:914} INFO - Processing file /home/airflow/.local/lib/python3.12/site-packages/airflow/example_dags/example_kubernetes_executor.py for tasks to queue
[2025-11-09T21:58:24.250+0000] {logging_mixin.py:190} INFO - [2025-11-09T21:58:24.249+0000] {dagbag.py:588} INFO - Filling up the DagBag from /home/airflow/.local/lib/python3.12/site-packages/airflow/example_dags/example_kubernetes_executor.py
[2025-11-09T21:58:24.279+0000] {processor.py:925} INFO - DAG(s) 'example_kubernetes_executor' retrieved from /home/airflow/.local/lib/python3.12/site-packages/airflow/example_dags/example_kubernetes_executor.py
[2025-11-09T21:58:24.348+0000] {logging_mixin.py:190} INFO - [2025-11-09T21:58:24.348+0000] {dag.py:3239} INFO - Sync 1 DAGs
[2025-11-09T21:58:24.375+0000] {logging_mixin.py:190} INFO - [2025-11-09T21:58:24.374+0000] {dag.py:4180} INFO - Setting next_dagrun for example_kubernetes_executor to None, run_after=None
[2025-11-09T21:58:24.410+0000] {processor.py:208} INFO - Processing /home/airflow/.local/lib/python3.12/site-packages/airflow/example_dags/example_kubernetes_executor.py took 0.187 seconds
[2025-11-09T21:58:55.010+0000] {processor.py:186} INFO - Started process (PID=6416) to work on /home/airflow/.local/lib/python3.12/site-packages/airflow/example_dags/example_kubernetes_executor.py
[2025-11-09T21:58:55.013+0000] {processor.py:914} INFO - Processing file /home/airflow/.local/lib/python3.12/site-packages/airflow/example_dags/example_kubernetes_executor.py for tasks to queue
[2025-11-09T21:58:55.020+0000] {logging_mixin.py:190} INFO - [2025-11-09T21:58:55.019+0000] {dagbag.py:588} INFO - Filling up the DagBag from /home/airflow/.local/lib/python3.12/site-packages/airflow/example_dags/example_kubernetes_executor.py
[2025-11-09T21:58:55.058+0000] {processor.py:925} INFO - DAG(s) 'example_kubernetes_executor' retrieved from /home/airflow/.local/lib/python3.12/site-packages/airflow/example_dags/example_kubernetes_executor.py
[2025-11-09T21:58:55.164+0000] {logging_mixin.py:190} INFO - [2025-11-09T21:58:55.163+0000] {dag.py:3239} INFO - Sync 1 DAGs
[2025-11-09T21:58:55.206+0000] {logging_mixin.py:190} INFO - [2025-11-09T21:58:55.206+0000] {dag.py:4180} INFO - Setting next_dagrun for example_kubernetes_executor to None, run_after=None
[2025-11-09T21:58:55.263+0000] {processor.py:208} INFO - Processing /home/airflow/.local/lib/python3.12/site-packages/airflow/example_dags/example_kubernetes_executor.py took 0.268 seconds
[2025-11-09T21:59:25.576+0000] {processor.py:186} INFO - Started process (PID=6480) to work on /home/airflow/.local/lib/python3.12/site-packages/airflow/example_dags/example_kubernetes_executor.py
[2025-11-09T21:59:25.578+0000] {processor.py:914} INFO - Processing file /home/airflow/.local/lib/python3.12/site-packages/airflow/example_dags/example_kubernetes_executor.py for tasks to queue
[2025-11-09T21:59:25.583+0000] {logging_mixin.py:190} INFO - [2025-11-09T21:59:25.582+0000] {dagbag.py:588} INFO - Filling up the DagBag from /home/airflow/.local/lib/python3.12/site-packages/airflow/example_dags/example_kubernetes_executor.py
[2025-11-09T21:59:25.613+0000] {processor.py:925} INFO - DAG(s) 'example_kubernetes_executor' retrieved from /home/airflow/.local/lib/python3.12/site-packages/airflow/example_dags/example_kubernetes_executor.py
[2025-11-09T21:59:25.676+0000] {logging_mixin.py:190} INFO - [2025-11-09T21:59:25.675+0000] {dag.py:3239} INFO - Sync 1 DAGs
[2025-11-09T21:59:25.704+0000] {logging_mixin.py:190} INFO - [2025-11-09T21:59:25.704+0000] {dag.py:4180} INFO - Setting next_dagrun for example_kubernetes_executor to None, run_after=None
[2025-11-09T21:59:25.739+0000] {processor.py:208} INFO - Processing /home/airflow/.local/lib/python3.12/site-packages/airflow/example_dags/example_kubernetes_executor.py took 0.177 seconds
[2025-11-09T21:59:56.371+0000] {processor.py:186} INFO - Started process (PID=6544) to work on /home/airflow/.local/lib/python3.12/site-packages/airflow/example_dags/example_kubernetes_executor.py
[2025-11-09T21:59:56.373+0000] {processor.py:914} INFO - Processing file /home/airflow/.local/lib/python3.12/site-packages/airflow/example_dags/example_kubernetes_executor.py for tasks to queue
[2025-11-09T21:59:56.377+0000] {logging_mixin.py:190} INFO - [2025-11-09T21:59:56.377+0000] {dagbag.py:588} INFO - Filling up the DagBag from /home/airflow/.local/lib/python3.12/site-packages/airflow/example_dags/example_kubernetes_executor.py
[2025-11-09T21:59:56.402+0000] {processor.py:925} INFO - DAG(s) 'example_kubernetes_executor' retrieved from /home/airflow/.local/lib/python3.12/site-packages/airflow/example_dags/example_kubernetes_executor.py
[2025-11-09T21:59:56.468+0000] {logging_mixin.py:190} INFO - [2025-11-09T21:59:56.468+0000] {dag.py:3239} INFO - Sync 1 DAGs
[2025-11-09T21:59:56.493+0000] {logging_mixin.py:190} INFO - [2025-11-09T21:59:56.492+0000] {dag.py:4180} INFO - Setting next_dagrun for example_kubernetes_executor to None, run_after=None
[2025-11-09T21:59:56.527+0000] {processor.py:208} INFO - Processing /home/airflow/.local/lib/python3.12/site-packages/airflow/example_dags/example_kubernetes_executor.py took 0.171 seconds
[2025-11-09T22:00:27.076+0000] {processor.py:186} INFO - Started process (PID=6609) to work on /home/airflow/.local/lib/python3.12/site-packages/airflow/example_dags/example_kubernetes_executor.py
[2025-11-09T22:00:27.078+0000] {processor.py:914} INFO - Processing file /home/airflow/.local/lib/python3.12/site-packages/airflow/example_dags/example_kubernetes_executor.py for tasks to queue
[2025-11-09T22:00:27.085+0000] {logging_mixin.py:190} INFO - [2025-11-09T22:00:27.085+0000] {dagbag.py:588} INFO - Filling up the DagBag from /home/airflow/.local/lib/python3.12/site-packages/airflow/example_dags/example_kubernetes_executor.py
[2025-11-09T22:00:27.118+0000] {processor.py:925} INFO - DAG(s) 'example_kubernetes_executor' retrieved from /home/airflow/.local/lib/python3.12/site-packages/airflow/example_dags/example_kubernetes_executor.py
[2025-11-09T22:00:27.206+0000] {logging_mixin.py:190} INFO - [2025-11-09T22:00:27.206+0000] {dag.py:3239} INFO - Sync 1 DAGs
[2025-11-09T22:00:27.235+0000] {logging_mixin.py:190} INFO - [2025-11-09T22:00:27.234+0000] {dag.py:4180} INFO - Setting next_dagrun for example_kubernetes_executor to None, run_after=None
[2025-11-09T22:00:27.278+0000] {processor.py:208} INFO - Processing /home/airflow/.local/lib/python3.12/site-packages/airflow/example_dags/example_kubernetes_executor.py took 0.218 seconds
[2025-11-09T22:00:57.711+0000] {processor.py:186} INFO - Started process (PID=6673) to work on /home/airflow/.local/lib/python3.12/site-packages/airflow/example_dags/example_kubernetes_executor.py
[2025-11-09T22:00:57.713+0000] {processor.py:914} INFO - Processing file /home/airflow/.local/lib/python3.12/site-packages/airflow/example_dags/example_kubernetes_executor.py for tasks to queue
[2025-11-09T22:00:57.717+0000] {logging_mixin.py:190} INFO - [2025-11-09T22:00:57.717+0000] {dagbag.py:588} INFO - Filling up the DagBag from /home/airflow/.local/lib/python3.12/site-packages/airflow/example_dags/example_kubernetes_executor.py
[2025-11-09T22:00:57.738+0000] {processor.py:925} INFO - DAG(s) 'example_kubernetes_executor' retrieved from /home/airflow/.local/lib/python3.12/site-packages/airflow/example_dags/example_kubernetes_executor.py
[2025-11-09T22:00:57.796+0000] {logging_mixin.py:190} INFO - [2025-11-09T22:00:57.796+0000] {dag.py:3239} INFO - Sync 1 DAGs
[2025-11-09T22:00:57.817+0000] {logging_mixin.py:190} INFO - [2025-11-09T22:00:57.817+0000] {dag.py:4180} INFO - Setting next_dagrun for example_kubernetes_executor to None, run_after=None
[2025-11-09T22:00:57.846+0000] {processor.py:208} INFO - Processing /home/airflow/.local/lib/python3.12/site-packages/airflow/example_dags/example_kubernetes_executor.py took 0.144 seconds
[2025-11-09T22:01:28.841+0000] {processor.py:186} INFO - Started process (PID=6737) to work on /home/airflow/.local/lib/python3.12/site-packages/airflow/example_dags/example_kubernetes_executor.py
[2025-11-09T22:01:28.843+0000] {processor.py:914} INFO - Processing file /home/airflow/.local/lib/python3.12/site-packages/airflow/example_dags/example_kubernetes_executor.py for tasks to queue
[2025-11-09T22:01:28.849+0000] {logging_mixin.py:190} INFO - [2025-11-09T22:01:28.848+0000] {dagbag.py:588} INFO - Filling up the DagBag from /home/airflow/.local/lib/python3.12/site-packages/airflow/example_dags/example_kubernetes_executor.py
[2025-11-09T22:01:28.881+0000] {processor.py:925} INFO - DAG(s) 'example_kubernetes_executor' retrieved from /home/airflow/.local/lib/python3.12/site-packages/airflow/example_dags/example_kubernetes_executor.py
[2025-11-09T22:01:28.951+0000] {logging_mixin.py:190} INFO - [2025-11-09T22:01:28.951+0000] {dag.py:3239} INFO - Sync 1 DAGs
[2025-11-09T22:01:28.978+0000] {logging_mixin.py:190} INFO - [2025-11-09T22:01:28.978+0000] {dag.py:4180} INFO - Setting next_dagrun for example_kubernetes_executor to None, run_after=None
[2025-11-09T22:01:29.012+0000] {processor.py:208} INFO - Processing /home/airflow/.local/lib/python3.12/site-packages/airflow/example_dags/example_kubernetes_executor.py took 0.183 seconds
[2025-11-09T22:01:59.778+0000] {processor.py:186} INFO - Started process (PID=6802) to work on /home/airflow/.local/lib/python3.12/site-packages/airflow/example_dags/example_kubernetes_executor.py
[2025-11-09T22:01:59.780+0000] {processor.py:914} INFO - Processing file /home/airflow/.local/lib/python3.12/site-packages/airflow/example_dags/example_kubernetes_executor.py for tasks to queue
[2025-11-09T22:01:59.787+0000] {logging_mixin.py:190} INFO - [2025-11-09T22:01:59.786+0000] {dagbag.py:588} INFO - Filling up the DagBag from /home/airflow/.local/lib/python3.12/site-packages/airflow/example_dags/example_kubernetes_executor.py
[2025-11-09T22:01:59.820+0000] {processor.py:925} INFO - DAG(s) 'example_kubernetes_executor' retrieved from /home/airflow/.local/lib/python3.12/site-packages/airflow/example_dags/example_kubernetes_executor.py
[2025-11-09T22:01:59.888+0000] {logging_mixin.py:190} INFO - [2025-11-09T22:01:59.888+0000] {dag.py:3239} INFO - Sync 1 DAGs
[2025-11-09T22:01:59.915+0000] {logging_mixin.py:190} INFO - [2025-11-09T22:01:59.915+0000] {dag.py:4180} INFO - Setting next_dagrun for example_kubernetes_executor to None, run_after=None
[2025-11-09T22:01:59.945+0000] {processor.py:208} INFO - Processing /home/airflow/.local/lib/python3.12/site-packages/airflow/example_dags/example_kubernetes_executor.py took 0.179 seconds
[2025-11-09T22:02:30.749+0000] {processor.py:186} INFO - Started process (PID=6866) to work on /home/airflow/.local/lib/python3.12/site-packages/airflow/example_dags/example_kubernetes_executor.py
[2025-11-09T22:02:30.753+0000] {processor.py:914} INFO - Processing file /home/airflow/.local/lib/python3.12/site-packages/airflow/example_dags/example_kubernetes_executor.py for tasks to queue
[2025-11-09T22:02:30.763+0000] {logging_mixin.py:190} INFO - [2025-11-09T22:02:30.762+0000] {dagbag.py:588} INFO - Filling up the DagBag from /home/airflow/.local/lib/python3.12/site-packages/airflow/example_dags/example_kubernetes_executor.py
[2025-11-09T22:02:30.857+0000] {processor.py:925} INFO - DAG(s) 'example_kubernetes_executor' retrieved from /home/airflow/.local/lib/python3.12/site-packages/airflow/example_dags/example_kubernetes_executor.py
[2025-11-09T22:02:30.979+0000] {logging_mixin.py:190} INFO - [2025-11-09T22:02:30.978+0000] {dag.py:3239} INFO - Sync 1 DAGs
[2025-11-09T22:02:31.014+0000] {logging_mixin.py:190} INFO - [2025-11-09T22:02:31.013+0000] {dag.py:4180} INFO - Setting next_dagrun for example_kubernetes_executor to None, run_after=None
[2025-11-09T22:02:31.054+0000] {processor.py:208} INFO - Processing /home/airflow/.local/lib/python3.12/site-packages/airflow/example_dags/example_kubernetes_executor.py took 0.357 seconds
[2025-11-09T22:03:02.159+0000] {processor.py:186} INFO - Started process (PID=6930) to work on /home/airflow/.local/lib/python3.12/site-packages/airflow/example_dags/example_kubernetes_executor.py
[2025-11-09T22:03:02.161+0000] {processor.py:914} INFO - Processing file /home/airflow/.local/lib/python3.12/site-packages/airflow/example_dags/example_kubernetes_executor.py for tasks to queue
[2025-11-09T22:03:02.167+0000] {logging_mixin.py:190} INFO - [2025-11-09T22:03:02.167+0000] {dagbag.py:588} INFO - Filling up the DagBag from /home/airflow/.local/lib/python3.12/site-packages/airflow/example_dags/example_kubernetes_executor.py
[2025-11-09T22:03:02.201+0000] {processor.py:925} INFO - DAG(s) 'example_kubernetes_executor' retrieved from /home/airflow/.local/lib/python3.12/site-packages/airflow/example_dags/example_kubernetes_executor.py
[2025-11-09T22:03:02.282+0000] {logging_mixin.py:190} INFO - [2025-11-09T22:03:02.281+0000] {dag.py:3239} INFO - Sync 1 DAGs
[2025-11-09T22:03:02.316+0000] {logging_mixin.py:190} INFO - [2025-11-09T22:03:02.316+0000] {dag.py:4180} INFO - Setting next_dagrun for example_kubernetes_executor to None, run_after=None
[2025-11-09T22:03:02.388+0000] {processor.py:208} INFO - Processing /home/airflow/.local/lib/python3.12/site-packages/airflow/example_dags/example_kubernetes_executor.py took 0.241 seconds
[2025-11-09T22:03:34.703+0000] {processor.py:186} INFO - Started process (PID=7000) to work on /home/airflow/.local/lib/python3.12/site-packages/airflow/example_dags/example_kubernetes_executor.py
[2025-11-09T22:03:34.707+0000] {processor.py:914} INFO - Processing file /home/airflow/.local/lib/python3.12/site-packages/airflow/example_dags/example_kubernetes_executor.py for tasks to queue
[2025-11-09T22:03:34.720+0000] {logging_mixin.py:190} INFO - [2025-11-09T22:03:34.719+0000] {dagbag.py:588} INFO - Filling up the DagBag from /home/airflow/.local/lib/python3.12/site-packages/airflow/example_dags/example_kubernetes_executor.py
[2025-11-09T22:03:34.784+0000] {processor.py:925} INFO - DAG(s) 'example_kubernetes_executor' retrieved from /home/airflow/.local/lib/python3.12/site-packages/airflow/example_dags/example_kubernetes_executor.py
[2025-11-09T22:03:34.920+0000] {logging_mixin.py:190} INFO - [2025-11-09T22:03:34.919+0000] {dag.py:3239} INFO - Sync 1 DAGs
[2025-11-09T22:03:34.992+0000] {logging_mixin.py:190} INFO - [2025-11-09T22:03:34.988+0000] {dag.py:4180} INFO - Setting next_dagrun for example_kubernetes_executor to None, run_after=None
[2025-11-09T22:03:35.063+0000] {processor.py:208} INFO - Processing /home/airflow/.local/lib/python3.12/site-packages/airflow/example_dags/example_kubernetes_executor.py took 0.381 seconds
[2025-11-09T22:04:05.780+0000] {processor.py:186} INFO - Started process (PID=7063) to work on /home/airflow/.local/lib/python3.12/site-packages/airflow/example_dags/example_kubernetes_executor.py
[2025-11-09T22:04:05.783+0000] {processor.py:914} INFO - Processing file /home/airflow/.local/lib/python3.12/site-packages/airflow/example_dags/example_kubernetes_executor.py for tasks to queue
[2025-11-09T22:04:05.788+0000] {logging_mixin.py:190} INFO - [2025-11-09T22:04:05.788+0000] {dagbag.py:588} INFO - Filling up the DagBag from /home/airflow/.local/lib/python3.12/site-packages/airflow/example_dags/example_kubernetes_executor.py
[2025-11-09T22:04:05.821+0000] {processor.py:925} INFO - DAG(s) 'example_kubernetes_executor' retrieved from /home/airflow/.local/lib/python3.12/site-packages/airflow/example_dags/example_kubernetes_executor.py
[2025-11-09T22:04:05.901+0000] {logging_mixin.py:190} INFO - [2025-11-09T22:04:05.900+0000] {dag.py:3239} INFO - Sync 1 DAGs
[2025-11-09T22:04:05.931+0000] {logging_mixin.py:190} INFO - [2025-11-09T22:04:05.930+0000] {dag.py:4180} INFO - Setting next_dagrun for example_kubernetes_executor to None, run_after=None
[2025-11-09T22:04:05.966+0000] {processor.py:208} INFO - Processing /home/airflow/.local/lib/python3.12/site-packages/airflow/example_dags/example_kubernetes_executor.py took 0.199 seconds
[2025-11-09T22:04:38.052+0000] {processor.py:186} INFO - Started process (PID=7127) to work on /home/airflow/.local/lib/python3.12/site-packages/airflow/example_dags/example_kubernetes_executor.py
[2025-11-09T22:04:38.054+0000] {processor.py:914} INFO - Processing file /home/airflow/.local/lib/python3.12/site-packages/airflow/example_dags/example_kubernetes_executor.py for tasks to queue
[2025-11-09T22:04:38.059+0000] {logging_mixin.py:190} INFO - [2025-11-09T22:04:38.058+0000] {dagbag.py:588} INFO - Filling up the DagBag from /home/airflow/.local/lib/python3.12/site-packages/airflow/example_dags/example_kubernetes_executor.py
[2025-11-09T22:04:38.090+0000] {processor.py:925} INFO - DAG(s) 'example_kubernetes_executor' retrieved from /home/airflow/.local/lib/python3.12/site-packages/airflow/example_dags/example_kubernetes_executor.py
[2025-11-09T22:04:38.174+0000] {logging_mixin.py:190} INFO - [2025-11-09T22:04:38.173+0000] {dag.py:3239} INFO - Sync 1 DAGs
[2025-11-09T22:04:38.204+0000] {logging_mixin.py:190} INFO - [2025-11-09T22:04:38.203+0000] {dag.py:4180} INFO - Setting next_dagrun for example_kubernetes_executor to None, run_after=None
[2025-11-09T22:04:38.247+0000] {processor.py:208} INFO - Processing /home/airflow/.local/lib/python3.12/site-packages/airflow/example_dags/example_kubernetes_executor.py took 0.208 seconds
[2025-11-09T22:05:10.134+0000] {processor.py:186} INFO - Started process (PID=7193) to work on /home/airflow/.local/lib/python3.12/site-packages/airflow/example_dags/example_kubernetes_executor.py
[2025-11-09T22:05:10.137+0000] {processor.py:914} INFO - Processing file /home/airflow/.local/lib/python3.12/site-packages/airflow/example_dags/example_kubernetes_executor.py for tasks to queue
[2025-11-09T22:05:10.142+0000] {logging_mixin.py:190} INFO - [2025-11-09T22:05:10.142+0000] {dagbag.py:588} INFO - Filling up the DagBag from /home/airflow/.local/lib/python3.12/site-packages/airflow/example_dags/example_kubernetes_executor.py
[2025-11-09T22:05:10.174+0000] {processor.py:925} INFO - DAG(s) 'example_kubernetes_executor' retrieved from /home/airflow/.local/lib/python3.12/site-packages/airflow/example_dags/example_kubernetes_executor.py
[2025-11-09T22:05:10.241+0000] {logging_mixin.py:190} INFO - [2025-11-09T22:05:10.240+0000] {dag.py:3239} INFO - Sync 1 DAGs
[2025-11-09T22:05:10.264+0000] {logging_mixin.py:190} INFO - [2025-11-09T22:05:10.264+0000] {dag.py:4180} INFO - Setting next_dagrun for example_kubernetes_executor to None, run_after=None
[2025-11-09T22:05:10.296+0000] {processor.py:208} INFO - Processing /home/airflow/.local/lib/python3.12/site-packages/airflow/example_dags/example_kubernetes_executor.py took 0.175 seconds
[2025-11-09T22:05:42.454+0000] {processor.py:186} INFO - Started process (PID=7256) to work on /home/airflow/.local/lib/python3.12/site-packages/airflow/example_dags/example_kubernetes_executor.py
[2025-11-09T22:05:42.458+0000] {processor.py:914} INFO - Processing file /home/airflow/.local/lib/python3.12/site-packages/airflow/example_dags/example_kubernetes_executor.py for tasks to queue
[2025-11-09T22:05:42.467+0000] {logging_mixin.py:190} INFO - [2025-11-09T22:05:42.466+0000] {dagbag.py:588} INFO - Filling up the DagBag from /home/airflow/.local/lib/python3.12/site-packages/airflow/example_dags/example_kubernetes_executor.py
[2025-11-09T22:05:42.517+0000] {processor.py:925} INFO - DAG(s) 'example_kubernetes_executor' retrieved from /home/airflow/.local/lib/python3.12/site-packages/airflow/example_dags/example_kubernetes_executor.py
[2025-11-09T22:05:42.648+0000] {logging_mixin.py:190} INFO - [2025-11-09T22:05:42.647+0000] {dag.py:3239} INFO - Sync 1 DAGs
[2025-11-09T22:05:42.706+0000] {logging_mixin.py:190} INFO - [2025-11-09T22:05:42.705+0000] {dag.py:4180} INFO - Setting next_dagrun for example_kubernetes_executor to None, run_after=None
[2025-11-09T22:05:42.773+0000] {processor.py:208} INFO - Processing /home/airflow/.local/lib/python3.12/site-packages/airflow/example_dags/example_kubernetes_executor.py took 0.340 seconds
[2025-11-09T22:06:13.447+0000] {processor.py:186} INFO - Started process (PID=7320) to work on /home/airflow/.local/lib/python3.12/site-packages/airflow/example_dags/example_kubernetes_executor.py
[2025-11-09T22:06:13.452+0000] {processor.py:914} INFO - Processing file /home/airflow/.local/lib/python3.12/site-packages/airflow/example_dags/example_kubernetes_executor.py for tasks to queue
[2025-11-09T22:06:13.463+0000] {logging_mixin.py:190} INFO - [2025-11-09T22:06:13.461+0000] {dagbag.py:588} INFO - Filling up the DagBag from /home/airflow/.local/lib/python3.12/site-packages/airflow/example_dags/example_kubernetes_executor.py
[2025-11-09T22:06:13.524+0000] {processor.py:925} INFO - DAG(s) 'example_kubernetes_executor' retrieved from /home/airflow/.local/lib/python3.12/site-packages/airflow/example_dags/example_kubernetes_executor.py
[2025-11-09T22:06:13.667+0000] {logging_mixin.py:190} INFO - [2025-11-09T22:06:13.667+0000] {dag.py:3239} INFO - Sync 1 DAGs
[2025-11-09T22:06:13.722+0000] {logging_mixin.py:190} INFO - [2025-11-09T22:06:13.722+0000] {dag.py:4180} INFO - Setting next_dagrun for example_kubernetes_executor to None, run_after=None
[2025-11-09T22:06:13.769+0000] {processor.py:208} INFO - Processing /home/airflow/.local/lib/python3.12/site-packages/airflow/example_dags/example_kubernetes_executor.py took 0.359 seconds
[2025-11-09T22:06:44.696+0000] {processor.py:186} INFO - Started process (PID=7384) to work on /home/airflow/.local/lib/python3.12/site-packages/airflow/example_dags/example_kubernetes_executor.py
[2025-11-09T22:06:44.698+0000] {processor.py:914} INFO - Processing file /home/airflow/.local/lib/python3.12/site-packages/airflow/example_dags/example_kubernetes_executor.py for tasks to queue
[2025-11-09T22:06:44.705+0000] {logging_mixin.py:190} INFO - [2025-11-09T22:06:44.704+0000] {dagbag.py:588} INFO - Filling up the DagBag from /home/airflow/.local/lib/python3.12/site-packages/airflow/example_dags/example_kubernetes_executor.py
[2025-11-09T22:06:44.749+0000] {processor.py:925} INFO - DAG(s) 'example_kubernetes_executor' retrieved from /home/airflow/.local/lib/python3.12/site-packages/airflow/example_dags/example_kubernetes_executor.py
[2025-11-09T22:06:44.848+0000] {logging_mixin.py:190} INFO - [2025-11-09T22:06:44.848+0000] {dag.py:3239} INFO - Sync 1 DAGs
[2025-11-09T22:06:44.882+0000] {logging_mixin.py:190} INFO - [2025-11-09T22:06:44.881+0000] {dag.py:4180} INFO - Setting next_dagrun for example_kubernetes_executor to None, run_after=None
[2025-11-09T22:06:44.934+0000] {processor.py:208} INFO - Processing /home/airflow/.local/lib/python3.12/site-packages/airflow/example_dags/example_kubernetes_executor.py took 0.251 seconds
[2025-11-09T22:07:16.308+0000] {processor.py:186} INFO - Started process (PID=7449) to work on /home/airflow/.local/lib/python3.12/site-packages/airflow/example_dags/example_kubernetes_executor.py
[2025-11-09T22:07:16.315+0000] {processor.py:914} INFO - Processing file /home/airflow/.local/lib/python3.12/site-packages/airflow/example_dags/example_kubernetes_executor.py for tasks to queue
[2025-11-09T22:07:16.327+0000] {logging_mixin.py:190} INFO - [2025-11-09T22:07:16.324+0000] {dagbag.py:588} INFO - Filling up the DagBag from /home/airflow/.local/lib/python3.12/site-packages/airflow/example_dags/example_kubernetes_executor.py
[2025-11-09T22:07:16.405+0000] {processor.py:925} INFO - DAG(s) 'example_kubernetes_executor' retrieved from /home/airflow/.local/lib/python3.12/site-packages/airflow/example_dags/example_kubernetes_executor.py
[2025-11-09T22:07:16.670+0000] {logging_mixin.py:190} INFO - [2025-11-09T22:07:16.670+0000] {dag.py:3239} INFO - Sync 1 DAGs
[2025-11-09T22:07:16.723+0000] {logging_mixin.py:190} INFO - [2025-11-09T22:07:16.723+0000] {dag.py:4180} INFO - Setting next_dagrun for example_kubernetes_executor to None, run_after=None
[2025-11-09T22:07:16.793+0000] {processor.py:208} INFO - Processing /home/airflow/.local/lib/python3.12/site-packages/airflow/example_dags/example_kubernetes_executor.py took 0.515 seconds
[2025-11-09T22:07:47.734+0000] {processor.py:186} INFO - Started process (PID=7514) to work on /home/airflow/.local/lib/python3.12/site-packages/airflow/example_dags/example_kubernetes_executor.py
[2025-11-09T22:07:47.738+0000] {processor.py:914} INFO - Processing file /home/airflow/.local/lib/python3.12/site-packages/airflow/example_dags/example_kubernetes_executor.py for tasks to queue
[2025-11-09T22:07:47.746+0000] {logging_mixin.py:190} INFO - [2025-11-09T22:07:47.745+0000] {dagbag.py:588} INFO - Filling up the DagBag from /home/airflow/.local/lib/python3.12/site-packages/airflow/example_dags/example_kubernetes_executor.py
[2025-11-09T22:07:47.792+0000] {processor.py:925} INFO - DAG(s) 'example_kubernetes_executor' retrieved from /home/airflow/.local/lib/python3.12/site-packages/airflow/example_dags/example_kubernetes_executor.py
[2025-11-09T22:07:47.898+0000] {logging_mixin.py:190} INFO - [2025-11-09T22:07:47.897+0000] {dag.py:3239} INFO - Sync 1 DAGs
[2025-11-09T22:07:47.948+0000] {logging_mixin.py:190} INFO - [2025-11-09T22:07:47.947+0000] {dag.py:4180} INFO - Setting next_dagrun for example_kubernetes_executor to None, run_after=None
[2025-11-09T22:07:48.007+0000] {processor.py:208} INFO - Processing /home/airflow/.local/lib/python3.12/site-packages/airflow/example_dags/example_kubernetes_executor.py took 0.290 seconds
[2025-11-09T22:08:18.552+0000] {processor.py:186} INFO - Started process (PID=7578) to work on /home/airflow/.local/lib/python3.12/site-packages/airflow/example_dags/example_kubernetes_executor.py
[2025-11-09T22:08:18.554+0000] {processor.py:914} INFO - Processing file /home/airflow/.local/lib/python3.12/site-packages/airflow/example_dags/example_kubernetes_executor.py for tasks to queue
[2025-11-09T22:08:18.560+0000] {logging_mixin.py:190} INFO - [2025-11-09T22:08:18.559+0000] {dagbag.py:588} INFO - Filling up the DagBag from /home/airflow/.local/lib/python3.12/site-packages/airflow/example_dags/example_kubernetes_executor.py
[2025-11-09T22:08:18.607+0000] {processor.py:925} INFO - DAG(s) 'example_kubernetes_executor' retrieved from /home/airflow/.local/lib/python3.12/site-packages/airflow/example_dags/example_kubernetes_executor.py
[2025-11-09T22:08:18.701+0000] {logging_mixin.py:190} INFO - [2025-11-09T22:08:18.700+0000] {dag.py:3239} INFO - Sync 1 DAGs
[2025-11-09T22:08:18.737+0000] {logging_mixin.py:190} INFO - [2025-11-09T22:08:18.737+0000] {dag.py:4180} INFO - Setting next_dagrun for example_kubernetes_executor to None, run_after=None
[2025-11-09T22:08:18.785+0000] {processor.py:208} INFO - Processing /home/airflow/.local/lib/python3.12/site-packages/airflow/example_dags/example_kubernetes_executor.py took 0.250 seconds
[2025-11-09T22:08:49.102+0000] {processor.py:186} INFO - Started process (PID=7642) to work on /home/airflow/.local/lib/python3.12/site-packages/airflow/example_dags/example_kubernetes_executor.py
[2025-11-09T22:08:49.105+0000] {processor.py:914} INFO - Processing file /home/airflow/.local/lib/python3.12/site-packages/airflow/example_dags/example_kubernetes_executor.py for tasks to queue
[2025-11-09T22:08:49.112+0000] {logging_mixin.py:190} INFO - [2025-11-09T22:08:49.111+0000] {dagbag.py:588} INFO - Filling up the DagBag from /home/airflow/.local/lib/python3.12/site-packages/airflow/example_dags/example_kubernetes_executor.py
[2025-11-09T22:08:49.156+0000] {processor.py:925} INFO - DAG(s) 'example_kubernetes_executor' retrieved from /home/airflow/.local/lib/python3.12/site-packages/airflow/example_dags/example_kubernetes_executor.py
[2025-11-09T22:08:49.247+0000] {logging_mixin.py:190} INFO - [2025-11-09T22:08:49.247+0000] {dag.py:3239} INFO - Sync 1 DAGs
[2025-11-09T22:08:49.280+0000] {logging_mixin.py:190} INFO - [2025-11-09T22:08:49.279+0000] {dag.py:4180} INFO - Setting next_dagrun for example_kubernetes_executor to None, run_after=None
[2025-11-09T22:08:49.326+0000] {processor.py:208} INFO - Processing /home/airflow/.local/lib/python3.12/site-packages/airflow/example_dags/example_kubernetes_executor.py took 0.238 seconds
[2025-11-09T22:09:19.714+0000] {processor.py:186} INFO - Started process (PID=7706) to work on /home/airflow/.local/lib/python3.12/site-packages/airflow/example_dags/example_kubernetes_executor.py
[2025-11-09T22:09:19.717+0000] {processor.py:914} INFO - Processing file /home/airflow/.local/lib/python3.12/site-packages/airflow/example_dags/example_kubernetes_executor.py for tasks to queue
[2025-11-09T22:09:19.723+0000] {logging_mixin.py:190} INFO - [2025-11-09T22:09:19.722+0000] {dagbag.py:588} INFO - Filling up the DagBag from /home/airflow/.local/lib/python3.12/site-packages/airflow/example_dags/example_kubernetes_executor.py
[2025-11-09T22:09:19.777+0000] {processor.py:925} INFO - DAG(s) 'example_kubernetes_executor' retrieved from /home/airflow/.local/lib/python3.12/site-packages/airflow/example_dags/example_kubernetes_executor.py
[2025-11-09T22:09:19.908+0000] {logging_mixin.py:190} INFO - [2025-11-09T22:09:19.907+0000] {dag.py:3239} INFO - Sync 1 DAGs
[2025-11-09T22:09:19.962+0000] {logging_mixin.py:190} INFO - [2025-11-09T22:09:19.962+0000] {dag.py:4180} INFO - Setting next_dagrun for example_kubernetes_executor to None, run_after=None
[2025-11-09T22:09:20.022+0000] {processor.py:208} INFO - Processing /home/airflow/.local/lib/python3.12/site-packages/airflow/example_dags/example_kubernetes_executor.py took 0.326 seconds
[2025-11-09T22:09:50.415+0000] {processor.py:186} INFO - Started process (PID=7770) to work on /home/airflow/.local/lib/python3.12/site-packages/airflow/example_dags/example_kubernetes_executor.py
[2025-11-09T22:09:50.419+0000] {processor.py:914} INFO - Processing file /home/airflow/.local/lib/python3.12/site-packages/airflow/example_dags/example_kubernetes_executor.py for tasks to queue
[2025-11-09T22:09:50.428+0000] {logging_mixin.py:190} INFO - [2025-11-09T22:09:50.427+0000] {dagbag.py:588} INFO - Filling up the DagBag from /home/airflow/.local/lib/python3.12/site-packages/airflow/example_dags/example_kubernetes_executor.py
[2025-11-09T22:09:50.478+0000] {processor.py:925} INFO - DAG(s) 'example_kubernetes_executor' retrieved from /home/airflow/.local/lib/python3.12/site-packages/airflow/example_dags/example_kubernetes_executor.py
[2025-11-09T22:09:50.611+0000] {logging_mixin.py:190} INFO - [2025-11-09T22:09:50.610+0000] {dag.py:3239} INFO - Sync 1 DAGs
[2025-11-09T22:09:50.645+0000] {logging_mixin.py:190} INFO - [2025-11-09T22:09:50.644+0000] {dag.py:4180} INFO - Setting next_dagrun for example_kubernetes_executor to None, run_after=None
[2025-11-09T22:09:50.705+0000] {processor.py:208} INFO - Processing /home/airflow/.local/lib/python3.12/site-packages/airflow/example_dags/example_kubernetes_executor.py took 0.313 seconds
[2025-11-09T22:10:21.103+0000] {processor.py:186} INFO - Started process (PID=7834) to work on /home/airflow/.local/lib/python3.12/site-packages/airflow/example_dags/example_kubernetes_executor.py
[2025-11-09T22:10:21.106+0000] {processor.py:914} INFO - Processing file /home/airflow/.local/lib/python3.12/site-packages/airflow/example_dags/example_kubernetes_executor.py for tasks to queue
[2025-11-09T22:10:21.112+0000] {logging_mixin.py:190} INFO - [2025-11-09T22:10:21.111+0000] {dagbag.py:588} INFO - Filling up the DagBag from /home/airflow/.local/lib/python3.12/site-packages/airflow/example_dags/example_kubernetes_executor.py
[2025-11-09T22:10:21.145+0000] {processor.py:925} INFO - DAG(s) 'example_kubernetes_executor' retrieved from /home/airflow/.local/lib/python3.12/site-packages/airflow/example_dags/example_kubernetes_executor.py
[2025-11-09T22:10:21.228+0000] {logging_mixin.py:190} INFO - [2025-11-09T22:10:21.227+0000] {dag.py:3239} INFO - Sync 1 DAGs
[2025-11-09T22:10:21.261+0000] {logging_mixin.py:190} INFO - [2025-11-09T22:10:21.260+0000] {dag.py:4180} INFO - Setting next_dagrun for example_kubernetes_executor to None, run_after=None
[2025-11-09T22:10:21.303+0000] {processor.py:208} INFO - Processing /home/airflow/.local/lib/python3.12/site-packages/airflow/example_dags/example_kubernetes_executor.py took 0.212 seconds
[2025-11-09T22:10:51.506+0000] {processor.py:186} INFO - Started process (PID=7898) to work on /home/airflow/.local/lib/python3.12/site-packages/airflow/example_dags/example_kubernetes_executor.py
[2025-11-09T22:10:51.509+0000] {processor.py:914} INFO - Processing file /home/airflow/.local/lib/python3.12/site-packages/airflow/example_dags/example_kubernetes_executor.py for tasks to queue
[2025-11-09T22:10:51.516+0000] {logging_mixin.py:190} INFO - [2025-11-09T22:10:51.515+0000] {dagbag.py:588} INFO - Filling up the DagBag from /home/airflow/.local/lib/python3.12/site-packages/airflow/example_dags/example_kubernetes_executor.py
[2025-11-09T22:10:51.557+0000] {processor.py:925} INFO - DAG(s) 'example_kubernetes_executor' retrieved from /home/airflow/.local/lib/python3.12/site-packages/airflow/example_dags/example_kubernetes_executor.py
[2025-11-09T22:10:51.640+0000] {logging_mixin.py:190} INFO - [2025-11-09T22:10:51.640+0000] {dag.py:3239} INFO - Sync 1 DAGs
[2025-11-09T22:10:51.675+0000] {logging_mixin.py:190} INFO - [2025-11-09T22:10:51.674+0000] {dag.py:4180} INFO - Setting next_dagrun for example_kubernetes_executor to None, run_after=None
[2025-11-09T22:10:51.727+0000] {processor.py:208} INFO - Processing /home/airflow/.local/lib/python3.12/site-packages/airflow/example_dags/example_kubernetes_executor.py took 0.238 seconds
[2025-11-09T22:11:22.383+0000] {processor.py:186} INFO - Started process (PID=7962) to work on /home/airflow/.local/lib/python3.12/site-packages/airflow/example_dags/example_kubernetes_executor.py
[2025-11-09T22:11:22.388+0000] {processor.py:914} INFO - Processing file /home/airflow/.local/lib/python3.12/site-packages/airflow/example_dags/example_kubernetes_executor.py for tasks to queue
[2025-11-09T22:11:22.397+0000] {logging_mixin.py:190} INFO - [2025-11-09T22:11:22.396+0000] {dagbag.py:588} INFO - Filling up the DagBag from /home/airflow/.local/lib/python3.12/site-packages/airflow/example_dags/example_kubernetes_executor.py
[2025-11-09T22:11:22.440+0000] {processor.py:925} INFO - DAG(s) 'example_kubernetes_executor' retrieved from /home/airflow/.local/lib/python3.12/site-packages/airflow/example_dags/example_kubernetes_executor.py
[2025-11-09T22:11:22.546+0000] {logging_mixin.py:190} INFO - [2025-11-09T22:11:22.545+0000] {dag.py:3239} INFO - Sync 1 DAGs
[2025-11-09T22:11:22.587+0000] {logging_mixin.py:190} INFO - [2025-11-09T22:11:22.586+0000] {dag.py:4180} INFO - Setting next_dagrun for example_kubernetes_executor to None, run_after=None
[2025-11-09T22:11:22.653+0000] {processor.py:208} INFO - Processing /home/airflow/.local/lib/python3.12/site-packages/airflow/example_dags/example_kubernetes_executor.py took 0.293 seconds
[2025-11-09T22:11:53.393+0000] {processor.py:186} INFO - Started process (PID=8026) to work on /home/airflow/.local/lib/python3.12/site-packages/airflow/example_dags/example_kubernetes_executor.py
[2025-11-09T22:11:53.397+0000] {processor.py:914} INFO - Processing file /home/airflow/.local/lib/python3.12/site-packages/airflow/example_dags/example_kubernetes_executor.py for tasks to queue
[2025-11-09T22:11:53.414+0000] {logging_mixin.py:190} INFO - [2025-11-09T22:11:53.413+0000] {dagbag.py:588} INFO - Filling up the DagBag from /home/airflow/.local/lib/python3.12/site-packages/airflow/example_dags/example_kubernetes_executor.py
[2025-11-09T22:11:53.536+0000] {processor.py:925} INFO - DAG(s) 'example_kubernetes_executor' retrieved from /home/airflow/.local/lib/python3.12/site-packages/airflow/example_dags/example_kubernetes_executor.py
[2025-11-09T22:11:53.789+0000] {logging_mixin.py:190} INFO - [2025-11-09T22:11:53.788+0000] {dag.py:3239} INFO - Sync 1 DAGs
[2025-11-09T22:11:53.854+0000] {logging_mixin.py:190} INFO - [2025-11-09T22:11:53.854+0000] {dag.py:4180} INFO - Setting next_dagrun for example_kubernetes_executor to None, run_after=None
[2025-11-09T22:11:53.937+0000] {processor.py:208} INFO - Processing /home/airflow/.local/lib/python3.12/site-packages/airflow/example_dags/example_kubernetes_executor.py took 0.578 seconds
[2025-11-09T22:12:24.139+0000] {processor.py:186} INFO - Started process (PID=8090) to work on /home/airflow/.local/lib/python3.12/site-packages/airflow/example_dags/example_kubernetes_executor.py
[2025-11-09T22:12:24.142+0000] {processor.py:914} INFO - Processing file /home/airflow/.local/lib/python3.12/site-packages/airflow/example_dags/example_kubernetes_executor.py for tasks to queue
[2025-11-09T22:12:24.149+0000] {logging_mixin.py:190} INFO - [2025-11-09T22:12:24.148+0000] {dagbag.py:588} INFO - Filling up the DagBag from /home/airflow/.local/lib/python3.12/site-packages/airflow/example_dags/example_kubernetes_executor.py
[2025-11-09T22:12:24.192+0000] {processor.py:925} INFO - DAG(s) 'example_kubernetes_executor' retrieved from /home/airflow/.local/lib/python3.12/site-packages/airflow/example_dags/example_kubernetes_executor.py
[2025-11-09T22:12:24.284+0000] {logging_mixin.py:190} INFO - [2025-11-09T22:12:24.283+0000] {dag.py:3239} INFO - Sync 1 DAGs
[2025-11-09T22:12:24.333+0000] {logging_mixin.py:190} INFO - [2025-11-09T22:12:24.332+0000] {dag.py:4180} INFO - Setting next_dagrun for example_kubernetes_executor to None, run_after=None
[2025-11-09T22:12:24.379+0000] {processor.py:208} INFO - Processing /home/airflow/.local/lib/python3.12/site-packages/airflow/example_dags/example_kubernetes_executor.py took 0.257 seconds
[2025-11-09T22:12:54.803+0000] {processor.py:186} INFO - Started process (PID=8155) to work on /home/airflow/.local/lib/python3.12/site-packages/airflow/example_dags/example_kubernetes_executor.py
[2025-11-09T22:12:54.805+0000] {processor.py:914} INFO - Processing file /home/airflow/.local/lib/python3.12/site-packages/airflow/example_dags/example_kubernetes_executor.py for tasks to queue
[2025-11-09T22:12:54.811+0000] {logging_mixin.py:190} INFO - [2025-11-09T22:12:54.810+0000] {dagbag.py:588} INFO - Filling up the DagBag from /home/airflow/.local/lib/python3.12/site-packages/airflow/example_dags/example_kubernetes_executor.py
[2025-11-09T22:12:54.843+0000] {processor.py:925} INFO - DAG(s) 'example_kubernetes_executor' retrieved from /home/airflow/.local/lib/python3.12/site-packages/airflow/example_dags/example_kubernetes_executor.py
[2025-11-09T22:12:54.912+0000] {logging_mixin.py:190} INFO - [2025-11-09T22:12:54.912+0000] {dag.py:3239} INFO - Sync 1 DAGs
[2025-11-09T22:12:54.939+0000] {logging_mixin.py:190} INFO - [2025-11-09T22:12:54.939+0000] {dag.py:4180} INFO - Setting next_dagrun for example_kubernetes_executor to None, run_after=None
[2025-11-09T22:12:54.970+0000] {processor.py:208} INFO - Processing /home/airflow/.local/lib/python3.12/site-packages/airflow/example_dags/example_kubernetes_executor.py took 0.180 seconds
[2025-11-09T22:13:25.597+0000] {processor.py:186} INFO - Started process (PID=8219) to work on /home/airflow/.local/lib/python3.12/site-packages/airflow/example_dags/example_kubernetes_executor.py
[2025-11-09T22:13:25.600+0000] {processor.py:914} INFO - Processing file /home/airflow/.local/lib/python3.12/site-packages/airflow/example_dags/example_kubernetes_executor.py for tasks to queue
[2025-11-09T22:13:25.606+0000] {logging_mixin.py:190} INFO - [2025-11-09T22:13:25.605+0000] {dagbag.py:588} INFO - Filling up the DagBag from /home/airflow/.local/lib/python3.12/site-packages/airflow/example_dags/example_kubernetes_executor.py
[2025-11-09T22:13:25.653+0000] {processor.py:925} INFO - DAG(s) 'example_kubernetes_executor' retrieved from /home/airflow/.local/lib/python3.12/site-packages/airflow/example_dags/example_kubernetes_executor.py
[2025-11-09T22:13:25.738+0000] {logging_mixin.py:190} INFO - [2025-11-09T22:13:25.738+0000] {dag.py:3239} INFO - Sync 1 DAGs
[2025-11-09T22:13:25.789+0000] {logging_mixin.py:190} INFO - [2025-11-09T22:13:25.788+0000] {dag.py:4180} INFO - Setting next_dagrun for example_kubernetes_executor to None, run_after=None
[2025-11-09T22:13:25.911+0000] {processor.py:208} INFO - Processing /home/airflow/.local/lib/python3.12/site-packages/airflow/example_dags/example_kubernetes_executor.py took 0.332 seconds
[2025-11-09T22:13:56.787+0000] {processor.py:186} INFO - Started process (PID=8282) to work on /home/airflow/.local/lib/python3.12/site-packages/airflow/example_dags/example_kubernetes_executor.py
[2025-11-09T22:13:56.789+0000] {processor.py:914} INFO - Processing file /home/airflow/.local/lib/python3.12/site-packages/airflow/example_dags/example_kubernetes_executor.py for tasks to queue
[2025-11-09T22:13:56.796+0000] {logging_mixin.py:190} INFO - [2025-11-09T22:13:56.795+0000] {dagbag.py:588} INFO - Filling up the DagBag from /home/airflow/.local/lib/python3.12/site-packages/airflow/example_dags/example_kubernetes_executor.py
[2025-11-09T22:13:56.824+0000] {processor.py:925} INFO - DAG(s) 'example_kubernetes_executor' retrieved from /home/airflow/.local/lib/python3.12/site-packages/airflow/example_dags/example_kubernetes_executor.py
[2025-11-09T22:13:56.898+0000] {logging_mixin.py:190} INFO - [2025-11-09T22:13:56.898+0000] {dag.py:3239} INFO - Sync 1 DAGs
[2025-11-09T22:13:56.931+0000] {logging_mixin.py:190} INFO - [2025-11-09T22:13:56.930+0000] {dag.py:4180} INFO - Setting next_dagrun for example_kubernetes_executor to None, run_after=None
[2025-11-09T22:13:56.964+0000] {processor.py:208} INFO - Processing /home/airflow/.local/lib/python3.12/site-packages/airflow/example_dags/example_kubernetes_executor.py took 0.188 seconds
[2025-11-09T22:14:27.412+0000] {processor.py:186} INFO - Started process (PID=8346) to work on /home/airflow/.local/lib/python3.12/site-packages/airflow/example_dags/example_kubernetes_executor.py
[2025-11-09T22:14:27.415+0000] {processor.py:914} INFO - Processing file /home/airflow/.local/lib/python3.12/site-packages/airflow/example_dags/example_kubernetes_executor.py for tasks to queue
[2025-11-09T22:14:27.420+0000] {logging_mixin.py:190} INFO - [2025-11-09T22:14:27.419+0000] {dagbag.py:588} INFO - Filling up the DagBag from /home/airflow/.local/lib/python3.12/site-packages/airflow/example_dags/example_kubernetes_executor.py
[2025-11-09T22:14:27.445+0000] {processor.py:925} INFO - DAG(s) 'example_kubernetes_executor' retrieved from /home/airflow/.local/lib/python3.12/site-packages/airflow/example_dags/example_kubernetes_executor.py
[2025-11-09T22:14:27.519+0000] {logging_mixin.py:190} INFO - [2025-11-09T22:14:27.518+0000] {dag.py:3239} INFO - Sync 1 DAGs
[2025-11-09T22:14:27.548+0000] {logging_mixin.py:190} INFO - [2025-11-09T22:14:27.547+0000] {dag.py:4180} INFO - Setting next_dagrun for example_kubernetes_executor to None, run_after=None
[2025-11-09T22:14:27.584+0000] {processor.py:208} INFO - Processing /home/airflow/.local/lib/python3.12/site-packages/airflow/example_dags/example_kubernetes_executor.py took 0.184 seconds
[2025-11-09T22:14:58.130+0000] {processor.py:186} INFO - Started process (PID=8410) to work on /home/airflow/.local/lib/python3.12/site-packages/airflow/example_dags/example_kubernetes_executor.py
[2025-11-09T22:14:58.132+0000] {processor.py:914} INFO - Processing file /home/airflow/.local/lib/python3.12/site-packages/airflow/example_dags/example_kubernetes_executor.py for tasks to queue
[2025-11-09T22:14:58.139+0000] {logging_mixin.py:190} INFO - [2025-11-09T22:14:58.138+0000] {dagbag.py:588} INFO - Filling up the DagBag from /home/airflow/.local/lib/python3.12/site-packages/airflow/example_dags/example_kubernetes_executor.py
[2025-11-09T22:14:58.172+0000] {processor.py:925} INFO - DAG(s) 'example_kubernetes_executor' retrieved from /home/airflow/.local/lib/python3.12/site-packages/airflow/example_dags/example_kubernetes_executor.py
[2025-11-09T22:14:58.251+0000] {logging_mixin.py:190} INFO - [2025-11-09T22:14:58.251+0000] {dag.py:3239} INFO - Sync 1 DAGs
[2025-11-09T22:14:58.277+0000] {logging_mixin.py:190} INFO - [2025-11-09T22:14:58.277+0000] {dag.py:4180} INFO - Setting next_dagrun for example_kubernetes_executor to None, run_after=None
[2025-11-09T22:14:58.311+0000] {processor.py:208} INFO - Processing /home/airflow/.local/lib/python3.12/site-packages/airflow/example_dags/example_kubernetes_executor.py took 0.196 seconds
[2025-11-09T22:15:29.701+0000] {processor.py:186} INFO - Started process (PID=8474) to work on /home/airflow/.local/lib/python3.12/site-packages/airflow/example_dags/example_kubernetes_executor.py
[2025-11-09T22:15:29.704+0000] {processor.py:914} INFO - Processing file /home/airflow/.local/lib/python3.12/site-packages/airflow/example_dags/example_kubernetes_executor.py for tasks to queue
[2025-11-09T22:15:29.709+0000] {logging_mixin.py:190} INFO - [2025-11-09T22:15:29.708+0000] {dagbag.py:588} INFO - Filling up the DagBag from /home/airflow/.local/lib/python3.12/site-packages/airflow/example_dags/example_kubernetes_executor.py
[2025-11-09T22:15:29.734+0000] {processor.py:925} INFO - DAG(s) 'example_kubernetes_executor' retrieved from /home/airflow/.local/lib/python3.12/site-packages/airflow/example_dags/example_kubernetes_executor.py
[2025-11-09T22:15:29.806+0000] {logging_mixin.py:190} INFO - [2025-11-09T22:15:29.805+0000] {dag.py:3239} INFO - Sync 1 DAGs
[2025-11-09T22:15:29.833+0000] {logging_mixin.py:190} INFO - [2025-11-09T22:15:29.833+0000] {dag.py:4180} INFO - Setting next_dagrun for example_kubernetes_executor to None, run_after=None
[2025-11-09T22:15:29.868+0000] {processor.py:208} INFO - Processing /home/airflow/.local/lib/python3.12/site-packages/airflow/example_dags/example_kubernetes_executor.py took 0.178 seconds
[2025-11-09T22:16:00.072+0000] {processor.py:186} INFO - Started process (PID=8537) to work on /home/airflow/.local/lib/python3.12/site-packages/airflow/example_dags/example_kubernetes_executor.py
[2025-11-09T22:16:00.075+0000] {processor.py:914} INFO - Processing file /home/airflow/.local/lib/python3.12/site-packages/airflow/example_dags/example_kubernetes_executor.py for tasks to queue
[2025-11-09T22:16:00.080+0000] {logging_mixin.py:190} INFO - [2025-11-09T22:16:00.079+0000] {dagbag.py:588} INFO - Filling up the DagBag from /home/airflow/.local/lib/python3.12/site-packages/airflow/example_dags/example_kubernetes_executor.py
[2025-11-09T22:16:00.121+0000] {processor.py:925} INFO - DAG(s) 'example_kubernetes_executor' retrieved from /home/airflow/.local/lib/python3.12/site-packages/airflow/example_dags/example_kubernetes_executor.py
[2025-11-09T22:16:00.198+0000] {logging_mixin.py:190} INFO - [2025-11-09T22:16:00.198+0000] {dag.py:3239} INFO - Sync 1 DAGs
[2025-11-09T22:16:00.229+0000] {logging_mixin.py:190} INFO - [2025-11-09T22:16:00.228+0000] {dag.py:4180} INFO - Setting next_dagrun for example_kubernetes_executor to None, run_after=None
[2025-11-09T22:16:00.264+0000] {processor.py:208} INFO - Processing /home/airflow/.local/lib/python3.12/site-packages/airflow/example_dags/example_kubernetes_executor.py took 0.208 seconds
[2025-11-09T22:16:30.490+0000] {processor.py:186} INFO - Started process (PID=8600) to work on /home/airflow/.local/lib/python3.12/site-packages/airflow/example_dags/example_kubernetes_executor.py
[2025-11-09T22:16:30.492+0000] {processor.py:914} INFO - Processing file /home/airflow/.local/lib/python3.12/site-packages/airflow/example_dags/example_kubernetes_executor.py for tasks to queue
[2025-11-09T22:16:30.497+0000] {logging_mixin.py:190} INFO - [2025-11-09T22:16:30.496+0000] {dagbag.py:588} INFO - Filling up the DagBag from /home/airflow/.local/lib/python3.12/site-packages/airflow/example_dags/example_kubernetes_executor.py
[2025-11-09T22:16:30.521+0000] {processor.py:925} INFO - DAG(s) 'example_kubernetes_executor' retrieved from /home/airflow/.local/lib/python3.12/site-packages/airflow/example_dags/example_kubernetes_executor.py
[2025-11-09T22:16:30.611+0000] {logging_mixin.py:190} INFO - [2025-11-09T22:16:30.610+0000] {dag.py:3239} INFO - Sync 1 DAGs
[2025-11-09T22:16:30.642+0000] {logging_mixin.py:190} INFO - [2025-11-09T22:16:30.642+0000] {dag.py:4180} INFO - Setting next_dagrun for example_kubernetes_executor to None, run_after=None
[2025-11-09T22:16:30.686+0000] {processor.py:208} INFO - Processing /home/airflow/.local/lib/python3.12/site-packages/airflow/example_dags/example_kubernetes_executor.py took 0.209 seconds
[2025-11-09T22:17:01.322+0000] {processor.py:186} INFO - Started process (PID=8663) to work on /home/airflow/.local/lib/python3.12/site-packages/airflow/example_dags/example_kubernetes_executor.py
[2025-11-09T22:17:01.324+0000] {processor.py:914} INFO - Processing file /home/airflow/.local/lib/python3.12/site-packages/airflow/example_dags/example_kubernetes_executor.py for tasks to queue
[2025-11-09T22:17:01.331+0000] {logging_mixin.py:190} INFO - [2025-11-09T22:17:01.330+0000] {dagbag.py:588} INFO - Filling up the DagBag from /home/airflow/.local/lib/python3.12/site-packages/airflow/example_dags/example_kubernetes_executor.py
[2025-11-09T22:17:01.354+0000] {processor.py:925} INFO - DAG(s) 'example_kubernetes_executor' retrieved from /home/airflow/.local/lib/python3.12/site-packages/airflow/example_dags/example_kubernetes_executor.py
[2025-11-09T22:17:01.416+0000] {logging_mixin.py:190} INFO - [2025-11-09T22:17:01.415+0000] {dag.py:3239} INFO - Sync 1 DAGs
[2025-11-09T22:17:01.438+0000] {logging_mixin.py:190} INFO - [2025-11-09T22:17:01.438+0000] {dag.py:4180} INFO - Setting next_dagrun for example_kubernetes_executor to None, run_after=None
[2025-11-09T22:17:01.469+0000] {processor.py:208} INFO - Processing /home/airflow/.local/lib/python3.12/site-packages/airflow/example_dags/example_kubernetes_executor.py took 0.158 seconds
[2025-11-09T22:17:31.828+0000] {processor.py:186} INFO - Started process (PID=8727) to work on /home/airflow/.local/lib/python3.12/site-packages/airflow/example_dags/example_kubernetes_executor.py
[2025-11-09T22:17:31.830+0000] {processor.py:914} INFO - Processing file /home/airflow/.local/lib/python3.12/site-packages/airflow/example_dags/example_kubernetes_executor.py for tasks to queue
[2025-11-09T22:17:31.839+0000] {logging_mixin.py:190} INFO - [2025-11-09T22:17:31.838+0000] {dagbag.py:588} INFO - Filling up the DagBag from /home/airflow/.local/lib/python3.12/site-packages/airflow/example_dags/example_kubernetes_executor.py
[2025-11-09T22:17:31.870+0000] {processor.py:925} INFO - DAG(s) 'example_kubernetes_executor' retrieved from /home/airflow/.local/lib/python3.12/site-packages/airflow/example_dags/example_kubernetes_executor.py
[2025-11-09T22:17:31.952+0000] {logging_mixin.py:190} INFO - [2025-11-09T22:17:31.952+0000] {dag.py:3239} INFO - Sync 1 DAGs
[2025-11-09T22:17:31.977+0000] {logging_mixin.py:190} INFO - [2025-11-09T22:17:31.977+0000] {dag.py:4180} INFO - Setting next_dagrun for example_kubernetes_executor to None, run_after=None
[2025-11-09T22:17:32.011+0000] {processor.py:208} INFO - Processing /home/airflow/.local/lib/python3.12/site-packages/airflow/example_dags/example_kubernetes_executor.py took 0.194 seconds
[2025-11-09T22:18:02.237+0000] {processor.py:186} INFO - Started process (PID=8791) to work on /home/airflow/.local/lib/python3.12/site-packages/airflow/example_dags/example_kubernetes_executor.py
[2025-11-09T22:18:02.239+0000] {processor.py:914} INFO - Processing file /home/airflow/.local/lib/python3.12/site-packages/airflow/example_dags/example_kubernetes_executor.py for tasks to queue
[2025-11-09T22:18:02.245+0000] {logging_mixin.py:190} INFO - [2025-11-09T22:18:02.244+0000] {dagbag.py:588} INFO - Filling up the DagBag from /home/airflow/.local/lib/python3.12/site-packages/airflow/example_dags/example_kubernetes_executor.py
[2025-11-09T22:18:02.277+0000] {processor.py:925} INFO - DAG(s) 'example_kubernetes_executor' retrieved from /home/airflow/.local/lib/python3.12/site-packages/airflow/example_dags/example_kubernetes_executor.py
[2025-11-09T22:18:02.356+0000] {logging_mixin.py:190} INFO - [2025-11-09T22:18:02.356+0000] {dag.py:3239} INFO - Sync 1 DAGs
[2025-11-09T22:18:02.382+0000] {logging_mixin.py:190} INFO - [2025-11-09T22:18:02.381+0000] {dag.py:4180} INFO - Setting next_dagrun for example_kubernetes_executor to None, run_after=None
[2025-11-09T22:18:02.422+0000] {processor.py:208} INFO - Processing /home/airflow/.local/lib/python3.12/site-packages/airflow/example_dags/example_kubernetes_executor.py took 0.197 seconds
[2025-11-09T22:18:32.718+0000] {processor.py:186} INFO - Started process (PID=8855) to work on /home/airflow/.local/lib/python3.12/site-packages/airflow/example_dags/example_kubernetes_executor.py
[2025-11-09T22:18:32.720+0000] {processor.py:914} INFO - Processing file /home/airflow/.local/lib/python3.12/site-packages/airflow/example_dags/example_kubernetes_executor.py for tasks to queue
[2025-11-09T22:18:32.725+0000] {logging_mixin.py:190} INFO - [2025-11-09T22:18:32.724+0000] {dagbag.py:588} INFO - Filling up the DagBag from /home/airflow/.local/lib/python3.12/site-packages/airflow/example_dags/example_kubernetes_executor.py
[2025-11-09T22:18:32.754+0000] {processor.py:925} INFO - DAG(s) 'example_kubernetes_executor' retrieved from /home/airflow/.local/lib/python3.12/site-packages/airflow/example_dags/example_kubernetes_executor.py
[2025-11-09T22:18:32.827+0000] {logging_mixin.py:190} INFO - [2025-11-09T22:18:32.826+0000] {dag.py:3239} INFO - Sync 1 DAGs
[2025-11-09T22:18:32.855+0000] {logging_mixin.py:190} INFO - [2025-11-09T22:18:32.855+0000] {dag.py:4180} INFO - Setting next_dagrun for example_kubernetes_executor to None, run_after=None
[2025-11-09T22:18:32.895+0000] {processor.py:208} INFO - Processing /home/airflow/.local/lib/python3.12/site-packages/airflow/example_dags/example_kubernetes_executor.py took 0.188 seconds
[2025-11-09T22:19:03.473+0000] {processor.py:186} INFO - Started process (PID=8919) to work on /home/airflow/.local/lib/python3.12/site-packages/airflow/example_dags/example_kubernetes_executor.py
[2025-11-09T22:19:03.475+0000] {processor.py:914} INFO - Processing file /home/airflow/.local/lib/python3.12/site-packages/airflow/example_dags/example_kubernetes_executor.py for tasks to queue
[2025-11-09T22:19:03.481+0000] {logging_mixin.py:190} INFO - [2025-11-09T22:19:03.480+0000] {dagbag.py:588} INFO - Filling up the DagBag from /home/airflow/.local/lib/python3.12/site-packages/airflow/example_dags/example_kubernetes_executor.py
[2025-11-09T22:19:03.509+0000] {processor.py:925} INFO - DAG(s) 'example_kubernetes_executor' retrieved from /home/airflow/.local/lib/python3.12/site-packages/airflow/example_dags/example_kubernetes_executor.py
[2025-11-09T22:19:03.579+0000] {logging_mixin.py:190} INFO - [2025-11-09T22:19:03.579+0000] {dag.py:3239} INFO - Sync 1 DAGs
[2025-11-09T22:19:03.605+0000] {logging_mixin.py:190} INFO - [2025-11-09T22:19:03.604+0000] {dag.py:4180} INFO - Setting next_dagrun for example_kubernetes_executor to None, run_after=None
[2025-11-09T22:19:03.643+0000] {processor.py:208} INFO - Processing /home/airflow/.local/lib/python3.12/site-packages/airflow/example_dags/example_kubernetes_executor.py took 0.180 seconds
[2025-11-09T22:19:34.364+0000] {processor.py:186} INFO - Started process (PID=8984) to work on /home/airflow/.local/lib/python3.12/site-packages/airflow/example_dags/example_kubernetes_executor.py
[2025-11-09T22:19:34.366+0000] {processor.py:914} INFO - Processing file /home/airflow/.local/lib/python3.12/site-packages/airflow/example_dags/example_kubernetes_executor.py for tasks to queue
[2025-11-09T22:19:34.371+0000] {logging_mixin.py:190} INFO - [2025-11-09T22:19:34.370+0000] {dagbag.py:588} INFO - Filling up the DagBag from /home/airflow/.local/lib/python3.12/site-packages/airflow/example_dags/example_kubernetes_executor.py
[2025-11-09T22:19:34.398+0000] {processor.py:925} INFO - DAG(s) 'example_kubernetes_executor' retrieved from /home/airflow/.local/lib/python3.12/site-packages/airflow/example_dags/example_kubernetes_executor.py
[2025-11-09T22:19:34.460+0000] {logging_mixin.py:190} INFO - [2025-11-09T22:19:34.459+0000] {dag.py:3239} INFO - Sync 1 DAGs
[2025-11-09T22:19:34.483+0000] {logging_mixin.py:190} INFO - [2025-11-09T22:19:34.483+0000] {dag.py:4180} INFO - Setting next_dagrun for example_kubernetes_executor to None, run_after=None
[2025-11-09T22:19:34.516+0000] {processor.py:208} INFO - Processing /home/airflow/.local/lib/python3.12/site-packages/airflow/example_dags/example_kubernetes_executor.py took 0.163 seconds
[2025-11-09T22:20:05.159+0000] {processor.py:186} INFO - Started process (PID=9048) to work on /home/airflow/.local/lib/python3.12/site-packages/airflow/example_dags/example_kubernetes_executor.py
[2025-11-09T22:20:05.161+0000] {processor.py:914} INFO - Processing file /home/airflow/.local/lib/python3.12/site-packages/airflow/example_dags/example_kubernetes_executor.py for tasks to queue
[2025-11-09T22:20:05.166+0000] {logging_mixin.py:190} INFO - [2025-11-09T22:20:05.165+0000] {dagbag.py:588} INFO - Filling up the DagBag from /home/airflow/.local/lib/python3.12/site-packages/airflow/example_dags/example_kubernetes_executor.py
[2025-11-09T22:20:05.192+0000] {processor.py:925} INFO - DAG(s) 'example_kubernetes_executor' retrieved from /home/airflow/.local/lib/python3.12/site-packages/airflow/example_dags/example_kubernetes_executor.py
[2025-11-09T22:20:05.502+0000] {logging_mixin.py:190} INFO - [2025-11-09T22:20:05.502+0000] {dag.py:3239} INFO - Sync 1 DAGs
[2025-11-09T22:20:05.524+0000] {logging_mixin.py:190} INFO - [2025-11-09T22:20:05.524+0000] {dag.py:4180} INFO - Setting next_dagrun for example_kubernetes_executor to None, run_after=None
[2025-11-09T22:20:05.557+0000] {processor.py:208} INFO - Processing /home/airflow/.local/lib/python3.12/site-packages/airflow/example_dags/example_kubernetes_executor.py took 0.410 seconds
[2025-11-09T22:20:36.206+0000] {processor.py:186} INFO - Started process (PID=9112) to work on /home/airflow/.local/lib/python3.12/site-packages/airflow/example_dags/example_kubernetes_executor.py
[2025-11-09T22:20:36.208+0000] {processor.py:914} INFO - Processing file /home/airflow/.local/lib/python3.12/site-packages/airflow/example_dags/example_kubernetes_executor.py for tasks to queue
[2025-11-09T22:20:36.212+0000] {logging_mixin.py:190} INFO - [2025-11-09T22:20:36.212+0000] {dagbag.py:588} INFO - Filling up the DagBag from /home/airflow/.local/lib/python3.12/site-packages/airflow/example_dags/example_kubernetes_executor.py
[2025-11-09T22:20:36.238+0000] {processor.py:925} INFO - DAG(s) 'example_kubernetes_executor' retrieved from /home/airflow/.local/lib/python3.12/site-packages/airflow/example_dags/example_kubernetes_executor.py
[2025-11-09T22:20:36.628+0000] {logging_mixin.py:190} INFO - [2025-11-09T22:20:36.628+0000] {dag.py:3239} INFO - Sync 1 DAGs
[2025-11-09T22:20:36.649+0000] {logging_mixin.py:190} INFO - [2025-11-09T22:20:36.648+0000] {dag.py:4180} INFO - Setting next_dagrun for example_kubernetes_executor to None, run_after=None
[2025-11-09T22:20:36.679+0000] {processor.py:208} INFO - Processing /home/airflow/.local/lib/python3.12/site-packages/airflow/example_dags/example_kubernetes_executor.py took 0.483 seconds
[2025-11-09T22:21:07.545+0000] {processor.py:186} INFO - Started process (PID=9176) to work on /home/airflow/.local/lib/python3.12/site-packages/airflow/example_dags/example_kubernetes_executor.py
[2025-11-09T22:21:07.547+0000] {processor.py:914} INFO - Processing file /home/airflow/.local/lib/python3.12/site-packages/airflow/example_dags/example_kubernetes_executor.py for tasks to queue
[2025-11-09T22:21:07.551+0000] {logging_mixin.py:190} INFO - [2025-11-09T22:21:07.550+0000] {dagbag.py:588} INFO - Filling up the DagBag from /home/airflow/.local/lib/python3.12/site-packages/airflow/example_dags/example_kubernetes_executor.py
[2025-11-09T22:21:07.574+0000] {processor.py:925} INFO - DAG(s) 'example_kubernetes_executor' retrieved from /home/airflow/.local/lib/python3.12/site-packages/airflow/example_dags/example_kubernetes_executor.py
[2025-11-09T22:21:07.636+0000] {logging_mixin.py:190} INFO - [2025-11-09T22:21:07.636+0000] {dag.py:3239} INFO - Sync 1 DAGs
[2025-11-09T22:21:07.659+0000] {logging_mixin.py:190} INFO - [2025-11-09T22:21:07.658+0000] {dag.py:4180} INFO - Setting next_dagrun for example_kubernetes_executor to None, run_after=None
[2025-11-09T22:21:07.694+0000] {processor.py:208} INFO - Processing /home/airflow/.local/lib/python3.12/site-packages/airflow/example_dags/example_kubernetes_executor.py took 0.159 seconds
[2025-11-09T22:21:38.303+0000] {processor.py:186} INFO - Started process (PID=9240) to work on /home/airflow/.local/lib/python3.12/site-packages/airflow/example_dags/example_kubernetes_executor.py
[2025-11-09T22:21:38.305+0000] {processor.py:914} INFO - Processing file /home/airflow/.local/lib/python3.12/site-packages/airflow/example_dags/example_kubernetes_executor.py for tasks to queue
[2025-11-09T22:21:38.310+0000] {logging_mixin.py:190} INFO - [2025-11-09T22:21:38.310+0000] {dagbag.py:588} INFO - Filling up the DagBag from /home/airflow/.local/lib/python3.12/site-packages/airflow/example_dags/example_kubernetes_executor.py
[2025-11-09T22:21:38.334+0000] {processor.py:925} INFO - DAG(s) 'example_kubernetes_executor' retrieved from /home/airflow/.local/lib/python3.12/site-packages/airflow/example_dags/example_kubernetes_executor.py
[2025-11-09T22:21:38.397+0000] {logging_mixin.py:190} INFO - [2025-11-09T22:21:38.396+0000] {dag.py:3239} INFO - Sync 1 DAGs
[2025-11-09T22:21:38.421+0000] {logging_mixin.py:190} INFO - [2025-11-09T22:21:38.420+0000] {dag.py:4180} INFO - Setting next_dagrun for example_kubernetes_executor to None, run_after=None
[2025-11-09T22:21:38.451+0000] {processor.py:208} INFO - Processing /home/airflow/.local/lib/python3.12/site-packages/airflow/example_dags/example_kubernetes_executor.py took 0.160 seconds
[2025-11-09T22:22:08.725+0000] {processor.py:186} INFO - Started process (PID=9305) to work on /home/airflow/.local/lib/python3.12/site-packages/airflow/example_dags/example_kubernetes_executor.py
[2025-11-09T22:22:08.727+0000] {processor.py:914} INFO - Processing file /home/airflow/.local/lib/python3.12/site-packages/airflow/example_dags/example_kubernetes_executor.py for tasks to queue
[2025-11-09T22:22:08.731+0000] {logging_mixin.py:190} INFO - [2025-11-09T22:22:08.731+0000] {dagbag.py:588} INFO - Filling up the DagBag from /home/airflow/.local/lib/python3.12/site-packages/airflow/example_dags/example_kubernetes_executor.py
[2025-11-09T22:22:08.762+0000] {processor.py:925} INFO - DAG(s) 'example_kubernetes_executor' retrieved from /home/airflow/.local/lib/python3.12/site-packages/airflow/example_dags/example_kubernetes_executor.py
[2025-11-09T22:22:08.833+0000] {logging_mixin.py:190} INFO - [2025-11-09T22:22:08.832+0000] {dag.py:3239} INFO - Sync 1 DAGs
[2025-11-09T22:22:08.859+0000] {logging_mixin.py:190} INFO - [2025-11-09T22:22:08.858+0000] {dag.py:4180} INFO - Setting next_dagrun for example_kubernetes_executor to None, run_after=None
[2025-11-09T22:22:08.892+0000] {processor.py:208} INFO - Processing /home/airflow/.local/lib/python3.12/site-packages/airflow/example_dags/example_kubernetes_executor.py took 0.177 seconds
[2025-11-09T22:22:39.005+0000] {processor.py:186} INFO - Started process (PID=9369) to work on /home/airflow/.local/lib/python3.12/site-packages/airflow/example_dags/example_kubernetes_executor.py
[2025-11-09T22:22:39.007+0000] {processor.py:914} INFO - Processing file /home/airflow/.local/lib/python3.12/site-packages/airflow/example_dags/example_kubernetes_executor.py for tasks to queue
[2025-11-09T22:22:39.014+0000] {logging_mixin.py:190} INFO - [2025-11-09T22:22:39.013+0000] {dagbag.py:588} INFO - Filling up the DagBag from /home/airflow/.local/lib/python3.12/site-packages/airflow/example_dags/example_kubernetes_executor.py
[2025-11-09T22:22:39.045+0000] {processor.py:925} INFO - DAG(s) 'example_kubernetes_executor' retrieved from /home/airflow/.local/lib/python3.12/site-packages/airflow/example_dags/example_kubernetes_executor.py
[2025-11-09T22:22:39.108+0000] {logging_mixin.py:190} INFO - [2025-11-09T22:22:39.107+0000] {dag.py:3239} INFO - Sync 1 DAGs
[2025-11-09T22:22:39.134+0000] {logging_mixin.py:190} INFO - [2025-11-09T22:22:39.134+0000] {dag.py:4180} INFO - Setting next_dagrun for example_kubernetes_executor to None, run_after=None
[2025-11-09T22:22:39.167+0000] {processor.py:208} INFO - Processing /home/airflow/.local/lib/python3.12/site-packages/airflow/example_dags/example_kubernetes_executor.py took 0.172 seconds
[2025-11-09T22:23:09.549+0000] {processor.py:186} INFO - Started process (PID=9433) to work on /home/airflow/.local/lib/python3.12/site-packages/airflow/example_dags/example_kubernetes_executor.py
[2025-11-09T22:23:09.551+0000] {processor.py:914} INFO - Processing file /home/airflow/.local/lib/python3.12/site-packages/airflow/example_dags/example_kubernetes_executor.py for tasks to queue
[2025-11-09T22:23:09.558+0000] {logging_mixin.py:190} INFO - [2025-11-09T22:23:09.557+0000] {dagbag.py:588} INFO - Filling up the DagBag from /home/airflow/.local/lib/python3.12/site-packages/airflow/example_dags/example_kubernetes_executor.py
[2025-11-09T22:23:09.591+0000] {processor.py:925} INFO - DAG(s) 'example_kubernetes_executor' retrieved from /home/airflow/.local/lib/python3.12/site-packages/airflow/example_dags/example_kubernetes_executor.py
[2025-11-09T22:23:09.673+0000] {logging_mixin.py:190} INFO - [2025-11-09T22:23:09.673+0000] {dag.py:3239} INFO - Sync 1 DAGs
[2025-11-09T22:23:09.709+0000] {logging_mixin.py:190} INFO - [2025-11-09T22:23:09.708+0000] {dag.py:4180} INFO - Setting next_dagrun for example_kubernetes_executor to None, run_after=None
[2025-11-09T22:23:09.745+0000] {processor.py:208} INFO - Processing /home/airflow/.local/lib/python3.12/site-packages/airflow/example_dags/example_kubernetes_executor.py took 0.209 seconds
[2025-11-09T22:23:39.999+0000] {processor.py:186} INFO - Started process (PID=9497) to work on /home/airflow/.local/lib/python3.12/site-packages/airflow/example_dags/example_kubernetes_executor.py
[2025-11-09T22:23:40.001+0000] {processor.py:914} INFO - Processing file /home/airflow/.local/lib/python3.12/site-packages/airflow/example_dags/example_kubernetes_executor.py for tasks to queue
[2025-11-09T22:23:40.007+0000] {logging_mixin.py:190} INFO - [2025-11-09T22:23:40.006+0000] {dagbag.py:588} INFO - Filling up the DagBag from /home/airflow/.local/lib/python3.12/site-packages/airflow/example_dags/example_kubernetes_executor.py
[2025-11-09T22:23:40.035+0000] {processor.py:925} INFO - DAG(s) 'example_kubernetes_executor' retrieved from /home/airflow/.local/lib/python3.12/site-packages/airflow/example_dags/example_kubernetes_executor.py
[2025-11-09T22:23:40.098+0000] {logging_mixin.py:190} INFO - [2025-11-09T22:23:40.098+0000] {dag.py:3239} INFO - Sync 1 DAGs
[2025-11-09T22:23:40.122+0000] {logging_mixin.py:190} INFO - [2025-11-09T22:23:40.122+0000] {dag.py:4180} INFO - Setting next_dagrun for example_kubernetes_executor to None, run_after=None
[2025-11-09T22:23:40.151+0000] {processor.py:208} INFO - Processing /home/airflow/.local/lib/python3.12/site-packages/airflow/example_dags/example_kubernetes_executor.py took 0.164 seconds
[2025-11-09T22:24:10.537+0000] {processor.py:186} INFO - Started process (PID=9561) to work on /home/airflow/.local/lib/python3.12/site-packages/airflow/example_dags/example_kubernetes_executor.py
[2025-11-09T22:24:10.539+0000] {processor.py:914} INFO - Processing file /home/airflow/.local/lib/python3.12/site-packages/airflow/example_dags/example_kubernetes_executor.py for tasks to queue
[2025-11-09T22:24:10.546+0000] {logging_mixin.py:190} INFO - [2025-11-09T22:24:10.545+0000] {dagbag.py:588} INFO - Filling up the DagBag from /home/airflow/.local/lib/python3.12/site-packages/airflow/example_dags/example_kubernetes_executor.py
[2025-11-09T22:24:10.572+0000] {processor.py:925} INFO - DAG(s) 'example_kubernetes_executor' retrieved from /home/airflow/.local/lib/python3.12/site-packages/airflow/example_dags/example_kubernetes_executor.py
[2025-11-09T22:24:10.644+0000] {logging_mixin.py:190} INFO - [2025-11-09T22:24:10.644+0000] {dag.py:3239} INFO - Sync 1 DAGs
[2025-11-09T22:24:10.684+0000] {logging_mixin.py:190} INFO - [2025-11-09T22:24:10.684+0000] {dag.py:4180} INFO - Setting next_dagrun for example_kubernetes_executor to None, run_after=None
[2025-11-09T22:24:10.727+0000] {processor.py:208} INFO - Processing /home/airflow/.local/lib/python3.12/site-packages/airflow/example_dags/example_kubernetes_executor.py took 0.205 seconds
[2025-11-09T22:24:40.884+0000] {processor.py:186} INFO - Started process (PID=9625) to work on /home/airflow/.local/lib/python3.12/site-packages/airflow/example_dags/example_kubernetes_executor.py
[2025-11-09T22:24:40.887+0000] {processor.py:914} INFO - Processing file /home/airflow/.local/lib/python3.12/site-packages/airflow/example_dags/example_kubernetes_executor.py for tasks to queue
[2025-11-09T22:24:40.894+0000] {logging_mixin.py:190} INFO - [2025-11-09T22:24:40.893+0000] {dagbag.py:588} INFO - Filling up the DagBag from /home/airflow/.local/lib/python3.12/site-packages/airflow/example_dags/example_kubernetes_executor.py
[2025-11-09T22:24:40.932+0000] {processor.py:925} INFO - DAG(s) 'example_kubernetes_executor' retrieved from /home/airflow/.local/lib/python3.12/site-packages/airflow/example_dags/example_kubernetes_executor.py
[2025-11-09T22:24:41.043+0000] {logging_mixin.py:190} INFO - [2025-11-09T22:24:41.042+0000] {dag.py:3239} INFO - Sync 1 DAGs
[2025-11-09T22:24:41.082+0000] {logging_mixin.py:190} INFO - [2025-11-09T22:24:41.081+0000] {dag.py:4180} INFO - Setting next_dagrun for example_kubernetes_executor to None, run_after=None
[2025-11-09T22:24:41.127+0000] {processor.py:208} INFO - Processing /home/airflow/.local/lib/python3.12/site-packages/airflow/example_dags/example_kubernetes_executor.py took 0.260 seconds
[2025-11-09T22:25:11.850+0000] {processor.py:186} INFO - Started process (PID=9695) to work on /home/airflow/.local/lib/python3.12/site-packages/airflow/example_dags/example_kubernetes_executor.py
[2025-11-09T22:25:11.853+0000] {processor.py:914} INFO - Processing file /home/airflow/.local/lib/python3.12/site-packages/airflow/example_dags/example_kubernetes_executor.py for tasks to queue
[2025-11-09T22:25:11.860+0000] {logging_mixin.py:190} INFO - [2025-11-09T22:25:11.859+0000] {dagbag.py:588} INFO - Filling up the DagBag from /home/airflow/.local/lib/python3.12/site-packages/airflow/example_dags/example_kubernetes_executor.py
[2025-11-09T22:25:11.888+0000] {processor.py:925} INFO - DAG(s) 'example_kubernetes_executor' retrieved from /home/airflow/.local/lib/python3.12/site-packages/airflow/example_dags/example_kubernetes_executor.py
[2025-11-09T22:25:11.956+0000] {logging_mixin.py:190} INFO - [2025-11-09T22:25:11.955+0000] {dag.py:3239} INFO - Sync 1 DAGs
[2025-11-09T22:25:11.987+0000] {logging_mixin.py:190} INFO - [2025-11-09T22:25:11.987+0000] {dag.py:4180} INFO - Setting next_dagrun for example_kubernetes_executor to None, run_after=None
[2025-11-09T22:25:12.023+0000] {processor.py:208} INFO - Processing /home/airflow/.local/lib/python3.12/site-packages/airflow/example_dags/example_kubernetes_executor.py took 0.186 seconds
[2025-11-09T22:25:42.548+0000] {processor.py:186} INFO - Started process (PID=9759) to work on /home/airflow/.local/lib/python3.12/site-packages/airflow/example_dags/example_kubernetes_executor.py
[2025-11-09T22:25:42.550+0000] {processor.py:914} INFO - Processing file /home/airflow/.local/lib/python3.12/site-packages/airflow/example_dags/example_kubernetes_executor.py for tasks to queue
[2025-11-09T22:25:42.556+0000] {logging_mixin.py:190} INFO - [2025-11-09T22:25:42.555+0000] {dagbag.py:588} INFO - Filling up the DagBag from /home/airflow/.local/lib/python3.12/site-packages/airflow/example_dags/example_kubernetes_executor.py
[2025-11-09T22:25:42.582+0000] {processor.py:925} INFO - DAG(s) 'example_kubernetes_executor' retrieved from /home/airflow/.local/lib/python3.12/site-packages/airflow/example_dags/example_kubernetes_executor.py
[2025-11-09T22:25:42.651+0000] {logging_mixin.py:190} INFO - [2025-11-09T22:25:42.650+0000] {dag.py:3239} INFO - Sync 1 DAGs
[2025-11-09T22:25:42.678+0000] {logging_mixin.py:190} INFO - [2025-11-09T22:25:42.678+0000] {dag.py:4180} INFO - Setting next_dagrun for example_kubernetes_executor to None, run_after=None
[2025-11-09T22:25:42.718+0000] {processor.py:208} INFO - Processing /home/airflow/.local/lib/python3.12/site-packages/airflow/example_dags/example_kubernetes_executor.py took 0.180 seconds
[2025-11-09T22:26:13.499+0000] {processor.py:186} INFO - Started process (PID=9823) to work on /home/airflow/.local/lib/python3.12/site-packages/airflow/example_dags/example_kubernetes_executor.py
[2025-11-09T22:26:13.501+0000] {processor.py:914} INFO - Processing file /home/airflow/.local/lib/python3.12/site-packages/airflow/example_dags/example_kubernetes_executor.py for tasks to queue
[2025-11-09T22:26:13.506+0000] {logging_mixin.py:190} INFO - [2025-11-09T22:26:13.505+0000] {dagbag.py:588} INFO - Filling up the DagBag from /home/airflow/.local/lib/python3.12/site-packages/airflow/example_dags/example_kubernetes_executor.py
[2025-11-09T22:26:13.534+0000] {processor.py:925} INFO - DAG(s) 'example_kubernetes_executor' retrieved from /home/airflow/.local/lib/python3.12/site-packages/airflow/example_dags/example_kubernetes_executor.py
[2025-11-09T22:26:13.599+0000] {logging_mixin.py:190} INFO - [2025-11-09T22:26:13.598+0000] {dag.py:3239} INFO - Sync 1 DAGs
[2025-11-09T22:26:13.626+0000] {logging_mixin.py:190} INFO - [2025-11-09T22:26:13.625+0000] {dag.py:4180} INFO - Setting next_dagrun for example_kubernetes_executor to None, run_after=None
[2025-11-09T22:26:13.663+0000] {processor.py:208} INFO - Processing /home/airflow/.local/lib/python3.12/site-packages/airflow/example_dags/example_kubernetes_executor.py took 0.176 seconds
[2025-11-09T22:26:43.797+0000] {processor.py:186} INFO - Started process (PID=9887) to work on /home/airflow/.local/lib/python3.12/site-packages/airflow/example_dags/example_kubernetes_executor.py
[2025-11-09T22:26:43.798+0000] {processor.py:914} INFO - Processing file /home/airflow/.local/lib/python3.12/site-packages/airflow/example_dags/example_kubernetes_executor.py for tasks to queue
[2025-11-09T22:26:43.802+0000] {logging_mixin.py:190} INFO - [2025-11-09T22:26:43.802+0000] {dagbag.py:588} INFO - Filling up the DagBag from /home/airflow/.local/lib/python3.12/site-packages/airflow/example_dags/example_kubernetes_executor.py
[2025-11-09T22:26:43.825+0000] {processor.py:925} INFO - DAG(s) 'example_kubernetes_executor' retrieved from /home/airflow/.local/lib/python3.12/site-packages/airflow/example_dags/example_kubernetes_executor.py
[2025-11-09T22:26:43.894+0000] {logging_mixin.py:190} INFO - [2025-11-09T22:26:43.894+0000] {dag.py:3239} INFO - Sync 1 DAGs
[2025-11-09T22:26:43.922+0000] {logging_mixin.py:190} INFO - [2025-11-09T22:26:43.922+0000] {dag.py:4180} INFO - Setting next_dagrun for example_kubernetes_executor to None, run_after=None
[2025-11-09T22:26:43.955+0000] {processor.py:208} INFO - Processing /home/airflow/.local/lib/python3.12/site-packages/airflow/example_dags/example_kubernetes_executor.py took 0.169 seconds
[2025-11-09T22:27:14.198+0000] {processor.py:186} INFO - Started process (PID=9951) to work on /home/airflow/.local/lib/python3.12/site-packages/airflow/example_dags/example_kubernetes_executor.py
[2025-11-09T22:27:14.200+0000] {processor.py:914} INFO - Processing file /home/airflow/.local/lib/python3.12/site-packages/airflow/example_dags/example_kubernetes_executor.py for tasks to queue
[2025-11-09T22:27:14.205+0000] {logging_mixin.py:190} INFO - [2025-11-09T22:27:14.204+0000] {dagbag.py:588} INFO - Filling up the DagBag from /home/airflow/.local/lib/python3.12/site-packages/airflow/example_dags/example_kubernetes_executor.py
[2025-11-09T22:27:14.233+0000] {processor.py:925} INFO - DAG(s) 'example_kubernetes_executor' retrieved from /home/airflow/.local/lib/python3.12/site-packages/airflow/example_dags/example_kubernetes_executor.py
[2025-11-09T22:27:14.302+0000] {logging_mixin.py:190} INFO - [2025-11-09T22:27:14.302+0000] {dag.py:3239} INFO - Sync 1 DAGs
[2025-11-09T22:27:14.338+0000] {logging_mixin.py:190} INFO - [2025-11-09T22:27:14.337+0000] {dag.py:4180} INFO - Setting next_dagrun for example_kubernetes_executor to None, run_after=None
[2025-11-09T22:27:14.375+0000] {processor.py:208} INFO - Processing /home/airflow/.local/lib/python3.12/site-packages/airflow/example_dags/example_kubernetes_executor.py took 0.188 seconds
[2025-11-09T22:27:44.652+0000] {processor.py:186} INFO - Started process (PID=10015) to work on /home/airflow/.local/lib/python3.12/site-packages/airflow/example_dags/example_kubernetes_executor.py
[2025-11-09T22:27:44.654+0000] {processor.py:914} INFO - Processing file /home/airflow/.local/lib/python3.12/site-packages/airflow/example_dags/example_kubernetes_executor.py for tasks to queue
[2025-11-09T22:27:44.658+0000] {logging_mixin.py:190} INFO - [2025-11-09T22:27:44.658+0000] {dagbag.py:588} INFO - Filling up the DagBag from /home/airflow/.local/lib/python3.12/site-packages/airflow/example_dags/example_kubernetes_executor.py
[2025-11-09T22:27:44.690+0000] {processor.py:925} INFO - DAG(s) 'example_kubernetes_executor' retrieved from /home/airflow/.local/lib/python3.12/site-packages/airflow/example_dags/example_kubernetes_executor.py
[2025-11-09T22:27:44.766+0000] {logging_mixin.py:190} INFO - [2025-11-09T22:27:44.765+0000] {dag.py:3239} INFO - Sync 1 DAGs
[2025-11-09T22:27:44.802+0000] {logging_mixin.py:190} INFO - [2025-11-09T22:27:44.801+0000] {dag.py:4180} INFO - Setting next_dagrun for example_kubernetes_executor to None, run_after=None
[2025-11-09T22:27:44.843+0000] {processor.py:208} INFO - Processing /home/airflow/.local/lib/python3.12/site-packages/airflow/example_dags/example_kubernetes_executor.py took 0.203 seconds
[2025-11-09T22:28:15.855+0000] {processor.py:186} INFO - Started process (PID=10079) to work on /home/airflow/.local/lib/python3.12/site-packages/airflow/example_dags/example_kubernetes_executor.py
[2025-11-09T22:28:15.857+0000] {processor.py:914} INFO - Processing file /home/airflow/.local/lib/python3.12/site-packages/airflow/example_dags/example_kubernetes_executor.py for tasks to queue
[2025-11-09T22:28:15.863+0000] {logging_mixin.py:190} INFO - [2025-11-09T22:28:15.862+0000] {dagbag.py:588} INFO - Filling up the DagBag from /home/airflow/.local/lib/python3.12/site-packages/airflow/example_dags/example_kubernetes_executor.py
[2025-11-09T22:28:15.892+0000] {processor.py:925} INFO - DAG(s) 'example_kubernetes_executor' retrieved from /home/airflow/.local/lib/python3.12/site-packages/airflow/example_dags/example_kubernetes_executor.py
[2025-11-09T22:28:15.967+0000] {logging_mixin.py:190} INFO - [2025-11-09T22:28:15.967+0000] {dag.py:3239} INFO - Sync 1 DAGs
[2025-11-09T22:28:15.994+0000] {logging_mixin.py:190} INFO - [2025-11-09T22:28:15.993+0000] {dag.py:4180} INFO - Setting next_dagrun for example_kubernetes_executor to None, run_after=None
[2025-11-09T22:28:16.031+0000] {processor.py:208} INFO - Processing /home/airflow/.local/lib/python3.12/site-packages/airflow/example_dags/example_kubernetes_executor.py took 0.189 seconds
[2025-11-09T22:28:46.776+0000] {processor.py:186} INFO - Started process (PID=10143) to work on /home/airflow/.local/lib/python3.12/site-packages/airflow/example_dags/example_kubernetes_executor.py
[2025-11-09T22:28:46.778+0000] {processor.py:914} INFO - Processing file /home/airflow/.local/lib/python3.12/site-packages/airflow/example_dags/example_kubernetes_executor.py for tasks to queue
[2025-11-09T22:28:46.783+0000] {logging_mixin.py:190} INFO - [2025-11-09T22:28:46.782+0000] {dagbag.py:588} INFO - Filling up the DagBag from /home/airflow/.local/lib/python3.12/site-packages/airflow/example_dags/example_kubernetes_executor.py
[2025-11-09T22:28:46.819+0000] {processor.py:925} INFO - DAG(s) 'example_kubernetes_executor' retrieved from /home/airflow/.local/lib/python3.12/site-packages/airflow/example_dags/example_kubernetes_executor.py
[2025-11-09T22:28:46.905+0000] {logging_mixin.py:190} INFO - [2025-11-09T22:28:46.905+0000] {dag.py:3239} INFO - Sync 1 DAGs
[2025-11-09T22:28:46.941+0000] {logging_mixin.py:190} INFO - [2025-11-09T22:28:46.941+0000] {dag.py:4180} INFO - Setting next_dagrun for example_kubernetes_executor to None, run_after=None
[2025-11-09T22:28:46.978+0000] {processor.py:208} INFO - Processing /home/airflow/.local/lib/python3.12/site-packages/airflow/example_dags/example_kubernetes_executor.py took 0.213 seconds
[2025-11-09T22:29:17.197+0000] {processor.py:186} INFO - Started process (PID=10206) to work on /home/airflow/.local/lib/python3.12/site-packages/airflow/example_dags/example_kubernetes_executor.py
[2025-11-09T22:29:17.200+0000] {processor.py:914} INFO - Processing file /home/airflow/.local/lib/python3.12/site-packages/airflow/example_dags/example_kubernetes_executor.py for tasks to queue
[2025-11-09T22:29:17.207+0000] {logging_mixin.py:190} INFO - [2025-11-09T22:29:17.206+0000] {dagbag.py:588} INFO - Filling up the DagBag from /home/airflow/.local/lib/python3.12/site-packages/airflow/example_dags/example_kubernetes_executor.py
[2025-11-09T22:29:17.251+0000] {processor.py:925} INFO - DAG(s) 'example_kubernetes_executor' retrieved from /home/airflow/.local/lib/python3.12/site-packages/airflow/example_dags/example_kubernetes_executor.py
[2025-11-09T22:29:17.348+0000] {logging_mixin.py:190} INFO - [2025-11-09T22:29:17.347+0000] {dag.py:3239} INFO - Sync 1 DAGs
[2025-11-09T22:29:17.380+0000] {logging_mixin.py:190} INFO - [2025-11-09T22:29:17.380+0000] {dag.py:4180} INFO - Setting next_dagrun for example_kubernetes_executor to None, run_after=None
[2025-11-09T22:29:17.428+0000] {processor.py:208} INFO - Processing /home/airflow/.local/lib/python3.12/site-packages/airflow/example_dags/example_kubernetes_executor.py took 0.246 seconds
[2025-11-09T22:29:48.383+0000] {processor.py:186} INFO - Started process (PID=10271) to work on /home/airflow/.local/lib/python3.12/site-packages/airflow/example_dags/example_kubernetes_executor.py
[2025-11-09T22:29:48.385+0000] {processor.py:914} INFO - Processing file /home/airflow/.local/lib/python3.12/site-packages/airflow/example_dags/example_kubernetes_executor.py for tasks to queue
[2025-11-09T22:29:48.390+0000] {logging_mixin.py:190} INFO - [2025-11-09T22:29:48.390+0000] {dagbag.py:588} INFO - Filling up the DagBag from /home/airflow/.local/lib/python3.12/site-packages/airflow/example_dags/example_kubernetes_executor.py
[2025-11-09T22:29:48.472+0000] {processor.py:925} INFO - DAG(s) 'example_kubernetes_executor' retrieved from /home/airflow/.local/lib/python3.12/site-packages/airflow/example_dags/example_kubernetes_executor.py
[2025-11-09T22:29:48.643+0000] {logging_mixin.py:190} INFO - [2025-11-09T22:29:48.642+0000] {dag.py:3239} INFO - Sync 1 DAGs
[2025-11-09T22:29:48.715+0000] {logging_mixin.py:190} INFO - [2025-11-09T22:29:48.715+0000] {dag.py:4180} INFO - Setting next_dagrun for example_kubernetes_executor to None, run_after=None
[2025-11-09T22:29:48.797+0000] {processor.py:208} INFO - Processing /home/airflow/.local/lib/python3.12/site-packages/airflow/example_dags/example_kubernetes_executor.py took 0.423 seconds
[2025-11-09T22:30:19.522+0000] {processor.py:186} INFO - Started process (PID=10335) to work on /home/airflow/.local/lib/python3.12/site-packages/airflow/example_dags/example_kubernetes_executor.py
[2025-11-09T22:30:19.525+0000] {processor.py:914} INFO - Processing file /home/airflow/.local/lib/python3.12/site-packages/airflow/example_dags/example_kubernetes_executor.py for tasks to queue
[2025-11-09T22:30:19.530+0000] {logging_mixin.py:190} INFO - [2025-11-09T22:30:19.529+0000] {dagbag.py:588} INFO - Filling up the DagBag from /home/airflow/.local/lib/python3.12/site-packages/airflow/example_dags/example_kubernetes_executor.py
[2025-11-09T22:30:19.561+0000] {processor.py:925} INFO - DAG(s) 'example_kubernetes_executor' retrieved from /home/airflow/.local/lib/python3.12/site-packages/airflow/example_dags/example_kubernetes_executor.py
[2025-11-09T22:30:19.627+0000] {logging_mixin.py:190} INFO - [2025-11-09T22:30:19.626+0000] {dag.py:3239} INFO - Sync 1 DAGs
[2025-11-09T22:30:19.658+0000] {logging_mixin.py:190} INFO - [2025-11-09T22:30:19.658+0000] {dag.py:4180} INFO - Setting next_dagrun for example_kubernetes_executor to None, run_after=None
[2025-11-09T22:30:19.689+0000] {processor.py:208} INFO - Processing /home/airflow/.local/lib/python3.12/site-packages/airflow/example_dags/example_kubernetes_executor.py took 0.179 seconds
