[2025-11-09T20:27:51.605+0000] {processor.py:186} INFO - Started process (PID=100) to work on /home/airflow/.local/lib/python3.12/site-packages/airflow/example_dags/example_trigger_target_dag.py
[2025-11-09T20:27:51.608+0000] {processor.py:914} INFO - Processing file /home/airflow/.local/lib/python3.12/site-packages/airflow/example_dags/example_trigger_target_dag.py for tasks to queue
[2025-11-09T20:27:51.626+0000] {logging_mixin.py:190} INFO - [2025-11-09T20:27:51.625+0000] {dagbag.py:588} INFO - Filling up the DagBag from /home/airflow/.local/lib/python3.12/site-packages/airflow/example_dags/example_trigger_target_dag.py
[2025-11-09T20:27:51.650+0000] {processor.py:925} INFO - DAG(s) 'example_trigger_target_dag' retrieved from /home/airflow/.local/lib/python3.12/site-packages/airflow/example_dags/example_trigger_target_dag.py
[2025-11-09T20:27:51.954+0000] {logging_mixin.py:190} INFO - [2025-11-09T20:27:51.953+0000] {override.py:1911} INFO - Created Permission View: can edit on DAG:example_trigger_target_dag
[2025-11-09T20:27:51.976+0000] {logging_mixin.py:190} INFO - [2025-11-09T20:27:51.975+0000] {override.py:1911} INFO - Created Permission View: can read on DAG:example_trigger_target_dag
[2025-11-09T20:27:51.991+0000] {logging_mixin.py:190} INFO - [2025-11-09T20:27:51.990+0000] {override.py:1911} INFO - Created Permission View: can delete on DAG:example_trigger_target_dag
[2025-11-09T20:27:52.007+0000] {logging_mixin.py:190} INFO - [2025-11-09T20:27:52.007+0000] {override.py:1911} INFO - Created Permission View: can read on DAG Run:example_trigger_target_dag
[2025-11-09T20:27:52.024+0000] {logging_mixin.py:190} INFO - [2025-11-09T20:27:52.023+0000] {override.py:1911} INFO - Created Permission View: can create on DAG Run:example_trigger_target_dag
[2025-11-09T20:27:52.040+0000] {logging_mixin.py:190} INFO - [2025-11-09T20:27:52.039+0000] {override.py:1911} INFO - Created Permission View: menu access on DAG Run:example_trigger_target_dag
[2025-11-09T20:27:52.056+0000] {logging_mixin.py:190} INFO - [2025-11-09T20:27:52.055+0000] {override.py:1911} INFO - Created Permission View: can delete on DAG Run:example_trigger_target_dag
[2025-11-09T20:27:52.057+0000] {logging_mixin.py:190} INFO - [2025-11-09T20:27:52.057+0000] {dag.py:3239} INFO - Sync 1 DAGs
[2025-11-09T20:27:52.082+0000] {logging_mixin.py:190} INFO - [2025-11-09T20:27:52.082+0000] {dag.py:3262} INFO - Creating ORM DAG for example_trigger_target_dag
[2025-11-09T20:27:52.084+0000] {logging_mixin.py:190} INFO - [2025-11-09T20:27:52.084+0000] {dag.py:4180} INFO - Setting next_dagrun for example_trigger_target_dag to None, run_after=None
[2025-11-09T20:27:52.120+0000] {processor.py:208} INFO - Processing /home/airflow/.local/lib/python3.12/site-packages/airflow/example_dags/example_trigger_target_dag.py took 0.529 seconds
[2025-11-09T20:28:22.251+0000] {processor.py:186} INFO - Started process (PID=162) to work on /home/airflow/.local/lib/python3.12/site-packages/airflow/example_dags/example_trigger_target_dag.py
[2025-11-09T20:28:22.253+0000] {processor.py:914} INFO - Processing file /home/airflow/.local/lib/python3.12/site-packages/airflow/example_dags/example_trigger_target_dag.py for tasks to queue
[2025-11-09T20:28:22.259+0000] {logging_mixin.py:190} INFO - [2025-11-09T20:28:22.258+0000] {dagbag.py:588} INFO - Filling up the DagBag from /home/airflow/.local/lib/python3.12/site-packages/airflow/example_dags/example_trigger_target_dag.py
[2025-11-09T20:28:22.276+0000] {processor.py:925} INFO - DAG(s) 'example_trigger_target_dag' retrieved from /home/airflow/.local/lib/python3.12/site-packages/airflow/example_dags/example_trigger_target_dag.py
[2025-11-09T20:28:22.316+0000] {logging_mixin.py:190} INFO - [2025-11-09T20:28:22.315+0000] {dag.py:3239} INFO - Sync 1 DAGs
[2025-11-09T20:28:22.344+0000] {logging_mixin.py:190} INFO - [2025-11-09T20:28:22.344+0000] {dag.py:4180} INFO - Setting next_dagrun for example_trigger_target_dag to None, run_after=None
[2025-11-09T20:28:22.379+0000] {processor.py:208} INFO - Processing /home/airflow/.local/lib/python3.12/site-packages/airflow/example_dags/example_trigger_target_dag.py took 0.139 seconds
[2025-11-09T20:28:52.753+0000] {processor.py:186} INFO - Started process (PID=225) to work on /home/airflow/.local/lib/python3.12/site-packages/airflow/example_dags/example_trigger_target_dag.py
[2025-11-09T20:28:52.755+0000] {processor.py:914} INFO - Processing file /home/airflow/.local/lib/python3.12/site-packages/airflow/example_dags/example_trigger_target_dag.py for tasks to queue
[2025-11-09T20:28:52.760+0000] {logging_mixin.py:190} INFO - [2025-11-09T20:28:52.759+0000] {dagbag.py:588} INFO - Filling up the DagBag from /home/airflow/.local/lib/python3.12/site-packages/airflow/example_dags/example_trigger_target_dag.py
[2025-11-09T20:28:52.773+0000] {processor.py:925} INFO - DAG(s) 'example_trigger_target_dag' retrieved from /home/airflow/.local/lib/python3.12/site-packages/airflow/example_dags/example_trigger_target_dag.py
[2025-11-09T20:28:52.811+0000] {logging_mixin.py:190} INFO - [2025-11-09T20:28:52.810+0000] {dag.py:3239} INFO - Sync 1 DAGs
[2025-11-09T20:28:52.841+0000] {logging_mixin.py:190} INFO - [2025-11-09T20:28:52.840+0000] {dag.py:4180} INFO - Setting next_dagrun for example_trigger_target_dag to None, run_after=None
[2025-11-09T20:28:52.881+0000] {processor.py:208} INFO - Processing /home/airflow/.local/lib/python3.12/site-packages/airflow/example_dags/example_trigger_target_dag.py took 0.139 seconds
[2025-11-09T20:29:23.048+0000] {processor.py:186} INFO - Started process (PID=288) to work on /home/airflow/.local/lib/python3.12/site-packages/airflow/example_dags/example_trigger_target_dag.py
[2025-11-09T20:29:23.051+0000] {processor.py:914} INFO - Processing file /home/airflow/.local/lib/python3.12/site-packages/airflow/example_dags/example_trigger_target_dag.py for tasks to queue
[2025-11-09T20:29:23.058+0000] {logging_mixin.py:190} INFO - [2025-11-09T20:29:23.057+0000] {dagbag.py:588} INFO - Filling up the DagBag from /home/airflow/.local/lib/python3.12/site-packages/airflow/example_dags/example_trigger_target_dag.py
[2025-11-09T20:29:23.080+0000] {processor.py:925} INFO - DAG(s) 'example_trigger_target_dag' retrieved from /home/airflow/.local/lib/python3.12/site-packages/airflow/example_dags/example_trigger_target_dag.py
[2025-11-09T20:29:23.128+0000] {logging_mixin.py:190} INFO - [2025-11-09T20:29:23.128+0000] {dag.py:3239} INFO - Sync 1 DAGs
[2025-11-09T20:29:23.159+0000] {logging_mixin.py:190} INFO - [2025-11-09T20:29:23.159+0000] {dag.py:4180} INFO - Setting next_dagrun for example_trigger_target_dag to None, run_after=None
[2025-11-09T20:29:23.201+0000] {processor.py:208} INFO - Processing /home/airflow/.local/lib/python3.12/site-packages/airflow/example_dags/example_trigger_target_dag.py took 0.165 seconds
[2025-11-09T20:29:53.660+0000] {processor.py:186} INFO - Started process (PID=351) to work on /home/airflow/.local/lib/python3.12/site-packages/airflow/example_dags/example_trigger_target_dag.py
[2025-11-09T20:29:53.663+0000] {processor.py:914} INFO - Processing file /home/airflow/.local/lib/python3.12/site-packages/airflow/example_dags/example_trigger_target_dag.py for tasks to queue
[2025-11-09T20:29:53.670+0000] {logging_mixin.py:190} INFO - [2025-11-09T20:29:53.670+0000] {dagbag.py:588} INFO - Filling up the DagBag from /home/airflow/.local/lib/python3.12/site-packages/airflow/example_dags/example_trigger_target_dag.py
[2025-11-09T20:29:53.690+0000] {processor.py:925} INFO - DAG(s) 'example_trigger_target_dag' retrieved from /home/airflow/.local/lib/python3.12/site-packages/airflow/example_dags/example_trigger_target_dag.py
[2025-11-09T20:29:53.732+0000] {logging_mixin.py:190} INFO - [2025-11-09T20:29:53.732+0000] {dag.py:3239} INFO - Sync 1 DAGs
[2025-11-09T20:29:53.765+0000] {logging_mixin.py:190} INFO - [2025-11-09T20:29:53.765+0000] {dag.py:4180} INFO - Setting next_dagrun for example_trigger_target_dag to None, run_after=None
[2025-11-09T20:29:53.816+0000] {processor.py:208} INFO - Processing /home/airflow/.local/lib/python3.12/site-packages/airflow/example_dags/example_trigger_target_dag.py took 0.172 seconds
[2025-11-09T20:30:24.731+0000] {processor.py:186} INFO - Started process (PID=414) to work on /home/airflow/.local/lib/python3.12/site-packages/airflow/example_dags/example_trigger_target_dag.py
[2025-11-09T20:30:24.733+0000] {processor.py:914} INFO - Processing file /home/airflow/.local/lib/python3.12/site-packages/airflow/example_dags/example_trigger_target_dag.py for tasks to queue
[2025-11-09T20:30:24.739+0000] {logging_mixin.py:190} INFO - [2025-11-09T20:30:24.738+0000] {dagbag.py:588} INFO - Filling up the DagBag from /home/airflow/.local/lib/python3.12/site-packages/airflow/example_dags/example_trigger_target_dag.py
[2025-11-09T20:30:24.760+0000] {processor.py:925} INFO - DAG(s) 'example_trigger_target_dag' retrieved from /home/airflow/.local/lib/python3.12/site-packages/airflow/example_dags/example_trigger_target_dag.py
[2025-11-09T20:30:24.805+0000] {logging_mixin.py:190} INFO - [2025-11-09T20:30:24.805+0000] {dag.py:3239} INFO - Sync 1 DAGs
[2025-11-09T20:30:24.837+0000] {logging_mixin.py:190} INFO - [2025-11-09T20:30:24.837+0000] {dag.py:4180} INFO - Setting next_dagrun for example_trigger_target_dag to None, run_after=None
[2025-11-09T20:30:24.884+0000] {processor.py:208} INFO - Processing /home/airflow/.local/lib/python3.12/site-packages/airflow/example_dags/example_trigger_target_dag.py took 0.167 seconds
[2025-11-09T20:30:55.903+0000] {processor.py:186} INFO - Started process (PID=477) to work on /home/airflow/.local/lib/python3.12/site-packages/airflow/example_dags/example_trigger_target_dag.py
[2025-11-09T20:30:55.905+0000] {processor.py:914} INFO - Processing file /home/airflow/.local/lib/python3.12/site-packages/airflow/example_dags/example_trigger_target_dag.py for tasks to queue
[2025-11-09T20:30:55.910+0000] {logging_mixin.py:190} INFO - [2025-11-09T20:30:55.909+0000] {dagbag.py:588} INFO - Filling up the DagBag from /home/airflow/.local/lib/python3.12/site-packages/airflow/example_dags/example_trigger_target_dag.py
[2025-11-09T20:30:55.926+0000] {processor.py:925} INFO - DAG(s) 'example_trigger_target_dag' retrieved from /home/airflow/.local/lib/python3.12/site-packages/airflow/example_dags/example_trigger_target_dag.py
[2025-11-09T20:30:55.961+0000] {logging_mixin.py:190} INFO - [2025-11-09T20:30:55.961+0000] {dag.py:3239} INFO - Sync 1 DAGs
[2025-11-09T20:30:55.989+0000] {logging_mixin.py:190} INFO - [2025-11-09T20:30:55.988+0000] {dag.py:4180} INFO - Setting next_dagrun for example_trigger_target_dag to None, run_after=None
[2025-11-09T20:30:56.026+0000] {processor.py:208} INFO - Processing /home/airflow/.local/lib/python3.12/site-packages/airflow/example_dags/example_trigger_target_dag.py took 0.139 seconds
[2025-11-09T20:31:26.253+0000] {processor.py:186} INFO - Started process (PID=540) to work on /home/airflow/.local/lib/python3.12/site-packages/airflow/example_dags/example_trigger_target_dag.py
[2025-11-09T20:31:26.257+0000] {processor.py:914} INFO - Processing file /home/airflow/.local/lib/python3.12/site-packages/airflow/example_dags/example_trigger_target_dag.py for tasks to queue
[2025-11-09T20:31:26.262+0000] {logging_mixin.py:190} INFO - [2025-11-09T20:31:26.262+0000] {dagbag.py:588} INFO - Filling up the DagBag from /home/airflow/.local/lib/python3.12/site-packages/airflow/example_dags/example_trigger_target_dag.py
[2025-11-09T20:31:26.278+0000] {processor.py:925} INFO - DAG(s) 'example_trigger_target_dag' retrieved from /home/airflow/.local/lib/python3.12/site-packages/airflow/example_dags/example_trigger_target_dag.py
[2025-11-09T20:31:26.322+0000] {logging_mixin.py:190} INFO - [2025-11-09T20:31:26.321+0000] {dag.py:3239} INFO - Sync 1 DAGs
[2025-11-09T20:31:26.358+0000] {logging_mixin.py:190} INFO - [2025-11-09T20:31:26.357+0000] {dag.py:4180} INFO - Setting next_dagrun for example_trigger_target_dag to None, run_after=None
[2025-11-09T20:31:26.395+0000] {processor.py:208} INFO - Processing /home/airflow/.local/lib/python3.12/site-packages/airflow/example_dags/example_trigger_target_dag.py took 0.152 seconds
[2025-11-09T20:31:56.597+0000] {processor.py:186} INFO - Started process (PID=603) to work on /home/airflow/.local/lib/python3.12/site-packages/airflow/example_dags/example_trigger_target_dag.py
[2025-11-09T20:31:56.600+0000] {processor.py:914} INFO - Processing file /home/airflow/.local/lib/python3.12/site-packages/airflow/example_dags/example_trigger_target_dag.py for tasks to queue
[2025-11-09T20:31:56.605+0000] {logging_mixin.py:190} INFO - [2025-11-09T20:31:56.605+0000] {dagbag.py:588} INFO - Filling up the DagBag from /home/airflow/.local/lib/python3.12/site-packages/airflow/example_dags/example_trigger_target_dag.py
[2025-11-09T20:31:56.619+0000] {processor.py:925} INFO - DAG(s) 'example_trigger_target_dag' retrieved from /home/airflow/.local/lib/python3.12/site-packages/airflow/example_dags/example_trigger_target_dag.py
[2025-11-09T20:31:56.664+0000] {logging_mixin.py:190} INFO - [2025-11-09T20:31:56.663+0000] {dag.py:3239} INFO - Sync 1 DAGs
[2025-11-09T20:31:56.708+0000] {logging_mixin.py:190} INFO - [2025-11-09T20:31:56.708+0000] {dag.py:4180} INFO - Setting next_dagrun for example_trigger_target_dag to None, run_after=None
[2025-11-09T20:31:56.753+0000] {processor.py:208} INFO - Processing /home/airflow/.local/lib/python3.12/site-packages/airflow/example_dags/example_trigger_target_dag.py took 0.165 seconds
[2025-11-09T20:32:27.397+0000] {processor.py:186} INFO - Started process (PID=666) to work on /home/airflow/.local/lib/python3.12/site-packages/airflow/example_dags/example_trigger_target_dag.py
[2025-11-09T20:32:27.399+0000] {processor.py:914} INFO - Processing file /home/airflow/.local/lib/python3.12/site-packages/airflow/example_dags/example_trigger_target_dag.py for tasks to queue
[2025-11-09T20:32:27.404+0000] {logging_mixin.py:190} INFO - [2025-11-09T20:32:27.404+0000] {dagbag.py:588} INFO - Filling up the DagBag from /home/airflow/.local/lib/python3.12/site-packages/airflow/example_dags/example_trigger_target_dag.py
[2025-11-09T20:32:27.418+0000] {processor.py:925} INFO - DAG(s) 'example_trigger_target_dag' retrieved from /home/airflow/.local/lib/python3.12/site-packages/airflow/example_dags/example_trigger_target_dag.py
[2025-11-09T20:32:27.457+0000] {logging_mixin.py:190} INFO - [2025-11-09T20:32:27.456+0000] {dag.py:3239} INFO - Sync 1 DAGs
[2025-11-09T20:32:27.493+0000] {logging_mixin.py:190} INFO - [2025-11-09T20:32:27.492+0000] {dag.py:4180} INFO - Setting next_dagrun for example_trigger_target_dag to None, run_after=None
[2025-11-09T20:32:27.544+0000] {processor.py:208} INFO - Processing /home/airflow/.local/lib/python3.12/site-packages/airflow/example_dags/example_trigger_target_dag.py took 0.156 seconds
[2025-11-09T20:32:57.760+0000] {processor.py:186} INFO - Started process (PID=729) to work on /home/airflow/.local/lib/python3.12/site-packages/airflow/example_dags/example_trigger_target_dag.py
[2025-11-09T20:32:57.762+0000] {processor.py:914} INFO - Processing file /home/airflow/.local/lib/python3.12/site-packages/airflow/example_dags/example_trigger_target_dag.py for tasks to queue
[2025-11-09T20:32:57.767+0000] {logging_mixin.py:190} INFO - [2025-11-09T20:32:57.767+0000] {dagbag.py:588} INFO - Filling up the DagBag from /home/airflow/.local/lib/python3.12/site-packages/airflow/example_dags/example_trigger_target_dag.py
[2025-11-09T20:32:57.785+0000] {processor.py:925} INFO - DAG(s) 'example_trigger_target_dag' retrieved from /home/airflow/.local/lib/python3.12/site-packages/airflow/example_dags/example_trigger_target_dag.py
[2025-11-09T20:32:57.831+0000] {logging_mixin.py:190} INFO - [2025-11-09T20:32:57.831+0000] {dag.py:3239} INFO - Sync 1 DAGs
[2025-11-09T20:32:57.860+0000] {logging_mixin.py:190} INFO - [2025-11-09T20:32:57.859+0000] {dag.py:4180} INFO - Setting next_dagrun for example_trigger_target_dag to None, run_after=None
[2025-11-09T20:32:57.904+0000] {processor.py:208} INFO - Processing /home/airflow/.local/lib/python3.12/site-packages/airflow/example_dags/example_trigger_target_dag.py took 0.155 seconds
[2025-11-09T20:33:28.255+0000] {processor.py:186} INFO - Started process (PID=792) to work on /home/airflow/.local/lib/python3.12/site-packages/airflow/example_dags/example_trigger_target_dag.py
[2025-11-09T20:33:28.257+0000] {processor.py:914} INFO - Processing file /home/airflow/.local/lib/python3.12/site-packages/airflow/example_dags/example_trigger_target_dag.py for tasks to queue
[2025-11-09T20:33:28.263+0000] {logging_mixin.py:190} INFO - [2025-11-09T20:33:28.263+0000] {dagbag.py:588} INFO - Filling up the DagBag from /home/airflow/.local/lib/python3.12/site-packages/airflow/example_dags/example_trigger_target_dag.py
[2025-11-09T20:33:28.281+0000] {processor.py:925} INFO - DAG(s) 'example_trigger_target_dag' retrieved from /home/airflow/.local/lib/python3.12/site-packages/airflow/example_dags/example_trigger_target_dag.py
[2025-11-09T20:33:28.323+0000] {logging_mixin.py:190} INFO - [2025-11-09T20:33:28.323+0000] {dag.py:3239} INFO - Sync 1 DAGs
[2025-11-09T20:33:28.354+0000] {logging_mixin.py:190} INFO - [2025-11-09T20:33:28.354+0000] {dag.py:4180} INFO - Setting next_dagrun for example_trigger_target_dag to None, run_after=None
[2025-11-09T20:33:28.396+0000] {processor.py:208} INFO - Processing /home/airflow/.local/lib/python3.12/site-packages/airflow/example_dags/example_trigger_target_dag.py took 0.153 seconds
[2025-11-09T20:33:59.055+0000] {processor.py:186} INFO - Started process (PID=862) to work on /home/airflow/.local/lib/python3.12/site-packages/airflow/example_dags/example_trigger_target_dag.py
[2025-11-09T20:33:59.057+0000] {processor.py:914} INFO - Processing file /home/airflow/.local/lib/python3.12/site-packages/airflow/example_dags/example_trigger_target_dag.py for tasks to queue
[2025-11-09T20:33:59.064+0000] {logging_mixin.py:190} INFO - [2025-11-09T20:33:59.063+0000] {dagbag.py:588} INFO - Filling up the DagBag from /home/airflow/.local/lib/python3.12/site-packages/airflow/example_dags/example_trigger_target_dag.py
[2025-11-09T20:33:59.081+0000] {processor.py:925} INFO - DAG(s) 'example_trigger_target_dag' retrieved from /home/airflow/.local/lib/python3.12/site-packages/airflow/example_dags/example_trigger_target_dag.py
[2025-11-09T20:33:59.126+0000] {logging_mixin.py:190} INFO - [2025-11-09T20:33:59.125+0000] {dag.py:3239} INFO - Sync 1 DAGs
[2025-11-09T20:33:59.151+0000] {logging_mixin.py:190} INFO - [2025-11-09T20:33:59.150+0000] {dag.py:4180} INFO - Setting next_dagrun for example_trigger_target_dag to None, run_after=None
[2025-11-09T20:33:59.183+0000] {processor.py:208} INFO - Processing /home/airflow/.local/lib/python3.12/site-packages/airflow/example_dags/example_trigger_target_dag.py took 0.142 seconds
[2025-11-09T20:34:29.599+0000] {processor.py:186} INFO - Started process (PID=925) to work on /home/airflow/.local/lib/python3.12/site-packages/airflow/example_dags/example_trigger_target_dag.py
[2025-11-09T20:34:29.602+0000] {processor.py:914} INFO - Processing file /home/airflow/.local/lib/python3.12/site-packages/airflow/example_dags/example_trigger_target_dag.py for tasks to queue
[2025-11-09T20:34:29.609+0000] {logging_mixin.py:190} INFO - [2025-11-09T20:34:29.608+0000] {dagbag.py:588} INFO - Filling up the DagBag from /home/airflow/.local/lib/python3.12/site-packages/airflow/example_dags/example_trigger_target_dag.py
[2025-11-09T20:34:29.629+0000] {processor.py:925} INFO - DAG(s) 'example_trigger_target_dag' retrieved from /home/airflow/.local/lib/python3.12/site-packages/airflow/example_dags/example_trigger_target_dag.py
[2025-11-09T20:34:29.673+0000] {logging_mixin.py:190} INFO - [2025-11-09T20:34:29.672+0000] {dag.py:3239} INFO - Sync 1 DAGs
[2025-11-09T20:34:29.700+0000] {logging_mixin.py:190} INFO - [2025-11-09T20:34:29.700+0000] {dag.py:4180} INFO - Setting next_dagrun for example_trigger_target_dag to None, run_after=None
[2025-11-09T20:34:29.737+0000] {processor.py:208} INFO - Processing /home/airflow/.local/lib/python3.12/site-packages/airflow/example_dags/example_trigger_target_dag.py took 0.153 seconds
[2025-11-09T20:34:59.892+0000] {processor.py:186} INFO - Started process (PID=988) to work on /home/airflow/.local/lib/python3.12/site-packages/airflow/example_dags/example_trigger_target_dag.py
[2025-11-09T20:34:59.895+0000] {processor.py:914} INFO - Processing file /home/airflow/.local/lib/python3.12/site-packages/airflow/example_dags/example_trigger_target_dag.py for tasks to queue
[2025-11-09T20:34:59.900+0000] {logging_mixin.py:190} INFO - [2025-11-09T20:34:59.900+0000] {dagbag.py:588} INFO - Filling up the DagBag from /home/airflow/.local/lib/python3.12/site-packages/airflow/example_dags/example_trigger_target_dag.py
[2025-11-09T20:34:59.916+0000] {processor.py:925} INFO - DAG(s) 'example_trigger_target_dag' retrieved from /home/airflow/.local/lib/python3.12/site-packages/airflow/example_dags/example_trigger_target_dag.py
[2025-11-09T20:34:59.957+0000] {logging_mixin.py:190} INFO - [2025-11-09T20:34:59.956+0000] {dag.py:3239} INFO - Sync 1 DAGs
[2025-11-09T20:34:59.984+0000] {logging_mixin.py:190} INFO - [2025-11-09T20:34:59.984+0000] {dag.py:4180} INFO - Setting next_dagrun for example_trigger_target_dag to None, run_after=None
[2025-11-09T20:35:00.022+0000] {processor.py:208} INFO - Processing /home/airflow/.local/lib/python3.12/site-packages/airflow/example_dags/example_trigger_target_dag.py took 0.142 seconds
[2025-11-09T20:35:30.791+0000] {processor.py:186} INFO - Started process (PID=1051) to work on /home/airflow/.local/lib/python3.12/site-packages/airflow/example_dags/example_trigger_target_dag.py
[2025-11-09T20:35:30.793+0000] {processor.py:914} INFO - Processing file /home/airflow/.local/lib/python3.12/site-packages/airflow/example_dags/example_trigger_target_dag.py for tasks to queue
[2025-11-09T20:35:30.798+0000] {logging_mixin.py:190} INFO - [2025-11-09T20:35:30.797+0000] {dagbag.py:588} INFO - Filling up the DagBag from /home/airflow/.local/lib/python3.12/site-packages/airflow/example_dags/example_trigger_target_dag.py
[2025-11-09T20:35:30.812+0000] {processor.py:925} INFO - DAG(s) 'example_trigger_target_dag' retrieved from /home/airflow/.local/lib/python3.12/site-packages/airflow/example_dags/example_trigger_target_dag.py
[2025-11-09T20:35:30.846+0000] {logging_mixin.py:190} INFO - [2025-11-09T20:35:30.845+0000] {dag.py:3239} INFO - Sync 1 DAGs
[2025-11-09T20:35:30.870+0000] {logging_mixin.py:190} INFO - [2025-11-09T20:35:30.869+0000] {dag.py:4180} INFO - Setting next_dagrun for example_trigger_target_dag to None, run_after=None
[2025-11-09T20:35:30.904+0000] {processor.py:208} INFO - Processing /home/airflow/.local/lib/python3.12/site-packages/airflow/example_dags/example_trigger_target_dag.py took 0.124 seconds
[2025-11-09T20:36:01.032+0000] {processor.py:186} INFO - Started process (PID=1114) to work on /home/airflow/.local/lib/python3.12/site-packages/airflow/example_dags/example_trigger_target_dag.py
[2025-11-09T20:36:01.034+0000] {processor.py:914} INFO - Processing file /home/airflow/.local/lib/python3.12/site-packages/airflow/example_dags/example_trigger_target_dag.py for tasks to queue
[2025-11-09T20:36:01.039+0000] {logging_mixin.py:190} INFO - [2025-11-09T20:36:01.038+0000] {dagbag.py:588} INFO - Filling up the DagBag from /home/airflow/.local/lib/python3.12/site-packages/airflow/example_dags/example_trigger_target_dag.py
[2025-11-09T20:36:01.051+0000] {processor.py:925} INFO - DAG(s) 'example_trigger_target_dag' retrieved from /home/airflow/.local/lib/python3.12/site-packages/airflow/example_dags/example_trigger_target_dag.py
[2025-11-09T20:36:01.087+0000] {logging_mixin.py:190} INFO - [2025-11-09T20:36:01.087+0000] {dag.py:3239} INFO - Sync 1 DAGs
[2025-11-09T20:36:01.110+0000] {logging_mixin.py:190} INFO - [2025-11-09T20:36:01.110+0000] {dag.py:4180} INFO - Setting next_dagrun for example_trigger_target_dag to None, run_after=None
[2025-11-09T20:36:01.144+0000] {processor.py:208} INFO - Processing /home/airflow/.local/lib/python3.12/site-packages/airflow/example_dags/example_trigger_target_dag.py took 0.121 seconds
[2025-11-09T20:36:31.709+0000] {processor.py:186} INFO - Started process (PID=1176) to work on /home/airflow/.local/lib/python3.12/site-packages/airflow/example_dags/example_trigger_target_dag.py
[2025-11-09T20:36:31.711+0000] {processor.py:914} INFO - Processing file /home/airflow/.local/lib/python3.12/site-packages/airflow/example_dags/example_trigger_target_dag.py for tasks to queue
[2025-11-09T20:36:31.715+0000] {logging_mixin.py:190} INFO - [2025-11-09T20:36:31.714+0000] {dagbag.py:588} INFO - Filling up the DagBag from /home/airflow/.local/lib/python3.12/site-packages/airflow/example_dags/example_trigger_target_dag.py
[2025-11-09T20:36:31.727+0000] {processor.py:925} INFO - DAG(s) 'example_trigger_target_dag' retrieved from /home/airflow/.local/lib/python3.12/site-packages/airflow/example_dags/example_trigger_target_dag.py
[2025-11-09T20:36:31.761+0000] {logging_mixin.py:190} INFO - [2025-11-09T20:36:31.761+0000] {dag.py:3239} INFO - Sync 1 DAGs
[2025-11-09T20:36:31.783+0000] {logging_mixin.py:190} INFO - [2025-11-09T20:36:31.783+0000] {dag.py:4180} INFO - Setting next_dagrun for example_trigger_target_dag to None, run_after=None
[2025-11-09T20:36:31.816+0000] {processor.py:208} INFO - Processing /home/airflow/.local/lib/python3.12/site-packages/airflow/example_dags/example_trigger_target_dag.py took 0.117 seconds
[2025-11-09T20:37:02.431+0000] {processor.py:186} INFO - Started process (PID=1240) to work on /home/airflow/.local/lib/python3.12/site-packages/airflow/example_dags/example_trigger_target_dag.py
[2025-11-09T20:37:02.433+0000] {processor.py:914} INFO - Processing file /home/airflow/.local/lib/python3.12/site-packages/airflow/example_dags/example_trigger_target_dag.py for tasks to queue
[2025-11-09T20:37:02.437+0000] {logging_mixin.py:190} INFO - [2025-11-09T20:37:02.436+0000] {dagbag.py:588} INFO - Filling up the DagBag from /home/airflow/.local/lib/python3.12/site-packages/airflow/example_dags/example_trigger_target_dag.py
[2025-11-09T20:37:02.449+0000] {processor.py:925} INFO - DAG(s) 'example_trigger_target_dag' retrieved from /home/airflow/.local/lib/python3.12/site-packages/airflow/example_dags/example_trigger_target_dag.py
[2025-11-09T20:37:02.485+0000] {logging_mixin.py:190} INFO - [2025-11-09T20:37:02.485+0000] {dag.py:3239} INFO - Sync 1 DAGs
[2025-11-09T20:37:02.507+0000] {logging_mixin.py:190} INFO - [2025-11-09T20:37:02.506+0000] {dag.py:4180} INFO - Setting next_dagrun for example_trigger_target_dag to None, run_after=None
[2025-11-09T20:37:02.535+0000] {processor.py:208} INFO - Processing /home/airflow/.local/lib/python3.12/site-packages/airflow/example_dags/example_trigger_target_dag.py took 0.112 seconds
[2025-11-09T20:37:32.777+0000] {processor.py:186} INFO - Started process (PID=1303) to work on /home/airflow/.local/lib/python3.12/site-packages/airflow/example_dags/example_trigger_target_dag.py
[2025-11-09T20:37:32.779+0000] {processor.py:914} INFO - Processing file /home/airflow/.local/lib/python3.12/site-packages/airflow/example_dags/example_trigger_target_dag.py for tasks to queue
[2025-11-09T20:37:32.785+0000] {logging_mixin.py:190} INFO - [2025-11-09T20:37:32.784+0000] {dagbag.py:588} INFO - Filling up the DagBag from /home/airflow/.local/lib/python3.12/site-packages/airflow/example_dags/example_trigger_target_dag.py
[2025-11-09T20:37:32.800+0000] {processor.py:925} INFO - DAG(s) 'example_trigger_target_dag' retrieved from /home/airflow/.local/lib/python3.12/site-packages/airflow/example_dags/example_trigger_target_dag.py
[2025-11-09T20:37:32.838+0000] {logging_mixin.py:190} INFO - [2025-11-09T20:37:32.838+0000] {dag.py:3239} INFO - Sync 1 DAGs
[2025-11-09T20:37:32.862+0000] {logging_mixin.py:190} INFO - [2025-11-09T20:37:32.862+0000] {dag.py:4180} INFO - Setting next_dagrun for example_trigger_target_dag to None, run_after=None
[2025-11-09T20:37:32.894+0000] {processor.py:208} INFO - Processing /home/airflow/.local/lib/python3.12/site-packages/airflow/example_dags/example_trigger_target_dag.py took 0.129 seconds
[2025-11-09T20:38:04.415+0000] {processor.py:186} INFO - Started process (PID=1365) to work on /home/airflow/.local/lib/python3.12/site-packages/airflow/example_dags/example_trigger_target_dag.py
[2025-11-09T20:38:04.417+0000] {processor.py:914} INFO - Processing file /home/airflow/.local/lib/python3.12/site-packages/airflow/example_dags/example_trigger_target_dag.py for tasks to queue
[2025-11-09T20:38:04.422+0000] {logging_mixin.py:190} INFO - [2025-11-09T20:38:04.421+0000] {dagbag.py:588} INFO - Filling up the DagBag from /home/airflow/.local/lib/python3.12/site-packages/airflow/example_dags/example_trigger_target_dag.py
[2025-11-09T20:38:04.435+0000] {processor.py:925} INFO - DAG(s) 'example_trigger_target_dag' retrieved from /home/airflow/.local/lib/python3.12/site-packages/airflow/example_dags/example_trigger_target_dag.py
[2025-11-09T20:38:04.479+0000] {logging_mixin.py:190} INFO - [2025-11-09T20:38:04.479+0000] {dag.py:3239} INFO - Sync 1 DAGs
[2025-11-09T20:38:04.504+0000] {logging_mixin.py:190} INFO - [2025-11-09T20:38:04.504+0000] {dag.py:4180} INFO - Setting next_dagrun for example_trigger_target_dag to None, run_after=None
[2025-11-09T20:38:04.538+0000] {processor.py:208} INFO - Processing /home/airflow/.local/lib/python3.12/site-packages/airflow/example_dags/example_trigger_target_dag.py took 0.133 seconds
[2025-11-09T20:38:34.851+0000] {processor.py:186} INFO - Started process (PID=1428) to work on /home/airflow/.local/lib/python3.12/site-packages/airflow/example_dags/example_trigger_target_dag.py
[2025-11-09T20:38:34.853+0000] {processor.py:914} INFO - Processing file /home/airflow/.local/lib/python3.12/site-packages/airflow/example_dags/example_trigger_target_dag.py for tasks to queue
[2025-11-09T20:38:34.857+0000] {logging_mixin.py:190} INFO - [2025-11-09T20:38:34.857+0000] {dagbag.py:588} INFO - Filling up the DagBag from /home/airflow/.local/lib/python3.12/site-packages/airflow/example_dags/example_trigger_target_dag.py
[2025-11-09T20:38:34.873+0000] {processor.py:925} INFO - DAG(s) 'example_trigger_target_dag' retrieved from /home/airflow/.local/lib/python3.12/site-packages/airflow/example_dags/example_trigger_target_dag.py
[2025-11-09T20:38:34.908+0000] {logging_mixin.py:190} INFO - [2025-11-09T20:38:34.908+0000] {dag.py:3239} INFO - Sync 1 DAGs
[2025-11-09T20:38:34.932+0000] {logging_mixin.py:190} INFO - [2025-11-09T20:38:34.932+0000] {dag.py:4180} INFO - Setting next_dagrun for example_trigger_target_dag to None, run_after=None
[2025-11-09T20:38:34.966+0000] {processor.py:208} INFO - Processing /home/airflow/.local/lib/python3.12/site-packages/airflow/example_dags/example_trigger_target_dag.py took 0.124 seconds
[2025-11-09T20:39:05.834+0000] {processor.py:186} INFO - Started process (PID=1491) to work on /home/airflow/.local/lib/python3.12/site-packages/airflow/example_dags/example_trigger_target_dag.py
[2025-11-09T20:39:05.837+0000] {processor.py:914} INFO - Processing file /home/airflow/.local/lib/python3.12/site-packages/airflow/example_dags/example_trigger_target_dag.py for tasks to queue
[2025-11-09T20:39:05.842+0000] {logging_mixin.py:190} INFO - [2025-11-09T20:39:05.841+0000] {dagbag.py:588} INFO - Filling up the DagBag from /home/airflow/.local/lib/python3.12/site-packages/airflow/example_dags/example_trigger_target_dag.py
[2025-11-09T20:39:05.857+0000] {processor.py:925} INFO - DAG(s) 'example_trigger_target_dag' retrieved from /home/airflow/.local/lib/python3.12/site-packages/airflow/example_dags/example_trigger_target_dag.py
[2025-11-09T20:39:05.896+0000] {logging_mixin.py:190} INFO - [2025-11-09T20:39:05.895+0000] {dag.py:3239} INFO - Sync 1 DAGs
[2025-11-09T20:39:05.921+0000] {logging_mixin.py:190} INFO - [2025-11-09T20:39:05.920+0000] {dag.py:4180} INFO - Setting next_dagrun for example_trigger_target_dag to None, run_after=None
[2025-11-09T20:39:05.955+0000] {processor.py:208} INFO - Processing /home/airflow/.local/lib/python3.12/site-packages/airflow/example_dags/example_trigger_target_dag.py took 0.132 seconds
[2025-11-09T20:39:36.653+0000] {processor.py:186} INFO - Started process (PID=1554) to work on /home/airflow/.local/lib/python3.12/site-packages/airflow/example_dags/example_trigger_target_dag.py
[2025-11-09T20:39:36.654+0000] {processor.py:914} INFO - Processing file /home/airflow/.local/lib/python3.12/site-packages/airflow/example_dags/example_trigger_target_dag.py for tasks to queue
[2025-11-09T20:39:36.660+0000] {logging_mixin.py:190} INFO - [2025-11-09T20:39:36.659+0000] {dagbag.py:588} INFO - Filling up the DagBag from /home/airflow/.local/lib/python3.12/site-packages/airflow/example_dags/example_trigger_target_dag.py
[2025-11-09T20:39:36.675+0000] {processor.py:925} INFO - DAG(s) 'example_trigger_target_dag' retrieved from /home/airflow/.local/lib/python3.12/site-packages/airflow/example_dags/example_trigger_target_dag.py
[2025-11-09T20:39:36.711+0000] {logging_mixin.py:190} INFO - [2025-11-09T20:39:36.711+0000] {dag.py:3239} INFO - Sync 1 DAGs
[2025-11-09T20:39:36.735+0000] {logging_mixin.py:190} INFO - [2025-11-09T20:39:36.735+0000] {dag.py:4180} INFO - Setting next_dagrun for example_trigger_target_dag to None, run_after=None
[2025-11-09T20:39:36.779+0000] {processor.py:208} INFO - Processing /home/airflow/.local/lib/python3.12/site-packages/airflow/example_dags/example_trigger_target_dag.py took 0.136 seconds
[2025-11-09T20:40:06.951+0000] {processor.py:186} INFO - Started process (PID=1616) to work on /home/airflow/.local/lib/python3.12/site-packages/airflow/example_dags/example_trigger_target_dag.py
[2025-11-09T20:40:06.953+0000] {processor.py:914} INFO - Processing file /home/airflow/.local/lib/python3.12/site-packages/airflow/example_dags/example_trigger_target_dag.py for tasks to queue
[2025-11-09T20:40:06.958+0000] {logging_mixin.py:190} INFO - [2025-11-09T20:40:06.958+0000] {dagbag.py:588} INFO - Filling up the DagBag from /home/airflow/.local/lib/python3.12/site-packages/airflow/example_dags/example_trigger_target_dag.py
[2025-11-09T20:40:06.978+0000] {processor.py:925} INFO - DAG(s) 'example_trigger_target_dag' retrieved from /home/airflow/.local/lib/python3.12/site-packages/airflow/example_dags/example_trigger_target_dag.py
[2025-11-09T20:40:07.019+0000] {logging_mixin.py:190} INFO - [2025-11-09T20:40:07.018+0000] {dag.py:3239} INFO - Sync 1 DAGs
[2025-11-09T20:40:07.044+0000] {logging_mixin.py:190} INFO - [2025-11-09T20:40:07.044+0000] {dag.py:4180} INFO - Setting next_dagrun for example_trigger_target_dag to None, run_after=None
[2025-11-09T20:40:07.083+0000] {processor.py:208} INFO - Processing /home/airflow/.local/lib/python3.12/site-packages/airflow/example_dags/example_trigger_target_dag.py took 0.142 seconds
[2025-11-09T20:40:37.218+0000] {processor.py:186} INFO - Started process (PID=1679) to work on /home/airflow/.local/lib/python3.12/site-packages/airflow/example_dags/example_trigger_target_dag.py
[2025-11-09T20:40:37.220+0000] {processor.py:914} INFO - Processing file /home/airflow/.local/lib/python3.12/site-packages/airflow/example_dags/example_trigger_target_dag.py for tasks to queue
[2025-11-09T20:40:37.223+0000] {logging_mixin.py:190} INFO - [2025-11-09T20:40:37.223+0000] {dagbag.py:588} INFO - Filling up the DagBag from /home/airflow/.local/lib/python3.12/site-packages/airflow/example_dags/example_trigger_target_dag.py
[2025-11-09T20:40:37.235+0000] {processor.py:925} INFO - DAG(s) 'example_trigger_target_dag' retrieved from /home/airflow/.local/lib/python3.12/site-packages/airflow/example_dags/example_trigger_target_dag.py
[2025-11-09T20:40:37.269+0000] {logging_mixin.py:190} INFO - [2025-11-09T20:40:37.269+0000] {dag.py:3239} INFO - Sync 1 DAGs
[2025-11-09T20:40:37.295+0000] {logging_mixin.py:190} INFO - [2025-11-09T20:40:37.295+0000] {dag.py:4180} INFO - Setting next_dagrun for example_trigger_target_dag to None, run_after=None
[2025-11-09T20:40:37.331+0000] {processor.py:208} INFO - Processing /home/airflow/.local/lib/python3.12/site-packages/airflow/example_dags/example_trigger_target_dag.py took 0.121 seconds
[2025-11-09T20:41:07.796+0000] {processor.py:186} INFO - Started process (PID=1742) to work on /home/airflow/.local/lib/python3.12/site-packages/airflow/example_dags/example_trigger_target_dag.py
[2025-11-09T20:41:07.798+0000] {processor.py:914} INFO - Processing file /home/airflow/.local/lib/python3.12/site-packages/airflow/example_dags/example_trigger_target_dag.py for tasks to queue
[2025-11-09T20:41:07.802+0000] {logging_mixin.py:190} INFO - [2025-11-09T20:41:07.802+0000] {dagbag.py:588} INFO - Filling up the DagBag from /home/airflow/.local/lib/python3.12/site-packages/airflow/example_dags/example_trigger_target_dag.py
[2025-11-09T20:41:07.815+0000] {processor.py:925} INFO - DAG(s) 'example_trigger_target_dag' retrieved from /home/airflow/.local/lib/python3.12/site-packages/airflow/example_dags/example_trigger_target_dag.py
[2025-11-09T20:41:07.847+0000] {logging_mixin.py:190} INFO - [2025-11-09T20:41:07.847+0000] {dag.py:3239} INFO - Sync 1 DAGs
[2025-11-09T20:41:07.867+0000] {logging_mixin.py:190} INFO - [2025-11-09T20:41:07.867+0000] {dag.py:4180} INFO - Setting next_dagrun for example_trigger_target_dag to None, run_after=None
[2025-11-09T20:41:07.896+0000] {processor.py:208} INFO - Processing /home/airflow/.local/lib/python3.12/site-packages/airflow/example_dags/example_trigger_target_dag.py took 0.112 seconds
[2025-11-09T20:41:38.778+0000] {processor.py:186} INFO - Started process (PID=1805) to work on /home/airflow/.local/lib/python3.12/site-packages/airflow/example_dags/example_trigger_target_dag.py
[2025-11-09T20:41:38.781+0000] {processor.py:914} INFO - Processing file /home/airflow/.local/lib/python3.12/site-packages/airflow/example_dags/example_trigger_target_dag.py for tasks to queue
[2025-11-09T20:41:38.789+0000] {logging_mixin.py:190} INFO - [2025-11-09T20:41:38.787+0000] {dagbag.py:588} INFO - Filling up the DagBag from /home/airflow/.local/lib/python3.12/site-packages/airflow/example_dags/example_trigger_target_dag.py
[2025-11-09T20:41:38.817+0000] {processor.py:925} INFO - DAG(s) 'example_trigger_target_dag' retrieved from /home/airflow/.local/lib/python3.12/site-packages/airflow/example_dags/example_trigger_target_dag.py
[2025-11-09T20:41:38.875+0000] {logging_mixin.py:190} INFO - [2025-11-09T20:41:38.874+0000] {dag.py:3239} INFO - Sync 1 DAGs
[2025-11-09T20:41:38.916+0000] {logging_mixin.py:190} INFO - [2025-11-09T20:41:38.916+0000] {dag.py:4180} INFO - Setting next_dagrun for example_trigger_target_dag to None, run_after=None
[2025-11-09T20:41:38.966+0000] {processor.py:208} INFO - Processing /home/airflow/.local/lib/python3.12/site-packages/airflow/example_dags/example_trigger_target_dag.py took 0.208 seconds
[2025-11-09T20:42:09.154+0000] {processor.py:186} INFO - Started process (PID=1867) to work on /home/airflow/.local/lib/python3.12/site-packages/airflow/example_dags/example_trigger_target_dag.py
[2025-11-09T20:42:09.156+0000] {processor.py:914} INFO - Processing file /home/airflow/.local/lib/python3.12/site-packages/airflow/example_dags/example_trigger_target_dag.py for tasks to queue
[2025-11-09T20:42:09.162+0000] {logging_mixin.py:190} INFO - [2025-11-09T20:42:09.161+0000] {dagbag.py:588} INFO - Filling up the DagBag from /home/airflow/.local/lib/python3.12/site-packages/airflow/example_dags/example_trigger_target_dag.py
[2025-11-09T20:42:09.179+0000] {processor.py:925} INFO - DAG(s) 'example_trigger_target_dag' retrieved from /home/airflow/.local/lib/python3.12/site-packages/airflow/example_dags/example_trigger_target_dag.py
[2025-11-09T20:42:09.227+0000] {logging_mixin.py:190} INFO - [2025-11-09T20:42:09.226+0000] {dag.py:3239} INFO - Sync 1 DAGs
[2025-11-09T20:42:09.263+0000] {logging_mixin.py:190} INFO - [2025-11-09T20:42:09.263+0000] {dag.py:4180} INFO - Setting next_dagrun for example_trigger_target_dag to None, run_after=None
[2025-11-09T20:42:09.307+0000] {processor.py:208} INFO - Processing /home/airflow/.local/lib/python3.12/site-packages/airflow/example_dags/example_trigger_target_dag.py took 0.166 seconds
[2025-11-09T20:42:40.604+0000] {processor.py:186} INFO - Started process (PID=1931) to work on /home/airflow/.local/lib/python3.12/site-packages/airflow/example_dags/example_trigger_target_dag.py
[2025-11-09T20:42:40.607+0000] {processor.py:914} INFO - Processing file /home/airflow/.local/lib/python3.12/site-packages/airflow/example_dags/example_trigger_target_dag.py for tasks to queue
[2025-11-09T20:42:40.619+0000] {logging_mixin.py:190} INFO - [2025-11-09T20:42:40.618+0000] {dagbag.py:588} INFO - Filling up the DagBag from /home/airflow/.local/lib/python3.12/site-packages/airflow/example_dags/example_trigger_target_dag.py
[2025-11-09T20:42:40.651+0000] {processor.py:925} INFO - DAG(s) 'example_trigger_target_dag' retrieved from /home/airflow/.local/lib/python3.12/site-packages/airflow/example_dags/example_trigger_target_dag.py
[2025-11-09T20:42:40.719+0000] {logging_mixin.py:190} INFO - [2025-11-09T20:42:40.719+0000] {dag.py:3239} INFO - Sync 1 DAGs
[2025-11-09T20:42:40.769+0000] {logging_mixin.py:190} INFO - [2025-11-09T20:42:40.768+0000] {dag.py:4180} INFO - Setting next_dagrun for example_trigger_target_dag to None, run_after=None
[2025-11-09T20:42:40.827+0000] {processor.py:208} INFO - Processing /home/airflow/.local/lib/python3.12/site-packages/airflow/example_dags/example_trigger_target_dag.py took 0.244 seconds
[2025-11-09T20:43:11.870+0000] {processor.py:186} INFO - Started process (PID=1995) to work on /home/airflow/.local/lib/python3.12/site-packages/airflow/example_dags/example_trigger_target_dag.py
[2025-11-09T20:43:11.872+0000] {processor.py:914} INFO - Processing file /home/airflow/.local/lib/python3.12/site-packages/airflow/example_dags/example_trigger_target_dag.py for tasks to queue
[2025-11-09T20:43:11.878+0000] {logging_mixin.py:190} INFO - [2025-11-09T20:43:11.877+0000] {dagbag.py:588} INFO - Filling up the DagBag from /home/airflow/.local/lib/python3.12/site-packages/airflow/example_dags/example_trigger_target_dag.py
[2025-11-09T20:43:11.893+0000] {processor.py:925} INFO - DAG(s) 'example_trigger_target_dag' retrieved from /home/airflow/.local/lib/python3.12/site-packages/airflow/example_dags/example_trigger_target_dag.py
[2025-11-09T20:43:11.928+0000] {logging_mixin.py:190} INFO - [2025-11-09T20:43:11.928+0000] {dag.py:3239} INFO - Sync 1 DAGs
[2025-11-09T20:43:11.951+0000] {logging_mixin.py:190} INFO - [2025-11-09T20:43:11.951+0000] {dag.py:4180} INFO - Setting next_dagrun for example_trigger_target_dag to None, run_after=None
[2025-11-09T20:43:11.983+0000] {processor.py:208} INFO - Processing /home/airflow/.local/lib/python3.12/site-packages/airflow/example_dags/example_trigger_target_dag.py took 0.123 seconds
[2025-11-09T20:43:42.965+0000] {processor.py:186} INFO - Started process (PID=2059) to work on /home/airflow/.local/lib/python3.12/site-packages/airflow/example_dags/example_trigger_target_dag.py
[2025-11-09T20:43:42.967+0000] {processor.py:914} INFO - Processing file /home/airflow/.local/lib/python3.12/site-packages/airflow/example_dags/example_trigger_target_dag.py for tasks to queue
[2025-11-09T20:43:42.971+0000] {logging_mixin.py:190} INFO - [2025-11-09T20:43:42.970+0000] {dagbag.py:588} INFO - Filling up the DagBag from /home/airflow/.local/lib/python3.12/site-packages/airflow/example_dags/example_trigger_target_dag.py
[2025-11-09T20:43:42.984+0000] {processor.py:925} INFO - DAG(s) 'example_trigger_target_dag' retrieved from /home/airflow/.local/lib/python3.12/site-packages/airflow/example_dags/example_trigger_target_dag.py
[2025-11-09T20:43:43.022+0000] {logging_mixin.py:190} INFO - [2025-11-09T20:43:43.022+0000] {dag.py:3239} INFO - Sync 1 DAGs
[2025-11-09T20:43:43.046+0000] {logging_mixin.py:190} INFO - [2025-11-09T20:43:43.045+0000] {dag.py:4180} INFO - Setting next_dagrun for example_trigger_target_dag to None, run_after=None
[2025-11-09T20:43:43.077+0000] {processor.py:208} INFO - Processing /home/airflow/.local/lib/python3.12/site-packages/airflow/example_dags/example_trigger_target_dag.py took 0.121 seconds
[2025-11-09T20:44:13.907+0000] {processor.py:186} INFO - Started process (PID=2122) to work on /home/airflow/.local/lib/python3.12/site-packages/airflow/example_dags/example_trigger_target_dag.py
[2025-11-09T20:44:13.909+0000] {processor.py:914} INFO - Processing file /home/airflow/.local/lib/python3.12/site-packages/airflow/example_dags/example_trigger_target_dag.py for tasks to queue
[2025-11-09T20:44:13.914+0000] {logging_mixin.py:190} INFO - [2025-11-09T20:44:13.913+0000] {dagbag.py:588} INFO - Filling up the DagBag from /home/airflow/.local/lib/python3.12/site-packages/airflow/example_dags/example_trigger_target_dag.py
[2025-11-09T20:44:13.929+0000] {processor.py:925} INFO - DAG(s) 'example_trigger_target_dag' retrieved from /home/airflow/.local/lib/python3.12/site-packages/airflow/example_dags/example_trigger_target_dag.py
[2025-11-09T20:44:13.971+0000] {logging_mixin.py:190} INFO - [2025-11-09T20:44:13.970+0000] {dag.py:3239} INFO - Sync 1 DAGs
[2025-11-09T20:44:13.996+0000] {logging_mixin.py:190} INFO - [2025-11-09T20:44:13.995+0000] {dag.py:4180} INFO - Setting next_dagrun for example_trigger_target_dag to None, run_after=None
[2025-11-09T20:44:14.034+0000] {processor.py:208} INFO - Processing /home/airflow/.local/lib/python3.12/site-packages/airflow/example_dags/example_trigger_target_dag.py took 0.138 seconds
[2025-11-09T20:44:44.168+0000] {processor.py:186} INFO - Started process (PID=2186) to work on /home/airflow/.local/lib/python3.12/site-packages/airflow/example_dags/example_trigger_target_dag.py
[2025-11-09T20:44:44.171+0000] {processor.py:914} INFO - Processing file /home/airflow/.local/lib/python3.12/site-packages/airflow/example_dags/example_trigger_target_dag.py for tasks to queue
[2025-11-09T20:44:44.177+0000] {logging_mixin.py:190} INFO - [2025-11-09T20:44:44.176+0000] {dagbag.py:588} INFO - Filling up the DagBag from /home/airflow/.local/lib/python3.12/site-packages/airflow/example_dags/example_trigger_target_dag.py
[2025-11-09T20:44:44.190+0000] {processor.py:925} INFO - DAG(s) 'example_trigger_target_dag' retrieved from /home/airflow/.local/lib/python3.12/site-packages/airflow/example_dags/example_trigger_target_dag.py
[2025-11-09T20:44:44.228+0000] {logging_mixin.py:190} INFO - [2025-11-09T20:44:44.227+0000] {dag.py:3239} INFO - Sync 1 DAGs
[2025-11-09T20:44:44.251+0000] {logging_mixin.py:190} INFO - [2025-11-09T20:44:44.251+0000] {dag.py:4180} INFO - Setting next_dagrun for example_trigger_target_dag to None, run_after=None
[2025-11-09T20:44:44.285+0000] {processor.py:208} INFO - Processing /home/airflow/.local/lib/python3.12/site-packages/airflow/example_dags/example_trigger_target_dag.py took 0.126 seconds
[2025-11-09T20:45:15.094+0000] {processor.py:186} INFO - Started process (PID=2250) to work on /home/airflow/.local/lib/python3.12/site-packages/airflow/example_dags/example_trigger_target_dag.py
[2025-11-09T20:45:15.097+0000] {processor.py:914} INFO - Processing file /home/airflow/.local/lib/python3.12/site-packages/airflow/example_dags/example_trigger_target_dag.py for tasks to queue
[2025-11-09T20:45:15.105+0000] {logging_mixin.py:190} INFO - [2025-11-09T20:45:15.104+0000] {dagbag.py:588} INFO - Filling up the DagBag from /home/airflow/.local/lib/python3.12/site-packages/airflow/example_dags/example_trigger_target_dag.py
[2025-11-09T20:45:15.128+0000] {processor.py:925} INFO - DAG(s) 'example_trigger_target_dag' retrieved from /home/airflow/.local/lib/python3.12/site-packages/airflow/example_dags/example_trigger_target_dag.py
[2025-11-09T20:45:15.181+0000] {logging_mixin.py:190} INFO - [2025-11-09T20:45:15.181+0000] {dag.py:3239} INFO - Sync 1 DAGs
[2025-11-09T20:45:15.213+0000] {logging_mixin.py:190} INFO - [2025-11-09T20:45:15.212+0000] {dag.py:4180} INFO - Setting next_dagrun for example_trigger_target_dag to None, run_after=None
[2025-11-09T20:45:15.253+0000] {processor.py:208} INFO - Processing /home/airflow/.local/lib/python3.12/site-packages/airflow/example_dags/example_trigger_target_dag.py took 0.177 seconds
[2025-11-09T20:45:45.664+0000] {processor.py:186} INFO - Started process (PID=2314) to work on /home/airflow/.local/lib/python3.12/site-packages/airflow/example_dags/example_trigger_target_dag.py
[2025-11-09T20:45:45.666+0000] {processor.py:914} INFO - Processing file /home/airflow/.local/lib/python3.12/site-packages/airflow/example_dags/example_trigger_target_dag.py for tasks to queue
[2025-11-09T20:45:45.670+0000] {logging_mixin.py:190} INFO - [2025-11-09T20:45:45.669+0000] {dagbag.py:588} INFO - Filling up the DagBag from /home/airflow/.local/lib/python3.12/site-packages/airflow/example_dags/example_trigger_target_dag.py
[2025-11-09T20:45:45.682+0000] {processor.py:925} INFO - DAG(s) 'example_trigger_target_dag' retrieved from /home/airflow/.local/lib/python3.12/site-packages/airflow/example_dags/example_trigger_target_dag.py
[2025-11-09T20:45:45.715+0000] {logging_mixin.py:190} INFO - [2025-11-09T20:45:45.715+0000] {dag.py:3239} INFO - Sync 1 DAGs
[2025-11-09T20:45:45.735+0000] {logging_mixin.py:190} INFO - [2025-11-09T20:45:45.735+0000] {dag.py:4180} INFO - Setting next_dagrun for example_trigger_target_dag to None, run_after=None
[2025-11-09T20:45:45.766+0000] {processor.py:208} INFO - Processing /home/airflow/.local/lib/python3.12/site-packages/airflow/example_dags/example_trigger_target_dag.py took 0.111 seconds
[2025-11-09T20:46:15.871+0000] {processor.py:186} INFO - Started process (PID=2378) to work on /home/airflow/.local/lib/python3.12/site-packages/airflow/example_dags/example_trigger_target_dag.py
[2025-11-09T20:46:15.874+0000] {processor.py:914} INFO - Processing file /home/airflow/.local/lib/python3.12/site-packages/airflow/example_dags/example_trigger_target_dag.py for tasks to queue
[2025-11-09T20:46:15.879+0000] {logging_mixin.py:190} INFO - [2025-11-09T20:46:15.878+0000] {dagbag.py:588} INFO - Filling up the DagBag from /home/airflow/.local/lib/python3.12/site-packages/airflow/example_dags/example_trigger_target_dag.py
[2025-11-09T20:46:15.898+0000] {processor.py:925} INFO - DAG(s) 'example_trigger_target_dag' retrieved from /home/airflow/.local/lib/python3.12/site-packages/airflow/example_dags/example_trigger_target_dag.py
[2025-11-09T20:46:15.939+0000] {logging_mixin.py:190} INFO - [2025-11-09T20:46:15.939+0000] {dag.py:3239} INFO - Sync 1 DAGs
[2025-11-09T20:46:15.967+0000] {logging_mixin.py:190} INFO - [2025-11-09T20:46:15.967+0000] {dag.py:4180} INFO - Setting next_dagrun for example_trigger_target_dag to None, run_after=None
[2025-11-09T20:46:16.001+0000] {processor.py:208} INFO - Processing /home/airflow/.local/lib/python3.12/site-packages/airflow/example_dags/example_trigger_target_dag.py took 0.145 seconds
[2025-11-09T20:46:46.323+0000] {processor.py:186} INFO - Started process (PID=2442) to work on /home/airflow/.local/lib/python3.12/site-packages/airflow/example_dags/example_trigger_target_dag.py
[2025-11-09T20:46:46.325+0000] {processor.py:914} INFO - Processing file /home/airflow/.local/lib/python3.12/site-packages/airflow/example_dags/example_trigger_target_dag.py for tasks to queue
[2025-11-09T20:46:46.333+0000] {logging_mixin.py:190} INFO - [2025-11-09T20:46:46.332+0000] {dagbag.py:588} INFO - Filling up the DagBag from /home/airflow/.local/lib/python3.12/site-packages/airflow/example_dags/example_trigger_target_dag.py
[2025-11-09T20:46:46.358+0000] {processor.py:925} INFO - DAG(s) 'example_trigger_target_dag' retrieved from /home/airflow/.local/lib/python3.12/site-packages/airflow/example_dags/example_trigger_target_dag.py
[2025-11-09T20:46:46.407+0000] {logging_mixin.py:190} INFO - [2025-11-09T20:46:46.406+0000] {dag.py:3239} INFO - Sync 1 DAGs
[2025-11-09T20:46:46.446+0000] {logging_mixin.py:190} INFO - [2025-11-09T20:46:46.445+0000] {dag.py:4180} INFO - Setting next_dagrun for example_trigger_target_dag to None, run_after=None
[2025-11-09T20:46:46.491+0000] {processor.py:208} INFO - Processing /home/airflow/.local/lib/python3.12/site-packages/airflow/example_dags/example_trigger_target_dag.py took 0.190 seconds
[2025-11-09T20:47:17.126+0000] {processor.py:186} INFO - Started process (PID=2507) to work on /home/airflow/.local/lib/python3.12/site-packages/airflow/example_dags/example_trigger_target_dag.py
[2025-11-09T20:47:17.128+0000] {processor.py:914} INFO - Processing file /home/airflow/.local/lib/python3.12/site-packages/airflow/example_dags/example_trigger_target_dag.py for tasks to queue
[2025-11-09T20:47:17.134+0000] {logging_mixin.py:190} INFO - [2025-11-09T20:47:17.133+0000] {dagbag.py:588} INFO - Filling up the DagBag from /home/airflow/.local/lib/python3.12/site-packages/airflow/example_dags/example_trigger_target_dag.py
[2025-11-09T20:47:17.151+0000] {processor.py:925} INFO - DAG(s) 'example_trigger_target_dag' retrieved from /home/airflow/.local/lib/python3.12/site-packages/airflow/example_dags/example_trigger_target_dag.py
[2025-11-09T20:47:17.185+0000] {logging_mixin.py:190} INFO - [2025-11-09T20:47:17.184+0000] {dag.py:3239} INFO - Sync 1 DAGs
[2025-11-09T20:47:17.209+0000] {logging_mixin.py:190} INFO - [2025-11-09T20:47:17.209+0000] {dag.py:4180} INFO - Setting next_dagrun for example_trigger_target_dag to None, run_after=None
[2025-11-09T20:47:17.239+0000] {processor.py:208} INFO - Processing /home/airflow/.local/lib/python3.12/site-packages/airflow/example_dags/example_trigger_target_dag.py took 0.124 seconds
[2025-11-09T20:47:47.879+0000] {processor.py:186} INFO - Started process (PID=2572) to work on /home/airflow/.local/lib/python3.12/site-packages/airflow/example_dags/example_trigger_target_dag.py
[2025-11-09T20:47:47.881+0000] {processor.py:914} INFO - Processing file /home/airflow/.local/lib/python3.12/site-packages/airflow/example_dags/example_trigger_target_dag.py for tasks to queue
[2025-11-09T20:47:47.885+0000] {logging_mixin.py:190} INFO - [2025-11-09T20:47:47.885+0000] {dagbag.py:588} INFO - Filling up the DagBag from /home/airflow/.local/lib/python3.12/site-packages/airflow/example_dags/example_trigger_target_dag.py
[2025-11-09T20:47:47.899+0000] {processor.py:925} INFO - DAG(s) 'example_trigger_target_dag' retrieved from /home/airflow/.local/lib/python3.12/site-packages/airflow/example_dags/example_trigger_target_dag.py
[2025-11-09T20:47:47.936+0000] {logging_mixin.py:190} INFO - [2025-11-09T20:47:47.935+0000] {dag.py:3239} INFO - Sync 1 DAGs
[2025-11-09T20:47:47.962+0000] {logging_mixin.py:190} INFO - [2025-11-09T20:47:47.961+0000] {dag.py:4180} INFO - Setting next_dagrun for example_trigger_target_dag to None, run_after=None
[2025-11-09T20:47:48.000+0000] {processor.py:208} INFO - Processing /home/airflow/.local/lib/python3.12/site-packages/airflow/example_dags/example_trigger_target_dag.py took 0.131 seconds
[2025-11-09T20:48:18.494+0000] {processor.py:186} INFO - Started process (PID=2637) to work on /home/airflow/.local/lib/python3.12/site-packages/airflow/example_dags/example_trigger_target_dag.py
[2025-11-09T20:48:18.497+0000] {processor.py:914} INFO - Processing file /home/airflow/.local/lib/python3.12/site-packages/airflow/example_dags/example_trigger_target_dag.py for tasks to queue
[2025-11-09T20:48:18.504+0000] {logging_mixin.py:190} INFO - [2025-11-09T20:48:18.503+0000] {dagbag.py:588} INFO - Filling up the DagBag from /home/airflow/.local/lib/python3.12/site-packages/airflow/example_dags/example_trigger_target_dag.py
[2025-11-09T20:48:18.523+0000] {processor.py:925} INFO - DAG(s) 'example_trigger_target_dag' retrieved from /home/airflow/.local/lib/python3.12/site-packages/airflow/example_dags/example_trigger_target_dag.py
[2025-11-09T20:48:18.566+0000] {logging_mixin.py:190} INFO - [2025-11-09T20:48:18.565+0000] {dag.py:3239} INFO - Sync 1 DAGs
[2025-11-09T20:48:18.596+0000] {logging_mixin.py:190} INFO - [2025-11-09T20:48:18.595+0000] {dag.py:4180} INFO - Setting next_dagrun for example_trigger_target_dag to None, run_after=None
[2025-11-09T20:48:18.629+0000] {processor.py:208} INFO - Processing /home/airflow/.local/lib/python3.12/site-packages/airflow/example_dags/example_trigger_target_dag.py took 0.151 seconds
[2025-11-09T20:48:49.338+0000] {processor.py:186} INFO - Started process (PID=2702) to work on /home/airflow/.local/lib/python3.12/site-packages/airflow/example_dags/example_trigger_target_dag.py
[2025-11-09T20:48:49.340+0000] {processor.py:914} INFO - Processing file /home/airflow/.local/lib/python3.12/site-packages/airflow/example_dags/example_trigger_target_dag.py for tasks to queue
[2025-11-09T20:48:49.344+0000] {logging_mixin.py:190} INFO - [2025-11-09T20:48:49.344+0000] {dagbag.py:588} INFO - Filling up the DagBag from /home/airflow/.local/lib/python3.12/site-packages/airflow/example_dags/example_trigger_target_dag.py
[2025-11-09T20:48:49.358+0000] {processor.py:925} INFO - DAG(s) 'example_trigger_target_dag' retrieved from /home/airflow/.local/lib/python3.12/site-packages/airflow/example_dags/example_trigger_target_dag.py
[2025-11-09T20:48:49.395+0000] {logging_mixin.py:190} INFO - [2025-11-09T20:48:49.395+0000] {dag.py:3239} INFO - Sync 1 DAGs
[2025-11-09T20:48:49.422+0000] {logging_mixin.py:190} INFO - [2025-11-09T20:48:49.422+0000] {dag.py:4180} INFO - Setting next_dagrun for example_trigger_target_dag to None, run_after=None
[2025-11-09T20:48:49.456+0000] {processor.py:208} INFO - Processing /home/airflow/.local/lib/python3.12/site-packages/airflow/example_dags/example_trigger_target_dag.py took 0.129 seconds
[2025-11-09T20:49:20.178+0000] {processor.py:186} INFO - Started process (PID=2765) to work on /home/airflow/.local/lib/python3.12/site-packages/airflow/example_dags/example_trigger_target_dag.py
[2025-11-09T20:49:20.180+0000] {processor.py:914} INFO - Processing file /home/airflow/.local/lib/python3.12/site-packages/airflow/example_dags/example_trigger_target_dag.py for tasks to queue
[2025-11-09T20:49:20.185+0000] {logging_mixin.py:190} INFO - [2025-11-09T20:49:20.184+0000] {dagbag.py:588} INFO - Filling up the DagBag from /home/airflow/.local/lib/python3.12/site-packages/airflow/example_dags/example_trigger_target_dag.py
[2025-11-09T20:49:20.197+0000] {processor.py:925} INFO - DAG(s) 'example_trigger_target_dag' retrieved from /home/airflow/.local/lib/python3.12/site-packages/airflow/example_dags/example_trigger_target_dag.py
[2025-11-09T20:49:20.239+0000] {logging_mixin.py:190} INFO - [2025-11-09T20:49:20.238+0000] {dag.py:3239} INFO - Sync 1 DAGs
[2025-11-09T20:49:20.263+0000] {logging_mixin.py:190} INFO - [2025-11-09T20:49:20.263+0000] {dag.py:4180} INFO - Setting next_dagrun for example_trigger_target_dag to None, run_after=None
[2025-11-09T20:49:20.295+0000] {processor.py:208} INFO - Processing /home/airflow/.local/lib/python3.12/site-packages/airflow/example_dags/example_trigger_target_dag.py took 0.126 seconds
[2025-11-09T20:49:51.433+0000] {processor.py:186} INFO - Started process (PID=2829) to work on /home/airflow/.local/lib/python3.12/site-packages/airflow/example_dags/example_trigger_target_dag.py
[2025-11-09T20:49:51.435+0000] {processor.py:914} INFO - Processing file /home/airflow/.local/lib/python3.12/site-packages/airflow/example_dags/example_trigger_target_dag.py for tasks to queue
[2025-11-09T20:49:51.440+0000] {logging_mixin.py:190} INFO - [2025-11-09T20:49:51.439+0000] {dagbag.py:588} INFO - Filling up the DagBag from /home/airflow/.local/lib/python3.12/site-packages/airflow/example_dags/example_trigger_target_dag.py
[2025-11-09T20:49:51.455+0000] {processor.py:925} INFO - DAG(s) 'example_trigger_target_dag' retrieved from /home/airflow/.local/lib/python3.12/site-packages/airflow/example_dags/example_trigger_target_dag.py
[2025-11-09T20:49:51.494+0000] {logging_mixin.py:190} INFO - [2025-11-09T20:49:51.494+0000] {dag.py:3239} INFO - Sync 1 DAGs
[2025-11-09T20:49:51.748+0000] {logging_mixin.py:190} INFO - [2025-11-09T20:49:51.747+0000] {dag.py:4180} INFO - Setting next_dagrun for example_trigger_target_dag to None, run_after=None
[2025-11-09T20:49:51.777+0000] {processor.py:208} INFO - Processing /home/airflow/.local/lib/python3.12/site-packages/airflow/example_dags/example_trigger_target_dag.py took 0.355 seconds
[2025-11-09T20:50:22.355+0000] {processor.py:186} INFO - Started process (PID=2893) to work on /home/airflow/.local/lib/python3.12/site-packages/airflow/example_dags/example_trigger_target_dag.py
[2025-11-09T20:50:22.357+0000] {processor.py:914} INFO - Processing file /home/airflow/.local/lib/python3.12/site-packages/airflow/example_dags/example_trigger_target_dag.py for tasks to queue
[2025-11-09T20:50:22.361+0000] {logging_mixin.py:190} INFO - [2025-11-09T20:50:22.361+0000] {dagbag.py:588} INFO - Filling up the DagBag from /home/airflow/.local/lib/python3.12/site-packages/airflow/example_dags/example_trigger_target_dag.py
[2025-11-09T20:50:22.377+0000] {processor.py:925} INFO - DAG(s) 'example_trigger_target_dag' retrieved from /home/airflow/.local/lib/python3.12/site-packages/airflow/example_dags/example_trigger_target_dag.py
[2025-11-09T20:50:22.411+0000] {logging_mixin.py:190} INFO - [2025-11-09T20:50:22.411+0000] {dag.py:3239} INFO - Sync 1 DAGs
[2025-11-09T20:50:22.681+0000] {logging_mixin.py:190} INFO - [2025-11-09T20:50:22.681+0000] {dag.py:4180} INFO - Setting next_dagrun for example_trigger_target_dag to None, run_after=None
[2025-11-09T20:50:22.709+0000] {processor.py:208} INFO - Processing /home/airflow/.local/lib/python3.12/site-packages/airflow/example_dags/example_trigger_target_dag.py took 0.365 seconds
[2025-11-09T20:50:53.030+0000] {processor.py:186} INFO - Started process (PID=2957) to work on /home/airflow/.local/lib/python3.12/site-packages/airflow/example_dags/example_trigger_target_dag.py
[2025-11-09T20:50:53.033+0000] {processor.py:914} INFO - Processing file /home/airflow/.local/lib/python3.12/site-packages/airflow/example_dags/example_trigger_target_dag.py for tasks to queue
[2025-11-09T20:50:53.040+0000] {logging_mixin.py:190} INFO - [2025-11-09T20:50:53.039+0000] {dagbag.py:588} INFO - Filling up the DagBag from /home/airflow/.local/lib/python3.12/site-packages/airflow/example_dags/example_trigger_target_dag.py
[2025-11-09T20:50:53.058+0000] {processor.py:925} INFO - DAG(s) 'example_trigger_target_dag' retrieved from /home/airflow/.local/lib/python3.12/site-packages/airflow/example_dags/example_trigger_target_dag.py
[2025-11-09T20:50:53.105+0000] {logging_mixin.py:190} INFO - [2025-11-09T20:50:53.104+0000] {dag.py:3239} INFO - Sync 1 DAGs
[2025-11-09T20:50:53.146+0000] {logging_mixin.py:190} INFO - [2025-11-09T20:50:53.145+0000] {dag.py:4180} INFO - Setting next_dagrun for example_trigger_target_dag to None, run_after=None
[2025-11-09T20:50:53.185+0000] {processor.py:208} INFO - Processing /home/airflow/.local/lib/python3.12/site-packages/airflow/example_dags/example_trigger_target_dag.py took 0.169 seconds
[2025-11-09T20:51:23.653+0000] {processor.py:186} INFO - Started process (PID=3022) to work on /home/airflow/.local/lib/python3.12/site-packages/airflow/example_dags/example_trigger_target_dag.py
[2025-11-09T20:51:23.655+0000] {processor.py:914} INFO - Processing file /home/airflow/.local/lib/python3.12/site-packages/airflow/example_dags/example_trigger_target_dag.py for tasks to queue
[2025-11-09T20:51:23.661+0000] {logging_mixin.py:190} INFO - [2025-11-09T20:51:23.660+0000] {dagbag.py:588} INFO - Filling up the DagBag from /home/airflow/.local/lib/python3.12/site-packages/airflow/example_dags/example_trigger_target_dag.py
[2025-11-09T20:51:23.680+0000] {processor.py:925} INFO - DAG(s) 'example_trigger_target_dag' retrieved from /home/airflow/.local/lib/python3.12/site-packages/airflow/example_dags/example_trigger_target_dag.py
[2025-11-09T20:51:23.722+0000] {logging_mixin.py:190} INFO - [2025-11-09T20:51:23.721+0000] {dag.py:3239} INFO - Sync 1 DAGs
[2025-11-09T20:51:23.751+0000] {logging_mixin.py:190} INFO - [2025-11-09T20:51:23.751+0000] {dag.py:4180} INFO - Setting next_dagrun for example_trigger_target_dag to None, run_after=None
[2025-11-09T20:51:23.798+0000] {processor.py:208} INFO - Processing /home/airflow/.local/lib/python3.12/site-packages/airflow/example_dags/example_trigger_target_dag.py took 0.163 seconds
[2025-11-09T20:51:54.557+0000] {processor.py:186} INFO - Started process (PID=3086) to work on /home/airflow/.local/lib/python3.12/site-packages/airflow/example_dags/example_trigger_target_dag.py
[2025-11-09T20:51:54.559+0000] {processor.py:914} INFO - Processing file /home/airflow/.local/lib/python3.12/site-packages/airflow/example_dags/example_trigger_target_dag.py for tasks to queue
[2025-11-09T20:51:54.564+0000] {logging_mixin.py:190} INFO - [2025-11-09T20:51:54.563+0000] {dagbag.py:588} INFO - Filling up the DagBag from /home/airflow/.local/lib/python3.12/site-packages/airflow/example_dags/example_trigger_target_dag.py
[2025-11-09T20:51:54.582+0000] {processor.py:925} INFO - DAG(s) 'example_trigger_target_dag' retrieved from /home/airflow/.local/lib/python3.12/site-packages/airflow/example_dags/example_trigger_target_dag.py
[2025-11-09T20:51:54.623+0000] {logging_mixin.py:190} INFO - [2025-11-09T20:51:54.623+0000] {dag.py:3239} INFO - Sync 1 DAGs
[2025-11-09T20:51:54.651+0000] {logging_mixin.py:190} INFO - [2025-11-09T20:51:54.651+0000] {dag.py:4180} INFO - Setting next_dagrun for example_trigger_target_dag to None, run_after=None
[2025-11-09T20:51:54.686+0000] {processor.py:208} INFO - Processing /home/airflow/.local/lib/python3.12/site-packages/airflow/example_dags/example_trigger_target_dag.py took 0.141 seconds
[2025-11-09T20:52:24.988+0000] {processor.py:186} INFO - Started process (PID=3155) to work on /home/airflow/.local/lib/python3.12/site-packages/airflow/example_dags/example_trigger_target_dag.py
[2025-11-09T20:52:24.990+0000] {processor.py:914} INFO - Processing file /home/airflow/.local/lib/python3.12/site-packages/airflow/example_dags/example_trigger_target_dag.py for tasks to queue
[2025-11-09T20:52:24.996+0000] {logging_mixin.py:190} INFO - [2025-11-09T20:52:24.994+0000] {dagbag.py:588} INFO - Filling up the DagBag from /home/airflow/.local/lib/python3.12/site-packages/airflow/example_dags/example_trigger_target_dag.py
[2025-11-09T20:52:25.013+0000] {processor.py:925} INFO - DAG(s) 'example_trigger_target_dag' retrieved from /home/airflow/.local/lib/python3.12/site-packages/airflow/example_dags/example_trigger_target_dag.py
[2025-11-09T20:52:25.058+0000] {logging_mixin.py:190} INFO - [2025-11-09T20:52:25.058+0000] {dag.py:3239} INFO - Sync 1 DAGs
[2025-11-09T20:52:25.087+0000] {logging_mixin.py:190} INFO - [2025-11-09T20:52:25.087+0000] {dag.py:4180} INFO - Setting next_dagrun for example_trigger_target_dag to None, run_after=None
[2025-11-09T20:52:25.126+0000] {processor.py:208} INFO - Processing /home/airflow/.local/lib/python3.12/site-packages/airflow/example_dags/example_trigger_target_dag.py took 0.151 seconds
[2025-11-09T20:52:55.877+0000] {processor.py:186} INFO - Started process (PID=3218) to work on /home/airflow/.local/lib/python3.12/site-packages/airflow/example_dags/example_trigger_target_dag.py
[2025-11-09T20:52:55.879+0000] {processor.py:914} INFO - Processing file /home/airflow/.local/lib/python3.12/site-packages/airflow/example_dags/example_trigger_target_dag.py for tasks to queue
[2025-11-09T20:52:55.885+0000] {logging_mixin.py:190} INFO - [2025-11-09T20:52:55.884+0000] {dagbag.py:588} INFO - Filling up the DagBag from /home/airflow/.local/lib/python3.12/site-packages/airflow/example_dags/example_trigger_target_dag.py
[2025-11-09T20:52:55.902+0000] {processor.py:925} INFO - DAG(s) 'example_trigger_target_dag' retrieved from /home/airflow/.local/lib/python3.12/site-packages/airflow/example_dags/example_trigger_target_dag.py
[2025-11-09T20:52:55.943+0000] {logging_mixin.py:190} INFO - [2025-11-09T20:52:55.943+0000] {dag.py:3239} INFO - Sync 1 DAGs
[2025-11-09T20:52:55.970+0000] {logging_mixin.py:190} INFO - [2025-11-09T20:52:55.969+0000] {dag.py:4180} INFO - Setting next_dagrun for example_trigger_target_dag to None, run_after=None
[2025-11-09T20:52:56.010+0000] {processor.py:208} INFO - Processing /home/airflow/.local/lib/python3.12/site-packages/airflow/example_dags/example_trigger_target_dag.py took 0.149 seconds
[2025-11-09T20:53:26.437+0000] {processor.py:186} INFO - Started process (PID=3282) to work on /home/airflow/.local/lib/python3.12/site-packages/airflow/example_dags/example_trigger_target_dag.py
[2025-11-09T20:53:26.440+0000] {processor.py:914} INFO - Processing file /home/airflow/.local/lib/python3.12/site-packages/airflow/example_dags/example_trigger_target_dag.py for tasks to queue
[2025-11-09T20:53:26.448+0000] {logging_mixin.py:190} INFO - [2025-11-09T20:53:26.447+0000] {dagbag.py:588} INFO - Filling up the DagBag from /home/airflow/.local/lib/python3.12/site-packages/airflow/example_dags/example_trigger_target_dag.py
[2025-11-09T20:53:26.465+0000] {processor.py:925} INFO - DAG(s) 'example_trigger_target_dag' retrieved from /home/airflow/.local/lib/python3.12/site-packages/airflow/example_dags/example_trigger_target_dag.py
[2025-11-09T20:53:26.512+0000] {logging_mixin.py:190} INFO - [2025-11-09T20:53:26.512+0000] {dag.py:3239} INFO - Sync 1 DAGs
[2025-11-09T20:53:26.540+0000] {logging_mixin.py:190} INFO - [2025-11-09T20:53:26.540+0000] {dag.py:4180} INFO - Setting next_dagrun for example_trigger_target_dag to None, run_after=None
[2025-11-09T20:53:26.579+0000] {processor.py:208} INFO - Processing /home/airflow/.local/lib/python3.12/site-packages/airflow/example_dags/example_trigger_target_dag.py took 0.157 seconds
[2025-11-09T20:53:57.007+0000] {processor.py:186} INFO - Started process (PID=3346) to work on /home/airflow/.local/lib/python3.12/site-packages/airflow/example_dags/example_trigger_target_dag.py
[2025-11-09T20:53:57.010+0000] {processor.py:914} INFO - Processing file /home/airflow/.local/lib/python3.12/site-packages/airflow/example_dags/example_trigger_target_dag.py for tasks to queue
[2025-11-09T20:53:57.016+0000] {logging_mixin.py:190} INFO - [2025-11-09T20:53:57.016+0000] {dagbag.py:588} INFO - Filling up the DagBag from /home/airflow/.local/lib/python3.12/site-packages/airflow/example_dags/example_trigger_target_dag.py
[2025-11-09T20:53:57.036+0000] {processor.py:925} INFO - DAG(s) 'example_trigger_target_dag' retrieved from /home/airflow/.local/lib/python3.12/site-packages/airflow/example_dags/example_trigger_target_dag.py
[2025-11-09T20:53:57.082+0000] {logging_mixin.py:190} INFO - [2025-11-09T20:53:57.082+0000] {dag.py:3239} INFO - Sync 1 DAGs
[2025-11-09T20:53:57.124+0000] {logging_mixin.py:190} INFO - [2025-11-09T20:53:57.123+0000] {dag.py:4180} INFO - Setting next_dagrun for example_trigger_target_dag to None, run_after=None
[2025-11-09T20:53:57.166+0000] {processor.py:208} INFO - Processing /home/airflow/.local/lib/python3.12/site-packages/airflow/example_dags/example_trigger_target_dag.py took 0.176 seconds
[2025-11-09T20:54:28.034+0000] {processor.py:186} INFO - Started process (PID=3410) to work on /home/airflow/.local/lib/python3.12/site-packages/airflow/example_dags/example_trigger_target_dag.py
[2025-11-09T20:54:28.037+0000] {processor.py:914} INFO - Processing file /home/airflow/.local/lib/python3.12/site-packages/airflow/example_dags/example_trigger_target_dag.py for tasks to queue
[2025-11-09T20:54:28.042+0000] {logging_mixin.py:190} INFO - [2025-11-09T20:54:28.041+0000] {dagbag.py:588} INFO - Filling up the DagBag from /home/airflow/.local/lib/python3.12/site-packages/airflow/example_dags/example_trigger_target_dag.py
[2025-11-09T20:54:28.060+0000] {processor.py:925} INFO - DAG(s) 'example_trigger_target_dag' retrieved from /home/airflow/.local/lib/python3.12/site-packages/airflow/example_dags/example_trigger_target_dag.py
[2025-11-09T20:54:28.108+0000] {logging_mixin.py:190} INFO - [2025-11-09T20:54:28.107+0000] {dag.py:3239} INFO - Sync 1 DAGs
[2025-11-09T20:54:28.139+0000] {logging_mixin.py:190} INFO - [2025-11-09T20:54:28.139+0000] {dag.py:4180} INFO - Setting next_dagrun for example_trigger_target_dag to None, run_after=None
[2025-11-09T20:54:28.179+0000] {processor.py:208} INFO - Processing /home/airflow/.local/lib/python3.12/site-packages/airflow/example_dags/example_trigger_target_dag.py took 0.159 seconds
[2025-11-09T20:54:58.858+0000] {processor.py:186} INFO - Started process (PID=3475) to work on /home/airflow/.local/lib/python3.12/site-packages/airflow/example_dags/example_trigger_target_dag.py
[2025-11-09T20:54:58.861+0000] {processor.py:914} INFO - Processing file /home/airflow/.local/lib/python3.12/site-packages/airflow/example_dags/example_trigger_target_dag.py for tasks to queue
[2025-11-09T20:54:58.867+0000] {logging_mixin.py:190} INFO - [2025-11-09T20:54:58.866+0000] {dagbag.py:588} INFO - Filling up the DagBag from /home/airflow/.local/lib/python3.12/site-packages/airflow/example_dags/example_trigger_target_dag.py
[2025-11-09T20:54:58.890+0000] {processor.py:925} INFO - DAG(s) 'example_trigger_target_dag' retrieved from /home/airflow/.local/lib/python3.12/site-packages/airflow/example_dags/example_trigger_target_dag.py
[2025-11-09T20:54:58.941+0000] {logging_mixin.py:190} INFO - [2025-11-09T20:54:58.940+0000] {dag.py:3239} INFO - Sync 1 DAGs
[2025-11-09T20:54:58.984+0000] {logging_mixin.py:190} INFO - [2025-11-09T20:54:58.984+0000] {dag.py:4180} INFO - Setting next_dagrun for example_trigger_target_dag to None, run_after=None
[2025-11-09T20:54:59.032+0000] {processor.py:208} INFO - Processing /home/airflow/.local/lib/python3.12/site-packages/airflow/example_dags/example_trigger_target_dag.py took 0.193 seconds
[2025-11-09T20:55:29.771+0000] {processor.py:186} INFO - Started process (PID=3542) to work on /home/airflow/.local/lib/python3.12/site-packages/airflow/example_dags/example_trigger_target_dag.py
[2025-11-09T20:55:29.777+0000] {processor.py:914} INFO - Processing file /home/airflow/.local/lib/python3.12/site-packages/airflow/example_dags/example_trigger_target_dag.py for tasks to queue
[2025-11-09T20:55:29.793+0000] {logging_mixin.py:190} INFO - [2025-11-09T20:55:29.792+0000] {dagbag.py:588} INFO - Filling up the DagBag from /home/airflow/.local/lib/python3.12/site-packages/airflow/example_dags/example_trigger_target_dag.py
[2025-11-09T20:55:29.835+0000] {processor.py:925} INFO - DAG(s) 'example_trigger_target_dag' retrieved from /home/airflow/.local/lib/python3.12/site-packages/airflow/example_dags/example_trigger_target_dag.py
[2025-11-09T20:55:29.895+0000] {logging_mixin.py:190} INFO - [2025-11-09T20:55:29.894+0000] {dag.py:3239} INFO - Sync 1 DAGs
[2025-11-09T20:55:29.935+0000] {logging_mixin.py:190} INFO - [2025-11-09T20:55:29.935+0000] {dag.py:4180} INFO - Setting next_dagrun for example_trigger_target_dag to None, run_after=None
[2025-11-09T20:55:29.998+0000] {processor.py:208} INFO - Processing /home/airflow/.local/lib/python3.12/site-packages/airflow/example_dags/example_trigger_target_dag.py took 0.256 seconds
[2025-11-09T20:56:00.552+0000] {processor.py:186} INFO - Started process (PID=3606) to work on /home/airflow/.local/lib/python3.12/site-packages/airflow/example_dags/example_trigger_target_dag.py
[2025-11-09T20:56:00.560+0000] {processor.py:914} INFO - Processing file /home/airflow/.local/lib/python3.12/site-packages/airflow/example_dags/example_trigger_target_dag.py for tasks to queue
[2025-11-09T20:56:00.577+0000] {logging_mixin.py:190} INFO - [2025-11-09T20:56:00.571+0000] {dagbag.py:588} INFO - Filling up the DagBag from /home/airflow/.local/lib/python3.12/site-packages/airflow/example_dags/example_trigger_target_dag.py
[2025-11-09T20:56:00.658+0000] {processor.py:925} INFO - DAG(s) 'example_trigger_target_dag' retrieved from /home/airflow/.local/lib/python3.12/site-packages/airflow/example_dags/example_trigger_target_dag.py
[2025-11-09T20:56:00.840+0000] {logging_mixin.py:190} INFO - [2025-11-09T20:56:00.839+0000] {dag.py:3239} INFO - Sync 1 DAGs
[2025-11-09T20:56:00.950+0000] {logging_mixin.py:190} INFO - [2025-11-09T20:56:00.950+0000] {dag.py:4180} INFO - Setting next_dagrun for example_trigger_target_dag to None, run_after=None
[2025-11-09T20:56:01.054+0000] {processor.py:208} INFO - Processing /home/airflow/.local/lib/python3.12/site-packages/airflow/example_dags/example_trigger_target_dag.py took 0.535 seconds
[2025-11-09T20:56:31.563+0000] {processor.py:186} INFO - Started process (PID=3669) to work on /home/airflow/.local/lib/python3.12/site-packages/airflow/example_dags/example_trigger_target_dag.py
[2025-11-09T20:56:31.564+0000] {processor.py:914} INFO - Processing file /home/airflow/.local/lib/python3.12/site-packages/airflow/example_dags/example_trigger_target_dag.py for tasks to queue
[2025-11-09T20:56:31.570+0000] {logging_mixin.py:190} INFO - [2025-11-09T20:56:31.569+0000] {dagbag.py:588} INFO - Filling up the DagBag from /home/airflow/.local/lib/python3.12/site-packages/airflow/example_dags/example_trigger_target_dag.py
[2025-11-09T20:56:31.582+0000] {processor.py:925} INFO - DAG(s) 'example_trigger_target_dag' retrieved from /home/airflow/.local/lib/python3.12/site-packages/airflow/example_dags/example_trigger_target_dag.py
[2025-11-09T20:56:31.617+0000] {logging_mixin.py:190} INFO - [2025-11-09T20:56:31.617+0000] {dag.py:3239} INFO - Sync 1 DAGs
[2025-11-09T20:56:31.639+0000] {logging_mixin.py:190} INFO - [2025-11-09T20:56:31.639+0000] {dag.py:4180} INFO - Setting next_dagrun for example_trigger_target_dag to None, run_after=None
[2025-11-09T20:56:31.670+0000] {processor.py:208} INFO - Processing /home/airflow/.local/lib/python3.12/site-packages/airflow/example_dags/example_trigger_target_dag.py took 0.117 seconds
[2025-11-09T20:57:02.441+0000] {processor.py:186} INFO - Started process (PID=3733) to work on /home/airflow/.local/lib/python3.12/site-packages/airflow/example_dags/example_trigger_target_dag.py
[2025-11-09T20:57:02.443+0000] {processor.py:914} INFO - Processing file /home/airflow/.local/lib/python3.12/site-packages/airflow/example_dags/example_trigger_target_dag.py for tasks to queue
[2025-11-09T20:57:02.447+0000] {logging_mixin.py:190} INFO - [2025-11-09T20:57:02.446+0000] {dagbag.py:588} INFO - Filling up the DagBag from /home/airflow/.local/lib/python3.12/site-packages/airflow/example_dags/example_trigger_target_dag.py
[2025-11-09T20:57:02.459+0000] {processor.py:925} INFO - DAG(s) 'example_trigger_target_dag' retrieved from /home/airflow/.local/lib/python3.12/site-packages/airflow/example_dags/example_trigger_target_dag.py
[2025-11-09T20:57:02.495+0000] {logging_mixin.py:190} INFO - [2025-11-09T20:57:02.495+0000] {dag.py:3239} INFO - Sync 1 DAGs
[2025-11-09T20:57:02.520+0000] {logging_mixin.py:190} INFO - [2025-11-09T20:57:02.520+0000] {dag.py:4180} INFO - Setting next_dagrun for example_trigger_target_dag to None, run_after=None
[2025-11-09T20:57:02.550+0000] {processor.py:208} INFO - Processing /home/airflow/.local/lib/python3.12/site-packages/airflow/example_dags/example_trigger_target_dag.py took 0.118 seconds
[2025-11-09T20:57:32.682+0000] {processor.py:186} INFO - Started process (PID=3797) to work on /home/airflow/.local/lib/python3.12/site-packages/airflow/example_dags/example_trigger_target_dag.py
[2025-11-09T20:57:32.684+0000] {processor.py:914} INFO - Processing file /home/airflow/.local/lib/python3.12/site-packages/airflow/example_dags/example_trigger_target_dag.py for tasks to queue
[2025-11-09T20:57:32.688+0000] {logging_mixin.py:190} INFO - [2025-11-09T20:57:32.688+0000] {dagbag.py:588} INFO - Filling up the DagBag from /home/airflow/.local/lib/python3.12/site-packages/airflow/example_dags/example_trigger_target_dag.py
[2025-11-09T20:57:32.704+0000] {processor.py:925} INFO - DAG(s) 'example_trigger_target_dag' retrieved from /home/airflow/.local/lib/python3.12/site-packages/airflow/example_dags/example_trigger_target_dag.py
[2025-11-09T20:57:32.739+0000] {logging_mixin.py:190} INFO - [2025-11-09T20:57:32.739+0000] {dag.py:3239} INFO - Sync 1 DAGs
[2025-11-09T20:57:32.764+0000] {logging_mixin.py:190} INFO - [2025-11-09T20:57:32.763+0000] {dag.py:4180} INFO - Setting next_dagrun for example_trigger_target_dag to None, run_after=None
[2025-11-09T20:57:32.797+0000] {processor.py:208} INFO - Processing /home/airflow/.local/lib/python3.12/site-packages/airflow/example_dags/example_trigger_target_dag.py took 0.126 seconds
[2025-11-09T20:58:03.370+0000] {processor.py:186} INFO - Started process (PID=3861) to work on /home/airflow/.local/lib/python3.12/site-packages/airflow/example_dags/example_trigger_target_dag.py
[2025-11-09T20:58:03.372+0000] {processor.py:914} INFO - Processing file /home/airflow/.local/lib/python3.12/site-packages/airflow/example_dags/example_trigger_target_dag.py for tasks to queue
[2025-11-09T20:58:03.376+0000] {logging_mixin.py:190} INFO - [2025-11-09T20:58:03.376+0000] {dagbag.py:588} INFO - Filling up the DagBag from /home/airflow/.local/lib/python3.12/site-packages/airflow/example_dags/example_trigger_target_dag.py
[2025-11-09T20:58:03.391+0000] {processor.py:925} INFO - DAG(s) 'example_trigger_target_dag' retrieved from /home/airflow/.local/lib/python3.12/site-packages/airflow/example_dags/example_trigger_target_dag.py
[2025-11-09T20:58:03.433+0000] {logging_mixin.py:190} INFO - [2025-11-09T20:58:03.433+0000] {dag.py:3239} INFO - Sync 1 DAGs
[2025-11-09T20:58:03.462+0000] {logging_mixin.py:190} INFO - [2025-11-09T20:58:03.461+0000] {dag.py:4180} INFO - Setting next_dagrun for example_trigger_target_dag to None, run_after=None
[2025-11-09T20:58:03.501+0000] {processor.py:208} INFO - Processing /home/airflow/.local/lib/python3.12/site-packages/airflow/example_dags/example_trigger_target_dag.py took 0.146 seconds
[2025-11-09T20:58:33.742+0000] {processor.py:186} INFO - Started process (PID=3926) to work on /home/airflow/.local/lib/python3.12/site-packages/airflow/example_dags/example_trigger_target_dag.py
[2025-11-09T20:58:33.744+0000] {processor.py:914} INFO - Processing file /home/airflow/.local/lib/python3.12/site-packages/airflow/example_dags/example_trigger_target_dag.py for tasks to queue
[2025-11-09T20:58:33.749+0000] {logging_mixin.py:190} INFO - [2025-11-09T20:58:33.748+0000] {dagbag.py:588} INFO - Filling up the DagBag from /home/airflow/.local/lib/python3.12/site-packages/airflow/example_dags/example_trigger_target_dag.py
[2025-11-09T20:58:33.763+0000] {processor.py:925} INFO - DAG(s) 'example_trigger_target_dag' retrieved from /home/airflow/.local/lib/python3.12/site-packages/airflow/example_dags/example_trigger_target_dag.py
[2025-11-09T20:58:33.796+0000] {logging_mixin.py:190} INFO - [2025-11-09T20:58:33.796+0000] {dag.py:3239} INFO - Sync 1 DAGs
[2025-11-09T20:58:33.818+0000] {logging_mixin.py:190} INFO - [2025-11-09T20:58:33.818+0000] {dag.py:4180} INFO - Setting next_dagrun for example_trigger_target_dag to None, run_after=None
[2025-11-09T20:58:33.847+0000] {processor.py:208} INFO - Processing /home/airflow/.local/lib/python3.12/site-packages/airflow/example_dags/example_trigger_target_dag.py took 0.119 seconds
[2025-11-09T20:59:04.257+0000] {processor.py:186} INFO - Started process (PID=3990) to work on /home/airflow/.local/lib/python3.12/site-packages/airflow/example_dags/example_trigger_target_dag.py
[2025-11-09T20:59:04.259+0000] {processor.py:914} INFO - Processing file /home/airflow/.local/lib/python3.12/site-packages/airflow/example_dags/example_trigger_target_dag.py for tasks to queue
[2025-11-09T20:59:04.264+0000] {logging_mixin.py:190} INFO - [2025-11-09T20:59:04.263+0000] {dagbag.py:588} INFO - Filling up the DagBag from /home/airflow/.local/lib/python3.12/site-packages/airflow/example_dags/example_trigger_target_dag.py
[2025-11-09T20:59:04.280+0000] {processor.py:925} INFO - DAG(s) 'example_trigger_target_dag' retrieved from /home/airflow/.local/lib/python3.12/site-packages/airflow/example_dags/example_trigger_target_dag.py
[2025-11-09T20:59:04.317+0000] {logging_mixin.py:190} INFO - [2025-11-09T20:59:04.316+0000] {dag.py:3239} INFO - Sync 1 DAGs
[2025-11-09T20:59:04.340+0000] {logging_mixin.py:190} INFO - [2025-11-09T20:59:04.340+0000] {dag.py:4180} INFO - Setting next_dagrun for example_trigger_target_dag to None, run_after=None
[2025-11-09T20:59:04.374+0000] {processor.py:208} INFO - Processing /home/airflow/.local/lib/python3.12/site-packages/airflow/example_dags/example_trigger_target_dag.py took 0.130 seconds
[2025-11-09T20:59:34.844+0000] {processor.py:186} INFO - Started process (PID=4054) to work on /home/airflow/.local/lib/python3.12/site-packages/airflow/example_dags/example_trigger_target_dag.py
[2025-11-09T20:59:34.846+0000] {processor.py:914} INFO - Processing file /home/airflow/.local/lib/python3.12/site-packages/airflow/example_dags/example_trigger_target_dag.py for tasks to queue
[2025-11-09T20:59:34.850+0000] {logging_mixin.py:190} INFO - [2025-11-09T20:59:34.849+0000] {dagbag.py:588} INFO - Filling up the DagBag from /home/airflow/.local/lib/python3.12/site-packages/airflow/example_dags/example_trigger_target_dag.py
[2025-11-09T20:59:34.866+0000] {processor.py:925} INFO - DAG(s) 'example_trigger_target_dag' retrieved from /home/airflow/.local/lib/python3.12/site-packages/airflow/example_dags/example_trigger_target_dag.py
[2025-11-09T20:59:34.899+0000] {logging_mixin.py:190} INFO - [2025-11-09T20:59:34.899+0000] {dag.py:3239} INFO - Sync 1 DAGs
[2025-11-09T20:59:34.930+0000] {logging_mixin.py:190} INFO - [2025-11-09T20:59:34.929+0000] {dag.py:4180} INFO - Setting next_dagrun for example_trigger_target_dag to None, run_after=None
[2025-11-09T20:59:34.967+0000] {processor.py:208} INFO - Processing /home/airflow/.local/lib/python3.12/site-packages/airflow/example_dags/example_trigger_target_dag.py took 0.133 seconds
[2025-11-09T21:00:05.587+0000] {processor.py:186} INFO - Started process (PID=4119) to work on /home/airflow/.local/lib/python3.12/site-packages/airflow/example_dags/example_trigger_target_dag.py
[2025-11-09T21:00:05.589+0000] {processor.py:914} INFO - Processing file /home/airflow/.local/lib/python3.12/site-packages/airflow/example_dags/example_trigger_target_dag.py for tasks to queue
[2025-11-09T21:00:05.594+0000] {logging_mixin.py:190} INFO - [2025-11-09T21:00:05.593+0000] {dagbag.py:588} INFO - Filling up the DagBag from /home/airflow/.local/lib/python3.12/site-packages/airflow/example_dags/example_trigger_target_dag.py
[2025-11-09T21:00:05.612+0000] {processor.py:925} INFO - DAG(s) 'example_trigger_target_dag' retrieved from /home/airflow/.local/lib/python3.12/site-packages/airflow/example_dags/example_trigger_target_dag.py
[2025-11-09T21:00:05.658+0000] {logging_mixin.py:190} INFO - [2025-11-09T21:00:05.658+0000] {dag.py:3239} INFO - Sync 1 DAGs
[2025-11-09T21:00:05.685+0000] {logging_mixin.py:190} INFO - [2025-11-09T21:00:05.685+0000] {dag.py:4180} INFO - Setting next_dagrun for example_trigger_target_dag to None, run_after=None
[2025-11-09T21:00:05.725+0000] {processor.py:208} INFO - Processing /home/airflow/.local/lib/python3.12/site-packages/airflow/example_dags/example_trigger_target_dag.py took 0.151 seconds
[2025-11-09T21:00:36.076+0000] {processor.py:186} INFO - Started process (PID=4183) to work on /home/airflow/.local/lib/python3.12/site-packages/airflow/example_dags/example_trigger_target_dag.py
[2025-11-09T21:00:36.080+0000] {processor.py:914} INFO - Processing file /home/airflow/.local/lib/python3.12/site-packages/airflow/example_dags/example_trigger_target_dag.py for tasks to queue
[2025-11-09T21:00:36.093+0000] {logging_mixin.py:190} INFO - [2025-11-09T21:00:36.092+0000] {dagbag.py:588} INFO - Filling up the DagBag from /home/airflow/.local/lib/python3.12/site-packages/airflow/example_dags/example_trigger_target_dag.py
[2025-11-09T21:00:36.120+0000] {processor.py:925} INFO - DAG(s) 'example_trigger_target_dag' retrieved from /home/airflow/.local/lib/python3.12/site-packages/airflow/example_dags/example_trigger_target_dag.py
[2025-11-09T21:00:36.174+0000] {logging_mixin.py:190} INFO - [2025-11-09T21:00:36.173+0000] {dag.py:3239} INFO - Sync 1 DAGs
[2025-11-09T21:00:36.224+0000] {logging_mixin.py:190} INFO - [2025-11-09T21:00:36.224+0000] {dag.py:4180} INFO - Setting next_dagrun for example_trigger_target_dag to None, run_after=None
[2025-11-09T21:00:36.296+0000] {processor.py:208} INFO - Processing /home/airflow/.local/lib/python3.12/site-packages/airflow/example_dags/example_trigger_target_dag.py took 0.239 seconds
[2025-11-09T21:01:07.295+0000] {processor.py:186} INFO - Started process (PID=4257) to work on /home/airflow/.local/lib/python3.12/site-packages/airflow/example_dags/example_trigger_target_dag.py
[2025-11-09T21:01:07.298+0000] {processor.py:914} INFO - Processing file /home/airflow/.local/lib/python3.12/site-packages/airflow/example_dags/example_trigger_target_dag.py for tasks to queue
[2025-11-09T21:01:07.308+0000] {logging_mixin.py:190} INFO - [2025-11-09T21:01:07.307+0000] {dagbag.py:588} INFO - Filling up the DagBag from /home/airflow/.local/lib/python3.12/site-packages/airflow/example_dags/example_trigger_target_dag.py
[2025-11-09T21:01:07.330+0000] {processor.py:925} INFO - DAG(s) 'example_trigger_target_dag' retrieved from /home/airflow/.local/lib/python3.12/site-packages/airflow/example_dags/example_trigger_target_dag.py
[2025-11-09T21:01:07.379+0000] {logging_mixin.py:190} INFO - [2025-11-09T21:01:07.378+0000] {dag.py:3239} INFO - Sync 1 DAGs
[2025-11-09T21:01:07.413+0000] {logging_mixin.py:190} INFO - [2025-11-09T21:01:07.412+0000] {dag.py:4180} INFO - Setting next_dagrun for example_trigger_target_dag to None, run_after=None
[2025-11-09T21:01:07.460+0000] {processor.py:208} INFO - Processing /home/airflow/.local/lib/python3.12/site-packages/airflow/example_dags/example_trigger_target_dag.py took 0.186 seconds
[2025-11-09T21:01:37.918+0000] {processor.py:186} INFO - Started process (PID=4321) to work on /home/airflow/.local/lib/python3.12/site-packages/airflow/example_dags/example_trigger_target_dag.py
[2025-11-09T21:01:37.922+0000] {processor.py:914} INFO - Processing file /home/airflow/.local/lib/python3.12/site-packages/airflow/example_dags/example_trigger_target_dag.py for tasks to queue
[2025-11-09T21:01:37.931+0000] {logging_mixin.py:190} INFO - [2025-11-09T21:01:37.930+0000] {dagbag.py:588} INFO - Filling up the DagBag from /home/airflow/.local/lib/python3.12/site-packages/airflow/example_dags/example_trigger_target_dag.py
[2025-11-09T21:01:37.955+0000] {processor.py:925} INFO - DAG(s) 'example_trigger_target_dag' retrieved from /home/airflow/.local/lib/python3.12/site-packages/airflow/example_dags/example_trigger_target_dag.py
[2025-11-09T21:01:38.018+0000] {logging_mixin.py:190} INFO - [2025-11-09T21:01:38.017+0000] {dag.py:3239} INFO - Sync 1 DAGs
[2025-11-09T21:01:38.068+0000] {logging_mixin.py:190} INFO - [2025-11-09T21:01:38.067+0000] {dag.py:4180} INFO - Setting next_dagrun for example_trigger_target_dag to None, run_after=None
[2025-11-09T21:01:38.125+0000] {processor.py:208} INFO - Processing /home/airflow/.local/lib/python3.12/site-packages/airflow/example_dags/example_trigger_target_dag.py took 0.228 seconds
[2025-11-09T21:02:08.334+0000] {processor.py:186} INFO - Started process (PID=4386) to work on /home/airflow/.local/lib/python3.12/site-packages/airflow/example_dags/example_trigger_target_dag.py
[2025-11-09T21:02:08.338+0000] {processor.py:914} INFO - Processing file /home/airflow/.local/lib/python3.12/site-packages/airflow/example_dags/example_trigger_target_dag.py for tasks to queue
[2025-11-09T21:02:08.346+0000] {logging_mixin.py:190} INFO - [2025-11-09T21:02:08.345+0000] {dagbag.py:588} INFO - Filling up the DagBag from /home/airflow/.local/lib/python3.12/site-packages/airflow/example_dags/example_trigger_target_dag.py
[2025-11-09T21:02:08.365+0000] {processor.py:925} INFO - DAG(s) 'example_trigger_target_dag' retrieved from /home/airflow/.local/lib/python3.12/site-packages/airflow/example_dags/example_trigger_target_dag.py
[2025-11-09T21:02:08.409+0000] {logging_mixin.py:190} INFO - [2025-11-09T21:02:08.408+0000] {dag.py:3239} INFO - Sync 1 DAGs
[2025-11-09T21:02:08.436+0000] {logging_mixin.py:190} INFO - [2025-11-09T21:02:08.436+0000] {dag.py:4180} INFO - Setting next_dagrun for example_trigger_target_dag to None, run_after=None
[2025-11-09T21:02:08.481+0000] {processor.py:208} INFO - Processing /home/airflow/.local/lib/python3.12/site-packages/airflow/example_dags/example_trigger_target_dag.py took 0.164 seconds
[2025-11-09T21:02:39.127+0000] {processor.py:186} INFO - Started process (PID=4450) to work on /home/airflow/.local/lib/python3.12/site-packages/airflow/example_dags/example_trigger_target_dag.py
[2025-11-09T21:02:39.130+0000] {processor.py:914} INFO - Processing file /home/airflow/.local/lib/python3.12/site-packages/airflow/example_dags/example_trigger_target_dag.py for tasks to queue
[2025-11-09T21:02:39.135+0000] {logging_mixin.py:190} INFO - [2025-11-09T21:02:39.134+0000] {dagbag.py:588} INFO - Filling up the DagBag from /home/airflow/.local/lib/python3.12/site-packages/airflow/example_dags/example_trigger_target_dag.py
[2025-11-09T21:02:39.153+0000] {processor.py:925} INFO - DAG(s) 'example_trigger_target_dag' retrieved from /home/airflow/.local/lib/python3.12/site-packages/airflow/example_dags/example_trigger_target_dag.py
[2025-11-09T21:02:39.188+0000] {logging_mixin.py:190} INFO - [2025-11-09T21:02:39.188+0000] {dag.py:3239} INFO - Sync 1 DAGs
[2025-11-09T21:02:39.217+0000] {logging_mixin.py:190} INFO - [2025-11-09T21:02:39.216+0000] {dag.py:4180} INFO - Setting next_dagrun for example_trigger_target_dag to None, run_after=None
[2025-11-09T21:02:39.251+0000] {processor.py:208} INFO - Processing /home/airflow/.local/lib/python3.12/site-packages/airflow/example_dags/example_trigger_target_dag.py took 0.138 seconds
[2025-11-09T21:03:09.578+0000] {processor.py:186} INFO - Started process (PID=4514) to work on /home/airflow/.local/lib/python3.12/site-packages/airflow/example_dags/example_trigger_target_dag.py
[2025-11-09T21:03:09.581+0000] {processor.py:914} INFO - Processing file /home/airflow/.local/lib/python3.12/site-packages/airflow/example_dags/example_trigger_target_dag.py for tasks to queue
[2025-11-09T21:03:09.586+0000] {logging_mixin.py:190} INFO - [2025-11-09T21:03:09.586+0000] {dagbag.py:588} INFO - Filling up the DagBag from /home/airflow/.local/lib/python3.12/site-packages/airflow/example_dags/example_trigger_target_dag.py
[2025-11-09T21:03:09.603+0000] {processor.py:925} INFO - DAG(s) 'example_trigger_target_dag' retrieved from /home/airflow/.local/lib/python3.12/site-packages/airflow/example_dags/example_trigger_target_dag.py
[2025-11-09T21:03:09.642+0000] {logging_mixin.py:190} INFO - [2025-11-09T21:03:09.642+0000] {dag.py:3239} INFO - Sync 1 DAGs
[2025-11-09T21:03:09.670+0000] {logging_mixin.py:190} INFO - [2025-11-09T21:03:09.670+0000] {dag.py:4180} INFO - Setting next_dagrun for example_trigger_target_dag to None, run_after=None
[2025-11-09T21:03:09.702+0000] {processor.py:208} INFO - Processing /home/airflow/.local/lib/python3.12/site-packages/airflow/example_dags/example_trigger_target_dag.py took 0.139 seconds
[2025-11-09T21:03:40.583+0000] {processor.py:186} INFO - Started process (PID=4578) to work on /home/airflow/.local/lib/python3.12/site-packages/airflow/example_dags/example_trigger_target_dag.py
[2025-11-09T21:03:40.586+0000] {processor.py:914} INFO - Processing file /home/airflow/.local/lib/python3.12/site-packages/airflow/example_dags/example_trigger_target_dag.py for tasks to queue
[2025-11-09T21:03:40.597+0000] {logging_mixin.py:190} INFO - [2025-11-09T21:03:40.596+0000] {dagbag.py:588} INFO - Filling up the DagBag from /home/airflow/.local/lib/python3.12/site-packages/airflow/example_dags/example_trigger_target_dag.py
[2025-11-09T21:03:40.626+0000] {processor.py:925} INFO - DAG(s) 'example_trigger_target_dag' retrieved from /home/airflow/.local/lib/python3.12/site-packages/airflow/example_dags/example_trigger_target_dag.py
[2025-11-09T21:03:40.692+0000] {logging_mixin.py:190} INFO - [2025-11-09T21:03:40.692+0000] {dag.py:3239} INFO - Sync 1 DAGs
[2025-11-09T21:03:40.734+0000] {logging_mixin.py:190} INFO - [2025-11-09T21:03:40.734+0000] {dag.py:4180} INFO - Setting next_dagrun for example_trigger_target_dag to None, run_after=None
[2025-11-09T21:03:40.789+0000] {processor.py:208} INFO - Processing /home/airflow/.local/lib/python3.12/site-packages/airflow/example_dags/example_trigger_target_dag.py took 0.223 seconds
[2025-11-09T21:04:11.203+0000] {processor.py:186} INFO - Started process (PID=4641) to work on /home/airflow/.local/lib/python3.12/site-packages/airflow/example_dags/example_trigger_target_dag.py
[2025-11-09T21:04:11.205+0000] {processor.py:914} INFO - Processing file /home/airflow/.local/lib/python3.12/site-packages/airflow/example_dags/example_trigger_target_dag.py for tasks to queue
[2025-11-09T21:04:11.211+0000] {logging_mixin.py:190} INFO - [2025-11-09T21:04:11.210+0000] {dagbag.py:588} INFO - Filling up the DagBag from /home/airflow/.local/lib/python3.12/site-packages/airflow/example_dags/example_trigger_target_dag.py
[2025-11-09T21:04:11.227+0000] {processor.py:925} INFO - DAG(s) 'example_trigger_target_dag' retrieved from /home/airflow/.local/lib/python3.12/site-packages/airflow/example_dags/example_trigger_target_dag.py
[2025-11-09T21:04:11.269+0000] {logging_mixin.py:190} INFO - [2025-11-09T21:04:11.269+0000] {dag.py:3239} INFO - Sync 1 DAGs
[2025-11-09T21:04:11.310+0000] {logging_mixin.py:190} INFO - [2025-11-09T21:04:11.310+0000] {dag.py:4180} INFO - Setting next_dagrun for example_trigger_target_dag to None, run_after=None
[2025-11-09T21:04:11.349+0000] {processor.py:208} INFO - Processing /home/airflow/.local/lib/python3.12/site-packages/airflow/example_dags/example_trigger_target_dag.py took 0.157 seconds
[2025-11-09T21:04:41.642+0000] {processor.py:186} INFO - Started process (PID=4705) to work on /home/airflow/.local/lib/python3.12/site-packages/airflow/example_dags/example_trigger_target_dag.py
[2025-11-09T21:04:41.644+0000] {processor.py:914} INFO - Processing file /home/airflow/.local/lib/python3.12/site-packages/airflow/example_dags/example_trigger_target_dag.py for tasks to queue
[2025-11-09T21:04:41.648+0000] {logging_mixin.py:190} INFO - [2025-11-09T21:04:41.648+0000] {dagbag.py:588} INFO - Filling up the DagBag from /home/airflow/.local/lib/python3.12/site-packages/airflow/example_dags/example_trigger_target_dag.py
[2025-11-09T21:04:41.664+0000] {processor.py:925} INFO - DAG(s) 'example_trigger_target_dag' retrieved from /home/airflow/.local/lib/python3.12/site-packages/airflow/example_dags/example_trigger_target_dag.py
[2025-11-09T21:04:41.701+0000] {logging_mixin.py:190} INFO - [2025-11-09T21:04:41.701+0000] {dag.py:3239} INFO - Sync 1 DAGs
[2025-11-09T21:04:41.724+0000] {logging_mixin.py:190} INFO - [2025-11-09T21:04:41.724+0000] {dag.py:4180} INFO - Setting next_dagrun for example_trigger_target_dag to None, run_after=None
[2025-11-09T21:04:41.760+0000] {processor.py:208} INFO - Processing /home/airflow/.local/lib/python3.12/site-packages/airflow/example_dags/example_trigger_target_dag.py took 0.130 seconds
[2025-11-09T21:08:10.472+0000] {processor.py:186} INFO - Started process (PID=105) to work on /home/airflow/.local/lib/python3.12/site-packages/airflow/example_dags/example_trigger_target_dag.py
[2025-11-09T21:08:10.474+0000] {processor.py:914} INFO - Processing file /home/airflow/.local/lib/python3.12/site-packages/airflow/example_dags/example_trigger_target_dag.py for tasks to queue
[2025-11-09T21:08:10.482+0000] {logging_mixin.py:190} INFO - [2025-11-09T21:08:10.481+0000] {dagbag.py:588} INFO - Filling up the DagBag from /home/airflow/.local/lib/python3.12/site-packages/airflow/example_dags/example_trigger_target_dag.py
[2025-11-09T21:08:10.516+0000] {processor.py:925} INFO - DAG(s) 'example_trigger_target_dag' retrieved from /home/airflow/.local/lib/python3.12/site-packages/airflow/example_dags/example_trigger_target_dag.py
[2025-11-09T21:08:10.609+0000] {logging_mixin.py:190} INFO - [2025-11-09T21:08:10.608+0000] {dag.py:3239} INFO - Sync 1 DAGs
[2025-11-09T21:08:10.662+0000] {logging_mixin.py:190} INFO - [2025-11-09T21:08:10.662+0000] {dag.py:4180} INFO - Setting next_dagrun for example_trigger_target_dag to None, run_after=None
[2025-11-09T21:08:10.722+0000] {processor.py:208} INFO - Processing /home/airflow/.local/lib/python3.12/site-packages/airflow/example_dags/example_trigger_target_dag.py took 0.270 seconds
[2025-11-09T21:08:40.979+0000] {processor.py:186} INFO - Started process (PID=168) to work on /home/airflow/.local/lib/python3.12/site-packages/airflow/example_dags/example_trigger_target_dag.py
[2025-11-09T21:08:40.982+0000] {processor.py:914} INFO - Processing file /home/airflow/.local/lib/python3.12/site-packages/airflow/example_dags/example_trigger_target_dag.py for tasks to queue
[2025-11-09T21:08:40.999+0000] {logging_mixin.py:190} INFO - [2025-11-09T21:08:40.990+0000] {dagbag.py:588} INFO - Filling up the DagBag from /home/airflow/.local/lib/python3.12/site-packages/airflow/example_dags/example_trigger_target_dag.py
[2025-11-09T21:08:41.030+0000] {processor.py:925} INFO - DAG(s) 'example_trigger_target_dag' retrieved from /home/airflow/.local/lib/python3.12/site-packages/airflow/example_dags/example_trigger_target_dag.py
[2025-11-09T21:08:41.097+0000] {logging_mixin.py:190} INFO - [2025-11-09T21:08:41.097+0000] {dag.py:3239} INFO - Sync 1 DAGs
[2025-11-09T21:08:41.140+0000] {logging_mixin.py:190} INFO - [2025-11-09T21:08:41.139+0000] {dag.py:4180} INFO - Setting next_dagrun for example_trigger_target_dag to None, run_after=None
[2025-11-09T21:08:41.193+0000] {processor.py:208} INFO - Processing /home/airflow/.local/lib/python3.12/site-packages/airflow/example_dags/example_trigger_target_dag.py took 0.231 seconds
[2025-11-09T21:09:12.395+0000] {processor.py:186} INFO - Started process (PID=232) to work on /home/airflow/.local/lib/python3.12/site-packages/airflow/example_dags/example_trigger_target_dag.py
[2025-11-09T21:09:12.398+0000] {processor.py:914} INFO - Processing file /home/airflow/.local/lib/python3.12/site-packages/airflow/example_dags/example_trigger_target_dag.py for tasks to queue
[2025-11-09T21:09:12.409+0000] {logging_mixin.py:190} INFO - [2025-11-09T21:09:12.407+0000] {dagbag.py:588} INFO - Filling up the DagBag from /home/airflow/.local/lib/python3.12/site-packages/airflow/example_dags/example_trigger_target_dag.py
[2025-11-09T21:09:12.440+0000] {processor.py:925} INFO - DAG(s) 'example_trigger_target_dag' retrieved from /home/airflow/.local/lib/python3.12/site-packages/airflow/example_dags/example_trigger_target_dag.py
[2025-11-09T21:09:12.506+0000] {logging_mixin.py:190} INFO - [2025-11-09T21:09:12.505+0000] {dag.py:3239} INFO - Sync 1 DAGs
[2025-11-09T21:09:12.551+0000] {logging_mixin.py:190} INFO - [2025-11-09T21:09:12.550+0000] {dag.py:4180} INFO - Setting next_dagrun for example_trigger_target_dag to None, run_after=None
[2025-11-09T21:09:12.604+0000] {processor.py:208} INFO - Processing /home/airflow/.local/lib/python3.12/site-packages/airflow/example_dags/example_trigger_target_dag.py took 0.231 seconds
[2025-11-09T21:09:43.394+0000] {processor.py:186} INFO - Started process (PID=297) to work on /home/airflow/.local/lib/python3.12/site-packages/airflow/example_dags/example_trigger_target_dag.py
[2025-11-09T21:09:43.397+0000] {processor.py:914} INFO - Processing file /home/airflow/.local/lib/python3.12/site-packages/airflow/example_dags/example_trigger_target_dag.py for tasks to queue
[2025-11-09T21:09:43.405+0000] {logging_mixin.py:190} INFO - [2025-11-09T21:09:43.403+0000] {dagbag.py:588} INFO - Filling up the DagBag from /home/airflow/.local/lib/python3.12/site-packages/airflow/example_dags/example_trigger_target_dag.py
[2025-11-09T21:09:43.435+0000] {processor.py:925} INFO - DAG(s) 'example_trigger_target_dag' retrieved from /home/airflow/.local/lib/python3.12/site-packages/airflow/example_dags/example_trigger_target_dag.py
[2025-11-09T21:09:43.528+0000] {logging_mixin.py:190} INFO - [2025-11-09T21:09:43.527+0000] {dag.py:3239} INFO - Sync 1 DAGs
[2025-11-09T21:09:43.587+0000] {logging_mixin.py:190} INFO - [2025-11-09T21:09:43.586+0000] {dag.py:4180} INFO - Setting next_dagrun for example_trigger_target_dag to None, run_after=None
[2025-11-09T21:09:43.649+0000] {processor.py:208} INFO - Processing /home/airflow/.local/lib/python3.12/site-packages/airflow/example_dags/example_trigger_target_dag.py took 0.279 seconds
[2025-11-09T21:10:14.381+0000] {processor.py:186} INFO - Started process (PID=361) to work on /home/airflow/.local/lib/python3.12/site-packages/airflow/example_dags/example_trigger_target_dag.py
[2025-11-09T21:10:14.384+0000] {processor.py:914} INFO - Processing file /home/airflow/.local/lib/python3.12/site-packages/airflow/example_dags/example_trigger_target_dag.py for tasks to queue
[2025-11-09T21:10:14.391+0000] {logging_mixin.py:190} INFO - [2025-11-09T21:10:14.390+0000] {dagbag.py:588} INFO - Filling up the DagBag from /home/airflow/.local/lib/python3.12/site-packages/airflow/example_dags/example_trigger_target_dag.py
[2025-11-09T21:10:14.412+0000] {processor.py:925} INFO - DAG(s) 'example_trigger_target_dag' retrieved from /home/airflow/.local/lib/python3.12/site-packages/airflow/example_dags/example_trigger_target_dag.py
[2025-11-09T21:10:14.462+0000] {logging_mixin.py:190} INFO - [2025-11-09T21:10:14.462+0000] {dag.py:3239} INFO - Sync 1 DAGs
[2025-11-09T21:10:14.508+0000] {logging_mixin.py:190} INFO - [2025-11-09T21:10:14.507+0000] {dag.py:4180} INFO - Setting next_dagrun for example_trigger_target_dag to None, run_after=None
[2025-11-09T21:10:14.551+0000] {processor.py:208} INFO - Processing /home/airflow/.local/lib/python3.12/site-packages/airflow/example_dags/example_trigger_target_dag.py took 0.184 seconds
[2025-11-09T21:10:44.783+0000] {processor.py:186} INFO - Started process (PID=426) to work on /home/airflow/.local/lib/python3.12/site-packages/airflow/example_dags/example_trigger_target_dag.py
[2025-11-09T21:10:44.786+0000] {processor.py:914} INFO - Processing file /home/airflow/.local/lib/python3.12/site-packages/airflow/example_dags/example_trigger_target_dag.py for tasks to queue
[2025-11-09T21:10:44.794+0000] {logging_mixin.py:190} INFO - [2025-11-09T21:10:44.793+0000] {dagbag.py:588} INFO - Filling up the DagBag from /home/airflow/.local/lib/python3.12/site-packages/airflow/example_dags/example_trigger_target_dag.py
[2025-11-09T21:10:44.833+0000] {processor.py:925} INFO - DAG(s) 'example_trigger_target_dag' retrieved from /home/airflow/.local/lib/python3.12/site-packages/airflow/example_dags/example_trigger_target_dag.py
[2025-11-09T21:10:44.899+0000] {logging_mixin.py:190} INFO - [2025-11-09T21:10:44.898+0000] {dag.py:3239} INFO - Sync 1 DAGs
[2025-11-09T21:10:44.942+0000] {logging_mixin.py:190} INFO - [2025-11-09T21:10:44.942+0000] {dag.py:4180} INFO - Setting next_dagrun for example_trigger_target_dag to None, run_after=None
[2025-11-09T21:10:44.993+0000] {processor.py:208} INFO - Processing /home/airflow/.local/lib/python3.12/site-packages/airflow/example_dags/example_trigger_target_dag.py took 0.229 seconds
[2025-11-09T21:11:16.046+0000] {processor.py:186} INFO - Started process (PID=491) to work on /home/airflow/.local/lib/python3.12/site-packages/airflow/example_dags/example_trigger_target_dag.py
[2025-11-09T21:11:16.049+0000] {processor.py:914} INFO - Processing file /home/airflow/.local/lib/python3.12/site-packages/airflow/example_dags/example_trigger_target_dag.py for tasks to queue
[2025-11-09T21:11:16.057+0000] {logging_mixin.py:190} INFO - [2025-11-09T21:11:16.055+0000] {dagbag.py:588} INFO - Filling up the DagBag from /home/airflow/.local/lib/python3.12/site-packages/airflow/example_dags/example_trigger_target_dag.py
[2025-11-09T21:11:16.080+0000] {processor.py:925} INFO - DAG(s) 'example_trigger_target_dag' retrieved from /home/airflow/.local/lib/python3.12/site-packages/airflow/example_dags/example_trigger_target_dag.py
[2025-11-09T21:11:16.160+0000] {logging_mixin.py:190} INFO - [2025-11-09T21:11:16.159+0000] {dag.py:3239} INFO - Sync 1 DAGs
[2025-11-09T21:11:16.200+0000] {logging_mixin.py:190} INFO - [2025-11-09T21:11:16.199+0000] {dag.py:4180} INFO - Setting next_dagrun for example_trigger_target_dag to None, run_after=None
[2025-11-09T21:11:16.258+0000] {processor.py:208} INFO - Processing /home/airflow/.local/lib/python3.12/site-packages/airflow/example_dags/example_trigger_target_dag.py took 0.232 seconds
[2025-11-09T21:11:47.776+0000] {processor.py:186} INFO - Started process (PID=561) to work on /home/airflow/.local/lib/python3.12/site-packages/airflow/example_dags/example_trigger_target_dag.py
[2025-11-09T21:11:47.780+0000] {processor.py:914} INFO - Processing file /home/airflow/.local/lib/python3.12/site-packages/airflow/example_dags/example_trigger_target_dag.py for tasks to queue
[2025-11-09T21:11:47.791+0000] {logging_mixin.py:190} INFO - [2025-11-09T21:11:47.789+0000] {dagbag.py:588} INFO - Filling up the DagBag from /home/airflow/.local/lib/python3.12/site-packages/airflow/example_dags/example_trigger_target_dag.py
[2025-11-09T21:11:47.824+0000] {processor.py:925} INFO - DAG(s) 'example_trigger_target_dag' retrieved from /home/airflow/.local/lib/python3.12/site-packages/airflow/example_dags/example_trigger_target_dag.py
[2025-11-09T21:11:47.888+0000] {logging_mixin.py:190} INFO - [2025-11-09T21:11:47.887+0000] {dag.py:3239} INFO - Sync 1 DAGs
[2025-11-09T21:11:47.930+0000] {logging_mixin.py:190} INFO - [2025-11-09T21:11:47.929+0000] {dag.py:4180} INFO - Setting next_dagrun for example_trigger_target_dag to None, run_after=None
[2025-11-09T21:11:47.988+0000] {processor.py:208} INFO - Processing /home/airflow/.local/lib/python3.12/site-packages/airflow/example_dags/example_trigger_target_dag.py took 0.238 seconds
[2025-11-09T21:12:18.464+0000] {processor.py:186} INFO - Started process (PID=625) to work on /home/airflow/.local/lib/python3.12/site-packages/airflow/example_dags/example_trigger_target_dag.py
[2025-11-09T21:12:18.466+0000] {processor.py:914} INFO - Processing file /home/airflow/.local/lib/python3.12/site-packages/airflow/example_dags/example_trigger_target_dag.py for tasks to queue
[2025-11-09T21:12:18.472+0000] {logging_mixin.py:190} INFO - [2025-11-09T21:12:18.471+0000] {dagbag.py:588} INFO - Filling up the DagBag from /home/airflow/.local/lib/python3.12/site-packages/airflow/example_dags/example_trigger_target_dag.py
[2025-11-09T21:12:18.491+0000] {processor.py:925} INFO - DAG(s) 'example_trigger_target_dag' retrieved from /home/airflow/.local/lib/python3.12/site-packages/airflow/example_dags/example_trigger_target_dag.py
[2025-11-09T21:12:18.533+0000] {logging_mixin.py:190} INFO - [2025-11-09T21:12:18.533+0000] {dag.py:3239} INFO - Sync 1 DAGs
[2025-11-09T21:12:18.580+0000] {logging_mixin.py:190} INFO - [2025-11-09T21:12:18.579+0000] {dag.py:4180} INFO - Setting next_dagrun for example_trigger_target_dag to None, run_after=None
[2025-11-09T21:12:18.630+0000] {processor.py:208} INFO - Processing /home/airflow/.local/lib/python3.12/site-packages/airflow/example_dags/example_trigger_target_dag.py took 0.178 seconds
[2025-11-09T21:12:49.001+0000] {processor.py:186} INFO - Started process (PID=688) to work on /home/airflow/.local/lib/python3.12/site-packages/airflow/example_dags/example_trigger_target_dag.py
[2025-11-09T21:12:49.004+0000] {processor.py:914} INFO - Processing file /home/airflow/.local/lib/python3.12/site-packages/airflow/example_dags/example_trigger_target_dag.py for tasks to queue
[2025-11-09T21:12:49.011+0000] {logging_mixin.py:190} INFO - [2025-11-09T21:12:49.010+0000] {dagbag.py:588} INFO - Filling up the DagBag from /home/airflow/.local/lib/python3.12/site-packages/airflow/example_dags/example_trigger_target_dag.py
[2025-11-09T21:12:49.033+0000] {processor.py:925} INFO - DAG(s) 'example_trigger_target_dag' retrieved from /home/airflow/.local/lib/python3.12/site-packages/airflow/example_dags/example_trigger_target_dag.py
[2025-11-09T21:12:49.082+0000] {logging_mixin.py:190} INFO - [2025-11-09T21:12:49.081+0000] {dag.py:3239} INFO - Sync 1 DAGs
[2025-11-09T21:12:49.113+0000] {logging_mixin.py:190} INFO - [2025-11-09T21:12:49.113+0000] {dag.py:4180} INFO - Setting next_dagrun for example_trigger_target_dag to None, run_after=None
[2025-11-09T21:12:49.151+0000] {processor.py:208} INFO - Processing /home/airflow/.local/lib/python3.12/site-packages/airflow/example_dags/example_trigger_target_dag.py took 0.169 seconds
[2025-11-09T21:13:19.282+0000] {processor.py:186} INFO - Started process (PID=752) to work on /home/airflow/.local/lib/python3.12/site-packages/airflow/example_dags/example_trigger_target_dag.py
[2025-11-09T21:13:19.284+0000] {processor.py:914} INFO - Processing file /home/airflow/.local/lib/python3.12/site-packages/airflow/example_dags/example_trigger_target_dag.py for tasks to queue
[2025-11-09T21:13:19.290+0000] {logging_mixin.py:190} INFO - [2025-11-09T21:13:19.289+0000] {dagbag.py:588} INFO - Filling up the DagBag from /home/airflow/.local/lib/python3.12/site-packages/airflow/example_dags/example_trigger_target_dag.py
[2025-11-09T21:13:19.312+0000] {processor.py:925} INFO - DAG(s) 'example_trigger_target_dag' retrieved from /home/airflow/.local/lib/python3.12/site-packages/airflow/example_dags/example_trigger_target_dag.py
[2025-11-09T21:13:19.356+0000] {logging_mixin.py:190} INFO - [2025-11-09T21:13:19.356+0000] {dag.py:3239} INFO - Sync 1 DAGs
[2025-11-09T21:13:19.422+0000] {logging_mixin.py:190} INFO - [2025-11-09T21:13:19.422+0000] {dag.py:4180} INFO - Setting next_dagrun for example_trigger_target_dag to None, run_after=None
[2025-11-09T21:13:19.534+0000] {processor.py:208} INFO - Processing /home/airflow/.local/lib/python3.12/site-packages/airflow/example_dags/example_trigger_target_dag.py took 0.266 seconds
[2025-11-09T21:13:51.741+0000] {processor.py:186} INFO - Started process (PID=816) to work on /home/airflow/.local/lib/python3.12/site-packages/airflow/example_dags/example_trigger_target_dag.py
[2025-11-09T21:13:51.747+0000] {processor.py:914} INFO - Processing file /home/airflow/.local/lib/python3.12/site-packages/airflow/example_dags/example_trigger_target_dag.py for tasks to queue
[2025-11-09T21:13:51.757+0000] {logging_mixin.py:190} INFO - [2025-11-09T21:13:51.755+0000] {dagbag.py:588} INFO - Filling up the DagBag from /home/airflow/.local/lib/python3.12/site-packages/airflow/example_dags/example_trigger_target_dag.py
[2025-11-09T21:13:51.786+0000] {processor.py:925} INFO - DAG(s) 'example_trigger_target_dag' retrieved from /home/airflow/.local/lib/python3.12/site-packages/airflow/example_dags/example_trigger_target_dag.py
[2025-11-09T21:13:51.851+0000] {logging_mixin.py:190} INFO - [2025-11-09T21:13:51.850+0000] {dag.py:3239} INFO - Sync 1 DAGs
[2025-11-09T21:13:51.916+0000] {logging_mixin.py:190} INFO - [2025-11-09T21:13:51.916+0000] {dag.py:4180} INFO - Setting next_dagrun for example_trigger_target_dag to None, run_after=None
[2025-11-09T21:13:51.978+0000] {processor.py:208} INFO - Processing /home/airflow/.local/lib/python3.12/site-packages/airflow/example_dags/example_trigger_target_dag.py took 0.256 seconds
[2025-11-09T21:14:23.025+0000] {processor.py:186} INFO - Started process (PID=879) to work on /home/airflow/.local/lib/python3.12/site-packages/airflow/example_dags/example_trigger_target_dag.py
[2025-11-09T21:14:23.029+0000] {processor.py:914} INFO - Processing file /home/airflow/.local/lib/python3.12/site-packages/airflow/example_dags/example_trigger_target_dag.py for tasks to queue
[2025-11-09T21:14:23.042+0000] {logging_mixin.py:190} INFO - [2025-11-09T21:14:23.040+0000] {dagbag.py:588} INFO - Filling up the DagBag from /home/airflow/.local/lib/python3.12/site-packages/airflow/example_dags/example_trigger_target_dag.py
[2025-11-09T21:14:23.086+0000] {processor.py:925} INFO - DAG(s) 'example_trigger_target_dag' retrieved from /home/airflow/.local/lib/python3.12/site-packages/airflow/example_dags/example_trigger_target_dag.py
[2025-11-09T21:14:23.160+0000] {logging_mixin.py:190} INFO - [2025-11-09T21:14:23.159+0000] {dag.py:3239} INFO - Sync 1 DAGs
[2025-11-09T21:14:23.219+0000] {logging_mixin.py:190} INFO - [2025-11-09T21:14:23.218+0000] {dag.py:4180} INFO - Setting next_dagrun for example_trigger_target_dag to None, run_after=None
[2025-11-09T21:14:23.295+0000] {processor.py:208} INFO - Processing /home/airflow/.local/lib/python3.12/site-packages/airflow/example_dags/example_trigger_target_dag.py took 0.291 seconds
[2025-11-09T21:14:53.431+0000] {processor.py:186} INFO - Started process (PID=941) to work on /home/airflow/.local/lib/python3.12/site-packages/airflow/example_dags/example_trigger_target_dag.py
[2025-11-09T21:14:53.434+0000] {processor.py:914} INFO - Processing file /home/airflow/.local/lib/python3.12/site-packages/airflow/example_dags/example_trigger_target_dag.py for tasks to queue
[2025-11-09T21:14:53.440+0000] {logging_mixin.py:190} INFO - [2025-11-09T21:14:53.439+0000] {dagbag.py:588} INFO - Filling up the DagBag from /home/airflow/.local/lib/python3.12/site-packages/airflow/example_dags/example_trigger_target_dag.py
[2025-11-09T21:14:53.456+0000] {processor.py:925} INFO - DAG(s) 'example_trigger_target_dag' retrieved from /home/airflow/.local/lib/python3.12/site-packages/airflow/example_dags/example_trigger_target_dag.py
[2025-11-09T21:14:53.500+0000] {logging_mixin.py:190} INFO - [2025-11-09T21:14:53.499+0000] {dag.py:3239} INFO - Sync 1 DAGs
[2025-11-09T21:14:53.529+0000] {logging_mixin.py:190} INFO - [2025-11-09T21:14:53.528+0000] {dag.py:4180} INFO - Setting next_dagrun for example_trigger_target_dag to None, run_after=None
[2025-11-09T21:14:53.564+0000] {processor.py:208} INFO - Processing /home/airflow/.local/lib/python3.12/site-packages/airflow/example_dags/example_trigger_target_dag.py took 0.146 seconds
[2025-11-09T21:15:23.899+0000] {processor.py:186} INFO - Started process (PID=1005) to work on /home/airflow/.local/lib/python3.12/site-packages/airflow/example_dags/example_trigger_target_dag.py
[2025-11-09T21:15:23.901+0000] {processor.py:914} INFO - Processing file /home/airflow/.local/lib/python3.12/site-packages/airflow/example_dags/example_trigger_target_dag.py for tasks to queue
[2025-11-09T21:15:23.905+0000] {logging_mixin.py:190} INFO - [2025-11-09T21:15:23.904+0000] {dagbag.py:588} INFO - Filling up the DagBag from /home/airflow/.local/lib/python3.12/site-packages/airflow/example_dags/example_trigger_target_dag.py
[2025-11-09T21:15:23.916+0000] {processor.py:925} INFO - DAG(s) 'example_trigger_target_dag' retrieved from /home/airflow/.local/lib/python3.12/site-packages/airflow/example_dags/example_trigger_target_dag.py
[2025-11-09T21:15:23.950+0000] {logging_mixin.py:190} INFO - [2025-11-09T21:15:23.950+0000] {dag.py:3239} INFO - Sync 1 DAGs
[2025-11-09T21:15:23.974+0000] {logging_mixin.py:190} INFO - [2025-11-09T21:15:23.973+0000] {dag.py:4180} INFO - Setting next_dagrun for example_trigger_target_dag to None, run_after=None
[2025-11-09T21:15:24.003+0000] {processor.py:208} INFO - Processing /home/airflow/.local/lib/python3.12/site-packages/airflow/example_dags/example_trigger_target_dag.py took 0.113 seconds
[2025-11-09T21:15:54.450+0000] {processor.py:186} INFO - Started process (PID=1070) to work on /home/airflow/.local/lib/python3.12/site-packages/airflow/example_dags/example_trigger_target_dag.py
[2025-11-09T21:15:54.452+0000] {processor.py:914} INFO - Processing file /home/airflow/.local/lib/python3.12/site-packages/airflow/example_dags/example_trigger_target_dag.py for tasks to queue
[2025-11-09T21:15:54.457+0000] {logging_mixin.py:190} INFO - [2025-11-09T21:15:54.457+0000] {dagbag.py:588} INFO - Filling up the DagBag from /home/airflow/.local/lib/python3.12/site-packages/airflow/example_dags/example_trigger_target_dag.py
[2025-11-09T21:15:54.473+0000] {processor.py:925} INFO - DAG(s) 'example_trigger_target_dag' retrieved from /home/airflow/.local/lib/python3.12/site-packages/airflow/example_dags/example_trigger_target_dag.py
[2025-11-09T21:15:54.509+0000] {logging_mixin.py:190} INFO - [2025-11-09T21:15:54.509+0000] {dag.py:3239} INFO - Sync 1 DAGs
[2025-11-09T21:15:54.535+0000] {logging_mixin.py:190} INFO - [2025-11-09T21:15:54.535+0000] {dag.py:4180} INFO - Setting next_dagrun for example_trigger_target_dag to None, run_after=None
[2025-11-09T21:15:54.570+0000] {processor.py:208} INFO - Processing /home/airflow/.local/lib/python3.12/site-packages/airflow/example_dags/example_trigger_target_dag.py took 0.133 seconds
[2025-11-09T21:16:26.031+0000] {processor.py:186} INFO - Started process (PID=1134) to work on /home/airflow/.local/lib/python3.12/site-packages/airflow/example_dags/example_trigger_target_dag.py
[2025-11-09T21:16:26.033+0000] {processor.py:914} INFO - Processing file /home/airflow/.local/lib/python3.12/site-packages/airflow/example_dags/example_trigger_target_dag.py for tasks to queue
[2025-11-09T21:16:26.038+0000] {logging_mixin.py:190} INFO - [2025-11-09T21:16:26.037+0000] {dagbag.py:588} INFO - Filling up the DagBag from /home/airflow/.local/lib/python3.12/site-packages/airflow/example_dags/example_trigger_target_dag.py
[2025-11-09T21:16:26.050+0000] {processor.py:925} INFO - DAG(s) 'example_trigger_target_dag' retrieved from /home/airflow/.local/lib/python3.12/site-packages/airflow/example_dags/example_trigger_target_dag.py
[2025-11-09T21:16:26.087+0000] {logging_mixin.py:190} INFO - [2025-11-09T21:16:26.087+0000] {dag.py:3239} INFO - Sync 1 DAGs
[2025-11-09T21:16:26.113+0000] {logging_mixin.py:190} INFO - [2025-11-09T21:16:26.113+0000] {dag.py:4180} INFO - Setting next_dagrun for example_trigger_target_dag to None, run_after=None
[2025-11-09T21:16:26.146+0000] {processor.py:208} INFO - Processing /home/airflow/.local/lib/python3.12/site-packages/airflow/example_dags/example_trigger_target_dag.py took 0.128 seconds
[2025-11-09T21:16:56.686+0000] {processor.py:186} INFO - Started process (PID=1197) to work on /home/airflow/.local/lib/python3.12/site-packages/airflow/example_dags/example_trigger_target_dag.py
[2025-11-09T21:16:56.688+0000] {processor.py:914} INFO - Processing file /home/airflow/.local/lib/python3.12/site-packages/airflow/example_dags/example_trigger_target_dag.py for tasks to queue
[2025-11-09T21:16:56.693+0000] {logging_mixin.py:190} INFO - [2025-11-09T21:16:56.692+0000] {dagbag.py:588} INFO - Filling up the DagBag from /home/airflow/.local/lib/python3.12/site-packages/airflow/example_dags/example_trigger_target_dag.py
[2025-11-09T21:16:56.706+0000] {processor.py:925} INFO - DAG(s) 'example_trigger_target_dag' retrieved from /home/airflow/.local/lib/python3.12/site-packages/airflow/example_dags/example_trigger_target_dag.py
[2025-11-09T21:16:56.740+0000] {logging_mixin.py:190} INFO - [2025-11-09T21:16:56.740+0000] {dag.py:3239} INFO - Sync 1 DAGs
[2025-11-09T21:16:56.769+0000] {logging_mixin.py:190} INFO - [2025-11-09T21:16:56.768+0000] {dag.py:4180} INFO - Setting next_dagrun for example_trigger_target_dag to None, run_after=None
[2025-11-09T21:16:56.802+0000] {processor.py:208} INFO - Processing /home/airflow/.local/lib/python3.12/site-packages/airflow/example_dags/example_trigger_target_dag.py took 0.126 seconds
[2025-11-09T21:17:28.152+0000] {processor.py:186} INFO - Started process (PID=1261) to work on /home/airflow/.local/lib/python3.12/site-packages/airflow/example_dags/example_trigger_target_dag.py
[2025-11-09T21:17:28.155+0000] {processor.py:914} INFO - Processing file /home/airflow/.local/lib/python3.12/site-packages/airflow/example_dags/example_trigger_target_dag.py for tasks to queue
[2025-11-09T21:17:28.165+0000] {logging_mixin.py:190} INFO - [2025-11-09T21:17:28.163+0000] {dagbag.py:588} INFO - Filling up the DagBag from /home/airflow/.local/lib/python3.12/site-packages/airflow/example_dags/example_trigger_target_dag.py
[2025-11-09T21:17:28.192+0000] {processor.py:925} INFO - DAG(s) 'example_trigger_target_dag' retrieved from /home/airflow/.local/lib/python3.12/site-packages/airflow/example_dags/example_trigger_target_dag.py
[2025-11-09T21:17:28.247+0000] {logging_mixin.py:190} INFO - [2025-11-09T21:17:28.246+0000] {dag.py:3239} INFO - Sync 1 DAGs
[2025-11-09T21:17:28.287+0000] {logging_mixin.py:190} INFO - [2025-11-09T21:17:28.286+0000] {dag.py:4180} INFO - Setting next_dagrun for example_trigger_target_dag to None, run_after=None
[2025-11-09T21:17:28.343+0000] {processor.py:208} INFO - Processing /home/airflow/.local/lib/python3.12/site-packages/airflow/example_dags/example_trigger_target_dag.py took 0.213 seconds
[2025-11-09T21:17:58.511+0000] {processor.py:186} INFO - Started process (PID=1324) to work on /home/airflow/.local/lib/python3.12/site-packages/airflow/example_dags/example_trigger_target_dag.py
[2025-11-09T21:17:58.513+0000] {processor.py:914} INFO - Processing file /home/airflow/.local/lib/python3.12/site-packages/airflow/example_dags/example_trigger_target_dag.py for tasks to queue
[2025-11-09T21:17:58.518+0000] {logging_mixin.py:190} INFO - [2025-11-09T21:17:58.517+0000] {dagbag.py:588} INFO - Filling up the DagBag from /home/airflow/.local/lib/python3.12/site-packages/airflow/example_dags/example_trigger_target_dag.py
[2025-11-09T21:17:58.531+0000] {processor.py:925} INFO - DAG(s) 'example_trigger_target_dag' retrieved from /home/airflow/.local/lib/python3.12/site-packages/airflow/example_dags/example_trigger_target_dag.py
[2025-11-09T21:17:58.570+0000] {logging_mixin.py:190} INFO - [2025-11-09T21:17:58.570+0000] {dag.py:3239} INFO - Sync 1 DAGs
[2025-11-09T21:17:58.594+0000] {logging_mixin.py:190} INFO - [2025-11-09T21:17:58.594+0000] {dag.py:4180} INFO - Setting next_dagrun for example_trigger_target_dag to None, run_after=None
[2025-11-09T21:17:58.628+0000] {processor.py:208} INFO - Processing /home/airflow/.local/lib/python3.12/site-packages/airflow/example_dags/example_trigger_target_dag.py took 0.127 seconds
[2025-11-09T21:18:29.518+0000] {processor.py:186} INFO - Started process (PID=1388) to work on /home/airflow/.local/lib/python3.12/site-packages/airflow/example_dags/example_trigger_target_dag.py
[2025-11-09T21:18:29.520+0000] {processor.py:914} INFO - Processing file /home/airflow/.local/lib/python3.12/site-packages/airflow/example_dags/example_trigger_target_dag.py for tasks to queue
[2025-11-09T21:18:29.528+0000] {logging_mixin.py:190} INFO - [2025-11-09T21:18:29.527+0000] {dagbag.py:588} INFO - Filling up the DagBag from /home/airflow/.local/lib/python3.12/site-packages/airflow/example_dags/example_trigger_target_dag.py
[2025-11-09T21:18:29.547+0000] {processor.py:925} INFO - DAG(s) 'example_trigger_target_dag' retrieved from /home/airflow/.local/lib/python3.12/site-packages/airflow/example_dags/example_trigger_target_dag.py
[2025-11-09T21:18:29.602+0000] {logging_mixin.py:190} INFO - [2025-11-09T21:18:29.601+0000] {dag.py:3239} INFO - Sync 1 DAGs
[2025-11-09T21:18:29.647+0000] {logging_mixin.py:190} INFO - [2025-11-09T21:18:29.646+0000] {dag.py:4180} INFO - Setting next_dagrun for example_trigger_target_dag to None, run_after=None
[2025-11-09T21:18:29.697+0000] {processor.py:208} INFO - Processing /home/airflow/.local/lib/python3.12/site-packages/airflow/example_dags/example_trigger_target_dag.py took 0.195 seconds
[2025-11-09T21:19:00.575+0000] {processor.py:186} INFO - Started process (PID=1452) to work on /home/airflow/.local/lib/python3.12/site-packages/airflow/example_dags/example_trigger_target_dag.py
[2025-11-09T21:19:00.579+0000] {processor.py:914} INFO - Processing file /home/airflow/.local/lib/python3.12/site-packages/airflow/example_dags/example_trigger_target_dag.py for tasks to queue
[2025-11-09T21:19:00.592+0000] {logging_mixin.py:190} INFO - [2025-11-09T21:19:00.590+0000] {dagbag.py:588} INFO - Filling up the DagBag from /home/airflow/.local/lib/python3.12/site-packages/airflow/example_dags/example_trigger_target_dag.py
[2025-11-09T21:19:00.613+0000] {processor.py:925} INFO - DAG(s) 'example_trigger_target_dag' retrieved from /home/airflow/.local/lib/python3.12/site-packages/airflow/example_dags/example_trigger_target_dag.py
[2025-11-09T21:19:00.669+0000] {logging_mixin.py:190} INFO - [2025-11-09T21:19:00.668+0000] {dag.py:3239} INFO - Sync 1 DAGs
[2025-11-09T21:19:00.721+0000] {logging_mixin.py:190} INFO - [2025-11-09T21:19:00.721+0000] {dag.py:4180} INFO - Setting next_dagrun for example_trigger_target_dag to None, run_after=None
[2025-11-09T21:19:00.762+0000] {processor.py:208} INFO - Processing /home/airflow/.local/lib/python3.12/site-packages/airflow/example_dags/example_trigger_target_dag.py took 0.212 seconds
[2025-11-09T21:19:31.404+0000] {processor.py:186} INFO - Started process (PID=1516) to work on /home/airflow/.local/lib/python3.12/site-packages/airflow/example_dags/example_trigger_target_dag.py
[2025-11-09T21:19:31.407+0000] {processor.py:914} INFO - Processing file /home/airflow/.local/lib/python3.12/site-packages/airflow/example_dags/example_trigger_target_dag.py for tasks to queue
[2025-11-09T21:19:31.418+0000] {logging_mixin.py:190} INFO - [2025-11-09T21:19:31.417+0000] {dagbag.py:588} INFO - Filling up the DagBag from /home/airflow/.local/lib/python3.12/site-packages/airflow/example_dags/example_trigger_target_dag.py
[2025-11-09T21:19:31.508+0000] {processor.py:925} INFO - DAG(s) 'example_trigger_target_dag' retrieved from /home/airflow/.local/lib/python3.12/site-packages/airflow/example_dags/example_trigger_target_dag.py
[2025-11-09T21:19:31.637+0000] {logging_mixin.py:190} INFO - [2025-11-09T21:19:31.636+0000] {dag.py:3239} INFO - Sync 1 DAGs
[2025-11-09T21:19:31.716+0000] {logging_mixin.py:190} INFO - [2025-11-09T21:19:31.715+0000] {dag.py:4180} INFO - Setting next_dagrun for example_trigger_target_dag to None, run_after=None
[2025-11-09T21:19:31.801+0000] {processor.py:208} INFO - Processing /home/airflow/.local/lib/python3.12/site-packages/airflow/example_dags/example_trigger_target_dag.py took 0.418 seconds
[2025-11-09T21:20:02.275+0000] {processor.py:186} INFO - Started process (PID=1579) to work on /home/airflow/.local/lib/python3.12/site-packages/airflow/example_dags/example_trigger_target_dag.py
[2025-11-09T21:20:02.279+0000] {processor.py:914} INFO - Processing file /home/airflow/.local/lib/python3.12/site-packages/airflow/example_dags/example_trigger_target_dag.py for tasks to queue
[2025-11-09T21:20:02.295+0000] {logging_mixin.py:190} INFO - [2025-11-09T21:20:02.294+0000] {dagbag.py:588} INFO - Filling up the DagBag from /home/airflow/.local/lib/python3.12/site-packages/airflow/example_dags/example_trigger_target_dag.py
[2025-11-09T21:20:02.340+0000] {processor.py:925} INFO - DAG(s) 'example_trigger_target_dag' retrieved from /home/airflow/.local/lib/python3.12/site-packages/airflow/example_dags/example_trigger_target_dag.py
[2025-11-09T21:20:02.409+0000] {logging_mixin.py:190} INFO - [2025-11-09T21:20:02.408+0000] {dag.py:3239} INFO - Sync 1 DAGs
[2025-11-09T21:20:02.458+0000] {logging_mixin.py:190} INFO - [2025-11-09T21:20:02.457+0000] {dag.py:4180} INFO - Setting next_dagrun for example_trigger_target_dag to None, run_after=None
[2025-11-09T21:20:02.516+0000] {processor.py:208} INFO - Processing /home/airflow/.local/lib/python3.12/site-packages/airflow/example_dags/example_trigger_target_dag.py took 0.277 seconds
[2025-11-09T21:20:32.711+0000] {processor.py:186} INFO - Started process (PID=1643) to work on /home/airflow/.local/lib/python3.12/site-packages/airflow/example_dags/example_trigger_target_dag.py
[2025-11-09T21:20:32.714+0000] {processor.py:914} INFO - Processing file /home/airflow/.local/lib/python3.12/site-packages/airflow/example_dags/example_trigger_target_dag.py for tasks to queue
[2025-11-09T21:20:32.719+0000] {logging_mixin.py:190} INFO - [2025-11-09T21:20:32.718+0000] {dagbag.py:588} INFO - Filling up the DagBag from /home/airflow/.local/lib/python3.12/site-packages/airflow/example_dags/example_trigger_target_dag.py
[2025-11-09T21:20:32.736+0000] {processor.py:925} INFO - DAG(s) 'example_trigger_target_dag' retrieved from /home/airflow/.local/lib/python3.12/site-packages/airflow/example_dags/example_trigger_target_dag.py
[2025-11-09T21:20:32.776+0000] {logging_mixin.py:190} INFO - [2025-11-09T21:20:32.776+0000] {dag.py:3239} INFO - Sync 1 DAGs
[2025-11-09T21:20:32.802+0000] {logging_mixin.py:190} INFO - [2025-11-09T21:20:32.802+0000] {dag.py:4180} INFO - Setting next_dagrun for example_trigger_target_dag to None, run_after=None
[2025-11-09T21:20:32.837+0000] {processor.py:208} INFO - Processing /home/airflow/.local/lib/python3.12/site-packages/airflow/example_dags/example_trigger_target_dag.py took 0.139 seconds
[2025-11-09T21:21:04.783+0000] {processor.py:186} INFO - Started process (PID=1707) to work on /home/airflow/.local/lib/python3.12/site-packages/airflow/example_dags/example_trigger_target_dag.py
[2025-11-09T21:21:04.786+0000] {processor.py:914} INFO - Processing file /home/airflow/.local/lib/python3.12/site-packages/airflow/example_dags/example_trigger_target_dag.py for tasks to queue
[2025-11-09T21:21:04.794+0000] {logging_mixin.py:190} INFO - [2025-11-09T21:21:04.793+0000] {dagbag.py:588} INFO - Filling up the DagBag from /home/airflow/.local/lib/python3.12/site-packages/airflow/example_dags/example_trigger_target_dag.py
[2025-11-09T21:21:04.823+0000] {processor.py:925} INFO - DAG(s) 'example_trigger_target_dag' retrieved from /home/airflow/.local/lib/python3.12/site-packages/airflow/example_dags/example_trigger_target_dag.py
[2025-11-09T21:21:04.898+0000] {logging_mixin.py:190} INFO - [2025-11-09T21:21:04.897+0000] {dag.py:3239} INFO - Sync 1 DAGs
[2025-11-09T21:21:04.942+0000] {logging_mixin.py:190} INFO - [2025-11-09T21:21:04.942+0000] {dag.py:4180} INFO - Setting next_dagrun for example_trigger_target_dag to None, run_after=None
[2025-11-09T21:21:05.058+0000] {processor.py:208} INFO - Processing /home/airflow/.local/lib/python3.12/site-packages/airflow/example_dags/example_trigger_target_dag.py took 0.299 seconds
[2025-11-09T21:21:35.585+0000] {processor.py:186} INFO - Started process (PID=1772) to work on /home/airflow/.local/lib/python3.12/site-packages/airflow/example_dags/example_trigger_target_dag.py
[2025-11-09T21:21:35.587+0000] {processor.py:914} INFO - Processing file /home/airflow/.local/lib/python3.12/site-packages/airflow/example_dags/example_trigger_target_dag.py for tasks to queue
[2025-11-09T21:21:35.593+0000] {logging_mixin.py:190} INFO - [2025-11-09T21:21:35.593+0000] {dagbag.py:588} INFO - Filling up the DagBag from /home/airflow/.local/lib/python3.12/site-packages/airflow/example_dags/example_trigger_target_dag.py
[2025-11-09T21:21:35.622+0000] {processor.py:925} INFO - DAG(s) 'example_trigger_target_dag' retrieved from /home/airflow/.local/lib/python3.12/site-packages/airflow/example_dags/example_trigger_target_dag.py
[2025-11-09T21:21:35.669+0000] {logging_mixin.py:190} INFO - [2025-11-09T21:21:35.669+0000] {dag.py:3239} INFO - Sync 1 DAGs
[2025-11-09T21:21:35.701+0000] {logging_mixin.py:190} INFO - [2025-11-09T21:21:35.700+0000] {dag.py:4180} INFO - Setting next_dagrun for example_trigger_target_dag to None, run_after=None
[2025-11-09T21:21:35.741+0000] {processor.py:208} INFO - Processing /home/airflow/.local/lib/python3.12/site-packages/airflow/example_dags/example_trigger_target_dag.py took 0.171 seconds
[2025-11-09T21:22:06.350+0000] {processor.py:186} INFO - Started process (PID=1836) to work on /home/airflow/.local/lib/python3.12/site-packages/airflow/example_dags/example_trigger_target_dag.py
[2025-11-09T21:22:06.352+0000] {processor.py:914} INFO - Processing file /home/airflow/.local/lib/python3.12/site-packages/airflow/example_dags/example_trigger_target_dag.py for tasks to queue
[2025-11-09T21:22:06.356+0000] {logging_mixin.py:190} INFO - [2025-11-09T21:22:06.356+0000] {dagbag.py:588} INFO - Filling up the DagBag from /home/airflow/.local/lib/python3.12/site-packages/airflow/example_dags/example_trigger_target_dag.py
[2025-11-09T21:22:06.374+0000] {processor.py:925} INFO - DAG(s) 'example_trigger_target_dag' retrieved from /home/airflow/.local/lib/python3.12/site-packages/airflow/example_dags/example_trigger_target_dag.py
[2025-11-09T21:22:06.409+0000] {logging_mixin.py:190} INFO - [2025-11-09T21:22:06.409+0000] {dag.py:3239} INFO - Sync 1 DAGs
[2025-11-09T21:22:06.430+0000] {logging_mixin.py:190} INFO - [2025-11-09T21:22:06.430+0000] {dag.py:4180} INFO - Setting next_dagrun for example_trigger_target_dag to None, run_after=None
[2025-11-09T21:22:06.461+0000] {processor.py:208} INFO - Processing /home/airflow/.local/lib/python3.12/site-packages/airflow/example_dags/example_trigger_target_dag.py took 0.124 seconds
[2025-11-09T21:22:37.519+0000] {processor.py:186} INFO - Started process (PID=1901) to work on /home/airflow/.local/lib/python3.12/site-packages/airflow/example_dags/example_trigger_target_dag.py
[2025-11-09T21:22:37.521+0000] {processor.py:914} INFO - Processing file /home/airflow/.local/lib/python3.12/site-packages/airflow/example_dags/example_trigger_target_dag.py for tasks to queue
[2025-11-09T21:22:37.525+0000] {logging_mixin.py:190} INFO - [2025-11-09T21:22:37.524+0000] {dagbag.py:588} INFO - Filling up the DagBag from /home/airflow/.local/lib/python3.12/site-packages/airflow/example_dags/example_trigger_target_dag.py
[2025-11-09T21:22:37.541+0000] {processor.py:925} INFO - DAG(s) 'example_trigger_target_dag' retrieved from /home/airflow/.local/lib/python3.12/site-packages/airflow/example_dags/example_trigger_target_dag.py
[2025-11-09T21:22:37.577+0000] {logging_mixin.py:190} INFO - [2025-11-09T21:22:37.576+0000] {dag.py:3239} INFO - Sync 1 DAGs
[2025-11-09T21:22:37.599+0000] {logging_mixin.py:190} INFO - [2025-11-09T21:22:37.599+0000] {dag.py:4180} INFO - Setting next_dagrun for example_trigger_target_dag to None, run_after=None
[2025-11-09T21:22:37.628+0000] {processor.py:208} INFO - Processing /home/airflow/.local/lib/python3.12/site-packages/airflow/example_dags/example_trigger_target_dag.py took 0.122 seconds
[2025-11-09T21:23:08.001+0000] {processor.py:186} INFO - Started process (PID=1964) to work on /home/airflow/.local/lib/python3.12/site-packages/airflow/example_dags/example_trigger_target_dag.py
[2025-11-09T21:23:08.003+0000] {processor.py:914} INFO - Processing file /home/airflow/.local/lib/python3.12/site-packages/airflow/example_dags/example_trigger_target_dag.py for tasks to queue
[2025-11-09T21:23:08.008+0000] {logging_mixin.py:190} INFO - [2025-11-09T21:23:08.007+0000] {dagbag.py:588} INFO - Filling up the DagBag from /home/airflow/.local/lib/python3.12/site-packages/airflow/example_dags/example_trigger_target_dag.py
[2025-11-09T21:23:08.021+0000] {processor.py:925} INFO - DAG(s) 'example_trigger_target_dag' retrieved from /home/airflow/.local/lib/python3.12/site-packages/airflow/example_dags/example_trigger_target_dag.py
[2025-11-09T21:23:08.058+0000] {logging_mixin.py:190} INFO - [2025-11-09T21:23:08.058+0000] {dag.py:3239} INFO - Sync 1 DAGs
[2025-11-09T21:23:08.111+0000] {logging_mixin.py:190} INFO - [2025-11-09T21:23:08.110+0000] {dag.py:4180} INFO - Setting next_dagrun for example_trigger_target_dag to None, run_after=None
[2025-11-09T21:23:08.171+0000] {processor.py:208} INFO - Processing /home/airflow/.local/lib/python3.12/site-packages/airflow/example_dags/example_trigger_target_dag.py took 0.181 seconds
[2025-11-09T21:23:38.325+0000] {processor.py:186} INFO - Started process (PID=2028) to work on /home/airflow/.local/lib/python3.12/site-packages/airflow/example_dags/example_trigger_target_dag.py
[2025-11-09T21:23:38.328+0000] {processor.py:914} INFO - Processing file /home/airflow/.local/lib/python3.12/site-packages/airflow/example_dags/example_trigger_target_dag.py for tasks to queue
[2025-11-09T21:23:38.338+0000] {logging_mixin.py:190} INFO - [2025-11-09T21:23:38.336+0000] {dagbag.py:588} INFO - Filling up the DagBag from /home/airflow/.local/lib/python3.12/site-packages/airflow/example_dags/example_trigger_target_dag.py
[2025-11-09T21:23:38.372+0000] {processor.py:925} INFO - DAG(s) 'example_trigger_target_dag' retrieved from /home/airflow/.local/lib/python3.12/site-packages/airflow/example_dags/example_trigger_target_dag.py
[2025-11-09T21:23:38.454+0000] {logging_mixin.py:190} INFO - [2025-11-09T21:23:38.453+0000] {dag.py:3239} INFO - Sync 1 DAGs
[2025-11-09T21:23:38.509+0000] {logging_mixin.py:190} INFO - [2025-11-09T21:23:38.508+0000] {dag.py:4180} INFO - Setting next_dagrun for example_trigger_target_dag to None, run_after=None
[2025-11-09T21:23:38.569+0000] {processor.py:208} INFO - Processing /home/airflow/.local/lib/python3.12/site-packages/airflow/example_dags/example_trigger_target_dag.py took 0.264 seconds
[2025-11-09T21:24:09.193+0000] {processor.py:186} INFO - Started process (PID=2092) to work on /home/airflow/.local/lib/python3.12/site-packages/airflow/example_dags/example_trigger_target_dag.py
[2025-11-09T21:24:09.196+0000] {processor.py:914} INFO - Processing file /home/airflow/.local/lib/python3.12/site-packages/airflow/example_dags/example_trigger_target_dag.py for tasks to queue
[2025-11-09T21:24:09.203+0000] {logging_mixin.py:190} INFO - [2025-11-09T21:24:09.202+0000] {dagbag.py:588} INFO - Filling up the DagBag from /home/airflow/.local/lib/python3.12/site-packages/airflow/example_dags/example_trigger_target_dag.py
[2025-11-09T21:24:09.223+0000] {processor.py:925} INFO - DAG(s) 'example_trigger_target_dag' retrieved from /home/airflow/.local/lib/python3.12/site-packages/airflow/example_dags/example_trigger_target_dag.py
[2025-11-09T21:24:09.272+0000] {logging_mixin.py:190} INFO - [2025-11-09T21:24:09.271+0000] {dag.py:3239} INFO - Sync 1 DAGs
[2025-11-09T21:24:09.309+0000] {logging_mixin.py:190} INFO - [2025-11-09T21:24:09.309+0000] {dag.py:4180} INFO - Setting next_dagrun for example_trigger_target_dag to None, run_after=None
[2025-11-09T21:24:09.353+0000] {processor.py:208} INFO - Processing /home/airflow/.local/lib/python3.12/site-packages/airflow/example_dags/example_trigger_target_dag.py took 0.176 seconds
[2025-11-09T21:24:39.729+0000] {processor.py:186} INFO - Started process (PID=2156) to work on /home/airflow/.local/lib/python3.12/site-packages/airflow/example_dags/example_trigger_target_dag.py
[2025-11-09T21:24:39.732+0000] {processor.py:914} INFO - Processing file /home/airflow/.local/lib/python3.12/site-packages/airflow/example_dags/example_trigger_target_dag.py for tasks to queue
[2025-11-09T21:24:39.739+0000] {logging_mixin.py:190} INFO - [2025-11-09T21:24:39.739+0000] {dagbag.py:588} INFO - Filling up the DagBag from /home/airflow/.local/lib/python3.12/site-packages/airflow/example_dags/example_trigger_target_dag.py
[2025-11-09T21:24:39.769+0000] {processor.py:925} INFO - DAG(s) 'example_trigger_target_dag' retrieved from /home/airflow/.local/lib/python3.12/site-packages/airflow/example_dags/example_trigger_target_dag.py
[2025-11-09T21:24:39.832+0000] {logging_mixin.py:190} INFO - [2025-11-09T21:24:39.831+0000] {dag.py:3239} INFO - Sync 1 DAGs
[2025-11-09T21:24:39.879+0000] {logging_mixin.py:190} INFO - [2025-11-09T21:24:39.879+0000] {dag.py:4180} INFO - Setting next_dagrun for example_trigger_target_dag to None, run_after=None
[2025-11-09T21:24:39.935+0000] {processor.py:208} INFO - Processing /home/airflow/.local/lib/python3.12/site-packages/airflow/example_dags/example_trigger_target_dag.py took 0.227 seconds
[2025-11-09T21:25:11.056+0000] {processor.py:186} INFO - Started process (PID=2220) to work on /home/airflow/.local/lib/python3.12/site-packages/airflow/example_dags/example_trigger_target_dag.py
[2025-11-09T21:25:11.059+0000] {processor.py:914} INFO - Processing file /home/airflow/.local/lib/python3.12/site-packages/airflow/example_dags/example_trigger_target_dag.py for tasks to queue
[2025-11-09T21:25:11.066+0000] {logging_mixin.py:190} INFO - [2025-11-09T21:25:11.065+0000] {dagbag.py:588} INFO - Filling up the DagBag from /home/airflow/.local/lib/python3.12/site-packages/airflow/example_dags/example_trigger_target_dag.py
[2025-11-09T21:25:11.085+0000] {processor.py:925} INFO - DAG(s) 'example_trigger_target_dag' retrieved from /home/airflow/.local/lib/python3.12/site-packages/airflow/example_dags/example_trigger_target_dag.py
[2025-11-09T21:25:11.133+0000] {logging_mixin.py:190} INFO - [2025-11-09T21:25:11.133+0000] {dag.py:3239} INFO - Sync 1 DAGs
[2025-11-09T21:25:11.171+0000] {logging_mixin.py:190} INFO - [2025-11-09T21:25:11.171+0000] {dag.py:4180} INFO - Setting next_dagrun for example_trigger_target_dag to None, run_after=None
[2025-11-09T21:25:11.214+0000] {processor.py:208} INFO - Processing /home/airflow/.local/lib/python3.12/site-packages/airflow/example_dags/example_trigger_target_dag.py took 0.174 seconds
[2025-11-09T21:25:41.405+0000] {processor.py:186} INFO - Started process (PID=2283) to work on /home/airflow/.local/lib/python3.12/site-packages/airflow/example_dags/example_trigger_target_dag.py
[2025-11-09T21:25:41.408+0000] {processor.py:914} INFO - Processing file /home/airflow/.local/lib/python3.12/site-packages/airflow/example_dags/example_trigger_target_dag.py for tasks to queue
[2025-11-09T21:25:41.415+0000] {logging_mixin.py:190} INFO - [2025-11-09T21:25:41.414+0000] {dagbag.py:588} INFO - Filling up the DagBag from /home/airflow/.local/lib/python3.12/site-packages/airflow/example_dags/example_trigger_target_dag.py
[2025-11-09T21:25:41.439+0000] {processor.py:925} INFO - DAG(s) 'example_trigger_target_dag' retrieved from /home/airflow/.local/lib/python3.12/site-packages/airflow/example_dags/example_trigger_target_dag.py
[2025-11-09T21:25:41.488+0000] {logging_mixin.py:190} INFO - [2025-11-09T21:25:41.487+0000] {dag.py:3239} INFO - Sync 1 DAGs
[2025-11-09T21:25:41.521+0000] {logging_mixin.py:190} INFO - [2025-11-09T21:25:41.520+0000] {dag.py:4180} INFO - Setting next_dagrun for example_trigger_target_dag to None, run_after=None
[2025-11-09T21:25:41.559+0000] {processor.py:208} INFO - Processing /home/airflow/.local/lib/python3.12/site-packages/airflow/example_dags/example_trigger_target_dag.py took 0.174 seconds
[2025-11-09T21:26:12.449+0000] {processor.py:186} INFO - Started process (PID=2347) to work on /home/airflow/.local/lib/python3.12/site-packages/airflow/example_dags/example_trigger_target_dag.py
[2025-11-09T21:26:12.452+0000] {processor.py:914} INFO - Processing file /home/airflow/.local/lib/python3.12/site-packages/airflow/example_dags/example_trigger_target_dag.py for tasks to queue
[2025-11-09T21:26:12.458+0000] {logging_mixin.py:190} INFO - [2025-11-09T21:26:12.458+0000] {dagbag.py:588} INFO - Filling up the DagBag from /home/airflow/.local/lib/python3.12/site-packages/airflow/example_dags/example_trigger_target_dag.py
[2025-11-09T21:26:12.485+0000] {processor.py:925} INFO - DAG(s) 'example_trigger_target_dag' retrieved from /home/airflow/.local/lib/python3.12/site-packages/airflow/example_dags/example_trigger_target_dag.py
[2025-11-09T21:26:12.546+0000] {logging_mixin.py:190} INFO - [2025-11-09T21:26:12.546+0000] {dag.py:3239} INFO - Sync 1 DAGs
[2025-11-09T21:26:12.589+0000] {logging_mixin.py:190} INFO - [2025-11-09T21:26:12.588+0000] {dag.py:4180} INFO - Setting next_dagrun for example_trigger_target_dag to None, run_after=None
[2025-11-09T21:26:12.642+0000] {processor.py:208} INFO - Processing /home/airflow/.local/lib/python3.12/site-packages/airflow/example_dags/example_trigger_target_dag.py took 0.209 seconds
[2025-11-09T21:26:43.270+0000] {processor.py:186} INFO - Started process (PID=2411) to work on /home/airflow/.local/lib/python3.12/site-packages/airflow/example_dags/example_trigger_target_dag.py
[2025-11-09T21:26:43.273+0000] {processor.py:914} INFO - Processing file /home/airflow/.local/lib/python3.12/site-packages/airflow/example_dags/example_trigger_target_dag.py for tasks to queue
[2025-11-09T21:26:43.280+0000] {logging_mixin.py:190} INFO - [2025-11-09T21:26:43.279+0000] {dagbag.py:588} INFO - Filling up the DagBag from /home/airflow/.local/lib/python3.12/site-packages/airflow/example_dags/example_trigger_target_dag.py
[2025-11-09T21:26:43.300+0000] {processor.py:925} INFO - DAG(s) 'example_trigger_target_dag' retrieved from /home/airflow/.local/lib/python3.12/site-packages/airflow/example_dags/example_trigger_target_dag.py
[2025-11-09T21:26:43.362+0000] {logging_mixin.py:190} INFO - [2025-11-09T21:26:43.362+0000] {dag.py:3239} INFO - Sync 1 DAGs
[2025-11-09T21:26:43.415+0000] {logging_mixin.py:190} INFO - [2025-11-09T21:26:43.414+0000] {dag.py:4180} INFO - Setting next_dagrun for example_trigger_target_dag to None, run_after=None
[2025-11-09T21:26:43.468+0000] {processor.py:208} INFO - Processing /home/airflow/.local/lib/python3.12/site-packages/airflow/example_dags/example_trigger_target_dag.py took 0.211 seconds
[2025-11-09T21:27:14.523+0000] {processor.py:186} INFO - Started process (PID=2475) to work on /home/airflow/.local/lib/python3.12/site-packages/airflow/example_dags/example_trigger_target_dag.py
[2025-11-09T21:27:14.525+0000] {processor.py:914} INFO - Processing file /home/airflow/.local/lib/python3.12/site-packages/airflow/example_dags/example_trigger_target_dag.py for tasks to queue
[2025-11-09T21:27:14.533+0000] {logging_mixin.py:190} INFO - [2025-11-09T21:27:14.532+0000] {dagbag.py:588} INFO - Filling up the DagBag from /home/airflow/.local/lib/python3.12/site-packages/airflow/example_dags/example_trigger_target_dag.py
[2025-11-09T21:27:14.559+0000] {processor.py:925} INFO - DAG(s) 'example_trigger_target_dag' retrieved from /home/airflow/.local/lib/python3.12/site-packages/airflow/example_dags/example_trigger_target_dag.py
[2025-11-09T21:27:14.622+0000] {logging_mixin.py:190} INFO - [2025-11-09T21:27:14.621+0000] {dag.py:3239} INFO - Sync 1 DAGs
[2025-11-09T21:27:14.667+0000] {logging_mixin.py:190} INFO - [2025-11-09T21:27:14.666+0000] {dag.py:4180} INFO - Setting next_dagrun for example_trigger_target_dag to None, run_after=None
[2025-11-09T21:27:14.720+0000] {processor.py:208} INFO - Processing /home/airflow/.local/lib/python3.12/site-packages/airflow/example_dags/example_trigger_target_dag.py took 0.216 seconds
[2025-11-09T21:27:44.932+0000] {processor.py:186} INFO - Started process (PID=2538) to work on /home/airflow/.local/lib/python3.12/site-packages/airflow/example_dags/example_trigger_target_dag.py
[2025-11-09T21:27:44.934+0000] {processor.py:914} INFO - Processing file /home/airflow/.local/lib/python3.12/site-packages/airflow/example_dags/example_trigger_target_dag.py for tasks to queue
[2025-11-09T21:27:44.939+0000] {logging_mixin.py:190} INFO - [2025-11-09T21:27:44.938+0000] {dagbag.py:588} INFO - Filling up the DagBag from /home/airflow/.local/lib/python3.12/site-packages/airflow/example_dags/example_trigger_target_dag.py
[2025-11-09T21:27:44.951+0000] {processor.py:925} INFO - DAG(s) 'example_trigger_target_dag' retrieved from /home/airflow/.local/lib/python3.12/site-packages/airflow/example_dags/example_trigger_target_dag.py
[2025-11-09T21:27:44.986+0000] {logging_mixin.py:190} INFO - [2025-11-09T21:27:44.986+0000] {dag.py:3239} INFO - Sync 1 DAGs
[2025-11-09T21:27:45.008+0000] {logging_mixin.py:190} INFO - [2025-11-09T21:27:45.008+0000] {dag.py:4180} INFO - Setting next_dagrun for example_trigger_target_dag to None, run_after=None
[2025-11-09T21:27:45.036+0000] {processor.py:208} INFO - Processing /home/airflow/.local/lib/python3.12/site-packages/airflow/example_dags/example_trigger_target_dag.py took 0.114 seconds
[2025-11-09T21:28:15.957+0000] {processor.py:186} INFO - Started process (PID=2603) to work on /home/airflow/.local/lib/python3.12/site-packages/airflow/example_dags/example_trigger_target_dag.py
[2025-11-09T21:28:15.959+0000] {processor.py:914} INFO - Processing file /home/airflow/.local/lib/python3.12/site-packages/airflow/example_dags/example_trigger_target_dag.py for tasks to queue
[2025-11-09T21:28:15.963+0000] {logging_mixin.py:190} INFO - [2025-11-09T21:28:15.962+0000] {dagbag.py:588} INFO - Filling up the DagBag from /home/airflow/.local/lib/python3.12/site-packages/airflow/example_dags/example_trigger_target_dag.py
[2025-11-09T21:28:15.974+0000] {processor.py:925} INFO - DAG(s) 'example_trigger_target_dag' retrieved from /home/airflow/.local/lib/python3.12/site-packages/airflow/example_dags/example_trigger_target_dag.py
[2025-11-09T21:28:16.007+0000] {logging_mixin.py:190} INFO - [2025-11-09T21:28:16.006+0000] {dag.py:3239} INFO - Sync 1 DAGs
[2025-11-09T21:28:16.027+0000] {logging_mixin.py:190} INFO - [2025-11-09T21:28:16.027+0000] {dag.py:4180} INFO - Setting next_dagrun for example_trigger_target_dag to None, run_after=None
[2025-11-09T21:28:16.055+0000] {processor.py:208} INFO - Processing /home/airflow/.local/lib/python3.12/site-packages/airflow/example_dags/example_trigger_target_dag.py took 0.107 seconds
[2025-11-09T21:28:46.248+0000] {processor.py:186} INFO - Started process (PID=2667) to work on /home/airflow/.local/lib/python3.12/site-packages/airflow/example_dags/example_trigger_target_dag.py
[2025-11-09T21:28:46.250+0000] {processor.py:914} INFO - Processing file /home/airflow/.local/lib/python3.12/site-packages/airflow/example_dags/example_trigger_target_dag.py for tasks to queue
[2025-11-09T21:28:46.256+0000] {logging_mixin.py:190} INFO - [2025-11-09T21:28:46.255+0000] {dagbag.py:588} INFO - Filling up the DagBag from /home/airflow/.local/lib/python3.12/site-packages/airflow/example_dags/example_trigger_target_dag.py
[2025-11-09T21:28:46.276+0000] {processor.py:925} INFO - DAG(s) 'example_trigger_target_dag' retrieved from /home/airflow/.local/lib/python3.12/site-packages/airflow/example_dags/example_trigger_target_dag.py
[2025-11-09T21:28:46.318+0000] {logging_mixin.py:190} INFO - [2025-11-09T21:28:46.318+0000] {dag.py:3239} INFO - Sync 1 DAGs
[2025-11-09T21:28:46.350+0000] {logging_mixin.py:190} INFO - [2025-11-09T21:28:46.350+0000] {dag.py:4180} INFO - Setting next_dagrun for example_trigger_target_dag to None, run_after=None
[2025-11-09T21:28:46.387+0000] {processor.py:208} INFO - Processing /home/airflow/.local/lib/python3.12/site-packages/airflow/example_dags/example_trigger_target_dag.py took 0.152 seconds
[2025-11-09T21:29:16.870+0000] {processor.py:186} INFO - Started process (PID=2732) to work on /home/airflow/.local/lib/python3.12/site-packages/airflow/example_dags/example_trigger_target_dag.py
[2025-11-09T21:29:16.873+0000] {processor.py:914} INFO - Processing file /home/airflow/.local/lib/python3.12/site-packages/airflow/example_dags/example_trigger_target_dag.py for tasks to queue
[2025-11-09T21:29:16.879+0000] {logging_mixin.py:190} INFO - [2025-11-09T21:29:16.878+0000] {dagbag.py:588} INFO - Filling up the DagBag from /home/airflow/.local/lib/python3.12/site-packages/airflow/example_dags/example_trigger_target_dag.py
[2025-11-09T21:29:16.898+0000] {processor.py:925} INFO - DAG(s) 'example_trigger_target_dag' retrieved from /home/airflow/.local/lib/python3.12/site-packages/airflow/example_dags/example_trigger_target_dag.py
[2025-11-09T21:29:16.942+0000] {logging_mixin.py:190} INFO - [2025-11-09T21:29:16.942+0000] {dag.py:3239} INFO - Sync 1 DAGs
[2025-11-09T21:29:16.985+0000] {logging_mixin.py:190} INFO - [2025-11-09T21:29:16.985+0000] {dag.py:4180} INFO - Setting next_dagrun for example_trigger_target_dag to None, run_after=None
[2025-11-09T21:29:17.032+0000] {processor.py:208} INFO - Processing /home/airflow/.local/lib/python3.12/site-packages/airflow/example_dags/example_trigger_target_dag.py took 0.178 seconds
[2025-11-09T21:29:47.158+0000] {processor.py:186} INFO - Started process (PID=2795) to work on /home/airflow/.local/lib/python3.12/site-packages/airflow/example_dags/example_trigger_target_dag.py
[2025-11-09T21:29:47.160+0000] {processor.py:914} INFO - Processing file /home/airflow/.local/lib/python3.12/site-packages/airflow/example_dags/example_trigger_target_dag.py for tasks to queue
[2025-11-09T21:29:47.165+0000] {logging_mixin.py:190} INFO - [2025-11-09T21:29:47.164+0000] {dagbag.py:588} INFO - Filling up the DagBag from /home/airflow/.local/lib/python3.12/site-packages/airflow/example_dags/example_trigger_target_dag.py
[2025-11-09T21:29:47.179+0000] {processor.py:925} INFO - DAG(s) 'example_trigger_target_dag' retrieved from /home/airflow/.local/lib/python3.12/site-packages/airflow/example_dags/example_trigger_target_dag.py
[2025-11-09T21:29:47.219+0000] {logging_mixin.py:190} INFO - [2025-11-09T21:29:47.218+0000] {dag.py:3239} INFO - Sync 1 DAGs
[2025-11-09T21:29:47.243+0000] {logging_mixin.py:190} INFO - [2025-11-09T21:29:47.243+0000] {dag.py:4180} INFO - Setting next_dagrun for example_trigger_target_dag to None, run_after=None
[2025-11-09T21:29:47.273+0000] {processor.py:208} INFO - Processing /home/airflow/.local/lib/python3.12/site-packages/airflow/example_dags/example_trigger_target_dag.py took 0.127 seconds
[2025-11-09T21:30:17.947+0000] {processor.py:186} INFO - Started process (PID=2860) to work on /home/airflow/.local/lib/python3.12/site-packages/airflow/example_dags/example_trigger_target_dag.py
[2025-11-09T21:30:17.949+0000] {processor.py:914} INFO - Processing file /home/airflow/.local/lib/python3.12/site-packages/airflow/example_dags/example_trigger_target_dag.py for tasks to queue
[2025-11-09T21:30:17.955+0000] {logging_mixin.py:190} INFO - [2025-11-09T21:30:17.955+0000] {dagbag.py:588} INFO - Filling up the DagBag from /home/airflow/.local/lib/python3.12/site-packages/airflow/example_dags/example_trigger_target_dag.py
[2025-11-09T21:30:17.972+0000] {processor.py:925} INFO - DAG(s) 'example_trigger_target_dag' retrieved from /home/airflow/.local/lib/python3.12/site-packages/airflow/example_dags/example_trigger_target_dag.py
[2025-11-09T21:30:18.010+0000] {logging_mixin.py:190} INFO - [2025-11-09T21:30:18.010+0000] {dag.py:3239} INFO - Sync 1 DAGs
[2025-11-09T21:30:18.034+0000] {logging_mixin.py:190} INFO - [2025-11-09T21:30:18.034+0000] {dag.py:4180} INFO - Setting next_dagrun for example_trigger_target_dag to None, run_after=None
[2025-11-09T21:30:18.065+0000] {processor.py:208} INFO - Processing /home/airflow/.local/lib/python3.12/site-packages/airflow/example_dags/example_trigger_target_dag.py took 0.134 seconds
[2025-11-09T21:30:48.240+0000] {processor.py:186} INFO - Started process (PID=2923) to work on /home/airflow/.local/lib/python3.12/site-packages/airflow/example_dags/example_trigger_target_dag.py
[2025-11-09T21:30:48.242+0000] {processor.py:914} INFO - Processing file /home/airflow/.local/lib/python3.12/site-packages/airflow/example_dags/example_trigger_target_dag.py for tasks to queue
[2025-11-09T21:30:48.247+0000] {logging_mixin.py:190} INFO - [2025-11-09T21:30:48.246+0000] {dagbag.py:588} INFO - Filling up the DagBag from /home/airflow/.local/lib/python3.12/site-packages/airflow/example_dags/example_trigger_target_dag.py
[2025-11-09T21:30:48.264+0000] {processor.py:925} INFO - DAG(s) 'example_trigger_target_dag' retrieved from /home/airflow/.local/lib/python3.12/site-packages/airflow/example_dags/example_trigger_target_dag.py
[2025-11-09T21:30:48.306+0000] {logging_mixin.py:190} INFO - [2025-11-09T21:30:48.305+0000] {dag.py:3239} INFO - Sync 1 DAGs
[2025-11-09T21:30:48.338+0000] {logging_mixin.py:190} INFO - [2025-11-09T21:30:48.337+0000] {dag.py:4180} INFO - Setting next_dagrun for example_trigger_target_dag to None, run_after=None
[2025-11-09T21:30:48.367+0000] {processor.py:208} INFO - Processing /home/airflow/.local/lib/python3.12/site-packages/airflow/example_dags/example_trigger_target_dag.py took 0.140 seconds
[2025-11-09T21:31:19.308+0000] {processor.py:186} INFO - Started process (PID=2986) to work on /home/airflow/.local/lib/python3.12/site-packages/airflow/example_dags/example_trigger_target_dag.py
[2025-11-09T21:31:19.311+0000] {processor.py:914} INFO - Processing file /home/airflow/.local/lib/python3.12/site-packages/airflow/example_dags/example_trigger_target_dag.py for tasks to queue
[2025-11-09T21:31:19.318+0000] {logging_mixin.py:190} INFO - [2025-11-09T21:31:19.317+0000] {dagbag.py:588} INFO - Filling up the DagBag from /home/airflow/.local/lib/python3.12/site-packages/airflow/example_dags/example_trigger_target_dag.py
[2025-11-09T21:31:19.337+0000] {processor.py:925} INFO - DAG(s) 'example_trigger_target_dag' retrieved from /home/airflow/.local/lib/python3.12/site-packages/airflow/example_dags/example_trigger_target_dag.py
[2025-11-09T21:31:19.393+0000] {logging_mixin.py:190} INFO - [2025-11-09T21:31:19.392+0000] {dag.py:3239} INFO - Sync 1 DAGs
[2025-11-09T21:31:19.429+0000] {logging_mixin.py:190} INFO - [2025-11-09T21:31:19.429+0000] {dag.py:4180} INFO - Setting next_dagrun for example_trigger_target_dag to None, run_after=None
[2025-11-09T21:31:19.469+0000] {processor.py:208} INFO - Processing /home/airflow/.local/lib/python3.12/site-packages/airflow/example_dags/example_trigger_target_dag.py took 0.175 seconds
[2025-11-09T21:31:50.079+0000] {processor.py:186} INFO - Started process (PID=3050) to work on /home/airflow/.local/lib/python3.12/site-packages/airflow/example_dags/example_trigger_target_dag.py
[2025-11-09T21:31:50.084+0000] {processor.py:914} INFO - Processing file /home/airflow/.local/lib/python3.12/site-packages/airflow/example_dags/example_trigger_target_dag.py for tasks to queue
[2025-11-09T21:31:50.092+0000] {logging_mixin.py:190} INFO - [2025-11-09T21:31:50.091+0000] {dagbag.py:588} INFO - Filling up the DagBag from /home/airflow/.local/lib/python3.12/site-packages/airflow/example_dags/example_trigger_target_dag.py
[2025-11-09T21:31:50.119+0000] {processor.py:925} INFO - DAG(s) 'example_trigger_target_dag' retrieved from /home/airflow/.local/lib/python3.12/site-packages/airflow/example_dags/example_trigger_target_dag.py
[2025-11-09T21:31:50.155+0000] {logging_mixin.py:190} INFO - [2025-11-09T21:31:50.155+0000] {dag.py:3239} INFO - Sync 1 DAGs
[2025-11-09T21:31:50.186+0000] {logging_mixin.py:190} INFO - [2025-11-09T21:31:50.186+0000] {dag.py:4180} INFO - Setting next_dagrun for example_trigger_target_dag to None, run_after=None
[2025-11-09T21:31:50.476+0000] {processor.py:208} INFO - Processing /home/airflow/.local/lib/python3.12/site-packages/airflow/example_dags/example_trigger_target_dag.py took 0.409 seconds
[2025-11-09T21:32:21.099+0000] {processor.py:186} INFO - Started process (PID=3114) to work on /home/airflow/.local/lib/python3.12/site-packages/airflow/example_dags/example_trigger_target_dag.py
[2025-11-09T21:32:21.102+0000] {processor.py:914} INFO - Processing file /home/airflow/.local/lib/python3.12/site-packages/airflow/example_dags/example_trigger_target_dag.py for tasks to queue
[2025-11-09T21:32:21.110+0000] {logging_mixin.py:190} INFO - [2025-11-09T21:32:21.109+0000] {dagbag.py:588} INFO - Filling up the DagBag from /home/airflow/.local/lib/python3.12/site-packages/airflow/example_dags/example_trigger_target_dag.py
[2025-11-09T21:32:21.132+0000] {processor.py:925} INFO - DAG(s) 'example_trigger_target_dag' retrieved from /home/airflow/.local/lib/python3.12/site-packages/airflow/example_dags/example_trigger_target_dag.py
[2025-11-09T21:32:21.183+0000] {logging_mixin.py:190} INFO - [2025-11-09T21:32:21.182+0000] {dag.py:3239} INFO - Sync 1 DAGs
[2025-11-09T21:32:21.220+0000] {logging_mixin.py:190} INFO - [2025-11-09T21:32:21.219+0000] {dag.py:4180} INFO - Setting next_dagrun for example_trigger_target_dag to None, run_after=None
[2025-11-09T21:32:21.624+0000] {processor.py:208} INFO - Processing /home/airflow/.local/lib/python3.12/site-packages/airflow/example_dags/example_trigger_target_dag.py took 0.545 seconds
[2025-11-09T21:32:51.977+0000] {processor.py:186} INFO - Started process (PID=3178) to work on /home/airflow/.local/lib/python3.12/site-packages/airflow/example_dags/example_trigger_target_dag.py
[2025-11-09T21:32:51.980+0000] {processor.py:914} INFO - Processing file /home/airflow/.local/lib/python3.12/site-packages/airflow/example_dags/example_trigger_target_dag.py for tasks to queue
[2025-11-09T21:32:51.987+0000] {logging_mixin.py:190} INFO - [2025-11-09T21:32:51.986+0000] {dagbag.py:588} INFO - Filling up the DagBag from /home/airflow/.local/lib/python3.12/site-packages/airflow/example_dags/example_trigger_target_dag.py
[2025-11-09T21:32:52.005+0000] {processor.py:925} INFO - DAG(s) 'example_trigger_target_dag' retrieved from /home/airflow/.local/lib/python3.12/site-packages/airflow/example_dags/example_trigger_target_dag.py
[2025-11-09T21:32:52.058+0000] {logging_mixin.py:190} INFO - [2025-11-09T21:32:52.057+0000] {dag.py:3239} INFO - Sync 1 DAGs
[2025-11-09T21:32:52.096+0000] {logging_mixin.py:190} INFO - [2025-11-09T21:32:52.095+0000] {dag.py:4180} INFO - Setting next_dagrun for example_trigger_target_dag to None, run_after=None
[2025-11-09T21:32:52.140+0000] {processor.py:208} INFO - Processing /home/airflow/.local/lib/python3.12/site-packages/airflow/example_dags/example_trigger_target_dag.py took 0.177 seconds
[2025-11-09T21:33:22.861+0000] {processor.py:186} INFO - Started process (PID=3243) to work on /home/airflow/.local/lib/python3.12/site-packages/airflow/example_dags/example_trigger_target_dag.py
[2025-11-09T21:33:22.863+0000] {processor.py:914} INFO - Processing file /home/airflow/.local/lib/python3.12/site-packages/airflow/example_dags/example_trigger_target_dag.py for tasks to queue
[2025-11-09T21:33:22.871+0000] {logging_mixin.py:190} INFO - [2025-11-09T21:33:22.870+0000] {dagbag.py:588} INFO - Filling up the DagBag from /home/airflow/.local/lib/python3.12/site-packages/airflow/example_dags/example_trigger_target_dag.py
[2025-11-09T21:33:22.889+0000] {processor.py:925} INFO - DAG(s) 'example_trigger_target_dag' retrieved from /home/airflow/.local/lib/python3.12/site-packages/airflow/example_dags/example_trigger_target_dag.py
[2025-11-09T21:33:22.931+0000] {logging_mixin.py:190} INFO - [2025-11-09T21:33:22.931+0000] {dag.py:3239} INFO - Sync 1 DAGs
[2025-11-09T21:33:22.961+0000] {logging_mixin.py:190} INFO - [2025-11-09T21:33:22.961+0000] {dag.py:4180} INFO - Setting next_dagrun for example_trigger_target_dag to None, run_after=None
[2025-11-09T21:33:22.999+0000] {processor.py:208} INFO - Processing /home/airflow/.local/lib/python3.12/site-packages/airflow/example_dags/example_trigger_target_dag.py took 0.151 seconds
[2025-11-09T21:33:53.248+0000] {processor.py:186} INFO - Started process (PID=3305) to work on /home/airflow/.local/lib/python3.12/site-packages/airflow/example_dags/example_trigger_target_dag.py
[2025-11-09T21:33:53.250+0000] {processor.py:914} INFO - Processing file /home/airflow/.local/lib/python3.12/site-packages/airflow/example_dags/example_trigger_target_dag.py for tasks to queue
[2025-11-09T21:33:53.256+0000] {logging_mixin.py:190} INFO - [2025-11-09T21:33:53.256+0000] {dagbag.py:588} INFO - Filling up the DagBag from /home/airflow/.local/lib/python3.12/site-packages/airflow/example_dags/example_trigger_target_dag.py
[2025-11-09T21:33:53.279+0000] {processor.py:925} INFO - DAG(s) 'example_trigger_target_dag' retrieved from /home/airflow/.local/lib/python3.12/site-packages/airflow/example_dags/example_trigger_target_dag.py
[2025-11-09T21:33:53.334+0000] {logging_mixin.py:190} INFO - [2025-11-09T21:33:53.333+0000] {dag.py:3239} INFO - Sync 1 DAGs
[2025-11-09T21:33:53.378+0000] {logging_mixin.py:190} INFO - [2025-11-09T21:33:53.377+0000] {dag.py:4180} INFO - Setting next_dagrun for example_trigger_target_dag to None, run_after=None
[2025-11-09T21:33:53.432+0000] {processor.py:208} INFO - Processing /home/airflow/.local/lib/python3.12/site-packages/airflow/example_dags/example_trigger_target_dag.py took 0.204 seconds
[2025-11-09T21:34:23.615+0000] {processor.py:186} INFO - Started process (PID=3368) to work on /home/airflow/.local/lib/python3.12/site-packages/airflow/example_dags/example_trigger_target_dag.py
[2025-11-09T21:34:23.617+0000] {processor.py:914} INFO - Processing file /home/airflow/.local/lib/python3.12/site-packages/airflow/example_dags/example_trigger_target_dag.py for tasks to queue
[2025-11-09T21:34:23.623+0000] {logging_mixin.py:190} INFO - [2025-11-09T21:34:23.622+0000] {dagbag.py:588} INFO - Filling up the DagBag from /home/airflow/.local/lib/python3.12/site-packages/airflow/example_dags/example_trigger_target_dag.py
[2025-11-09T21:34:23.644+0000] {processor.py:925} INFO - DAG(s) 'example_trigger_target_dag' retrieved from /home/airflow/.local/lib/python3.12/site-packages/airflow/example_dags/example_trigger_target_dag.py
[2025-11-09T21:34:23.705+0000] {logging_mixin.py:190} INFO - [2025-11-09T21:34:23.705+0000] {dag.py:3239} INFO - Sync 1 DAGs
[2025-11-09T21:34:23.742+0000] {logging_mixin.py:190} INFO - [2025-11-09T21:34:23.741+0000] {dag.py:4180} INFO - Setting next_dagrun for example_trigger_target_dag to None, run_after=None
[2025-11-09T21:34:23.778+0000] {processor.py:208} INFO - Processing /home/airflow/.local/lib/python3.12/site-packages/airflow/example_dags/example_trigger_target_dag.py took 0.175 seconds
[2025-11-09T21:34:54.317+0000] {processor.py:186} INFO - Started process (PID=3432) to work on /home/airflow/.local/lib/python3.12/site-packages/airflow/example_dags/example_trigger_target_dag.py
[2025-11-09T21:34:54.319+0000] {processor.py:914} INFO - Processing file /home/airflow/.local/lib/python3.12/site-packages/airflow/example_dags/example_trigger_target_dag.py for tasks to queue
[2025-11-09T21:34:54.327+0000] {logging_mixin.py:190} INFO - [2025-11-09T21:34:54.326+0000] {dagbag.py:588} INFO - Filling up the DagBag from /home/airflow/.local/lib/python3.12/site-packages/airflow/example_dags/example_trigger_target_dag.py
[2025-11-09T21:34:54.350+0000] {processor.py:925} INFO - DAG(s) 'example_trigger_target_dag' retrieved from /home/airflow/.local/lib/python3.12/site-packages/airflow/example_dags/example_trigger_target_dag.py
[2025-11-09T21:34:54.394+0000] {logging_mixin.py:190} INFO - [2025-11-09T21:34:54.394+0000] {dag.py:3239} INFO - Sync 1 DAGs
[2025-11-09T21:34:54.421+0000] {logging_mixin.py:190} INFO - [2025-11-09T21:34:54.421+0000] {dag.py:4180} INFO - Setting next_dagrun for example_trigger_target_dag to None, run_after=None
[2025-11-09T21:34:54.456+0000] {processor.py:208} INFO - Processing /home/airflow/.local/lib/python3.12/site-packages/airflow/example_dags/example_trigger_target_dag.py took 0.159 seconds
[2025-11-09T21:35:25.515+0000] {processor.py:186} INFO - Started process (PID=3503) to work on /home/airflow/.local/lib/python3.12/site-packages/airflow/example_dags/example_trigger_target_dag.py
[2025-11-09T21:35:25.518+0000] {processor.py:914} INFO - Processing file /home/airflow/.local/lib/python3.12/site-packages/airflow/example_dags/example_trigger_target_dag.py for tasks to queue
[2025-11-09T21:35:25.525+0000] {logging_mixin.py:190} INFO - [2025-11-09T21:35:25.524+0000] {dagbag.py:588} INFO - Filling up the DagBag from /home/airflow/.local/lib/python3.12/site-packages/airflow/example_dags/example_trigger_target_dag.py
[2025-11-09T21:35:25.552+0000] {processor.py:925} INFO - DAG(s) 'example_trigger_target_dag' retrieved from /home/airflow/.local/lib/python3.12/site-packages/airflow/example_dags/example_trigger_target_dag.py
[2025-11-09T21:35:25.626+0000] {logging_mixin.py:190} INFO - [2025-11-09T21:35:25.625+0000] {dag.py:3239} INFO - Sync 1 DAGs
[2025-11-09T21:35:25.674+0000] {logging_mixin.py:190} INFO - [2025-11-09T21:35:25.673+0000] {dag.py:4180} INFO - Setting next_dagrun for example_trigger_target_dag to None, run_after=None
[2025-11-09T21:35:25.723+0000] {processor.py:208} INFO - Processing /home/airflow/.local/lib/python3.12/site-packages/airflow/example_dags/example_trigger_target_dag.py took 0.230 seconds
[2025-11-09T21:35:56.573+0000] {processor.py:186} INFO - Started process (PID=3567) to work on /home/airflow/.local/lib/python3.12/site-packages/airflow/example_dags/example_trigger_target_dag.py
[2025-11-09T21:35:56.575+0000] {processor.py:914} INFO - Processing file /home/airflow/.local/lib/python3.12/site-packages/airflow/example_dags/example_trigger_target_dag.py for tasks to queue
[2025-11-09T21:35:56.582+0000] {logging_mixin.py:190} INFO - [2025-11-09T21:35:56.581+0000] {dagbag.py:588} INFO - Filling up the DagBag from /home/airflow/.local/lib/python3.12/site-packages/airflow/example_dags/example_trigger_target_dag.py
[2025-11-09T21:35:56.599+0000] {processor.py:925} INFO - DAG(s) 'example_trigger_target_dag' retrieved from /home/airflow/.local/lib/python3.12/site-packages/airflow/example_dags/example_trigger_target_dag.py
[2025-11-09T21:35:56.640+0000] {logging_mixin.py:190} INFO - [2025-11-09T21:35:56.640+0000] {dag.py:3239} INFO - Sync 1 DAGs
[2025-11-09T21:35:56.669+0000] {logging_mixin.py:190} INFO - [2025-11-09T21:35:56.668+0000] {dag.py:4180} INFO - Setting next_dagrun for example_trigger_target_dag to None, run_after=None
[2025-11-09T21:35:56.703+0000] {processor.py:208} INFO - Processing /home/airflow/.local/lib/python3.12/site-packages/airflow/example_dags/example_trigger_target_dag.py took 0.144 seconds
[2025-11-09T21:36:27.825+0000] {processor.py:186} INFO - Started process (PID=3631) to work on /home/airflow/.local/lib/python3.12/site-packages/airflow/example_dags/example_trigger_target_dag.py
[2025-11-09T21:36:27.830+0000] {processor.py:914} INFO - Processing file /home/airflow/.local/lib/python3.12/site-packages/airflow/example_dags/example_trigger_target_dag.py for tasks to queue
[2025-11-09T21:36:27.871+0000] {logging_mixin.py:190} INFO - [2025-11-09T21:36:27.857+0000] {dagbag.py:588} INFO - Filling up the DagBag from /home/airflow/.local/lib/python3.12/site-packages/airflow/example_dags/example_trigger_target_dag.py
[2025-11-09T21:36:27.972+0000] {processor.py:925} INFO - DAG(s) 'example_trigger_target_dag' retrieved from /home/airflow/.local/lib/python3.12/site-packages/airflow/example_dags/example_trigger_target_dag.py
[2025-11-09T21:36:28.098+0000] {logging_mixin.py:190} INFO - [2025-11-09T21:36:28.098+0000] {dag.py:3239} INFO - Sync 1 DAGs
[2025-11-09T21:36:28.177+0000] {logging_mixin.py:190} INFO - [2025-11-09T21:36:28.176+0000] {dag.py:4180} INFO - Setting next_dagrun for example_trigger_target_dag to None, run_after=None
[2025-11-09T21:36:28.247+0000] {processor.py:208} INFO - Processing /home/airflow/.local/lib/python3.12/site-packages/airflow/example_dags/example_trigger_target_dag.py took 0.487 seconds
[2025-11-09T21:36:59.206+0000] {processor.py:186} INFO - Started process (PID=3696) to work on /home/airflow/.local/lib/python3.12/site-packages/airflow/example_dags/example_trigger_target_dag.py
[2025-11-09T21:36:59.210+0000] {processor.py:914} INFO - Processing file /home/airflow/.local/lib/python3.12/site-packages/airflow/example_dags/example_trigger_target_dag.py for tasks to queue
[2025-11-09T21:36:59.225+0000] {logging_mixin.py:190} INFO - [2025-11-09T21:36:59.224+0000] {dagbag.py:588} INFO - Filling up the DagBag from /home/airflow/.local/lib/python3.12/site-packages/airflow/example_dags/example_trigger_target_dag.py
[2025-11-09T21:36:59.262+0000] {processor.py:925} INFO - DAG(s) 'example_trigger_target_dag' retrieved from /home/airflow/.local/lib/python3.12/site-packages/airflow/example_dags/example_trigger_target_dag.py
[2025-11-09T21:36:59.342+0000] {logging_mixin.py:190} INFO - [2025-11-09T21:36:59.340+0000] {dag.py:3239} INFO - Sync 1 DAGs
[2025-11-09T21:36:59.413+0000] {logging_mixin.py:190} INFO - [2025-11-09T21:36:59.412+0000] {dag.py:4180} INFO - Setting next_dagrun for example_trigger_target_dag to None, run_after=None
[2025-11-09T21:36:59.492+0000] {processor.py:208} INFO - Processing /home/airflow/.local/lib/python3.12/site-packages/airflow/example_dags/example_trigger_target_dag.py took 0.319 seconds
[2025-11-09T21:37:32.436+0000] {processor.py:186} INFO - Started process (PID=3759) to work on /home/airflow/.local/lib/python3.12/site-packages/airflow/example_dags/example_trigger_target_dag.py
[2025-11-09T21:37:32.439+0000] {processor.py:914} INFO - Processing file /home/airflow/.local/lib/python3.12/site-packages/airflow/example_dags/example_trigger_target_dag.py for tasks to queue
[2025-11-09T21:37:32.447+0000] {logging_mixin.py:190} INFO - [2025-11-09T21:37:32.446+0000] {dagbag.py:588} INFO - Filling up the DagBag from /home/airflow/.local/lib/python3.12/site-packages/airflow/example_dags/example_trigger_target_dag.py
[2025-11-09T21:37:32.476+0000] {processor.py:925} INFO - DAG(s) 'example_trigger_target_dag' retrieved from /home/airflow/.local/lib/python3.12/site-packages/airflow/example_dags/example_trigger_target_dag.py
[2025-11-09T21:37:32.541+0000] {logging_mixin.py:190} INFO - [2025-11-09T21:37:32.540+0000] {dag.py:3239} INFO - Sync 1 DAGs
[2025-11-09T21:37:32.598+0000] {logging_mixin.py:190} INFO - [2025-11-09T21:37:32.597+0000] {dag.py:4180} INFO - Setting next_dagrun for example_trigger_target_dag to None, run_after=None
[2025-11-09T21:37:32.656+0000] {processor.py:208} INFO - Processing /home/airflow/.local/lib/python3.12/site-packages/airflow/example_dags/example_trigger_target_dag.py took 0.243 seconds
[2025-11-09T21:38:02.782+0000] {processor.py:186} INFO - Started process (PID=3821) to work on /home/airflow/.local/lib/python3.12/site-packages/airflow/example_dags/example_trigger_target_dag.py
[2025-11-09T21:38:02.785+0000] {processor.py:914} INFO - Processing file /home/airflow/.local/lib/python3.12/site-packages/airflow/example_dags/example_trigger_target_dag.py for tasks to queue
[2025-11-09T21:38:02.792+0000] {logging_mixin.py:190} INFO - [2025-11-09T21:38:02.791+0000] {dagbag.py:588} INFO - Filling up the DagBag from /home/airflow/.local/lib/python3.12/site-packages/airflow/example_dags/example_trigger_target_dag.py
[2025-11-09T21:38:02.817+0000] {processor.py:925} INFO - DAG(s) 'example_trigger_target_dag' retrieved from /home/airflow/.local/lib/python3.12/site-packages/airflow/example_dags/example_trigger_target_dag.py
[2025-11-09T21:38:02.880+0000] {logging_mixin.py:190} INFO - [2025-11-09T21:38:02.879+0000] {dag.py:3239} INFO - Sync 1 DAGs
[2025-11-09T21:38:02.923+0000] {logging_mixin.py:190} INFO - [2025-11-09T21:38:02.923+0000] {dag.py:4180} INFO - Setting next_dagrun for example_trigger_target_dag to None, run_after=None
[2025-11-09T21:38:02.977+0000] {processor.py:208} INFO - Processing /home/airflow/.local/lib/python3.12/site-packages/airflow/example_dags/example_trigger_target_dag.py took 0.213 seconds
[2025-11-09T21:38:33.226+0000] {processor.py:186} INFO - Started process (PID=3886) to work on /home/airflow/.local/lib/python3.12/site-packages/airflow/example_dags/example_trigger_target_dag.py
[2025-11-09T21:38:33.228+0000] {processor.py:914} INFO - Processing file /home/airflow/.local/lib/python3.12/site-packages/airflow/example_dags/example_trigger_target_dag.py for tasks to queue
[2025-11-09T21:38:33.234+0000] {logging_mixin.py:190} INFO - [2025-11-09T21:38:33.233+0000] {dagbag.py:588} INFO - Filling up the DagBag from /home/airflow/.local/lib/python3.12/site-packages/airflow/example_dags/example_trigger_target_dag.py
[2025-11-09T21:38:33.253+0000] {processor.py:925} INFO - DAG(s) 'example_trigger_target_dag' retrieved from /home/airflow/.local/lib/python3.12/site-packages/airflow/example_dags/example_trigger_target_dag.py
[2025-11-09T21:38:33.294+0000] {logging_mixin.py:190} INFO - [2025-11-09T21:38:33.294+0000] {dag.py:3239} INFO - Sync 1 DAGs
[2025-11-09T21:38:33.322+0000] {logging_mixin.py:190} INFO - [2025-11-09T21:38:33.321+0000] {dag.py:4180} INFO - Setting next_dagrun for example_trigger_target_dag to None, run_after=None
[2025-11-09T21:38:33.360+0000] {processor.py:208} INFO - Processing /home/airflow/.local/lib/python3.12/site-packages/airflow/example_dags/example_trigger_target_dag.py took 0.150 seconds
[2025-11-09T21:39:03.860+0000] {processor.py:186} INFO - Started process (PID=3947) to work on /home/airflow/.local/lib/python3.12/site-packages/airflow/example_dags/example_trigger_target_dag.py
[2025-11-09T21:39:03.863+0000] {processor.py:914} INFO - Processing file /home/airflow/.local/lib/python3.12/site-packages/airflow/example_dags/example_trigger_target_dag.py for tasks to queue
[2025-11-09T21:39:03.873+0000] {logging_mixin.py:190} INFO - [2025-11-09T21:39:03.871+0000] {dagbag.py:588} INFO - Filling up the DagBag from /home/airflow/.local/lib/python3.12/site-packages/airflow/example_dags/example_trigger_target_dag.py
[2025-11-09T21:39:03.898+0000] {processor.py:925} INFO - DAG(s) 'example_trigger_target_dag' retrieved from /home/airflow/.local/lib/python3.12/site-packages/airflow/example_dags/example_trigger_target_dag.py
[2025-11-09T21:39:03.954+0000] {logging_mixin.py:190} INFO - [2025-11-09T21:39:03.954+0000] {dag.py:3239} INFO - Sync 1 DAGs
[2025-11-09T21:39:03.994+0000] {logging_mixin.py:190} INFO - [2025-11-09T21:39:03.994+0000] {dag.py:4180} INFO - Setting next_dagrun for example_trigger_target_dag to None, run_after=None
[2025-11-09T21:39:04.040+0000] {processor.py:208} INFO - Processing /home/airflow/.local/lib/python3.12/site-packages/airflow/example_dags/example_trigger_target_dag.py took 0.198 seconds
[2025-11-09T21:39:34.221+0000] {processor.py:186} INFO - Started process (PID=4011) to work on /home/airflow/.local/lib/python3.12/site-packages/airflow/example_dags/example_trigger_target_dag.py
[2025-11-09T21:39:34.223+0000] {processor.py:914} INFO - Processing file /home/airflow/.local/lib/python3.12/site-packages/airflow/example_dags/example_trigger_target_dag.py for tasks to queue
[2025-11-09T21:39:34.232+0000] {logging_mixin.py:190} INFO - [2025-11-09T21:39:34.231+0000] {dagbag.py:588} INFO - Filling up the DagBag from /home/airflow/.local/lib/python3.12/site-packages/airflow/example_dags/example_trigger_target_dag.py
[2025-11-09T21:39:34.259+0000] {processor.py:925} INFO - DAG(s) 'example_trigger_target_dag' retrieved from /home/airflow/.local/lib/python3.12/site-packages/airflow/example_dags/example_trigger_target_dag.py
[2025-11-09T21:39:34.308+0000] {logging_mixin.py:190} INFO - [2025-11-09T21:39:34.307+0000] {dag.py:3239} INFO - Sync 1 DAGs
[2025-11-09T21:39:34.341+0000] {logging_mixin.py:190} INFO - [2025-11-09T21:39:34.341+0000] {dag.py:4180} INFO - Setting next_dagrun for example_trigger_target_dag to None, run_after=None
[2025-11-09T21:39:34.383+0000] {processor.py:208} INFO - Processing /home/airflow/.local/lib/python3.12/site-packages/airflow/example_dags/example_trigger_target_dag.py took 0.181 seconds
[2025-11-09T21:40:05.095+0000] {processor.py:186} INFO - Started process (PID=4075) to work on /home/airflow/.local/lib/python3.12/site-packages/airflow/example_dags/example_trigger_target_dag.py
[2025-11-09T21:40:05.098+0000] {processor.py:914} INFO - Processing file /home/airflow/.local/lib/python3.12/site-packages/airflow/example_dags/example_trigger_target_dag.py for tasks to queue
[2025-11-09T21:40:05.105+0000] {logging_mixin.py:190} INFO - [2025-11-09T21:40:05.104+0000] {dagbag.py:588} INFO - Filling up the DagBag from /home/airflow/.local/lib/python3.12/site-packages/airflow/example_dags/example_trigger_target_dag.py
[2025-11-09T21:40:05.125+0000] {processor.py:925} INFO - DAG(s) 'example_trigger_target_dag' retrieved from /home/airflow/.local/lib/python3.12/site-packages/airflow/example_dags/example_trigger_target_dag.py
[2025-11-09T21:40:05.183+0000] {logging_mixin.py:190} INFO - [2025-11-09T21:40:05.183+0000] {dag.py:3239} INFO - Sync 1 DAGs
[2025-11-09T21:40:05.235+0000] {logging_mixin.py:190} INFO - [2025-11-09T21:40:05.235+0000] {dag.py:4180} INFO - Setting next_dagrun for example_trigger_target_dag to None, run_after=None
[2025-11-09T21:40:05.294+0000] {processor.py:208} INFO - Processing /home/airflow/.local/lib/python3.12/site-packages/airflow/example_dags/example_trigger_target_dag.py took 0.213 seconds
[2025-11-09T21:40:35.951+0000] {processor.py:186} INFO - Started process (PID=4139) to work on /home/airflow/.local/lib/python3.12/site-packages/airflow/example_dags/example_trigger_target_dag.py
[2025-11-09T21:40:35.954+0000] {processor.py:914} INFO - Processing file /home/airflow/.local/lib/python3.12/site-packages/airflow/example_dags/example_trigger_target_dag.py for tasks to queue
[2025-11-09T21:40:35.962+0000] {logging_mixin.py:190} INFO - [2025-11-09T21:40:35.961+0000] {dagbag.py:588} INFO - Filling up the DagBag from /home/airflow/.local/lib/python3.12/site-packages/airflow/example_dags/example_trigger_target_dag.py
[2025-11-09T21:40:35.984+0000] {processor.py:925} INFO - DAG(s) 'example_trigger_target_dag' retrieved from /home/airflow/.local/lib/python3.12/site-packages/airflow/example_dags/example_trigger_target_dag.py
[2025-11-09T21:40:36.049+0000] {logging_mixin.py:190} INFO - [2025-11-09T21:40:36.048+0000] {dag.py:3239} INFO - Sync 1 DAGs
[2025-11-09T21:40:36.093+0000] {logging_mixin.py:190} INFO - [2025-11-09T21:40:36.092+0000] {dag.py:4180} INFO - Setting next_dagrun for example_trigger_target_dag to None, run_after=None
[2025-11-09T21:40:36.149+0000] {processor.py:208} INFO - Processing /home/airflow/.local/lib/python3.12/site-packages/airflow/example_dags/example_trigger_target_dag.py took 0.214 seconds
[2025-11-09T21:41:06.366+0000] {processor.py:186} INFO - Started process (PID=4203) to work on /home/airflow/.local/lib/python3.12/site-packages/airflow/example_dags/example_trigger_target_dag.py
[2025-11-09T21:41:06.369+0000] {processor.py:914} INFO - Processing file /home/airflow/.local/lib/python3.12/site-packages/airflow/example_dags/example_trigger_target_dag.py for tasks to queue
[2025-11-09T21:41:06.378+0000] {logging_mixin.py:190} INFO - [2025-11-09T21:41:06.377+0000] {dagbag.py:588} INFO - Filling up the DagBag from /home/airflow/.local/lib/python3.12/site-packages/airflow/example_dags/example_trigger_target_dag.py
[2025-11-09T21:41:06.404+0000] {processor.py:925} INFO - DAG(s) 'example_trigger_target_dag' retrieved from /home/airflow/.local/lib/python3.12/site-packages/airflow/example_dags/example_trigger_target_dag.py
[2025-11-09T21:41:06.460+0000] {logging_mixin.py:190} INFO - [2025-11-09T21:41:06.460+0000] {dag.py:3239} INFO - Sync 1 DAGs
[2025-11-09T21:41:06.499+0000] {logging_mixin.py:190} INFO - [2025-11-09T21:41:06.499+0000] {dag.py:4180} INFO - Setting next_dagrun for example_trigger_target_dag to None, run_after=None
[2025-11-09T21:41:06.545+0000] {processor.py:208} INFO - Processing /home/airflow/.local/lib/python3.12/site-packages/airflow/example_dags/example_trigger_target_dag.py took 0.197 seconds
[2025-11-09T21:41:36.703+0000] {processor.py:186} INFO - Started process (PID=4266) to work on /home/airflow/.local/lib/python3.12/site-packages/airflow/example_dags/example_trigger_target_dag.py
[2025-11-09T21:41:36.706+0000] {processor.py:914} INFO - Processing file /home/airflow/.local/lib/python3.12/site-packages/airflow/example_dags/example_trigger_target_dag.py for tasks to queue
[2025-11-09T21:41:36.712+0000] {logging_mixin.py:190} INFO - [2025-11-09T21:41:36.712+0000] {dagbag.py:588} INFO - Filling up the DagBag from /home/airflow/.local/lib/python3.12/site-packages/airflow/example_dags/example_trigger_target_dag.py
[2025-11-09T21:41:36.728+0000] {processor.py:925} INFO - DAG(s) 'example_trigger_target_dag' retrieved from /home/airflow/.local/lib/python3.12/site-packages/airflow/example_dags/example_trigger_target_dag.py
[2025-11-09T21:41:36.770+0000] {logging_mixin.py:190} INFO - [2025-11-09T21:41:36.769+0000] {dag.py:3239} INFO - Sync 1 DAGs
[2025-11-09T21:41:36.798+0000] {logging_mixin.py:190} INFO - [2025-11-09T21:41:36.798+0000] {dag.py:4180} INFO - Setting next_dagrun for example_trigger_target_dag to None, run_after=None
[2025-11-09T21:41:36.834+0000] {processor.py:208} INFO - Processing /home/airflow/.local/lib/python3.12/site-packages/airflow/example_dags/example_trigger_target_dag.py took 0.145 seconds
[2025-11-09T21:42:07.678+0000] {processor.py:186} INFO - Started process (PID=4330) to work on /home/airflow/.local/lib/python3.12/site-packages/airflow/example_dags/example_trigger_target_dag.py
[2025-11-09T21:42:07.681+0000] {processor.py:914} INFO - Processing file /home/airflow/.local/lib/python3.12/site-packages/airflow/example_dags/example_trigger_target_dag.py for tasks to queue
[2025-11-09T21:42:07.687+0000] {logging_mixin.py:190} INFO - [2025-11-09T21:42:07.686+0000] {dagbag.py:588} INFO - Filling up the DagBag from /home/airflow/.local/lib/python3.12/site-packages/airflow/example_dags/example_trigger_target_dag.py
[2025-11-09T21:42:07.700+0000] {processor.py:925} INFO - DAG(s) 'example_trigger_target_dag' retrieved from /home/airflow/.local/lib/python3.12/site-packages/airflow/example_dags/example_trigger_target_dag.py
[2025-11-09T21:42:07.736+0000] {logging_mixin.py:190} INFO - [2025-11-09T21:42:07.736+0000] {dag.py:3239} INFO - Sync 1 DAGs
[2025-11-09T21:42:07.767+0000] {logging_mixin.py:190} INFO - [2025-11-09T21:42:07.766+0000] {dag.py:4180} INFO - Setting next_dagrun for example_trigger_target_dag to None, run_after=None
[2025-11-09T21:42:07.805+0000] {processor.py:208} INFO - Processing /home/airflow/.local/lib/python3.12/site-packages/airflow/example_dags/example_trigger_target_dag.py took 0.142 seconds
[2025-11-09T21:42:37.991+0000] {processor.py:186} INFO - Started process (PID=4395) to work on /home/airflow/.local/lib/python3.12/site-packages/airflow/example_dags/example_trigger_target_dag.py
[2025-11-09T21:42:37.993+0000] {processor.py:914} INFO - Processing file /home/airflow/.local/lib/python3.12/site-packages/airflow/example_dags/example_trigger_target_dag.py for tasks to queue
[2025-11-09T21:42:37.999+0000] {logging_mixin.py:190} INFO - [2025-11-09T21:42:37.999+0000] {dagbag.py:588} INFO - Filling up the DagBag from /home/airflow/.local/lib/python3.12/site-packages/airflow/example_dags/example_trigger_target_dag.py
[2025-11-09T21:42:38.019+0000] {processor.py:925} INFO - DAG(s) 'example_trigger_target_dag' retrieved from /home/airflow/.local/lib/python3.12/site-packages/airflow/example_dags/example_trigger_target_dag.py
[2025-11-09T21:42:38.067+0000] {logging_mixin.py:190} INFO - [2025-11-09T21:42:38.067+0000] {dag.py:3239} INFO - Sync 1 DAGs
[2025-11-09T21:42:38.100+0000] {logging_mixin.py:190} INFO - [2025-11-09T21:42:38.099+0000] {dag.py:4180} INFO - Setting next_dagrun for example_trigger_target_dag to None, run_after=None
[2025-11-09T21:42:38.142+0000] {processor.py:208} INFO - Processing /home/airflow/.local/lib/python3.12/site-packages/airflow/example_dags/example_trigger_target_dag.py took 0.162 seconds
[2025-11-09T21:43:08.837+0000] {processor.py:186} INFO - Started process (PID=4459) to work on /home/airflow/.local/lib/python3.12/site-packages/airflow/example_dags/example_trigger_target_dag.py
[2025-11-09T21:43:08.839+0000] {processor.py:914} INFO - Processing file /home/airflow/.local/lib/python3.12/site-packages/airflow/example_dags/example_trigger_target_dag.py for tasks to queue
[2025-11-09T21:43:08.845+0000] {logging_mixin.py:190} INFO - [2025-11-09T21:43:08.844+0000] {dagbag.py:588} INFO - Filling up the DagBag from /home/airflow/.local/lib/python3.12/site-packages/airflow/example_dags/example_trigger_target_dag.py
[2025-11-09T21:43:08.860+0000] {processor.py:925} INFO - DAG(s) 'example_trigger_target_dag' retrieved from /home/airflow/.local/lib/python3.12/site-packages/airflow/example_dags/example_trigger_target_dag.py
[2025-11-09T21:43:08.896+0000] {logging_mixin.py:190} INFO - [2025-11-09T21:43:08.895+0000] {dag.py:3239} INFO - Sync 1 DAGs
[2025-11-09T21:43:08.919+0000] {logging_mixin.py:190} INFO - [2025-11-09T21:43:08.919+0000] {dag.py:4180} INFO - Setting next_dagrun for example_trigger_target_dag to None, run_after=None
[2025-11-09T21:43:08.956+0000] {processor.py:208} INFO - Processing /home/airflow/.local/lib/python3.12/site-packages/airflow/example_dags/example_trigger_target_dag.py took 0.130 seconds
[2025-11-09T21:43:39.154+0000] {processor.py:186} INFO - Started process (PID=4523) to work on /home/airflow/.local/lib/python3.12/site-packages/airflow/example_dags/example_trigger_target_dag.py
[2025-11-09T21:43:39.157+0000] {processor.py:914} INFO - Processing file /home/airflow/.local/lib/python3.12/site-packages/airflow/example_dags/example_trigger_target_dag.py for tasks to queue
[2025-11-09T21:43:39.162+0000] {logging_mixin.py:190} INFO - [2025-11-09T21:43:39.161+0000] {dagbag.py:588} INFO - Filling up the DagBag from /home/airflow/.local/lib/python3.12/site-packages/airflow/example_dags/example_trigger_target_dag.py
[2025-11-09T21:43:39.183+0000] {processor.py:925} INFO - DAG(s) 'example_trigger_target_dag' retrieved from /home/airflow/.local/lib/python3.12/site-packages/airflow/example_dags/example_trigger_target_dag.py
[2025-11-09T21:43:39.236+0000] {logging_mixin.py:190} INFO - [2025-11-09T21:43:39.235+0000] {dag.py:3239} INFO - Sync 1 DAGs
[2025-11-09T21:43:39.270+0000] {logging_mixin.py:190} INFO - [2025-11-09T21:43:39.270+0000] {dag.py:4180} INFO - Setting next_dagrun for example_trigger_target_dag to None, run_after=None
[2025-11-09T21:43:39.316+0000] {processor.py:208} INFO - Processing /home/airflow/.local/lib/python3.12/site-packages/airflow/example_dags/example_trigger_target_dag.py took 0.176 seconds
[2025-11-09T21:44:09.854+0000] {processor.py:186} INFO - Started process (PID=4587) to work on /home/airflow/.local/lib/python3.12/site-packages/airflow/example_dags/example_trigger_target_dag.py
[2025-11-09T21:44:09.857+0000] {processor.py:914} INFO - Processing file /home/airflow/.local/lib/python3.12/site-packages/airflow/example_dags/example_trigger_target_dag.py for tasks to queue
[2025-11-09T21:44:09.863+0000] {logging_mixin.py:190} INFO - [2025-11-09T21:44:09.862+0000] {dagbag.py:588} INFO - Filling up the DagBag from /home/airflow/.local/lib/python3.12/site-packages/airflow/example_dags/example_trigger_target_dag.py
[2025-11-09T21:44:09.881+0000] {processor.py:925} INFO - DAG(s) 'example_trigger_target_dag' retrieved from /home/airflow/.local/lib/python3.12/site-packages/airflow/example_dags/example_trigger_target_dag.py
[2025-11-09T21:44:09.919+0000] {logging_mixin.py:190} INFO - [2025-11-09T21:44:09.919+0000] {dag.py:3239} INFO - Sync 1 DAGs
[2025-11-09T21:44:09.945+0000] {logging_mixin.py:190} INFO - [2025-11-09T21:44:09.944+0000] {dag.py:4180} INFO - Setting next_dagrun for example_trigger_target_dag to None, run_after=None
[2025-11-09T21:44:09.978+0000] {processor.py:208} INFO - Processing /home/airflow/.local/lib/python3.12/site-packages/airflow/example_dags/example_trigger_target_dag.py took 0.136 seconds
[2025-11-09T21:44:40.843+0000] {processor.py:186} INFO - Started process (PID=4652) to work on /home/airflow/.local/lib/python3.12/site-packages/airflow/example_dags/example_trigger_target_dag.py
[2025-11-09T21:44:40.845+0000] {processor.py:914} INFO - Processing file /home/airflow/.local/lib/python3.12/site-packages/airflow/example_dags/example_trigger_target_dag.py for tasks to queue
[2025-11-09T21:44:40.850+0000] {logging_mixin.py:190} INFO - [2025-11-09T21:44:40.849+0000] {dagbag.py:588} INFO - Filling up the DagBag from /home/airflow/.local/lib/python3.12/site-packages/airflow/example_dags/example_trigger_target_dag.py
[2025-11-09T21:44:40.867+0000] {processor.py:925} INFO - DAG(s) 'example_trigger_target_dag' retrieved from /home/airflow/.local/lib/python3.12/site-packages/airflow/example_dags/example_trigger_target_dag.py
[2025-11-09T21:44:40.904+0000] {logging_mixin.py:190} INFO - [2025-11-09T21:44:40.903+0000] {dag.py:3239} INFO - Sync 1 DAGs
[2025-11-09T21:44:40.934+0000] {logging_mixin.py:190} INFO - [2025-11-09T21:44:40.934+0000] {dag.py:4180} INFO - Setting next_dagrun for example_trigger_target_dag to None, run_after=None
[2025-11-09T21:44:40.966+0000] {processor.py:208} INFO - Processing /home/airflow/.local/lib/python3.12/site-packages/airflow/example_dags/example_trigger_target_dag.py took 0.137 seconds
[2025-11-09T21:45:11.525+0000] {processor.py:186} INFO - Started process (PID=4716) to work on /home/airflow/.local/lib/python3.12/site-packages/airflow/example_dags/example_trigger_target_dag.py
[2025-11-09T21:45:11.528+0000] {processor.py:914} INFO - Processing file /home/airflow/.local/lib/python3.12/site-packages/airflow/example_dags/example_trigger_target_dag.py for tasks to queue
[2025-11-09T21:45:11.533+0000] {logging_mixin.py:190} INFO - [2025-11-09T21:45:11.532+0000] {dagbag.py:588} INFO - Filling up the DagBag from /home/airflow/.local/lib/python3.12/site-packages/airflow/example_dags/example_trigger_target_dag.py
[2025-11-09T21:45:11.548+0000] {processor.py:925} INFO - DAG(s) 'example_trigger_target_dag' retrieved from /home/airflow/.local/lib/python3.12/site-packages/airflow/example_dags/example_trigger_target_dag.py
[2025-11-09T21:45:11.586+0000] {logging_mixin.py:190} INFO - [2025-11-09T21:45:11.585+0000] {dag.py:3239} INFO - Sync 1 DAGs
[2025-11-09T21:45:11.617+0000] {logging_mixin.py:190} INFO - [2025-11-09T21:45:11.617+0000] {dag.py:4180} INFO - Setting next_dagrun for example_trigger_target_dag to None, run_after=None
[2025-11-09T21:45:11.652+0000] {processor.py:208} INFO - Processing /home/airflow/.local/lib/python3.12/site-packages/airflow/example_dags/example_trigger_target_dag.py took 0.142 seconds
[2025-11-09T21:45:42.239+0000] {processor.py:186} INFO - Started process (PID=4780) to work on /home/airflow/.local/lib/python3.12/site-packages/airflow/example_dags/example_trigger_target_dag.py
[2025-11-09T21:45:42.241+0000] {processor.py:914} INFO - Processing file /home/airflow/.local/lib/python3.12/site-packages/airflow/example_dags/example_trigger_target_dag.py for tasks to queue
[2025-11-09T21:45:42.247+0000] {logging_mixin.py:190} INFO - [2025-11-09T21:45:42.246+0000] {dagbag.py:588} INFO - Filling up the DagBag from /home/airflow/.local/lib/python3.12/site-packages/airflow/example_dags/example_trigger_target_dag.py
[2025-11-09T21:45:42.272+0000] {processor.py:925} INFO - DAG(s) 'example_trigger_target_dag' retrieved from /home/airflow/.local/lib/python3.12/site-packages/airflow/example_dags/example_trigger_target_dag.py
[2025-11-09T21:45:42.322+0000] {logging_mixin.py:190} INFO - [2025-11-09T21:45:42.322+0000] {dag.py:3239} INFO - Sync 1 DAGs
[2025-11-09T21:45:42.357+0000] {logging_mixin.py:190} INFO - [2025-11-09T21:45:42.356+0000] {dag.py:4180} INFO - Setting next_dagrun for example_trigger_target_dag to None, run_after=None
[2025-11-09T21:45:42.409+0000] {processor.py:208} INFO - Processing /home/airflow/.local/lib/python3.12/site-packages/airflow/example_dags/example_trigger_target_dag.py took 0.185 seconds
[2025-11-09T21:46:15.173+0000] {processor.py:186} INFO - Started process (PID=4844) to work on /home/airflow/.local/lib/python3.12/site-packages/airflow/example_dags/example_trigger_target_dag.py
[2025-11-09T21:46:15.177+0000] {processor.py:914} INFO - Processing file /home/airflow/.local/lib/python3.12/site-packages/airflow/example_dags/example_trigger_target_dag.py for tasks to queue
[2025-11-09T21:46:15.187+0000] {logging_mixin.py:190} INFO - [2025-11-09T21:46:15.185+0000] {dagbag.py:588} INFO - Filling up the DagBag from /home/airflow/.local/lib/python3.12/site-packages/airflow/example_dags/example_trigger_target_dag.py
[2025-11-09T21:46:15.221+0000] {processor.py:925} INFO - DAG(s) 'example_trigger_target_dag' retrieved from /home/airflow/.local/lib/python3.12/site-packages/airflow/example_dags/example_trigger_target_dag.py
[2025-11-09T21:46:15.277+0000] {logging_mixin.py:190} INFO - [2025-11-09T21:46:15.276+0000] {dag.py:3239} INFO - Sync 1 DAGs
[2025-11-09T21:46:15.317+0000] {logging_mixin.py:190} INFO - [2025-11-09T21:46:15.316+0000] {dag.py:4180} INFO - Setting next_dagrun for example_trigger_target_dag to None, run_after=None
[2025-11-09T21:46:15.364+0000] {processor.py:208} INFO - Processing /home/airflow/.local/lib/python3.12/site-packages/airflow/example_dags/example_trigger_target_dag.py took 0.209 seconds
[2025-11-09T21:46:46.739+0000] {processor.py:186} INFO - Started process (PID=4908) to work on /home/airflow/.local/lib/python3.12/site-packages/airflow/example_dags/example_trigger_target_dag.py
[2025-11-09T21:46:46.741+0000] {processor.py:914} INFO - Processing file /home/airflow/.local/lib/python3.12/site-packages/airflow/example_dags/example_trigger_target_dag.py for tasks to queue
[2025-11-09T21:46:46.747+0000] {logging_mixin.py:190} INFO - [2025-11-09T21:46:46.746+0000] {dagbag.py:588} INFO - Filling up the DagBag from /home/airflow/.local/lib/python3.12/site-packages/airflow/example_dags/example_trigger_target_dag.py
[2025-11-09T21:46:46.766+0000] {processor.py:925} INFO - DAG(s) 'example_trigger_target_dag' retrieved from /home/airflow/.local/lib/python3.12/site-packages/airflow/example_dags/example_trigger_target_dag.py
[2025-11-09T21:46:46.816+0000] {logging_mixin.py:190} INFO - [2025-11-09T21:46:46.815+0000] {dag.py:3239} INFO - Sync 1 DAGs
[2025-11-09T21:46:46.853+0000] {logging_mixin.py:190} INFO - [2025-11-09T21:46:46.852+0000] {dag.py:4180} INFO - Setting next_dagrun for example_trigger_target_dag to None, run_after=None
[2025-11-09T21:46:46.895+0000] {processor.py:208} INFO - Processing /home/airflow/.local/lib/python3.12/site-packages/airflow/example_dags/example_trigger_target_dag.py took 0.171 seconds
[2025-11-09T21:47:16.990+0000] {processor.py:186} INFO - Started process (PID=4971) to work on /home/airflow/.local/lib/python3.12/site-packages/airflow/example_dags/example_trigger_target_dag.py
[2025-11-09T21:47:16.992+0000] {processor.py:914} INFO - Processing file /home/airflow/.local/lib/python3.12/site-packages/airflow/example_dags/example_trigger_target_dag.py for tasks to queue
[2025-11-09T21:47:16.999+0000] {logging_mixin.py:190} INFO - [2025-11-09T21:47:16.998+0000] {dagbag.py:588} INFO - Filling up the DagBag from /home/airflow/.local/lib/python3.12/site-packages/airflow/example_dags/example_trigger_target_dag.py
[2025-11-09T21:47:17.017+0000] {processor.py:925} INFO - DAG(s) 'example_trigger_target_dag' retrieved from /home/airflow/.local/lib/python3.12/site-packages/airflow/example_dags/example_trigger_target_dag.py
[2025-11-09T21:47:17.063+0000] {logging_mixin.py:190} INFO - [2025-11-09T21:47:17.062+0000] {dag.py:3239} INFO - Sync 1 DAGs
[2025-11-09T21:47:17.106+0000] {logging_mixin.py:190} INFO - [2025-11-09T21:47:17.106+0000] {dag.py:4180} INFO - Setting next_dagrun for example_trigger_target_dag to None, run_after=None
[2025-11-09T21:47:17.145+0000] {processor.py:208} INFO - Processing /home/airflow/.local/lib/python3.12/site-packages/airflow/example_dags/example_trigger_target_dag.py took 0.172 seconds
[2025-11-09T21:47:47.420+0000] {processor.py:186} INFO - Started process (PID=5033) to work on /home/airflow/.local/lib/python3.12/site-packages/airflow/example_dags/example_trigger_target_dag.py
[2025-11-09T21:47:47.423+0000] {processor.py:914} INFO - Processing file /home/airflow/.local/lib/python3.12/site-packages/airflow/example_dags/example_trigger_target_dag.py for tasks to queue
[2025-11-09T21:47:47.434+0000] {logging_mixin.py:190} INFO - [2025-11-09T21:47:47.433+0000] {dagbag.py:588} INFO - Filling up the DagBag from /home/airflow/.local/lib/python3.12/site-packages/airflow/example_dags/example_trigger_target_dag.py
[2025-11-09T21:47:47.467+0000] {processor.py:925} INFO - DAG(s) 'example_trigger_target_dag' retrieved from /home/airflow/.local/lib/python3.12/site-packages/airflow/example_dags/example_trigger_target_dag.py
[2025-11-09T21:47:47.545+0000] {logging_mixin.py:190} INFO - [2025-11-09T21:47:47.544+0000] {dag.py:3239} INFO - Sync 1 DAGs
[2025-11-09T21:47:47.608+0000] {logging_mixin.py:190} INFO - [2025-11-09T21:47:47.607+0000] {dag.py:4180} INFO - Setting next_dagrun for example_trigger_target_dag to None, run_after=None
[2025-11-09T21:47:47.674+0000] {processor.py:208} INFO - Processing /home/airflow/.local/lib/python3.12/site-packages/airflow/example_dags/example_trigger_target_dag.py took 0.284 seconds
[2025-11-09T21:48:18.062+0000] {processor.py:186} INFO - Started process (PID=5097) to work on /home/airflow/.local/lib/python3.12/site-packages/airflow/example_dags/example_trigger_target_dag.py
[2025-11-09T21:48:18.064+0000] {processor.py:914} INFO - Processing file /home/airflow/.local/lib/python3.12/site-packages/airflow/example_dags/example_trigger_target_dag.py for tasks to queue
[2025-11-09T21:48:18.070+0000] {logging_mixin.py:190} INFO - [2025-11-09T21:48:18.069+0000] {dagbag.py:588} INFO - Filling up the DagBag from /home/airflow/.local/lib/python3.12/site-packages/airflow/example_dags/example_trigger_target_dag.py
[2025-11-09T21:48:18.084+0000] {processor.py:925} INFO - DAG(s) 'example_trigger_target_dag' retrieved from /home/airflow/.local/lib/python3.12/site-packages/airflow/example_dags/example_trigger_target_dag.py
[2025-11-09T21:48:18.118+0000] {logging_mixin.py:190} INFO - [2025-11-09T21:48:18.118+0000] {dag.py:3239} INFO - Sync 1 DAGs
[2025-11-09T21:48:18.139+0000] {logging_mixin.py:190} INFO - [2025-11-09T21:48:18.138+0000] {dag.py:4180} INFO - Setting next_dagrun for example_trigger_target_dag to None, run_after=None
[2025-11-09T21:48:18.169+0000] {processor.py:208} INFO - Processing /home/airflow/.local/lib/python3.12/site-packages/airflow/example_dags/example_trigger_target_dag.py took 0.116 seconds
[2025-11-09T21:48:48.387+0000] {processor.py:186} INFO - Started process (PID=5161) to work on /home/airflow/.local/lib/python3.12/site-packages/airflow/example_dags/example_trigger_target_dag.py
[2025-11-09T21:48:48.389+0000] {processor.py:914} INFO - Processing file /home/airflow/.local/lib/python3.12/site-packages/airflow/example_dags/example_trigger_target_dag.py for tasks to queue
[2025-11-09T21:48:48.394+0000] {logging_mixin.py:190} INFO - [2025-11-09T21:48:48.393+0000] {dagbag.py:588} INFO - Filling up the DagBag from /home/airflow/.local/lib/python3.12/site-packages/airflow/example_dags/example_trigger_target_dag.py
[2025-11-09T21:48:48.410+0000] {processor.py:925} INFO - DAG(s) 'example_trigger_target_dag' retrieved from /home/airflow/.local/lib/python3.12/site-packages/airflow/example_dags/example_trigger_target_dag.py
[2025-11-09T21:48:48.444+0000] {logging_mixin.py:190} INFO - [2025-11-09T21:48:48.443+0000] {dag.py:3239} INFO - Sync 1 DAGs
[2025-11-09T21:48:48.467+0000] {logging_mixin.py:190} INFO - [2025-11-09T21:48:48.467+0000] {dag.py:4180} INFO - Setting next_dagrun for example_trigger_target_dag to None, run_after=None
[2025-11-09T21:48:48.504+0000] {processor.py:208} INFO - Processing /home/airflow/.local/lib/python3.12/site-packages/airflow/example_dags/example_trigger_target_dag.py took 0.128 seconds
[2025-11-09T21:49:19.009+0000] {processor.py:186} INFO - Started process (PID=5224) to work on /home/airflow/.local/lib/python3.12/site-packages/airflow/example_dags/example_trigger_target_dag.py
[2025-11-09T21:49:19.012+0000] {processor.py:914} INFO - Processing file /home/airflow/.local/lib/python3.12/site-packages/airflow/example_dags/example_trigger_target_dag.py for tasks to queue
[2025-11-09T21:49:19.017+0000] {logging_mixin.py:190} INFO - [2025-11-09T21:49:19.016+0000] {dagbag.py:588} INFO - Filling up the DagBag from /home/airflow/.local/lib/python3.12/site-packages/airflow/example_dags/example_trigger_target_dag.py
[2025-11-09T21:49:19.034+0000] {processor.py:925} INFO - DAG(s) 'example_trigger_target_dag' retrieved from /home/airflow/.local/lib/python3.12/site-packages/airflow/example_dags/example_trigger_target_dag.py
[2025-11-09T21:49:19.067+0000] {logging_mixin.py:190} INFO - [2025-11-09T21:49:19.067+0000] {dag.py:3239} INFO - Sync 1 DAGs
[2025-11-09T21:49:19.091+0000] {logging_mixin.py:190} INFO - [2025-11-09T21:49:19.091+0000] {dag.py:4180} INFO - Setting next_dagrun for example_trigger_target_dag to None, run_after=None
[2025-11-09T21:49:19.120+0000] {processor.py:208} INFO - Processing /home/airflow/.local/lib/python3.12/site-packages/airflow/example_dags/example_trigger_target_dag.py took 0.121 seconds
[2025-11-09T21:49:49.681+0000] {processor.py:186} INFO - Started process (PID=5289) to work on /home/airflow/.local/lib/python3.12/site-packages/airflow/example_dags/example_trigger_target_dag.py
[2025-11-09T21:49:49.683+0000] {processor.py:914} INFO - Processing file /home/airflow/.local/lib/python3.12/site-packages/airflow/example_dags/example_trigger_target_dag.py for tasks to queue
[2025-11-09T21:49:49.690+0000] {logging_mixin.py:190} INFO - [2025-11-09T21:49:49.689+0000] {dagbag.py:588} INFO - Filling up the DagBag from /home/airflow/.local/lib/python3.12/site-packages/airflow/example_dags/example_trigger_target_dag.py
[2025-11-09T21:49:49.711+0000] {processor.py:925} INFO - DAG(s) 'example_trigger_target_dag' retrieved from /home/airflow/.local/lib/python3.12/site-packages/airflow/example_dags/example_trigger_target_dag.py
[2025-11-09T21:49:49.756+0000] {logging_mixin.py:190} INFO - [2025-11-09T21:49:49.755+0000] {dag.py:3239} INFO - Sync 1 DAGs
[2025-11-09T21:49:49.785+0000] {logging_mixin.py:190} INFO - [2025-11-09T21:49:49.784+0000] {dag.py:4180} INFO - Setting next_dagrun for example_trigger_target_dag to None, run_after=None
[2025-11-09T21:49:49.820+0000] {processor.py:208} INFO - Processing /home/airflow/.local/lib/python3.12/site-packages/airflow/example_dags/example_trigger_target_dag.py took 0.156 seconds
[2025-11-09T21:50:20.206+0000] {processor.py:186} INFO - Started process (PID=5354) to work on /home/airflow/.local/lib/python3.12/site-packages/airflow/example_dags/example_trigger_target_dag.py
[2025-11-09T21:50:20.208+0000] {processor.py:914} INFO - Processing file /home/airflow/.local/lib/python3.12/site-packages/airflow/example_dags/example_trigger_target_dag.py for tasks to queue
[2025-11-09T21:50:20.214+0000] {logging_mixin.py:190} INFO - [2025-11-09T21:50:20.213+0000] {dagbag.py:588} INFO - Filling up the DagBag from /home/airflow/.local/lib/python3.12/site-packages/airflow/example_dags/example_trigger_target_dag.py
[2025-11-09T21:50:20.229+0000] {processor.py:925} INFO - DAG(s) 'example_trigger_target_dag' retrieved from /home/airflow/.local/lib/python3.12/site-packages/airflow/example_dags/example_trigger_target_dag.py
[2025-11-09T21:50:20.265+0000] {logging_mixin.py:190} INFO - [2025-11-09T21:50:20.264+0000] {dag.py:3239} INFO - Sync 1 DAGs
[2025-11-09T21:50:20.285+0000] {logging_mixin.py:190} INFO - [2025-11-09T21:50:20.285+0000] {dag.py:4180} INFO - Setting next_dagrun for example_trigger_target_dag to None, run_after=None
[2025-11-09T21:50:20.315+0000] {processor.py:208} INFO - Processing /home/airflow/.local/lib/python3.12/site-packages/airflow/example_dags/example_trigger_target_dag.py took 0.120 seconds
[2025-11-09T21:50:50.622+0000] {processor.py:186} INFO - Started process (PID=5418) to work on /home/airflow/.local/lib/python3.12/site-packages/airflow/example_dags/example_trigger_target_dag.py
[2025-11-09T21:50:50.624+0000] {processor.py:914} INFO - Processing file /home/airflow/.local/lib/python3.12/site-packages/airflow/example_dags/example_trigger_target_dag.py for tasks to queue
[2025-11-09T21:50:50.631+0000] {logging_mixin.py:190} INFO - [2025-11-09T21:50:50.630+0000] {dagbag.py:588} INFO - Filling up the DagBag from /home/airflow/.local/lib/python3.12/site-packages/airflow/example_dags/example_trigger_target_dag.py
[2025-11-09T21:50:50.651+0000] {processor.py:925} INFO - DAG(s) 'example_trigger_target_dag' retrieved from /home/airflow/.local/lib/python3.12/site-packages/airflow/example_dags/example_trigger_target_dag.py
[2025-11-09T21:50:50.694+0000] {logging_mixin.py:190} INFO - [2025-11-09T21:50:50.693+0000] {dag.py:3239} INFO - Sync 1 DAGs
[2025-11-09T21:50:50.721+0000] {logging_mixin.py:190} INFO - [2025-11-09T21:50:50.721+0000] {dag.py:4180} INFO - Setting next_dagrun for example_trigger_target_dag to None, run_after=None
[2025-11-09T21:50:50.768+0000] {processor.py:208} INFO - Processing /home/airflow/.local/lib/python3.12/site-packages/airflow/example_dags/example_trigger_target_dag.py took 0.160 seconds
[2025-11-09T21:51:21.413+0000] {processor.py:186} INFO - Started process (PID=5482) to work on /home/airflow/.local/lib/python3.12/site-packages/airflow/example_dags/example_trigger_target_dag.py
[2025-11-09T21:51:21.415+0000] {processor.py:914} INFO - Processing file /home/airflow/.local/lib/python3.12/site-packages/airflow/example_dags/example_trigger_target_dag.py for tasks to queue
[2025-11-09T21:51:21.421+0000] {logging_mixin.py:190} INFO - [2025-11-09T21:51:21.421+0000] {dagbag.py:588} INFO - Filling up the DagBag from /home/airflow/.local/lib/python3.12/site-packages/airflow/example_dags/example_trigger_target_dag.py
[2025-11-09T21:51:21.441+0000] {processor.py:925} INFO - DAG(s) 'example_trigger_target_dag' retrieved from /home/airflow/.local/lib/python3.12/site-packages/airflow/example_dags/example_trigger_target_dag.py
[2025-11-09T21:51:21.492+0000] {logging_mixin.py:190} INFO - [2025-11-09T21:51:21.491+0000] {dag.py:3239} INFO - Sync 1 DAGs
[2025-11-09T21:51:21.526+0000] {logging_mixin.py:190} INFO - [2025-11-09T21:51:21.526+0000] {dag.py:4180} INFO - Setting next_dagrun for example_trigger_target_dag to None, run_after=None
[2025-11-09T21:51:21.561+0000] {processor.py:208} INFO - Processing /home/airflow/.local/lib/python3.12/site-packages/airflow/example_dags/example_trigger_target_dag.py took 0.163 seconds
[2025-11-09T21:51:51.758+0000] {processor.py:186} INFO - Started process (PID=5546) to work on /home/airflow/.local/lib/python3.12/site-packages/airflow/example_dags/example_trigger_target_dag.py
[2025-11-09T21:51:51.760+0000] {processor.py:914} INFO - Processing file /home/airflow/.local/lib/python3.12/site-packages/airflow/example_dags/example_trigger_target_dag.py for tasks to queue
[2025-11-09T21:51:51.763+0000] {logging_mixin.py:190} INFO - [2025-11-09T21:51:51.763+0000] {dagbag.py:588} INFO - Filling up the DagBag from /home/airflow/.local/lib/python3.12/site-packages/airflow/example_dags/example_trigger_target_dag.py
[2025-11-09T21:51:51.777+0000] {processor.py:925} INFO - DAG(s) 'example_trigger_target_dag' retrieved from /home/airflow/.local/lib/python3.12/site-packages/airflow/example_dags/example_trigger_target_dag.py
[2025-11-09T21:51:51.814+0000] {logging_mixin.py:190} INFO - [2025-11-09T21:51:51.813+0000] {dag.py:3239} INFO - Sync 1 DAGs
[2025-11-09T21:51:51.836+0000] {logging_mixin.py:190} INFO - [2025-11-09T21:51:51.836+0000] {dag.py:4180} INFO - Setting next_dagrun for example_trigger_target_dag to None, run_after=None
[2025-11-09T21:51:51.865+0000] {processor.py:208} INFO - Processing /home/airflow/.local/lib/python3.12/site-packages/airflow/example_dags/example_trigger_target_dag.py took 0.116 seconds
[2025-11-09T21:52:22.212+0000] {processor.py:186} INFO - Started process (PID=5610) to work on /home/airflow/.local/lib/python3.12/site-packages/airflow/example_dags/example_trigger_target_dag.py
[2025-11-09T21:52:22.214+0000] {processor.py:914} INFO - Processing file /home/airflow/.local/lib/python3.12/site-packages/airflow/example_dags/example_trigger_target_dag.py for tasks to queue
[2025-11-09T21:52:22.218+0000] {logging_mixin.py:190} INFO - [2025-11-09T21:52:22.217+0000] {dagbag.py:588} INFO - Filling up the DagBag from /home/airflow/.local/lib/python3.12/site-packages/airflow/example_dags/example_trigger_target_dag.py
[2025-11-09T21:52:22.232+0000] {processor.py:925} INFO - DAG(s) 'example_trigger_target_dag' retrieved from /home/airflow/.local/lib/python3.12/site-packages/airflow/example_dags/example_trigger_target_dag.py
[2025-11-09T21:52:22.266+0000] {logging_mixin.py:190} INFO - [2025-11-09T21:52:22.266+0000] {dag.py:3239} INFO - Sync 1 DAGs
[2025-11-09T21:52:22.289+0000] {logging_mixin.py:190} INFO - [2025-11-09T21:52:22.289+0000] {dag.py:4180} INFO - Setting next_dagrun for example_trigger_target_dag to None, run_after=None
[2025-11-09T21:52:22.318+0000] {processor.py:208} INFO - Processing /home/airflow/.local/lib/python3.12/site-packages/airflow/example_dags/example_trigger_target_dag.py took 0.117 seconds
[2025-11-09T21:52:52.749+0000] {processor.py:186} INFO - Started process (PID=5674) to work on /home/airflow/.local/lib/python3.12/site-packages/airflow/example_dags/example_trigger_target_dag.py
[2025-11-09T21:52:52.751+0000] {processor.py:914} INFO - Processing file /home/airflow/.local/lib/python3.12/site-packages/airflow/example_dags/example_trigger_target_dag.py for tasks to queue
[2025-11-09T21:52:52.757+0000] {logging_mixin.py:190} INFO - [2025-11-09T21:52:52.756+0000] {dagbag.py:588} INFO - Filling up the DagBag from /home/airflow/.local/lib/python3.12/site-packages/airflow/example_dags/example_trigger_target_dag.py
[2025-11-09T21:52:52.771+0000] {processor.py:925} INFO - DAG(s) 'example_trigger_target_dag' retrieved from /home/airflow/.local/lib/python3.12/site-packages/airflow/example_dags/example_trigger_target_dag.py
[2025-11-09T21:52:52.806+0000] {logging_mixin.py:190} INFO - [2025-11-09T21:52:52.806+0000] {dag.py:3239} INFO - Sync 1 DAGs
[2025-11-09T21:52:52.827+0000] {logging_mixin.py:190} INFO - [2025-11-09T21:52:52.827+0000] {dag.py:4180} INFO - Setting next_dagrun for example_trigger_target_dag to None, run_after=None
[2025-11-09T21:52:52.854+0000] {processor.py:208} INFO - Processing /home/airflow/.local/lib/python3.12/site-packages/airflow/example_dags/example_trigger_target_dag.py took 0.118 seconds
[2025-11-09T21:53:23.571+0000] {processor.py:186} INFO - Started process (PID=5737) to work on /home/airflow/.local/lib/python3.12/site-packages/airflow/example_dags/example_trigger_target_dag.py
[2025-11-09T21:53:23.575+0000] {processor.py:914} INFO - Processing file /home/airflow/.local/lib/python3.12/site-packages/airflow/example_dags/example_trigger_target_dag.py for tasks to queue
[2025-11-09T21:53:23.586+0000] {logging_mixin.py:190} INFO - [2025-11-09T21:53:23.585+0000] {dagbag.py:588} INFO - Filling up the DagBag from /home/airflow/.local/lib/python3.12/site-packages/airflow/example_dags/example_trigger_target_dag.py
[2025-11-09T21:53:23.611+0000] {processor.py:925} INFO - DAG(s) 'example_trigger_target_dag' retrieved from /home/airflow/.local/lib/python3.12/site-packages/airflow/example_dags/example_trigger_target_dag.py
[2025-11-09T21:53:23.672+0000] {logging_mixin.py:190} INFO - [2025-11-09T21:53:23.671+0000] {dag.py:3239} INFO - Sync 1 DAGs
[2025-11-09T21:53:23.724+0000] {logging_mixin.py:190} INFO - [2025-11-09T21:53:23.723+0000] {dag.py:4180} INFO - Setting next_dagrun for example_trigger_target_dag to None, run_after=None
[2025-11-09T21:53:23.784+0000] {processor.py:208} INFO - Processing /home/airflow/.local/lib/python3.12/site-packages/airflow/example_dags/example_trigger_target_dag.py took 0.238 seconds
[2025-11-09T21:53:54.106+0000] {processor.py:186} INFO - Started process (PID=5801) to work on /home/airflow/.local/lib/python3.12/site-packages/airflow/example_dags/example_trigger_target_dag.py
[2025-11-09T21:53:54.109+0000] {processor.py:914} INFO - Processing file /home/airflow/.local/lib/python3.12/site-packages/airflow/example_dags/example_trigger_target_dag.py for tasks to queue
[2025-11-09T21:53:54.115+0000] {logging_mixin.py:190} INFO - [2025-11-09T21:53:54.114+0000] {dagbag.py:588} INFO - Filling up the DagBag from /home/airflow/.local/lib/python3.12/site-packages/airflow/example_dags/example_trigger_target_dag.py
[2025-11-09T21:53:54.141+0000] {processor.py:925} INFO - DAG(s) 'example_trigger_target_dag' retrieved from /home/airflow/.local/lib/python3.12/site-packages/airflow/example_dags/example_trigger_target_dag.py
[2025-11-09T21:53:54.196+0000] {logging_mixin.py:190} INFO - [2025-11-09T21:53:54.196+0000] {dag.py:3239} INFO - Sync 1 DAGs
[2025-11-09T21:53:54.244+0000] {logging_mixin.py:190} INFO - [2025-11-09T21:53:54.243+0000] {dag.py:4180} INFO - Setting next_dagrun for example_trigger_target_dag to None, run_after=None
[2025-11-09T21:53:54.296+0000] {processor.py:208} INFO - Processing /home/airflow/.local/lib/python3.12/site-packages/airflow/example_dags/example_trigger_target_dag.py took 0.206 seconds
[2025-11-09T21:54:24.927+0000] {processor.py:186} INFO - Started process (PID=5865) to work on /home/airflow/.local/lib/python3.12/site-packages/airflow/example_dags/example_trigger_target_dag.py
[2025-11-09T21:54:24.929+0000] {processor.py:914} INFO - Processing file /home/airflow/.local/lib/python3.12/site-packages/airflow/example_dags/example_trigger_target_dag.py for tasks to queue
[2025-11-09T21:54:24.934+0000] {logging_mixin.py:190} INFO - [2025-11-09T21:54:24.934+0000] {dagbag.py:588} INFO - Filling up the DagBag from /home/airflow/.local/lib/python3.12/site-packages/airflow/example_dags/example_trigger_target_dag.py
[2025-11-09T21:54:24.954+0000] {processor.py:925} INFO - DAG(s) 'example_trigger_target_dag' retrieved from /home/airflow/.local/lib/python3.12/site-packages/airflow/example_dags/example_trigger_target_dag.py
[2025-11-09T21:54:25.008+0000] {logging_mixin.py:190} INFO - [2025-11-09T21:54:25.007+0000] {dag.py:3239} INFO - Sync 1 DAGs
[2025-11-09T21:54:25.044+0000] {logging_mixin.py:190} INFO - [2025-11-09T21:54:25.044+0000] {dag.py:4180} INFO - Setting next_dagrun for example_trigger_target_dag to None, run_after=None
[2025-11-09T21:54:25.101+0000] {processor.py:208} INFO - Processing /home/airflow/.local/lib/python3.12/site-packages/airflow/example_dags/example_trigger_target_dag.py took 0.187 seconds
[2025-11-09T21:54:55.577+0000] {processor.py:186} INFO - Started process (PID=5928) to work on /home/airflow/.local/lib/python3.12/site-packages/airflow/example_dags/example_trigger_target_dag.py
[2025-11-09T21:54:55.579+0000] {processor.py:914} INFO - Processing file /home/airflow/.local/lib/python3.12/site-packages/airflow/example_dags/example_trigger_target_dag.py for tasks to queue
[2025-11-09T21:54:55.585+0000] {logging_mixin.py:190} INFO - [2025-11-09T21:54:55.584+0000] {dagbag.py:588} INFO - Filling up the DagBag from /home/airflow/.local/lib/python3.12/site-packages/airflow/example_dags/example_trigger_target_dag.py
[2025-11-09T21:54:55.598+0000] {processor.py:925} INFO - DAG(s) 'example_trigger_target_dag' retrieved from /home/airflow/.local/lib/python3.12/site-packages/airflow/example_dags/example_trigger_target_dag.py
[2025-11-09T21:54:55.633+0000] {logging_mixin.py:190} INFO - [2025-11-09T21:54:55.632+0000] {dag.py:3239} INFO - Sync 1 DAGs
[2025-11-09T21:54:55.656+0000] {logging_mixin.py:190} INFO - [2025-11-09T21:54:55.655+0000] {dag.py:4180} INFO - Setting next_dagrun for example_trigger_target_dag to None, run_after=None
[2025-11-09T21:54:55.684+0000] {processor.py:208} INFO - Processing /home/airflow/.local/lib/python3.12/site-packages/airflow/example_dags/example_trigger_target_dag.py took 0.118 seconds
[2025-11-09T21:55:29.339+0000] {processor.py:186} INFO - Started process (PID=5989) to work on /home/airflow/.local/lib/python3.12/site-packages/airflow/example_dags/example_trigger_target_dag.py
[2025-11-09T21:55:29.342+0000] {processor.py:914} INFO - Processing file /home/airflow/.local/lib/python3.12/site-packages/airflow/example_dags/example_trigger_target_dag.py for tasks to queue
[2025-11-09T21:55:29.349+0000] {logging_mixin.py:190} INFO - [2025-11-09T21:55:29.348+0000] {dagbag.py:588} INFO - Filling up the DagBag from /home/airflow/.local/lib/python3.12/site-packages/airflow/example_dags/example_trigger_target_dag.py
[2025-11-09T21:55:29.376+0000] {processor.py:925} INFO - DAG(s) 'example_trigger_target_dag' retrieved from /home/airflow/.local/lib/python3.12/site-packages/airflow/example_dags/example_trigger_target_dag.py
[2025-11-09T21:55:29.437+0000] {logging_mixin.py:190} INFO - [2025-11-09T21:55:29.437+0000] {dag.py:3239} INFO - Sync 1 DAGs
[2025-11-09T21:55:29.476+0000] {logging_mixin.py:190} INFO - [2025-11-09T21:55:29.475+0000] {dag.py:4180} INFO - Setting next_dagrun for example_trigger_target_dag to None, run_after=None
[2025-11-09T21:55:29.534+0000] {processor.py:208} INFO - Processing /home/airflow/.local/lib/python3.12/site-packages/airflow/example_dags/example_trigger_target_dag.py took 0.217 seconds
[2025-11-09T21:55:59.790+0000] {processor.py:186} INFO - Started process (PID=6052) to work on /home/airflow/.local/lib/python3.12/site-packages/airflow/example_dags/example_trigger_target_dag.py
[2025-11-09T21:55:59.793+0000] {processor.py:914} INFO - Processing file /home/airflow/.local/lib/python3.12/site-packages/airflow/example_dags/example_trigger_target_dag.py for tasks to queue
[2025-11-09T21:55:59.800+0000] {logging_mixin.py:190} INFO - [2025-11-09T21:55:59.799+0000] {dagbag.py:588} INFO - Filling up the DagBag from /home/airflow/.local/lib/python3.12/site-packages/airflow/example_dags/example_trigger_target_dag.py
[2025-11-09T21:55:59.824+0000] {processor.py:925} INFO - DAG(s) 'example_trigger_target_dag' retrieved from /home/airflow/.local/lib/python3.12/site-packages/airflow/example_dags/example_trigger_target_dag.py
[2025-11-09T21:55:59.875+0000] {logging_mixin.py:190} INFO - [2025-11-09T21:55:59.875+0000] {dag.py:3239} INFO - Sync 1 DAGs
[2025-11-09T21:55:59.905+0000] {logging_mixin.py:190} INFO - [2025-11-09T21:55:59.904+0000] {dag.py:4180} INFO - Setting next_dagrun for example_trigger_target_dag to None, run_after=None
[2025-11-09T21:55:59.943+0000] {processor.py:208} INFO - Processing /home/airflow/.local/lib/python3.12/site-packages/airflow/example_dags/example_trigger_target_dag.py took 0.170 seconds
[2025-11-09T21:56:30.571+0000] {processor.py:186} INFO - Started process (PID=6116) to work on /home/airflow/.local/lib/python3.12/site-packages/airflow/example_dags/example_trigger_target_dag.py
[2025-11-09T21:56:30.575+0000] {processor.py:914} INFO - Processing file /home/airflow/.local/lib/python3.12/site-packages/airflow/example_dags/example_trigger_target_dag.py for tasks to queue
[2025-11-09T21:56:30.588+0000] {logging_mixin.py:190} INFO - [2025-11-09T21:56:30.587+0000] {dagbag.py:588} INFO - Filling up the DagBag from /home/airflow/.local/lib/python3.12/site-packages/airflow/example_dags/example_trigger_target_dag.py
[2025-11-09T21:56:30.633+0000] {processor.py:925} INFO - DAG(s) 'example_trigger_target_dag' retrieved from /home/airflow/.local/lib/python3.12/site-packages/airflow/example_dags/example_trigger_target_dag.py
[2025-11-09T21:56:30.733+0000] {logging_mixin.py:190} INFO - [2025-11-09T21:56:30.732+0000] {dag.py:3239} INFO - Sync 1 DAGs
[2025-11-09T21:56:30.802+0000] {logging_mixin.py:190} INFO - [2025-11-09T21:56:30.801+0000] {dag.py:4180} INFO - Setting next_dagrun for example_trigger_target_dag to None, run_after=None
[2025-11-09T21:56:30.873+0000] {processor.py:208} INFO - Processing /home/airflow/.local/lib/python3.12/site-packages/airflow/example_dags/example_trigger_target_dag.py took 0.326 seconds
[2025-11-09T21:57:01.422+0000] {processor.py:186} INFO - Started process (PID=6179) to work on /home/airflow/.local/lib/python3.12/site-packages/airflow/example_dags/example_trigger_target_dag.py
[2025-11-09T21:57:01.424+0000] {processor.py:914} INFO - Processing file /home/airflow/.local/lib/python3.12/site-packages/airflow/example_dags/example_trigger_target_dag.py for tasks to queue
[2025-11-09T21:57:01.428+0000] {logging_mixin.py:190} INFO - [2025-11-09T21:57:01.427+0000] {dagbag.py:588} INFO - Filling up the DagBag from /home/airflow/.local/lib/python3.12/site-packages/airflow/example_dags/example_trigger_target_dag.py
[2025-11-09T21:57:01.443+0000] {processor.py:925} INFO - DAG(s) 'example_trigger_target_dag' retrieved from /home/airflow/.local/lib/python3.12/site-packages/airflow/example_dags/example_trigger_target_dag.py
[2025-11-09T21:57:01.476+0000] {logging_mixin.py:190} INFO - [2025-11-09T21:57:01.476+0000] {dag.py:3239} INFO - Sync 1 DAGs
[2025-11-09T21:57:01.497+0000] {logging_mixin.py:190} INFO - [2025-11-09T21:57:01.496+0000] {dag.py:4180} INFO - Setting next_dagrun for example_trigger_target_dag to None, run_after=None
[2025-11-09T21:57:01.524+0000] {processor.py:208} INFO - Processing /home/airflow/.local/lib/python3.12/site-packages/airflow/example_dags/example_trigger_target_dag.py took 0.113 seconds
[2025-11-09T21:57:32.338+0000] {processor.py:186} INFO - Started process (PID=6243) to work on /home/airflow/.local/lib/python3.12/site-packages/airflow/example_dags/example_trigger_target_dag.py
[2025-11-09T21:57:32.340+0000] {processor.py:914} INFO - Processing file /home/airflow/.local/lib/python3.12/site-packages/airflow/example_dags/example_trigger_target_dag.py for tasks to queue
[2025-11-09T21:57:32.345+0000] {logging_mixin.py:190} INFO - [2025-11-09T21:57:32.345+0000] {dagbag.py:588} INFO - Filling up the DagBag from /home/airflow/.local/lib/python3.12/site-packages/airflow/example_dags/example_trigger_target_dag.py
[2025-11-09T21:57:32.362+0000] {processor.py:925} INFO - DAG(s) 'example_trigger_target_dag' retrieved from /home/airflow/.local/lib/python3.12/site-packages/airflow/example_dags/example_trigger_target_dag.py
[2025-11-09T21:57:32.402+0000] {logging_mixin.py:190} INFO - [2025-11-09T21:57:32.401+0000] {dag.py:3239} INFO - Sync 1 DAGs
[2025-11-09T21:57:32.426+0000] {logging_mixin.py:190} INFO - [2025-11-09T21:57:32.425+0000] {dag.py:4180} INFO - Setting next_dagrun for example_trigger_target_dag to None, run_after=None
[2025-11-09T21:57:32.462+0000] {processor.py:208} INFO - Processing /home/airflow/.local/lib/python3.12/site-packages/airflow/example_dags/example_trigger_target_dag.py took 0.135 seconds
[2025-11-09T21:58:02.784+0000] {processor.py:186} INFO - Started process (PID=6306) to work on /home/airflow/.local/lib/python3.12/site-packages/airflow/example_dags/example_trigger_target_dag.py
[2025-11-09T21:58:02.786+0000] {processor.py:914} INFO - Processing file /home/airflow/.local/lib/python3.12/site-packages/airflow/example_dags/example_trigger_target_dag.py for tasks to queue
[2025-11-09T21:58:02.792+0000] {logging_mixin.py:190} INFO - [2025-11-09T21:58:02.791+0000] {dagbag.py:588} INFO - Filling up the DagBag from /home/airflow/.local/lib/python3.12/site-packages/airflow/example_dags/example_trigger_target_dag.py
[2025-11-09T21:58:02.808+0000] {processor.py:925} INFO - DAG(s) 'example_trigger_target_dag' retrieved from /home/airflow/.local/lib/python3.12/site-packages/airflow/example_dags/example_trigger_target_dag.py
[2025-11-09T21:58:02.846+0000] {logging_mixin.py:190} INFO - [2025-11-09T21:58:02.846+0000] {dag.py:3239} INFO - Sync 1 DAGs
[2025-11-09T21:58:02.871+0000] {logging_mixin.py:190} INFO - [2025-11-09T21:58:02.871+0000] {dag.py:4180} INFO - Setting next_dagrun for example_trigger_target_dag to None, run_after=None
[2025-11-09T21:58:02.919+0000] {processor.py:208} INFO - Processing /home/airflow/.local/lib/python3.12/site-packages/airflow/example_dags/example_trigger_target_dag.py took 0.147 seconds
[2025-11-09T21:58:33.340+0000] {processor.py:186} INFO - Started process (PID=6375) to work on /home/airflow/.local/lib/python3.12/site-packages/airflow/example_dags/example_trigger_target_dag.py
[2025-11-09T21:58:33.343+0000] {processor.py:914} INFO - Processing file /home/airflow/.local/lib/python3.12/site-packages/airflow/example_dags/example_trigger_target_dag.py for tasks to queue
[2025-11-09T21:58:33.350+0000] {logging_mixin.py:190} INFO - [2025-11-09T21:58:33.349+0000] {dagbag.py:588} INFO - Filling up the DagBag from /home/airflow/.local/lib/python3.12/site-packages/airflow/example_dags/example_trigger_target_dag.py
[2025-11-09T21:58:33.370+0000] {processor.py:925} INFO - DAG(s) 'example_trigger_target_dag' retrieved from /home/airflow/.local/lib/python3.12/site-packages/airflow/example_dags/example_trigger_target_dag.py
[2025-11-09T21:58:33.412+0000] {logging_mixin.py:190} INFO - [2025-11-09T21:58:33.412+0000] {dag.py:3239} INFO - Sync 1 DAGs
[2025-11-09T21:58:33.445+0000] {logging_mixin.py:190} INFO - [2025-11-09T21:58:33.444+0000] {dag.py:4180} INFO - Setting next_dagrun for example_trigger_target_dag to None, run_after=None
[2025-11-09T21:58:33.482+0000] {processor.py:208} INFO - Processing /home/airflow/.local/lib/python3.12/site-packages/airflow/example_dags/example_trigger_target_dag.py took 0.156 seconds
[2025-11-09T21:59:03.709+0000] {processor.py:186} INFO - Started process (PID=6439) to work on /home/airflow/.local/lib/python3.12/site-packages/airflow/example_dags/example_trigger_target_dag.py
[2025-11-09T21:59:03.712+0000] {processor.py:914} INFO - Processing file /home/airflow/.local/lib/python3.12/site-packages/airflow/example_dags/example_trigger_target_dag.py for tasks to queue
[2025-11-09T21:59:03.719+0000] {logging_mixin.py:190} INFO - [2025-11-09T21:59:03.718+0000] {dagbag.py:588} INFO - Filling up the DagBag from /home/airflow/.local/lib/python3.12/site-packages/airflow/example_dags/example_trigger_target_dag.py
[2025-11-09T21:59:03.739+0000] {processor.py:925} INFO - DAG(s) 'example_trigger_target_dag' retrieved from /home/airflow/.local/lib/python3.12/site-packages/airflow/example_dags/example_trigger_target_dag.py
[2025-11-09T21:59:03.778+0000] {logging_mixin.py:190} INFO - [2025-11-09T21:59:03.778+0000] {dag.py:3239} INFO - Sync 1 DAGs
[2025-11-09T21:59:03.804+0000] {logging_mixin.py:190} INFO - [2025-11-09T21:59:03.803+0000] {dag.py:4180} INFO - Setting next_dagrun for example_trigger_target_dag to None, run_after=None
[2025-11-09T21:59:03.838+0000] {processor.py:208} INFO - Processing /home/airflow/.local/lib/python3.12/site-packages/airflow/example_dags/example_trigger_target_dag.py took 0.143 seconds
[2025-11-09T21:59:34.365+0000] {processor.py:186} INFO - Started process (PID=6503) to work on /home/airflow/.local/lib/python3.12/site-packages/airflow/example_dags/example_trigger_target_dag.py
[2025-11-09T21:59:34.367+0000] {processor.py:914} INFO - Processing file /home/airflow/.local/lib/python3.12/site-packages/airflow/example_dags/example_trigger_target_dag.py for tasks to queue
[2025-11-09T21:59:34.373+0000] {logging_mixin.py:190} INFO - [2025-11-09T21:59:34.372+0000] {dagbag.py:588} INFO - Filling up the DagBag from /home/airflow/.local/lib/python3.12/site-packages/airflow/example_dags/example_trigger_target_dag.py
[2025-11-09T21:59:34.392+0000] {processor.py:925} INFO - DAG(s) 'example_trigger_target_dag' retrieved from /home/airflow/.local/lib/python3.12/site-packages/airflow/example_dags/example_trigger_target_dag.py
[2025-11-09T21:59:34.433+0000] {logging_mixin.py:190} INFO - [2025-11-09T21:59:34.433+0000] {dag.py:3239} INFO - Sync 1 DAGs
[2025-11-09T21:59:34.465+0000] {logging_mixin.py:190} INFO - [2025-11-09T21:59:34.464+0000] {dag.py:4180} INFO - Setting next_dagrun for example_trigger_target_dag to None, run_after=None
[2025-11-09T21:59:34.515+0000] {processor.py:208} INFO - Processing /home/airflow/.local/lib/python3.12/site-packages/airflow/example_dags/example_trigger_target_dag.py took 0.165 seconds
[2025-11-09T22:00:04.782+0000] {processor.py:186} INFO - Started process (PID=6568) to work on /home/airflow/.local/lib/python3.12/site-packages/airflow/example_dags/example_trigger_target_dag.py
[2025-11-09T22:00:04.784+0000] {processor.py:914} INFO - Processing file /home/airflow/.local/lib/python3.12/site-packages/airflow/example_dags/example_trigger_target_dag.py for tasks to queue
[2025-11-09T22:00:04.790+0000] {logging_mixin.py:190} INFO - [2025-11-09T22:00:04.790+0000] {dagbag.py:588} INFO - Filling up the DagBag from /home/airflow/.local/lib/python3.12/site-packages/airflow/example_dags/example_trigger_target_dag.py
[2025-11-09T22:00:04.817+0000] {processor.py:925} INFO - DAG(s) 'example_trigger_target_dag' retrieved from /home/airflow/.local/lib/python3.12/site-packages/airflow/example_dags/example_trigger_target_dag.py
[2025-11-09T22:00:04.860+0000] {logging_mixin.py:190} INFO - [2025-11-09T22:00:04.859+0000] {dag.py:3239} INFO - Sync 1 DAGs
[2025-11-09T22:00:04.890+0000] {logging_mixin.py:190} INFO - [2025-11-09T22:00:04.890+0000] {dag.py:4180} INFO - Setting next_dagrun for example_trigger_target_dag to None, run_after=None
[2025-11-09T22:00:04.925+0000] {processor.py:208} INFO - Processing /home/airflow/.local/lib/python3.12/site-packages/airflow/example_dags/example_trigger_target_dag.py took 0.156 seconds
[2025-11-09T22:00:35.685+0000] {processor.py:186} INFO - Started process (PID=6632) to work on /home/airflow/.local/lib/python3.12/site-packages/airflow/example_dags/example_trigger_target_dag.py
[2025-11-09T22:00:35.688+0000] {processor.py:914} INFO - Processing file /home/airflow/.local/lib/python3.12/site-packages/airflow/example_dags/example_trigger_target_dag.py for tasks to queue
[2025-11-09T22:00:35.694+0000] {logging_mixin.py:190} INFO - [2025-11-09T22:00:35.693+0000] {dagbag.py:588} INFO - Filling up the DagBag from /home/airflow/.local/lib/python3.12/site-packages/airflow/example_dags/example_trigger_target_dag.py
[2025-11-09T22:00:35.716+0000] {processor.py:925} INFO - DAG(s) 'example_trigger_target_dag' retrieved from /home/airflow/.local/lib/python3.12/site-packages/airflow/example_dags/example_trigger_target_dag.py
[2025-11-09T22:00:35.764+0000] {logging_mixin.py:190} INFO - [2025-11-09T22:00:35.764+0000] {dag.py:3239} INFO - Sync 1 DAGs
[2025-11-09T22:00:35.793+0000] {logging_mixin.py:190} INFO - [2025-11-09T22:00:35.793+0000] {dag.py:4180} INFO - Setting next_dagrun for example_trigger_target_dag to None, run_after=None
[2025-11-09T22:00:35.830+0000] {processor.py:208} INFO - Processing /home/airflow/.local/lib/python3.12/site-packages/airflow/example_dags/example_trigger_target_dag.py took 0.159 seconds
