[2025-11-09T20:27:57.057+0000] {processor.py:186} INFO - Started process (PID=116) to work on /home/airflow/.local/lib/python3.12/site-packages/airflow/example_dags/example_branch_labels.py
[2025-11-09T20:27:57.060+0000] {processor.py:914} INFO - Processing file /home/airflow/.local/lib/python3.12/site-packages/airflow/example_dags/example_branch_labels.py for tasks to queue
[2025-11-09T20:27:57.069+0000] {logging_mixin.py:190} INFO - [2025-11-09T20:27:57.068+0000] {dagbag.py:588} INFO - Filling up the DagBag from /home/airflow/.local/lib/python3.12/site-packages/airflow/example_dags/example_branch_labels.py
[2025-11-09T20:27:57.108+0000] {processor.py:925} INFO - DAG(s) 'example_branch_labels' retrieved from /home/airflow/.local/lib/python3.12/site-packages/airflow/example_dags/example_branch_labels.py
[2025-11-09T20:27:57.445+0000] {logging_mixin.py:190} INFO - [2025-11-09T20:27:57.443+0000] {override.py:1911} INFO - Created Permission View: can edit on DAG:example_branch_labels
[2025-11-09T20:27:57.487+0000] {logging_mixin.py:190} INFO - [2025-11-09T20:27:57.486+0000] {override.py:1911} INFO - Created Permission View: can read on DAG:example_branch_labels
[2025-11-09T20:27:57.506+0000] {logging_mixin.py:190} INFO - [2025-11-09T20:27:57.505+0000] {override.py:1911} INFO - Created Permission View: can delete on DAG:example_branch_labels
[2025-11-09T20:27:57.530+0000] {logging_mixin.py:190} INFO - [2025-11-09T20:27:57.527+0000] {override.py:1911} INFO - Created Permission View: can read on DAG Run:example_branch_labels
[2025-11-09T20:27:57.551+0000] {logging_mixin.py:190} INFO - [2025-11-09T20:27:57.550+0000] {override.py:1911} INFO - Created Permission View: can create on DAG Run:example_branch_labels
[2025-11-09T20:27:57.571+0000] {logging_mixin.py:190} INFO - [2025-11-09T20:27:57.570+0000] {override.py:1911} INFO - Created Permission View: menu access on DAG Run:example_branch_labels
[2025-11-09T20:27:57.591+0000] {logging_mixin.py:190} INFO - [2025-11-09T20:27:57.590+0000] {override.py:1911} INFO - Created Permission View: can delete on DAG Run:example_branch_labels
[2025-11-09T20:27:57.594+0000] {logging_mixin.py:190} INFO - [2025-11-09T20:27:57.593+0000] {dag.py:3239} INFO - Sync 1 DAGs
[2025-11-09T20:27:57.629+0000] {logging_mixin.py:190} INFO - [2025-11-09T20:27:57.629+0000] {dag.py:3262} INFO - Creating ORM DAG for example_branch_labels
[2025-11-09T20:27:57.659+0000] {logging_mixin.py:190} INFO - [2025-11-09T20:27:57.659+0000] {dag.py:4180} INFO - Setting next_dagrun for example_branch_labels to 2025-11-08 00:00:00+00:00, run_after=2025-11-09 00:00:00+00:00
[2025-11-09T20:27:57.706+0000] {processor.py:208} INFO - Processing /home/airflow/.local/lib/python3.12/site-packages/airflow/example_dags/example_branch_labels.py took 0.668 seconds
[2025-11-09T20:28:28.112+0000] {processor.py:186} INFO - Started process (PID=179) to work on /home/airflow/.local/lib/python3.12/site-packages/airflow/example_dags/example_branch_labels.py
[2025-11-09T20:28:28.114+0000] {processor.py:914} INFO - Processing file /home/airflow/.local/lib/python3.12/site-packages/airflow/example_dags/example_branch_labels.py for tasks to queue
[2025-11-09T20:28:28.120+0000] {logging_mixin.py:190} INFO - [2025-11-09T20:28:28.119+0000] {dagbag.py:588} INFO - Filling up the DagBag from /home/airflow/.local/lib/python3.12/site-packages/airflow/example_dags/example_branch_labels.py
[2025-11-09T20:28:28.140+0000] {processor.py:925} INFO - DAG(s) 'example_branch_labels' retrieved from /home/airflow/.local/lib/python3.12/site-packages/airflow/example_dags/example_branch_labels.py
[2025-11-09T20:28:28.182+0000] {logging_mixin.py:190} INFO - [2025-11-09T20:28:28.182+0000] {dag.py:3239} INFO - Sync 1 DAGs
[2025-11-09T20:28:28.231+0000] {logging_mixin.py:190} INFO - [2025-11-09T20:28:28.231+0000] {dag.py:4180} INFO - Setting next_dagrun for example_branch_labels to 2025-11-08 00:00:00+00:00, run_after=2025-11-09 00:00:00+00:00
[2025-11-09T20:28:28.269+0000] {processor.py:208} INFO - Processing /home/airflow/.local/lib/python3.12/site-packages/airflow/example_dags/example_branch_labels.py took 0.167 seconds
[2025-11-09T20:28:58.967+0000] {processor.py:186} INFO - Started process (PID=242) to work on /home/airflow/.local/lib/python3.12/site-packages/airflow/example_dags/example_branch_labels.py
[2025-11-09T20:28:58.969+0000] {processor.py:914} INFO - Processing file /home/airflow/.local/lib/python3.12/site-packages/airflow/example_dags/example_branch_labels.py for tasks to queue
[2025-11-09T20:28:58.974+0000] {logging_mixin.py:190} INFO - [2025-11-09T20:28:58.973+0000] {dagbag.py:588} INFO - Filling up the DagBag from /home/airflow/.local/lib/python3.12/site-packages/airflow/example_dags/example_branch_labels.py
[2025-11-09T20:28:58.991+0000] {processor.py:925} INFO - DAG(s) 'example_branch_labels' retrieved from /home/airflow/.local/lib/python3.12/site-packages/airflow/example_dags/example_branch_labels.py
[2025-11-09T20:28:59.033+0000] {logging_mixin.py:190} INFO - [2025-11-09T20:28:59.032+0000] {dag.py:3239} INFO - Sync 1 DAGs
[2025-11-09T20:28:59.089+0000] {logging_mixin.py:190} INFO - [2025-11-09T20:28:59.089+0000] {dag.py:4180} INFO - Setting next_dagrun for example_branch_labels to 2025-11-08 00:00:00+00:00, run_after=2025-11-09 00:00:00+00:00
[2025-11-09T20:28:59.121+0000] {processor.py:208} INFO - Processing /home/airflow/.local/lib/python3.12/site-packages/airflow/example_dags/example_branch_labels.py took 0.167 seconds
[2025-11-09T20:29:29.696+0000] {processor.py:186} INFO - Started process (PID=305) to work on /home/airflow/.local/lib/python3.12/site-packages/airflow/example_dags/example_branch_labels.py
[2025-11-09T20:29:29.698+0000] {processor.py:914} INFO - Processing file /home/airflow/.local/lib/python3.12/site-packages/airflow/example_dags/example_branch_labels.py for tasks to queue
[2025-11-09T20:29:29.703+0000] {logging_mixin.py:190} INFO - [2025-11-09T20:29:29.702+0000] {dagbag.py:588} INFO - Filling up the DagBag from /home/airflow/.local/lib/python3.12/site-packages/airflow/example_dags/example_branch_labels.py
[2025-11-09T20:29:29.723+0000] {processor.py:925} INFO - DAG(s) 'example_branch_labels' retrieved from /home/airflow/.local/lib/python3.12/site-packages/airflow/example_dags/example_branch_labels.py
[2025-11-09T20:29:29.770+0000] {logging_mixin.py:190} INFO - [2025-11-09T20:29:29.769+0000] {dag.py:3239} INFO - Sync 1 DAGs
[2025-11-09T20:29:29.814+0000] {logging_mixin.py:190} INFO - [2025-11-09T20:29:29.813+0000] {dag.py:4180} INFO - Setting next_dagrun for example_branch_labels to 2025-11-08 00:00:00+00:00, run_after=2025-11-09 00:00:00+00:00
[2025-11-09T20:29:29.849+0000] {processor.py:208} INFO - Processing /home/airflow/.local/lib/python3.12/site-packages/airflow/example_dags/example_branch_labels.py took 0.165 seconds
[2025-11-09T20:30:00.047+0000] {processor.py:186} INFO - Started process (PID=367) to work on /home/airflow/.local/lib/python3.12/site-packages/airflow/example_dags/example_branch_labels.py
[2025-11-09T20:30:00.049+0000] {processor.py:914} INFO - Processing file /home/airflow/.local/lib/python3.12/site-packages/airflow/example_dags/example_branch_labels.py for tasks to queue
[2025-11-09T20:30:00.054+0000] {logging_mixin.py:190} INFO - [2025-11-09T20:30:00.054+0000] {dagbag.py:588} INFO - Filling up the DagBag from /home/airflow/.local/lib/python3.12/site-packages/airflow/example_dags/example_branch_labels.py
[2025-11-09T20:30:00.076+0000] {processor.py:925} INFO - DAG(s) 'example_branch_labels' retrieved from /home/airflow/.local/lib/python3.12/site-packages/airflow/example_dags/example_branch_labels.py
[2025-11-09T20:30:00.123+0000] {logging_mixin.py:190} INFO - [2025-11-09T20:30:00.122+0000] {dag.py:3239} INFO - Sync 1 DAGs
[2025-11-09T20:30:00.177+0000] {logging_mixin.py:190} INFO - [2025-11-09T20:30:00.176+0000] {dag.py:4180} INFO - Setting next_dagrun for example_branch_labels to 2025-11-08 00:00:00+00:00, run_after=2025-11-09 00:00:00+00:00
[2025-11-09T20:30:00.210+0000] {processor.py:208} INFO - Processing /home/airflow/.local/lib/python3.12/site-packages/airflow/example_dags/example_branch_labels.py took 0.176 seconds
[2025-11-09T20:30:31.118+0000] {processor.py:186} INFO - Started process (PID=431) to work on /home/airflow/.local/lib/python3.12/site-packages/airflow/example_dags/example_branch_labels.py
[2025-11-09T20:30:31.121+0000] {processor.py:914} INFO - Processing file /home/airflow/.local/lib/python3.12/site-packages/airflow/example_dags/example_branch_labels.py for tasks to queue
[2025-11-09T20:30:31.127+0000] {logging_mixin.py:190} INFO - [2025-11-09T20:30:31.126+0000] {dagbag.py:588} INFO - Filling up the DagBag from /home/airflow/.local/lib/python3.12/site-packages/airflow/example_dags/example_branch_labels.py
[2025-11-09T20:30:31.150+0000] {processor.py:925} INFO - DAG(s) 'example_branch_labels' retrieved from /home/airflow/.local/lib/python3.12/site-packages/airflow/example_dags/example_branch_labels.py
[2025-11-09T20:30:31.207+0000] {logging_mixin.py:190} INFO - [2025-11-09T20:30:31.206+0000] {dag.py:3239} INFO - Sync 1 DAGs
[2025-11-09T20:30:31.257+0000] {logging_mixin.py:190} INFO - [2025-11-09T20:30:31.257+0000] {dag.py:4180} INFO - Setting next_dagrun for example_branch_labels to 2025-11-08 00:00:00+00:00, run_after=2025-11-09 00:00:00+00:00
[2025-11-09T20:30:31.296+0000] {processor.py:208} INFO - Processing /home/airflow/.local/lib/python3.12/site-packages/airflow/example_dags/example_branch_labels.py took 0.192 seconds
[2025-11-09T20:31:01.530+0000] {processor.py:186} INFO - Started process (PID=494) to work on /home/airflow/.local/lib/python3.12/site-packages/airflow/example_dags/example_branch_labels.py
[2025-11-09T20:31:01.532+0000] {processor.py:914} INFO - Processing file /home/airflow/.local/lib/python3.12/site-packages/airflow/example_dags/example_branch_labels.py for tasks to queue
[2025-11-09T20:31:01.539+0000] {logging_mixin.py:190} INFO - [2025-11-09T20:31:01.538+0000] {dagbag.py:588} INFO - Filling up the DagBag from /home/airflow/.local/lib/python3.12/site-packages/airflow/example_dags/example_branch_labels.py
[2025-11-09T20:31:01.556+0000] {processor.py:925} INFO - DAG(s) 'example_branch_labels' retrieved from /home/airflow/.local/lib/python3.12/site-packages/airflow/example_dags/example_branch_labels.py
[2025-11-09T20:31:01.602+0000] {logging_mixin.py:190} INFO - [2025-11-09T20:31:01.602+0000] {dag.py:3239} INFO - Sync 1 DAGs
[2025-11-09T20:31:01.676+0000] {logging_mixin.py:190} INFO - [2025-11-09T20:31:01.676+0000] {dag.py:4180} INFO - Setting next_dagrun for example_branch_labels to 2025-11-08 00:00:00+00:00, run_after=2025-11-09 00:00:00+00:00
[2025-11-09T20:31:01.727+0000] {processor.py:208} INFO - Processing /home/airflow/.local/lib/python3.12/site-packages/airflow/example_dags/example_branch_labels.py took 0.210 seconds
[2025-11-09T20:31:32.526+0000] {processor.py:186} INFO - Started process (PID=557) to work on /home/airflow/.local/lib/python3.12/site-packages/airflow/example_dags/example_branch_labels.py
[2025-11-09T20:31:32.528+0000] {processor.py:914} INFO - Processing file /home/airflow/.local/lib/python3.12/site-packages/airflow/example_dags/example_branch_labels.py for tasks to queue
[2025-11-09T20:31:32.532+0000] {logging_mixin.py:190} INFO - [2025-11-09T20:31:32.532+0000] {dagbag.py:588} INFO - Filling up the DagBag from /home/airflow/.local/lib/python3.12/site-packages/airflow/example_dags/example_branch_labels.py
[2025-11-09T20:31:32.548+0000] {processor.py:925} INFO - DAG(s) 'example_branch_labels' retrieved from /home/airflow/.local/lib/python3.12/site-packages/airflow/example_dags/example_branch_labels.py
[2025-11-09T20:31:32.586+0000] {logging_mixin.py:190} INFO - [2025-11-09T20:31:32.586+0000] {dag.py:3239} INFO - Sync 1 DAGs
[2025-11-09T20:31:32.627+0000] {logging_mixin.py:190} INFO - [2025-11-09T20:31:32.626+0000] {dag.py:4180} INFO - Setting next_dagrun for example_branch_labels to 2025-11-08 00:00:00+00:00, run_after=2025-11-09 00:00:00+00:00
[2025-11-09T20:31:32.661+0000] {processor.py:208} INFO - Processing /home/airflow/.local/lib/python3.12/site-packages/airflow/example_dags/example_branch_labels.py took 0.144 seconds
[2025-11-09T20:32:02.830+0000] {processor.py:186} INFO - Started process (PID=620) to work on /home/airflow/.local/lib/python3.12/site-packages/airflow/example_dags/example_branch_labels.py
[2025-11-09T20:32:02.832+0000] {processor.py:914} INFO - Processing file /home/airflow/.local/lib/python3.12/site-packages/airflow/example_dags/example_branch_labels.py for tasks to queue
[2025-11-09T20:32:02.838+0000] {logging_mixin.py:190} INFO - [2025-11-09T20:32:02.837+0000] {dagbag.py:588} INFO - Filling up the DagBag from /home/airflow/.local/lib/python3.12/site-packages/airflow/example_dags/example_branch_labels.py
[2025-11-09T20:32:02.857+0000] {processor.py:925} INFO - DAG(s) 'example_branch_labels' retrieved from /home/airflow/.local/lib/python3.12/site-packages/airflow/example_dags/example_branch_labels.py
[2025-11-09T20:32:02.897+0000] {logging_mixin.py:190} INFO - [2025-11-09T20:32:02.897+0000] {dag.py:3239} INFO - Sync 1 DAGs
[2025-11-09T20:32:02.942+0000] {logging_mixin.py:190} INFO - [2025-11-09T20:32:02.942+0000] {dag.py:4180} INFO - Setting next_dagrun for example_branch_labels to 2025-11-08 00:00:00+00:00, run_after=2025-11-09 00:00:00+00:00
[2025-11-09T20:32:02.972+0000] {processor.py:208} INFO - Processing /home/airflow/.local/lib/python3.12/site-packages/airflow/example_dags/example_branch_labels.py took 0.151 seconds
[2025-11-09T20:32:33.357+0000] {processor.py:186} INFO - Started process (PID=683) to work on /home/airflow/.local/lib/python3.12/site-packages/airflow/example_dags/example_branch_labels.py
[2025-11-09T20:32:33.358+0000] {processor.py:914} INFO - Processing file /home/airflow/.local/lib/python3.12/site-packages/airflow/example_dags/example_branch_labels.py for tasks to queue
[2025-11-09T20:32:33.363+0000] {logging_mixin.py:190} INFO - [2025-11-09T20:32:33.362+0000] {dagbag.py:588} INFO - Filling up the DagBag from /home/airflow/.local/lib/python3.12/site-packages/airflow/example_dags/example_branch_labels.py
[2025-11-09T20:32:33.379+0000] {processor.py:925} INFO - DAG(s) 'example_branch_labels' retrieved from /home/airflow/.local/lib/python3.12/site-packages/airflow/example_dags/example_branch_labels.py
[2025-11-09T20:32:33.414+0000] {logging_mixin.py:190} INFO - [2025-11-09T20:32:33.413+0000] {dag.py:3239} INFO - Sync 1 DAGs
[2025-11-09T20:32:33.455+0000] {logging_mixin.py:190} INFO - [2025-11-09T20:32:33.455+0000] {dag.py:4180} INFO - Setting next_dagrun for example_branch_labels to 2025-11-08 00:00:00+00:00, run_after=2025-11-09 00:00:00+00:00
[2025-11-09T20:32:33.486+0000] {processor.py:208} INFO - Processing /home/airflow/.local/lib/python3.12/site-packages/airflow/example_dags/example_branch_labels.py took 0.137 seconds
[2025-11-09T20:33:03.920+0000] {processor.py:186} INFO - Started process (PID=746) to work on /home/airflow/.local/lib/python3.12/site-packages/airflow/example_dags/example_branch_labels.py
[2025-11-09T20:33:03.922+0000] {processor.py:914} INFO - Processing file /home/airflow/.local/lib/python3.12/site-packages/airflow/example_dags/example_branch_labels.py for tasks to queue
[2025-11-09T20:33:03.926+0000] {logging_mixin.py:190} INFO - [2025-11-09T20:33:03.926+0000] {dagbag.py:588} INFO - Filling up the DagBag from /home/airflow/.local/lib/python3.12/site-packages/airflow/example_dags/example_branch_labels.py
[2025-11-09T20:33:03.947+0000] {processor.py:925} INFO - DAG(s) 'example_branch_labels' retrieved from /home/airflow/.local/lib/python3.12/site-packages/airflow/example_dags/example_branch_labels.py
[2025-11-09T20:33:03.989+0000] {logging_mixin.py:190} INFO - [2025-11-09T20:33:03.988+0000] {dag.py:3239} INFO - Sync 1 DAGs
[2025-11-09T20:33:04.025+0000] {logging_mixin.py:190} INFO - [2025-11-09T20:33:04.024+0000] {dag.py:4180} INFO - Setting next_dagrun for example_branch_labels to 2025-11-08 00:00:00+00:00, run_after=2025-11-09 00:00:00+00:00
[2025-11-09T20:33:04.052+0000] {processor.py:208} INFO - Processing /home/airflow/.local/lib/python3.12/site-packages/airflow/example_dags/example_branch_labels.py took 0.144 seconds
[2025-11-09T20:33:34.332+0000] {processor.py:186} INFO - Started process (PID=808) to work on /home/airflow/.local/lib/python3.12/site-packages/airflow/example_dags/example_branch_labels.py
[2025-11-09T20:33:34.334+0000] {processor.py:914} INFO - Processing file /home/airflow/.local/lib/python3.12/site-packages/airflow/example_dags/example_branch_labels.py for tasks to queue
[2025-11-09T20:33:34.339+0000] {logging_mixin.py:190} INFO - [2025-11-09T20:33:34.338+0000] {dagbag.py:588} INFO - Filling up the DagBag from /home/airflow/.local/lib/python3.12/site-packages/airflow/example_dags/example_branch_labels.py
[2025-11-09T20:33:34.354+0000] {processor.py:925} INFO - DAG(s) 'example_branch_labels' retrieved from /home/airflow/.local/lib/python3.12/site-packages/airflow/example_dags/example_branch_labels.py
[2025-11-09T20:33:34.390+0000] {logging_mixin.py:190} INFO - [2025-11-09T20:33:34.390+0000] {dag.py:3239} INFO - Sync 1 DAGs
[2025-11-09T20:33:34.430+0000] {logging_mixin.py:190} INFO - [2025-11-09T20:33:34.429+0000] {dag.py:4180} INFO - Setting next_dagrun for example_branch_labels to 2025-11-08 00:00:00+00:00, run_after=2025-11-09 00:00:00+00:00
[2025-11-09T20:33:34.460+0000] {processor.py:208} INFO - Processing /home/airflow/.local/lib/python3.12/site-packages/airflow/example_dags/example_branch_labels.py took 0.139 seconds
[2025-11-09T20:34:05.231+0000] {processor.py:186} INFO - Started process (PID=872) to work on /home/airflow/.local/lib/python3.12/site-packages/airflow/example_dags/example_branch_labels.py
[2025-11-09T20:34:05.234+0000] {processor.py:914} INFO - Processing file /home/airflow/.local/lib/python3.12/site-packages/airflow/example_dags/example_branch_labels.py for tasks to queue
[2025-11-09T20:34:05.238+0000] {logging_mixin.py:190} INFO - [2025-11-09T20:34:05.238+0000] {dagbag.py:588} INFO - Filling up the DagBag from /home/airflow/.local/lib/python3.12/site-packages/airflow/example_dags/example_branch_labels.py
[2025-11-09T20:34:05.255+0000] {processor.py:925} INFO - DAG(s) 'example_branch_labels' retrieved from /home/airflow/.local/lib/python3.12/site-packages/airflow/example_dags/example_branch_labels.py
[2025-11-09T20:34:05.295+0000] {logging_mixin.py:190} INFO - [2025-11-09T20:34:05.294+0000] {dag.py:3239} INFO - Sync 1 DAGs
[2025-11-09T20:34:05.342+0000] {logging_mixin.py:190} INFO - [2025-11-09T20:34:05.341+0000] {dag.py:4180} INFO - Setting next_dagrun for example_branch_labels to 2025-11-08 00:00:00+00:00, run_after=2025-11-09 00:00:00+00:00
[2025-11-09T20:34:05.380+0000] {processor.py:208} INFO - Processing /home/airflow/.local/lib/python3.12/site-packages/airflow/example_dags/example_branch_labels.py took 0.162 seconds
[2025-11-09T20:34:35.723+0000] {processor.py:186} INFO - Started process (PID=935) to work on /home/airflow/.local/lib/python3.12/site-packages/airflow/example_dags/example_branch_labels.py
[2025-11-09T20:34:35.725+0000] {processor.py:914} INFO - Processing file /home/airflow/.local/lib/python3.12/site-packages/airflow/example_dags/example_branch_labels.py for tasks to queue
[2025-11-09T20:34:35.729+0000] {logging_mixin.py:190} INFO - [2025-11-09T20:34:35.728+0000] {dagbag.py:588} INFO - Filling up the DagBag from /home/airflow/.local/lib/python3.12/site-packages/airflow/example_dags/example_branch_labels.py
[2025-11-09T20:34:35.745+0000] {processor.py:925} INFO - DAG(s) 'example_branch_labels' retrieved from /home/airflow/.local/lib/python3.12/site-packages/airflow/example_dags/example_branch_labels.py
[2025-11-09T20:34:35.786+0000] {logging_mixin.py:190} INFO - [2025-11-09T20:34:35.785+0000] {dag.py:3239} INFO - Sync 1 DAGs
[2025-11-09T20:34:35.833+0000] {logging_mixin.py:190} INFO - [2025-11-09T20:34:35.832+0000] {dag.py:4180} INFO - Setting next_dagrun for example_branch_labels to 2025-11-08 00:00:00+00:00, run_after=2025-11-09 00:00:00+00:00
[2025-11-09T20:34:35.866+0000] {processor.py:208} INFO - Processing /home/airflow/.local/lib/python3.12/site-packages/airflow/example_dags/example_branch_labels.py took 0.154 seconds
[2025-11-09T20:35:06.118+0000] {processor.py:186} INFO - Started process (PID=998) to work on /home/airflow/.local/lib/python3.12/site-packages/airflow/example_dags/example_branch_labels.py
[2025-11-09T20:35:06.120+0000] {processor.py:914} INFO - Processing file /home/airflow/.local/lib/python3.12/site-packages/airflow/example_dags/example_branch_labels.py for tasks to queue
[2025-11-09T20:35:06.124+0000] {logging_mixin.py:190} INFO - [2025-11-09T20:35:06.123+0000] {dagbag.py:588} INFO - Filling up the DagBag from /home/airflow/.local/lib/python3.12/site-packages/airflow/example_dags/example_branch_labels.py
[2025-11-09T20:35:06.141+0000] {processor.py:925} INFO - DAG(s) 'example_branch_labels' retrieved from /home/airflow/.local/lib/python3.12/site-packages/airflow/example_dags/example_branch_labels.py
[2025-11-09T20:35:06.181+0000] {logging_mixin.py:190} INFO - [2025-11-09T20:35:06.181+0000] {dag.py:3239} INFO - Sync 1 DAGs
[2025-11-09T20:35:06.222+0000] {logging_mixin.py:190} INFO - [2025-11-09T20:35:06.222+0000] {dag.py:4180} INFO - Setting next_dagrun for example_branch_labels to 2025-11-08 00:00:00+00:00, run_after=2025-11-09 00:00:00+00:00
[2025-11-09T20:35:06.255+0000] {processor.py:208} INFO - Processing /home/airflow/.local/lib/python3.12/site-packages/airflow/example_dags/example_branch_labels.py took 0.147 seconds
[2025-11-09T20:35:36.927+0000] {processor.py:186} INFO - Started process (PID=1061) to work on /home/airflow/.local/lib/python3.12/site-packages/airflow/example_dags/example_branch_labels.py
[2025-11-09T20:35:36.928+0000] {processor.py:914} INFO - Processing file /home/airflow/.local/lib/python3.12/site-packages/airflow/example_dags/example_branch_labels.py for tasks to queue
[2025-11-09T20:35:36.933+0000] {logging_mixin.py:190} INFO - [2025-11-09T20:35:36.932+0000] {dagbag.py:588} INFO - Filling up the DagBag from /home/airflow/.local/lib/python3.12/site-packages/airflow/example_dags/example_branch_labels.py
[2025-11-09T20:35:36.951+0000] {processor.py:925} INFO - DAG(s) 'example_branch_labels' retrieved from /home/airflow/.local/lib/python3.12/site-packages/airflow/example_dags/example_branch_labels.py
[2025-11-09T20:35:36.995+0000] {logging_mixin.py:190} INFO - [2025-11-09T20:35:36.994+0000] {dag.py:3239} INFO - Sync 1 DAGs
[2025-11-09T20:35:37.038+0000] {logging_mixin.py:190} INFO - [2025-11-09T20:35:37.038+0000] {dag.py:4180} INFO - Setting next_dagrun for example_branch_labels to 2025-11-08 00:00:00+00:00, run_after=2025-11-09 00:00:00+00:00
[2025-11-09T20:35:37.075+0000] {processor.py:208} INFO - Processing /home/airflow/.local/lib/python3.12/site-packages/airflow/example_dags/example_branch_labels.py took 0.161 seconds
[2025-11-09T20:36:07.414+0000] {processor.py:186} INFO - Started process (PID=1124) to work on /home/airflow/.local/lib/python3.12/site-packages/airflow/example_dags/example_branch_labels.py
[2025-11-09T20:36:07.418+0000] {processor.py:914} INFO - Processing file /home/airflow/.local/lib/python3.12/site-packages/airflow/example_dags/example_branch_labels.py for tasks to queue
[2025-11-09T20:36:07.424+0000] {logging_mixin.py:190} INFO - [2025-11-09T20:36:07.423+0000] {dagbag.py:588} INFO - Filling up the DagBag from /home/airflow/.local/lib/python3.12/site-packages/airflow/example_dags/example_branch_labels.py
[2025-11-09T20:36:07.454+0000] {processor.py:925} INFO - DAG(s) 'example_branch_labels' retrieved from /home/airflow/.local/lib/python3.12/site-packages/airflow/example_dags/example_branch_labels.py
[2025-11-09T20:36:07.522+0000] {logging_mixin.py:190} INFO - [2025-11-09T20:36:07.521+0000] {dag.py:3239} INFO - Sync 1 DAGs
[2025-11-09T20:36:07.623+0000] {logging_mixin.py:190} INFO - [2025-11-09T20:36:07.622+0000] {dag.py:4180} INFO - Setting next_dagrun for example_branch_labels to 2025-11-08 00:00:00+00:00, run_after=2025-11-09 00:00:00+00:00
[2025-11-09T20:36:07.705+0000] {processor.py:208} INFO - Processing /home/airflow/.local/lib/python3.12/site-packages/airflow/example_dags/example_branch_labels.py took 0.308 seconds
[2025-11-09T20:36:37.940+0000] {processor.py:186} INFO - Started process (PID=1187) to work on /home/airflow/.local/lib/python3.12/site-packages/airflow/example_dags/example_branch_labels.py
[2025-11-09T20:36:37.942+0000] {processor.py:914} INFO - Processing file /home/airflow/.local/lib/python3.12/site-packages/airflow/example_dags/example_branch_labels.py for tasks to queue
[2025-11-09T20:36:37.946+0000] {logging_mixin.py:190} INFO - [2025-11-09T20:36:37.945+0000] {dagbag.py:588} INFO - Filling up the DagBag from /home/airflow/.local/lib/python3.12/site-packages/airflow/example_dags/example_branch_labels.py
[2025-11-09T20:36:37.961+0000] {processor.py:925} INFO - DAG(s) 'example_branch_labels' retrieved from /home/airflow/.local/lib/python3.12/site-packages/airflow/example_dags/example_branch_labels.py
[2025-11-09T20:36:37.999+0000] {logging_mixin.py:190} INFO - [2025-11-09T20:36:37.999+0000] {dag.py:3239} INFO - Sync 1 DAGs
[2025-11-09T20:36:38.043+0000] {logging_mixin.py:190} INFO - [2025-11-09T20:36:38.042+0000] {dag.py:4180} INFO - Setting next_dagrun for example_branch_labels to 2025-11-08 00:00:00+00:00, run_after=2025-11-09 00:00:00+00:00
[2025-11-09T20:36:38.073+0000] {processor.py:208} INFO - Processing /home/airflow/.local/lib/python3.12/site-packages/airflow/example_dags/example_branch_labels.py took 0.143 seconds
[2025-11-09T20:37:08.195+0000] {processor.py:186} INFO - Started process (PID=1251) to work on /home/airflow/.local/lib/python3.12/site-packages/airflow/example_dags/example_branch_labels.py
[2025-11-09T20:37:08.197+0000] {processor.py:914} INFO - Processing file /home/airflow/.local/lib/python3.12/site-packages/airflow/example_dags/example_branch_labels.py for tasks to queue
[2025-11-09T20:37:08.204+0000] {logging_mixin.py:190} INFO - [2025-11-09T20:37:08.203+0000] {dagbag.py:588} INFO - Filling up the DagBag from /home/airflow/.local/lib/python3.12/site-packages/airflow/example_dags/example_branch_labels.py
[2025-11-09T20:37:08.220+0000] {processor.py:925} INFO - DAG(s) 'example_branch_labels' retrieved from /home/airflow/.local/lib/python3.12/site-packages/airflow/example_dags/example_branch_labels.py
[2025-11-09T20:37:08.256+0000] {logging_mixin.py:190} INFO - [2025-11-09T20:37:08.256+0000] {dag.py:3239} INFO - Sync 1 DAGs
[2025-11-09T20:37:08.297+0000] {logging_mixin.py:190} INFO - [2025-11-09T20:37:08.296+0000] {dag.py:4180} INFO - Setting next_dagrun for example_branch_labels to 2025-11-08 00:00:00+00:00, run_after=2025-11-09 00:00:00+00:00
[2025-11-09T20:37:08.332+0000] {processor.py:208} INFO - Processing /home/airflow/.local/lib/python3.12/site-packages/airflow/example_dags/example_branch_labels.py took 0.145 seconds
[2025-11-09T20:37:38.904+0000] {processor.py:186} INFO - Started process (PID=1314) to work on /home/airflow/.local/lib/python3.12/site-packages/airflow/example_dags/example_branch_labels.py
[2025-11-09T20:37:38.906+0000] {processor.py:914} INFO - Processing file /home/airflow/.local/lib/python3.12/site-packages/airflow/example_dags/example_branch_labels.py for tasks to queue
[2025-11-09T20:37:38.911+0000] {logging_mixin.py:190} INFO - [2025-11-09T20:37:38.910+0000] {dagbag.py:588} INFO - Filling up the DagBag from /home/airflow/.local/lib/python3.12/site-packages/airflow/example_dags/example_branch_labels.py
[2025-11-09T20:37:38.928+0000] {processor.py:925} INFO - DAG(s) 'example_branch_labels' retrieved from /home/airflow/.local/lib/python3.12/site-packages/airflow/example_dags/example_branch_labels.py
[2025-11-09T20:37:38.969+0000] {logging_mixin.py:190} INFO - [2025-11-09T20:37:38.968+0000] {dag.py:3239} INFO - Sync 1 DAGs
[2025-11-09T20:37:39.011+0000] {logging_mixin.py:190} INFO - [2025-11-09T20:37:39.011+0000] {dag.py:4180} INFO - Setting next_dagrun for example_branch_labels to 2025-11-08 00:00:00+00:00, run_after=2025-11-09 00:00:00+00:00
[2025-11-09T20:37:39.046+0000] {processor.py:208} INFO - Processing /home/airflow/.local/lib/python3.12/site-packages/airflow/example_dags/example_branch_labels.py took 0.153 seconds
[2025-11-09T20:38:09.503+0000] {processor.py:186} INFO - Started process (PID=1377) to work on /home/airflow/.local/lib/python3.12/site-packages/airflow/example_dags/example_branch_labels.py
[2025-11-09T20:38:09.504+0000] {processor.py:914} INFO - Processing file /home/airflow/.local/lib/python3.12/site-packages/airflow/example_dags/example_branch_labels.py for tasks to queue
[2025-11-09T20:38:09.509+0000] {logging_mixin.py:190} INFO - [2025-11-09T20:38:09.508+0000] {dagbag.py:588} INFO - Filling up the DagBag from /home/airflow/.local/lib/python3.12/site-packages/airflow/example_dags/example_branch_labels.py
[2025-11-09T20:38:09.525+0000] {processor.py:925} INFO - DAG(s) 'example_branch_labels' retrieved from /home/airflow/.local/lib/python3.12/site-packages/airflow/example_dags/example_branch_labels.py
[2025-11-09T20:38:09.567+0000] {logging_mixin.py:190} INFO - [2025-11-09T20:38:09.567+0000] {dag.py:3239} INFO - Sync 1 DAGs
[2025-11-09T20:38:09.615+0000] {logging_mixin.py:190} INFO - [2025-11-09T20:38:09.615+0000] {dag.py:4180} INFO - Setting next_dagrun for example_branch_labels to 2025-11-08 00:00:00+00:00, run_after=2025-11-09 00:00:00+00:00
[2025-11-09T20:38:09.649+0000] {processor.py:208} INFO - Processing /home/airflow/.local/lib/python3.12/site-packages/airflow/example_dags/example_branch_labels.py took 0.157 seconds
[2025-11-09T20:38:39.824+0000] {processor.py:186} INFO - Started process (PID=1440) to work on /home/airflow/.local/lib/python3.12/site-packages/airflow/example_dags/example_branch_labels.py
[2025-11-09T20:38:39.826+0000] {processor.py:914} INFO - Processing file /home/airflow/.local/lib/python3.12/site-packages/airflow/example_dags/example_branch_labels.py for tasks to queue
[2025-11-09T20:38:39.831+0000] {logging_mixin.py:190} INFO - [2025-11-09T20:38:39.831+0000] {dagbag.py:588} INFO - Filling up the DagBag from /home/airflow/.local/lib/python3.12/site-packages/airflow/example_dags/example_branch_labels.py
[2025-11-09T20:38:39.850+0000] {processor.py:925} INFO - DAG(s) 'example_branch_labels' retrieved from /home/airflow/.local/lib/python3.12/site-packages/airflow/example_dags/example_branch_labels.py
[2025-11-09T20:38:39.892+0000] {logging_mixin.py:190} INFO - [2025-11-09T20:38:39.892+0000] {dag.py:3239} INFO - Sync 1 DAGs
[2025-11-09T20:38:39.937+0000] {logging_mixin.py:190} INFO - [2025-11-09T20:38:39.936+0000] {dag.py:4180} INFO - Setting next_dagrun for example_branch_labels to 2025-11-08 00:00:00+00:00, run_after=2025-11-09 00:00:00+00:00
[2025-11-09T20:38:39.974+0000] {processor.py:208} INFO - Processing /home/airflow/.local/lib/python3.12/site-packages/airflow/example_dags/example_branch_labels.py took 0.165 seconds
[2025-11-09T20:39:10.168+0000] {processor.py:186} INFO - Started process (PID=1502) to work on /home/airflow/.local/lib/python3.12/site-packages/airflow/example_dags/example_branch_labels.py
[2025-11-09T20:39:10.170+0000] {processor.py:914} INFO - Processing file /home/airflow/.local/lib/python3.12/site-packages/airflow/example_dags/example_branch_labels.py for tasks to queue
[2025-11-09T20:39:10.175+0000] {logging_mixin.py:190} INFO - [2025-11-09T20:39:10.174+0000] {dagbag.py:588} INFO - Filling up the DagBag from /home/airflow/.local/lib/python3.12/site-packages/airflow/example_dags/example_branch_labels.py
[2025-11-09T20:39:10.193+0000] {processor.py:925} INFO - DAG(s) 'example_branch_labels' retrieved from /home/airflow/.local/lib/python3.12/site-packages/airflow/example_dags/example_branch_labels.py
[2025-11-09T20:39:10.230+0000] {logging_mixin.py:190} INFO - [2025-11-09T20:39:10.230+0000] {dag.py:3239} INFO - Sync 1 DAGs
[2025-11-09T20:39:10.271+0000] {logging_mixin.py:190} INFO - [2025-11-09T20:39:10.271+0000] {dag.py:4180} INFO - Setting next_dagrun for example_branch_labels to 2025-11-08 00:00:00+00:00, run_after=2025-11-09 00:00:00+00:00
[2025-11-09T20:39:10.306+0000] {processor.py:208} INFO - Processing /home/airflow/.local/lib/python3.12/site-packages/airflow/example_dags/example_branch_labels.py took 0.151 seconds
[2025-11-09T20:39:41.202+0000] {processor.py:186} INFO - Started process (PID=1565) to work on /home/airflow/.local/lib/python3.12/site-packages/airflow/example_dags/example_branch_labels.py
[2025-11-09T20:39:41.204+0000] {processor.py:914} INFO - Processing file /home/airflow/.local/lib/python3.12/site-packages/airflow/example_dags/example_branch_labels.py for tasks to queue
[2025-11-09T20:39:41.213+0000] {logging_mixin.py:190} INFO - [2025-11-09T20:39:41.212+0000] {dagbag.py:588} INFO - Filling up the DagBag from /home/airflow/.local/lib/python3.12/site-packages/airflow/example_dags/example_branch_labels.py
[2025-11-09T20:39:41.231+0000] {processor.py:925} INFO - DAG(s) 'example_branch_labels' retrieved from /home/airflow/.local/lib/python3.12/site-packages/airflow/example_dags/example_branch_labels.py
[2025-11-09T20:39:41.270+0000] {logging_mixin.py:190} INFO - [2025-11-09T20:39:41.269+0000] {dag.py:3239} INFO - Sync 1 DAGs
[2025-11-09T20:39:41.312+0000] {logging_mixin.py:190} INFO - [2025-11-09T20:39:41.311+0000] {dag.py:4180} INFO - Setting next_dagrun for example_branch_labels to 2025-11-08 00:00:00+00:00, run_after=2025-11-09 00:00:00+00:00
[2025-11-09T20:39:41.346+0000] {processor.py:208} INFO - Processing /home/airflow/.local/lib/python3.12/site-packages/airflow/example_dags/example_branch_labels.py took 0.154 seconds
[2025-11-09T20:40:11.961+0000] {processor.py:186} INFO - Started process (PID=1628) to work on /home/airflow/.local/lib/python3.12/site-packages/airflow/example_dags/example_branch_labels.py
[2025-11-09T20:40:11.963+0000] {processor.py:914} INFO - Processing file /home/airflow/.local/lib/python3.12/site-packages/airflow/example_dags/example_branch_labels.py for tasks to queue
[2025-11-09T20:40:11.969+0000] {logging_mixin.py:190} INFO - [2025-11-09T20:40:11.968+0000] {dagbag.py:588} INFO - Filling up the DagBag from /home/airflow/.local/lib/python3.12/site-packages/airflow/example_dags/example_branch_labels.py
[2025-11-09T20:40:11.988+0000] {processor.py:925} INFO - DAG(s) 'example_branch_labels' retrieved from /home/airflow/.local/lib/python3.12/site-packages/airflow/example_dags/example_branch_labels.py
[2025-11-09T20:40:12.028+0000] {logging_mixin.py:190} INFO - [2025-11-09T20:40:12.028+0000] {dag.py:3239} INFO - Sync 1 DAGs
[2025-11-09T20:40:12.081+0000] {logging_mixin.py:190} INFO - [2025-11-09T20:40:12.081+0000] {dag.py:4180} INFO - Setting next_dagrun for example_branch_labels to 2025-11-08 00:00:00+00:00, run_after=2025-11-09 00:00:00+00:00
[2025-11-09T20:40:12.121+0000] {processor.py:208} INFO - Processing /home/airflow/.local/lib/python3.12/site-packages/airflow/example_dags/example_branch_labels.py took 0.172 seconds
[2025-11-09T20:40:42.262+0000] {processor.py:186} INFO - Started process (PID=1690) to work on /home/airflow/.local/lib/python3.12/site-packages/airflow/example_dags/example_branch_labels.py
[2025-11-09T20:40:42.264+0000] {processor.py:914} INFO - Processing file /home/airflow/.local/lib/python3.12/site-packages/airflow/example_dags/example_branch_labels.py for tasks to queue
[2025-11-09T20:40:42.270+0000] {logging_mixin.py:190} INFO - [2025-11-09T20:40:42.270+0000] {dagbag.py:588} INFO - Filling up the DagBag from /home/airflow/.local/lib/python3.12/site-packages/airflow/example_dags/example_branch_labels.py
[2025-11-09T20:40:42.287+0000] {processor.py:925} INFO - DAG(s) 'example_branch_labels' retrieved from /home/airflow/.local/lib/python3.12/site-packages/airflow/example_dags/example_branch_labels.py
[2025-11-09T20:40:42.327+0000] {logging_mixin.py:190} INFO - [2025-11-09T20:40:42.326+0000] {dag.py:3239} INFO - Sync 1 DAGs
[2025-11-09T20:40:42.366+0000] {logging_mixin.py:190} INFO - [2025-11-09T20:40:42.366+0000] {dag.py:4180} INFO - Setting next_dagrun for example_branch_labels to 2025-11-08 00:00:00+00:00, run_after=2025-11-09 00:00:00+00:00
[2025-11-09T20:40:42.398+0000] {processor.py:208} INFO - Processing /home/airflow/.local/lib/python3.12/site-packages/airflow/example_dags/example_branch_labels.py took 0.146 seconds
[2025-11-09T20:41:12.942+0000] {processor.py:186} INFO - Started process (PID=1753) to work on /home/airflow/.local/lib/python3.12/site-packages/airflow/example_dags/example_branch_labels.py
[2025-11-09T20:41:12.945+0000] {processor.py:914} INFO - Processing file /home/airflow/.local/lib/python3.12/site-packages/airflow/example_dags/example_branch_labels.py for tasks to queue
[2025-11-09T20:41:12.950+0000] {logging_mixin.py:190} INFO - [2025-11-09T20:41:12.949+0000] {dagbag.py:588} INFO - Filling up the DagBag from /home/airflow/.local/lib/python3.12/site-packages/airflow/example_dags/example_branch_labels.py
[2025-11-09T20:41:12.969+0000] {processor.py:925} INFO - DAG(s) 'example_branch_labels' retrieved from /home/airflow/.local/lib/python3.12/site-packages/airflow/example_dags/example_branch_labels.py
[2025-11-09T20:41:13.011+0000] {logging_mixin.py:190} INFO - [2025-11-09T20:41:13.010+0000] {dag.py:3239} INFO - Sync 1 DAGs
[2025-11-09T20:41:13.056+0000] {logging_mixin.py:190} INFO - [2025-11-09T20:41:13.055+0000] {dag.py:4180} INFO - Setting next_dagrun for example_branch_labels to 2025-11-08 00:00:00+00:00, run_after=2025-11-09 00:00:00+00:00
[2025-11-09T20:41:13.089+0000] {processor.py:208} INFO - Processing /home/airflow/.local/lib/python3.12/site-packages/airflow/example_dags/example_branch_labels.py took 0.161 seconds
[2025-11-09T20:41:44.272+0000] {processor.py:186} INFO - Started process (PID=1816) to work on /home/airflow/.local/lib/python3.12/site-packages/airflow/example_dags/example_branch_labels.py
[2025-11-09T20:41:44.284+0000] {processor.py:914} INFO - Processing file /home/airflow/.local/lib/python3.12/site-packages/airflow/example_dags/example_branch_labels.py for tasks to queue
[2025-11-09T20:41:44.291+0000] {logging_mixin.py:190} INFO - [2025-11-09T20:41:44.290+0000] {dagbag.py:588} INFO - Filling up the DagBag from /home/airflow/.local/lib/python3.12/site-packages/airflow/example_dags/example_branch_labels.py
[2025-11-09T20:41:44.321+0000] {processor.py:925} INFO - DAG(s) 'example_branch_labels' retrieved from /home/airflow/.local/lib/python3.12/site-packages/airflow/example_dags/example_branch_labels.py
[2025-11-09T20:41:44.382+0000] {logging_mixin.py:190} INFO - [2025-11-09T20:41:44.381+0000] {dag.py:3239} INFO - Sync 1 DAGs
[2025-11-09T20:41:44.455+0000] {logging_mixin.py:190} INFO - [2025-11-09T20:41:44.454+0000] {dag.py:4180} INFO - Setting next_dagrun for example_branch_labels to 2025-11-08 00:00:00+00:00, run_after=2025-11-09 00:00:00+00:00
[2025-11-09T20:41:44.538+0000] {processor.py:208} INFO - Processing /home/airflow/.local/lib/python3.12/site-packages/airflow/example_dags/example_branch_labels.py took 0.287 seconds
[2025-11-09T20:42:15.856+0000] {processor.py:186} INFO - Started process (PID=1879) to work on /home/airflow/.local/lib/python3.12/site-packages/airflow/example_dags/example_branch_labels.py
[2025-11-09T20:42:15.862+0000] {processor.py:914} INFO - Processing file /home/airflow/.local/lib/python3.12/site-packages/airflow/example_dags/example_branch_labels.py for tasks to queue
[2025-11-09T20:42:15.876+0000] {logging_mixin.py:190} INFO - [2025-11-09T20:42:15.872+0000] {dagbag.py:588} INFO - Filling up the DagBag from /home/airflow/.local/lib/python3.12/site-packages/airflow/example_dags/example_branch_labels.py
[2025-11-09T20:42:15.911+0000] {processor.py:925} INFO - DAG(s) 'example_branch_labels' retrieved from /home/airflow/.local/lib/python3.12/site-packages/airflow/example_dags/example_branch_labels.py
[2025-11-09T20:42:15.972+0000] {logging_mixin.py:190} INFO - [2025-11-09T20:42:15.971+0000] {dag.py:3239} INFO - Sync 1 DAGs
[2025-11-09T20:42:16.052+0000] {logging_mixin.py:190} INFO - [2025-11-09T20:42:16.052+0000] {dag.py:4180} INFO - Setting next_dagrun for example_branch_labels to 2025-11-08 00:00:00+00:00, run_after=2025-11-09 00:00:00+00:00
[2025-11-09T20:42:16.105+0000] {processor.py:208} INFO - Processing /home/airflow/.local/lib/python3.12/site-packages/airflow/example_dags/example_branch_labels.py took 0.274 seconds
[2025-11-09T20:42:46.328+0000] {processor.py:186} INFO - Started process (PID=1942) to work on /home/airflow/.local/lib/python3.12/site-packages/airflow/example_dags/example_branch_labels.py
[2025-11-09T20:42:46.331+0000] {processor.py:914} INFO - Processing file /home/airflow/.local/lib/python3.12/site-packages/airflow/example_dags/example_branch_labels.py for tasks to queue
[2025-11-09T20:42:46.337+0000] {logging_mixin.py:190} INFO - [2025-11-09T20:42:46.336+0000] {dagbag.py:588} INFO - Filling up the DagBag from /home/airflow/.local/lib/python3.12/site-packages/airflow/example_dags/example_branch_labels.py
[2025-11-09T20:42:46.371+0000] {processor.py:925} INFO - DAG(s) 'example_branch_labels' retrieved from /home/airflow/.local/lib/python3.12/site-packages/airflow/example_dags/example_branch_labels.py
[2025-11-09T20:42:46.426+0000] {logging_mixin.py:190} INFO - [2025-11-09T20:42:46.425+0000] {dag.py:3239} INFO - Sync 1 DAGs
[2025-11-09T20:42:46.488+0000] {logging_mixin.py:190} INFO - [2025-11-09T20:42:46.488+0000] {dag.py:4180} INFO - Setting next_dagrun for example_branch_labels to 2025-11-08 00:00:00+00:00, run_after=2025-11-09 00:00:00+00:00
[2025-11-09T20:42:46.531+0000] {processor.py:208} INFO - Processing /home/airflow/.local/lib/python3.12/site-packages/airflow/example_dags/example_branch_labels.py took 0.219 seconds
[2025-11-09T20:43:17.176+0000] {processor.py:186} INFO - Started process (PID=2006) to work on /home/airflow/.local/lib/python3.12/site-packages/airflow/example_dags/example_branch_labels.py
[2025-11-09T20:43:17.178+0000] {processor.py:914} INFO - Processing file /home/airflow/.local/lib/python3.12/site-packages/airflow/example_dags/example_branch_labels.py for tasks to queue
[2025-11-09T20:43:17.184+0000] {logging_mixin.py:190} INFO - [2025-11-09T20:43:17.183+0000] {dagbag.py:588} INFO - Filling up the DagBag from /home/airflow/.local/lib/python3.12/site-packages/airflow/example_dags/example_branch_labels.py
[2025-11-09T20:43:17.201+0000] {processor.py:925} INFO - DAG(s) 'example_branch_labels' retrieved from /home/airflow/.local/lib/python3.12/site-packages/airflow/example_dags/example_branch_labels.py
[2025-11-09T20:43:17.247+0000] {logging_mixin.py:190} INFO - [2025-11-09T20:43:17.246+0000] {dag.py:3239} INFO - Sync 1 DAGs
[2025-11-09T20:43:17.299+0000] {logging_mixin.py:190} INFO - [2025-11-09T20:43:17.299+0000] {dag.py:4180} INFO - Setting next_dagrun for example_branch_labels to 2025-11-08 00:00:00+00:00, run_after=2025-11-09 00:00:00+00:00
[2025-11-09T20:43:17.336+0000] {processor.py:208} INFO - Processing /home/airflow/.local/lib/python3.12/site-packages/airflow/example_dags/example_branch_labels.py took 0.175 seconds
[2025-11-09T20:43:48.322+0000] {processor.py:186} INFO - Started process (PID=2070) to work on /home/airflow/.local/lib/python3.12/site-packages/airflow/example_dags/example_branch_labels.py
[2025-11-09T20:43:48.323+0000] {processor.py:914} INFO - Processing file /home/airflow/.local/lib/python3.12/site-packages/airflow/example_dags/example_branch_labels.py for tasks to queue
[2025-11-09T20:43:48.329+0000] {logging_mixin.py:190} INFO - [2025-11-09T20:43:48.328+0000] {dagbag.py:588} INFO - Filling up the DagBag from /home/airflow/.local/lib/python3.12/site-packages/airflow/example_dags/example_branch_labels.py
[2025-11-09T20:43:48.345+0000] {processor.py:925} INFO - DAG(s) 'example_branch_labels' retrieved from /home/airflow/.local/lib/python3.12/site-packages/airflow/example_dags/example_branch_labels.py
[2025-11-09T20:43:48.385+0000] {logging_mixin.py:190} INFO - [2025-11-09T20:43:48.385+0000] {dag.py:3239} INFO - Sync 1 DAGs
[2025-11-09T20:43:48.429+0000] {logging_mixin.py:190} INFO - [2025-11-09T20:43:48.429+0000] {dag.py:4180} INFO - Setting next_dagrun for example_branch_labels to 2025-11-08 00:00:00+00:00, run_after=2025-11-09 00:00:00+00:00
[2025-11-09T20:43:48.462+0000] {processor.py:208} INFO - Processing /home/airflow/.local/lib/python3.12/site-packages/airflow/example_dags/example_branch_labels.py took 0.151 seconds
[2025-11-09T20:44:19.624+0000] {processor.py:186} INFO - Started process (PID=2134) to work on /home/airflow/.local/lib/python3.12/site-packages/airflow/example_dags/example_branch_labels.py
[2025-11-09T20:44:19.626+0000] {processor.py:914} INFO - Processing file /home/airflow/.local/lib/python3.12/site-packages/airflow/example_dags/example_branch_labels.py for tasks to queue
[2025-11-09T20:44:19.632+0000] {logging_mixin.py:190} INFO - [2025-11-09T20:44:19.631+0000] {dagbag.py:588} INFO - Filling up the DagBag from /home/airflow/.local/lib/python3.12/site-packages/airflow/example_dags/example_branch_labels.py
[2025-11-09T20:44:19.651+0000] {processor.py:925} INFO - DAG(s) 'example_branch_labels' retrieved from /home/airflow/.local/lib/python3.12/site-packages/airflow/example_dags/example_branch_labels.py
[2025-11-09T20:44:19.690+0000] {logging_mixin.py:190} INFO - [2025-11-09T20:44:19.690+0000] {dag.py:3239} INFO - Sync 1 DAGs
[2025-11-09T20:44:19.733+0000] {logging_mixin.py:190} INFO - [2025-11-09T20:44:19.732+0000] {dag.py:4180} INFO - Setting next_dagrun for example_branch_labels to 2025-11-08 00:00:00+00:00, run_after=2025-11-09 00:00:00+00:00
[2025-11-09T20:44:19.766+0000] {processor.py:208} INFO - Processing /home/airflow/.local/lib/python3.12/site-packages/airflow/example_dags/example_branch_labels.py took 0.153 seconds
[2025-11-09T20:44:51.010+0000] {processor.py:186} INFO - Started process (PID=2199) to work on /home/airflow/.local/lib/python3.12/site-packages/airflow/example_dags/example_branch_labels.py
[2025-11-09T20:44:51.012+0000] {processor.py:914} INFO - Processing file /home/airflow/.local/lib/python3.12/site-packages/airflow/example_dags/example_branch_labels.py for tasks to queue
[2025-11-09T20:44:51.017+0000] {logging_mixin.py:190} INFO - [2025-11-09T20:44:51.016+0000] {dagbag.py:588} INFO - Filling up the DagBag from /home/airflow/.local/lib/python3.12/site-packages/airflow/example_dags/example_branch_labels.py
[2025-11-09T20:44:51.034+0000] {processor.py:925} INFO - DAG(s) 'example_branch_labels' retrieved from /home/airflow/.local/lib/python3.12/site-packages/airflow/example_dags/example_branch_labels.py
[2025-11-09T20:44:51.075+0000] {logging_mixin.py:190} INFO - [2025-11-09T20:44:51.074+0000] {dag.py:3239} INFO - Sync 1 DAGs
[2025-11-09T20:44:51.115+0000] {logging_mixin.py:190} INFO - [2025-11-09T20:44:51.115+0000] {dag.py:4180} INFO - Setting next_dagrun for example_branch_labels to 2025-11-08 00:00:00+00:00, run_after=2025-11-09 00:00:00+00:00
[2025-11-09T20:44:51.146+0000] {processor.py:208} INFO - Processing /home/airflow/.local/lib/python3.12/site-packages/airflow/example_dags/example_branch_labels.py took 0.146 seconds
[2025-11-09T20:45:21.419+0000] {processor.py:186} INFO - Started process (PID=2263) to work on /home/airflow/.local/lib/python3.12/site-packages/airflow/example_dags/example_branch_labels.py
[2025-11-09T20:45:21.421+0000] {processor.py:914} INFO - Processing file /home/airflow/.local/lib/python3.12/site-packages/airflow/example_dags/example_branch_labels.py for tasks to queue
[2025-11-09T20:45:21.426+0000] {logging_mixin.py:190} INFO - [2025-11-09T20:45:21.425+0000] {dagbag.py:588} INFO - Filling up the DagBag from /home/airflow/.local/lib/python3.12/site-packages/airflow/example_dags/example_branch_labels.py
[2025-11-09T20:45:21.446+0000] {processor.py:925} INFO - DAG(s) 'example_branch_labels' retrieved from /home/airflow/.local/lib/python3.12/site-packages/airflow/example_dags/example_branch_labels.py
[2025-11-09T20:45:21.495+0000] {logging_mixin.py:190} INFO - [2025-11-09T20:45:21.495+0000] {dag.py:3239} INFO - Sync 1 DAGs
[2025-11-09T20:45:21.543+0000] {logging_mixin.py:190} INFO - [2025-11-09T20:45:21.542+0000] {dag.py:4180} INFO - Setting next_dagrun for example_branch_labels to 2025-11-08 00:00:00+00:00, run_after=2025-11-09 00:00:00+00:00
[2025-11-09T20:45:21.583+0000] {processor.py:208} INFO - Processing /home/airflow/.local/lib/python3.12/site-packages/airflow/example_dags/example_branch_labels.py took 0.176 seconds
[2025-11-09T20:45:51.887+0000] {processor.py:186} INFO - Started process (PID=2326) to work on /home/airflow/.local/lib/python3.12/site-packages/airflow/example_dags/example_branch_labels.py
[2025-11-09T20:45:51.889+0000] {processor.py:914} INFO - Processing file /home/airflow/.local/lib/python3.12/site-packages/airflow/example_dags/example_branch_labels.py for tasks to queue
[2025-11-09T20:45:51.896+0000] {logging_mixin.py:190} INFO - [2025-11-09T20:45:51.895+0000] {dagbag.py:588} INFO - Filling up the DagBag from /home/airflow/.local/lib/python3.12/site-packages/airflow/example_dags/example_branch_labels.py
[2025-11-09T20:45:51.913+0000] {processor.py:925} INFO - DAG(s) 'example_branch_labels' retrieved from /home/airflow/.local/lib/python3.12/site-packages/airflow/example_dags/example_branch_labels.py
[2025-11-09T20:45:51.954+0000] {logging_mixin.py:190} INFO - [2025-11-09T20:45:51.954+0000] {dag.py:3239} INFO - Sync 1 DAGs
[2025-11-09T20:45:52.011+0000] {logging_mixin.py:190} INFO - [2025-11-09T20:45:52.010+0000] {dag.py:4180} INFO - Setting next_dagrun for example_branch_labels to 2025-11-08 00:00:00+00:00, run_after=2025-11-09 00:00:00+00:00
[2025-11-09T20:45:52.051+0000] {processor.py:208} INFO - Processing /home/airflow/.local/lib/python3.12/site-packages/airflow/example_dags/example_branch_labels.py took 0.177 seconds
[2025-11-09T20:46:23.715+0000] {processor.py:186} INFO - Started process (PID=2390) to work on /home/airflow/.local/lib/python3.12/site-packages/airflow/example_dags/example_branch_labels.py
[2025-11-09T20:46:23.718+0000] {processor.py:914} INFO - Processing file /home/airflow/.local/lib/python3.12/site-packages/airflow/example_dags/example_branch_labels.py for tasks to queue
[2025-11-09T20:46:23.725+0000] {logging_mixin.py:190} INFO - [2025-11-09T20:46:23.724+0000] {dagbag.py:588} INFO - Filling up the DagBag from /home/airflow/.local/lib/python3.12/site-packages/airflow/example_dags/example_branch_labels.py
[2025-11-09T20:46:23.752+0000] {processor.py:925} INFO - DAG(s) 'example_branch_labels' retrieved from /home/airflow/.local/lib/python3.12/site-packages/airflow/example_dags/example_branch_labels.py
[2025-11-09T20:46:23.808+0000] {logging_mixin.py:190} INFO - [2025-11-09T20:46:23.808+0000] {dag.py:3239} INFO - Sync 1 DAGs
[2025-11-09T20:46:23.877+0000] {logging_mixin.py:190} INFO - [2025-11-09T20:46:23.876+0000] {dag.py:4180} INFO - Setting next_dagrun for example_branch_labels to 2025-11-08 00:00:00+00:00, run_after=2025-11-09 00:00:00+00:00
[2025-11-09T20:46:23.927+0000] {processor.py:208} INFO - Processing /home/airflow/.local/lib/python3.12/site-packages/airflow/example_dags/example_branch_labels.py took 0.228 seconds
[2025-11-09T20:46:54.213+0000] {processor.py:186} INFO - Started process (PID=2453) to work on /home/airflow/.local/lib/python3.12/site-packages/airflow/example_dags/example_branch_labels.py
[2025-11-09T20:46:54.215+0000] {processor.py:914} INFO - Processing file /home/airflow/.local/lib/python3.12/site-packages/airflow/example_dags/example_branch_labels.py for tasks to queue
[2025-11-09T20:46:54.222+0000] {logging_mixin.py:190} INFO - [2025-11-09T20:46:54.221+0000] {dagbag.py:588} INFO - Filling up the DagBag from /home/airflow/.local/lib/python3.12/site-packages/airflow/example_dags/example_branch_labels.py
[2025-11-09T20:46:54.237+0000] {processor.py:925} INFO - DAG(s) 'example_branch_labels' retrieved from /home/airflow/.local/lib/python3.12/site-packages/airflow/example_dags/example_branch_labels.py
[2025-11-09T20:46:54.274+0000] {logging_mixin.py:190} INFO - [2025-11-09T20:46:54.274+0000] {dag.py:3239} INFO - Sync 1 DAGs
[2025-11-09T20:46:54.315+0000] {logging_mixin.py:190} INFO - [2025-11-09T20:46:54.315+0000] {dag.py:4180} INFO - Setting next_dagrun for example_branch_labels to 2025-11-08 00:00:00+00:00, run_after=2025-11-09 00:00:00+00:00
[2025-11-09T20:46:54.349+0000] {processor.py:208} INFO - Processing /home/airflow/.local/lib/python3.12/site-packages/airflow/example_dags/example_branch_labels.py took 0.147 seconds
[2025-11-09T20:47:24.739+0000] {processor.py:186} INFO - Started process (PID=2518) to work on /home/airflow/.local/lib/python3.12/site-packages/airflow/example_dags/example_branch_labels.py
[2025-11-09T20:47:24.741+0000] {processor.py:914} INFO - Processing file /home/airflow/.local/lib/python3.12/site-packages/airflow/example_dags/example_branch_labels.py for tasks to queue
[2025-11-09T20:47:24.746+0000] {logging_mixin.py:190} INFO - [2025-11-09T20:47:24.746+0000] {dagbag.py:588} INFO - Filling up the DagBag from /home/airflow/.local/lib/python3.12/site-packages/airflow/example_dags/example_branch_labels.py
[2025-11-09T20:47:24.771+0000] {processor.py:925} INFO - DAG(s) 'example_branch_labels' retrieved from /home/airflow/.local/lib/python3.12/site-packages/airflow/example_dags/example_branch_labels.py
[2025-11-09T20:47:24.827+0000] {logging_mixin.py:190} INFO - [2025-11-09T20:47:24.826+0000] {dag.py:3239} INFO - Sync 1 DAGs
[2025-11-09T20:47:24.897+0000] {logging_mixin.py:190} INFO - [2025-11-09T20:47:24.897+0000] {dag.py:4180} INFO - Setting next_dagrun for example_branch_labels to 2025-11-08 00:00:00+00:00, run_after=2025-11-09 00:00:00+00:00
[2025-11-09T20:47:24.944+0000] {processor.py:208} INFO - Processing /home/airflow/.local/lib/python3.12/site-packages/airflow/example_dags/example_branch_labels.py took 0.220 seconds
[2025-11-09T20:47:55.188+0000] {processor.py:186} INFO - Started process (PID=2582) to work on /home/airflow/.local/lib/python3.12/site-packages/airflow/example_dags/example_branch_labels.py
[2025-11-09T20:47:55.191+0000] {processor.py:914} INFO - Processing file /home/airflow/.local/lib/python3.12/site-packages/airflow/example_dags/example_branch_labels.py for tasks to queue
[2025-11-09T20:47:55.197+0000] {logging_mixin.py:190} INFO - [2025-11-09T20:47:55.196+0000] {dagbag.py:588} INFO - Filling up the DagBag from /home/airflow/.local/lib/python3.12/site-packages/airflow/example_dags/example_branch_labels.py
[2025-11-09T20:47:55.233+0000] {processor.py:925} INFO - DAG(s) 'example_branch_labels' retrieved from /home/airflow/.local/lib/python3.12/site-packages/airflow/example_dags/example_branch_labels.py
[2025-11-09T20:47:55.284+0000] {logging_mixin.py:190} INFO - [2025-11-09T20:47:55.283+0000] {dag.py:3239} INFO - Sync 1 DAGs
[2025-11-09T20:47:55.335+0000] {logging_mixin.py:190} INFO - [2025-11-09T20:47:55.334+0000] {dag.py:4180} INFO - Setting next_dagrun for example_branch_labels to 2025-11-08 00:00:00+00:00, run_after=2025-11-09 00:00:00+00:00
[2025-11-09T20:47:55.374+0000] {processor.py:208} INFO - Processing /home/airflow/.local/lib/python3.12/site-packages/airflow/example_dags/example_branch_labels.py took 0.203 seconds
[2025-11-09T20:48:26.125+0000] {processor.py:186} INFO - Started process (PID=2647) to work on /home/airflow/.local/lib/python3.12/site-packages/airflow/example_dags/example_branch_labels.py
[2025-11-09T20:48:26.128+0000] {processor.py:914} INFO - Processing file /home/airflow/.local/lib/python3.12/site-packages/airflow/example_dags/example_branch_labels.py for tasks to queue
[2025-11-09T20:48:26.135+0000] {logging_mixin.py:190} INFO - [2025-11-09T20:48:26.134+0000] {dagbag.py:588} INFO - Filling up the DagBag from /home/airflow/.local/lib/python3.12/site-packages/airflow/example_dags/example_branch_labels.py
[2025-11-09T20:48:26.163+0000] {processor.py:925} INFO - DAG(s) 'example_branch_labels' retrieved from /home/airflow/.local/lib/python3.12/site-packages/airflow/example_dags/example_branch_labels.py
[2025-11-09T20:48:26.212+0000] {logging_mixin.py:190} INFO - [2025-11-09T20:48:26.212+0000] {dag.py:3239} INFO - Sync 1 DAGs
[2025-11-09T20:48:26.270+0000] {logging_mixin.py:190} INFO - [2025-11-09T20:48:26.270+0000] {dag.py:4180} INFO - Setting next_dagrun for example_branch_labels to 2025-11-08 00:00:00+00:00, run_after=2025-11-09 00:00:00+00:00
[2025-11-09T20:48:26.317+0000] {processor.py:208} INFO - Processing /home/airflow/.local/lib/python3.12/site-packages/airflow/example_dags/example_branch_labels.py took 0.212 seconds
[2025-11-09T20:48:56.808+0000] {processor.py:186} INFO - Started process (PID=2712) to work on /home/airflow/.local/lib/python3.12/site-packages/airflow/example_dags/example_branch_labels.py
[2025-11-09T20:48:56.811+0000] {processor.py:914} INFO - Processing file /home/airflow/.local/lib/python3.12/site-packages/airflow/example_dags/example_branch_labels.py for tasks to queue
[2025-11-09T20:48:56.817+0000] {logging_mixin.py:190} INFO - [2025-11-09T20:48:56.816+0000] {dagbag.py:588} INFO - Filling up the DagBag from /home/airflow/.local/lib/python3.12/site-packages/airflow/example_dags/example_branch_labels.py
[2025-11-09T20:48:56.837+0000] {processor.py:925} INFO - DAG(s) 'example_branch_labels' retrieved from /home/airflow/.local/lib/python3.12/site-packages/airflow/example_dags/example_branch_labels.py
[2025-11-09T20:48:56.880+0000] {logging_mixin.py:190} INFO - [2025-11-09T20:48:56.880+0000] {dag.py:3239} INFO - Sync 1 DAGs
[2025-11-09T20:48:56.934+0000] {logging_mixin.py:190} INFO - [2025-11-09T20:48:56.933+0000] {dag.py:4180} INFO - Setting next_dagrun for example_branch_labels to 2025-11-08 00:00:00+00:00, run_after=2025-11-09 00:00:00+00:00
[2025-11-09T20:48:56.969+0000] {processor.py:208} INFO - Processing /home/airflow/.local/lib/python3.12/site-packages/airflow/example_dags/example_branch_labels.py took 0.173 seconds
[2025-11-09T20:49:27.243+0000] {processor.py:186} INFO - Started process (PID=2776) to work on /home/airflow/.local/lib/python3.12/site-packages/airflow/example_dags/example_branch_labels.py
[2025-11-09T20:49:27.245+0000] {processor.py:914} INFO - Processing file /home/airflow/.local/lib/python3.12/site-packages/airflow/example_dags/example_branch_labels.py for tasks to queue
[2025-11-09T20:49:27.250+0000] {logging_mixin.py:190} INFO - [2025-11-09T20:49:27.249+0000] {dagbag.py:588} INFO - Filling up the DagBag from /home/airflow/.local/lib/python3.12/site-packages/airflow/example_dags/example_branch_labels.py
[2025-11-09T20:49:27.270+0000] {processor.py:925} INFO - DAG(s) 'example_branch_labels' retrieved from /home/airflow/.local/lib/python3.12/site-packages/airflow/example_dags/example_branch_labels.py
[2025-11-09T20:49:27.316+0000] {logging_mixin.py:190} INFO - [2025-11-09T20:49:27.315+0000] {dag.py:3239} INFO - Sync 1 DAGs
[2025-11-09T20:49:27.370+0000] {logging_mixin.py:190} INFO - [2025-11-09T20:49:27.369+0000] {dag.py:4180} INFO - Setting next_dagrun for example_branch_labels to 2025-11-08 00:00:00+00:00, run_after=2025-11-09 00:00:00+00:00
[2025-11-09T20:49:27.410+0000] {processor.py:208} INFO - Processing /home/airflow/.local/lib/python3.12/site-packages/airflow/example_dags/example_branch_labels.py took 0.178 seconds
[2025-11-09T20:49:57.728+0000] {processor.py:186} INFO - Started process (PID=2840) to work on /home/airflow/.local/lib/python3.12/site-packages/airflow/example_dags/example_branch_labels.py
[2025-11-09T20:49:57.730+0000] {processor.py:914} INFO - Processing file /home/airflow/.local/lib/python3.12/site-packages/airflow/example_dags/example_branch_labels.py for tasks to queue
[2025-11-09T20:49:57.736+0000] {logging_mixin.py:190} INFO - [2025-11-09T20:49:57.735+0000] {dagbag.py:588} INFO - Filling up the DagBag from /home/airflow/.local/lib/python3.12/site-packages/airflow/example_dags/example_branch_labels.py
[2025-11-09T20:49:57.754+0000] {processor.py:925} INFO - DAG(s) 'example_branch_labels' retrieved from /home/airflow/.local/lib/python3.12/site-packages/airflow/example_dags/example_branch_labels.py
[2025-11-09T20:49:57.796+0000] {logging_mixin.py:190} INFO - [2025-11-09T20:49:57.795+0000] {dag.py:3239} INFO - Sync 1 DAGs
[2025-11-09T20:49:57.834+0000] {logging_mixin.py:190} INFO - [2025-11-09T20:49:57.834+0000] {dag.py:4180} INFO - Setting next_dagrun for example_branch_labels to 2025-11-08 00:00:00+00:00, run_after=2025-11-09 00:00:00+00:00
[2025-11-09T20:49:57.868+0000] {processor.py:208} INFO - Processing /home/airflow/.local/lib/python3.12/site-packages/airflow/example_dags/example_branch_labels.py took 0.152 seconds
[2025-11-09T20:50:28.801+0000] {processor.py:186} INFO - Started process (PID=2904) to work on /home/airflow/.local/lib/python3.12/site-packages/airflow/example_dags/example_branch_labels.py
[2025-11-09T20:50:28.803+0000] {processor.py:914} INFO - Processing file /home/airflow/.local/lib/python3.12/site-packages/airflow/example_dags/example_branch_labels.py for tasks to queue
[2025-11-09T20:50:28.809+0000] {logging_mixin.py:190} INFO - [2025-11-09T20:50:28.808+0000] {dagbag.py:588} INFO - Filling up the DagBag from /home/airflow/.local/lib/python3.12/site-packages/airflow/example_dags/example_branch_labels.py
[2025-11-09T20:50:28.827+0000] {processor.py:925} INFO - DAG(s) 'example_branch_labels' retrieved from /home/airflow/.local/lib/python3.12/site-packages/airflow/example_dags/example_branch_labels.py
[2025-11-09T20:50:28.875+0000] {logging_mixin.py:190} INFO - [2025-11-09T20:50:28.875+0000] {dag.py:3239} INFO - Sync 1 DAGs
[2025-11-09T20:50:29.171+0000] {logging_mixin.py:190} INFO - [2025-11-09T20:50:29.171+0000] {dag.py:4180} INFO - Setting next_dagrun for example_branch_labels to 2025-11-08 00:00:00+00:00, run_after=2025-11-09 00:00:00+00:00
[2025-11-09T20:50:29.202+0000] {processor.py:208} INFO - Processing /home/airflow/.local/lib/python3.12/site-packages/airflow/example_dags/example_branch_labels.py took 0.413 seconds
[2025-11-09T20:51:00.016+0000] {processor.py:186} INFO - Started process (PID=2968) to work on /home/airflow/.local/lib/python3.12/site-packages/airflow/example_dags/example_branch_labels.py
[2025-11-09T20:51:00.019+0000] {processor.py:914} INFO - Processing file /home/airflow/.local/lib/python3.12/site-packages/airflow/example_dags/example_branch_labels.py for tasks to queue
[2025-11-09T20:51:00.026+0000] {logging_mixin.py:190} INFO - [2025-11-09T20:51:00.025+0000] {dagbag.py:588} INFO - Filling up the DagBag from /home/airflow/.local/lib/python3.12/site-packages/airflow/example_dags/example_branch_labels.py
[2025-11-09T20:51:00.051+0000] {processor.py:925} INFO - DAG(s) 'example_branch_labels' retrieved from /home/airflow/.local/lib/python3.12/site-packages/airflow/example_dags/example_branch_labels.py
[2025-11-09T20:51:00.119+0000] {logging_mixin.py:190} INFO - [2025-11-09T20:51:00.118+0000] {dag.py:3239} INFO - Sync 1 DAGs
[2025-11-09T20:51:00.195+0000] {logging_mixin.py:190} INFO - [2025-11-09T20:51:00.194+0000] {dag.py:4180} INFO - Setting next_dagrun for example_branch_labels to 2025-11-08 00:00:00+00:00, run_after=2025-11-09 00:00:00+00:00
[2025-11-09T20:51:00.254+0000] {processor.py:208} INFO - Processing /home/airflow/.local/lib/python3.12/site-packages/airflow/example_dags/example_branch_labels.py took 0.260 seconds
[2025-11-09T20:51:30.820+0000] {processor.py:186} INFO - Started process (PID=3033) to work on /home/airflow/.local/lib/python3.12/site-packages/airflow/example_dags/example_branch_labels.py
[2025-11-09T20:51:30.822+0000] {processor.py:914} INFO - Processing file /home/airflow/.local/lib/python3.12/site-packages/airflow/example_dags/example_branch_labels.py for tasks to queue
[2025-11-09T20:51:30.828+0000] {logging_mixin.py:190} INFO - [2025-11-09T20:51:30.827+0000] {dagbag.py:588} INFO - Filling up the DagBag from /home/airflow/.local/lib/python3.12/site-packages/airflow/example_dags/example_branch_labels.py
[2025-11-09T20:51:30.854+0000] {processor.py:925} INFO - DAG(s) 'example_branch_labels' retrieved from /home/airflow/.local/lib/python3.12/site-packages/airflow/example_dags/example_branch_labels.py
[2025-11-09T20:51:30.902+0000] {logging_mixin.py:190} INFO - [2025-11-09T20:51:30.901+0000] {dag.py:3239} INFO - Sync 1 DAGs
[2025-11-09T20:51:30.957+0000] {logging_mixin.py:190} INFO - [2025-11-09T20:51:30.956+0000] {dag.py:4180} INFO - Setting next_dagrun for example_branch_labels to 2025-11-08 00:00:00+00:00, run_after=2025-11-09 00:00:00+00:00
[2025-11-09T20:51:30.998+0000] {processor.py:208} INFO - Processing /home/airflow/.local/lib/python3.12/site-packages/airflow/example_dags/example_branch_labels.py took 0.191 seconds
[2025-11-09T20:52:01.243+0000] {processor.py:186} INFO - Started process (PID=3103) to work on /home/airflow/.local/lib/python3.12/site-packages/airflow/example_dags/example_branch_labels.py
[2025-11-09T20:52:01.246+0000] {processor.py:914} INFO - Processing file /home/airflow/.local/lib/python3.12/site-packages/airflow/example_dags/example_branch_labels.py for tasks to queue
[2025-11-09T20:52:01.253+0000] {logging_mixin.py:190} INFO - [2025-11-09T20:52:01.252+0000] {dagbag.py:588} INFO - Filling up the DagBag from /home/airflow/.local/lib/python3.12/site-packages/airflow/example_dags/example_branch_labels.py
[2025-11-09T20:52:01.296+0000] {processor.py:925} INFO - DAG(s) 'example_branch_labels' retrieved from /home/airflow/.local/lib/python3.12/site-packages/airflow/example_dags/example_branch_labels.py
[2025-11-09T20:52:01.342+0000] {logging_mixin.py:190} INFO - [2025-11-09T20:52:01.342+0000] {dag.py:3239} INFO - Sync 1 DAGs
[2025-11-09T20:52:01.399+0000] {logging_mixin.py:190} INFO - [2025-11-09T20:52:01.399+0000] {dag.py:4180} INFO - Setting next_dagrun for example_branch_labels to 2025-11-08 00:00:00+00:00, run_after=2025-11-09 00:00:00+00:00
[2025-11-09T20:52:01.463+0000] {processor.py:208} INFO - Processing /home/airflow/.local/lib/python3.12/site-packages/airflow/example_dags/example_branch_labels.py took 0.236 seconds
[2025-11-09T20:52:31.653+0000] {processor.py:186} INFO - Started process (PID=3167) to work on /home/airflow/.local/lib/python3.12/site-packages/airflow/example_dags/example_branch_labels.py
[2025-11-09T20:52:31.655+0000] {processor.py:914} INFO - Processing file /home/airflow/.local/lib/python3.12/site-packages/airflow/example_dags/example_branch_labels.py for tasks to queue
[2025-11-09T20:52:31.661+0000] {logging_mixin.py:190} INFO - [2025-11-09T20:52:31.660+0000] {dagbag.py:588} INFO - Filling up the DagBag from /home/airflow/.local/lib/python3.12/site-packages/airflow/example_dags/example_branch_labels.py
[2025-11-09T20:52:31.682+0000] {processor.py:925} INFO - DAG(s) 'example_branch_labels' retrieved from /home/airflow/.local/lib/python3.12/site-packages/airflow/example_dags/example_branch_labels.py
[2025-11-09T20:52:31.737+0000] {logging_mixin.py:190} INFO - [2025-11-09T20:52:31.737+0000] {dag.py:3239} INFO - Sync 1 DAGs
[2025-11-09T20:52:31.794+0000] {logging_mixin.py:190} INFO - [2025-11-09T20:52:31.794+0000] {dag.py:4180} INFO - Setting next_dagrun for example_branch_labels to 2025-11-08 00:00:00+00:00, run_after=2025-11-09 00:00:00+00:00
[2025-11-09T20:52:31.844+0000] {processor.py:208} INFO - Processing /home/airflow/.local/lib/python3.12/site-packages/airflow/example_dags/example_branch_labels.py took 0.204 seconds
[2025-11-09T20:53:02.473+0000] {processor.py:186} INFO - Started process (PID=3230) to work on /home/airflow/.local/lib/python3.12/site-packages/airflow/example_dags/example_branch_labels.py
[2025-11-09T20:53:02.490+0000] {processor.py:914} INFO - Processing file /home/airflow/.local/lib/python3.12/site-packages/airflow/example_dags/example_branch_labels.py for tasks to queue
[2025-11-09T20:53:02.502+0000] {logging_mixin.py:190} INFO - [2025-11-09T20:53:02.499+0000] {dagbag.py:588} INFO - Filling up the DagBag from /home/airflow/.local/lib/python3.12/site-packages/airflow/example_dags/example_branch_labels.py
[2025-11-09T20:53:02.542+0000] {processor.py:925} INFO - DAG(s) 'example_branch_labels' retrieved from /home/airflow/.local/lib/python3.12/site-packages/airflow/example_dags/example_branch_labels.py
[2025-11-09T20:53:02.667+0000] {logging_mixin.py:190} INFO - [2025-11-09T20:53:02.666+0000] {dag.py:3239} INFO - Sync 1 DAGs
[2025-11-09T20:53:02.813+0000] {logging_mixin.py:190} INFO - [2025-11-09T20:53:02.812+0000] {dag.py:4180} INFO - Setting next_dagrun for example_branch_labels to 2025-11-08 00:00:00+00:00, run_after=2025-11-09 00:00:00+00:00
[2025-11-09T20:53:02.897+0000] {processor.py:208} INFO - Processing /home/airflow/.local/lib/python3.12/site-packages/airflow/example_dags/example_branch_labels.py took 0.469 seconds
[2025-11-09T20:53:33.217+0000] {processor.py:186} INFO - Started process (PID=3294) to work on /home/airflow/.local/lib/python3.12/site-packages/airflow/example_dags/example_branch_labels.py
[2025-11-09T20:53:33.219+0000] {processor.py:914} INFO - Processing file /home/airflow/.local/lib/python3.12/site-packages/airflow/example_dags/example_branch_labels.py for tasks to queue
[2025-11-09T20:53:33.224+0000] {logging_mixin.py:190} INFO - [2025-11-09T20:53:33.224+0000] {dagbag.py:588} INFO - Filling up the DagBag from /home/airflow/.local/lib/python3.12/site-packages/airflow/example_dags/example_branch_labels.py
[2025-11-09T20:53:33.241+0000] {processor.py:925} INFO - DAG(s) 'example_branch_labels' retrieved from /home/airflow/.local/lib/python3.12/site-packages/airflow/example_dags/example_branch_labels.py
[2025-11-09T20:53:33.289+0000] {logging_mixin.py:190} INFO - [2025-11-09T20:53:33.289+0000] {dag.py:3239} INFO - Sync 1 DAGs
[2025-11-09T20:53:33.338+0000] {logging_mixin.py:190} INFO - [2025-11-09T20:53:33.338+0000] {dag.py:4180} INFO - Setting next_dagrun for example_branch_labels to 2025-11-08 00:00:00+00:00, run_after=2025-11-09 00:00:00+00:00
[2025-11-09T20:53:33.373+0000] {processor.py:208} INFO - Processing /home/airflow/.local/lib/python3.12/site-packages/airflow/example_dags/example_branch_labels.py took 0.169 seconds
[2025-11-09T20:54:03.642+0000] {processor.py:186} INFO - Started process (PID=3358) to work on /home/airflow/.local/lib/python3.12/site-packages/airflow/example_dags/example_branch_labels.py
[2025-11-09T20:54:03.644+0000] {processor.py:914} INFO - Processing file /home/airflow/.local/lib/python3.12/site-packages/airflow/example_dags/example_branch_labels.py for tasks to queue
[2025-11-09T20:54:03.649+0000] {logging_mixin.py:190} INFO - [2025-11-09T20:54:03.649+0000] {dagbag.py:588} INFO - Filling up the DagBag from /home/airflow/.local/lib/python3.12/site-packages/airflow/example_dags/example_branch_labels.py
[2025-11-09T20:54:03.672+0000] {processor.py:925} INFO - DAG(s) 'example_branch_labels' retrieved from /home/airflow/.local/lib/python3.12/site-packages/airflow/example_dags/example_branch_labels.py
[2025-11-09T20:54:03.721+0000] {logging_mixin.py:190} INFO - [2025-11-09T20:54:03.720+0000] {dag.py:3239} INFO - Sync 1 DAGs
[2025-11-09T20:54:03.776+0000] {logging_mixin.py:190} INFO - [2025-11-09T20:54:03.775+0000] {dag.py:4180} INFO - Setting next_dagrun for example_branch_labels to 2025-11-08 00:00:00+00:00, run_after=2025-11-09 00:00:00+00:00
[2025-11-09T20:54:03.812+0000] {processor.py:208} INFO - Processing /home/airflow/.local/lib/python3.12/site-packages/airflow/example_dags/example_branch_labels.py took 0.184 seconds
[2025-11-09T20:54:34.002+0000] {processor.py:186} INFO - Started process (PID=3422) to work on /home/airflow/.local/lib/python3.12/site-packages/airflow/example_dags/example_branch_labels.py
[2025-11-09T20:54:34.004+0000] {processor.py:914} INFO - Processing file /home/airflow/.local/lib/python3.12/site-packages/airflow/example_dags/example_branch_labels.py for tasks to queue
[2025-11-09T20:54:34.011+0000] {logging_mixin.py:190} INFO - [2025-11-09T20:54:34.010+0000] {dagbag.py:588} INFO - Filling up the DagBag from /home/airflow/.local/lib/python3.12/site-packages/airflow/example_dags/example_branch_labels.py
[2025-11-09T20:54:34.038+0000] {processor.py:925} INFO - DAG(s) 'example_branch_labels' retrieved from /home/airflow/.local/lib/python3.12/site-packages/airflow/example_dags/example_branch_labels.py
[2025-11-09T20:54:34.094+0000] {logging_mixin.py:190} INFO - [2025-11-09T20:54:34.093+0000] {dag.py:3239} INFO - Sync 1 DAGs
[2025-11-09T20:54:34.148+0000] {logging_mixin.py:190} INFO - [2025-11-09T20:54:34.148+0000] {dag.py:4180} INFO - Setting next_dagrun for example_branch_labels to 2025-11-08 00:00:00+00:00, run_after=2025-11-09 00:00:00+00:00
[2025-11-09T20:54:34.191+0000] {processor.py:208} INFO - Processing /home/airflow/.local/lib/python3.12/site-packages/airflow/example_dags/example_branch_labels.py took 0.202 seconds
[2025-11-09T20:55:04.916+0000] {processor.py:186} INFO - Started process (PID=3493) to work on /home/airflow/.local/lib/python3.12/site-packages/airflow/example_dags/example_branch_labels.py
[2025-11-09T20:55:04.918+0000] {processor.py:914} INFO - Processing file /home/airflow/.local/lib/python3.12/site-packages/airflow/example_dags/example_branch_labels.py for tasks to queue
[2025-11-09T20:55:04.923+0000] {logging_mixin.py:190} INFO - [2025-11-09T20:55:04.922+0000] {dagbag.py:588} INFO - Filling up the DagBag from /home/airflow/.local/lib/python3.12/site-packages/airflow/example_dags/example_branch_labels.py
[2025-11-09T20:55:04.942+0000] {processor.py:925} INFO - DAG(s) 'example_branch_labels' retrieved from /home/airflow/.local/lib/python3.12/site-packages/airflow/example_dags/example_branch_labels.py
[2025-11-09T20:55:05.018+0000] {logging_mixin.py:190} INFO - [2025-11-09T20:55:05.017+0000] {dag.py:3239} INFO - Sync 1 DAGs
[2025-11-09T20:55:05.088+0000] {logging_mixin.py:190} INFO - [2025-11-09T20:55:05.088+0000] {dag.py:4180} INFO - Setting next_dagrun for example_branch_labels to 2025-11-08 00:00:00+00:00, run_after=2025-11-09 00:00:00+00:00
[2025-11-09T20:55:05.140+0000] {processor.py:208} INFO - Processing /home/airflow/.local/lib/python3.12/site-packages/airflow/example_dags/example_branch_labels.py took 0.236 seconds
[2025-11-09T20:55:35.407+0000] {processor.py:186} INFO - Started process (PID=3560) to work on /home/airflow/.local/lib/python3.12/site-packages/airflow/example_dags/example_branch_labels.py
[2025-11-09T20:55:35.410+0000] {processor.py:914} INFO - Processing file /home/airflow/.local/lib/python3.12/site-packages/airflow/example_dags/example_branch_labels.py for tasks to queue
[2025-11-09T20:55:35.417+0000] {logging_mixin.py:190} INFO - [2025-11-09T20:55:35.417+0000] {dagbag.py:588} INFO - Filling up the DagBag from /home/airflow/.local/lib/python3.12/site-packages/airflow/example_dags/example_branch_labels.py
[2025-11-09T20:55:35.450+0000] {processor.py:925} INFO - DAG(s) 'example_branch_labels' retrieved from /home/airflow/.local/lib/python3.12/site-packages/airflow/example_dags/example_branch_labels.py
[2025-11-09T20:55:35.548+0000] {logging_mixin.py:190} INFO - [2025-11-09T20:55:35.547+0000] {dag.py:3239} INFO - Sync 1 DAGs
[2025-11-09T20:55:35.687+0000] {logging_mixin.py:190} INFO - [2025-11-09T20:55:35.686+0000] {dag.py:4180} INFO - Setting next_dagrun for example_branch_labels to 2025-11-08 00:00:00+00:00, run_after=2025-11-09 00:00:00+00:00
[2025-11-09T20:55:35.770+0000] {processor.py:208} INFO - Processing /home/airflow/.local/lib/python3.12/site-packages/airflow/example_dags/example_branch_labels.py took 0.384 seconds
[2025-11-09T20:56:06.022+0000] {processor.py:186} INFO - Started process (PID=3623) to work on /home/airflow/.local/lib/python3.12/site-packages/airflow/example_dags/example_branch_labels.py
[2025-11-09T20:56:06.026+0000] {processor.py:914} INFO - Processing file /home/airflow/.local/lib/python3.12/site-packages/airflow/example_dags/example_branch_labels.py for tasks to queue
[2025-11-09T20:56:06.033+0000] {logging_mixin.py:190} INFO - [2025-11-09T20:56:06.032+0000] {dagbag.py:588} INFO - Filling up the DagBag from /home/airflow/.local/lib/python3.12/site-packages/airflow/example_dags/example_branch_labels.py
[2025-11-09T20:56:06.067+0000] {processor.py:925} INFO - DAG(s) 'example_branch_labels' retrieved from /home/airflow/.local/lib/python3.12/site-packages/airflow/example_dags/example_branch_labels.py
[2025-11-09T20:56:06.116+0000] {logging_mixin.py:190} INFO - [2025-11-09T20:56:06.115+0000] {dag.py:3239} INFO - Sync 1 DAGs
[2025-11-09T20:56:06.164+0000] {logging_mixin.py:190} INFO - [2025-11-09T20:56:06.164+0000] {dag.py:4180} INFO - Setting next_dagrun for example_branch_labels to 2025-11-08 00:00:00+00:00, run_after=2025-11-09 00:00:00+00:00
[2025-11-09T20:56:06.195+0000] {processor.py:208} INFO - Processing /home/airflow/.local/lib/python3.12/site-packages/airflow/example_dags/example_branch_labels.py took 0.191 seconds
[2025-11-09T20:56:36.969+0000] {processor.py:186} INFO - Started process (PID=3687) to work on /home/airflow/.local/lib/python3.12/site-packages/airflow/example_dags/example_branch_labels.py
[2025-11-09T20:56:36.971+0000] {processor.py:914} INFO - Processing file /home/airflow/.local/lib/python3.12/site-packages/airflow/example_dags/example_branch_labels.py for tasks to queue
[2025-11-09T20:56:36.976+0000] {logging_mixin.py:190} INFO - [2025-11-09T20:56:36.975+0000] {dagbag.py:588} INFO - Filling up the DagBag from /home/airflow/.local/lib/python3.12/site-packages/airflow/example_dags/example_branch_labels.py
[2025-11-09T20:56:36.999+0000] {processor.py:925} INFO - DAG(s) 'example_branch_labels' retrieved from /home/airflow/.local/lib/python3.12/site-packages/airflow/example_dags/example_branch_labels.py
[2025-11-09T20:56:37.038+0000] {logging_mixin.py:190} INFO - [2025-11-09T20:56:37.038+0000] {dag.py:3239} INFO - Sync 1 DAGs
[2025-11-09T20:56:37.077+0000] {logging_mixin.py:190} INFO - [2025-11-09T20:56:37.077+0000] {dag.py:4180} INFO - Setting next_dagrun for example_branch_labels to 2025-11-08 00:00:00+00:00, run_after=2025-11-09 00:00:00+00:00
[2025-11-09T20:56:37.106+0000] {processor.py:208} INFO - Processing /home/airflow/.local/lib/python3.12/site-packages/airflow/example_dags/example_branch_labels.py took 0.150 seconds
[2025-11-09T20:57:08.204+0000] {processor.py:186} INFO - Started process (PID=3751) to work on /home/airflow/.local/lib/python3.12/site-packages/airflow/example_dags/example_branch_labels.py
[2025-11-09T20:57:08.206+0000] {processor.py:914} INFO - Processing file /home/airflow/.local/lib/python3.12/site-packages/airflow/example_dags/example_branch_labels.py for tasks to queue
[2025-11-09T20:57:08.211+0000] {logging_mixin.py:190} INFO - [2025-11-09T20:57:08.210+0000] {dagbag.py:588} INFO - Filling up the DagBag from /home/airflow/.local/lib/python3.12/site-packages/airflow/example_dags/example_branch_labels.py
[2025-11-09T20:57:08.230+0000] {processor.py:925} INFO - DAG(s) 'example_branch_labels' retrieved from /home/airflow/.local/lib/python3.12/site-packages/airflow/example_dags/example_branch_labels.py
[2025-11-09T20:57:08.272+0000] {logging_mixin.py:190} INFO - [2025-11-09T20:57:08.272+0000] {dag.py:3239} INFO - Sync 1 DAGs
[2025-11-09T20:57:08.323+0000] {logging_mixin.py:190} INFO - [2025-11-09T20:57:08.323+0000] {dag.py:4180} INFO - Setting next_dagrun for example_branch_labels to 2025-11-08 00:00:00+00:00, run_after=2025-11-09 00:00:00+00:00
[2025-11-09T20:57:08.357+0000] {processor.py:208} INFO - Processing /home/airflow/.local/lib/python3.12/site-packages/airflow/example_dags/example_branch_labels.py took 0.165 seconds
[2025-11-09T20:57:38.774+0000] {processor.py:186} INFO - Started process (PID=3814) to work on /home/airflow/.local/lib/python3.12/site-packages/airflow/example_dags/example_branch_labels.py
[2025-11-09T20:57:38.777+0000] {processor.py:914} INFO - Processing file /home/airflow/.local/lib/python3.12/site-packages/airflow/example_dags/example_branch_labels.py for tasks to queue
[2025-11-09T20:57:38.782+0000] {logging_mixin.py:190} INFO - [2025-11-09T20:57:38.782+0000] {dagbag.py:588} INFO - Filling up the DagBag from /home/airflow/.local/lib/python3.12/site-packages/airflow/example_dags/example_branch_labels.py
[2025-11-09T20:57:38.798+0000] {processor.py:925} INFO - DAG(s) 'example_branch_labels' retrieved from /home/airflow/.local/lib/python3.12/site-packages/airflow/example_dags/example_branch_labels.py
[2025-11-09T20:57:38.841+0000] {logging_mixin.py:190} INFO - [2025-11-09T20:57:38.840+0000] {dag.py:3239} INFO - Sync 1 DAGs
[2025-11-09T20:57:38.881+0000] {logging_mixin.py:190} INFO - [2025-11-09T20:57:38.881+0000] {dag.py:4180} INFO - Setting next_dagrun for example_branch_labels to 2025-11-08 00:00:00+00:00, run_after=2025-11-09 00:00:00+00:00
[2025-11-09T20:57:38.913+0000] {processor.py:208} INFO - Processing /home/airflow/.local/lib/python3.12/site-packages/airflow/example_dags/example_branch_labels.py took 0.148 seconds
[2025-11-09T20:58:09.182+0000] {processor.py:186} INFO - Started process (PID=3879) to work on /home/airflow/.local/lib/python3.12/site-packages/airflow/example_dags/example_branch_labels.py
[2025-11-09T20:58:09.184+0000] {processor.py:914} INFO - Processing file /home/airflow/.local/lib/python3.12/site-packages/airflow/example_dags/example_branch_labels.py for tasks to queue
[2025-11-09T20:58:09.192+0000] {logging_mixin.py:190} INFO - [2025-11-09T20:58:09.190+0000] {dagbag.py:588} INFO - Filling up the DagBag from /home/airflow/.local/lib/python3.12/site-packages/airflow/example_dags/example_branch_labels.py
[2025-11-09T20:58:09.218+0000] {processor.py:925} INFO - DAG(s) 'example_branch_labels' retrieved from /home/airflow/.local/lib/python3.12/site-packages/airflow/example_dags/example_branch_labels.py
[2025-11-09T20:58:09.275+0000] {logging_mixin.py:190} INFO - [2025-11-09T20:58:09.274+0000] {dag.py:3239} INFO - Sync 1 DAGs
[2025-11-09T20:58:09.345+0000] {logging_mixin.py:190} INFO - [2025-11-09T20:58:09.344+0000] {dag.py:4180} INFO - Setting next_dagrun for example_branch_labels to 2025-11-08 00:00:00+00:00, run_after=2025-11-09 00:00:00+00:00
[2025-11-09T20:58:09.393+0000] {processor.py:208} INFO - Processing /home/airflow/.local/lib/python3.12/site-packages/airflow/example_dags/example_branch_labels.py took 0.232 seconds
[2025-11-09T20:58:39.939+0000] {processor.py:186} INFO - Started process (PID=3943) to work on /home/airflow/.local/lib/python3.12/site-packages/airflow/example_dags/example_branch_labels.py
[2025-11-09T20:58:39.942+0000] {processor.py:914} INFO - Processing file /home/airflow/.local/lib/python3.12/site-packages/airflow/example_dags/example_branch_labels.py for tasks to queue
[2025-11-09T20:58:39.949+0000] {logging_mixin.py:190} INFO - [2025-11-09T20:58:39.948+0000] {dagbag.py:588} INFO - Filling up the DagBag from /home/airflow/.local/lib/python3.12/site-packages/airflow/example_dags/example_branch_labels.py
[2025-11-09T20:58:39.975+0000] {processor.py:925} INFO - DAG(s) 'example_branch_labels' retrieved from /home/airflow/.local/lib/python3.12/site-packages/airflow/example_dags/example_branch_labels.py
[2025-11-09T20:58:40.031+0000] {logging_mixin.py:190} INFO - [2025-11-09T20:58:40.030+0000] {dag.py:3239} INFO - Sync 1 DAGs
[2025-11-09T20:58:40.100+0000] {logging_mixin.py:190} INFO - [2025-11-09T20:58:40.100+0000] {dag.py:4180} INFO - Setting next_dagrun for example_branch_labels to 2025-11-08 00:00:00+00:00, run_after=2025-11-09 00:00:00+00:00
[2025-11-09T20:58:40.143+0000] {processor.py:208} INFO - Processing /home/airflow/.local/lib/python3.12/site-packages/airflow/example_dags/example_branch_labels.py took 0.222 seconds
[2025-11-09T20:59:10.811+0000] {processor.py:186} INFO - Started process (PID=4007) to work on /home/airflow/.local/lib/python3.12/site-packages/airflow/example_dags/example_branch_labels.py
[2025-11-09T20:59:10.814+0000] {processor.py:914} INFO - Processing file /home/airflow/.local/lib/python3.12/site-packages/airflow/example_dags/example_branch_labels.py for tasks to queue
[2025-11-09T20:59:10.819+0000] {logging_mixin.py:190} INFO - [2025-11-09T20:59:10.818+0000] {dagbag.py:588} INFO - Filling up the DagBag from /home/airflow/.local/lib/python3.12/site-packages/airflow/example_dags/example_branch_labels.py
[2025-11-09T20:59:10.845+0000] {processor.py:925} INFO - DAG(s) 'example_branch_labels' retrieved from /home/airflow/.local/lib/python3.12/site-packages/airflow/example_dags/example_branch_labels.py
[2025-11-09T20:59:10.896+0000] {logging_mixin.py:190} INFO - [2025-11-09T20:59:10.896+0000] {dag.py:3239} INFO - Sync 1 DAGs
[2025-11-09T20:59:10.948+0000] {logging_mixin.py:190} INFO - [2025-11-09T20:59:10.947+0000] {dag.py:4180} INFO - Setting next_dagrun for example_branch_labels to 2025-11-08 00:00:00+00:00, run_after=2025-11-09 00:00:00+00:00
[2025-11-09T20:59:10.981+0000] {processor.py:208} INFO - Processing /home/airflow/.local/lib/python3.12/site-packages/airflow/example_dags/example_branch_labels.py took 0.183 seconds
[2025-11-09T20:59:41.847+0000] {processor.py:186} INFO - Started process (PID=4072) to work on /home/airflow/.local/lib/python3.12/site-packages/airflow/example_dags/example_branch_labels.py
[2025-11-09T20:59:41.850+0000] {processor.py:914} INFO - Processing file /home/airflow/.local/lib/python3.12/site-packages/airflow/example_dags/example_branch_labels.py for tasks to queue
[2025-11-09T20:59:41.854+0000] {logging_mixin.py:190} INFO - [2025-11-09T20:59:41.854+0000] {dagbag.py:588} INFO - Filling up the DagBag from /home/airflow/.local/lib/python3.12/site-packages/airflow/example_dags/example_branch_labels.py
[2025-11-09T20:59:41.871+0000] {processor.py:925} INFO - DAG(s) 'example_branch_labels' retrieved from /home/airflow/.local/lib/python3.12/site-packages/airflow/example_dags/example_branch_labels.py
[2025-11-09T20:59:41.915+0000] {logging_mixin.py:190} INFO - [2025-11-09T20:59:41.914+0000] {dag.py:3239} INFO - Sync 1 DAGs
[2025-11-09T20:59:41.958+0000] {logging_mixin.py:190} INFO - [2025-11-09T20:59:41.957+0000] {dag.py:4180} INFO - Setting next_dagrun for example_branch_labels to 2025-11-08 00:00:00+00:00, run_after=2025-11-09 00:00:00+00:00
[2025-11-09T20:59:41.998+0000] {processor.py:208} INFO - Processing /home/airflow/.local/lib/python3.12/site-packages/airflow/example_dags/example_branch_labels.py took 0.165 seconds
[2025-11-09T21:00:12.960+0000] {processor.py:186} INFO - Started process (PID=4136) to work on /home/airflow/.local/lib/python3.12/site-packages/airflow/example_dags/example_branch_labels.py
[2025-11-09T21:00:12.962+0000] {processor.py:914} INFO - Processing file /home/airflow/.local/lib/python3.12/site-packages/airflow/example_dags/example_branch_labels.py for tasks to queue
[2025-11-09T21:00:12.967+0000] {logging_mixin.py:190} INFO - [2025-11-09T21:00:12.966+0000] {dagbag.py:588} INFO - Filling up the DagBag from /home/airflow/.local/lib/python3.12/site-packages/airflow/example_dags/example_branch_labels.py
[2025-11-09T21:00:12.988+0000] {processor.py:925} INFO - DAG(s) 'example_branch_labels' retrieved from /home/airflow/.local/lib/python3.12/site-packages/airflow/example_dags/example_branch_labels.py
[2025-11-09T21:00:13.034+0000] {logging_mixin.py:190} INFO - [2025-11-09T21:00:13.033+0000] {dag.py:3239} INFO - Sync 1 DAGs
[2025-11-09T21:00:13.082+0000] {logging_mixin.py:190} INFO - [2025-11-09T21:00:13.081+0000] {dag.py:4180} INFO - Setting next_dagrun for example_branch_labels to 2025-11-08 00:00:00+00:00, run_after=2025-11-09 00:00:00+00:00
[2025-11-09T21:00:13.119+0000] {processor.py:208} INFO - Processing /home/airflow/.local/lib/python3.12/site-packages/airflow/example_dags/example_branch_labels.py took 0.177 seconds
[2025-11-09T21:00:43.521+0000] {processor.py:186} INFO - Started process (PID=4199) to work on /home/airflow/.local/lib/python3.12/site-packages/airflow/example_dags/example_branch_labels.py
[2025-11-09T21:00:43.524+0000] {processor.py:914} INFO - Processing file /home/airflow/.local/lib/python3.12/site-packages/airflow/example_dags/example_branch_labels.py for tasks to queue
[2025-11-09T21:00:43.529+0000] {logging_mixin.py:190} INFO - [2025-11-09T21:00:43.528+0000] {dagbag.py:588} INFO - Filling up the DagBag from /home/airflow/.local/lib/python3.12/site-packages/airflow/example_dags/example_branch_labels.py
[2025-11-09T21:00:43.557+0000] {processor.py:925} INFO - DAG(s) 'example_branch_labels' retrieved from /home/airflow/.local/lib/python3.12/site-packages/airflow/example_dags/example_branch_labels.py
[2025-11-09T21:00:43.609+0000] {logging_mixin.py:190} INFO - [2025-11-09T21:00:43.609+0000] {dag.py:3239} INFO - Sync 1 DAGs
[2025-11-09T21:00:43.663+0000] {logging_mixin.py:190} INFO - [2025-11-09T21:00:43.663+0000] {dag.py:4180} INFO - Setting next_dagrun for example_branch_labels to 2025-11-08 00:00:00+00:00, run_after=2025-11-09 00:00:00+00:00
[2025-11-09T21:00:43.706+0000] {processor.py:208} INFO - Processing /home/airflow/.local/lib/python3.12/site-packages/airflow/example_dags/example_branch_labels.py took 0.200 seconds
[2025-11-09T21:01:14.089+0000] {processor.py:186} INFO - Started process (PID=4268) to work on /home/airflow/.local/lib/python3.12/site-packages/airflow/example_dags/example_branch_labels.py
[2025-11-09T21:01:14.093+0000] {processor.py:914} INFO - Processing file /home/airflow/.local/lib/python3.12/site-packages/airflow/example_dags/example_branch_labels.py for tasks to queue
[2025-11-09T21:01:14.102+0000] {logging_mixin.py:190} INFO - [2025-11-09T21:01:14.101+0000] {dagbag.py:588} INFO - Filling up the DagBag from /home/airflow/.local/lib/python3.12/site-packages/airflow/example_dags/example_branch_labels.py
[2025-11-09T21:01:14.148+0000] {processor.py:925} INFO - DAG(s) 'example_branch_labels' retrieved from /home/airflow/.local/lib/python3.12/site-packages/airflow/example_dags/example_branch_labels.py
[2025-11-09T21:01:14.226+0000] {logging_mixin.py:190} INFO - [2025-11-09T21:01:14.226+0000] {dag.py:3239} INFO - Sync 1 DAGs
[2025-11-09T21:01:14.306+0000] {logging_mixin.py:190} INFO - [2025-11-09T21:01:14.305+0000] {dag.py:4180} INFO - Setting next_dagrun for example_branch_labels to 2025-11-08 00:00:00+00:00, run_after=2025-11-09 00:00:00+00:00
[2025-11-09T21:01:14.355+0000] {processor.py:208} INFO - Processing /home/airflow/.local/lib/python3.12/site-packages/airflow/example_dags/example_branch_labels.py took 0.288 seconds
[2025-11-09T21:01:44.731+0000] {processor.py:186} INFO - Started process (PID=4332) to work on /home/airflow/.local/lib/python3.12/site-packages/airflow/example_dags/example_branch_labels.py
[2025-11-09T21:01:44.732+0000] {processor.py:914} INFO - Processing file /home/airflow/.local/lib/python3.12/site-packages/airflow/example_dags/example_branch_labels.py for tasks to queue
[2025-11-09T21:01:44.736+0000] {logging_mixin.py:190} INFO - [2025-11-09T21:01:44.736+0000] {dagbag.py:588} INFO - Filling up the DagBag from /home/airflow/.local/lib/python3.12/site-packages/airflow/example_dags/example_branch_labels.py
[2025-11-09T21:01:44.751+0000] {processor.py:925} INFO - DAG(s) 'example_branch_labels' retrieved from /home/airflow/.local/lib/python3.12/site-packages/airflow/example_dags/example_branch_labels.py
[2025-11-09T21:01:44.785+0000] {logging_mixin.py:190} INFO - [2025-11-09T21:01:44.785+0000] {dag.py:3239} INFO - Sync 1 DAGs
[2025-11-09T21:01:44.821+0000] {logging_mixin.py:190} INFO - [2025-11-09T21:01:44.821+0000] {dag.py:4180} INFO - Setting next_dagrun for example_branch_labels to 2025-11-08 00:00:00+00:00, run_after=2025-11-09 00:00:00+00:00
[2025-11-09T21:01:44.848+0000] {processor.py:208} INFO - Processing /home/airflow/.local/lib/python3.12/site-packages/airflow/example_dags/example_branch_labels.py took 0.126 seconds
[2025-11-09T21:02:15.316+0000] {processor.py:186} INFO - Started process (PID=4397) to work on /home/airflow/.local/lib/python3.12/site-packages/airflow/example_dags/example_branch_labels.py
[2025-11-09T21:02:15.318+0000] {processor.py:914} INFO - Processing file /home/airflow/.local/lib/python3.12/site-packages/airflow/example_dags/example_branch_labels.py for tasks to queue
[2025-11-09T21:02:15.322+0000] {logging_mixin.py:190} INFO - [2025-11-09T21:02:15.321+0000] {dagbag.py:588} INFO - Filling up the DagBag from /home/airflow/.local/lib/python3.12/site-packages/airflow/example_dags/example_branch_labels.py
[2025-11-09T21:02:15.337+0000] {processor.py:925} INFO - DAG(s) 'example_branch_labels' retrieved from /home/airflow/.local/lib/python3.12/site-packages/airflow/example_dags/example_branch_labels.py
[2025-11-09T21:02:15.373+0000] {logging_mixin.py:190} INFO - [2025-11-09T21:02:15.373+0000] {dag.py:3239} INFO - Sync 1 DAGs
[2025-11-09T21:02:15.409+0000] {logging_mixin.py:190} INFO - [2025-11-09T21:02:15.408+0000] {dag.py:4180} INFO - Setting next_dagrun for example_branch_labels to 2025-11-08 00:00:00+00:00, run_after=2025-11-09 00:00:00+00:00
[2025-11-09T21:02:15.436+0000] {processor.py:208} INFO - Processing /home/airflow/.local/lib/python3.12/site-packages/airflow/example_dags/example_branch_labels.py took 0.129 seconds
[2025-11-09T21:02:46.257+0000] {processor.py:186} INFO - Started process (PID=4460) to work on /home/airflow/.local/lib/python3.12/site-packages/airflow/example_dags/example_branch_labels.py
[2025-11-09T21:02:46.259+0000] {processor.py:914} INFO - Processing file /home/airflow/.local/lib/python3.12/site-packages/airflow/example_dags/example_branch_labels.py for tasks to queue
[2025-11-09T21:02:46.263+0000] {logging_mixin.py:190} INFO - [2025-11-09T21:02:46.263+0000] {dagbag.py:588} INFO - Filling up the DagBag from /home/airflow/.local/lib/python3.12/site-packages/airflow/example_dags/example_branch_labels.py
[2025-11-09T21:02:46.281+0000] {processor.py:925} INFO - DAG(s) 'example_branch_labels' retrieved from /home/airflow/.local/lib/python3.12/site-packages/airflow/example_dags/example_branch_labels.py
[2025-11-09T21:02:46.322+0000] {logging_mixin.py:190} INFO - [2025-11-09T21:02:46.322+0000] {dag.py:3239} INFO - Sync 1 DAGs
[2025-11-09T21:02:46.369+0000] {logging_mixin.py:190} INFO - [2025-11-09T21:02:46.368+0000] {dag.py:4180} INFO - Setting next_dagrun for example_branch_labels to 2025-11-08 00:00:00+00:00, run_after=2025-11-09 00:00:00+00:00
[2025-11-09T21:02:46.406+0000] {processor.py:208} INFO - Processing /home/airflow/.local/lib/python3.12/site-packages/airflow/example_dags/example_branch_labels.py took 0.160 seconds
[2025-11-09T21:03:16.915+0000] {processor.py:186} INFO - Started process (PID=4524) to work on /home/airflow/.local/lib/python3.12/site-packages/airflow/example_dags/example_branch_labels.py
[2025-11-09T21:03:16.917+0000] {processor.py:914} INFO - Processing file /home/airflow/.local/lib/python3.12/site-packages/airflow/example_dags/example_branch_labels.py for tasks to queue
[2025-11-09T21:03:16.922+0000] {logging_mixin.py:190} INFO - [2025-11-09T21:03:16.922+0000] {dagbag.py:588} INFO - Filling up the DagBag from /home/airflow/.local/lib/python3.12/site-packages/airflow/example_dags/example_branch_labels.py
[2025-11-09T21:03:16.943+0000] {processor.py:925} INFO - DAG(s) 'example_branch_labels' retrieved from /home/airflow/.local/lib/python3.12/site-packages/airflow/example_dags/example_branch_labels.py
[2025-11-09T21:03:16.986+0000] {logging_mixin.py:190} INFO - [2025-11-09T21:03:16.986+0000] {dag.py:3239} INFO - Sync 1 DAGs
[2025-11-09T21:03:17.032+0000] {logging_mixin.py:190} INFO - [2025-11-09T21:03:17.032+0000] {dag.py:4180} INFO - Setting next_dagrun for example_branch_labels to 2025-11-08 00:00:00+00:00, run_after=2025-11-09 00:00:00+00:00
[2025-11-09T21:03:17.075+0000] {processor.py:208} INFO - Processing /home/airflow/.local/lib/python3.12/site-packages/airflow/example_dags/example_branch_labels.py took 0.172 seconds
[2025-11-09T21:03:47.224+0000] {processor.py:186} INFO - Started process (PID=4588) to work on /home/airflow/.local/lib/python3.12/site-packages/airflow/example_dags/example_branch_labels.py
[2025-11-09T21:03:47.226+0000] {processor.py:914} INFO - Processing file /home/airflow/.local/lib/python3.12/site-packages/airflow/example_dags/example_branch_labels.py for tasks to queue
[2025-11-09T21:03:47.230+0000] {logging_mixin.py:190} INFO - [2025-11-09T21:03:47.229+0000] {dagbag.py:588} INFO - Filling up the DagBag from /home/airflow/.local/lib/python3.12/site-packages/airflow/example_dags/example_branch_labels.py
[2025-11-09T21:03:47.245+0000] {processor.py:925} INFO - DAG(s) 'example_branch_labels' retrieved from /home/airflow/.local/lib/python3.12/site-packages/airflow/example_dags/example_branch_labels.py
[2025-11-09T21:03:47.283+0000] {logging_mixin.py:190} INFO - [2025-11-09T21:03:47.283+0000] {dag.py:3239} INFO - Sync 1 DAGs
[2025-11-09T21:03:47.323+0000] {logging_mixin.py:190} INFO - [2025-11-09T21:03:47.323+0000] {dag.py:4180} INFO - Setting next_dagrun for example_branch_labels to 2025-11-08 00:00:00+00:00, run_after=2025-11-09 00:00:00+00:00
[2025-11-09T21:03:47.349+0000] {processor.py:208} INFO - Processing /home/airflow/.local/lib/python3.12/site-packages/airflow/example_dags/example_branch_labels.py took 0.136 seconds
[2025-11-09T21:04:18.016+0000] {processor.py:186} INFO - Started process (PID=4652) to work on /home/airflow/.local/lib/python3.12/site-packages/airflow/example_dags/example_branch_labels.py
[2025-11-09T21:04:18.018+0000] {processor.py:914} INFO - Processing file /home/airflow/.local/lib/python3.12/site-packages/airflow/example_dags/example_branch_labels.py for tasks to queue
[2025-11-09T21:04:18.022+0000] {logging_mixin.py:190} INFO - [2025-11-09T21:04:18.022+0000] {dagbag.py:588} INFO - Filling up the DagBag from /home/airflow/.local/lib/python3.12/site-packages/airflow/example_dags/example_branch_labels.py
[2025-11-09T21:04:18.038+0000] {processor.py:925} INFO - DAG(s) 'example_branch_labels' retrieved from /home/airflow/.local/lib/python3.12/site-packages/airflow/example_dags/example_branch_labels.py
[2025-11-09T21:04:18.071+0000] {logging_mixin.py:190} INFO - [2025-11-09T21:04:18.070+0000] {dag.py:3239} INFO - Sync 1 DAGs
[2025-11-09T21:04:18.105+0000] {logging_mixin.py:190} INFO - [2025-11-09T21:04:18.105+0000] {dag.py:4180} INFO - Setting next_dagrun for example_branch_labels to 2025-11-08 00:00:00+00:00, run_after=2025-11-09 00:00:00+00:00
[2025-11-09T21:04:18.131+0000] {processor.py:208} INFO - Processing /home/airflow/.local/lib/python3.12/site-packages/airflow/example_dags/example_branch_labels.py took 0.126 seconds
[2025-11-09T21:04:48.783+0000] {processor.py:186} INFO - Started process (PID=4716) to work on /home/airflow/.local/lib/python3.12/site-packages/airflow/example_dags/example_branch_labels.py
[2025-11-09T21:04:48.785+0000] {processor.py:914} INFO - Processing file /home/airflow/.local/lib/python3.12/site-packages/airflow/example_dags/example_branch_labels.py for tasks to queue
[2025-11-09T21:04:48.790+0000] {logging_mixin.py:190} INFO - [2025-11-09T21:04:48.789+0000] {dagbag.py:588} INFO - Filling up the DagBag from /home/airflow/.local/lib/python3.12/site-packages/airflow/example_dags/example_branch_labels.py
[2025-11-09T21:04:48.812+0000] {processor.py:925} INFO - DAG(s) 'example_branch_labels' retrieved from /home/airflow/.local/lib/python3.12/site-packages/airflow/example_dags/example_branch_labels.py
[2025-11-09T21:04:48.870+0000] {logging_mixin.py:190} INFO - [2025-11-09T21:04:48.869+0000] {dag.py:3239} INFO - Sync 1 DAGs
[2025-11-09T21:04:48.940+0000] {logging_mixin.py:190} INFO - [2025-11-09T21:04:48.940+0000] {dag.py:4180} INFO - Setting next_dagrun for example_branch_labels to 2025-11-08 00:00:00+00:00, run_after=2025-11-09 00:00:00+00:00
[2025-11-09T21:04:49.000+0000] {processor.py:208} INFO - Processing /home/airflow/.local/lib/python3.12/site-packages/airflow/example_dags/example_branch_labels.py took 0.233 seconds
[2025-11-09T21:08:14.492+0000] {processor.py:186} INFO - Started process (PID=115) to work on /home/airflow/.local/lib/python3.12/site-packages/airflow/example_dags/example_branch_labels.py
[2025-11-09T21:08:14.495+0000] {processor.py:914} INFO - Processing file /home/airflow/.local/lib/python3.12/site-packages/airflow/example_dags/example_branch_labels.py for tasks to queue
[2025-11-09T21:08:14.504+0000] {logging_mixin.py:190} INFO - [2025-11-09T21:08:14.503+0000] {dagbag.py:588} INFO - Filling up the DagBag from /home/airflow/.local/lib/python3.12/site-packages/airflow/example_dags/example_branch_labels.py
[2025-11-09T21:08:14.539+0000] {processor.py:925} INFO - DAG(s) 'example_branch_labels' retrieved from /home/airflow/.local/lib/python3.12/site-packages/airflow/example_dags/example_branch_labels.py
[2025-11-09T21:08:14.598+0000] {logging_mixin.py:190} INFO - [2025-11-09T21:08:14.597+0000] {dag.py:3239} INFO - Sync 1 DAGs
[2025-11-09T21:08:14.674+0000] {logging_mixin.py:190} INFO - [2025-11-09T21:08:14.674+0000] {dag.py:4180} INFO - Setting next_dagrun for example_branch_labels to 2025-11-08 00:00:00+00:00, run_after=2025-11-09 00:00:00+00:00
[2025-11-09T21:08:14.727+0000] {processor.py:208} INFO - Processing /home/airflow/.local/lib/python3.12/site-packages/airflow/example_dags/example_branch_labels.py took 0.255 seconds
[2025-11-09T21:08:46.164+0000] {processor.py:186} INFO - Started process (PID=185) to work on /home/airflow/.local/lib/python3.12/site-packages/airflow/example_dags/example_branch_labels.py
[2025-11-09T21:08:46.166+0000] {processor.py:914} INFO - Processing file /home/airflow/.local/lib/python3.12/site-packages/airflow/example_dags/example_branch_labels.py for tasks to queue
[2025-11-09T21:08:46.171+0000] {logging_mixin.py:190} INFO - [2025-11-09T21:08:46.170+0000] {dagbag.py:588} INFO - Filling up the DagBag from /home/airflow/.local/lib/python3.12/site-packages/airflow/example_dags/example_branch_labels.py
[2025-11-09T21:08:46.196+0000] {processor.py:925} INFO - DAG(s) 'example_branch_labels' retrieved from /home/airflow/.local/lib/python3.12/site-packages/airflow/example_dags/example_branch_labels.py
[2025-11-09T21:08:46.240+0000] {logging_mixin.py:190} INFO - [2025-11-09T21:08:46.240+0000] {dag.py:3239} INFO - Sync 1 DAGs
[2025-11-09T21:08:46.288+0000] {logging_mixin.py:190} INFO - [2025-11-09T21:08:46.287+0000] {dag.py:4180} INFO - Setting next_dagrun for example_branch_labels to 2025-11-08 00:00:00+00:00, run_after=2025-11-09 00:00:00+00:00
[2025-11-09T21:08:46.321+0000] {processor.py:208} INFO - Processing /home/airflow/.local/lib/python3.12/site-packages/airflow/example_dags/example_branch_labels.py took 0.172 seconds
[2025-11-09T21:09:17.298+0000] {processor.py:186} INFO - Started process (PID=250) to work on /home/airflow/.local/lib/python3.12/site-packages/airflow/example_dags/example_branch_labels.py
[2025-11-09T21:09:17.300+0000] {processor.py:914} INFO - Processing file /home/airflow/.local/lib/python3.12/site-packages/airflow/example_dags/example_branch_labels.py for tasks to queue
[2025-11-09T21:09:17.307+0000] {logging_mixin.py:190} INFO - [2025-11-09T21:09:17.306+0000] {dagbag.py:588} INFO - Filling up the DagBag from /home/airflow/.local/lib/python3.12/site-packages/airflow/example_dags/example_branch_labels.py
[2025-11-09T21:09:17.340+0000] {processor.py:925} INFO - DAG(s) 'example_branch_labels' retrieved from /home/airflow/.local/lib/python3.12/site-packages/airflow/example_dags/example_branch_labels.py
[2025-11-09T21:09:17.391+0000] {logging_mixin.py:190} INFO - [2025-11-09T21:09:17.391+0000] {dag.py:3239} INFO - Sync 1 DAGs
[2025-11-09T21:09:17.456+0000] {logging_mixin.py:190} INFO - [2025-11-09T21:09:17.455+0000] {dag.py:4180} INFO - Setting next_dagrun for example_branch_labels to 2025-11-08 00:00:00+00:00, run_after=2025-11-09 00:00:00+00:00
[2025-11-09T21:09:17.499+0000] {processor.py:208} INFO - Processing /home/airflow/.local/lib/python3.12/site-packages/airflow/example_dags/example_branch_labels.py took 0.219 seconds
[2025-11-09T21:09:48.509+0000] {processor.py:186} INFO - Started process (PID=313) to work on /home/airflow/.local/lib/python3.12/site-packages/airflow/example_dags/example_branch_labels.py
[2025-11-09T21:09:48.512+0000] {processor.py:914} INFO - Processing file /home/airflow/.local/lib/python3.12/site-packages/airflow/example_dags/example_branch_labels.py for tasks to queue
[2025-11-09T21:09:48.519+0000] {logging_mixin.py:190} INFO - [2025-11-09T21:09:48.518+0000] {dagbag.py:588} INFO - Filling up the DagBag from /home/airflow/.local/lib/python3.12/site-packages/airflow/example_dags/example_branch_labels.py
[2025-11-09T21:09:48.545+0000] {processor.py:925} INFO - DAG(s) 'example_branch_labels' retrieved from /home/airflow/.local/lib/python3.12/site-packages/airflow/example_dags/example_branch_labels.py
[2025-11-09T21:09:48.601+0000] {logging_mixin.py:190} INFO - [2025-11-09T21:09:48.601+0000] {dag.py:3239} INFO - Sync 1 DAGs
[2025-11-09T21:09:48.670+0000] {logging_mixin.py:190} INFO - [2025-11-09T21:09:48.669+0000] {dag.py:4180} INFO - Setting next_dagrun for example_branch_labels to 2025-11-08 00:00:00+00:00, run_after=2025-11-09 00:00:00+00:00
[2025-11-09T21:09:48.723+0000] {processor.py:208} INFO - Processing /home/airflow/.local/lib/python3.12/site-packages/airflow/example_dags/example_branch_labels.py took 0.232 seconds
[2025-11-09T21:10:19.244+0000] {processor.py:186} INFO - Started process (PID=378) to work on /home/airflow/.local/lib/python3.12/site-packages/airflow/example_dags/example_branch_labels.py
[2025-11-09T21:10:19.247+0000] {processor.py:914} INFO - Processing file /home/airflow/.local/lib/python3.12/site-packages/airflow/example_dags/example_branch_labels.py for tasks to queue
[2025-11-09T21:10:19.259+0000] {logging_mixin.py:190} INFO - [2025-11-09T21:10:19.258+0000] {dagbag.py:588} INFO - Filling up the DagBag from /home/airflow/.local/lib/python3.12/site-packages/airflow/example_dags/example_branch_labels.py
[2025-11-09T21:10:19.285+0000] {processor.py:925} INFO - DAG(s) 'example_branch_labels' retrieved from /home/airflow/.local/lib/python3.12/site-packages/airflow/example_dags/example_branch_labels.py
[2025-11-09T21:10:19.342+0000] {logging_mixin.py:190} INFO - [2025-11-09T21:10:19.340+0000] {dag.py:3239} INFO - Sync 1 DAGs
[2025-11-09T21:10:19.397+0000] {logging_mixin.py:190} INFO - [2025-11-09T21:10:19.396+0000] {dag.py:4180} INFO - Setting next_dagrun for example_branch_labels to 2025-11-08 00:00:00+00:00, run_after=2025-11-09 00:00:00+00:00
[2025-11-09T21:10:19.436+0000] {processor.py:208} INFO - Processing /home/airflow/.local/lib/python3.12/site-packages/airflow/example_dags/example_branch_labels.py took 0.213 seconds
[2025-11-09T21:10:50.249+0000] {processor.py:186} INFO - Started process (PID=443) to work on /home/airflow/.local/lib/python3.12/site-packages/airflow/example_dags/example_branch_labels.py
[2025-11-09T21:10:50.253+0000] {processor.py:914} INFO - Processing file /home/airflow/.local/lib/python3.12/site-packages/airflow/example_dags/example_branch_labels.py for tasks to queue
[2025-11-09T21:10:50.260+0000] {logging_mixin.py:190} INFO - [2025-11-09T21:10:50.259+0000] {dagbag.py:588} INFO - Filling up the DagBag from /home/airflow/.local/lib/python3.12/site-packages/airflow/example_dags/example_branch_labels.py
[2025-11-09T21:10:50.288+0000] {processor.py:925} INFO - DAG(s) 'example_branch_labels' retrieved from /home/airflow/.local/lib/python3.12/site-packages/airflow/example_dags/example_branch_labels.py
[2025-11-09T21:10:50.343+0000] {logging_mixin.py:190} INFO - [2025-11-09T21:10:50.342+0000] {dag.py:3239} INFO - Sync 1 DAGs
[2025-11-09T21:10:50.403+0000] {logging_mixin.py:190} INFO - [2025-11-09T21:10:50.402+0000] {dag.py:4180} INFO - Setting next_dagrun for example_branch_labels to 2025-11-08 00:00:00+00:00, run_after=2025-11-09 00:00:00+00:00
[2025-11-09T21:10:50.451+0000] {processor.py:208} INFO - Processing /home/airflow/.local/lib/python3.12/site-packages/airflow/example_dags/example_branch_labels.py took 0.216 seconds
[2025-11-09T21:11:20.809+0000] {processor.py:186} INFO - Started process (PID=507) to work on /home/airflow/.local/lib/python3.12/site-packages/airflow/example_dags/example_branch_labels.py
[2025-11-09T21:11:20.812+0000] {processor.py:914} INFO - Processing file /home/airflow/.local/lib/python3.12/site-packages/airflow/example_dags/example_branch_labels.py for tasks to queue
[2025-11-09T21:11:20.816+0000] {logging_mixin.py:190} INFO - [2025-11-09T21:11:20.816+0000] {dagbag.py:588} INFO - Filling up the DagBag from /home/airflow/.local/lib/python3.12/site-packages/airflow/example_dags/example_branch_labels.py
[2025-11-09T21:11:20.836+0000] {processor.py:925} INFO - DAG(s) 'example_branch_labels' retrieved from /home/airflow/.local/lib/python3.12/site-packages/airflow/example_dags/example_branch_labels.py
[2025-11-09T21:11:20.877+0000] {logging_mixin.py:190} INFO - [2025-11-09T21:11:20.876+0000] {dag.py:3239} INFO - Sync 1 DAGs
[2025-11-09T21:11:20.925+0000] {logging_mixin.py:190} INFO - [2025-11-09T21:11:20.924+0000] {dag.py:4180} INFO - Setting next_dagrun for example_branch_labels to 2025-11-08 00:00:00+00:00, run_after=2025-11-09 00:00:00+00:00
[2025-11-09T21:11:20.959+0000] {processor.py:208} INFO - Processing /home/airflow/.local/lib/python3.12/site-packages/airflow/example_dags/example_branch_labels.py took 0.160 seconds
[2025-11-09T21:11:51.764+0000] {processor.py:186} INFO - Started process (PID=571) to work on /home/airflow/.local/lib/python3.12/site-packages/airflow/example_dags/example_branch_labels.py
[2025-11-09T21:11:51.767+0000] {processor.py:914} INFO - Processing file /home/airflow/.local/lib/python3.12/site-packages/airflow/example_dags/example_branch_labels.py for tasks to queue
[2025-11-09T21:11:51.773+0000] {logging_mixin.py:190} INFO - [2025-11-09T21:11:51.772+0000] {dagbag.py:588} INFO - Filling up the DagBag from /home/airflow/.local/lib/python3.12/site-packages/airflow/example_dags/example_branch_labels.py
[2025-11-09T21:11:51.795+0000] {processor.py:925} INFO - DAG(s) 'example_branch_labels' retrieved from /home/airflow/.local/lib/python3.12/site-packages/airflow/example_dags/example_branch_labels.py
[2025-11-09T21:11:51.846+0000] {logging_mixin.py:190} INFO - [2025-11-09T21:11:51.845+0000] {dag.py:3239} INFO - Sync 1 DAGs
[2025-11-09T21:11:51.988+0000] {logging_mixin.py:190} INFO - [2025-11-09T21:11:51.987+0000] {dag.py:4180} INFO - Setting next_dagrun for example_branch_labels to 2025-11-08 00:00:00+00:00, run_after=2025-11-09 00:00:00+00:00
[2025-11-09T21:11:52.071+0000] {processor.py:208} INFO - Processing /home/airflow/.local/lib/python3.12/site-packages/airflow/example_dags/example_branch_labels.py took 0.320 seconds
[2025-11-09T21:12:22.210+0000] {processor.py:186} INFO - Started process (PID=635) to work on /home/airflow/.local/lib/python3.12/site-packages/airflow/example_dags/example_branch_labels.py
[2025-11-09T21:12:22.213+0000] {processor.py:914} INFO - Processing file /home/airflow/.local/lib/python3.12/site-packages/airflow/example_dags/example_branch_labels.py for tasks to queue
[2025-11-09T21:12:22.221+0000] {logging_mixin.py:190} INFO - [2025-11-09T21:12:22.220+0000] {dagbag.py:588} INFO - Filling up the DagBag from /home/airflow/.local/lib/python3.12/site-packages/airflow/example_dags/example_branch_labels.py
[2025-11-09T21:12:22.248+0000] {processor.py:925} INFO - DAG(s) 'example_branch_labels' retrieved from /home/airflow/.local/lib/python3.12/site-packages/airflow/example_dags/example_branch_labels.py
[2025-11-09T21:12:22.335+0000] {logging_mixin.py:190} INFO - [2025-11-09T21:12:22.334+0000] {dag.py:3239} INFO - Sync 1 DAGs
[2025-11-09T21:12:22.426+0000] {logging_mixin.py:190} INFO - [2025-11-09T21:12:22.426+0000] {dag.py:4180} INFO - Setting next_dagrun for example_branch_labels to 2025-11-08 00:00:00+00:00, run_after=2025-11-09 00:00:00+00:00
[2025-11-09T21:12:22.482+0000] {processor.py:208} INFO - Processing /home/airflow/.local/lib/python3.12/site-packages/airflow/example_dags/example_branch_labels.py took 0.287 seconds
[2025-11-09T21:12:53.101+0000] {processor.py:186} INFO - Started process (PID=699) to work on /home/airflow/.local/lib/python3.12/site-packages/airflow/example_dags/example_branch_labels.py
[2025-11-09T21:12:53.103+0000] {processor.py:914} INFO - Processing file /home/airflow/.local/lib/python3.12/site-packages/airflow/example_dags/example_branch_labels.py for tasks to queue
[2025-11-09T21:12:53.110+0000] {logging_mixin.py:190} INFO - [2025-11-09T21:12:53.109+0000] {dagbag.py:588} INFO - Filling up the DagBag from /home/airflow/.local/lib/python3.12/site-packages/airflow/example_dags/example_branch_labels.py
[2025-11-09T21:12:53.132+0000] {processor.py:925} INFO - DAG(s) 'example_branch_labels' retrieved from /home/airflow/.local/lib/python3.12/site-packages/airflow/example_dags/example_branch_labels.py
[2025-11-09T21:12:53.176+0000] {logging_mixin.py:190} INFO - [2025-11-09T21:12:53.175+0000] {dag.py:3239} INFO - Sync 1 DAGs
[2025-11-09T21:12:53.227+0000] {logging_mixin.py:190} INFO - [2025-11-09T21:12:53.226+0000] {dag.py:4180} INFO - Setting next_dagrun for example_branch_labels to 2025-11-08 00:00:00+00:00, run_after=2025-11-09 00:00:00+00:00
[2025-11-09T21:12:53.262+0000] {processor.py:208} INFO - Processing /home/airflow/.local/lib/python3.12/site-packages/airflow/example_dags/example_branch_labels.py took 0.175 seconds
[2025-11-09T21:13:23.452+0000] {processor.py:186} INFO - Started process (PID=763) to work on /home/airflow/.local/lib/python3.12/site-packages/airflow/example_dags/example_branch_labels.py
[2025-11-09T21:13:23.454+0000] {processor.py:914} INFO - Processing file /home/airflow/.local/lib/python3.12/site-packages/airflow/example_dags/example_branch_labels.py for tasks to queue
[2025-11-09T21:13:23.461+0000] {logging_mixin.py:190} INFO - [2025-11-09T21:13:23.460+0000] {dagbag.py:588} INFO - Filling up the DagBag from /home/airflow/.local/lib/python3.12/site-packages/airflow/example_dags/example_branch_labels.py
[2025-11-09T21:13:23.499+0000] {processor.py:925} INFO - DAG(s) 'example_branch_labels' retrieved from /home/airflow/.local/lib/python3.12/site-packages/airflow/example_dags/example_branch_labels.py
[2025-11-09T21:13:23.565+0000] {logging_mixin.py:190} INFO - [2025-11-09T21:13:23.564+0000] {dag.py:3239} INFO - Sync 1 DAGs
[2025-11-09T21:13:23.649+0000] {logging_mixin.py:190} INFO - [2025-11-09T21:13:23.649+0000] {dag.py:4180} INFO - Setting next_dagrun for example_branch_labels to 2025-11-08 00:00:00+00:00, run_after=2025-11-09 00:00:00+00:00
[2025-11-09T21:13:23.709+0000] {processor.py:208} INFO - Processing /home/airflow/.local/lib/python3.12/site-packages/airflow/example_dags/example_branch_labels.py took 0.277 seconds
[2025-11-09T21:13:55.626+0000] {processor.py:186} INFO - Started process (PID=827) to work on /home/airflow/.local/lib/python3.12/site-packages/airflow/example_dags/example_branch_labels.py
[2025-11-09T21:13:55.630+0000] {processor.py:914} INFO - Processing file /home/airflow/.local/lib/python3.12/site-packages/airflow/example_dags/example_branch_labels.py for tasks to queue
[2025-11-09T21:13:55.640+0000] {logging_mixin.py:190} INFO - [2025-11-09T21:13:55.639+0000] {dagbag.py:588} INFO - Filling up the DagBag from /home/airflow/.local/lib/python3.12/site-packages/airflow/example_dags/example_branch_labels.py
[2025-11-09T21:13:55.685+0000] {processor.py:925} INFO - DAG(s) 'example_branch_labels' retrieved from /home/airflow/.local/lib/python3.12/site-packages/airflow/example_dags/example_branch_labels.py
[2025-11-09T21:13:55.812+0000] {logging_mixin.py:190} INFO - [2025-11-09T21:13:55.811+0000] {dag.py:3239} INFO - Sync 1 DAGs
[2025-11-09T21:13:55.913+0000] {logging_mixin.py:190} INFO - [2025-11-09T21:13:55.912+0000] {dag.py:4180} INFO - Setting next_dagrun for example_branch_labels to 2025-11-08 00:00:00+00:00, run_after=2025-11-09 00:00:00+00:00
[2025-11-09T21:13:55.989+0000] {processor.py:208} INFO - Processing /home/airflow/.local/lib/python3.12/site-packages/airflow/example_dags/example_branch_labels.py took 0.389 seconds
[2025-11-09T21:14:27.930+0000] {processor.py:186} INFO - Started process (PID=890) to work on /home/airflow/.local/lib/python3.12/site-packages/airflow/example_dags/example_branch_labels.py
[2025-11-09T21:14:27.934+0000] {processor.py:914} INFO - Processing file /home/airflow/.local/lib/python3.12/site-packages/airflow/example_dags/example_branch_labels.py for tasks to queue
[2025-11-09T21:14:27.942+0000] {logging_mixin.py:190} INFO - [2025-11-09T21:14:27.941+0000] {dagbag.py:588} INFO - Filling up the DagBag from /home/airflow/.local/lib/python3.12/site-packages/airflow/example_dags/example_branch_labels.py
[2025-11-09T21:14:27.980+0000] {processor.py:925} INFO - DAG(s) 'example_branch_labels' retrieved from /home/airflow/.local/lib/python3.12/site-packages/airflow/example_dags/example_branch_labels.py
[2025-11-09T21:14:28.062+0000] {logging_mixin.py:190} INFO - [2025-11-09T21:14:28.062+0000] {dag.py:3239} INFO - Sync 1 DAGs
[2025-11-09T21:14:28.171+0000] {logging_mixin.py:190} INFO - [2025-11-09T21:14:28.170+0000] {dag.py:4180} INFO - Setting next_dagrun for example_branch_labels to 2025-11-08 00:00:00+00:00, run_after=2025-11-09 00:00:00+00:00
[2025-11-09T21:14:28.254+0000] {processor.py:208} INFO - Processing /home/airflow/.local/lib/python3.12/site-packages/airflow/example_dags/example_branch_labels.py took 0.353 seconds
[2025-11-09T21:14:59.162+0000] {processor.py:186} INFO - Started process (PID=953) to work on /home/airflow/.local/lib/python3.12/site-packages/airflow/example_dags/example_branch_labels.py
[2025-11-09T21:14:59.165+0000] {processor.py:914} INFO - Processing file /home/airflow/.local/lib/python3.12/site-packages/airflow/example_dags/example_branch_labels.py for tasks to queue
[2025-11-09T21:14:59.170+0000] {logging_mixin.py:190} INFO - [2025-11-09T21:14:59.169+0000] {dagbag.py:588} INFO - Filling up the DagBag from /home/airflow/.local/lib/python3.12/site-packages/airflow/example_dags/example_branch_labels.py
[2025-11-09T21:14:59.192+0000] {processor.py:925} INFO - DAG(s) 'example_branch_labels' retrieved from /home/airflow/.local/lib/python3.12/site-packages/airflow/example_dags/example_branch_labels.py
[2025-11-09T21:14:59.252+0000] {logging_mixin.py:190} INFO - [2025-11-09T21:14:59.252+0000] {dag.py:3239} INFO - Sync 1 DAGs
[2025-11-09T21:14:59.313+0000] {logging_mixin.py:190} INFO - [2025-11-09T21:14:59.312+0000] {dag.py:4180} INFO - Setting next_dagrun for example_branch_labels to 2025-11-08 00:00:00+00:00, run_after=2025-11-09 00:00:00+00:00
[2025-11-09T21:14:59.352+0000] {processor.py:208} INFO - Processing /home/airflow/.local/lib/python3.12/site-packages/airflow/example_dags/example_branch_labels.py took 0.202 seconds
[2025-11-09T21:15:30.118+0000] {processor.py:186} INFO - Started process (PID=1017) to work on /home/airflow/.local/lib/python3.12/site-packages/airflow/example_dags/example_branch_labels.py
[2025-11-09T21:15:30.121+0000] {processor.py:914} INFO - Processing file /home/airflow/.local/lib/python3.12/site-packages/airflow/example_dags/example_branch_labels.py for tasks to queue
[2025-11-09T21:15:30.126+0000] {logging_mixin.py:190} INFO - [2025-11-09T21:15:30.126+0000] {dagbag.py:588} INFO - Filling up the DagBag from /home/airflow/.local/lib/python3.12/site-packages/airflow/example_dags/example_branch_labels.py
[2025-11-09T21:15:30.148+0000] {processor.py:925} INFO - DAG(s) 'example_branch_labels' retrieved from /home/airflow/.local/lib/python3.12/site-packages/airflow/example_dags/example_branch_labels.py
[2025-11-09T21:15:30.196+0000] {logging_mixin.py:190} INFO - [2025-11-09T21:15:30.195+0000] {dag.py:3239} INFO - Sync 1 DAGs
[2025-11-09T21:15:30.243+0000] {logging_mixin.py:190} INFO - [2025-11-09T21:15:30.242+0000] {dag.py:4180} INFO - Setting next_dagrun for example_branch_labels to 2025-11-08 00:00:00+00:00, run_after=2025-11-09 00:00:00+00:00
[2025-11-09T21:15:30.298+0000] {processor.py:208} INFO - Processing /home/airflow/.local/lib/python3.12/site-packages/airflow/example_dags/example_branch_labels.py took 0.193 seconds
[2025-11-09T21:16:00.471+0000] {processor.py:186} INFO - Started process (PID=1081) to work on /home/airflow/.local/lib/python3.12/site-packages/airflow/example_dags/example_branch_labels.py
[2025-11-09T21:16:00.473+0000] {processor.py:914} INFO - Processing file /home/airflow/.local/lib/python3.12/site-packages/airflow/example_dags/example_branch_labels.py for tasks to queue
[2025-11-09T21:16:00.477+0000] {logging_mixin.py:190} INFO - [2025-11-09T21:16:00.476+0000] {dagbag.py:588} INFO - Filling up the DagBag from /home/airflow/.local/lib/python3.12/site-packages/airflow/example_dags/example_branch_labels.py
[2025-11-09T21:16:00.493+0000] {processor.py:925} INFO - DAG(s) 'example_branch_labels' retrieved from /home/airflow/.local/lib/python3.12/site-packages/airflow/example_dags/example_branch_labels.py
[2025-11-09T21:16:00.532+0000] {logging_mixin.py:190} INFO - [2025-11-09T21:16:00.531+0000] {dag.py:3239} INFO - Sync 1 DAGs
[2025-11-09T21:16:00.577+0000] {logging_mixin.py:190} INFO - [2025-11-09T21:16:00.577+0000] {dag.py:4180} INFO - Setting next_dagrun for example_branch_labels to 2025-11-08 00:00:00+00:00, run_after=2025-11-09 00:00:00+00:00
[2025-11-09T21:16:00.610+0000] {processor.py:208} INFO - Processing /home/airflow/.local/lib/python3.12/site-packages/airflow/example_dags/example_branch_labels.py took 0.147 seconds
[2025-11-09T21:16:31.301+0000] {processor.py:186} INFO - Started process (PID=1145) to work on /home/airflow/.local/lib/python3.12/site-packages/airflow/example_dags/example_branch_labels.py
[2025-11-09T21:16:31.304+0000] {processor.py:914} INFO - Processing file /home/airflow/.local/lib/python3.12/site-packages/airflow/example_dags/example_branch_labels.py for tasks to queue
[2025-11-09T21:16:31.309+0000] {logging_mixin.py:190} INFO - [2025-11-09T21:16:31.308+0000] {dagbag.py:588} INFO - Filling up the DagBag from /home/airflow/.local/lib/python3.12/site-packages/airflow/example_dags/example_branch_labels.py
[2025-11-09T21:16:31.329+0000] {processor.py:925} INFO - DAG(s) 'example_branch_labels' retrieved from /home/airflow/.local/lib/python3.12/site-packages/airflow/example_dags/example_branch_labels.py
[2025-11-09T21:16:31.371+0000] {logging_mixin.py:190} INFO - [2025-11-09T21:16:31.370+0000] {dag.py:3239} INFO - Sync 1 DAGs
[2025-11-09T21:16:31.409+0000] {logging_mixin.py:190} INFO - [2025-11-09T21:16:31.409+0000] {dag.py:4180} INFO - Setting next_dagrun for example_branch_labels to 2025-11-08 00:00:00+00:00, run_after=2025-11-09 00:00:00+00:00
[2025-11-09T21:16:31.448+0000] {processor.py:208} INFO - Processing /home/airflow/.local/lib/python3.12/site-packages/airflow/example_dags/example_branch_labels.py took 0.161 seconds
[2025-11-09T21:17:01.662+0000] {processor.py:186} INFO - Started process (PID=1209) to work on /home/airflow/.local/lib/python3.12/site-packages/airflow/example_dags/example_branch_labels.py
[2025-11-09T21:17:01.664+0000] {processor.py:914} INFO - Processing file /home/airflow/.local/lib/python3.12/site-packages/airflow/example_dags/example_branch_labels.py for tasks to queue
[2025-11-09T21:17:01.668+0000] {logging_mixin.py:190} INFO - [2025-11-09T21:17:01.667+0000] {dagbag.py:588} INFO - Filling up the DagBag from /home/airflow/.local/lib/python3.12/site-packages/airflow/example_dags/example_branch_labels.py
[2025-11-09T21:17:01.683+0000] {processor.py:925} INFO - DAG(s) 'example_branch_labels' retrieved from /home/airflow/.local/lib/python3.12/site-packages/airflow/example_dags/example_branch_labels.py
[2025-11-09T21:17:01.718+0000] {logging_mixin.py:190} INFO - [2025-11-09T21:17:01.717+0000] {dag.py:3239} INFO - Sync 1 DAGs
[2025-11-09T21:17:01.758+0000] {logging_mixin.py:190} INFO - [2025-11-09T21:17:01.758+0000] {dag.py:4180} INFO - Setting next_dagrun for example_branch_labels to 2025-11-08 00:00:00+00:00, run_after=2025-11-09 00:00:00+00:00
[2025-11-09T21:17:01.790+0000] {processor.py:208} INFO - Processing /home/airflow/.local/lib/python3.12/site-packages/airflow/example_dags/example_branch_labels.py took 0.137 seconds
[2025-11-09T21:17:32.762+0000] {processor.py:186} INFO - Started process (PID=1274) to work on /home/airflow/.local/lib/python3.12/site-packages/airflow/example_dags/example_branch_labels.py
[2025-11-09T21:17:32.764+0000] {processor.py:914} INFO - Processing file /home/airflow/.local/lib/python3.12/site-packages/airflow/example_dags/example_branch_labels.py for tasks to queue
[2025-11-09T21:17:32.769+0000] {logging_mixin.py:190} INFO - [2025-11-09T21:17:32.768+0000] {dagbag.py:588} INFO - Filling up the DagBag from /home/airflow/.local/lib/python3.12/site-packages/airflow/example_dags/example_branch_labels.py
[2025-11-09T21:17:32.797+0000] {processor.py:925} INFO - DAG(s) 'example_branch_labels' retrieved from /home/airflow/.local/lib/python3.12/site-packages/airflow/example_dags/example_branch_labels.py
[2025-11-09T21:17:32.851+0000] {logging_mixin.py:190} INFO - [2025-11-09T21:17:32.850+0000] {dag.py:3239} INFO - Sync 1 DAGs
[2025-11-09T21:17:32.937+0000] {logging_mixin.py:190} INFO - [2025-11-09T21:17:32.937+0000] {dag.py:4180} INFO - Setting next_dagrun for example_branch_labels to 2025-11-08 00:00:00+00:00, run_after=2025-11-09 00:00:00+00:00
[2025-11-09T21:17:32.992+0000] {processor.py:208} INFO - Processing /home/airflow/.local/lib/python3.12/site-packages/airflow/example_dags/example_branch_labels.py took 0.248 seconds
[2025-11-09T21:18:03.888+0000] {processor.py:186} INFO - Started process (PID=1337) to work on /home/airflow/.local/lib/python3.12/site-packages/airflow/example_dags/example_branch_labels.py
[2025-11-09T21:18:03.890+0000] {processor.py:914} INFO - Processing file /home/airflow/.local/lib/python3.12/site-packages/airflow/example_dags/example_branch_labels.py for tasks to queue
[2025-11-09T21:18:03.896+0000] {logging_mixin.py:190} INFO - [2025-11-09T21:18:03.895+0000] {dagbag.py:588} INFO - Filling up the DagBag from /home/airflow/.local/lib/python3.12/site-packages/airflow/example_dags/example_branch_labels.py
[2025-11-09T21:18:03.916+0000] {processor.py:925} INFO - DAG(s) 'example_branch_labels' retrieved from /home/airflow/.local/lib/python3.12/site-packages/airflow/example_dags/example_branch_labels.py
[2025-11-09T21:18:03.969+0000] {logging_mixin.py:190} INFO - [2025-11-09T21:18:03.968+0000] {dag.py:3239} INFO - Sync 1 DAGs
[2025-11-09T21:18:04.023+0000] {logging_mixin.py:190} INFO - [2025-11-09T21:18:04.023+0000] {dag.py:4180} INFO - Setting next_dagrun for example_branch_labels to 2025-11-08 00:00:00+00:00, run_after=2025-11-09 00:00:00+00:00
[2025-11-09T21:18:04.064+0000] {processor.py:208} INFO - Processing /home/airflow/.local/lib/python3.12/site-packages/airflow/example_dags/example_branch_labels.py took 0.192 seconds
[2025-11-09T21:18:34.643+0000] {processor.py:186} INFO - Started process (PID=1401) to work on /home/airflow/.local/lib/python3.12/site-packages/airflow/example_dags/example_branch_labels.py
[2025-11-09T21:18:34.645+0000] {processor.py:914} INFO - Processing file /home/airflow/.local/lib/python3.12/site-packages/airflow/example_dags/example_branch_labels.py for tasks to queue
[2025-11-09T21:18:34.651+0000] {logging_mixin.py:190} INFO - [2025-11-09T21:18:34.650+0000] {dagbag.py:588} INFO - Filling up the DagBag from /home/airflow/.local/lib/python3.12/site-packages/airflow/example_dags/example_branch_labels.py
[2025-11-09T21:18:34.670+0000] {processor.py:925} INFO - DAG(s) 'example_branch_labels' retrieved from /home/airflow/.local/lib/python3.12/site-packages/airflow/example_dags/example_branch_labels.py
[2025-11-09T21:18:34.712+0000] {logging_mixin.py:190} INFO - [2025-11-09T21:18:34.711+0000] {dag.py:3239} INFO - Sync 1 DAGs
[2025-11-09T21:18:34.754+0000] {logging_mixin.py:190} INFO - [2025-11-09T21:18:34.753+0000] {dag.py:4180} INFO - Setting next_dagrun for example_branch_labels to 2025-11-08 00:00:00+00:00, run_after=2025-11-09 00:00:00+00:00
[2025-11-09T21:18:34.787+0000] {processor.py:208} INFO - Processing /home/airflow/.local/lib/python3.12/site-packages/airflow/example_dags/example_branch_labels.py took 0.155 seconds
[2025-11-09T21:19:05.696+0000] {processor.py:186} INFO - Started process (PID=1465) to work on /home/airflow/.local/lib/python3.12/site-packages/airflow/example_dags/example_branch_labels.py
[2025-11-09T21:19:05.700+0000] {processor.py:914} INFO - Processing file /home/airflow/.local/lib/python3.12/site-packages/airflow/example_dags/example_branch_labels.py for tasks to queue
[2025-11-09T21:19:05.712+0000] {logging_mixin.py:190} INFO - [2025-11-09T21:19:05.709+0000] {dagbag.py:588} INFO - Filling up the DagBag from /home/airflow/.local/lib/python3.12/site-packages/airflow/example_dags/example_branch_labels.py
[2025-11-09T21:19:05.756+0000] {processor.py:925} INFO - DAG(s) 'example_branch_labels' retrieved from /home/airflow/.local/lib/python3.12/site-packages/airflow/example_dags/example_branch_labels.py
[2025-11-09T21:19:05.835+0000] {logging_mixin.py:190} INFO - [2025-11-09T21:19:05.834+0000] {dag.py:3239} INFO - Sync 1 DAGs
[2025-11-09T21:19:05.934+0000] {logging_mixin.py:190} INFO - [2025-11-09T21:19:05.933+0000] {dag.py:4180} INFO - Setting next_dagrun for example_branch_labels to 2025-11-08 00:00:00+00:00, run_after=2025-11-09 00:00:00+00:00
[2025-11-09T21:19:05.995+0000] {processor.py:208} INFO - Processing /home/airflow/.local/lib/python3.12/site-packages/airflow/example_dags/example_branch_labels.py took 0.323 seconds
[2025-11-09T21:19:36.412+0000] {processor.py:186} INFO - Started process (PID=1528) to work on /home/airflow/.local/lib/python3.12/site-packages/airflow/example_dags/example_branch_labels.py
[2025-11-09T21:19:36.415+0000] {processor.py:914} INFO - Processing file /home/airflow/.local/lib/python3.12/site-packages/airflow/example_dags/example_branch_labels.py for tasks to queue
[2025-11-09T21:19:36.422+0000] {logging_mixin.py:190} INFO - [2025-11-09T21:19:36.422+0000] {dagbag.py:588} INFO - Filling up the DagBag from /home/airflow/.local/lib/python3.12/site-packages/airflow/example_dags/example_branch_labels.py
[2025-11-09T21:19:36.448+0000] {processor.py:925} INFO - DAG(s) 'example_branch_labels' retrieved from /home/airflow/.local/lib/python3.12/site-packages/airflow/example_dags/example_branch_labels.py
[2025-11-09T21:19:36.500+0000] {logging_mixin.py:190} INFO - [2025-11-09T21:19:36.500+0000] {dag.py:3239} INFO - Sync 1 DAGs
[2025-11-09T21:19:36.553+0000] {logging_mixin.py:190} INFO - [2025-11-09T21:19:36.552+0000] {dag.py:4180} INFO - Setting next_dagrun for example_branch_labels to 2025-11-08 00:00:00+00:00, run_after=2025-11-09 00:00:00+00:00
[2025-11-09T21:19:36.593+0000] {processor.py:208} INFO - Processing /home/airflow/.local/lib/python3.12/site-packages/airflow/example_dags/example_branch_labels.py took 0.201 seconds
[2025-11-09T21:20:07.584+0000] {processor.py:186} INFO - Started process (PID=1592) to work on /home/airflow/.local/lib/python3.12/site-packages/airflow/example_dags/example_branch_labels.py
[2025-11-09T21:20:07.587+0000] {processor.py:914} INFO - Processing file /home/airflow/.local/lib/python3.12/site-packages/airflow/example_dags/example_branch_labels.py for tasks to queue
[2025-11-09T21:20:07.594+0000] {logging_mixin.py:190} INFO - [2025-11-09T21:20:07.593+0000] {dagbag.py:588} INFO - Filling up the DagBag from /home/airflow/.local/lib/python3.12/site-packages/airflow/example_dags/example_branch_labels.py
[2025-11-09T21:20:07.618+0000] {processor.py:925} INFO - DAG(s) 'example_branch_labels' retrieved from /home/airflow/.local/lib/python3.12/site-packages/airflow/example_dags/example_branch_labels.py
[2025-11-09T21:20:07.683+0000] {logging_mixin.py:190} INFO - [2025-11-09T21:20:07.682+0000] {dag.py:3239} INFO - Sync 1 DAGs
[2025-11-09T21:20:07.759+0000] {logging_mixin.py:190} INFO - [2025-11-09T21:20:07.758+0000] {dag.py:4180} INFO - Setting next_dagrun for example_branch_labels to 2025-11-08 00:00:00+00:00, run_after=2025-11-09 00:00:00+00:00
[2025-11-09T21:20:07.811+0000] {processor.py:208} INFO - Processing /home/airflow/.local/lib/python3.12/site-packages/airflow/example_dags/example_branch_labels.py took 0.242 seconds
[2025-11-09T21:20:38.409+0000] {processor.py:186} INFO - Started process (PID=1655) to work on /home/airflow/.local/lib/python3.12/site-packages/airflow/example_dags/example_branch_labels.py
[2025-11-09T21:20:38.412+0000] {processor.py:914} INFO - Processing file /home/airflow/.local/lib/python3.12/site-packages/airflow/example_dags/example_branch_labels.py for tasks to queue
[2025-11-09T21:20:38.419+0000] {logging_mixin.py:190} INFO - [2025-11-09T21:20:38.418+0000] {dagbag.py:588} INFO - Filling up the DagBag from /home/airflow/.local/lib/python3.12/site-packages/airflow/example_dags/example_branch_labels.py
[2025-11-09T21:20:38.446+0000] {processor.py:925} INFO - DAG(s) 'example_branch_labels' retrieved from /home/airflow/.local/lib/python3.12/site-packages/airflow/example_dags/example_branch_labels.py
[2025-11-09T21:20:38.509+0000] {logging_mixin.py:190} INFO - [2025-11-09T21:20:38.508+0000] {dag.py:3239} INFO - Sync 1 DAGs
[2025-11-09T21:20:38.579+0000] {logging_mixin.py:190} INFO - [2025-11-09T21:20:38.579+0000] {dag.py:4180} INFO - Setting next_dagrun for example_branch_labels to 2025-11-08 00:00:00+00:00, run_after=2025-11-09 00:00:00+00:00
[2025-11-09T21:20:38.627+0000] {processor.py:208} INFO - Processing /home/airflow/.local/lib/python3.12/site-packages/airflow/example_dags/example_branch_labels.py took 0.231 seconds
[2025-11-09T21:21:11.384+0000] {processor.py:186} INFO - Started process (PID=1719) to work on /home/airflow/.local/lib/python3.12/site-packages/airflow/example_dags/example_branch_labels.py
[2025-11-09T21:21:11.414+0000] {processor.py:914} INFO - Processing file /home/airflow/.local/lib/python3.12/site-packages/airflow/example_dags/example_branch_labels.py for tasks to queue
[2025-11-09T21:21:11.448+0000] {logging_mixin.py:190} INFO - [2025-11-09T21:21:11.446+0000] {dagbag.py:588} INFO - Filling up the DagBag from /home/airflow/.local/lib/python3.12/site-packages/airflow/example_dags/example_branch_labels.py
[2025-11-09T21:21:11.607+0000] {processor.py:925} INFO - DAG(s) 'example_branch_labels' retrieved from /home/airflow/.local/lib/python3.12/site-packages/airflow/example_dags/example_branch_labels.py
[2025-11-09T21:21:11.854+0000] {logging_mixin.py:190} INFO - [2025-11-09T21:21:11.853+0000] {dag.py:3239} INFO - Sync 1 DAGs
[2025-11-09T21:21:12.145+0000] {logging_mixin.py:190} INFO - [2025-11-09T21:21:12.144+0000] {dag.py:4180} INFO - Setting next_dagrun for example_branch_labels to 2025-11-08 00:00:00+00:00, run_after=2025-11-09 00:00:00+00:00
[2025-11-09T21:21:12.329+0000] {processor.py:208} INFO - Processing /home/airflow/.local/lib/python3.12/site-packages/airflow/example_dags/example_branch_labels.py took 1.043 seconds
[2025-11-09T21:21:42.778+0000] {processor.py:186} INFO - Started process (PID=1783) to work on /home/airflow/.local/lib/python3.12/site-packages/airflow/example_dags/example_branch_labels.py
[2025-11-09T21:21:42.780+0000] {processor.py:914} INFO - Processing file /home/airflow/.local/lib/python3.12/site-packages/airflow/example_dags/example_branch_labels.py for tasks to queue
[2025-11-09T21:21:42.788+0000] {logging_mixin.py:190} INFO - [2025-11-09T21:21:42.787+0000] {dagbag.py:588} INFO - Filling up the DagBag from /home/airflow/.local/lib/python3.12/site-packages/airflow/example_dags/example_branch_labels.py
[2025-11-09T21:21:42.822+0000] {processor.py:925} INFO - DAG(s) 'example_branch_labels' retrieved from /home/airflow/.local/lib/python3.12/site-packages/airflow/example_dags/example_branch_labels.py
[2025-11-09T21:21:42.889+0000] {logging_mixin.py:190} INFO - [2025-11-09T21:21:42.888+0000] {dag.py:3239} INFO - Sync 1 DAGs
[2025-11-09T21:21:42.945+0000] {logging_mixin.py:190} INFO - [2025-11-09T21:21:42.945+0000] {dag.py:4180} INFO - Setting next_dagrun for example_branch_labels to 2025-11-08 00:00:00+00:00, run_after=2025-11-09 00:00:00+00:00
[2025-11-09T21:21:42.987+0000] {processor.py:208} INFO - Processing /home/airflow/.local/lib/python3.12/site-packages/airflow/example_dags/example_branch_labels.py took 0.230 seconds
[2025-11-09T21:22:13.807+0000] {processor.py:186} INFO - Started process (PID=1847) to work on /home/airflow/.local/lib/python3.12/site-packages/airflow/example_dags/example_branch_labels.py
[2025-11-09T21:22:13.812+0000] {processor.py:914} INFO - Processing file /home/airflow/.local/lib/python3.12/site-packages/airflow/example_dags/example_branch_labels.py for tasks to queue
[2025-11-09T21:22:13.818+0000] {logging_mixin.py:190} INFO - [2025-11-09T21:22:13.818+0000] {dagbag.py:588} INFO - Filling up the DagBag from /home/airflow/.local/lib/python3.12/site-packages/airflow/example_dags/example_branch_labels.py
[2025-11-09T21:22:13.838+0000] {processor.py:925} INFO - DAG(s) 'example_branch_labels' retrieved from /home/airflow/.local/lib/python3.12/site-packages/airflow/example_dags/example_branch_labels.py
[2025-11-09T21:22:13.876+0000] {logging_mixin.py:190} INFO - [2025-11-09T21:22:13.876+0000] {dag.py:3239} INFO - Sync 1 DAGs
[2025-11-09T21:22:13.916+0000] {logging_mixin.py:190} INFO - [2025-11-09T21:22:13.915+0000] {dag.py:4180} INFO - Setting next_dagrun for example_branch_labels to 2025-11-08 00:00:00+00:00, run_after=2025-11-09 00:00:00+00:00
[2025-11-09T21:22:13.949+0000] {processor.py:208} INFO - Processing /home/airflow/.local/lib/python3.12/site-packages/airflow/example_dags/example_branch_labels.py took 0.154 seconds
[2025-11-09T21:22:44.415+0000] {processor.py:186} INFO - Started process (PID=1912) to work on /home/airflow/.local/lib/python3.12/site-packages/airflow/example_dags/example_branch_labels.py
[2025-11-09T21:22:44.417+0000] {processor.py:914} INFO - Processing file /home/airflow/.local/lib/python3.12/site-packages/airflow/example_dags/example_branch_labels.py for tasks to queue
[2025-11-09T21:22:44.423+0000] {logging_mixin.py:190} INFO - [2025-11-09T21:22:44.422+0000] {dagbag.py:588} INFO - Filling up the DagBag from /home/airflow/.local/lib/python3.12/site-packages/airflow/example_dags/example_branch_labels.py
[2025-11-09T21:22:44.451+0000] {processor.py:925} INFO - DAG(s) 'example_branch_labels' retrieved from /home/airflow/.local/lib/python3.12/site-packages/airflow/example_dags/example_branch_labels.py
[2025-11-09T21:22:44.501+0000] {logging_mixin.py:190} INFO - [2025-11-09T21:22:44.501+0000] {dag.py:3239} INFO - Sync 1 DAGs
[2025-11-09T21:22:44.563+0000] {logging_mixin.py:190} INFO - [2025-11-09T21:22:44.562+0000] {dag.py:4180} INFO - Setting next_dagrun for example_branch_labels to 2025-11-08 00:00:00+00:00, run_after=2025-11-09 00:00:00+00:00
[2025-11-09T21:22:44.610+0000] {processor.py:208} INFO - Processing /home/airflow/.local/lib/python3.12/site-packages/airflow/example_dags/example_branch_labels.py took 0.210 seconds
[2025-11-09T21:23:15.310+0000] {processor.py:186} INFO - Started process (PID=1976) to work on /home/airflow/.local/lib/python3.12/site-packages/airflow/example_dags/example_branch_labels.py
[2025-11-09T21:23:15.312+0000] {processor.py:914} INFO - Processing file /home/airflow/.local/lib/python3.12/site-packages/airflow/example_dags/example_branch_labels.py for tasks to queue
[2025-11-09T21:23:15.317+0000] {logging_mixin.py:190} INFO - [2025-11-09T21:23:15.316+0000] {dagbag.py:588} INFO - Filling up the DagBag from /home/airflow/.local/lib/python3.12/site-packages/airflow/example_dags/example_branch_labels.py
[2025-11-09T21:23:15.334+0000] {processor.py:925} INFO - DAG(s) 'example_branch_labels' retrieved from /home/airflow/.local/lib/python3.12/site-packages/airflow/example_dags/example_branch_labels.py
[2025-11-09T21:23:15.372+0000] {logging_mixin.py:190} INFO - [2025-11-09T21:23:15.372+0000] {dag.py:3239} INFO - Sync 1 DAGs
[2025-11-09T21:23:15.413+0000] {logging_mixin.py:190} INFO - [2025-11-09T21:23:15.412+0000] {dag.py:4180} INFO - Setting next_dagrun for example_branch_labels to 2025-11-08 00:00:00+00:00, run_after=2025-11-09 00:00:00+00:00
[2025-11-09T21:23:15.442+0000] {processor.py:208} INFO - Processing /home/airflow/.local/lib/python3.12/site-packages/airflow/example_dags/example_branch_labels.py took 0.142 seconds
[2025-11-09T21:23:45.810+0000] {processor.py:186} INFO - Started process (PID=2040) to work on /home/airflow/.local/lib/python3.12/site-packages/airflow/example_dags/example_branch_labels.py
[2025-11-09T21:23:45.813+0000] {processor.py:914} INFO - Processing file /home/airflow/.local/lib/python3.12/site-packages/airflow/example_dags/example_branch_labels.py for tasks to queue
[2025-11-09T21:23:45.822+0000] {logging_mixin.py:190} INFO - [2025-11-09T21:23:45.821+0000] {dagbag.py:588} INFO - Filling up the DagBag from /home/airflow/.local/lib/python3.12/site-packages/airflow/example_dags/example_branch_labels.py
[2025-11-09T21:23:45.846+0000] {processor.py:925} INFO - DAG(s) 'example_branch_labels' retrieved from /home/airflow/.local/lib/python3.12/site-packages/airflow/example_dags/example_branch_labels.py
[2025-11-09T21:23:45.892+0000] {logging_mixin.py:190} INFO - [2025-11-09T21:23:45.892+0000] {dag.py:3239} INFO - Sync 1 DAGs
[2025-11-09T21:23:45.942+0000] {logging_mixin.py:190} INFO - [2025-11-09T21:23:45.942+0000] {dag.py:4180} INFO - Setting next_dagrun for example_branch_labels to 2025-11-08 00:00:00+00:00, run_after=2025-11-09 00:00:00+00:00
[2025-11-09T21:23:45.979+0000] {processor.py:208} INFO - Processing /home/airflow/.local/lib/python3.12/site-packages/airflow/example_dags/example_branch_labels.py took 0.182 seconds
[2025-11-09T21:24:16.259+0000] {processor.py:186} INFO - Started process (PID=2104) to work on /home/airflow/.local/lib/python3.12/site-packages/airflow/example_dags/example_branch_labels.py
[2025-11-09T21:24:16.261+0000] {processor.py:914} INFO - Processing file /home/airflow/.local/lib/python3.12/site-packages/airflow/example_dags/example_branch_labels.py for tasks to queue
[2025-11-09T21:24:16.267+0000] {logging_mixin.py:190} INFO - [2025-11-09T21:24:16.266+0000] {dagbag.py:588} INFO - Filling up the DagBag from /home/airflow/.local/lib/python3.12/site-packages/airflow/example_dags/example_branch_labels.py
[2025-11-09T21:24:16.294+0000] {processor.py:925} INFO - DAG(s) 'example_branch_labels' retrieved from /home/airflow/.local/lib/python3.12/site-packages/airflow/example_dags/example_branch_labels.py
[2025-11-09T21:24:16.342+0000] {logging_mixin.py:190} INFO - [2025-11-09T21:24:16.342+0000] {dag.py:3239} INFO - Sync 1 DAGs
[2025-11-09T21:24:16.398+0000] {logging_mixin.py:190} INFO - [2025-11-09T21:24:16.398+0000] {dag.py:4180} INFO - Setting next_dagrun for example_branch_labels to 2025-11-08 00:00:00+00:00, run_after=2025-11-09 00:00:00+00:00
[2025-11-09T21:24:16.436+0000] {processor.py:208} INFO - Processing /home/airflow/.local/lib/python3.12/site-packages/airflow/example_dags/example_branch_labels.py took 0.191 seconds
[2025-11-09T21:24:46.850+0000] {processor.py:186} INFO - Started process (PID=2168) to work on /home/airflow/.local/lib/python3.12/site-packages/airflow/example_dags/example_branch_labels.py
[2025-11-09T21:24:46.853+0000] {processor.py:914} INFO - Processing file /home/airflow/.local/lib/python3.12/site-packages/airflow/example_dags/example_branch_labels.py for tasks to queue
[2025-11-09T21:24:46.859+0000] {logging_mixin.py:190} INFO - [2025-11-09T21:24:46.858+0000] {dagbag.py:588} INFO - Filling up the DagBag from /home/airflow/.local/lib/python3.12/site-packages/airflow/example_dags/example_branch_labels.py
[2025-11-09T21:24:46.883+0000] {processor.py:925} INFO - DAG(s) 'example_branch_labels' retrieved from /home/airflow/.local/lib/python3.12/site-packages/airflow/example_dags/example_branch_labels.py
[2025-11-09T21:24:46.934+0000] {logging_mixin.py:190} INFO - [2025-11-09T21:24:46.934+0000] {dag.py:3239} INFO - Sync 1 DAGs
[2025-11-09T21:24:46.988+0000] {logging_mixin.py:190} INFO - [2025-11-09T21:24:46.988+0000] {dag.py:4180} INFO - Setting next_dagrun for example_branch_labels to 2025-11-08 00:00:00+00:00, run_after=2025-11-09 00:00:00+00:00
[2025-11-09T21:24:47.027+0000] {processor.py:208} INFO - Processing /home/airflow/.local/lib/python3.12/site-packages/airflow/example_dags/example_branch_labels.py took 0.197 seconds
[2025-11-09T21:25:17.368+0000] {processor.py:186} INFO - Started process (PID=2232) to work on /home/airflow/.local/lib/python3.12/site-packages/airflow/example_dags/example_branch_labels.py
[2025-11-09T21:25:17.371+0000] {processor.py:914} INFO - Processing file /home/airflow/.local/lib/python3.12/site-packages/airflow/example_dags/example_branch_labels.py for tasks to queue
[2025-11-09T21:25:17.378+0000] {logging_mixin.py:190} INFO - [2025-11-09T21:25:17.377+0000] {dagbag.py:588} INFO - Filling up the DagBag from /home/airflow/.local/lib/python3.12/site-packages/airflow/example_dags/example_branch_labels.py
[2025-11-09T21:25:17.412+0000] {processor.py:925} INFO - DAG(s) 'example_branch_labels' retrieved from /home/airflow/.local/lib/python3.12/site-packages/airflow/example_dags/example_branch_labels.py
[2025-11-09T21:25:17.466+0000] {logging_mixin.py:190} INFO - [2025-11-09T21:25:17.466+0000] {dag.py:3239} INFO - Sync 1 DAGs
[2025-11-09T21:25:17.518+0000] {logging_mixin.py:190} INFO - [2025-11-09T21:25:17.518+0000] {dag.py:4180} INFO - Setting next_dagrun for example_branch_labels to 2025-11-08 00:00:00+00:00, run_after=2025-11-09 00:00:00+00:00
[2025-11-09T21:25:17.559+0000] {processor.py:208} INFO - Processing /home/airflow/.local/lib/python3.12/site-packages/airflow/example_dags/example_branch_labels.py took 0.210 seconds
[2025-11-09T21:25:47.960+0000] {processor.py:186} INFO - Started process (PID=2295) to work on /home/airflow/.local/lib/python3.12/site-packages/airflow/example_dags/example_branch_labels.py
[2025-11-09T21:25:47.963+0000] {processor.py:914} INFO - Processing file /home/airflow/.local/lib/python3.12/site-packages/airflow/example_dags/example_branch_labels.py for tasks to queue
[2025-11-09T21:25:47.970+0000] {logging_mixin.py:190} INFO - [2025-11-09T21:25:47.969+0000] {dagbag.py:588} INFO - Filling up the DagBag from /home/airflow/.local/lib/python3.12/site-packages/airflow/example_dags/example_branch_labels.py
[2025-11-09T21:25:48.016+0000] {processor.py:925} INFO - DAG(s) 'example_branch_labels' retrieved from /home/airflow/.local/lib/python3.12/site-packages/airflow/example_dags/example_branch_labels.py
[2025-11-09T21:25:48.091+0000] {logging_mixin.py:190} INFO - [2025-11-09T21:25:48.091+0000] {dag.py:3239} INFO - Sync 1 DAGs
[2025-11-09T21:25:48.180+0000] {logging_mixin.py:190} INFO - [2025-11-09T21:25:48.179+0000] {dag.py:4180} INFO - Setting next_dagrun for example_branch_labels to 2025-11-08 00:00:00+00:00, run_after=2025-11-09 00:00:00+00:00
[2025-11-09T21:25:48.241+0000] {processor.py:208} INFO - Processing /home/airflow/.local/lib/python3.12/site-packages/airflow/example_dags/example_branch_labels.py took 0.296 seconds
[2025-11-09T21:26:18.679+0000] {processor.py:186} INFO - Started process (PID=2359) to work on /home/airflow/.local/lib/python3.12/site-packages/airflow/example_dags/example_branch_labels.py
[2025-11-09T21:26:18.682+0000] {processor.py:914} INFO - Processing file /home/airflow/.local/lib/python3.12/site-packages/airflow/example_dags/example_branch_labels.py for tasks to queue
[2025-11-09T21:26:18.690+0000] {logging_mixin.py:190} INFO - [2025-11-09T21:26:18.689+0000] {dagbag.py:588} INFO - Filling up the DagBag from /home/airflow/.local/lib/python3.12/site-packages/airflow/example_dags/example_branch_labels.py
[2025-11-09T21:26:18.718+0000] {processor.py:925} INFO - DAG(s) 'example_branch_labels' retrieved from /home/airflow/.local/lib/python3.12/site-packages/airflow/example_dags/example_branch_labels.py
[2025-11-09T21:26:18.776+0000] {logging_mixin.py:190} INFO - [2025-11-09T21:26:18.776+0000] {dag.py:3239} INFO - Sync 1 DAGs
[2025-11-09T21:26:18.845+0000] {logging_mixin.py:190} INFO - [2025-11-09T21:26:18.845+0000] {dag.py:4180} INFO - Setting next_dagrun for example_branch_labels to 2025-11-08 00:00:00+00:00, run_after=2025-11-09 00:00:00+00:00
[2025-11-09T21:26:18.898+0000] {processor.py:208} INFO - Processing /home/airflow/.local/lib/python3.12/site-packages/airflow/example_dags/example_branch_labels.py took 0.237 seconds
[2025-11-09T21:26:49.472+0000] {processor.py:186} INFO - Started process (PID=2423) to work on /home/airflow/.local/lib/python3.12/site-packages/airflow/example_dags/example_branch_labels.py
[2025-11-09T21:26:49.475+0000] {processor.py:914} INFO - Processing file /home/airflow/.local/lib/python3.12/site-packages/airflow/example_dags/example_branch_labels.py for tasks to queue
[2025-11-09T21:26:49.481+0000] {logging_mixin.py:190} INFO - [2025-11-09T21:26:49.480+0000] {dagbag.py:588} INFO - Filling up the DagBag from /home/airflow/.local/lib/python3.12/site-packages/airflow/example_dags/example_branch_labels.py
[2025-11-09T21:26:49.508+0000] {processor.py:925} INFO - DAG(s) 'example_branch_labels' retrieved from /home/airflow/.local/lib/python3.12/site-packages/airflow/example_dags/example_branch_labels.py
[2025-11-09T21:26:49.567+0000] {logging_mixin.py:190} INFO - [2025-11-09T21:26:49.566+0000] {dag.py:3239} INFO - Sync 1 DAGs
[2025-11-09T21:26:49.631+0000] {logging_mixin.py:190} INFO - [2025-11-09T21:26:49.631+0000] {dag.py:4180} INFO - Setting next_dagrun for example_branch_labels to 2025-11-08 00:00:00+00:00, run_after=2025-11-09 00:00:00+00:00
[2025-11-09T21:26:49.682+0000] {processor.py:208} INFO - Processing /home/airflow/.local/lib/python3.12/site-packages/airflow/example_dags/example_branch_labels.py took 0.225 seconds
[2025-11-09T21:27:19.862+0000] {processor.py:186} INFO - Started process (PID=2487) to work on /home/airflow/.local/lib/python3.12/site-packages/airflow/example_dags/example_branch_labels.py
[2025-11-09T21:27:19.865+0000] {processor.py:914} INFO - Processing file /home/airflow/.local/lib/python3.12/site-packages/airflow/example_dags/example_branch_labels.py for tasks to queue
[2025-11-09T21:27:19.875+0000] {logging_mixin.py:190} INFO - [2025-11-09T21:27:19.873+0000] {dagbag.py:588} INFO - Filling up the DagBag from /home/airflow/.local/lib/python3.12/site-packages/airflow/example_dags/example_branch_labels.py
[2025-11-09T21:27:19.905+0000] {processor.py:925} INFO - DAG(s) 'example_branch_labels' retrieved from /home/airflow/.local/lib/python3.12/site-packages/airflow/example_dags/example_branch_labels.py
[2025-11-09T21:27:19.960+0000] {logging_mixin.py:190} INFO - [2025-11-09T21:27:19.960+0000] {dag.py:3239} INFO - Sync 1 DAGs
[2025-11-09T21:27:20.034+0000] {logging_mixin.py:190} INFO - [2025-11-09T21:27:20.033+0000] {dag.py:4180} INFO - Setting next_dagrun for example_branch_labels to 2025-11-08 00:00:00+00:00, run_after=2025-11-09 00:00:00+00:00
[2025-11-09T21:27:20.093+0000] {processor.py:208} INFO - Processing /home/airflow/.local/lib/python3.12/site-packages/airflow/example_dags/example_branch_labels.py took 0.246 seconds
[2025-11-09T21:27:50.210+0000] {processor.py:186} INFO - Started process (PID=2550) to work on /home/airflow/.local/lib/python3.12/site-packages/airflow/example_dags/example_branch_labels.py
[2025-11-09T21:27:50.212+0000] {processor.py:914} INFO - Processing file /home/airflow/.local/lib/python3.12/site-packages/airflow/example_dags/example_branch_labels.py for tasks to queue
[2025-11-09T21:27:50.218+0000] {logging_mixin.py:190} INFO - [2025-11-09T21:27:50.217+0000] {dagbag.py:588} INFO - Filling up the DagBag from /home/airflow/.local/lib/python3.12/site-packages/airflow/example_dags/example_branch_labels.py
[2025-11-09T21:27:50.240+0000] {processor.py:925} INFO - DAG(s) 'example_branch_labels' retrieved from /home/airflow/.local/lib/python3.12/site-packages/airflow/example_dags/example_branch_labels.py
[2025-11-09T21:27:50.286+0000] {logging_mixin.py:190} INFO - [2025-11-09T21:27:50.285+0000] {dag.py:3239} INFO - Sync 1 DAGs
[2025-11-09T21:27:50.335+0000] {logging_mixin.py:190} INFO - [2025-11-09T21:27:50.334+0000] {dag.py:4180} INFO - Setting next_dagrun for example_branch_labels to 2025-11-08 00:00:00+00:00, run_after=2025-11-09 00:00:00+00:00
[2025-11-09T21:27:50.373+0000] {processor.py:208} INFO - Processing /home/airflow/.local/lib/python3.12/site-packages/airflow/example_dags/example_branch_labels.py took 0.175 seconds
[2025-11-09T21:28:20.760+0000] {processor.py:186} INFO - Started process (PID=2615) to work on /home/airflow/.local/lib/python3.12/site-packages/airflow/example_dags/example_branch_labels.py
[2025-11-09T21:28:20.762+0000] {processor.py:914} INFO - Processing file /home/airflow/.local/lib/python3.12/site-packages/airflow/example_dags/example_branch_labels.py for tasks to queue
[2025-11-09T21:28:20.767+0000] {logging_mixin.py:190} INFO - [2025-11-09T21:28:20.766+0000] {dagbag.py:588} INFO - Filling up the DagBag from /home/airflow/.local/lib/python3.12/site-packages/airflow/example_dags/example_branch_labels.py
[2025-11-09T21:28:20.786+0000] {processor.py:925} INFO - DAG(s) 'example_branch_labels' retrieved from /home/airflow/.local/lib/python3.12/site-packages/airflow/example_dags/example_branch_labels.py
[2025-11-09T21:28:20.830+0000] {logging_mixin.py:190} INFO - [2025-11-09T21:28:20.829+0000] {dag.py:3239} INFO - Sync 1 DAGs
[2025-11-09T21:28:20.876+0000] {logging_mixin.py:190} INFO - [2025-11-09T21:28:20.875+0000] {dag.py:4180} INFO - Setting next_dagrun for example_branch_labels to 2025-11-08 00:00:00+00:00, run_after=2025-11-09 00:00:00+00:00
[2025-11-09T21:28:20.908+0000] {processor.py:208} INFO - Processing /home/airflow/.local/lib/python3.12/site-packages/airflow/example_dags/example_branch_labels.py took 0.160 seconds
[2025-11-09T21:28:51.313+0000] {processor.py:186} INFO - Started process (PID=2679) to work on /home/airflow/.local/lib/python3.12/site-packages/airflow/example_dags/example_branch_labels.py
[2025-11-09T21:28:51.316+0000] {processor.py:914} INFO - Processing file /home/airflow/.local/lib/python3.12/site-packages/airflow/example_dags/example_branch_labels.py for tasks to queue
[2025-11-09T21:28:51.322+0000] {logging_mixin.py:190} INFO - [2025-11-09T21:28:51.321+0000] {dagbag.py:588} INFO - Filling up the DagBag from /home/airflow/.local/lib/python3.12/site-packages/airflow/example_dags/example_branch_labels.py
[2025-11-09T21:28:51.341+0000] {processor.py:925} INFO - DAG(s) 'example_branch_labels' retrieved from /home/airflow/.local/lib/python3.12/site-packages/airflow/example_dags/example_branch_labels.py
[2025-11-09T21:28:51.384+0000] {logging_mixin.py:190} INFO - [2025-11-09T21:28:51.384+0000] {dag.py:3239} INFO - Sync 1 DAGs
[2025-11-09T21:28:51.439+0000] {logging_mixin.py:190} INFO - [2025-11-09T21:28:51.439+0000] {dag.py:4180} INFO - Setting next_dagrun for example_branch_labels to 2025-11-08 00:00:00+00:00, run_after=2025-11-09 00:00:00+00:00
[2025-11-09T21:28:51.480+0000] {processor.py:208} INFO - Processing /home/airflow/.local/lib/python3.12/site-packages/airflow/example_dags/example_branch_labels.py took 0.182 seconds
[2025-11-09T21:29:22.037+0000] {processor.py:186} INFO - Started process (PID=2743) to work on /home/airflow/.local/lib/python3.12/site-packages/airflow/example_dags/example_branch_labels.py
[2025-11-09T21:29:22.040+0000] {processor.py:914} INFO - Processing file /home/airflow/.local/lib/python3.12/site-packages/airflow/example_dags/example_branch_labels.py for tasks to queue
[2025-11-09T21:29:22.046+0000] {logging_mixin.py:190} INFO - [2025-11-09T21:29:22.045+0000] {dagbag.py:588} INFO - Filling up the DagBag from /home/airflow/.local/lib/python3.12/site-packages/airflow/example_dags/example_branch_labels.py
[2025-11-09T21:29:22.074+0000] {processor.py:925} INFO - DAG(s) 'example_branch_labels' retrieved from /home/airflow/.local/lib/python3.12/site-packages/airflow/example_dags/example_branch_labels.py
[2025-11-09T21:29:22.153+0000] {logging_mixin.py:190} INFO - [2025-11-09T21:29:22.153+0000] {dag.py:3239} INFO - Sync 1 DAGs
[2025-11-09T21:29:22.231+0000] {logging_mixin.py:190} INFO - [2025-11-09T21:29:22.231+0000] {dag.py:4180} INFO - Setting next_dagrun for example_branch_labels to 2025-11-08 00:00:00+00:00, run_after=2025-11-09 00:00:00+00:00
[2025-11-09T21:29:22.297+0000] {processor.py:208} INFO - Processing /home/airflow/.local/lib/python3.12/site-packages/airflow/example_dags/example_branch_labels.py took 0.275 seconds
[2025-11-09T21:29:52.686+0000] {processor.py:186} INFO - Started process (PID=2807) to work on /home/airflow/.local/lib/python3.12/site-packages/airflow/example_dags/example_branch_labels.py
[2025-11-09T21:29:52.688+0000] {processor.py:914} INFO - Processing file /home/airflow/.local/lib/python3.12/site-packages/airflow/example_dags/example_branch_labels.py for tasks to queue
[2025-11-09T21:29:52.695+0000] {logging_mixin.py:190} INFO - [2025-11-09T21:29:52.694+0000] {dagbag.py:588} INFO - Filling up the DagBag from /home/airflow/.local/lib/python3.12/site-packages/airflow/example_dags/example_branch_labels.py
[2025-11-09T21:29:52.713+0000] {processor.py:925} INFO - DAG(s) 'example_branch_labels' retrieved from /home/airflow/.local/lib/python3.12/site-packages/airflow/example_dags/example_branch_labels.py
[2025-11-09T21:29:52.751+0000] {logging_mixin.py:190} INFO - [2025-11-09T21:29:52.751+0000] {dag.py:3239} INFO - Sync 1 DAGs
[2025-11-09T21:29:52.796+0000] {logging_mixin.py:190} INFO - [2025-11-09T21:29:52.796+0000] {dag.py:4180} INFO - Setting next_dagrun for example_branch_labels to 2025-11-08 00:00:00+00:00, run_after=2025-11-09 00:00:00+00:00
[2025-11-09T21:29:52.830+0000] {processor.py:208} INFO - Processing /home/airflow/.local/lib/python3.12/site-packages/airflow/example_dags/example_branch_labels.py took 0.154 seconds
[2025-11-09T21:30:23.124+0000] {processor.py:186} INFO - Started process (PID=2871) to work on /home/airflow/.local/lib/python3.12/site-packages/airflow/example_dags/example_branch_labels.py
[2025-11-09T21:30:23.126+0000] {processor.py:914} INFO - Processing file /home/airflow/.local/lib/python3.12/site-packages/airflow/example_dags/example_branch_labels.py for tasks to queue
[2025-11-09T21:30:23.132+0000] {logging_mixin.py:190} INFO - [2025-11-09T21:30:23.131+0000] {dagbag.py:588} INFO - Filling up the DagBag from /home/airflow/.local/lib/python3.12/site-packages/airflow/example_dags/example_branch_labels.py
[2025-11-09T21:30:23.149+0000] {processor.py:925} INFO - DAG(s) 'example_branch_labels' retrieved from /home/airflow/.local/lib/python3.12/site-packages/airflow/example_dags/example_branch_labels.py
[2025-11-09T21:30:23.196+0000] {logging_mixin.py:190} INFO - [2025-11-09T21:30:23.196+0000] {dag.py:3239} INFO - Sync 1 DAGs
[2025-11-09T21:30:23.240+0000] {logging_mixin.py:190} INFO - [2025-11-09T21:30:23.239+0000] {dag.py:4180} INFO - Setting next_dagrun for example_branch_labels to 2025-11-08 00:00:00+00:00, run_after=2025-11-09 00:00:00+00:00
[2025-11-09T21:30:23.281+0000] {processor.py:208} INFO - Processing /home/airflow/.local/lib/python3.12/site-packages/airflow/example_dags/example_branch_labels.py took 0.168 seconds
[2025-11-09T21:30:53.594+0000] {processor.py:186} INFO - Started process (PID=2941) to work on /home/airflow/.local/lib/python3.12/site-packages/airflow/example_dags/example_branch_labels.py
[2025-11-09T21:30:53.596+0000] {processor.py:914} INFO - Processing file /home/airflow/.local/lib/python3.12/site-packages/airflow/example_dags/example_branch_labels.py for tasks to queue
[2025-11-09T21:30:53.601+0000] {logging_mixin.py:190} INFO - [2025-11-09T21:30:53.600+0000] {dagbag.py:588} INFO - Filling up the DagBag from /home/airflow/.local/lib/python3.12/site-packages/airflow/example_dags/example_branch_labels.py
[2025-11-09T21:30:53.622+0000] {processor.py:925} INFO - DAG(s) 'example_branch_labels' retrieved from /home/airflow/.local/lib/python3.12/site-packages/airflow/example_dags/example_branch_labels.py
[2025-11-09T21:30:53.670+0000] {logging_mixin.py:190} INFO - [2025-11-09T21:30:53.669+0000] {dag.py:3239} INFO - Sync 1 DAGs
[2025-11-09T21:30:53.718+0000] {logging_mixin.py:190} INFO - [2025-11-09T21:30:53.718+0000] {dag.py:4180} INFO - Setting next_dagrun for example_branch_labels to 2025-11-08 00:00:00+00:00, run_after=2025-11-09 00:00:00+00:00
[2025-11-09T21:30:53.761+0000] {processor.py:208} INFO - Processing /home/airflow/.local/lib/python3.12/site-packages/airflow/example_dags/example_branch_labels.py took 0.179 seconds
[2025-11-09T21:31:24.017+0000] {processor.py:186} INFO - Started process (PID=3005) to work on /home/airflow/.local/lib/python3.12/site-packages/airflow/example_dags/example_branch_labels.py
[2025-11-09T21:31:24.019+0000] {processor.py:914} INFO - Processing file /home/airflow/.local/lib/python3.12/site-packages/airflow/example_dags/example_branch_labels.py for tasks to queue
[2025-11-09T21:31:24.024+0000] {logging_mixin.py:190} INFO - [2025-11-09T21:31:24.023+0000] {dagbag.py:588} INFO - Filling up the DagBag from /home/airflow/.local/lib/python3.12/site-packages/airflow/example_dags/example_branch_labels.py
[2025-11-09T21:31:24.041+0000] {processor.py:925} INFO - DAG(s) 'example_branch_labels' retrieved from /home/airflow/.local/lib/python3.12/site-packages/airflow/example_dags/example_branch_labels.py
[2025-11-09T21:31:24.082+0000] {logging_mixin.py:190} INFO - [2025-11-09T21:31:24.082+0000] {dag.py:3239} INFO - Sync 1 DAGs
[2025-11-09T21:31:24.123+0000] {logging_mixin.py:190} INFO - [2025-11-09T21:31:24.123+0000] {dag.py:4180} INFO - Setting next_dagrun for example_branch_labels to 2025-11-08 00:00:00+00:00, run_after=2025-11-09 00:00:00+00:00
[2025-11-09T21:31:24.155+0000] {processor.py:208} INFO - Processing /home/airflow/.local/lib/python3.12/site-packages/airflow/example_dags/example_branch_labels.py took 0.149 seconds
[2025-11-09T21:31:55.024+0000] {processor.py:186} INFO - Started process (PID=3069) to work on /home/airflow/.local/lib/python3.12/site-packages/airflow/example_dags/example_branch_labels.py
[2025-11-09T21:31:55.026+0000] {processor.py:914} INFO - Processing file /home/airflow/.local/lib/python3.12/site-packages/airflow/example_dags/example_branch_labels.py for tasks to queue
[2025-11-09T21:31:55.032+0000] {logging_mixin.py:190} INFO - [2025-11-09T21:31:55.031+0000] {dagbag.py:588} INFO - Filling up the DagBag from /home/airflow/.local/lib/python3.12/site-packages/airflow/example_dags/example_branch_labels.py
[2025-11-09T21:31:55.053+0000] {processor.py:925} INFO - DAG(s) 'example_branch_labels' retrieved from /home/airflow/.local/lib/python3.12/site-packages/airflow/example_dags/example_branch_labels.py
[2025-11-09T21:31:55.092+0000] {logging_mixin.py:190} INFO - [2025-11-09T21:31:55.092+0000] {dag.py:3239} INFO - Sync 1 DAGs
[2025-11-09T21:31:55.128+0000] {logging_mixin.py:190} INFO - [2025-11-09T21:31:55.127+0000] {dag.py:4180} INFO - Setting next_dagrun for example_branch_labels to 2025-11-08 00:00:00+00:00, run_after=2025-11-09 00:00:00+00:00
[2025-11-09T21:31:55.153+0000] {processor.py:208} INFO - Processing /home/airflow/.local/lib/python3.12/site-packages/airflow/example_dags/example_branch_labels.py took 0.140 seconds
[2025-11-09T21:32:26.456+0000] {processor.py:186} INFO - Started process (PID=3133) to work on /home/airflow/.local/lib/python3.12/site-packages/airflow/example_dags/example_branch_labels.py
[2025-11-09T21:32:26.459+0000] {processor.py:914} INFO - Processing file /home/airflow/.local/lib/python3.12/site-packages/airflow/example_dags/example_branch_labels.py for tasks to queue
[2025-11-09T21:32:26.466+0000] {logging_mixin.py:190} INFO - [2025-11-09T21:32:26.466+0000] {dagbag.py:588} INFO - Filling up the DagBag from /home/airflow/.local/lib/python3.12/site-packages/airflow/example_dags/example_branch_labels.py
[2025-11-09T21:32:26.498+0000] {processor.py:925} INFO - DAG(s) 'example_branch_labels' retrieved from /home/airflow/.local/lib/python3.12/site-packages/airflow/example_dags/example_branch_labels.py
[2025-11-09T21:32:26.573+0000] {logging_mixin.py:190} INFO - [2025-11-09T21:32:26.572+0000] {dag.py:3239} INFO - Sync 1 DAGs
[2025-11-09T21:32:27.073+0000] {logging_mixin.py:190} INFO - [2025-11-09T21:32:27.072+0000] {dag.py:4180} INFO - Setting next_dagrun for example_branch_labels to 2025-11-08 00:00:00+00:00, run_after=2025-11-09 00:00:00+00:00
[2025-11-09T21:32:27.101+0000] {processor.py:208} INFO - Processing /home/airflow/.local/lib/python3.12/site-packages/airflow/example_dags/example_branch_labels.py took 0.662 seconds
[2025-11-09T21:32:57.844+0000] {processor.py:186} INFO - Started process (PID=3197) to work on /home/airflow/.local/lib/python3.12/site-packages/airflow/example_dags/example_branch_labels.py
[2025-11-09T21:32:57.847+0000] {processor.py:914} INFO - Processing file /home/airflow/.local/lib/python3.12/site-packages/airflow/example_dags/example_branch_labels.py for tasks to queue
[2025-11-09T21:32:57.854+0000] {logging_mixin.py:190} INFO - [2025-11-09T21:32:57.853+0000] {dagbag.py:588} INFO - Filling up the DagBag from /home/airflow/.local/lib/python3.12/site-packages/airflow/example_dags/example_branch_labels.py
[2025-11-09T21:32:57.880+0000] {processor.py:925} INFO - DAG(s) 'example_branch_labels' retrieved from /home/airflow/.local/lib/python3.12/site-packages/airflow/example_dags/example_branch_labels.py
[2025-11-09T21:32:57.937+0000] {logging_mixin.py:190} INFO - [2025-11-09T21:32:57.936+0000] {dag.py:3239} INFO - Sync 1 DAGs
[2025-11-09T21:32:57.992+0000] {logging_mixin.py:190} INFO - [2025-11-09T21:32:57.991+0000] {dag.py:4180} INFO - Setting next_dagrun for example_branch_labels to 2025-11-08 00:00:00+00:00, run_after=2025-11-09 00:00:00+00:00
[2025-11-09T21:32:58.034+0000] {processor.py:208} INFO - Processing /home/airflow/.local/lib/python3.12/site-packages/airflow/example_dags/example_branch_labels.py took 0.204 seconds
[2025-11-09T21:33:28.738+0000] {processor.py:186} INFO - Started process (PID=3261) to work on /home/airflow/.local/lib/python3.12/site-packages/airflow/example_dags/example_branch_labels.py
[2025-11-09T21:33:28.741+0000] {processor.py:914} INFO - Processing file /home/airflow/.local/lib/python3.12/site-packages/airflow/example_dags/example_branch_labels.py for tasks to queue
[2025-11-09T21:33:28.747+0000] {logging_mixin.py:190} INFO - [2025-11-09T21:33:28.746+0000] {dagbag.py:588} INFO - Filling up the DagBag from /home/airflow/.local/lib/python3.12/site-packages/airflow/example_dags/example_branch_labels.py
[2025-11-09T21:33:28.769+0000] {processor.py:925} INFO - DAG(s) 'example_branch_labels' retrieved from /home/airflow/.local/lib/python3.12/site-packages/airflow/example_dags/example_branch_labels.py
[2025-11-09T21:33:28.806+0000] {logging_mixin.py:190} INFO - [2025-11-09T21:33:28.806+0000] {dag.py:3239} INFO - Sync 1 DAGs
[2025-11-09T21:33:28.843+0000] {logging_mixin.py:190} INFO - [2025-11-09T21:33:28.842+0000] {dag.py:4180} INFO - Setting next_dagrun for example_branch_labels to 2025-11-08 00:00:00+00:00, run_after=2025-11-09 00:00:00+00:00
[2025-11-09T21:33:28.871+0000] {processor.py:208} INFO - Processing /home/airflow/.local/lib/python3.12/site-packages/airflow/example_dags/example_branch_labels.py took 0.145 seconds
[2025-11-09T21:33:59.441+0000] {processor.py:186} INFO - Started process (PID=3324) to work on /home/airflow/.local/lib/python3.12/site-packages/airflow/example_dags/example_branch_labels.py
[2025-11-09T21:33:59.443+0000] {processor.py:914} INFO - Processing file /home/airflow/.local/lib/python3.12/site-packages/airflow/example_dags/example_branch_labels.py for tasks to queue
[2025-11-09T21:33:59.448+0000] {logging_mixin.py:190} INFO - [2025-11-09T21:33:59.448+0000] {dagbag.py:588} INFO - Filling up the DagBag from /home/airflow/.local/lib/python3.12/site-packages/airflow/example_dags/example_branch_labels.py
[2025-11-09T21:33:59.467+0000] {processor.py:925} INFO - DAG(s) 'example_branch_labels' retrieved from /home/airflow/.local/lib/python3.12/site-packages/airflow/example_dags/example_branch_labels.py
[2025-11-09T21:33:59.508+0000] {logging_mixin.py:190} INFO - [2025-11-09T21:33:59.507+0000] {dag.py:3239} INFO - Sync 1 DAGs
[2025-11-09T21:33:59.553+0000] {logging_mixin.py:190} INFO - [2025-11-09T21:33:59.553+0000] {dag.py:4180} INFO - Setting next_dagrun for example_branch_labels to 2025-11-08 00:00:00+00:00, run_after=2025-11-09 00:00:00+00:00
[2025-11-09T21:33:59.589+0000] {processor.py:208} INFO - Processing /home/airflow/.local/lib/python3.12/site-packages/airflow/example_dags/example_branch_labels.py took 0.161 seconds
[2025-11-09T21:34:30.100+0000] {processor.py:186} INFO - Started process (PID=3388) to work on /home/airflow/.local/lib/python3.12/site-packages/airflow/example_dags/example_branch_labels.py
[2025-11-09T21:34:30.103+0000] {processor.py:914} INFO - Processing file /home/airflow/.local/lib/python3.12/site-packages/airflow/example_dags/example_branch_labels.py for tasks to queue
[2025-11-09T21:34:30.109+0000] {logging_mixin.py:190} INFO - [2025-11-09T21:34:30.108+0000] {dagbag.py:588} INFO - Filling up the DagBag from /home/airflow/.local/lib/python3.12/site-packages/airflow/example_dags/example_branch_labels.py
[2025-11-09T21:34:30.134+0000] {processor.py:925} INFO - DAG(s) 'example_branch_labels' retrieved from /home/airflow/.local/lib/python3.12/site-packages/airflow/example_dags/example_branch_labels.py
[2025-11-09T21:34:30.172+0000] {logging_mixin.py:190} INFO - [2025-11-09T21:34:30.172+0000] {dag.py:3239} INFO - Sync 1 DAGs
[2025-11-09T21:34:30.222+0000] {logging_mixin.py:190} INFO - [2025-11-09T21:34:30.221+0000] {dag.py:4180} INFO - Setting next_dagrun for example_branch_labels to 2025-11-08 00:00:00+00:00, run_after=2025-11-09 00:00:00+00:00
[2025-11-09T21:34:30.258+0000] {processor.py:208} INFO - Processing /home/airflow/.local/lib/python3.12/site-packages/airflow/example_dags/example_branch_labels.py took 0.171 seconds
[2025-11-09T21:35:00.715+0000] {processor.py:186} INFO - Started process (PID=3453) to work on /home/airflow/.local/lib/python3.12/site-packages/airflow/example_dags/example_branch_labels.py
[2025-11-09T21:35:00.717+0000] {processor.py:914} INFO - Processing file /home/airflow/.local/lib/python3.12/site-packages/airflow/example_dags/example_branch_labels.py for tasks to queue
[2025-11-09T21:35:00.721+0000] {logging_mixin.py:190} INFO - [2025-11-09T21:35:00.720+0000] {dagbag.py:588} INFO - Filling up the DagBag from /home/airflow/.local/lib/python3.12/site-packages/airflow/example_dags/example_branch_labels.py
[2025-11-09T21:35:00.735+0000] {processor.py:925} INFO - DAG(s) 'example_branch_labels' retrieved from /home/airflow/.local/lib/python3.12/site-packages/airflow/example_dags/example_branch_labels.py
[2025-11-09T21:35:00.770+0000] {logging_mixin.py:190} INFO - [2025-11-09T21:35:00.770+0000] {dag.py:3239} INFO - Sync 1 DAGs
[2025-11-09T21:35:00.805+0000] {logging_mixin.py:190} INFO - [2025-11-09T21:35:00.804+0000] {dag.py:4180} INFO - Setting next_dagrun for example_branch_labels to 2025-11-08 00:00:00+00:00, run_after=2025-11-09 00:00:00+00:00
[2025-11-09T21:35:00.832+0000] {processor.py:208} INFO - Processing /home/airflow/.local/lib/python3.12/site-packages/airflow/example_dags/example_branch_labels.py took 0.126 seconds
[2025-11-09T21:35:31.579+0000] {processor.py:186} INFO - Started process (PID=3517) to work on /home/airflow/.local/lib/python3.12/site-packages/airflow/example_dags/example_branch_labels.py
[2025-11-09T21:35:31.581+0000] {processor.py:914} INFO - Processing file /home/airflow/.local/lib/python3.12/site-packages/airflow/example_dags/example_branch_labels.py for tasks to queue
[2025-11-09T21:35:31.588+0000] {logging_mixin.py:190} INFO - [2025-11-09T21:35:31.587+0000] {dagbag.py:588} INFO - Filling up the DagBag from /home/airflow/.local/lib/python3.12/site-packages/airflow/example_dags/example_branch_labels.py
[2025-11-09T21:35:31.614+0000] {processor.py:925} INFO - DAG(s) 'example_branch_labels' retrieved from /home/airflow/.local/lib/python3.12/site-packages/airflow/example_dags/example_branch_labels.py
[2025-11-09T21:35:31.660+0000] {logging_mixin.py:190} INFO - [2025-11-09T21:35:31.660+0000] {dag.py:3239} INFO - Sync 1 DAGs
[2025-11-09T21:35:31.727+0000] {logging_mixin.py:190} INFO - [2025-11-09T21:35:31.727+0000] {dag.py:4180} INFO - Setting next_dagrun for example_branch_labels to 2025-11-08 00:00:00+00:00, run_after=2025-11-09 00:00:00+00:00
[2025-11-09T21:35:31.764+0000] {processor.py:208} INFO - Processing /home/airflow/.local/lib/python3.12/site-packages/airflow/example_dags/example_branch_labels.py took 0.201 seconds
[2025-11-09T21:36:02.615+0000] {processor.py:186} INFO - Started process (PID=3581) to work on /home/airflow/.local/lib/python3.12/site-packages/airflow/example_dags/example_branch_labels.py
[2025-11-09T21:36:02.619+0000] {processor.py:914} INFO - Processing file /home/airflow/.local/lib/python3.12/site-packages/airflow/example_dags/example_branch_labels.py for tasks to queue
[2025-11-09T21:36:02.629+0000] {logging_mixin.py:190} INFO - [2025-11-09T21:36:02.628+0000] {dagbag.py:588} INFO - Filling up the DagBag from /home/airflow/.local/lib/python3.12/site-packages/airflow/example_dags/example_branch_labels.py
[2025-11-09T21:36:02.676+0000] {processor.py:925} INFO - DAG(s) 'example_branch_labels' retrieved from /home/airflow/.local/lib/python3.12/site-packages/airflow/example_dags/example_branch_labels.py
[2025-11-09T21:36:02.758+0000] {logging_mixin.py:190} INFO - [2025-11-09T21:36:02.757+0000] {dag.py:3239} INFO - Sync 1 DAGs
[2025-11-09T21:36:02.856+0000] {logging_mixin.py:190} INFO - [2025-11-09T21:36:02.855+0000] {dag.py:4180} INFO - Setting next_dagrun for example_branch_labels to 2025-11-08 00:00:00+00:00, run_after=2025-11-09 00:00:00+00:00
[2025-11-09T21:36:02.924+0000] {processor.py:208} INFO - Processing /home/airflow/.local/lib/python3.12/site-packages/airflow/example_dags/example_branch_labels.py took 0.335 seconds
[2025-11-09T21:36:33.147+0000] {processor.py:186} INFO - Started process (PID=3644) to work on /home/airflow/.local/lib/python3.12/site-packages/airflow/example_dags/example_branch_labels.py
[2025-11-09T21:36:33.151+0000] {processor.py:914} INFO - Processing file /home/airflow/.local/lib/python3.12/site-packages/airflow/example_dags/example_branch_labels.py for tasks to queue
[2025-11-09T21:36:33.161+0000] {logging_mixin.py:190} INFO - [2025-11-09T21:36:33.159+0000] {dagbag.py:588} INFO - Filling up the DagBag from /home/airflow/.local/lib/python3.12/site-packages/airflow/example_dags/example_branch_labels.py
[2025-11-09T21:36:33.203+0000] {processor.py:925} INFO - DAG(s) 'example_branch_labels' retrieved from /home/airflow/.local/lib/python3.12/site-packages/airflow/example_dags/example_branch_labels.py
[2025-11-09T21:36:33.277+0000] {logging_mixin.py:190} INFO - [2025-11-09T21:36:33.276+0000] {dag.py:3239} INFO - Sync 1 DAGs
[2025-11-09T21:36:33.363+0000] {logging_mixin.py:190} INFO - [2025-11-09T21:36:33.362+0000] {dag.py:4180} INFO - Setting next_dagrun for example_branch_labels to 2025-11-08 00:00:00+00:00, run_after=2025-11-09 00:00:00+00:00
[2025-11-09T21:36:33.418+0000] {processor.py:208} INFO - Processing /home/airflow/.local/lib/python3.12/site-packages/airflow/example_dags/example_branch_labels.py took 0.294 seconds
[2025-11-09T21:37:03.686+0000] {processor.py:186} INFO - Started process (PID=3709) to work on /home/airflow/.local/lib/python3.12/site-packages/airflow/example_dags/example_branch_labels.py
[2025-11-09T21:37:03.690+0000] {processor.py:914} INFO - Processing file /home/airflow/.local/lib/python3.12/site-packages/airflow/example_dags/example_branch_labels.py for tasks to queue
[2025-11-09T21:37:03.702+0000] {logging_mixin.py:190} INFO - [2025-11-09T21:37:03.700+0000] {dagbag.py:588} INFO - Filling up the DagBag from /home/airflow/.local/lib/python3.12/site-packages/airflow/example_dags/example_branch_labels.py
[2025-11-09T21:37:03.752+0000] {processor.py:925} INFO - DAG(s) 'example_branch_labels' retrieved from /home/airflow/.local/lib/python3.12/site-packages/airflow/example_dags/example_branch_labels.py
[2025-11-09T21:37:03.854+0000] {logging_mixin.py:190} INFO - [2025-11-09T21:37:03.853+0000] {dag.py:3239} INFO - Sync 1 DAGs
[2025-11-09T21:37:03.999+0000] {logging_mixin.py:190} INFO - [2025-11-09T21:37:03.998+0000] {dag.py:4180} INFO - Setting next_dagrun for example_branch_labels to 2025-11-08 00:00:00+00:00, run_after=2025-11-09 00:00:00+00:00
[2025-11-09T21:37:04.080+0000] {processor.py:208} INFO - Processing /home/airflow/.local/lib/python3.12/site-packages/airflow/example_dags/example_branch_labels.py took 0.426 seconds
[2025-11-09T21:37:35.382+0000] {processor.py:186} INFO - Started process (PID=3770) to work on /home/airflow/.local/lib/python3.12/site-packages/airflow/example_dags/example_branch_labels.py
[2025-11-09T21:37:35.386+0000] {processor.py:914} INFO - Processing file /home/airflow/.local/lib/python3.12/site-packages/airflow/example_dags/example_branch_labels.py for tasks to queue
[2025-11-09T21:37:35.395+0000] {logging_mixin.py:190} INFO - [2025-11-09T21:37:35.394+0000] {dagbag.py:588} INFO - Filling up the DagBag from /home/airflow/.local/lib/python3.12/site-packages/airflow/example_dags/example_branch_labels.py
[2025-11-09T21:37:35.440+0000] {processor.py:925} INFO - DAG(s) 'example_branch_labels' retrieved from /home/airflow/.local/lib/python3.12/site-packages/airflow/example_dags/example_branch_labels.py
[2025-11-09T21:37:35.547+0000] {logging_mixin.py:190} INFO - [2025-11-09T21:37:35.546+0000] {dag.py:3239} INFO - Sync 1 DAGs
[2025-11-09T21:37:35.639+0000] {logging_mixin.py:190} INFO - [2025-11-09T21:37:35.638+0000] {dag.py:4180} INFO - Setting next_dagrun for example_branch_labels to 2025-11-08 00:00:00+00:00, run_after=2025-11-09 00:00:00+00:00
[2025-11-09T21:37:35.702+0000] {processor.py:208} INFO - Processing /home/airflow/.local/lib/python3.12/site-packages/airflow/example_dags/example_branch_labels.py took 0.346 seconds
[2025-11-09T21:38:05.958+0000] {processor.py:186} INFO - Started process (PID=3833) to work on /home/airflow/.local/lib/python3.12/site-packages/airflow/example_dags/example_branch_labels.py
[2025-11-09T21:38:05.962+0000] {processor.py:914} INFO - Processing file /home/airflow/.local/lib/python3.12/site-packages/airflow/example_dags/example_branch_labels.py for tasks to queue
[2025-11-09T21:38:05.970+0000] {logging_mixin.py:190} INFO - [2025-11-09T21:38:05.969+0000] {dagbag.py:588} INFO - Filling up the DagBag from /home/airflow/.local/lib/python3.12/site-packages/airflow/example_dags/example_branch_labels.py
[2025-11-09T21:38:06.002+0000] {processor.py:925} INFO - DAG(s) 'example_branch_labels' retrieved from /home/airflow/.local/lib/python3.12/site-packages/airflow/example_dags/example_branch_labels.py
[2025-11-09T21:38:06.078+0000] {logging_mixin.py:190} INFO - [2025-11-09T21:38:06.077+0000] {dag.py:3239} INFO - Sync 1 DAGs
[2025-11-09T21:38:06.174+0000] {logging_mixin.py:190} INFO - [2025-11-09T21:38:06.173+0000] {dag.py:4180} INFO - Setting next_dagrun for example_branch_labels to 2025-11-08 00:00:00+00:00, run_after=2025-11-09 00:00:00+00:00
[2025-11-09T21:38:06.231+0000] {processor.py:208} INFO - Processing /home/airflow/.local/lib/python3.12/site-packages/airflow/example_dags/example_branch_labels.py took 0.294 seconds
[2025-11-09T21:38:36.742+0000] {processor.py:186} INFO - Started process (PID=3898) to work on /home/airflow/.local/lib/python3.12/site-packages/airflow/example_dags/example_branch_labels.py
[2025-11-09T21:38:36.744+0000] {processor.py:914} INFO - Processing file /home/airflow/.local/lib/python3.12/site-packages/airflow/example_dags/example_branch_labels.py for tasks to queue
[2025-11-09T21:38:36.750+0000] {logging_mixin.py:190} INFO - [2025-11-09T21:38:36.749+0000] {dagbag.py:588} INFO - Filling up the DagBag from /home/airflow/.local/lib/python3.12/site-packages/airflow/example_dags/example_branch_labels.py
[2025-11-09T21:38:36.789+0000] {processor.py:925} INFO - DAG(s) 'example_branch_labels' retrieved from /home/airflow/.local/lib/python3.12/site-packages/airflow/example_dags/example_branch_labels.py
[2025-11-09T21:38:36.845+0000] {logging_mixin.py:190} INFO - [2025-11-09T21:38:36.845+0000] {dag.py:3239} INFO - Sync 1 DAGs
[2025-11-09T21:38:36.919+0000] {logging_mixin.py:190} INFO - [2025-11-09T21:38:36.918+0000] {dag.py:4180} INFO - Setting next_dagrun for example_branch_labels to 2025-11-08 00:00:00+00:00, run_after=2025-11-09 00:00:00+00:00
[2025-11-09T21:38:36.965+0000] {processor.py:208} INFO - Processing /home/airflow/.local/lib/python3.12/site-packages/airflow/example_dags/example_branch_labels.py took 0.236 seconds
[2025-11-09T21:39:07.575+0000] {processor.py:186} INFO - Started process (PID=3962) to work on /home/airflow/.local/lib/python3.12/site-packages/airflow/example_dags/example_branch_labels.py
[2025-11-09T21:39:07.578+0000] {processor.py:914} INFO - Processing file /home/airflow/.local/lib/python3.12/site-packages/airflow/example_dags/example_branch_labels.py for tasks to queue
[2025-11-09T21:39:07.584+0000] {logging_mixin.py:190} INFO - [2025-11-09T21:39:07.583+0000] {dagbag.py:588} INFO - Filling up the DagBag from /home/airflow/.local/lib/python3.12/site-packages/airflow/example_dags/example_branch_labels.py
[2025-11-09T21:39:07.610+0000] {processor.py:925} INFO - DAG(s) 'example_branch_labels' retrieved from /home/airflow/.local/lib/python3.12/site-packages/airflow/example_dags/example_branch_labels.py
[2025-11-09T21:39:07.657+0000] {logging_mixin.py:190} INFO - [2025-11-09T21:39:07.657+0000] {dag.py:3239} INFO - Sync 1 DAGs
[2025-11-09T21:39:07.711+0000] {logging_mixin.py:190} INFO - [2025-11-09T21:39:07.711+0000] {dag.py:4180} INFO - Setting next_dagrun for example_branch_labels to 2025-11-08 00:00:00+00:00, run_after=2025-11-09 00:00:00+00:00
[2025-11-09T21:39:07.752+0000] {processor.py:208} INFO - Processing /home/airflow/.local/lib/python3.12/site-packages/airflow/example_dags/example_branch_labels.py took 0.202 seconds
[2025-11-09T21:39:38.211+0000] {processor.py:186} INFO - Started process (PID=4027) to work on /home/airflow/.local/lib/python3.12/site-packages/airflow/example_dags/example_branch_labels.py
[2025-11-09T21:39:38.214+0000] {processor.py:914} INFO - Processing file /home/airflow/.local/lib/python3.12/site-packages/airflow/example_dags/example_branch_labels.py for tasks to queue
[2025-11-09T21:39:38.223+0000] {logging_mixin.py:190} INFO - [2025-11-09T21:39:38.222+0000] {dagbag.py:588} INFO - Filling up the DagBag from /home/airflow/.local/lib/python3.12/site-packages/airflow/example_dags/example_branch_labels.py
[2025-11-09T21:39:38.262+0000] {processor.py:925} INFO - DAG(s) 'example_branch_labels' retrieved from /home/airflow/.local/lib/python3.12/site-packages/airflow/example_dags/example_branch_labels.py
[2025-11-09T21:39:38.335+0000] {logging_mixin.py:190} INFO - [2025-11-09T21:39:38.334+0000] {dag.py:3239} INFO - Sync 1 DAGs
[2025-11-09T21:39:38.420+0000] {logging_mixin.py:190} INFO - [2025-11-09T21:39:38.419+0000] {dag.py:4180} INFO - Setting next_dagrun for example_branch_labels to 2025-11-08 00:00:00+00:00, run_after=2025-11-09 00:00:00+00:00
[2025-11-09T21:39:38.470+0000] {processor.py:208} INFO - Processing /home/airflow/.local/lib/python3.12/site-packages/airflow/example_dags/example_branch_labels.py took 0.281 seconds
[2025-11-09T21:40:09.468+0000] {processor.py:186} INFO - Started process (PID=4090) to work on /home/airflow/.local/lib/python3.12/site-packages/airflow/example_dags/example_branch_labels.py
[2025-11-09T21:40:09.471+0000] {processor.py:914} INFO - Processing file /home/airflow/.local/lib/python3.12/site-packages/airflow/example_dags/example_branch_labels.py for tasks to queue
[2025-11-09T21:40:09.476+0000] {logging_mixin.py:190} INFO - [2025-11-09T21:40:09.475+0000] {dagbag.py:588} INFO - Filling up the DagBag from /home/airflow/.local/lib/python3.12/site-packages/airflow/example_dags/example_branch_labels.py
[2025-11-09T21:40:09.500+0000] {processor.py:925} INFO - DAG(s) 'example_branch_labels' retrieved from /home/airflow/.local/lib/python3.12/site-packages/airflow/example_dags/example_branch_labels.py
[2025-11-09T21:40:09.549+0000] {logging_mixin.py:190} INFO - [2025-11-09T21:40:09.549+0000] {dag.py:3239} INFO - Sync 1 DAGs
[2025-11-09T21:40:09.599+0000] {logging_mixin.py:190} INFO - [2025-11-09T21:40:09.598+0000] {dag.py:4180} INFO - Setting next_dagrun for example_branch_labels to 2025-11-08 00:00:00+00:00, run_after=2025-11-09 00:00:00+00:00
[2025-11-09T21:40:09.629+0000] {processor.py:208} INFO - Processing /home/airflow/.local/lib/python3.12/site-packages/airflow/example_dags/example_branch_labels.py took 0.174 seconds
[2025-11-09T21:40:40.033+0000] {processor.py:186} INFO - Started process (PID=4154) to work on /home/airflow/.local/lib/python3.12/site-packages/airflow/example_dags/example_branch_labels.py
[2025-11-09T21:40:40.035+0000] {processor.py:914} INFO - Processing file /home/airflow/.local/lib/python3.12/site-packages/airflow/example_dags/example_branch_labels.py for tasks to queue
[2025-11-09T21:40:40.043+0000] {logging_mixin.py:190} INFO - [2025-11-09T21:40:40.042+0000] {dagbag.py:588} INFO - Filling up the DagBag from /home/airflow/.local/lib/python3.12/site-packages/airflow/example_dags/example_branch_labels.py
[2025-11-09T21:40:40.074+0000] {processor.py:925} INFO - DAG(s) 'example_branch_labels' retrieved from /home/airflow/.local/lib/python3.12/site-packages/airflow/example_dags/example_branch_labels.py
[2025-11-09T21:40:40.141+0000] {logging_mixin.py:190} INFO - [2025-11-09T21:40:40.140+0000] {dag.py:3239} INFO - Sync 1 DAGs
[2025-11-09T21:40:40.219+0000] {logging_mixin.py:190} INFO - [2025-11-09T21:40:40.218+0000] {dag.py:4180} INFO - Setting next_dagrun for example_branch_labels to 2025-11-08 00:00:00+00:00, run_after=2025-11-09 00:00:00+00:00
[2025-11-09T21:40:40.273+0000] {processor.py:208} INFO - Processing /home/airflow/.local/lib/python3.12/site-packages/airflow/example_dags/example_branch_labels.py took 0.261 seconds
[2025-11-09T21:41:11.295+0000] {processor.py:186} INFO - Started process (PID=4218) to work on /home/airflow/.local/lib/python3.12/site-packages/airflow/example_dags/example_branch_labels.py
[2025-11-09T21:41:11.298+0000] {processor.py:914} INFO - Processing file /home/airflow/.local/lib/python3.12/site-packages/airflow/example_dags/example_branch_labels.py for tasks to queue
[2025-11-09T21:41:11.305+0000] {logging_mixin.py:190} INFO - [2025-11-09T21:41:11.304+0000] {dagbag.py:588} INFO - Filling up the DagBag from /home/airflow/.local/lib/python3.12/site-packages/airflow/example_dags/example_branch_labels.py
[2025-11-09T21:41:11.333+0000] {processor.py:925} INFO - DAG(s) 'example_branch_labels' retrieved from /home/airflow/.local/lib/python3.12/site-packages/airflow/example_dags/example_branch_labels.py
[2025-11-09T21:41:11.375+0000] {logging_mixin.py:190} INFO - [2025-11-09T21:41:11.375+0000] {dag.py:3239} INFO - Sync 1 DAGs
[2025-11-09T21:41:11.417+0000] {logging_mixin.py:190} INFO - [2025-11-09T21:41:11.416+0000] {dag.py:4180} INFO - Setting next_dagrun for example_branch_labels to 2025-11-08 00:00:00+00:00, run_after=2025-11-09 00:00:00+00:00
[2025-11-09T21:41:11.450+0000] {processor.py:208} INFO - Processing /home/airflow/.local/lib/python3.12/site-packages/airflow/example_dags/example_branch_labels.py took 0.172 seconds
[2025-11-09T21:41:42.234+0000] {processor.py:186} INFO - Started process (PID=4282) to work on /home/airflow/.local/lib/python3.12/site-packages/airflow/example_dags/example_branch_labels.py
[2025-11-09T21:41:42.237+0000] {processor.py:914} INFO - Processing file /home/airflow/.local/lib/python3.12/site-packages/airflow/example_dags/example_branch_labels.py for tasks to queue
[2025-11-09T21:41:42.244+0000] {logging_mixin.py:190} INFO - [2025-11-09T21:41:42.243+0000] {dagbag.py:588} INFO - Filling up the DagBag from /home/airflow/.local/lib/python3.12/site-packages/airflow/example_dags/example_branch_labels.py
[2025-11-09T21:41:42.274+0000] {processor.py:925} INFO - DAG(s) 'example_branch_labels' retrieved from /home/airflow/.local/lib/python3.12/site-packages/airflow/example_dags/example_branch_labels.py
[2025-11-09T21:41:42.325+0000] {logging_mixin.py:190} INFO - [2025-11-09T21:41:42.324+0000] {dag.py:3239} INFO - Sync 1 DAGs
[2025-11-09T21:41:42.387+0000] {logging_mixin.py:190} INFO - [2025-11-09T21:41:42.386+0000] {dag.py:4180} INFO - Setting next_dagrun for example_branch_labels to 2025-11-08 00:00:00+00:00, run_after=2025-11-09 00:00:00+00:00
[2025-11-09T21:41:42.428+0000] {processor.py:208} INFO - Processing /home/airflow/.local/lib/python3.12/site-packages/airflow/example_dags/example_branch_labels.py took 0.208 seconds
[2025-11-09T21:42:13.335+0000] {processor.py:186} INFO - Started process (PID=4345) to work on /home/airflow/.local/lib/python3.12/site-packages/airflow/example_dags/example_branch_labels.py
[2025-11-09T21:42:13.339+0000] {processor.py:914} INFO - Processing file /home/airflow/.local/lib/python3.12/site-packages/airflow/example_dags/example_branch_labels.py for tasks to queue
[2025-11-09T21:42:13.347+0000] {logging_mixin.py:190} INFO - [2025-11-09T21:42:13.345+0000] {dagbag.py:588} INFO - Filling up the DagBag from /home/airflow/.local/lib/python3.12/site-packages/airflow/example_dags/example_branch_labels.py
[2025-11-09T21:42:13.379+0000] {processor.py:925} INFO - DAG(s) 'example_branch_labels' retrieved from /home/airflow/.local/lib/python3.12/site-packages/airflow/example_dags/example_branch_labels.py
[2025-11-09T21:42:13.429+0000] {logging_mixin.py:190} INFO - [2025-11-09T21:42:13.429+0000] {dag.py:3239} INFO - Sync 1 DAGs
[2025-11-09T21:42:13.479+0000] {logging_mixin.py:190} INFO - [2025-11-09T21:42:13.478+0000] {dag.py:4180} INFO - Setting next_dagrun for example_branch_labels to 2025-11-08 00:00:00+00:00, run_after=2025-11-09 00:00:00+00:00
[2025-11-09T21:42:13.514+0000] {processor.py:208} INFO - Processing /home/airflow/.local/lib/python3.12/site-packages/airflow/example_dags/example_branch_labels.py took 0.196 seconds
[2025-11-09T21:42:44.104+0000] {processor.py:186} INFO - Started process (PID=4410) to work on /home/airflow/.local/lib/python3.12/site-packages/airflow/example_dags/example_branch_labels.py
[2025-11-09T21:42:44.106+0000] {processor.py:914} INFO - Processing file /home/airflow/.local/lib/python3.12/site-packages/airflow/example_dags/example_branch_labels.py for tasks to queue
[2025-11-09T21:42:44.112+0000] {logging_mixin.py:190} INFO - [2025-11-09T21:42:44.111+0000] {dagbag.py:588} INFO - Filling up the DagBag from /home/airflow/.local/lib/python3.12/site-packages/airflow/example_dags/example_branch_labels.py
[2025-11-09T21:42:44.130+0000] {processor.py:925} INFO - DAG(s) 'example_branch_labels' retrieved from /home/airflow/.local/lib/python3.12/site-packages/airflow/example_dags/example_branch_labels.py
[2025-11-09T21:42:44.164+0000] {logging_mixin.py:190} INFO - [2025-11-09T21:42:44.164+0000] {dag.py:3239} INFO - Sync 1 DAGs
[2025-11-09T21:42:44.201+0000] {logging_mixin.py:190} INFO - [2025-11-09T21:42:44.201+0000] {dag.py:4180} INFO - Setting next_dagrun for example_branch_labels to 2025-11-08 00:00:00+00:00, run_after=2025-11-09 00:00:00+00:00
[2025-11-09T21:42:44.231+0000] {processor.py:208} INFO - Processing /home/airflow/.local/lib/python3.12/site-packages/airflow/example_dags/example_branch_labels.py took 0.138 seconds
[2025-11-09T21:43:14.829+0000] {processor.py:186} INFO - Started process (PID=4474) to work on /home/airflow/.local/lib/python3.12/site-packages/airflow/example_dags/example_branch_labels.py
[2025-11-09T21:43:14.831+0000] {processor.py:914} INFO - Processing file /home/airflow/.local/lib/python3.12/site-packages/airflow/example_dags/example_branch_labels.py for tasks to queue
[2025-11-09T21:43:14.836+0000] {logging_mixin.py:190} INFO - [2025-11-09T21:43:14.836+0000] {dagbag.py:588} INFO - Filling up the DagBag from /home/airflow/.local/lib/python3.12/site-packages/airflow/example_dags/example_branch_labels.py
[2025-11-09T21:43:14.858+0000] {processor.py:925} INFO - DAG(s) 'example_branch_labels' retrieved from /home/airflow/.local/lib/python3.12/site-packages/airflow/example_dags/example_branch_labels.py
[2025-11-09T21:43:14.895+0000] {logging_mixin.py:190} INFO - [2025-11-09T21:43:14.895+0000] {dag.py:3239} INFO - Sync 1 DAGs
[2025-11-09T21:43:14.933+0000] {logging_mixin.py:190} INFO - [2025-11-09T21:43:14.933+0000] {dag.py:4180} INFO - Setting next_dagrun for example_branch_labels to 2025-11-08 00:00:00+00:00, run_after=2025-11-09 00:00:00+00:00
[2025-11-09T21:43:14.959+0000] {processor.py:208} INFO - Processing /home/airflow/.local/lib/python3.12/site-packages/airflow/example_dags/example_branch_labels.py took 0.140 seconds
[2025-11-09T21:43:45.341+0000] {processor.py:186} INFO - Started process (PID=4538) to work on /home/airflow/.local/lib/python3.12/site-packages/airflow/example_dags/example_branch_labels.py
[2025-11-09T21:43:45.344+0000] {processor.py:914} INFO - Processing file /home/airflow/.local/lib/python3.12/site-packages/airflow/example_dags/example_branch_labels.py for tasks to queue
[2025-11-09T21:43:45.350+0000] {logging_mixin.py:190} INFO - [2025-11-09T21:43:45.349+0000] {dagbag.py:588} INFO - Filling up the DagBag from /home/airflow/.local/lib/python3.12/site-packages/airflow/example_dags/example_branch_labels.py
[2025-11-09T21:43:45.374+0000] {processor.py:925} INFO - DAG(s) 'example_branch_labels' retrieved from /home/airflow/.local/lib/python3.12/site-packages/airflow/example_dags/example_branch_labels.py
[2025-11-09T21:43:45.421+0000] {logging_mixin.py:190} INFO - [2025-11-09T21:43:45.420+0000] {dag.py:3239} INFO - Sync 1 DAGs
[2025-11-09T21:43:45.475+0000] {logging_mixin.py:190} INFO - [2025-11-09T21:43:45.475+0000] {dag.py:4180} INFO - Setting next_dagrun for example_branch_labels to 2025-11-08 00:00:00+00:00, run_after=2025-11-09 00:00:00+00:00
[2025-11-09T21:43:45.508+0000] {processor.py:208} INFO - Processing /home/airflow/.local/lib/python3.12/site-packages/airflow/example_dags/example_branch_labels.py took 0.181 seconds
[2025-11-09T21:44:16.246+0000] {processor.py:186} INFO - Started process (PID=4601) to work on /home/airflow/.local/lib/python3.12/site-packages/airflow/example_dags/example_branch_labels.py
[2025-11-09T21:44:16.248+0000] {processor.py:914} INFO - Processing file /home/airflow/.local/lib/python3.12/site-packages/airflow/example_dags/example_branch_labels.py for tasks to queue
[2025-11-09T21:44:16.254+0000] {logging_mixin.py:190} INFO - [2025-11-09T21:44:16.253+0000] {dagbag.py:588} INFO - Filling up the DagBag from /home/airflow/.local/lib/python3.12/site-packages/airflow/example_dags/example_branch_labels.py
[2025-11-09T21:44:16.271+0000] {processor.py:925} INFO - DAG(s) 'example_branch_labels' retrieved from /home/airflow/.local/lib/python3.12/site-packages/airflow/example_dags/example_branch_labels.py
[2025-11-09T21:44:16.305+0000] {logging_mixin.py:190} INFO - [2025-11-09T21:44:16.305+0000] {dag.py:3239} INFO - Sync 1 DAGs
[2025-11-09T21:44:16.340+0000] {logging_mixin.py:190} INFO - [2025-11-09T21:44:16.340+0000] {dag.py:4180} INFO - Setting next_dagrun for example_branch_labels to 2025-11-08 00:00:00+00:00, run_after=2025-11-09 00:00:00+00:00
[2025-11-09T21:44:16.366+0000] {processor.py:208} INFO - Processing /home/airflow/.local/lib/python3.12/site-packages/airflow/example_dags/example_branch_labels.py took 0.133 seconds
[2025-11-09T21:44:47.062+0000] {processor.py:186} INFO - Started process (PID=4666) to work on /home/airflow/.local/lib/python3.12/site-packages/airflow/example_dags/example_branch_labels.py
[2025-11-09T21:44:47.063+0000] {processor.py:914} INFO - Processing file /home/airflow/.local/lib/python3.12/site-packages/airflow/example_dags/example_branch_labels.py for tasks to queue
[2025-11-09T21:44:47.069+0000] {logging_mixin.py:190} INFO - [2025-11-09T21:44:47.068+0000] {dagbag.py:588} INFO - Filling up the DagBag from /home/airflow/.local/lib/python3.12/site-packages/airflow/example_dags/example_branch_labels.py
[2025-11-09T21:44:47.084+0000] {processor.py:925} INFO - DAG(s) 'example_branch_labels' retrieved from /home/airflow/.local/lib/python3.12/site-packages/airflow/example_dags/example_branch_labels.py
[2025-11-09T21:44:47.119+0000] {logging_mixin.py:190} INFO - [2025-11-09T21:44:47.119+0000] {dag.py:3239} INFO - Sync 1 DAGs
[2025-11-09T21:44:47.166+0000] {logging_mixin.py:190} INFO - [2025-11-09T21:44:47.165+0000] {dag.py:4180} INFO - Setting next_dagrun for example_branch_labels to 2025-11-08 00:00:00+00:00, run_after=2025-11-09 00:00:00+00:00
[2025-11-09T21:44:47.195+0000] {processor.py:208} INFO - Processing /home/airflow/.local/lib/python3.12/site-packages/airflow/example_dags/example_branch_labels.py took 0.143 seconds
[2025-11-09T21:45:17.372+0000] {processor.py:186} INFO - Started process (PID=4730) to work on /home/airflow/.local/lib/python3.12/site-packages/airflow/example_dags/example_branch_labels.py
[2025-11-09T21:45:17.374+0000] {processor.py:914} INFO - Processing file /home/airflow/.local/lib/python3.12/site-packages/airflow/example_dags/example_branch_labels.py for tasks to queue
[2025-11-09T21:45:17.379+0000] {logging_mixin.py:190} INFO - [2025-11-09T21:45:17.378+0000] {dagbag.py:588} INFO - Filling up the DagBag from /home/airflow/.local/lib/python3.12/site-packages/airflow/example_dags/example_branch_labels.py
[2025-11-09T21:45:17.401+0000] {processor.py:925} INFO - DAG(s) 'example_branch_labels' retrieved from /home/airflow/.local/lib/python3.12/site-packages/airflow/example_dags/example_branch_labels.py
[2025-11-09T21:45:17.439+0000] {logging_mixin.py:190} INFO - [2025-11-09T21:45:17.438+0000] {dag.py:3239} INFO - Sync 1 DAGs
[2025-11-09T21:45:17.478+0000] {logging_mixin.py:190} INFO - [2025-11-09T21:45:17.477+0000] {dag.py:4180} INFO - Setting next_dagrun for example_branch_labels to 2025-11-08 00:00:00+00:00, run_after=2025-11-09 00:00:00+00:00
[2025-11-09T21:45:17.507+0000] {processor.py:208} INFO - Processing /home/airflow/.local/lib/python3.12/site-packages/airflow/example_dags/example_branch_labels.py took 0.145 seconds
[2025-11-09T21:45:48.373+0000] {processor.py:186} INFO - Started process (PID=4794) to work on /home/airflow/.local/lib/python3.12/site-packages/airflow/example_dags/example_branch_labels.py
[2025-11-09T21:45:48.376+0000] {processor.py:914} INFO - Processing file /home/airflow/.local/lib/python3.12/site-packages/airflow/example_dags/example_branch_labels.py for tasks to queue
[2025-11-09T21:45:48.382+0000] {logging_mixin.py:190} INFO - [2025-11-09T21:45:48.382+0000] {dagbag.py:588} INFO - Filling up the DagBag from /home/airflow/.local/lib/python3.12/site-packages/airflow/example_dags/example_branch_labels.py
[2025-11-09T21:45:48.413+0000] {processor.py:925} INFO - DAG(s) 'example_branch_labels' retrieved from /home/airflow/.local/lib/python3.12/site-packages/airflow/example_dags/example_branch_labels.py
[2025-11-09T21:45:48.473+0000] {logging_mixin.py:190} INFO - [2025-11-09T21:45:48.472+0000] {dag.py:3239} INFO - Sync 1 DAGs
[2025-11-09T21:45:48.531+0000] {logging_mixin.py:190} INFO - [2025-11-09T21:45:48.531+0000] {dag.py:4180} INFO - Setting next_dagrun for example_branch_labels to 2025-11-08 00:00:00+00:00, run_after=2025-11-09 00:00:00+00:00
[2025-11-09T21:45:48.583+0000] {processor.py:208} INFO - Processing /home/airflow/.local/lib/python3.12/site-packages/airflow/example_dags/example_branch_labels.py took 0.227 seconds
[2025-11-09T21:46:19.076+0000] {processor.py:186} INFO - Started process (PID=4858) to work on /home/airflow/.local/lib/python3.12/site-packages/airflow/example_dags/example_branch_labels.py
[2025-11-09T21:46:19.078+0000] {processor.py:914} INFO - Processing file /home/airflow/.local/lib/python3.12/site-packages/airflow/example_dags/example_branch_labels.py for tasks to queue
[2025-11-09T21:46:19.083+0000] {logging_mixin.py:190} INFO - [2025-11-09T21:46:19.083+0000] {dagbag.py:588} INFO - Filling up the DagBag from /home/airflow/.local/lib/python3.12/site-packages/airflow/example_dags/example_branch_labels.py
[2025-11-09T21:46:19.104+0000] {processor.py:925} INFO - DAG(s) 'example_branch_labels' retrieved from /home/airflow/.local/lib/python3.12/site-packages/airflow/example_dags/example_branch_labels.py
[2025-11-09T21:46:19.144+0000] {logging_mixin.py:190} INFO - [2025-11-09T21:46:19.144+0000] {dag.py:3239} INFO - Sync 1 DAGs
[2025-11-09T21:46:19.179+0000] {logging_mixin.py:190} INFO - [2025-11-09T21:46:19.179+0000] {dag.py:4180} INFO - Setting next_dagrun for example_branch_labels to 2025-11-08 00:00:00+00:00, run_after=2025-11-09 00:00:00+00:00
[2025-11-09T21:46:19.210+0000] {processor.py:208} INFO - Processing /home/airflow/.local/lib/python3.12/site-packages/airflow/example_dags/example_branch_labels.py took 0.146 seconds
[2025-11-09T21:46:50.428+0000] {processor.py:186} INFO - Started process (PID=4922) to work on /home/airflow/.local/lib/python3.12/site-packages/airflow/example_dags/example_branch_labels.py
[2025-11-09T21:46:50.430+0000] {processor.py:914} INFO - Processing file /home/airflow/.local/lib/python3.12/site-packages/airflow/example_dags/example_branch_labels.py for tasks to queue
[2025-11-09T21:46:50.436+0000] {logging_mixin.py:190} INFO - [2025-11-09T21:46:50.435+0000] {dagbag.py:588} INFO - Filling up the DagBag from /home/airflow/.local/lib/python3.12/site-packages/airflow/example_dags/example_branch_labels.py
[2025-11-09T21:46:50.461+0000] {processor.py:925} INFO - DAG(s) 'example_branch_labels' retrieved from /home/airflow/.local/lib/python3.12/site-packages/airflow/example_dags/example_branch_labels.py
[2025-11-09T21:46:50.504+0000] {logging_mixin.py:190} INFO - [2025-11-09T21:46:50.504+0000] {dag.py:3239} INFO - Sync 1 DAGs
[2025-11-09T21:46:50.555+0000] {logging_mixin.py:190} INFO - [2025-11-09T21:46:50.555+0000] {dag.py:4180} INFO - Setting next_dagrun for example_branch_labels to 2025-11-08 00:00:00+00:00, run_after=2025-11-09 00:00:00+00:00
[2025-11-09T21:46:50.592+0000] {processor.py:208} INFO - Processing /home/airflow/.local/lib/python3.12/site-packages/airflow/example_dags/example_branch_labels.py took 0.178 seconds
[2025-11-09T21:47:21.370+0000] {processor.py:186} INFO - Started process (PID=4986) to work on /home/airflow/.local/lib/python3.12/site-packages/airflow/example_dags/example_branch_labels.py
[2025-11-09T21:47:21.372+0000] {processor.py:914} INFO - Processing file /home/airflow/.local/lib/python3.12/site-packages/airflow/example_dags/example_branch_labels.py for tasks to queue
[2025-11-09T21:47:21.378+0000] {logging_mixin.py:190} INFO - [2025-11-09T21:47:21.377+0000] {dagbag.py:588} INFO - Filling up the DagBag from /home/airflow/.local/lib/python3.12/site-packages/airflow/example_dags/example_branch_labels.py
[2025-11-09T21:47:21.401+0000] {processor.py:925} INFO - DAG(s) 'example_branch_labels' retrieved from /home/airflow/.local/lib/python3.12/site-packages/airflow/example_dags/example_branch_labels.py
[2025-11-09T21:47:21.441+0000] {logging_mixin.py:190} INFO - [2025-11-09T21:47:21.440+0000] {dag.py:3239} INFO - Sync 1 DAGs
[2025-11-09T21:47:21.486+0000] {logging_mixin.py:190} INFO - [2025-11-09T21:47:21.485+0000] {dag.py:4180} INFO - Setting next_dagrun for example_branch_labels to 2025-11-08 00:00:00+00:00, run_after=2025-11-09 00:00:00+00:00
[2025-11-09T21:47:21.521+0000] {processor.py:208} INFO - Processing /home/airflow/.local/lib/python3.12/site-packages/airflow/example_dags/example_branch_labels.py took 0.162 seconds
[2025-11-09T21:47:52.386+0000] {processor.py:186} INFO - Started process (PID=5049) to work on /home/airflow/.local/lib/python3.12/site-packages/airflow/example_dags/example_branch_labels.py
[2025-11-09T21:47:52.389+0000] {processor.py:914} INFO - Processing file /home/airflow/.local/lib/python3.12/site-packages/airflow/example_dags/example_branch_labels.py for tasks to queue
[2025-11-09T21:47:52.400+0000] {logging_mixin.py:190} INFO - [2025-11-09T21:47:52.399+0000] {dagbag.py:588} INFO - Filling up the DagBag from /home/airflow/.local/lib/python3.12/site-packages/airflow/example_dags/example_branch_labels.py
[2025-11-09T21:47:52.433+0000] {processor.py:925} INFO - DAG(s) 'example_branch_labels' retrieved from /home/airflow/.local/lib/python3.12/site-packages/airflow/example_dags/example_branch_labels.py
[2025-11-09T21:47:52.506+0000] {logging_mixin.py:190} INFO - [2025-11-09T21:47:52.505+0000] {dag.py:3239} INFO - Sync 1 DAGs
[2025-11-09T21:47:52.609+0000] {logging_mixin.py:190} INFO - [2025-11-09T21:47:52.609+0000] {dag.py:4180} INFO - Setting next_dagrun for example_branch_labels to 2025-11-08 00:00:00+00:00, run_after=2025-11-09 00:00:00+00:00
[2025-11-09T21:47:52.684+0000] {processor.py:208} INFO - Processing /home/airflow/.local/lib/python3.12/site-packages/airflow/example_dags/example_branch_labels.py took 0.321 seconds
[2025-11-09T21:48:23.498+0000] {processor.py:186} INFO - Started process (PID=5113) to work on /home/airflow/.local/lib/python3.12/site-packages/airflow/example_dags/example_branch_labels.py
[2025-11-09T21:48:23.501+0000] {processor.py:914} INFO - Processing file /home/airflow/.local/lib/python3.12/site-packages/airflow/example_dags/example_branch_labels.py for tasks to queue
[2025-11-09T21:48:23.509+0000] {logging_mixin.py:190} INFO - [2025-11-09T21:48:23.508+0000] {dagbag.py:588} INFO - Filling up the DagBag from /home/airflow/.local/lib/python3.12/site-packages/airflow/example_dags/example_branch_labels.py
[2025-11-09T21:48:23.536+0000] {processor.py:925} INFO - DAG(s) 'example_branch_labels' retrieved from /home/airflow/.local/lib/python3.12/site-packages/airflow/example_dags/example_branch_labels.py
[2025-11-09T21:48:23.593+0000] {logging_mixin.py:190} INFO - [2025-11-09T21:48:23.592+0000] {dag.py:3239} INFO - Sync 1 DAGs
[2025-11-09T21:48:23.641+0000] {logging_mixin.py:190} INFO - [2025-11-09T21:48:23.641+0000] {dag.py:4180} INFO - Setting next_dagrun for example_branch_labels to 2025-11-08 00:00:00+00:00, run_after=2025-11-09 00:00:00+00:00
[2025-11-09T21:48:23.681+0000] {processor.py:208} INFO - Processing /home/airflow/.local/lib/python3.12/site-packages/airflow/example_dags/example_branch_labels.py took 0.205 seconds
[2025-11-09T21:48:54.654+0000] {processor.py:186} INFO - Started process (PID=5177) to work on /home/airflow/.local/lib/python3.12/site-packages/airflow/example_dags/example_branch_labels.py
[2025-11-09T21:48:54.656+0000] {processor.py:914} INFO - Processing file /home/airflow/.local/lib/python3.12/site-packages/airflow/example_dags/example_branch_labels.py for tasks to queue
[2025-11-09T21:48:54.663+0000] {logging_mixin.py:190} INFO - [2025-11-09T21:48:54.662+0000] {dagbag.py:588} INFO - Filling up the DagBag from /home/airflow/.local/lib/python3.12/site-packages/airflow/example_dags/example_branch_labels.py
[2025-11-09T21:48:54.689+0000] {processor.py:925} INFO - DAG(s) 'example_branch_labels' retrieved from /home/airflow/.local/lib/python3.12/site-packages/airflow/example_dags/example_branch_labels.py
[2025-11-09T21:48:54.738+0000] {logging_mixin.py:190} INFO - [2025-11-09T21:48:54.738+0000] {dag.py:3239} INFO - Sync 1 DAGs
[2025-11-09T21:48:54.796+0000] {logging_mixin.py:190} INFO - [2025-11-09T21:48:54.796+0000] {dag.py:4180} INFO - Setting next_dagrun for example_branch_labels to 2025-11-08 00:00:00+00:00, run_after=2025-11-09 00:00:00+00:00
[2025-11-09T21:48:54.837+0000] {processor.py:208} INFO - Processing /home/airflow/.local/lib/python3.12/site-packages/airflow/example_dags/example_branch_labels.py took 0.197 seconds
[2025-11-09T21:49:26.115+0000] {processor.py:186} INFO - Started process (PID=5241) to work on /home/airflow/.local/lib/python3.12/site-packages/airflow/example_dags/example_branch_labels.py
[2025-11-09T21:49:26.117+0000] {processor.py:914} INFO - Processing file /home/airflow/.local/lib/python3.12/site-packages/airflow/example_dags/example_branch_labels.py for tasks to queue
[2025-11-09T21:49:26.123+0000] {logging_mixin.py:190} INFO - [2025-11-09T21:49:26.122+0000] {dagbag.py:588} INFO - Filling up the DagBag from /home/airflow/.local/lib/python3.12/site-packages/airflow/example_dags/example_branch_labels.py
[2025-11-09T21:49:26.146+0000] {processor.py:925} INFO - DAG(s) 'example_branch_labels' retrieved from /home/airflow/.local/lib/python3.12/site-packages/airflow/example_dags/example_branch_labels.py
[2025-11-09T21:49:26.188+0000] {logging_mixin.py:190} INFO - [2025-11-09T21:49:26.188+0000] {dag.py:3239} INFO - Sync 1 DAGs
[2025-11-09T21:49:26.247+0000] {logging_mixin.py:190} INFO - [2025-11-09T21:49:26.247+0000] {dag.py:4180} INFO - Setting next_dagrun for example_branch_labels to 2025-11-08 00:00:00+00:00, run_after=2025-11-09 00:00:00+00:00
[2025-11-09T21:49:26.281+0000] {processor.py:208} INFO - Processing /home/airflow/.local/lib/python3.12/site-packages/airflow/example_dags/example_branch_labels.py took 0.182 seconds
[2025-11-09T21:49:59.549+0000] {processor.py:186} INFO - Started process (PID=5306) to work on /home/airflow/.local/lib/python3.12/site-packages/airflow/example_dags/example_branch_labels.py
[2025-11-09T21:49:59.552+0000] {processor.py:914} INFO - Processing file /home/airflow/.local/lib/python3.12/site-packages/airflow/example_dags/example_branch_labels.py for tasks to queue
[2025-11-09T21:49:59.558+0000] {logging_mixin.py:190} INFO - [2025-11-09T21:49:59.557+0000] {dagbag.py:588} INFO - Filling up the DagBag from /home/airflow/.local/lib/python3.12/site-packages/airflow/example_dags/example_branch_labels.py
[2025-11-09T21:49:59.584+0000] {processor.py:925} INFO - DAG(s) 'example_branch_labels' retrieved from /home/airflow/.local/lib/python3.12/site-packages/airflow/example_dags/example_branch_labels.py
[2025-11-09T21:49:59.637+0000] {logging_mixin.py:190} INFO - [2025-11-09T21:49:59.637+0000] {dag.py:3239} INFO - Sync 1 DAGs
[2025-11-09T21:49:59.699+0000] {logging_mixin.py:190} INFO - [2025-11-09T21:49:59.699+0000] {dag.py:4180} INFO - Setting next_dagrun for example_branch_labels to 2025-11-08 00:00:00+00:00, run_after=2025-11-09 00:00:00+00:00
[2025-11-09T21:49:59.736+0000] {processor.py:208} INFO - Processing /home/airflow/.local/lib/python3.12/site-packages/airflow/example_dags/example_branch_labels.py took 0.203 seconds
[2025-11-09T21:50:30.943+0000] {processor.py:186} INFO - Started process (PID=5377) to work on /home/airflow/.local/lib/python3.12/site-packages/airflow/example_dags/example_branch_labels.py
[2025-11-09T21:50:30.945+0000] {processor.py:914} INFO - Processing file /home/airflow/.local/lib/python3.12/site-packages/airflow/example_dags/example_branch_labels.py for tasks to queue
[2025-11-09T21:50:30.950+0000] {logging_mixin.py:190} INFO - [2025-11-09T21:50:30.949+0000] {dagbag.py:588} INFO - Filling up the DagBag from /home/airflow/.local/lib/python3.12/site-packages/airflow/example_dags/example_branch_labels.py
[2025-11-09T21:50:30.976+0000] {processor.py:925} INFO - DAG(s) 'example_branch_labels' retrieved from /home/airflow/.local/lib/python3.12/site-packages/airflow/example_dags/example_branch_labels.py
[2025-11-09T21:50:31.023+0000] {logging_mixin.py:190} INFO - [2025-11-09T21:50:31.023+0000] {dag.py:3239} INFO - Sync 1 DAGs
[2025-11-09T21:50:31.083+0000] {logging_mixin.py:190} INFO - [2025-11-09T21:50:31.083+0000] {dag.py:4180} INFO - Setting next_dagrun for example_branch_labels to 2025-11-08 00:00:00+00:00, run_after=2025-11-09 00:00:00+00:00
[2025-11-09T21:50:31.115+0000] {processor.py:208} INFO - Processing /home/airflow/.local/lib/python3.12/site-packages/airflow/example_dags/example_branch_labels.py took 0.188 seconds
[2025-11-09T21:51:01.214+0000] {processor.py:186} INFO - Started process (PID=5440) to work on /home/airflow/.local/lib/python3.12/site-packages/airflow/example_dags/example_branch_labels.py
[2025-11-09T21:51:01.217+0000] {processor.py:914} INFO - Processing file /home/airflow/.local/lib/python3.12/site-packages/airflow/example_dags/example_branch_labels.py for tasks to queue
[2025-11-09T21:51:01.224+0000] {logging_mixin.py:190} INFO - [2025-11-09T21:51:01.223+0000] {dagbag.py:588} INFO - Filling up the DagBag from /home/airflow/.local/lib/python3.12/site-packages/airflow/example_dags/example_branch_labels.py
[2025-11-09T21:51:01.249+0000] {processor.py:925} INFO - DAG(s) 'example_branch_labels' retrieved from /home/airflow/.local/lib/python3.12/site-packages/airflow/example_dags/example_branch_labels.py
[2025-11-09T21:51:01.322+0000] {logging_mixin.py:190} INFO - [2025-11-09T21:51:01.322+0000] {dag.py:3239} INFO - Sync 1 DAGs
[2025-11-09T21:51:01.408+0000] {logging_mixin.py:190} INFO - [2025-11-09T21:51:01.407+0000] {dag.py:4180} INFO - Setting next_dagrun for example_branch_labels to 2025-11-08 00:00:00+00:00, run_after=2025-11-09 00:00:00+00:00
[2025-11-09T21:51:01.457+0000] {processor.py:208} INFO - Processing /home/airflow/.local/lib/python3.12/site-packages/airflow/example_dags/example_branch_labels.py took 0.258 seconds
[2025-11-09T21:51:32.327+0000] {processor.py:186} INFO - Started process (PID=5503) to work on /home/airflow/.local/lib/python3.12/site-packages/airflow/example_dags/example_branch_labels.py
[2025-11-09T21:51:32.329+0000] {processor.py:914} INFO - Processing file /home/airflow/.local/lib/python3.12/site-packages/airflow/example_dags/example_branch_labels.py for tasks to queue
[2025-11-09T21:51:32.334+0000] {logging_mixin.py:190} INFO - [2025-11-09T21:51:32.333+0000] {dagbag.py:588} INFO - Filling up the DagBag from /home/airflow/.local/lib/python3.12/site-packages/airflow/example_dags/example_branch_labels.py
[2025-11-09T21:51:32.354+0000] {processor.py:925} INFO - DAG(s) 'example_branch_labels' retrieved from /home/airflow/.local/lib/python3.12/site-packages/airflow/example_dags/example_branch_labels.py
[2025-11-09T21:51:32.396+0000] {logging_mixin.py:190} INFO - [2025-11-09T21:51:32.395+0000] {dag.py:3239} INFO - Sync 1 DAGs
[2025-11-09T21:51:32.441+0000] {logging_mixin.py:190} INFO - [2025-11-09T21:51:32.441+0000] {dag.py:4180} INFO - Setting next_dagrun for example_branch_labels to 2025-11-08 00:00:00+00:00, run_after=2025-11-09 00:00:00+00:00
[2025-11-09T21:51:32.475+0000] {processor.py:208} INFO - Processing /home/airflow/.local/lib/python3.12/site-packages/airflow/example_dags/example_branch_labels.py took 0.159 seconds
[2025-11-09T21:52:03.065+0000] {processor.py:186} INFO - Started process (PID=5568) to work on /home/airflow/.local/lib/python3.12/site-packages/airflow/example_dags/example_branch_labels.py
[2025-11-09T21:52:03.068+0000] {processor.py:914} INFO - Processing file /home/airflow/.local/lib/python3.12/site-packages/airflow/example_dags/example_branch_labels.py for tasks to queue
[2025-11-09T21:52:03.073+0000] {logging_mixin.py:190} INFO - [2025-11-09T21:52:03.072+0000] {dagbag.py:588} INFO - Filling up the DagBag from /home/airflow/.local/lib/python3.12/site-packages/airflow/example_dags/example_branch_labels.py
[2025-11-09T21:52:03.095+0000] {processor.py:925} INFO - DAG(s) 'example_branch_labels' retrieved from /home/airflow/.local/lib/python3.12/site-packages/airflow/example_dags/example_branch_labels.py
[2025-11-09T21:52:03.133+0000] {logging_mixin.py:190} INFO - [2025-11-09T21:52:03.133+0000] {dag.py:3239} INFO - Sync 1 DAGs
[2025-11-09T21:52:03.178+0000] {logging_mixin.py:190} INFO - [2025-11-09T21:52:03.178+0000] {dag.py:4180} INFO - Setting next_dagrun for example_branch_labels to 2025-11-08 00:00:00+00:00, run_after=2025-11-09 00:00:00+00:00
[2025-11-09T21:52:03.214+0000] {processor.py:208} INFO - Processing /home/airflow/.local/lib/python3.12/site-packages/airflow/example_dags/example_branch_labels.py took 0.163 seconds
[2025-11-09T21:52:34.136+0000] {processor.py:186} INFO - Started process (PID=5632) to work on /home/airflow/.local/lib/python3.12/site-packages/airflow/example_dags/example_branch_labels.py
[2025-11-09T21:52:34.138+0000] {processor.py:914} INFO - Processing file /home/airflow/.local/lib/python3.12/site-packages/airflow/example_dags/example_branch_labels.py for tasks to queue
[2025-11-09T21:52:34.144+0000] {logging_mixin.py:190} INFO - [2025-11-09T21:52:34.143+0000] {dagbag.py:588} INFO - Filling up the DagBag from /home/airflow/.local/lib/python3.12/site-packages/airflow/example_dags/example_branch_labels.py
[2025-11-09T21:52:34.165+0000] {processor.py:925} INFO - DAG(s) 'example_branch_labels' retrieved from /home/airflow/.local/lib/python3.12/site-packages/airflow/example_dags/example_branch_labels.py
[2025-11-09T21:52:34.204+0000] {logging_mixin.py:190} INFO - [2025-11-09T21:52:34.203+0000] {dag.py:3239} INFO - Sync 1 DAGs
[2025-11-09T21:52:34.246+0000] {logging_mixin.py:190} INFO - [2025-11-09T21:52:34.246+0000] {dag.py:4180} INFO - Setting next_dagrun for example_branch_labels to 2025-11-08 00:00:00+00:00, run_after=2025-11-09 00:00:00+00:00
[2025-11-09T21:52:34.277+0000] {processor.py:208} INFO - Processing /home/airflow/.local/lib/python3.12/site-packages/airflow/example_dags/example_branch_labels.py took 0.151 seconds
[2025-11-09T21:53:04.652+0000] {processor.py:186} INFO - Started process (PID=5696) to work on /home/airflow/.local/lib/python3.12/site-packages/airflow/example_dags/example_branch_labels.py
[2025-11-09T21:53:04.656+0000] {processor.py:914} INFO - Processing file /home/airflow/.local/lib/python3.12/site-packages/airflow/example_dags/example_branch_labels.py for tasks to queue
[2025-11-09T21:53:04.664+0000] {logging_mixin.py:190} INFO - [2025-11-09T21:53:04.663+0000] {dagbag.py:588} INFO - Filling up the DagBag from /home/airflow/.local/lib/python3.12/site-packages/airflow/example_dags/example_branch_labels.py
[2025-11-09T21:53:04.698+0000] {processor.py:925} INFO - DAG(s) 'example_branch_labels' retrieved from /home/airflow/.local/lib/python3.12/site-packages/airflow/example_dags/example_branch_labels.py
[2025-11-09T21:53:04.774+0000] {logging_mixin.py:190} INFO - [2025-11-09T21:53:04.773+0000] {dag.py:3239} INFO - Sync 1 DAGs
[2025-11-09T21:53:04.862+0000] {logging_mixin.py:190} INFO - [2025-11-09T21:53:04.861+0000] {dag.py:4180} INFO - Setting next_dagrun for example_branch_labels to 2025-11-08 00:00:00+00:00, run_after=2025-11-09 00:00:00+00:00
[2025-11-09T21:53:04.922+0000] {processor.py:208} INFO - Processing /home/airflow/.local/lib/python3.12/site-packages/airflow/example_dags/example_branch_labels.py took 0.288 seconds
[2025-11-09T21:53:35.587+0000] {processor.py:186} INFO - Started process (PID=5760) to work on /home/airflow/.local/lib/python3.12/site-packages/airflow/example_dags/example_branch_labels.py
[2025-11-09T21:53:35.589+0000] {processor.py:914} INFO - Processing file /home/airflow/.local/lib/python3.12/site-packages/airflow/example_dags/example_branch_labels.py for tasks to queue
[2025-11-09T21:53:35.594+0000] {logging_mixin.py:190} INFO - [2025-11-09T21:53:35.593+0000] {dagbag.py:588} INFO - Filling up the DagBag from /home/airflow/.local/lib/python3.12/site-packages/airflow/example_dags/example_branch_labels.py
[2025-11-09T21:53:35.622+0000] {processor.py:925} INFO - DAG(s) 'example_branch_labels' retrieved from /home/airflow/.local/lib/python3.12/site-packages/airflow/example_dags/example_branch_labels.py
[2025-11-09T21:53:35.679+0000] {logging_mixin.py:190} INFO - [2025-11-09T21:53:35.678+0000] {dag.py:3239} INFO - Sync 1 DAGs
[2025-11-09T21:53:35.744+0000] {logging_mixin.py:190} INFO - [2025-11-09T21:53:35.744+0000] {dag.py:4180} INFO - Setting next_dagrun for example_branch_labels to 2025-11-08 00:00:00+00:00, run_after=2025-11-09 00:00:00+00:00
[2025-11-09T21:53:35.802+0000] {processor.py:208} INFO - Processing /home/airflow/.local/lib/python3.12/site-packages/airflow/example_dags/example_branch_labels.py took 0.233 seconds
[2025-11-09T21:54:06.439+0000] {processor.py:186} INFO - Started process (PID=5823) to work on /home/airflow/.local/lib/python3.12/site-packages/airflow/example_dags/example_branch_labels.py
[2025-11-09T21:54:06.442+0000] {processor.py:914} INFO - Processing file /home/airflow/.local/lib/python3.12/site-packages/airflow/example_dags/example_branch_labels.py for tasks to queue
[2025-11-09T21:54:06.450+0000] {logging_mixin.py:190} INFO - [2025-11-09T21:54:06.448+0000] {dagbag.py:588} INFO - Filling up the DagBag from /home/airflow/.local/lib/python3.12/site-packages/airflow/example_dags/example_branch_labels.py
[2025-11-09T21:54:06.492+0000] {processor.py:925} INFO - DAG(s) 'example_branch_labels' retrieved from /home/airflow/.local/lib/python3.12/site-packages/airflow/example_dags/example_branch_labels.py
[2025-11-09T21:54:06.598+0000] {logging_mixin.py:190} INFO - [2025-11-09T21:54:06.597+0000] {dag.py:3239} INFO - Sync 1 DAGs
[2025-11-09T21:54:06.715+0000] {logging_mixin.py:190} INFO - [2025-11-09T21:54:06.714+0000] {dag.py:4180} INFO - Setting next_dagrun for example_branch_labels to 2025-11-08 00:00:00+00:00, run_after=2025-11-09 00:00:00+00:00
[2025-11-09T21:54:06.792+0000] {processor.py:208} INFO - Processing /home/airflow/.local/lib/python3.12/site-packages/airflow/example_dags/example_branch_labels.py took 0.373 seconds
[2025-11-09T21:54:37.526+0000] {processor.py:186} INFO - Started process (PID=5887) to work on /home/airflow/.local/lib/python3.12/site-packages/airflow/example_dags/example_branch_labels.py
[2025-11-09T21:54:37.528+0000] {processor.py:914} INFO - Processing file /home/airflow/.local/lib/python3.12/site-packages/airflow/example_dags/example_branch_labels.py for tasks to queue
[2025-11-09T21:54:37.534+0000] {logging_mixin.py:190} INFO - [2025-11-09T21:54:37.533+0000] {dagbag.py:588} INFO - Filling up the DagBag from /home/airflow/.local/lib/python3.12/site-packages/airflow/example_dags/example_branch_labels.py
[2025-11-09T21:54:37.553+0000] {processor.py:925} INFO - DAG(s) 'example_branch_labels' retrieved from /home/airflow/.local/lib/python3.12/site-packages/airflow/example_dags/example_branch_labels.py
[2025-11-09T21:54:37.597+0000] {logging_mixin.py:190} INFO - [2025-11-09T21:54:37.596+0000] {dag.py:3239} INFO - Sync 1 DAGs
[2025-11-09T21:54:37.644+0000] {logging_mixin.py:190} INFO - [2025-11-09T21:54:37.643+0000] {dag.py:4180} INFO - Setting next_dagrun for example_branch_labels to 2025-11-08 00:00:00+00:00, run_after=2025-11-09 00:00:00+00:00
[2025-11-09T21:54:37.680+0000] {processor.py:208} INFO - Processing /home/airflow/.local/lib/python3.12/site-packages/airflow/example_dags/example_branch_labels.py took 0.165 seconds
[2025-11-09T21:55:07.927+0000] {processor.py:186} INFO - Started process (PID=5951) to work on /home/airflow/.local/lib/python3.12/site-packages/airflow/example_dags/example_branch_labels.py
[2025-11-09T21:55:07.931+0000] {processor.py:914} INFO - Processing file /home/airflow/.local/lib/python3.12/site-packages/airflow/example_dags/example_branch_labels.py for tasks to queue
[2025-11-09T21:55:07.939+0000] {logging_mixin.py:190} INFO - [2025-11-09T21:55:07.938+0000] {dagbag.py:588} INFO - Filling up the DagBag from /home/airflow/.local/lib/python3.12/site-packages/airflow/example_dags/example_branch_labels.py
[2025-11-09T21:55:07.976+0000] {processor.py:925} INFO - DAG(s) 'example_branch_labels' retrieved from /home/airflow/.local/lib/python3.12/site-packages/airflow/example_dags/example_branch_labels.py
[2025-11-09T21:55:08.054+0000] {logging_mixin.py:190} INFO - [2025-11-09T21:55:08.052+0000] {dag.py:3239} INFO - Sync 1 DAGs
[2025-11-09T21:55:08.206+0000] {logging_mixin.py:190} INFO - [2025-11-09T21:55:08.206+0000] {dag.py:4180} INFO - Setting next_dagrun for example_branch_labels to 2025-11-08 00:00:00+00:00, run_after=2025-11-09 00:00:00+00:00
[2025-11-09T21:55:08.290+0000] {processor.py:208} INFO - Processing /home/airflow/.local/lib/python3.12/site-packages/airflow/example_dags/example_branch_labels.py took 0.380 seconds
[2025-11-09T21:55:38.579+0000] {processor.py:186} INFO - Started process (PID=6015) to work on /home/airflow/.local/lib/python3.12/site-packages/airflow/example_dags/example_branch_labels.py
[2025-11-09T21:55:38.583+0000] {processor.py:914} INFO - Processing file /home/airflow/.local/lib/python3.12/site-packages/airflow/example_dags/example_branch_labels.py for tasks to queue
[2025-11-09T21:55:38.597+0000] {logging_mixin.py:190} INFO - [2025-11-09T21:55:38.596+0000] {dagbag.py:588} INFO - Filling up the DagBag from /home/airflow/.local/lib/python3.12/site-packages/airflow/example_dags/example_branch_labels.py
[2025-11-09T21:55:38.652+0000] {processor.py:925} INFO - DAG(s) 'example_branch_labels' retrieved from /home/airflow/.local/lib/python3.12/site-packages/airflow/example_dags/example_branch_labels.py
[2025-11-09T21:55:38.751+0000] {logging_mixin.py:190} INFO - [2025-11-09T21:55:38.750+0000] {dag.py:3239} INFO - Sync 1 DAGs
[2025-11-09T21:55:38.845+0000] {logging_mixin.py:190} INFO - [2025-11-09T21:55:38.845+0000] {dag.py:4180} INFO - Setting next_dagrun for example_branch_labels to 2025-11-08 00:00:00+00:00, run_after=2025-11-09 00:00:00+00:00
[2025-11-09T21:55:38.929+0000] {processor.py:208} INFO - Processing /home/airflow/.local/lib/python3.12/site-packages/airflow/example_dags/example_branch_labels.py took 0.390 seconds
[2025-11-09T21:56:09.191+0000] {processor.py:186} INFO - Started process (PID=6079) to work on /home/airflow/.local/lib/python3.12/site-packages/airflow/example_dags/example_branch_labels.py
[2025-11-09T21:56:09.194+0000] {processor.py:914} INFO - Processing file /home/airflow/.local/lib/python3.12/site-packages/airflow/example_dags/example_branch_labels.py for tasks to queue
[2025-11-09T21:56:09.199+0000] {logging_mixin.py:190} INFO - [2025-11-09T21:56:09.199+0000] {dagbag.py:588} INFO - Filling up the DagBag from /home/airflow/.local/lib/python3.12/site-packages/airflow/example_dags/example_branch_labels.py
[2025-11-09T21:56:09.217+0000] {processor.py:925} INFO - DAG(s) 'example_branch_labels' retrieved from /home/airflow/.local/lib/python3.12/site-packages/airflow/example_dags/example_branch_labels.py
[2025-11-09T21:56:09.258+0000] {logging_mixin.py:190} INFO - [2025-11-09T21:56:09.257+0000] {dag.py:3239} INFO - Sync 1 DAGs
[2025-11-09T21:56:09.301+0000] {logging_mixin.py:190} INFO - [2025-11-09T21:56:09.301+0000] {dag.py:4180} INFO - Setting next_dagrun for example_branch_labels to 2025-11-08 00:00:00+00:00, run_after=2025-11-09 00:00:00+00:00
[2025-11-09T21:56:09.334+0000] {processor.py:208} INFO - Processing /home/airflow/.local/lib/python3.12/site-packages/airflow/example_dags/example_branch_labels.py took 0.153 seconds
[2025-11-09T21:56:39.857+0000] {processor.py:186} INFO - Started process (PID=6143) to work on /home/airflow/.local/lib/python3.12/site-packages/airflow/example_dags/example_branch_labels.py
[2025-11-09T21:56:39.860+0000] {processor.py:914} INFO - Processing file /home/airflow/.local/lib/python3.12/site-packages/airflow/example_dags/example_branch_labels.py for tasks to queue
[2025-11-09T21:56:39.866+0000] {logging_mixin.py:190} INFO - [2025-11-09T21:56:39.865+0000] {dagbag.py:588} INFO - Filling up the DagBag from /home/airflow/.local/lib/python3.12/site-packages/airflow/example_dags/example_branch_labels.py
[2025-11-09T21:56:39.884+0000] {processor.py:925} INFO - DAG(s) 'example_branch_labels' retrieved from /home/airflow/.local/lib/python3.12/site-packages/airflow/example_dags/example_branch_labels.py
[2025-11-09T21:56:39.923+0000] {logging_mixin.py:190} INFO - [2025-11-09T21:56:39.923+0000] {dag.py:3239} INFO - Sync 1 DAGs
[2025-11-09T21:56:39.974+0000] {logging_mixin.py:190} INFO - [2025-11-09T21:56:39.974+0000] {dag.py:4180} INFO - Setting next_dagrun for example_branch_labels to 2025-11-08 00:00:00+00:00, run_after=2025-11-09 00:00:00+00:00
[2025-11-09T21:56:40.008+0000] {processor.py:208} INFO - Processing /home/airflow/.local/lib/python3.12/site-packages/airflow/example_dags/example_branch_labels.py took 0.163 seconds
[2025-11-09T21:57:10.225+0000] {processor.py:186} INFO - Started process (PID=6207) to work on /home/airflow/.local/lib/python3.12/site-packages/airflow/example_dags/example_branch_labels.py
[2025-11-09T21:57:10.227+0000] {processor.py:914} INFO - Processing file /home/airflow/.local/lib/python3.12/site-packages/airflow/example_dags/example_branch_labels.py for tasks to queue
[2025-11-09T21:57:10.234+0000] {logging_mixin.py:190} INFO - [2025-11-09T21:57:10.233+0000] {dagbag.py:588} INFO - Filling up the DagBag from /home/airflow/.local/lib/python3.12/site-packages/airflow/example_dags/example_branch_labels.py
[2025-11-09T21:57:10.268+0000] {processor.py:925} INFO - DAG(s) 'example_branch_labels' retrieved from /home/airflow/.local/lib/python3.12/site-packages/airflow/example_dags/example_branch_labels.py
[2025-11-09T21:57:10.333+0000] {logging_mixin.py:190} INFO - [2025-11-09T21:57:10.332+0000] {dag.py:3239} INFO - Sync 1 DAGs
[2025-11-09T21:57:10.411+0000] {logging_mixin.py:190} INFO - [2025-11-09T21:57:10.410+0000] {dag.py:4180} INFO - Setting next_dagrun for example_branch_labels to 2025-11-08 00:00:00+00:00, run_after=2025-11-09 00:00:00+00:00
[2025-11-09T21:57:10.506+0000] {processor.py:208} INFO - Processing /home/airflow/.local/lib/python3.12/site-packages/airflow/example_dags/example_branch_labels.py took 0.295 seconds
[2025-11-09T21:57:41.520+0000] {processor.py:186} INFO - Started process (PID=6269) to work on /home/airflow/.local/lib/python3.12/site-packages/airflow/example_dags/example_branch_labels.py
[2025-11-09T21:57:41.523+0000] {processor.py:914} INFO - Processing file /home/airflow/.local/lib/python3.12/site-packages/airflow/example_dags/example_branch_labels.py for tasks to queue
[2025-11-09T21:57:41.530+0000] {logging_mixin.py:190} INFO - [2025-11-09T21:57:41.528+0000] {dagbag.py:588} INFO - Filling up the DagBag from /home/airflow/.local/lib/python3.12/site-packages/airflow/example_dags/example_branch_labels.py
[2025-11-09T21:57:41.550+0000] {processor.py:925} INFO - DAG(s) 'example_branch_labels' retrieved from /home/airflow/.local/lib/python3.12/site-packages/airflow/example_dags/example_branch_labels.py
[2025-11-09T21:57:41.590+0000] {logging_mixin.py:190} INFO - [2025-11-09T21:57:41.590+0000] {dag.py:3239} INFO - Sync 1 DAGs
[2025-11-09T21:57:41.627+0000] {logging_mixin.py:190} INFO - [2025-11-09T21:57:41.627+0000] {dag.py:4180} INFO - Setting next_dagrun for example_branch_labels to 2025-11-08 00:00:00+00:00, run_after=2025-11-09 00:00:00+00:00
[2025-11-09T21:57:41.664+0000] {processor.py:208} INFO - Processing /home/airflow/.local/lib/python3.12/site-packages/airflow/example_dags/example_branch_labels.py took 0.156 seconds
[2025-11-09T21:58:12.252+0000] {processor.py:186} INFO - Started process (PID=6333) to work on /home/airflow/.local/lib/python3.12/site-packages/airflow/example_dags/example_branch_labels.py
[2025-11-09T21:58:12.254+0000] {processor.py:914} INFO - Processing file /home/airflow/.local/lib/python3.12/site-packages/airflow/example_dags/example_branch_labels.py for tasks to queue
[2025-11-09T21:58:12.258+0000] {logging_mixin.py:190} INFO - [2025-11-09T21:58:12.258+0000] {dagbag.py:588} INFO - Filling up the DagBag from /home/airflow/.local/lib/python3.12/site-packages/airflow/example_dags/example_branch_labels.py
[2025-11-09T21:58:12.275+0000] {processor.py:925} INFO - DAG(s) 'example_branch_labels' retrieved from /home/airflow/.local/lib/python3.12/site-packages/airflow/example_dags/example_branch_labels.py
[2025-11-09T21:58:12.315+0000] {logging_mixin.py:190} INFO - [2025-11-09T21:58:12.315+0000] {dag.py:3239} INFO - Sync 1 DAGs
[2025-11-09T21:58:12.352+0000] {logging_mixin.py:190} INFO - [2025-11-09T21:58:12.352+0000] {dag.py:4180} INFO - Setting next_dagrun for example_branch_labels to 2025-11-08 00:00:00+00:00, run_after=2025-11-09 00:00:00+00:00
[2025-11-09T21:58:12.380+0000] {processor.py:208} INFO - Processing /home/airflow/.local/lib/python3.12/site-packages/airflow/example_dags/example_branch_labels.py took 0.139 seconds
[2025-11-09T21:58:42.625+0000] {processor.py:186} INFO - Started process (PID=6397) to work on /home/airflow/.local/lib/python3.12/site-packages/airflow/example_dags/example_branch_labels.py
[2025-11-09T21:58:42.629+0000] {processor.py:914} INFO - Processing file /home/airflow/.local/lib/python3.12/site-packages/airflow/example_dags/example_branch_labels.py for tasks to queue
[2025-11-09T21:58:42.638+0000] {logging_mixin.py:190} INFO - [2025-11-09T21:58:42.637+0000] {dagbag.py:588} INFO - Filling up the DagBag from /home/airflow/.local/lib/python3.12/site-packages/airflow/example_dags/example_branch_labels.py
[2025-11-09T21:58:42.673+0000] {processor.py:925} INFO - DAG(s) 'example_branch_labels' retrieved from /home/airflow/.local/lib/python3.12/site-packages/airflow/example_dags/example_branch_labels.py
[2025-11-09T21:58:42.734+0000] {logging_mixin.py:190} INFO - [2025-11-09T21:58:42.733+0000] {dag.py:3239} INFO - Sync 1 DAGs
[2025-11-09T21:58:42.803+0000] {logging_mixin.py:190} INFO - [2025-11-09T21:58:42.803+0000] {dag.py:4180} INFO - Setting next_dagrun for example_branch_labels to 2025-11-08 00:00:00+00:00, run_after=2025-11-09 00:00:00+00:00
[2025-11-09T21:58:42.863+0000] {processor.py:208} INFO - Processing /home/airflow/.local/lib/python3.12/site-packages/airflow/example_dags/example_branch_labels.py took 0.270 seconds
[2025-11-09T21:59:12.951+0000] {processor.py:186} INFO - Started process (PID=6460) to work on /home/airflow/.local/lib/python3.12/site-packages/airflow/example_dags/example_branch_labels.py
[2025-11-09T21:59:12.953+0000] {processor.py:914} INFO - Processing file /home/airflow/.local/lib/python3.12/site-packages/airflow/example_dags/example_branch_labels.py for tasks to queue
[2025-11-09T21:59:12.959+0000] {logging_mixin.py:190} INFO - [2025-11-09T21:59:12.958+0000] {dagbag.py:588} INFO - Filling up the DagBag from /home/airflow/.local/lib/python3.12/site-packages/airflow/example_dags/example_branch_labels.py
[2025-11-09T21:59:12.977+0000] {processor.py:925} INFO - DAG(s) 'example_branch_labels' retrieved from /home/airflow/.local/lib/python3.12/site-packages/airflow/example_dags/example_branch_labels.py
[2025-11-09T21:59:13.017+0000] {logging_mixin.py:190} INFO - [2025-11-09T21:59:13.017+0000] {dag.py:3239} INFO - Sync 1 DAGs
[2025-11-09T21:59:13.058+0000] {logging_mixin.py:190} INFO - [2025-11-09T21:59:13.058+0000] {dag.py:4180} INFO - Setting next_dagrun for example_branch_labels to 2025-11-08 00:00:00+00:00, run_after=2025-11-09 00:00:00+00:00
[2025-11-09T21:59:13.091+0000] {processor.py:208} INFO - Processing /home/airflow/.local/lib/python3.12/site-packages/airflow/example_dags/example_branch_labels.py took 0.152 seconds
[2025-11-09T21:59:43.225+0000] {processor.py:186} INFO - Started process (PID=6523) to work on /home/airflow/.local/lib/python3.12/site-packages/airflow/example_dags/example_branch_labels.py
[2025-11-09T21:59:43.227+0000] {processor.py:914} INFO - Processing file /home/airflow/.local/lib/python3.12/site-packages/airflow/example_dags/example_branch_labels.py for tasks to queue
[2025-11-09T21:59:43.233+0000] {logging_mixin.py:190} INFO - [2025-11-09T21:59:43.232+0000] {dagbag.py:588} INFO - Filling up the DagBag from /home/airflow/.local/lib/python3.12/site-packages/airflow/example_dags/example_branch_labels.py
[2025-11-09T21:59:43.249+0000] {processor.py:925} INFO - DAG(s) 'example_branch_labels' retrieved from /home/airflow/.local/lib/python3.12/site-packages/airflow/example_dags/example_branch_labels.py
[2025-11-09T21:59:43.285+0000] {logging_mixin.py:190} INFO - [2025-11-09T21:59:43.285+0000] {dag.py:3239} INFO - Sync 1 DAGs
[2025-11-09T21:59:43.321+0000] {logging_mixin.py:190} INFO - [2025-11-09T21:59:43.321+0000] {dag.py:4180} INFO - Setting next_dagrun for example_branch_labels to 2025-11-08 00:00:00+00:00, run_after=2025-11-09 00:00:00+00:00
[2025-11-09T21:59:43.346+0000] {processor.py:208} INFO - Processing /home/airflow/.local/lib/python3.12/site-packages/airflow/example_dags/example_branch_labels.py took 0.131 seconds
[2025-11-09T22:00:13.704+0000] {processor.py:186} INFO - Started process (PID=6588) to work on /home/airflow/.local/lib/python3.12/site-packages/airflow/example_dags/example_branch_labels.py
[2025-11-09T22:00:13.706+0000] {processor.py:914} INFO - Processing file /home/airflow/.local/lib/python3.12/site-packages/airflow/example_dags/example_branch_labels.py for tasks to queue
[2025-11-09T22:00:13.710+0000] {logging_mixin.py:190} INFO - [2025-11-09T22:00:13.709+0000] {dagbag.py:588} INFO - Filling up the DagBag from /home/airflow/.local/lib/python3.12/site-packages/airflow/example_dags/example_branch_labels.py
[2025-11-09T22:00:13.725+0000] {processor.py:925} INFO - DAG(s) 'example_branch_labels' retrieved from /home/airflow/.local/lib/python3.12/site-packages/airflow/example_dags/example_branch_labels.py
[2025-11-09T22:00:13.758+0000] {logging_mixin.py:190} INFO - [2025-11-09T22:00:13.758+0000] {dag.py:3239} INFO - Sync 1 DAGs
[2025-11-09T22:00:13.794+0000] {logging_mixin.py:190} INFO - [2025-11-09T22:00:13.794+0000] {dag.py:4180} INFO - Setting next_dagrun for example_branch_labels to 2025-11-08 00:00:00+00:00, run_after=2025-11-09 00:00:00+00:00
[2025-11-09T22:00:13.823+0000] {processor.py:208} INFO - Processing /home/airflow/.local/lib/python3.12/site-packages/airflow/example_dags/example_branch_labels.py took 0.128 seconds
[2025-11-09T22:00:44.368+0000] {processor.py:186} INFO - Started process (PID=6652) to work on /home/airflow/.local/lib/python3.12/site-packages/airflow/example_dags/example_branch_labels.py
[2025-11-09T22:00:44.370+0000] {processor.py:914} INFO - Processing file /home/airflow/.local/lib/python3.12/site-packages/airflow/example_dags/example_branch_labels.py for tasks to queue
[2025-11-09T22:00:44.376+0000] {logging_mixin.py:190} INFO - [2025-11-09T22:00:44.375+0000] {dagbag.py:588} INFO - Filling up the DagBag from /home/airflow/.local/lib/python3.12/site-packages/airflow/example_dags/example_branch_labels.py
[2025-11-09T22:00:44.398+0000] {processor.py:925} INFO - DAG(s) 'example_branch_labels' retrieved from /home/airflow/.local/lib/python3.12/site-packages/airflow/example_dags/example_branch_labels.py
[2025-11-09T22:00:44.439+0000] {logging_mixin.py:190} INFO - [2025-11-09T22:00:44.439+0000] {dag.py:3239} INFO - Sync 1 DAGs
[2025-11-09T22:00:44.483+0000] {logging_mixin.py:190} INFO - [2025-11-09T22:00:44.483+0000] {dag.py:4180} INFO - Setting next_dagrun for example_branch_labels to 2025-11-08 00:00:00+00:00, run_after=2025-11-09 00:00:00+00:00
[2025-11-09T22:00:44.516+0000] {processor.py:208} INFO - Processing /home/airflow/.local/lib/python3.12/site-packages/airflow/example_dags/example_branch_labels.py took 0.161 seconds
[2025-11-09T22:01:15.085+0000] {processor.py:186} INFO - Started process (PID=6716) to work on /home/airflow/.local/lib/python3.12/site-packages/airflow/example_dags/example_branch_labels.py
[2025-11-09T22:01:15.091+0000] {processor.py:914} INFO - Processing file /home/airflow/.local/lib/python3.12/site-packages/airflow/example_dags/example_branch_labels.py for tasks to queue
[2025-11-09T22:01:15.099+0000] {logging_mixin.py:190} INFO - [2025-11-09T22:01:15.098+0000] {dagbag.py:588} INFO - Filling up the DagBag from /home/airflow/.local/lib/python3.12/site-packages/airflow/example_dags/example_branch_labels.py
[2025-11-09T22:01:15.133+0000] {processor.py:925} INFO - DAG(s) 'example_branch_labels' retrieved from /home/airflow/.local/lib/python3.12/site-packages/airflow/example_dags/example_branch_labels.py
[2025-11-09T22:01:15.184+0000] {logging_mixin.py:190} INFO - [2025-11-09T22:01:15.184+0000] {dag.py:3239} INFO - Sync 1 DAGs
[2025-11-09T22:01:15.230+0000] {logging_mixin.py:190} INFO - [2025-11-09T22:01:15.229+0000] {dag.py:4180} INFO - Setting next_dagrun for example_branch_labels to 2025-11-08 00:00:00+00:00, run_after=2025-11-09 00:00:00+00:00
[2025-11-09T22:01:15.258+0000] {processor.py:208} INFO - Processing /home/airflow/.local/lib/python3.12/site-packages/airflow/example_dags/example_branch_labels.py took 0.192 seconds
[2025-11-09T22:01:45.448+0000] {processor.py:186} INFO - Started process (PID=6781) to work on /home/airflow/.local/lib/python3.12/site-packages/airflow/example_dags/example_branch_labels.py
[2025-11-09T22:01:45.450+0000] {processor.py:914} INFO - Processing file /home/airflow/.local/lib/python3.12/site-packages/airflow/example_dags/example_branch_labels.py for tasks to queue
[2025-11-09T22:01:45.457+0000] {logging_mixin.py:190} INFO - [2025-11-09T22:01:45.456+0000] {dagbag.py:588} INFO - Filling up the DagBag from /home/airflow/.local/lib/python3.12/site-packages/airflow/example_dags/example_branch_labels.py
[2025-11-09T22:01:45.481+0000] {processor.py:925} INFO - DAG(s) 'example_branch_labels' retrieved from /home/airflow/.local/lib/python3.12/site-packages/airflow/example_dags/example_branch_labels.py
[2025-11-09T22:01:45.523+0000] {logging_mixin.py:190} INFO - [2025-11-09T22:01:45.522+0000] {dag.py:3239} INFO - Sync 1 DAGs
[2025-11-09T22:01:45.567+0000] {logging_mixin.py:190} INFO - [2025-11-09T22:01:45.566+0000] {dag.py:4180} INFO - Setting next_dagrun for example_branch_labels to 2025-11-08 00:00:00+00:00, run_after=2025-11-09 00:00:00+00:00
[2025-11-09T22:01:45.596+0000] {processor.py:208} INFO - Processing /home/airflow/.local/lib/python3.12/site-packages/airflow/example_dags/example_branch_labels.py took 0.162 seconds
[2025-11-09T22:02:16.931+0000] {processor.py:186} INFO - Started process (PID=6845) to work on /home/airflow/.local/lib/python3.12/site-packages/airflow/example_dags/example_branch_labels.py
[2025-11-09T22:02:16.934+0000] {processor.py:914} INFO - Processing file /home/airflow/.local/lib/python3.12/site-packages/airflow/example_dags/example_branch_labels.py for tasks to queue
[2025-11-09T22:02:16.941+0000] {logging_mixin.py:190} INFO - [2025-11-09T22:02:16.940+0000] {dagbag.py:588} INFO - Filling up the DagBag from /home/airflow/.local/lib/python3.12/site-packages/airflow/example_dags/example_branch_labels.py
[2025-11-09T22:02:16.970+0000] {processor.py:925} INFO - DAG(s) 'example_branch_labels' retrieved from /home/airflow/.local/lib/python3.12/site-packages/airflow/example_dags/example_branch_labels.py
[2025-11-09T22:02:17.024+0000] {logging_mixin.py:190} INFO - [2025-11-09T22:02:17.023+0000] {dag.py:3239} INFO - Sync 1 DAGs
[2025-11-09T22:02:17.085+0000] {logging_mixin.py:190} INFO - [2025-11-09T22:02:17.084+0000] {dag.py:4180} INFO - Setting next_dagrun for example_branch_labels to 2025-11-08 00:00:00+00:00, run_after=2025-11-09 00:00:00+00:00
[2025-11-09T22:02:17.127+0000] {processor.py:208} INFO - Processing /home/airflow/.local/lib/python3.12/site-packages/airflow/example_dags/example_branch_labels.py took 0.218 seconds
[2025-11-09T22:02:47.748+0000] {processor.py:186} INFO - Started process (PID=6909) to work on /home/airflow/.local/lib/python3.12/site-packages/airflow/example_dags/example_branch_labels.py
[2025-11-09T22:02:47.753+0000] {processor.py:914} INFO - Processing file /home/airflow/.local/lib/python3.12/site-packages/airflow/example_dags/example_branch_labels.py for tasks to queue
[2025-11-09T22:02:47.759+0000] {logging_mixin.py:190} INFO - [2025-11-09T22:02:47.758+0000] {dagbag.py:588} INFO - Filling up the DagBag from /home/airflow/.local/lib/python3.12/site-packages/airflow/example_dags/example_branch_labels.py
[2025-11-09T22:02:47.789+0000] {processor.py:925} INFO - DAG(s) 'example_branch_labels' retrieved from /home/airflow/.local/lib/python3.12/site-packages/airflow/example_dags/example_branch_labels.py
[2025-11-09T22:02:47.836+0000] {logging_mixin.py:190} INFO - [2025-11-09T22:02:47.835+0000] {dag.py:3239} INFO - Sync 1 DAGs
[2025-11-09T22:02:47.887+0000] {logging_mixin.py:190} INFO - [2025-11-09T22:02:47.886+0000] {dag.py:4180} INFO - Setting next_dagrun for example_branch_labels to 2025-11-08 00:00:00+00:00, run_after=2025-11-09 00:00:00+00:00
[2025-11-09T22:02:47.929+0000] {processor.py:208} INFO - Processing /home/airflow/.local/lib/python3.12/site-packages/airflow/example_dags/example_branch_labels.py took 0.194 seconds
[2025-11-09T22:03:18.152+0000] {processor.py:186} INFO - Started process (PID=6972) to work on /home/airflow/.local/lib/python3.12/site-packages/airflow/example_dags/example_branch_labels.py
[2025-11-09T22:03:18.154+0000] {processor.py:914} INFO - Processing file /home/airflow/.local/lib/python3.12/site-packages/airflow/example_dags/example_branch_labels.py for tasks to queue
[2025-11-09T22:03:18.161+0000] {logging_mixin.py:190} INFO - [2025-11-09T22:03:18.160+0000] {dagbag.py:588} INFO - Filling up the DagBag from /home/airflow/.local/lib/python3.12/site-packages/airflow/example_dags/example_branch_labels.py
[2025-11-09T22:03:18.187+0000] {processor.py:925} INFO - DAG(s) 'example_branch_labels' retrieved from /home/airflow/.local/lib/python3.12/site-packages/airflow/example_dags/example_branch_labels.py
[2025-11-09T22:03:18.234+0000] {logging_mixin.py:190} INFO - [2025-11-09T22:03:18.234+0000] {dag.py:3239} INFO - Sync 1 DAGs
[2025-11-09T22:03:18.292+0000] {logging_mixin.py:190} INFO - [2025-11-09T22:03:18.291+0000] {dag.py:4180} INFO - Setting next_dagrun for example_branch_labels to 2025-11-08 00:00:00+00:00, run_after=2025-11-09 00:00:00+00:00
[2025-11-09T22:03:18.334+0000] {processor.py:208} INFO - Processing /home/airflow/.local/lib/python3.12/site-packages/airflow/example_dags/example_branch_labels.py took 0.200 seconds
[2025-11-09T22:03:48.908+0000] {processor.py:186} INFO - Started process (PID=7036) to work on /home/airflow/.local/lib/python3.12/site-packages/airflow/example_dags/example_branch_labels.py
[2025-11-09T22:03:48.910+0000] {processor.py:914} INFO - Processing file /home/airflow/.local/lib/python3.12/site-packages/airflow/example_dags/example_branch_labels.py for tasks to queue
[2025-11-09T22:03:48.917+0000] {logging_mixin.py:190} INFO - [2025-11-09T22:03:48.916+0000] {dagbag.py:588} INFO - Filling up the DagBag from /home/airflow/.local/lib/python3.12/site-packages/airflow/example_dags/example_branch_labels.py
[2025-11-09T22:03:48.942+0000] {processor.py:925} INFO - DAG(s) 'example_branch_labels' retrieved from /home/airflow/.local/lib/python3.12/site-packages/airflow/example_dags/example_branch_labels.py
[2025-11-09T22:03:48.990+0000] {logging_mixin.py:190} INFO - [2025-11-09T22:03:48.989+0000] {dag.py:3239} INFO - Sync 1 DAGs
[2025-11-09T22:03:49.050+0000] {logging_mixin.py:190} INFO - [2025-11-09T22:03:49.049+0000] {dag.py:4180} INFO - Setting next_dagrun for example_branch_labels to 2025-11-08 00:00:00+00:00, run_after=2025-11-09 00:00:00+00:00
[2025-11-09T22:03:49.087+0000] {processor.py:208} INFO - Processing /home/airflow/.local/lib/python3.12/site-packages/airflow/example_dags/example_branch_labels.py took 0.194 seconds
[2025-11-09T22:04:20.341+0000] {processor.py:186} INFO - Started process (PID=7100) to work on /home/airflow/.local/lib/python3.12/site-packages/airflow/example_dags/example_branch_labels.py
[2025-11-09T22:04:20.344+0000] {processor.py:914} INFO - Processing file /home/airflow/.local/lib/python3.12/site-packages/airflow/example_dags/example_branch_labels.py for tasks to queue
[2025-11-09T22:04:20.352+0000] {logging_mixin.py:190} INFO - [2025-11-09T22:04:20.351+0000] {dagbag.py:588} INFO - Filling up the DagBag from /home/airflow/.local/lib/python3.12/site-packages/airflow/example_dags/example_branch_labels.py
[2025-11-09T22:04:20.381+0000] {processor.py:925} INFO - DAG(s) 'example_branch_labels' retrieved from /home/airflow/.local/lib/python3.12/site-packages/airflow/example_dags/example_branch_labels.py
[2025-11-09T22:04:20.437+0000] {logging_mixin.py:190} INFO - [2025-11-09T22:04:20.437+0000] {dag.py:3239} INFO - Sync 1 DAGs
[2025-11-09T22:04:20.506+0000] {logging_mixin.py:190} INFO - [2025-11-09T22:04:20.505+0000] {dag.py:4180} INFO - Setting next_dagrun for example_branch_labels to 2025-11-08 00:00:00+00:00, run_after=2025-11-09 00:00:00+00:00
[2025-11-09T22:04:20.557+0000] {processor.py:208} INFO - Processing /home/airflow/.local/lib/python3.12/site-packages/airflow/example_dags/example_branch_labels.py took 0.235 seconds
[2025-11-09T22:04:51.128+0000] {processor.py:186} INFO - Started process (PID=7163) to work on /home/airflow/.local/lib/python3.12/site-packages/airflow/example_dags/example_branch_labels.py
[2025-11-09T22:04:51.130+0000] {processor.py:914} INFO - Processing file /home/airflow/.local/lib/python3.12/site-packages/airflow/example_dags/example_branch_labels.py for tasks to queue
[2025-11-09T22:04:51.134+0000] {logging_mixin.py:190} INFO - [2025-11-09T22:04:51.134+0000] {dagbag.py:588} INFO - Filling up the DagBag from /home/airflow/.local/lib/python3.12/site-packages/airflow/example_dags/example_branch_labels.py
[2025-11-09T22:04:51.155+0000] {processor.py:925} INFO - DAG(s) 'example_branch_labels' retrieved from /home/airflow/.local/lib/python3.12/site-packages/airflow/example_dags/example_branch_labels.py
[2025-11-09T22:04:51.209+0000] {logging_mixin.py:190} INFO - [2025-11-09T22:04:51.209+0000] {dag.py:3239} INFO - Sync 1 DAGs
[2025-11-09T22:04:51.259+0000] {logging_mixin.py:190} INFO - [2025-11-09T22:04:51.258+0000] {dag.py:4180} INFO - Setting next_dagrun for example_branch_labels to 2025-11-08 00:00:00+00:00, run_after=2025-11-09 00:00:00+00:00
[2025-11-09T22:04:51.289+0000] {processor.py:208} INFO - Processing /home/airflow/.local/lib/python3.12/site-packages/airflow/example_dags/example_branch_labels.py took 0.173 seconds
[2025-11-09T22:05:21.739+0000] {processor.py:186} INFO - Started process (PID=7227) to work on /home/airflow/.local/lib/python3.12/site-packages/airflow/example_dags/example_branch_labels.py
[2025-11-09T22:05:21.741+0000] {processor.py:914} INFO - Processing file /home/airflow/.local/lib/python3.12/site-packages/airflow/example_dags/example_branch_labels.py for tasks to queue
[2025-11-09T22:05:21.746+0000] {logging_mixin.py:190} INFO - [2025-11-09T22:05:21.745+0000] {dagbag.py:588} INFO - Filling up the DagBag from /home/airflow/.local/lib/python3.12/site-packages/airflow/example_dags/example_branch_labels.py
[2025-11-09T22:05:21.766+0000] {processor.py:925} INFO - DAG(s) 'example_branch_labels' retrieved from /home/airflow/.local/lib/python3.12/site-packages/airflow/example_dags/example_branch_labels.py
[2025-11-09T22:05:21.803+0000] {logging_mixin.py:190} INFO - [2025-11-09T22:05:21.802+0000] {dag.py:3239} INFO - Sync 1 DAGs
[2025-11-09T22:05:21.857+0000] {logging_mixin.py:190} INFO - [2025-11-09T22:05:21.856+0000] {dag.py:4180} INFO - Setting next_dagrun for example_branch_labels to 2025-11-08 00:00:00+00:00, run_after=2025-11-09 00:00:00+00:00
[2025-11-09T22:05:21.913+0000] {processor.py:208} INFO - Processing /home/airflow/.local/lib/python3.12/site-packages/airflow/example_dags/example_branch_labels.py took 0.186 seconds
[2025-11-09T22:05:52.857+0000] {processor.py:186} INFO - Started process (PID=7291) to work on /home/airflow/.local/lib/python3.12/site-packages/airflow/example_dags/example_branch_labels.py
[2025-11-09T22:05:52.861+0000] {processor.py:914} INFO - Processing file /home/airflow/.local/lib/python3.12/site-packages/airflow/example_dags/example_branch_labels.py for tasks to queue
[2025-11-09T22:05:52.868+0000] {logging_mixin.py:190} INFO - [2025-11-09T22:05:52.867+0000] {dagbag.py:588} INFO - Filling up the DagBag from /home/airflow/.local/lib/python3.12/site-packages/airflow/example_dags/example_branch_labels.py
[2025-11-09T22:05:52.908+0000] {processor.py:925} INFO - DAG(s) 'example_branch_labels' retrieved from /home/airflow/.local/lib/python3.12/site-packages/airflow/example_dags/example_branch_labels.py
[2025-11-09T22:05:52.992+0000] {logging_mixin.py:190} INFO - [2025-11-09T22:05:52.991+0000] {dag.py:3239} INFO - Sync 1 DAGs
[2025-11-09T22:05:53.061+0000] {logging_mixin.py:190} INFO - [2025-11-09T22:05:53.060+0000] {dag.py:4180} INFO - Setting next_dagrun for example_branch_labels to 2025-11-08 00:00:00+00:00, run_after=2025-11-09 00:00:00+00:00
[2025-11-09T22:05:53.104+0000] {processor.py:208} INFO - Processing /home/airflow/.local/lib/python3.12/site-packages/airflow/example_dags/example_branch_labels.py took 0.269 seconds
[2025-11-09T22:06:23.329+0000] {processor.py:186} INFO - Started process (PID=7355) to work on /home/airflow/.local/lib/python3.12/site-packages/airflow/example_dags/example_branch_labels.py
[2025-11-09T22:06:23.331+0000] {processor.py:914} INFO - Processing file /home/airflow/.local/lib/python3.12/site-packages/airflow/example_dags/example_branch_labels.py for tasks to queue
[2025-11-09T22:06:23.338+0000] {logging_mixin.py:190} INFO - [2025-11-09T22:06:23.337+0000] {dagbag.py:588} INFO - Filling up the DagBag from /home/airflow/.local/lib/python3.12/site-packages/airflow/example_dags/example_branch_labels.py
[2025-11-09T22:06:23.364+0000] {processor.py:925} INFO - DAG(s) 'example_branch_labels' retrieved from /home/airflow/.local/lib/python3.12/site-packages/airflow/example_dags/example_branch_labels.py
[2025-11-09T22:06:23.409+0000] {logging_mixin.py:190} INFO - [2025-11-09T22:06:23.409+0000] {dag.py:3239} INFO - Sync 1 DAGs
[2025-11-09T22:06:23.455+0000] {logging_mixin.py:190} INFO - [2025-11-09T22:06:23.455+0000] {dag.py:4180} INFO - Setting next_dagrun for example_branch_labels to 2025-11-08 00:00:00+00:00, run_after=2025-11-09 00:00:00+00:00
[2025-11-09T22:06:23.493+0000] {processor.py:208} INFO - Processing /home/airflow/.local/lib/python3.12/site-packages/airflow/example_dags/example_branch_labels.py took 0.181 seconds
[2025-11-09T22:06:54.647+0000] {processor.py:186} INFO - Started process (PID=7419) to work on /home/airflow/.local/lib/python3.12/site-packages/airflow/example_dags/example_branch_labels.py
[2025-11-09T22:06:54.650+0000] {processor.py:914} INFO - Processing file /home/airflow/.local/lib/python3.12/site-packages/airflow/example_dags/example_branch_labels.py for tasks to queue
[2025-11-09T22:06:54.657+0000] {logging_mixin.py:190} INFO - [2025-11-09T22:06:54.656+0000] {dagbag.py:588} INFO - Filling up the DagBag from /home/airflow/.local/lib/python3.12/site-packages/airflow/example_dags/example_branch_labels.py
[2025-11-09T22:06:54.685+0000] {processor.py:925} INFO - DAG(s) 'example_branch_labels' retrieved from /home/airflow/.local/lib/python3.12/site-packages/airflow/example_dags/example_branch_labels.py
[2025-11-09T22:06:54.737+0000] {logging_mixin.py:190} INFO - [2025-11-09T22:06:54.736+0000] {dag.py:3239} INFO - Sync 1 DAGs
[2025-11-09T22:06:54.815+0000] {logging_mixin.py:190} INFO - [2025-11-09T22:06:54.815+0000] {dag.py:4180} INFO - Setting next_dagrun for example_branch_labels to 2025-11-08 00:00:00+00:00, run_after=2025-11-09 00:00:00+00:00
[2025-11-09T22:06:54.864+0000] {processor.py:208} INFO - Processing /home/airflow/.local/lib/python3.12/site-packages/airflow/example_dags/example_branch_labels.py took 0.237 seconds
[2025-11-09T22:07:26.347+0000] {processor.py:186} INFO - Started process (PID=7482) to work on /home/airflow/.local/lib/python3.12/site-packages/airflow/example_dags/example_branch_labels.py
[2025-11-09T22:07:26.350+0000] {processor.py:914} INFO - Processing file /home/airflow/.local/lib/python3.12/site-packages/airflow/example_dags/example_branch_labels.py for tasks to queue
[2025-11-09T22:07:26.356+0000] {logging_mixin.py:190} INFO - [2025-11-09T22:07:26.355+0000] {dagbag.py:588} INFO - Filling up the DagBag from /home/airflow/.local/lib/python3.12/site-packages/airflow/example_dags/example_branch_labels.py
[2025-11-09T22:07:26.379+0000] {processor.py:925} INFO - DAG(s) 'example_branch_labels' retrieved from /home/airflow/.local/lib/python3.12/site-packages/airflow/example_dags/example_branch_labels.py
[2025-11-09T22:07:26.443+0000] {logging_mixin.py:190} INFO - [2025-11-09T22:07:26.442+0000] {dag.py:3239} INFO - Sync 1 DAGs
[2025-11-09T22:07:26.514+0000] {logging_mixin.py:190} INFO - [2025-11-09T22:07:26.513+0000] {dag.py:4180} INFO - Setting next_dagrun for example_branch_labels to 2025-11-08 00:00:00+00:00, run_after=2025-11-09 00:00:00+00:00
[2025-11-09T22:07:26.559+0000] {processor.py:208} INFO - Processing /home/airflow/.local/lib/python3.12/site-packages/airflow/example_dags/example_branch_labels.py took 0.229 seconds
[2025-11-09T22:07:57.364+0000] {processor.py:186} INFO - Started process (PID=7546) to work on /home/airflow/.local/lib/python3.12/site-packages/airflow/example_dags/example_branch_labels.py
[2025-11-09T22:07:57.368+0000] {processor.py:914} INFO - Processing file /home/airflow/.local/lib/python3.12/site-packages/airflow/example_dags/example_branch_labels.py for tasks to queue
[2025-11-09T22:07:57.379+0000] {logging_mixin.py:190} INFO - [2025-11-09T22:07:57.377+0000] {dagbag.py:588} INFO - Filling up the DagBag from /home/airflow/.local/lib/python3.12/site-packages/airflow/example_dags/example_branch_labels.py
[2025-11-09T22:07:57.425+0000] {processor.py:925} INFO - DAG(s) 'example_branch_labels' retrieved from /home/airflow/.local/lib/python3.12/site-packages/airflow/example_dags/example_branch_labels.py
[2025-11-09T22:07:57.515+0000] {logging_mixin.py:190} INFO - [2025-11-09T22:07:57.514+0000] {dag.py:3239} INFO - Sync 1 DAGs
[2025-11-09T22:07:57.605+0000] {logging_mixin.py:190} INFO - [2025-11-09T22:07:57.604+0000] {dag.py:4180} INFO - Setting next_dagrun for example_branch_labels to 2025-11-08 00:00:00+00:00, run_after=2025-11-09 00:00:00+00:00
[2025-11-09T22:07:57.673+0000] {processor.py:208} INFO - Processing /home/airflow/.local/lib/python3.12/site-packages/airflow/example_dags/example_branch_labels.py took 0.334 seconds
[2025-11-09T22:08:28.207+0000] {processor.py:186} INFO - Started process (PID=7609) to work on /home/airflow/.local/lib/python3.12/site-packages/airflow/example_dags/example_branch_labels.py
[2025-11-09T22:08:28.210+0000] {processor.py:914} INFO - Processing file /home/airflow/.local/lib/python3.12/site-packages/airflow/example_dags/example_branch_labels.py for tasks to queue
[2025-11-09T22:08:28.216+0000] {logging_mixin.py:190} INFO - [2025-11-09T22:08:28.215+0000] {dagbag.py:588} INFO - Filling up the DagBag from /home/airflow/.local/lib/python3.12/site-packages/airflow/example_dags/example_branch_labels.py
[2025-11-09T22:08:28.239+0000] {processor.py:925} INFO - DAG(s) 'example_branch_labels' retrieved from /home/airflow/.local/lib/python3.12/site-packages/airflow/example_dags/example_branch_labels.py
[2025-11-09T22:08:28.279+0000] {logging_mixin.py:190} INFO - [2025-11-09T22:08:28.279+0000] {dag.py:3239} INFO - Sync 1 DAGs
[2025-11-09T22:08:28.330+0000] {logging_mixin.py:190} INFO - [2025-11-09T22:08:28.329+0000] {dag.py:4180} INFO - Setting next_dagrun for example_branch_labels to 2025-11-08 00:00:00+00:00, run_after=2025-11-09 00:00:00+00:00
[2025-11-09T22:08:28.364+0000] {processor.py:208} INFO - Processing /home/airflow/.local/lib/python3.12/site-packages/airflow/example_dags/example_branch_labels.py took 0.174 seconds
[2025-11-09T22:08:58.691+0000] {processor.py:186} INFO - Started process (PID=7673) to work on /home/airflow/.local/lib/python3.12/site-packages/airflow/example_dags/example_branch_labels.py
[2025-11-09T22:08:58.693+0000] {processor.py:914} INFO - Processing file /home/airflow/.local/lib/python3.12/site-packages/airflow/example_dags/example_branch_labels.py for tasks to queue
[2025-11-09T22:08:58.699+0000] {logging_mixin.py:190} INFO - [2025-11-09T22:08:58.698+0000] {dagbag.py:588} INFO - Filling up the DagBag from /home/airflow/.local/lib/python3.12/site-packages/airflow/example_dags/example_branch_labels.py
[2025-11-09T22:08:58.726+0000] {processor.py:925} INFO - DAG(s) 'example_branch_labels' retrieved from /home/airflow/.local/lib/python3.12/site-packages/airflow/example_dags/example_branch_labels.py
[2025-11-09T22:08:58.780+0000] {logging_mixin.py:190} INFO - [2025-11-09T22:08:58.780+0000] {dag.py:3239} INFO - Sync 1 DAGs
[2025-11-09T22:08:58.830+0000] {logging_mixin.py:190} INFO - [2025-11-09T22:08:58.830+0000] {dag.py:4180} INFO - Setting next_dagrun for example_branch_labels to 2025-11-08 00:00:00+00:00, run_after=2025-11-09 00:00:00+00:00
[2025-11-09T22:08:58.867+0000] {processor.py:208} INFO - Processing /home/airflow/.local/lib/python3.12/site-packages/airflow/example_dags/example_branch_labels.py took 0.191 seconds
[2025-11-09T22:09:28.968+0000] {processor.py:186} INFO - Started process (PID=7736) to work on /home/airflow/.local/lib/python3.12/site-packages/airflow/example_dags/example_branch_labels.py
[2025-11-09T22:09:28.971+0000] {processor.py:914} INFO - Processing file /home/airflow/.local/lib/python3.12/site-packages/airflow/example_dags/example_branch_labels.py for tasks to queue
[2025-11-09T22:09:28.978+0000] {logging_mixin.py:190} INFO - [2025-11-09T22:09:28.977+0000] {dagbag.py:588} INFO - Filling up the DagBag from /home/airflow/.local/lib/python3.12/site-packages/airflow/example_dags/example_branch_labels.py
[2025-11-09T22:09:29.004+0000] {processor.py:925} INFO - DAG(s) 'example_branch_labels' retrieved from /home/airflow/.local/lib/python3.12/site-packages/airflow/example_dags/example_branch_labels.py
[2025-11-09T22:09:29.055+0000] {logging_mixin.py:190} INFO - [2025-11-09T22:09:29.054+0000] {dag.py:3239} INFO - Sync 1 DAGs
[2025-11-09T22:09:29.123+0000] {logging_mixin.py:190} INFO - [2025-11-09T22:09:29.123+0000] {dag.py:4180} INFO - Setting next_dagrun for example_branch_labels to 2025-11-08 00:00:00+00:00, run_after=2025-11-09 00:00:00+00:00
[2025-11-09T22:09:29.162+0000] {processor.py:208} INFO - Processing /home/airflow/.local/lib/python3.12/site-packages/airflow/example_dags/example_branch_labels.py took 0.212 seconds
[2025-11-09T22:09:59.862+0000] {processor.py:186} INFO - Started process (PID=7800) to work on /home/airflow/.local/lib/python3.12/site-packages/airflow/example_dags/example_branch_labels.py
[2025-11-09T22:09:59.864+0000] {processor.py:914} INFO - Processing file /home/airflow/.local/lib/python3.12/site-packages/airflow/example_dags/example_branch_labels.py for tasks to queue
[2025-11-09T22:09:59.870+0000] {logging_mixin.py:190} INFO - [2025-11-09T22:09:59.870+0000] {dagbag.py:588} INFO - Filling up the DagBag from /home/airflow/.local/lib/python3.12/site-packages/airflow/example_dags/example_branch_labels.py
[2025-11-09T22:09:59.893+0000] {processor.py:925} INFO - DAG(s) 'example_branch_labels' retrieved from /home/airflow/.local/lib/python3.12/site-packages/airflow/example_dags/example_branch_labels.py
[2025-11-09T22:09:59.939+0000] {logging_mixin.py:190} INFO - [2025-11-09T22:09:59.939+0000] {dag.py:3239} INFO - Sync 1 DAGs
[2025-11-09T22:09:59.987+0000] {logging_mixin.py:190} INFO - [2025-11-09T22:09:59.987+0000] {dag.py:4180} INFO - Setting next_dagrun for example_branch_labels to 2025-11-08 00:00:00+00:00, run_after=2025-11-09 00:00:00+00:00
[2025-11-09T22:10:00.025+0000] {processor.py:208} INFO - Processing /home/airflow/.local/lib/python3.12/site-packages/airflow/example_dags/example_branch_labels.py took 0.178 seconds
[2025-11-09T22:10:31.224+0000] {processor.py:186} INFO - Started process (PID=7862) to work on /home/airflow/.local/lib/python3.12/site-packages/airflow/example_dags/example_branch_labels.py
[2025-11-09T22:10:31.228+0000] {processor.py:914} INFO - Processing file /home/airflow/.local/lib/python3.12/site-packages/airflow/example_dags/example_branch_labels.py for tasks to queue
[2025-11-09T22:10:31.237+0000] {logging_mixin.py:190} INFO - [2025-11-09T22:10:31.236+0000] {dagbag.py:588} INFO - Filling up the DagBag from /home/airflow/.local/lib/python3.12/site-packages/airflow/example_dags/example_branch_labels.py
[2025-11-09T22:10:31.272+0000] {processor.py:925} INFO - DAG(s) 'example_branch_labels' retrieved from /home/airflow/.local/lib/python3.12/site-packages/airflow/example_dags/example_branch_labels.py
[2025-11-09T22:10:31.333+0000] {logging_mixin.py:190} INFO - [2025-11-09T22:10:31.333+0000] {dag.py:3239} INFO - Sync 1 DAGs
[2025-11-09T22:10:31.415+0000] {logging_mixin.py:190} INFO - [2025-11-09T22:10:31.414+0000] {dag.py:4180} INFO - Setting next_dagrun for example_branch_labels to 2025-11-08 00:00:00+00:00, run_after=2025-11-09 00:00:00+00:00
[2025-11-09T22:10:31.467+0000] {processor.py:208} INFO - Processing /home/airflow/.local/lib/python3.12/site-packages/airflow/example_dags/example_branch_labels.py took 0.265 seconds
[2025-11-09T22:11:01.829+0000] {processor.py:186} INFO - Started process (PID=7926) to work on /home/airflow/.local/lib/python3.12/site-packages/airflow/example_dags/example_branch_labels.py
[2025-11-09T22:11:01.832+0000] {processor.py:914} INFO - Processing file /home/airflow/.local/lib/python3.12/site-packages/airflow/example_dags/example_branch_labels.py for tasks to queue
[2025-11-09T22:11:01.839+0000] {logging_mixin.py:190} INFO - [2025-11-09T22:11:01.838+0000] {dagbag.py:588} INFO - Filling up the DagBag from /home/airflow/.local/lib/python3.12/site-packages/airflow/example_dags/example_branch_labels.py
[2025-11-09T22:11:01.869+0000] {processor.py:925} INFO - DAG(s) 'example_branch_labels' retrieved from /home/airflow/.local/lib/python3.12/site-packages/airflow/example_dags/example_branch_labels.py
[2025-11-09T22:11:01.915+0000] {logging_mixin.py:190} INFO - [2025-11-09T22:11:01.915+0000] {dag.py:3239} INFO - Sync 1 DAGs
[2025-11-09T22:11:01.960+0000] {logging_mixin.py:190} INFO - [2025-11-09T22:11:01.960+0000] {dag.py:4180} INFO - Setting next_dagrun for example_branch_labels to 2025-11-08 00:00:00+00:00, run_after=2025-11-09 00:00:00+00:00
[2025-11-09T22:11:01.992+0000] {processor.py:208} INFO - Processing /home/airflow/.local/lib/python3.12/site-packages/airflow/example_dags/example_branch_labels.py took 0.181 seconds
[2025-11-09T22:11:32.543+0000] {processor.py:186} INFO - Started process (PID=7990) to work on /home/airflow/.local/lib/python3.12/site-packages/airflow/example_dags/example_branch_labels.py
[2025-11-09T22:11:32.547+0000] {processor.py:914} INFO - Processing file /home/airflow/.local/lib/python3.12/site-packages/airflow/example_dags/example_branch_labels.py for tasks to queue
[2025-11-09T22:11:32.556+0000] {logging_mixin.py:190} INFO - [2025-11-09T22:11:32.555+0000] {dagbag.py:588} INFO - Filling up the DagBag from /home/airflow/.local/lib/python3.12/site-packages/airflow/example_dags/example_branch_labels.py
[2025-11-09T22:11:32.602+0000] {processor.py:925} INFO - DAG(s) 'example_branch_labels' retrieved from /home/airflow/.local/lib/python3.12/site-packages/airflow/example_dags/example_branch_labels.py
[2025-11-09T22:11:32.701+0000] {logging_mixin.py:190} INFO - [2025-11-09T22:11:32.700+0000] {dag.py:3239} INFO - Sync 1 DAGs
[2025-11-09T22:11:32.861+0000] {logging_mixin.py:190} INFO - [2025-11-09T22:11:32.860+0000] {dag.py:4180} INFO - Setting next_dagrun for example_branch_labels to 2025-11-08 00:00:00+00:00, run_after=2025-11-09 00:00:00+00:00
[2025-11-09T22:11:32.944+0000] {processor.py:208} INFO - Processing /home/airflow/.local/lib/python3.12/site-packages/airflow/example_dags/example_branch_labels.py took 0.424 seconds
[2025-11-09T22:12:04.827+0000] {processor.py:186} INFO - Started process (PID=8050) to work on /home/airflow/.local/lib/python3.12/site-packages/airflow/example_dags/example_branch_labels.py
[2025-11-09T22:12:04.831+0000] {processor.py:914} INFO - Processing file /home/airflow/.local/lib/python3.12/site-packages/airflow/example_dags/example_branch_labels.py for tasks to queue
[2025-11-09T22:12:04.851+0000] {logging_mixin.py:190} INFO - [2025-11-09T22:12:04.849+0000] {dagbag.py:588} INFO - Filling up the DagBag from /home/airflow/.local/lib/python3.12/site-packages/airflow/example_dags/example_branch_labels.py
[2025-11-09T22:12:04.948+0000] {processor.py:925} INFO - DAG(s) 'example_branch_labels' retrieved from /home/airflow/.local/lib/python3.12/site-packages/airflow/example_dags/example_branch_labels.py
[2025-11-09T22:12:05.074+0000] {logging_mixin.py:190} INFO - [2025-11-09T22:12:05.073+0000] {dag.py:3239} INFO - Sync 1 DAGs
[2025-11-09T22:12:05.263+0000] {logging_mixin.py:190} INFO - [2025-11-09T22:12:05.262+0000] {dag.py:4180} INFO - Setting next_dagrun for example_branch_labels to 2025-11-08 00:00:00+00:00, run_after=2025-11-09 00:00:00+00:00
[2025-11-09T22:12:05.352+0000] {processor.py:208} INFO - Processing /home/airflow/.local/lib/python3.12/site-packages/airflow/example_dags/example_branch_labels.py took 0.563 seconds
[2025-11-09T22:12:36.234+0000] {processor.py:186} INFO - Started process (PID=8115) to work on /home/airflow/.local/lib/python3.12/site-packages/airflow/example_dags/example_branch_labels.py
[2025-11-09T22:12:36.237+0000] {processor.py:914} INFO - Processing file /home/airflow/.local/lib/python3.12/site-packages/airflow/example_dags/example_branch_labels.py for tasks to queue
[2025-11-09T22:12:36.245+0000] {logging_mixin.py:190} INFO - [2025-11-09T22:12:36.244+0000] {dagbag.py:588} INFO - Filling up the DagBag from /home/airflow/.local/lib/python3.12/site-packages/airflow/example_dags/example_branch_labels.py
[2025-11-09T22:12:36.280+0000] {processor.py:925} INFO - DAG(s) 'example_branch_labels' retrieved from /home/airflow/.local/lib/python3.12/site-packages/airflow/example_dags/example_branch_labels.py
[2025-11-09T22:12:36.346+0000] {logging_mixin.py:190} INFO - [2025-11-09T22:12:36.346+0000] {dag.py:3239} INFO - Sync 1 DAGs
[2025-11-09T22:12:36.435+0000] {logging_mixin.py:190} INFO - [2025-11-09T22:12:36.434+0000] {dag.py:4180} INFO - Setting next_dagrun for example_branch_labels to 2025-11-08 00:00:00+00:00, run_after=2025-11-09 00:00:00+00:00
[2025-11-09T22:12:36.486+0000] {processor.py:208} INFO - Processing /home/airflow/.local/lib/python3.12/site-packages/airflow/example_dags/example_branch_labels.py took 0.270 seconds
[2025-11-09T22:13:07.414+0000] {processor.py:186} INFO - Started process (PID=8180) to work on /home/airflow/.local/lib/python3.12/site-packages/airflow/example_dags/example_branch_labels.py
[2025-11-09T22:13:07.418+0000] {processor.py:914} INFO - Processing file /home/airflow/.local/lib/python3.12/site-packages/airflow/example_dags/example_branch_labels.py for tasks to queue
[2025-11-09T22:13:07.427+0000] {logging_mixin.py:190} INFO - [2025-11-09T22:13:07.426+0000] {dagbag.py:588} INFO - Filling up the DagBag from /home/airflow/.local/lib/python3.12/site-packages/airflow/example_dags/example_branch_labels.py
[2025-11-09T22:13:07.469+0000] {processor.py:925} INFO - DAG(s) 'example_branch_labels' retrieved from /home/airflow/.local/lib/python3.12/site-packages/airflow/example_dags/example_branch_labels.py
[2025-11-09T22:13:07.551+0000] {logging_mixin.py:190} INFO - [2025-11-09T22:13:07.550+0000] {dag.py:3239} INFO - Sync 1 DAGs
[2025-11-09T22:13:07.654+0000] {logging_mixin.py:190} INFO - [2025-11-09T22:13:07.653+0000] {dag.py:4180} INFO - Setting next_dagrun for example_branch_labels to 2025-11-08 00:00:00+00:00, run_after=2025-11-09 00:00:00+00:00
[2025-11-09T22:13:07.710+0000] {processor.py:208} INFO - Processing /home/airflow/.local/lib/python3.12/site-packages/airflow/example_dags/example_branch_labels.py took 0.319 seconds
[2025-11-09T22:13:38.023+0000] {processor.py:186} INFO - Started process (PID=8244) to work on /home/airflow/.local/lib/python3.12/site-packages/airflow/example_dags/example_branch_labels.py
[2025-11-09T22:13:38.026+0000] {processor.py:914} INFO - Processing file /home/airflow/.local/lib/python3.12/site-packages/airflow/example_dags/example_branch_labels.py for tasks to queue
[2025-11-09T22:13:38.030+0000] {logging_mixin.py:190} INFO - [2025-11-09T22:13:38.030+0000] {dagbag.py:588} INFO - Filling up the DagBag from /home/airflow/.local/lib/python3.12/site-packages/airflow/example_dags/example_branch_labels.py
[2025-11-09T22:13:38.052+0000] {processor.py:925} INFO - DAG(s) 'example_branch_labels' retrieved from /home/airflow/.local/lib/python3.12/site-packages/airflow/example_dags/example_branch_labels.py
[2025-11-09T22:13:38.106+0000] {logging_mixin.py:190} INFO - [2025-11-09T22:13:38.105+0000] {dag.py:3239} INFO - Sync 1 DAGs
[2025-11-09T22:13:38.173+0000] {logging_mixin.py:190} INFO - [2025-11-09T22:13:38.172+0000] {dag.py:4180} INFO - Setting next_dagrun for example_branch_labels to 2025-11-08 00:00:00+00:00, run_after=2025-11-09 00:00:00+00:00
[2025-11-09T22:13:38.215+0000] {processor.py:208} INFO - Processing /home/airflow/.local/lib/python3.12/site-packages/airflow/example_dags/example_branch_labels.py took 0.204 seconds
[2025-11-09T22:14:08.538+0000] {processor.py:186} INFO - Started process (PID=8314) to work on /home/airflow/.local/lib/python3.12/site-packages/airflow/example_dags/example_branch_labels.py
[2025-11-09T22:14:08.541+0000] {processor.py:914} INFO - Processing file /home/airflow/.local/lib/python3.12/site-packages/airflow/example_dags/example_branch_labels.py for tasks to queue
[2025-11-09T22:14:08.548+0000] {logging_mixin.py:190} INFO - [2025-11-09T22:14:08.547+0000] {dagbag.py:588} INFO - Filling up the DagBag from /home/airflow/.local/lib/python3.12/site-packages/airflow/example_dags/example_branch_labels.py
[2025-11-09T22:14:08.571+0000] {processor.py:925} INFO - DAG(s) 'example_branch_labels' retrieved from /home/airflow/.local/lib/python3.12/site-packages/airflow/example_dags/example_branch_labels.py
[2025-11-09T22:14:08.615+0000] {logging_mixin.py:190} INFO - [2025-11-09T22:14:08.615+0000] {dag.py:3239} INFO - Sync 1 DAGs
[2025-11-09T22:14:08.661+0000] {logging_mixin.py:190} INFO - [2025-11-09T22:14:08.660+0000] {dag.py:4180} INFO - Setting next_dagrun for example_branch_labels to 2025-11-08 00:00:00+00:00, run_after=2025-11-09 00:00:00+00:00
[2025-11-09T22:14:08.696+0000] {processor.py:208} INFO - Processing /home/airflow/.local/lib/python3.12/site-packages/airflow/example_dags/example_branch_labels.py took 0.182 seconds
[2025-11-09T22:14:38.957+0000] {processor.py:186} INFO - Started process (PID=8378) to work on /home/airflow/.local/lib/python3.12/site-packages/airflow/example_dags/example_branch_labels.py
[2025-11-09T22:14:38.959+0000] {processor.py:914} INFO - Processing file /home/airflow/.local/lib/python3.12/site-packages/airflow/example_dags/example_branch_labels.py for tasks to queue
[2025-11-09T22:14:38.963+0000] {logging_mixin.py:190} INFO - [2025-11-09T22:14:38.962+0000] {dagbag.py:588} INFO - Filling up the DagBag from /home/airflow/.local/lib/python3.12/site-packages/airflow/example_dags/example_branch_labels.py
[2025-11-09T22:14:38.979+0000] {processor.py:925} INFO - DAG(s) 'example_branch_labels' retrieved from /home/airflow/.local/lib/python3.12/site-packages/airflow/example_dags/example_branch_labels.py
[2025-11-09T22:14:39.016+0000] {logging_mixin.py:190} INFO - [2025-11-09T22:14:39.016+0000] {dag.py:3239} INFO - Sync 1 DAGs
[2025-11-09T22:14:39.061+0000] {logging_mixin.py:190} INFO - [2025-11-09T22:14:39.060+0000] {dag.py:4180} INFO - Setting next_dagrun for example_branch_labels to 2025-11-08 00:00:00+00:00, run_after=2025-11-09 00:00:00+00:00
[2025-11-09T22:14:39.103+0000] {processor.py:208} INFO - Processing /home/airflow/.local/lib/python3.12/site-packages/airflow/example_dags/example_branch_labels.py took 0.156 seconds
[2025-11-09T22:15:09.462+0000] {processor.py:186} INFO - Started process (PID=8442) to work on /home/airflow/.local/lib/python3.12/site-packages/airflow/example_dags/example_branch_labels.py
[2025-11-09T22:15:09.465+0000] {processor.py:914} INFO - Processing file /home/airflow/.local/lib/python3.12/site-packages/airflow/example_dags/example_branch_labels.py for tasks to queue
[2025-11-09T22:15:09.473+0000] {logging_mixin.py:190} INFO - [2025-11-09T22:15:09.472+0000] {dagbag.py:588} INFO - Filling up the DagBag from /home/airflow/.local/lib/python3.12/site-packages/airflow/example_dags/example_branch_labels.py
[2025-11-09T22:15:09.496+0000] {processor.py:925} INFO - DAG(s) 'example_branch_labels' retrieved from /home/airflow/.local/lib/python3.12/site-packages/airflow/example_dags/example_branch_labels.py
[2025-11-09T22:15:09.537+0000] {logging_mixin.py:190} INFO - [2025-11-09T22:15:09.537+0000] {dag.py:3239} INFO - Sync 1 DAGs
[2025-11-09T22:15:09.584+0000] {logging_mixin.py:190} INFO - [2025-11-09T22:15:09.584+0000] {dag.py:4180} INFO - Setting next_dagrun for example_branch_labels to 2025-11-08 00:00:00+00:00, run_after=2025-11-09 00:00:00+00:00
[2025-11-09T22:15:09.618+0000] {processor.py:208} INFO - Processing /home/airflow/.local/lib/python3.12/site-packages/airflow/example_dags/example_branch_labels.py took 0.167 seconds
[2025-11-09T22:15:39.722+0000] {processor.py:186} INFO - Started process (PID=8505) to work on /home/airflow/.local/lib/python3.12/site-packages/airflow/example_dags/example_branch_labels.py
[2025-11-09T22:15:39.725+0000] {processor.py:914} INFO - Processing file /home/airflow/.local/lib/python3.12/site-packages/airflow/example_dags/example_branch_labels.py for tasks to queue
[2025-11-09T22:15:39.730+0000] {logging_mixin.py:190} INFO - [2025-11-09T22:15:39.730+0000] {dagbag.py:588} INFO - Filling up the DagBag from /home/airflow/.local/lib/python3.12/site-packages/airflow/example_dags/example_branch_labels.py
[2025-11-09T22:15:39.748+0000] {processor.py:925} INFO - DAG(s) 'example_branch_labels' retrieved from /home/airflow/.local/lib/python3.12/site-packages/airflow/example_dags/example_branch_labels.py
[2025-11-09T22:15:39.790+0000] {logging_mixin.py:190} INFO - [2025-11-09T22:15:39.789+0000] {dag.py:3239} INFO - Sync 1 DAGs
[2025-11-09T22:15:39.834+0000] {logging_mixin.py:190} INFO - [2025-11-09T22:15:39.834+0000] {dag.py:4180} INFO - Setting next_dagrun for example_branch_labels to 2025-11-08 00:00:00+00:00, run_after=2025-11-09 00:00:00+00:00
[2025-11-09T22:15:39.865+0000] {processor.py:208} INFO - Processing /home/airflow/.local/lib/python3.12/site-packages/airflow/example_dags/example_branch_labels.py took 0.153 seconds
[2025-11-09T22:16:10.427+0000] {processor.py:186} INFO - Started process (PID=8569) to work on /home/airflow/.local/lib/python3.12/site-packages/airflow/example_dags/example_branch_labels.py
[2025-11-09T22:16:10.429+0000] {processor.py:914} INFO - Processing file /home/airflow/.local/lib/python3.12/site-packages/airflow/example_dags/example_branch_labels.py for tasks to queue
[2025-11-09T22:16:10.434+0000] {logging_mixin.py:190} INFO - [2025-11-09T22:16:10.433+0000] {dagbag.py:588} INFO - Filling up the DagBag from /home/airflow/.local/lib/python3.12/site-packages/airflow/example_dags/example_branch_labels.py
[2025-11-09T22:16:10.454+0000] {processor.py:925} INFO - DAG(s) 'example_branch_labels' retrieved from /home/airflow/.local/lib/python3.12/site-packages/airflow/example_dags/example_branch_labels.py
[2025-11-09T22:16:10.495+0000] {logging_mixin.py:190} INFO - [2025-11-09T22:16:10.494+0000] {dag.py:3239} INFO - Sync 1 DAGs
[2025-11-09T22:16:10.542+0000] {logging_mixin.py:190} INFO - [2025-11-09T22:16:10.542+0000] {dag.py:4180} INFO - Setting next_dagrun for example_branch_labels to 2025-11-08 00:00:00+00:00, run_after=2025-11-09 00:00:00+00:00
[2025-11-09T22:16:10.577+0000] {processor.py:208} INFO - Processing /home/airflow/.local/lib/python3.12/site-packages/airflow/example_dags/example_branch_labels.py took 0.163 seconds
[2025-11-09T22:16:40.976+0000] {processor.py:186} INFO - Started process (PID=8633) to work on /home/airflow/.local/lib/python3.12/site-packages/airflow/example_dags/example_branch_labels.py
[2025-11-09T22:16:40.978+0000] {processor.py:914} INFO - Processing file /home/airflow/.local/lib/python3.12/site-packages/airflow/example_dags/example_branch_labels.py for tasks to queue
[2025-11-09T22:16:40.983+0000] {logging_mixin.py:190} INFO - [2025-11-09T22:16:40.982+0000] {dagbag.py:588} INFO - Filling up the DagBag from /home/airflow/.local/lib/python3.12/site-packages/airflow/example_dags/example_branch_labels.py
[2025-11-09T22:16:41.004+0000] {processor.py:925} INFO - DAG(s) 'example_branch_labels' retrieved from /home/airflow/.local/lib/python3.12/site-packages/airflow/example_dags/example_branch_labels.py
[2025-11-09T22:16:41.043+0000] {logging_mixin.py:190} INFO - [2025-11-09T22:16:41.042+0000] {dag.py:3239} INFO - Sync 1 DAGs
[2025-11-09T22:16:41.087+0000] {logging_mixin.py:190} INFO - [2025-11-09T22:16:41.087+0000] {dag.py:4180} INFO - Setting next_dagrun for example_branch_labels to 2025-11-08 00:00:00+00:00, run_after=2025-11-09 00:00:00+00:00
[2025-11-09T22:16:41.122+0000] {processor.py:208} INFO - Processing /home/airflow/.local/lib/python3.12/site-packages/airflow/example_dags/example_branch_labels.py took 0.157 seconds
[2025-11-09T22:17:11.735+0000] {processor.py:186} INFO - Started process (PID=8697) to work on /home/airflow/.local/lib/python3.12/site-packages/airflow/example_dags/example_branch_labels.py
[2025-11-09T22:17:11.738+0000] {processor.py:914} INFO - Processing file /home/airflow/.local/lib/python3.12/site-packages/airflow/example_dags/example_branch_labels.py for tasks to queue
[2025-11-09T22:17:11.743+0000] {logging_mixin.py:190} INFO - [2025-11-09T22:17:11.742+0000] {dagbag.py:588} INFO - Filling up the DagBag from /home/airflow/.local/lib/python3.12/site-packages/airflow/example_dags/example_branch_labels.py
[2025-11-09T22:17:11.759+0000] {processor.py:925} INFO - DAG(s) 'example_branch_labels' retrieved from /home/airflow/.local/lib/python3.12/site-packages/airflow/example_dags/example_branch_labels.py
[2025-11-09T22:17:11.803+0000] {logging_mixin.py:190} INFO - [2025-11-09T22:17:11.803+0000] {dag.py:3239} INFO - Sync 1 DAGs
[2025-11-09T22:17:11.849+0000] {logging_mixin.py:190} INFO - [2025-11-09T22:17:11.849+0000] {dag.py:4180} INFO - Setting next_dagrun for example_branch_labels to 2025-11-08 00:00:00+00:00, run_after=2025-11-09 00:00:00+00:00
[2025-11-09T22:17:11.890+0000] {processor.py:208} INFO - Processing /home/airflow/.local/lib/python3.12/site-packages/airflow/example_dags/example_branch_labels.py took 0.171 seconds
[2025-11-09T22:17:42.283+0000] {processor.py:186} INFO - Started process (PID=8761) to work on /home/airflow/.local/lib/python3.12/site-packages/airflow/example_dags/example_branch_labels.py
[2025-11-09T22:17:42.285+0000] {processor.py:914} INFO - Processing file /home/airflow/.local/lib/python3.12/site-packages/airflow/example_dags/example_branch_labels.py for tasks to queue
[2025-11-09T22:17:42.290+0000] {logging_mixin.py:190} INFO - [2025-11-09T22:17:42.289+0000] {dagbag.py:588} INFO - Filling up the DagBag from /home/airflow/.local/lib/python3.12/site-packages/airflow/example_dags/example_branch_labels.py
[2025-11-09T22:17:42.308+0000] {processor.py:925} INFO - DAG(s) 'example_branch_labels' retrieved from /home/airflow/.local/lib/python3.12/site-packages/airflow/example_dags/example_branch_labels.py
[2025-11-09T22:17:42.349+0000] {logging_mixin.py:190} INFO - [2025-11-09T22:17:42.348+0000] {dag.py:3239} INFO - Sync 1 DAGs
[2025-11-09T22:17:42.403+0000] {logging_mixin.py:190} INFO - [2025-11-09T22:17:42.402+0000] {dag.py:4180} INFO - Setting next_dagrun for example_branch_labels to 2025-11-08 00:00:00+00:00, run_after=2025-11-09 00:00:00+00:00
[2025-11-09T22:17:42.438+0000] {processor.py:208} INFO - Processing /home/airflow/.local/lib/python3.12/site-packages/airflow/example_dags/example_branch_labels.py took 0.166 seconds
[2025-11-09T22:18:12.529+0000] {processor.py:186} INFO - Started process (PID=8824) to work on /home/airflow/.local/lib/python3.12/site-packages/airflow/example_dags/example_branch_labels.py
[2025-11-09T22:18:12.531+0000] {processor.py:914} INFO - Processing file /home/airflow/.local/lib/python3.12/site-packages/airflow/example_dags/example_branch_labels.py for tasks to queue
[2025-11-09T22:18:12.535+0000] {logging_mixin.py:190} INFO - [2025-11-09T22:18:12.534+0000] {dagbag.py:588} INFO - Filling up the DagBag from /home/airflow/.local/lib/python3.12/site-packages/airflow/example_dags/example_branch_labels.py
[2025-11-09T22:18:12.553+0000] {processor.py:925} INFO - DAG(s) 'example_branch_labels' retrieved from /home/airflow/.local/lib/python3.12/site-packages/airflow/example_dags/example_branch_labels.py
[2025-11-09T22:18:12.591+0000] {logging_mixin.py:190} INFO - [2025-11-09T22:18:12.591+0000] {dag.py:3239} INFO - Sync 1 DAGs
[2025-11-09T22:18:12.629+0000] {logging_mixin.py:190} INFO - [2025-11-09T22:18:12.629+0000] {dag.py:4180} INFO - Setting next_dagrun for example_branch_labels to 2025-11-08 00:00:00+00:00, run_after=2025-11-09 00:00:00+00:00
[2025-11-09T22:18:12.660+0000] {processor.py:208} INFO - Processing /home/airflow/.local/lib/python3.12/site-packages/airflow/example_dags/example_branch_labels.py took 0.140 seconds
[2025-11-09T22:18:42.937+0000] {processor.py:186} INFO - Started process (PID=8888) to work on /home/airflow/.local/lib/python3.12/site-packages/airflow/example_dags/example_branch_labels.py
[2025-11-09T22:18:42.939+0000] {processor.py:914} INFO - Processing file /home/airflow/.local/lib/python3.12/site-packages/airflow/example_dags/example_branch_labels.py for tasks to queue
[2025-11-09T22:18:42.944+0000] {logging_mixin.py:190} INFO - [2025-11-09T22:18:42.944+0000] {dagbag.py:588} INFO - Filling up the DagBag from /home/airflow/.local/lib/python3.12/site-packages/airflow/example_dags/example_branch_labels.py
[2025-11-09T22:18:42.966+0000] {processor.py:925} INFO - DAG(s) 'example_branch_labels' retrieved from /home/airflow/.local/lib/python3.12/site-packages/airflow/example_dags/example_branch_labels.py
[2025-11-09T22:18:43.006+0000] {logging_mixin.py:190} INFO - [2025-11-09T22:18:43.005+0000] {dag.py:3239} INFO - Sync 1 DAGs
[2025-11-09T22:18:43.045+0000] {logging_mixin.py:190} INFO - [2025-11-09T22:18:43.045+0000] {dag.py:4180} INFO - Setting next_dagrun for example_branch_labels to 2025-11-08 00:00:00+00:00, run_after=2025-11-09 00:00:00+00:00
[2025-11-09T22:18:43.075+0000] {processor.py:208} INFO - Processing /home/airflow/.local/lib/python3.12/site-packages/airflow/example_dags/example_branch_labels.py took 0.148 seconds
[2025-11-09T22:19:13.535+0000] {processor.py:186} INFO - Started process (PID=8953) to work on /home/airflow/.local/lib/python3.12/site-packages/airflow/example_dags/example_branch_labels.py
[2025-11-09T22:19:13.537+0000] {processor.py:914} INFO - Processing file /home/airflow/.local/lib/python3.12/site-packages/airflow/example_dags/example_branch_labels.py for tasks to queue
[2025-11-09T22:19:13.542+0000] {logging_mixin.py:190} INFO - [2025-11-09T22:19:13.541+0000] {dagbag.py:588} INFO - Filling up the DagBag from /home/airflow/.local/lib/python3.12/site-packages/airflow/example_dags/example_branch_labels.py
[2025-11-09T22:19:13.557+0000] {processor.py:925} INFO - DAG(s) 'example_branch_labels' retrieved from /home/airflow/.local/lib/python3.12/site-packages/airflow/example_dags/example_branch_labels.py
[2025-11-09T22:19:13.597+0000] {logging_mixin.py:190} INFO - [2025-11-09T22:19:13.596+0000] {dag.py:3239} INFO - Sync 1 DAGs
[2025-11-09T22:19:13.640+0000] {logging_mixin.py:190} INFO - [2025-11-09T22:19:13.640+0000] {dag.py:4180} INFO - Setting next_dagrun for example_branch_labels to 2025-11-08 00:00:00+00:00, run_after=2025-11-09 00:00:00+00:00
[2025-11-09T22:19:13.672+0000] {processor.py:208} INFO - Processing /home/airflow/.local/lib/python3.12/site-packages/airflow/example_dags/example_branch_labels.py took 0.146 seconds
[2025-11-09T22:19:44.257+0000] {processor.py:186} INFO - Started process (PID=9017) to work on /home/airflow/.local/lib/python3.12/site-packages/airflow/example_dags/example_branch_labels.py
[2025-11-09T22:19:44.259+0000] {processor.py:914} INFO - Processing file /home/airflow/.local/lib/python3.12/site-packages/airflow/example_dags/example_branch_labels.py for tasks to queue
[2025-11-09T22:19:44.263+0000] {logging_mixin.py:190} INFO - [2025-11-09T22:19:44.263+0000] {dagbag.py:588} INFO - Filling up the DagBag from /home/airflow/.local/lib/python3.12/site-packages/airflow/example_dags/example_branch_labels.py
[2025-11-09T22:19:44.286+0000] {processor.py:925} INFO - DAG(s) 'example_branch_labels' retrieved from /home/airflow/.local/lib/python3.12/site-packages/airflow/example_dags/example_branch_labels.py
[2025-11-09T22:19:44.329+0000] {logging_mixin.py:190} INFO - [2025-11-09T22:19:44.328+0000] {dag.py:3239} INFO - Sync 1 DAGs
[2025-11-09T22:19:44.377+0000] {logging_mixin.py:190} INFO - [2025-11-09T22:19:44.376+0000] {dag.py:4180} INFO - Setting next_dagrun for example_branch_labels to 2025-11-08 00:00:00+00:00, run_after=2025-11-09 00:00:00+00:00
[2025-11-09T22:19:44.415+0000] {processor.py:208} INFO - Processing /home/airflow/.local/lib/python3.12/site-packages/airflow/example_dags/example_branch_labels.py took 0.170 seconds
[2025-11-09T22:20:14.773+0000] {processor.py:186} INFO - Started process (PID=9081) to work on /home/airflow/.local/lib/python3.12/site-packages/airflow/example_dags/example_branch_labels.py
[2025-11-09T22:20:14.775+0000] {processor.py:914} INFO - Processing file /home/airflow/.local/lib/python3.12/site-packages/airflow/example_dags/example_branch_labels.py for tasks to queue
[2025-11-09T22:20:14.779+0000] {logging_mixin.py:190} INFO - [2025-11-09T22:20:14.778+0000] {dagbag.py:588} INFO - Filling up the DagBag from /home/airflow/.local/lib/python3.12/site-packages/airflow/example_dags/example_branch_labels.py
[2025-11-09T22:20:14.796+0000] {processor.py:925} INFO - DAG(s) 'example_branch_labels' retrieved from /home/airflow/.local/lib/python3.12/site-packages/airflow/example_dags/example_branch_labels.py
[2025-11-09T22:20:14.836+0000] {logging_mixin.py:190} INFO - [2025-11-09T22:20:14.836+0000] {dag.py:3239} INFO - Sync 1 DAGs
[2025-11-09T22:20:14.880+0000] {logging_mixin.py:190} INFO - [2025-11-09T22:20:14.880+0000] {dag.py:4180} INFO - Setting next_dagrun for example_branch_labels to 2025-11-08 00:00:00+00:00, run_after=2025-11-09 00:00:00+00:00
[2025-11-09T22:20:14.912+0000] {processor.py:208} INFO - Processing /home/airflow/.local/lib/python3.12/site-packages/airflow/example_dags/example_branch_labels.py took 0.150 seconds
[2025-11-09T22:20:45.659+0000] {processor.py:186} INFO - Started process (PID=9140) to work on /home/airflow/.local/lib/python3.12/site-packages/airflow/example_dags/example_branch_labels.py
[2025-11-09T22:20:45.661+0000] {processor.py:914} INFO - Processing file /home/airflow/.local/lib/python3.12/site-packages/airflow/example_dags/example_branch_labels.py for tasks to queue
[2025-11-09T22:20:45.667+0000] {logging_mixin.py:190} INFO - [2025-11-09T22:20:45.667+0000] {dagbag.py:588} INFO - Filling up the DagBag from /home/airflow/.local/lib/python3.12/site-packages/airflow/example_dags/example_branch_labels.py
[2025-11-09T22:20:45.954+0000] {processor.py:925} INFO - DAG(s) 'example_branch_labels' retrieved from /home/airflow/.local/lib/python3.12/site-packages/airflow/example_dags/example_branch_labels.py
[2025-11-09T22:20:45.992+0000] {logging_mixin.py:190} INFO - [2025-11-09T22:20:45.992+0000] {dag.py:3239} INFO - Sync 1 DAGs
[2025-11-09T22:20:46.028+0000] {logging_mixin.py:190} INFO - [2025-11-09T22:20:46.028+0000] {dag.py:4180} INFO - Setting next_dagrun for example_branch_labels to 2025-11-08 00:00:00+00:00, run_after=2025-11-09 00:00:00+00:00
[2025-11-09T22:20:46.060+0000] {processor.py:208} INFO - Processing /home/airflow/.local/lib/python3.12/site-packages/airflow/example_dags/example_branch_labels.py took 0.410 seconds
[2025-11-09T22:21:16.689+0000] {processor.py:186} INFO - Started process (PID=9203) to work on /home/airflow/.local/lib/python3.12/site-packages/airflow/example_dags/example_branch_labels.py
[2025-11-09T22:21:16.692+0000] {processor.py:914} INFO - Processing file /home/airflow/.local/lib/python3.12/site-packages/airflow/example_dags/example_branch_labels.py for tasks to queue
[2025-11-09T22:21:16.698+0000] {logging_mixin.py:190} INFO - [2025-11-09T22:21:16.697+0000] {dagbag.py:588} INFO - Filling up the DagBag from /home/airflow/.local/lib/python3.12/site-packages/airflow/example_dags/example_branch_labels.py
[2025-11-09T22:21:16.722+0000] {processor.py:925} INFO - DAG(s) 'example_branch_labels' retrieved from /home/airflow/.local/lib/python3.12/site-packages/airflow/example_dags/example_branch_labels.py
[2025-11-09T22:21:16.759+0000] {logging_mixin.py:190} INFO - [2025-11-09T22:21:16.759+0000] {dag.py:3239} INFO - Sync 1 DAGs
[2025-11-09T22:21:16.804+0000] {logging_mixin.py:190} INFO - [2025-11-09T22:21:16.804+0000] {dag.py:4180} INFO - Setting next_dagrun for example_branch_labels to 2025-11-08 00:00:00+00:00, run_after=2025-11-09 00:00:00+00:00
[2025-11-09T22:21:16.839+0000] {processor.py:208} INFO - Processing /home/airflow/.local/lib/python3.12/site-packages/airflow/example_dags/example_branch_labels.py took 0.161 seconds
[2025-11-09T22:21:46.973+0000] {processor.py:186} INFO - Started process (PID=9268) to work on /home/airflow/.local/lib/python3.12/site-packages/airflow/example_dags/example_branch_labels.py
[2025-11-09T22:21:46.975+0000] {processor.py:914} INFO - Processing file /home/airflow/.local/lib/python3.12/site-packages/airflow/example_dags/example_branch_labels.py for tasks to queue
[2025-11-09T22:21:46.981+0000] {logging_mixin.py:190} INFO - [2025-11-09T22:21:46.981+0000] {dagbag.py:588} INFO - Filling up the DagBag from /home/airflow/.local/lib/python3.12/site-packages/airflow/example_dags/example_branch_labels.py
[2025-11-09T22:21:46.998+0000] {processor.py:925} INFO - DAG(s) 'example_branch_labels' retrieved from /home/airflow/.local/lib/python3.12/site-packages/airflow/example_dags/example_branch_labels.py
[2025-11-09T22:21:47.044+0000] {logging_mixin.py:190} INFO - [2025-11-09T22:21:47.044+0000] {dag.py:3239} INFO - Sync 1 DAGs
[2025-11-09T22:21:47.092+0000] {logging_mixin.py:190} INFO - [2025-11-09T22:21:47.091+0000] {dag.py:4180} INFO - Setting next_dagrun for example_branch_labels to 2025-11-08 00:00:00+00:00, run_after=2025-11-09 00:00:00+00:00
[2025-11-09T22:21:47.124+0000] {processor.py:208} INFO - Processing /home/airflow/.local/lib/python3.12/site-packages/airflow/example_dags/example_branch_labels.py took 0.165 seconds
[2025-11-09T22:22:17.369+0000] {processor.py:186} INFO - Started process (PID=9331) to work on /home/airflow/.local/lib/python3.12/site-packages/airflow/example_dags/example_branch_labels.py
[2025-11-09T22:22:17.372+0000] {processor.py:914} INFO - Processing file /home/airflow/.local/lib/python3.12/site-packages/airflow/example_dags/example_branch_labels.py for tasks to queue
[2025-11-09T22:22:17.378+0000] {logging_mixin.py:190} INFO - [2025-11-09T22:22:17.378+0000] {dagbag.py:588} INFO - Filling up the DagBag from /home/airflow/.local/lib/python3.12/site-packages/airflow/example_dags/example_branch_labels.py
[2025-11-09T22:22:17.402+0000] {processor.py:925} INFO - DAG(s) 'example_branch_labels' retrieved from /home/airflow/.local/lib/python3.12/site-packages/airflow/example_dags/example_branch_labels.py
[2025-11-09T22:22:17.450+0000] {logging_mixin.py:190} INFO - [2025-11-09T22:22:17.450+0000] {dag.py:3239} INFO - Sync 1 DAGs
[2025-11-09T22:22:17.500+0000] {logging_mixin.py:190} INFO - [2025-11-09T22:22:17.500+0000] {dag.py:4180} INFO - Setting next_dagrun for example_branch_labels to 2025-11-08 00:00:00+00:00, run_after=2025-11-09 00:00:00+00:00
[2025-11-09T22:22:17.539+0000] {processor.py:208} INFO - Processing /home/airflow/.local/lib/python3.12/site-packages/airflow/example_dags/example_branch_labels.py took 0.183 seconds
[2025-11-09T22:22:48.204+0000] {processor.py:186} INFO - Started process (PID=9394) to work on /home/airflow/.local/lib/python3.12/site-packages/airflow/example_dags/example_branch_labels.py
[2025-11-09T22:22:48.206+0000] {processor.py:914} INFO - Processing file /home/airflow/.local/lib/python3.12/site-packages/airflow/example_dags/example_branch_labels.py for tasks to queue
[2025-11-09T22:22:48.212+0000] {logging_mixin.py:190} INFO - [2025-11-09T22:22:48.211+0000] {dagbag.py:588} INFO - Filling up the DagBag from /home/airflow/.local/lib/python3.12/site-packages/airflow/example_dags/example_branch_labels.py
[2025-11-09T22:22:48.230+0000] {processor.py:925} INFO - DAG(s) 'example_branch_labels' retrieved from /home/airflow/.local/lib/python3.12/site-packages/airflow/example_dags/example_branch_labels.py
[2025-11-09T22:22:48.270+0000] {logging_mixin.py:190} INFO - [2025-11-09T22:22:48.270+0000] {dag.py:3239} INFO - Sync 1 DAGs
[2025-11-09T22:22:48.314+0000] {logging_mixin.py:190} INFO - [2025-11-09T22:22:48.314+0000] {dag.py:4180} INFO - Setting next_dagrun for example_branch_labels to 2025-11-08 00:00:00+00:00, run_after=2025-11-09 00:00:00+00:00
[2025-11-09T22:22:48.346+0000] {processor.py:208} INFO - Processing /home/airflow/.local/lib/python3.12/site-packages/airflow/example_dags/example_branch_labels.py took 0.155 seconds
[2025-11-09T22:23:18.565+0000] {processor.py:186} INFO - Started process (PID=9458) to work on /home/airflow/.local/lib/python3.12/site-packages/airflow/example_dags/example_branch_labels.py
[2025-11-09T22:23:18.567+0000] {processor.py:914} INFO - Processing file /home/airflow/.local/lib/python3.12/site-packages/airflow/example_dags/example_branch_labels.py for tasks to queue
[2025-11-09T22:23:18.573+0000] {logging_mixin.py:190} INFO - [2025-11-09T22:23:18.572+0000] {dagbag.py:588} INFO - Filling up the DagBag from /home/airflow/.local/lib/python3.12/site-packages/airflow/example_dags/example_branch_labels.py
[2025-11-09T22:23:18.592+0000] {processor.py:925} INFO - DAG(s) 'example_branch_labels' retrieved from /home/airflow/.local/lib/python3.12/site-packages/airflow/example_dags/example_branch_labels.py
[2025-11-09T22:23:18.628+0000] {logging_mixin.py:190} INFO - [2025-11-09T22:23:18.628+0000] {dag.py:3239} INFO - Sync 1 DAGs
[2025-11-09T22:23:18.672+0000] {logging_mixin.py:190} INFO - [2025-11-09T22:23:18.672+0000] {dag.py:4180} INFO - Setting next_dagrun for example_branch_labels to 2025-11-08 00:00:00+00:00, run_after=2025-11-09 00:00:00+00:00
[2025-11-09T22:23:18.703+0000] {processor.py:208} INFO - Processing /home/airflow/.local/lib/python3.12/site-packages/airflow/example_dags/example_branch_labels.py took 0.150 seconds
[2025-11-09T22:23:49.207+0000] {processor.py:186} INFO - Started process (PID=9522) to work on /home/airflow/.local/lib/python3.12/site-packages/airflow/example_dags/example_branch_labels.py
[2025-11-09T22:23:49.209+0000] {processor.py:914} INFO - Processing file /home/airflow/.local/lib/python3.12/site-packages/airflow/example_dags/example_branch_labels.py for tasks to queue
[2025-11-09T22:23:49.214+0000] {logging_mixin.py:190} INFO - [2025-11-09T22:23:49.213+0000] {dagbag.py:588} INFO - Filling up the DagBag from /home/airflow/.local/lib/python3.12/site-packages/airflow/example_dags/example_branch_labels.py
[2025-11-09T22:23:49.230+0000] {processor.py:925} INFO - DAG(s) 'example_branch_labels' retrieved from /home/airflow/.local/lib/python3.12/site-packages/airflow/example_dags/example_branch_labels.py
[2025-11-09T22:23:49.272+0000] {logging_mixin.py:190} INFO - [2025-11-09T22:23:49.271+0000] {dag.py:3239} INFO - Sync 1 DAGs
[2025-11-09T22:23:49.310+0000] {logging_mixin.py:190} INFO - [2025-11-09T22:23:49.310+0000] {dag.py:4180} INFO - Setting next_dagrun for example_branch_labels to 2025-11-08 00:00:00+00:00, run_after=2025-11-09 00:00:00+00:00
[2025-11-09T22:23:49.337+0000] {processor.py:208} INFO - Processing /home/airflow/.local/lib/python3.12/site-packages/airflow/example_dags/example_branch_labels.py took 0.140 seconds
[2025-11-09T22:24:19.575+0000] {processor.py:186} INFO - Started process (PID=9586) to work on /home/airflow/.local/lib/python3.12/site-packages/airflow/example_dags/example_branch_labels.py
[2025-11-09T22:24:19.576+0000] {processor.py:914} INFO - Processing file /home/airflow/.local/lib/python3.12/site-packages/airflow/example_dags/example_branch_labels.py for tasks to queue
[2025-11-09T22:24:19.580+0000] {logging_mixin.py:190} INFO - [2025-11-09T22:24:19.580+0000] {dagbag.py:588} INFO - Filling up the DagBag from /home/airflow/.local/lib/python3.12/site-packages/airflow/example_dags/example_branch_labels.py
[2025-11-09T22:24:19.600+0000] {processor.py:925} INFO - DAG(s) 'example_branch_labels' retrieved from /home/airflow/.local/lib/python3.12/site-packages/airflow/example_dags/example_branch_labels.py
[2025-11-09T22:24:19.640+0000] {logging_mixin.py:190} INFO - [2025-11-09T22:24:19.640+0000] {dag.py:3239} INFO - Sync 1 DAGs
[2025-11-09T22:24:19.680+0000] {logging_mixin.py:190} INFO - [2025-11-09T22:24:19.680+0000] {dag.py:4180} INFO - Setting next_dagrun for example_branch_labels to 2025-11-08 00:00:00+00:00, run_after=2025-11-09 00:00:00+00:00
[2025-11-09T22:24:19.712+0000] {processor.py:208} INFO - Processing /home/airflow/.local/lib/python3.12/site-packages/airflow/example_dags/example_branch_labels.py took 0.147 seconds
[2025-11-09T22:24:50.364+0000] {processor.py:186} INFO - Started process (PID=9650) to work on /home/airflow/.local/lib/python3.12/site-packages/airflow/example_dags/example_branch_labels.py
[2025-11-09T22:24:50.366+0000] {processor.py:914} INFO - Processing file /home/airflow/.local/lib/python3.12/site-packages/airflow/example_dags/example_branch_labels.py for tasks to queue
[2025-11-09T22:24:50.370+0000] {logging_mixin.py:190} INFO - [2025-11-09T22:24:50.370+0000] {dagbag.py:588} INFO - Filling up the DagBag from /home/airflow/.local/lib/python3.12/site-packages/airflow/example_dags/example_branch_labels.py
[2025-11-09T22:24:50.389+0000] {processor.py:925} INFO - DAG(s) 'example_branch_labels' retrieved from /home/airflow/.local/lib/python3.12/site-packages/airflow/example_dags/example_branch_labels.py
[2025-11-09T22:24:50.427+0000] {logging_mixin.py:190} INFO - [2025-11-09T22:24:50.426+0000] {dag.py:3239} INFO - Sync 1 DAGs
[2025-11-09T22:24:50.469+0000] {logging_mixin.py:190} INFO - [2025-11-09T22:24:50.469+0000] {dag.py:4180} INFO - Setting next_dagrun for example_branch_labels to 2025-11-08 00:00:00+00:00, run_after=2025-11-09 00:00:00+00:00
[2025-11-09T22:24:50.508+0000] {processor.py:208} INFO - Processing /home/airflow/.local/lib/python3.12/site-packages/airflow/example_dags/example_branch_labels.py took 0.155 seconds
[2025-11-09T22:25:21.460+0000] {processor.py:186} INFO - Started process (PID=9714) to work on /home/airflow/.local/lib/python3.12/site-packages/airflow/example_dags/example_branch_labels.py
[2025-11-09T22:25:21.462+0000] {processor.py:914} INFO - Processing file /home/airflow/.local/lib/python3.12/site-packages/airflow/example_dags/example_branch_labels.py for tasks to queue
[2025-11-09T22:25:21.467+0000] {logging_mixin.py:190} INFO - [2025-11-09T22:25:21.466+0000] {dagbag.py:588} INFO - Filling up the DagBag from /home/airflow/.local/lib/python3.12/site-packages/airflow/example_dags/example_branch_labels.py
[2025-11-09T22:25:21.486+0000] {processor.py:925} INFO - DAG(s) 'example_branch_labels' retrieved from /home/airflow/.local/lib/python3.12/site-packages/airflow/example_dags/example_branch_labels.py
[2025-11-09T22:25:21.533+0000] {logging_mixin.py:190} INFO - [2025-11-09T22:25:21.533+0000] {dag.py:3239} INFO - Sync 1 DAGs
[2025-11-09T22:25:21.584+0000] {logging_mixin.py:190} INFO - [2025-11-09T22:25:21.583+0000] {dag.py:4180} INFO - Setting next_dagrun for example_branch_labels to 2025-11-08 00:00:00+00:00, run_after=2025-11-09 00:00:00+00:00
[2025-11-09T22:25:21.619+0000] {processor.py:208} INFO - Processing /home/airflow/.local/lib/python3.12/site-packages/airflow/example_dags/example_branch_labels.py took 0.170 seconds
[2025-11-09T22:25:51.793+0000] {processor.py:186} INFO - Started process (PID=9778) to work on /home/airflow/.local/lib/python3.12/site-packages/airflow/example_dags/example_branch_labels.py
[2025-11-09T22:25:51.795+0000] {processor.py:914} INFO - Processing file /home/airflow/.local/lib/python3.12/site-packages/airflow/example_dags/example_branch_labels.py for tasks to queue
[2025-11-09T22:25:51.801+0000] {logging_mixin.py:190} INFO - [2025-11-09T22:25:51.800+0000] {dagbag.py:588} INFO - Filling up the DagBag from /home/airflow/.local/lib/python3.12/site-packages/airflow/example_dags/example_branch_labels.py
[2025-11-09T22:25:51.818+0000] {processor.py:925} INFO - DAG(s) 'example_branch_labels' retrieved from /home/airflow/.local/lib/python3.12/site-packages/airflow/example_dags/example_branch_labels.py
[2025-11-09T22:25:51.855+0000] {logging_mixin.py:190} INFO - [2025-11-09T22:25:51.855+0000] {dag.py:3239} INFO - Sync 1 DAGs
[2025-11-09T22:25:51.897+0000] {logging_mixin.py:190} INFO - [2025-11-09T22:25:51.896+0000] {dag.py:4180} INFO - Setting next_dagrun for example_branch_labels to 2025-11-08 00:00:00+00:00, run_after=2025-11-09 00:00:00+00:00
[2025-11-09T22:25:51.930+0000] {processor.py:208} INFO - Processing /home/airflow/.local/lib/python3.12/site-packages/airflow/example_dags/example_branch_labels.py took 0.148 seconds
[2025-11-09T22:26:22.634+0000] {processor.py:186} INFO - Started process (PID=9842) to work on /home/airflow/.local/lib/python3.12/site-packages/airflow/example_dags/example_branch_labels.py
[2025-11-09T22:26:22.636+0000] {processor.py:914} INFO - Processing file /home/airflow/.local/lib/python3.12/site-packages/airflow/example_dags/example_branch_labels.py for tasks to queue
[2025-11-09T22:26:22.642+0000] {logging_mixin.py:190} INFO - [2025-11-09T22:26:22.641+0000] {dagbag.py:588} INFO - Filling up the DagBag from /home/airflow/.local/lib/python3.12/site-packages/airflow/example_dags/example_branch_labels.py
[2025-11-09T22:26:22.663+0000] {processor.py:925} INFO - DAG(s) 'example_branch_labels' retrieved from /home/airflow/.local/lib/python3.12/site-packages/airflow/example_dags/example_branch_labels.py
[2025-11-09T22:26:22.711+0000] {logging_mixin.py:190} INFO - [2025-11-09T22:26:22.710+0000] {dag.py:3239} INFO - Sync 1 DAGs
[2025-11-09T22:26:22.758+0000] {logging_mixin.py:190} INFO - [2025-11-09T22:26:22.758+0000] {dag.py:4180} INFO - Setting next_dagrun for example_branch_labels to 2025-11-08 00:00:00+00:00, run_after=2025-11-09 00:00:00+00:00
[2025-11-09T22:26:22.795+0000] {processor.py:208} INFO - Processing /home/airflow/.local/lib/python3.12/site-packages/airflow/example_dags/example_branch_labels.py took 0.175 seconds
[2025-11-09T22:26:52.926+0000] {processor.py:186} INFO - Started process (PID=9906) to work on /home/airflow/.local/lib/python3.12/site-packages/airflow/example_dags/example_branch_labels.py
[2025-11-09T22:26:52.928+0000] {processor.py:914} INFO - Processing file /home/airflow/.local/lib/python3.12/site-packages/airflow/example_dags/example_branch_labels.py for tasks to queue
[2025-11-09T22:26:52.933+0000] {logging_mixin.py:190} INFO - [2025-11-09T22:26:52.932+0000] {dagbag.py:588} INFO - Filling up the DagBag from /home/airflow/.local/lib/python3.12/site-packages/airflow/example_dags/example_branch_labels.py
[2025-11-09T22:26:52.950+0000] {processor.py:925} INFO - DAG(s) 'example_branch_labels' retrieved from /home/airflow/.local/lib/python3.12/site-packages/airflow/example_dags/example_branch_labels.py
[2025-11-09T22:26:52.988+0000] {logging_mixin.py:190} INFO - [2025-11-09T22:26:52.988+0000] {dag.py:3239} INFO - Sync 1 DAGs
[2025-11-09T22:26:53.029+0000] {logging_mixin.py:190} INFO - [2025-11-09T22:26:53.029+0000] {dag.py:4180} INFO - Setting next_dagrun for example_branch_labels to 2025-11-08 00:00:00+00:00, run_after=2025-11-09 00:00:00+00:00
[2025-11-09T22:26:53.060+0000] {processor.py:208} INFO - Processing /home/airflow/.local/lib/python3.12/site-packages/airflow/example_dags/example_branch_labels.py took 0.146 seconds
[2025-11-09T22:27:23.773+0000] {processor.py:186} INFO - Started process (PID=9970) to work on /home/airflow/.local/lib/python3.12/site-packages/airflow/example_dags/example_branch_labels.py
[2025-11-09T22:27:23.777+0000] {processor.py:914} INFO - Processing file /home/airflow/.local/lib/python3.12/site-packages/airflow/example_dags/example_branch_labels.py for tasks to queue
[2025-11-09T22:27:23.783+0000] {logging_mixin.py:190} INFO - [2025-11-09T22:27:23.782+0000] {dagbag.py:588} INFO - Filling up the DagBag from /home/airflow/.local/lib/python3.12/site-packages/airflow/example_dags/example_branch_labels.py
[2025-11-09T22:27:23.806+0000] {processor.py:925} INFO - DAG(s) 'example_branch_labels' retrieved from /home/airflow/.local/lib/python3.12/site-packages/airflow/example_dags/example_branch_labels.py
[2025-11-09T22:27:23.852+0000] {logging_mixin.py:190} INFO - [2025-11-09T22:27:23.851+0000] {dag.py:3239} INFO - Sync 1 DAGs
[2025-11-09T22:27:23.904+0000] {logging_mixin.py:190} INFO - [2025-11-09T22:27:23.904+0000] {dag.py:4180} INFO - Setting next_dagrun for example_branch_labels to 2025-11-08 00:00:00+00:00, run_after=2025-11-09 00:00:00+00:00
[2025-11-09T22:27:23.954+0000] {processor.py:208} INFO - Processing /home/airflow/.local/lib/python3.12/site-packages/airflow/example_dags/example_branch_labels.py took 0.193 seconds
[2025-11-09T22:27:54.213+0000] {processor.py:186} INFO - Started process (PID=10034) to work on /home/airflow/.local/lib/python3.12/site-packages/airflow/example_dags/example_branch_labels.py
[2025-11-09T22:27:54.215+0000] {processor.py:914} INFO - Processing file /home/airflow/.local/lib/python3.12/site-packages/airflow/example_dags/example_branch_labels.py for tasks to queue
[2025-11-09T22:27:54.220+0000] {logging_mixin.py:190} INFO - [2025-11-09T22:27:54.219+0000] {dagbag.py:588} INFO - Filling up the DagBag from /home/airflow/.local/lib/python3.12/site-packages/airflow/example_dags/example_branch_labels.py
[2025-11-09T22:27:54.238+0000] {processor.py:925} INFO - DAG(s) 'example_branch_labels' retrieved from /home/airflow/.local/lib/python3.12/site-packages/airflow/example_dags/example_branch_labels.py
[2025-11-09T22:27:54.278+0000] {logging_mixin.py:190} INFO - [2025-11-09T22:27:54.277+0000] {dag.py:3239} INFO - Sync 1 DAGs
[2025-11-09T22:27:54.319+0000] {logging_mixin.py:190} INFO - [2025-11-09T22:27:54.318+0000] {dag.py:4180} INFO - Setting next_dagrun for example_branch_labels to 2025-11-08 00:00:00+00:00, run_after=2025-11-09 00:00:00+00:00
[2025-11-09T22:27:54.357+0000] {processor.py:208} INFO - Processing /home/airflow/.local/lib/python3.12/site-packages/airflow/example_dags/example_branch_labels.py took 0.154 seconds
[2025-11-09T22:28:25.224+0000] {processor.py:186} INFO - Started process (PID=10098) to work on /home/airflow/.local/lib/python3.12/site-packages/airflow/example_dags/example_branch_labels.py
[2025-11-09T22:28:25.226+0000] {processor.py:914} INFO - Processing file /home/airflow/.local/lib/python3.12/site-packages/airflow/example_dags/example_branch_labels.py for tasks to queue
[2025-11-09T22:28:25.232+0000] {logging_mixin.py:190} INFO - [2025-11-09T22:28:25.231+0000] {dagbag.py:588} INFO - Filling up the DagBag from /home/airflow/.local/lib/python3.12/site-packages/airflow/example_dags/example_branch_labels.py
[2025-11-09T22:28:25.250+0000] {processor.py:925} INFO - DAG(s) 'example_branch_labels' retrieved from /home/airflow/.local/lib/python3.12/site-packages/airflow/example_dags/example_branch_labels.py
[2025-11-09T22:28:25.287+0000] {logging_mixin.py:190} INFO - [2025-11-09T22:28:25.287+0000] {dag.py:3239} INFO - Sync 1 DAGs
[2025-11-09T22:28:25.323+0000] {logging_mixin.py:190} INFO - [2025-11-09T22:28:25.323+0000] {dag.py:4180} INFO - Setting next_dagrun for example_branch_labels to 2025-11-08 00:00:00+00:00, run_after=2025-11-09 00:00:00+00:00
[2025-11-09T22:28:25.354+0000] {processor.py:208} INFO - Processing /home/airflow/.local/lib/python3.12/site-packages/airflow/example_dags/example_branch_labels.py took 0.140 seconds
[2025-11-09T22:28:55.626+0000] {processor.py:186} INFO - Started process (PID=10162) to work on /home/airflow/.local/lib/python3.12/site-packages/airflow/example_dags/example_branch_labels.py
[2025-11-09T22:28:55.628+0000] {processor.py:914} INFO - Processing file /home/airflow/.local/lib/python3.12/site-packages/airflow/example_dags/example_branch_labels.py for tasks to queue
[2025-11-09T22:28:55.633+0000] {logging_mixin.py:190} INFO - [2025-11-09T22:28:55.633+0000] {dagbag.py:588} INFO - Filling up the DagBag from /home/airflow/.local/lib/python3.12/site-packages/airflow/example_dags/example_branch_labels.py
[2025-11-09T22:28:55.650+0000] {processor.py:925} INFO - DAG(s) 'example_branch_labels' retrieved from /home/airflow/.local/lib/python3.12/site-packages/airflow/example_dags/example_branch_labels.py
[2025-11-09T22:28:55.692+0000] {logging_mixin.py:190} INFO - [2025-11-09T22:28:55.691+0000] {dag.py:3239} INFO - Sync 1 DAGs
[2025-11-09T22:28:55.740+0000] {logging_mixin.py:190} INFO - [2025-11-09T22:28:55.739+0000] {dag.py:4180} INFO - Setting next_dagrun for example_branch_labels to 2025-11-08 00:00:00+00:00, run_after=2025-11-09 00:00:00+00:00
[2025-11-09T22:28:55.775+0000] {processor.py:208} INFO - Processing /home/airflow/.local/lib/python3.12/site-packages/airflow/example_dags/example_branch_labels.py took 0.158 seconds
[2025-11-09T22:29:26.349+0000] {processor.py:186} INFO - Started process (PID=10226) to work on /home/airflow/.local/lib/python3.12/site-packages/airflow/example_dags/example_branch_labels.py
[2025-11-09T22:29:26.351+0000] {processor.py:914} INFO - Processing file /home/airflow/.local/lib/python3.12/site-packages/airflow/example_dags/example_branch_labels.py for tasks to queue
[2025-11-09T22:29:26.357+0000] {logging_mixin.py:190} INFO - [2025-11-09T22:29:26.356+0000] {dagbag.py:588} INFO - Filling up the DagBag from /home/airflow/.local/lib/python3.12/site-packages/airflow/example_dags/example_branch_labels.py
[2025-11-09T22:29:26.379+0000] {processor.py:925} INFO - DAG(s) 'example_branch_labels' retrieved from /home/airflow/.local/lib/python3.12/site-packages/airflow/example_dags/example_branch_labels.py
[2025-11-09T22:29:26.427+0000] {logging_mixin.py:190} INFO - [2025-11-09T22:29:26.427+0000] {dag.py:3239} INFO - Sync 1 DAGs
[2025-11-09T22:29:26.474+0000] {logging_mixin.py:190} INFO - [2025-11-09T22:29:26.474+0000] {dag.py:4180} INFO - Setting next_dagrun for example_branch_labels to 2025-11-08 00:00:00+00:00, run_after=2025-11-09 00:00:00+00:00
[2025-11-09T22:29:26.522+0000] {processor.py:208} INFO - Processing /home/airflow/.local/lib/python3.12/site-packages/airflow/example_dags/example_branch_labels.py took 0.191 seconds
[2025-11-09T22:29:56.733+0000] {processor.py:186} INFO - Started process (PID=10291) to work on /home/airflow/.local/lib/python3.12/site-packages/airflow/example_dags/example_branch_labels.py
[2025-11-09T22:29:56.735+0000] {processor.py:914} INFO - Processing file /home/airflow/.local/lib/python3.12/site-packages/airflow/example_dags/example_branch_labels.py for tasks to queue
[2025-11-09T22:29:56.743+0000] {logging_mixin.py:190} INFO - [2025-11-09T22:29:56.742+0000] {dagbag.py:588} INFO - Filling up the DagBag from /home/airflow/.local/lib/python3.12/site-packages/airflow/example_dags/example_branch_labels.py
[2025-11-09T22:29:56.765+0000] {processor.py:925} INFO - DAG(s) 'example_branch_labels' retrieved from /home/airflow/.local/lib/python3.12/site-packages/airflow/example_dags/example_branch_labels.py
[2025-11-09T22:29:56.816+0000] {logging_mixin.py:190} INFO - [2025-11-09T22:29:56.816+0000] {dag.py:3239} INFO - Sync 1 DAGs
[2025-11-09T22:29:56.873+0000] {logging_mixin.py:190} INFO - [2025-11-09T22:29:56.873+0000] {dag.py:4180} INFO - Setting next_dagrun for example_branch_labels to 2025-11-08 00:00:00+00:00, run_after=2025-11-09 00:00:00+00:00
[2025-11-09T22:29:56.913+0000] {processor.py:208} INFO - Processing /home/airflow/.local/lib/python3.12/site-packages/airflow/example_dags/example_branch_labels.py took 0.196 seconds
