[2025-11-09T20:28:09.730+0000] {processor.py:186} INFO - Started process (PID=136) to work on /home/airflow/.local/lib/python3.12/site-packages/airflow/example_dags/example_task_group_decorator.py
[2025-11-09T20:28:09.734+0000] {processor.py:914} INFO - Processing file /home/airflow/.local/lib/python3.12/site-packages/airflow/example_dags/example_task_group_decorator.py for tasks to queue
[2025-11-09T20:28:09.743+0000] {logging_mixin.py:190} INFO - [2025-11-09T20:28:09.741+0000] {dagbag.py:588} INFO - Filling up the DagBag from /home/airflow/.local/lib/python3.12/site-packages/airflow/example_dags/example_task_group_decorator.py
[2025-11-09T20:28:09.802+0000] {processor.py:925} INFO - DAG(s) 'example_task_group_decorator' retrieved from /home/airflow/.local/lib/python3.12/site-packages/airflow/example_dags/example_task_group_decorator.py
[2025-11-09T20:28:10.132+0000] {logging_mixin.py:190} INFO - [2025-11-09T20:28:10.130+0000] {override.py:1911} INFO - Created Permission View: can edit on DAG:example_task_group_decorator
[2025-11-09T20:28:10.155+0000] {logging_mixin.py:190} INFO - [2025-11-09T20:28:10.154+0000] {override.py:1911} INFO - Created Permission View: can read on DAG:example_task_group_decorator
[2025-11-09T20:28:10.173+0000] {logging_mixin.py:190} INFO - [2025-11-09T20:28:10.172+0000] {override.py:1911} INFO - Created Permission View: can delete on DAG:example_task_group_decorator
[2025-11-09T20:28:10.192+0000] {logging_mixin.py:190} INFO - [2025-11-09T20:28:10.191+0000] {override.py:1911} INFO - Created Permission View: can read on DAG Run:example_task_group_decorator
[2025-11-09T20:28:10.209+0000] {logging_mixin.py:190} INFO - [2025-11-09T20:28:10.208+0000] {override.py:1911} INFO - Created Permission View: can create on DAG Run:example_task_group_decorator
[2025-11-09T20:28:10.225+0000] {logging_mixin.py:190} INFO - [2025-11-09T20:28:10.225+0000] {override.py:1911} INFO - Created Permission View: menu access on DAG Run:example_task_group_decorator
[2025-11-09T20:28:10.243+0000] {logging_mixin.py:190} INFO - [2025-11-09T20:28:10.242+0000] {override.py:1911} INFO - Created Permission View: can delete on DAG Run:example_task_group_decorator
[2025-11-09T20:28:10.245+0000] {logging_mixin.py:190} INFO - [2025-11-09T20:28:10.244+0000] {dag.py:3239} INFO - Sync 1 DAGs
[2025-11-09T20:28:10.290+0000] {logging_mixin.py:190} INFO - [2025-11-09T20:28:10.290+0000] {dag.py:3262} INFO - Creating ORM DAG for example_task_group_decorator
[2025-11-09T20:28:10.293+0000] {logging_mixin.py:190} INFO - [2025-11-09T20:28:10.292+0000] {dag.py:4180} INFO - Setting next_dagrun for example_task_group_decorator to None, run_after=None
[2025-11-09T20:28:10.335+0000] {processor.py:208} INFO - Processing /home/airflow/.local/lib/python3.12/site-packages/airflow/example_dags/example_task_group_decorator.py took 0.625 seconds
[2025-11-09T20:28:40.682+0000] {processor.py:186} INFO - Started process (PID=199) to work on /home/airflow/.local/lib/python3.12/site-packages/airflow/example_dags/example_task_group_decorator.py
[2025-11-09T20:28:40.684+0000] {processor.py:914} INFO - Processing file /home/airflow/.local/lib/python3.12/site-packages/airflow/example_dags/example_task_group_decorator.py for tasks to queue
[2025-11-09T20:28:40.690+0000] {logging_mixin.py:190} INFO - [2025-11-09T20:28:40.689+0000] {dagbag.py:588} INFO - Filling up the DagBag from /home/airflow/.local/lib/python3.12/site-packages/airflow/example_dags/example_task_group_decorator.py
[2025-11-09T20:28:40.726+0000] {processor.py:925} INFO - DAG(s) 'example_task_group_decorator' retrieved from /home/airflow/.local/lib/python3.12/site-packages/airflow/example_dags/example_task_group_decorator.py
[2025-11-09T20:28:40.768+0000] {logging_mixin.py:190} INFO - [2025-11-09T20:28:40.768+0000] {dag.py:3239} INFO - Sync 1 DAGs
[2025-11-09T20:28:40.793+0000] {logging_mixin.py:190} INFO - [2025-11-09T20:28:40.793+0000] {dag.py:4180} INFO - Setting next_dagrun for example_task_group_decorator to None, run_after=None
[2025-11-09T20:28:40.834+0000] {processor.py:208} INFO - Processing /home/airflow/.local/lib/python3.12/site-packages/airflow/example_dags/example_task_group_decorator.py took 0.165 seconds
[2025-11-09T20:29:11.759+0000] {processor.py:186} INFO - Started process (PID=262) to work on /home/airflow/.local/lib/python3.12/site-packages/airflow/example_dags/example_task_group_decorator.py
[2025-11-09T20:29:11.761+0000] {processor.py:914} INFO - Processing file /home/airflow/.local/lib/python3.12/site-packages/airflow/example_dags/example_task_group_decorator.py for tasks to queue
[2025-11-09T20:29:11.767+0000] {logging_mixin.py:190} INFO - [2025-11-09T20:29:11.766+0000] {dagbag.py:588} INFO - Filling up the DagBag from /home/airflow/.local/lib/python3.12/site-packages/airflow/example_dags/example_task_group_decorator.py
[2025-11-09T20:29:11.797+0000] {processor.py:925} INFO - DAG(s) 'example_task_group_decorator' retrieved from /home/airflow/.local/lib/python3.12/site-packages/airflow/example_dags/example_task_group_decorator.py
[2025-11-09T20:29:11.848+0000] {logging_mixin.py:190} INFO - [2025-11-09T20:29:11.848+0000] {dag.py:3239} INFO - Sync 1 DAGs
[2025-11-09T20:29:11.875+0000] {logging_mixin.py:190} INFO - [2025-11-09T20:29:11.874+0000] {dag.py:4180} INFO - Setting next_dagrun for example_task_group_decorator to None, run_after=None
[2025-11-09T20:29:11.909+0000] {processor.py:208} INFO - Processing /home/airflow/.local/lib/python3.12/site-packages/airflow/example_dags/example_task_group_decorator.py took 0.160 seconds
[2025-11-09T20:29:42.352+0000] {processor.py:186} INFO - Started process (PID=325) to work on /home/airflow/.local/lib/python3.12/site-packages/airflow/example_dags/example_task_group_decorator.py
[2025-11-09T20:29:42.354+0000] {processor.py:914} INFO - Processing file /home/airflow/.local/lib/python3.12/site-packages/airflow/example_dags/example_task_group_decorator.py for tasks to queue
[2025-11-09T20:29:42.359+0000] {logging_mixin.py:190} INFO - [2025-11-09T20:29:42.359+0000] {dagbag.py:588} INFO - Filling up the DagBag from /home/airflow/.local/lib/python3.12/site-packages/airflow/example_dags/example_task_group_decorator.py
[2025-11-09T20:29:42.392+0000] {processor.py:925} INFO - DAG(s) 'example_task_group_decorator' retrieved from /home/airflow/.local/lib/python3.12/site-packages/airflow/example_dags/example_task_group_decorator.py
[2025-11-09T20:29:42.441+0000] {logging_mixin.py:190} INFO - [2025-11-09T20:29:42.441+0000] {dag.py:3239} INFO - Sync 1 DAGs
[2025-11-09T20:29:42.474+0000] {logging_mixin.py:190} INFO - [2025-11-09T20:29:42.474+0000] {dag.py:4180} INFO - Setting next_dagrun for example_task_group_decorator to None, run_after=None
[2025-11-09T20:29:42.512+0000] {processor.py:208} INFO - Processing /home/airflow/.local/lib/python3.12/site-packages/airflow/example_dags/example_task_group_decorator.py took 0.173 seconds
[2025-11-09T20:30:12.756+0000] {processor.py:186} INFO - Started process (PID=387) to work on /home/airflow/.local/lib/python3.12/site-packages/airflow/example_dags/example_task_group_decorator.py
[2025-11-09T20:30:12.758+0000] {processor.py:914} INFO - Processing file /home/airflow/.local/lib/python3.12/site-packages/airflow/example_dags/example_task_group_decorator.py for tasks to queue
[2025-11-09T20:30:12.762+0000] {logging_mixin.py:190} INFO - [2025-11-09T20:30:12.762+0000] {dagbag.py:588} INFO - Filling up the DagBag from /home/airflow/.local/lib/python3.12/site-packages/airflow/example_dags/example_task_group_decorator.py
[2025-11-09T20:30:12.793+0000] {processor.py:925} INFO - DAG(s) 'example_task_group_decorator' retrieved from /home/airflow/.local/lib/python3.12/site-packages/airflow/example_dags/example_task_group_decorator.py
[2025-11-09T20:30:12.846+0000] {logging_mixin.py:190} INFO - [2025-11-09T20:30:12.846+0000] {dag.py:3239} INFO - Sync 1 DAGs
[2025-11-09T20:30:12.874+0000] {logging_mixin.py:190} INFO - [2025-11-09T20:30:12.873+0000] {dag.py:4180} INFO - Setting next_dagrun for example_task_group_decorator to None, run_after=None
[2025-11-09T20:30:12.915+0000] {processor.py:208} INFO - Processing /home/airflow/.local/lib/python3.12/site-packages/airflow/example_dags/example_task_group_decorator.py took 0.171 seconds
[2025-11-09T20:30:43.131+0000] {processor.py:186} INFO - Started process (PID=451) to work on /home/airflow/.local/lib/python3.12/site-packages/airflow/example_dags/example_task_group_decorator.py
[2025-11-09T20:30:43.133+0000] {processor.py:914} INFO - Processing file /home/airflow/.local/lib/python3.12/site-packages/airflow/example_dags/example_task_group_decorator.py for tasks to queue
[2025-11-09T20:30:43.139+0000] {logging_mixin.py:190} INFO - [2025-11-09T20:30:43.138+0000] {dagbag.py:588} INFO - Filling up the DagBag from /home/airflow/.local/lib/python3.12/site-packages/airflow/example_dags/example_task_group_decorator.py
[2025-11-09T20:30:43.167+0000] {processor.py:925} INFO - DAG(s) 'example_task_group_decorator' retrieved from /home/airflow/.local/lib/python3.12/site-packages/airflow/example_dags/example_task_group_decorator.py
[2025-11-09T20:30:43.215+0000] {logging_mixin.py:190} INFO - [2025-11-09T20:30:43.215+0000] {dag.py:3239} INFO - Sync 1 DAGs
[2025-11-09T20:30:43.243+0000] {logging_mixin.py:190} INFO - [2025-11-09T20:30:43.242+0000] {dag.py:4180} INFO - Setting next_dagrun for example_task_group_decorator to None, run_after=None
[2025-11-09T20:30:43.276+0000] {processor.py:208} INFO - Processing /home/airflow/.local/lib/python3.12/site-packages/airflow/example_dags/example_task_group_decorator.py took 0.156 seconds
[2025-11-09T20:31:14.599+0000] {processor.py:186} INFO - Started process (PID=514) to work on /home/airflow/.local/lib/python3.12/site-packages/airflow/example_dags/example_task_group_decorator.py
[2025-11-09T20:31:14.602+0000] {processor.py:914} INFO - Processing file /home/airflow/.local/lib/python3.12/site-packages/airflow/example_dags/example_task_group_decorator.py for tasks to queue
[2025-11-09T20:31:14.608+0000] {logging_mixin.py:190} INFO - [2025-11-09T20:31:14.607+0000] {dagbag.py:588} INFO - Filling up the DagBag from /home/airflow/.local/lib/python3.12/site-packages/airflow/example_dags/example_task_group_decorator.py
[2025-11-09T20:31:14.653+0000] {processor.py:925} INFO - DAG(s) 'example_task_group_decorator' retrieved from /home/airflow/.local/lib/python3.12/site-packages/airflow/example_dags/example_task_group_decorator.py
[2025-11-09T20:31:14.720+0000] {logging_mixin.py:190} INFO - [2025-11-09T20:31:14.719+0000] {dag.py:3239} INFO - Sync 1 DAGs
[2025-11-09T20:31:14.763+0000] {logging_mixin.py:190} INFO - [2025-11-09T20:31:14.763+0000] {dag.py:4180} INFO - Setting next_dagrun for example_task_group_decorator to None, run_after=None
[2025-11-09T20:31:14.801+0000] {processor.py:208} INFO - Processing /home/airflow/.local/lib/python3.12/site-packages/airflow/example_dags/example_task_group_decorator.py took 0.215 seconds
[2025-11-09T20:31:45.677+0000] {processor.py:186} INFO - Started process (PID=577) to work on /home/airflow/.local/lib/python3.12/site-packages/airflow/example_dags/example_task_group_decorator.py
[2025-11-09T20:31:45.679+0000] {processor.py:914} INFO - Processing file /home/airflow/.local/lib/python3.12/site-packages/airflow/example_dags/example_task_group_decorator.py for tasks to queue
[2025-11-09T20:31:45.685+0000] {logging_mixin.py:190} INFO - [2025-11-09T20:31:45.684+0000] {dagbag.py:588} INFO - Filling up the DagBag from /home/airflow/.local/lib/python3.12/site-packages/airflow/example_dags/example_task_group_decorator.py
[2025-11-09T20:31:45.716+0000] {processor.py:925} INFO - DAG(s) 'example_task_group_decorator' retrieved from /home/airflow/.local/lib/python3.12/site-packages/airflow/example_dags/example_task_group_decorator.py
[2025-11-09T20:31:45.782+0000] {logging_mixin.py:190} INFO - [2025-11-09T20:31:45.781+0000] {dag.py:3239} INFO - Sync 1 DAGs
[2025-11-09T20:31:45.826+0000] {logging_mixin.py:190} INFO - [2025-11-09T20:31:45.825+0000] {dag.py:4180} INFO - Setting next_dagrun for example_task_group_decorator to None, run_after=None
[2025-11-09T20:31:45.875+0000] {processor.py:208} INFO - Processing /home/airflow/.local/lib/python3.12/site-packages/airflow/example_dags/example_task_group_decorator.py took 0.208 seconds
[2025-11-09T20:32:16.126+0000] {processor.py:186} INFO - Started process (PID=639) to work on /home/airflow/.local/lib/python3.12/site-packages/airflow/example_dags/example_task_group_decorator.py
[2025-11-09T20:32:16.128+0000] {processor.py:914} INFO - Processing file /home/airflow/.local/lib/python3.12/site-packages/airflow/example_dags/example_task_group_decorator.py for tasks to queue
[2025-11-09T20:32:16.132+0000] {logging_mixin.py:190} INFO - [2025-11-09T20:32:16.131+0000] {dagbag.py:588} INFO - Filling up the DagBag from /home/airflow/.local/lib/python3.12/site-packages/airflow/example_dags/example_task_group_decorator.py
[2025-11-09T20:32:16.154+0000] {processor.py:925} INFO - DAG(s) 'example_task_group_decorator' retrieved from /home/airflow/.local/lib/python3.12/site-packages/airflow/example_dags/example_task_group_decorator.py
[2025-11-09T20:32:16.198+0000] {logging_mixin.py:190} INFO - [2025-11-09T20:32:16.197+0000] {dag.py:3239} INFO - Sync 1 DAGs
[2025-11-09T20:32:16.222+0000] {logging_mixin.py:190} INFO - [2025-11-09T20:32:16.221+0000] {dag.py:4180} INFO - Setting next_dagrun for example_task_group_decorator to None, run_after=None
[2025-11-09T20:32:16.249+0000] {processor.py:208} INFO - Processing /home/airflow/.local/lib/python3.12/site-packages/airflow/example_dags/example_task_group_decorator.py took 0.133 seconds
[2025-11-09T20:32:46.410+0000] {processor.py:186} INFO - Started process (PID=702) to work on /home/airflow/.local/lib/python3.12/site-packages/airflow/example_dags/example_task_group_decorator.py
[2025-11-09T20:32:46.412+0000] {processor.py:914} INFO - Processing file /home/airflow/.local/lib/python3.12/site-packages/airflow/example_dags/example_task_group_decorator.py for tasks to queue
[2025-11-09T20:32:46.418+0000] {logging_mixin.py:190} INFO - [2025-11-09T20:32:46.417+0000] {dagbag.py:588} INFO - Filling up the DagBag from /home/airflow/.local/lib/python3.12/site-packages/airflow/example_dags/example_task_group_decorator.py
[2025-11-09T20:32:46.448+0000] {processor.py:925} INFO - DAG(s) 'example_task_group_decorator' retrieved from /home/airflow/.local/lib/python3.12/site-packages/airflow/example_dags/example_task_group_decorator.py
[2025-11-09T20:32:46.493+0000] {logging_mixin.py:190} INFO - [2025-11-09T20:32:46.492+0000] {dag.py:3239} INFO - Sync 1 DAGs
[2025-11-09T20:32:46.516+0000] {logging_mixin.py:190} INFO - [2025-11-09T20:32:46.515+0000] {dag.py:4180} INFO - Setting next_dagrun for example_task_group_decorator to None, run_after=None
[2025-11-09T20:32:46.544+0000] {processor.py:208} INFO - Processing /home/airflow/.local/lib/python3.12/site-packages/airflow/example_dags/example_task_group_decorator.py took 0.145 seconds
[2025-11-09T20:33:16.986+0000] {processor.py:186} INFO - Started process (PID=765) to work on /home/airflow/.local/lib/python3.12/site-packages/airflow/example_dags/example_task_group_decorator.py
[2025-11-09T20:33:16.988+0000] {processor.py:914} INFO - Processing file /home/airflow/.local/lib/python3.12/site-packages/airflow/example_dags/example_task_group_decorator.py for tasks to queue
[2025-11-09T20:33:16.999+0000] {logging_mixin.py:190} INFO - [2025-11-09T20:33:16.998+0000] {dagbag.py:588} INFO - Filling up the DagBag from /home/airflow/.local/lib/python3.12/site-packages/airflow/example_dags/example_task_group_decorator.py
[2025-11-09T20:33:17.025+0000] {processor.py:925} INFO - DAG(s) 'example_task_group_decorator' retrieved from /home/airflow/.local/lib/python3.12/site-packages/airflow/example_dags/example_task_group_decorator.py
[2025-11-09T20:33:17.088+0000] {logging_mixin.py:190} INFO - [2025-11-09T20:33:17.088+0000] {dag.py:3239} INFO - Sync 1 DAGs
[2025-11-09T20:33:17.120+0000] {logging_mixin.py:190} INFO - [2025-11-09T20:33:17.120+0000] {dag.py:4180} INFO - Setting next_dagrun for example_task_group_decorator to None, run_after=None
[2025-11-09T20:33:17.167+0000] {processor.py:208} INFO - Processing /home/airflow/.local/lib/python3.12/site-packages/airflow/example_dags/example_task_group_decorator.py took 0.191 seconds
[2025-11-09T20:33:47.319+0000] {processor.py:186} INFO - Started process (PID=827) to work on /home/airflow/.local/lib/python3.12/site-packages/airflow/example_dags/example_task_group_decorator.py
[2025-11-09T20:33:47.322+0000] {processor.py:914} INFO - Processing file /home/airflow/.local/lib/python3.12/site-packages/airflow/example_dags/example_task_group_decorator.py for tasks to queue
[2025-11-09T20:33:47.326+0000] {logging_mixin.py:190} INFO - [2025-11-09T20:33:47.326+0000] {dagbag.py:588} INFO - Filling up the DagBag from /home/airflow/.local/lib/python3.12/site-packages/airflow/example_dags/example_task_group_decorator.py
[2025-11-09T20:33:47.350+0000] {processor.py:925} INFO - DAG(s) 'example_task_group_decorator' retrieved from /home/airflow/.local/lib/python3.12/site-packages/airflow/example_dags/example_task_group_decorator.py
[2025-11-09T20:33:47.390+0000] {logging_mixin.py:190} INFO - [2025-11-09T20:33:47.389+0000] {dag.py:3239} INFO - Sync 1 DAGs
[2025-11-09T20:33:47.411+0000] {logging_mixin.py:190} INFO - [2025-11-09T20:33:47.411+0000] {dag.py:4180} INFO - Setting next_dagrun for example_task_group_decorator to None, run_after=None
[2025-11-09T20:33:47.440+0000] {processor.py:208} INFO - Processing /home/airflow/.local/lib/python3.12/site-packages/airflow/example_dags/example_task_group_decorator.py took 0.131 seconds
[2025-11-09T20:34:18.291+0000] {processor.py:186} INFO - Started process (PID=891) to work on /home/airflow/.local/lib/python3.12/site-packages/airflow/example_dags/example_task_group_decorator.py
[2025-11-09T20:34:18.293+0000] {processor.py:914} INFO - Processing file /home/airflow/.local/lib/python3.12/site-packages/airflow/example_dags/example_task_group_decorator.py for tasks to queue
[2025-11-09T20:34:18.298+0000] {logging_mixin.py:190} INFO - [2025-11-09T20:34:18.298+0000] {dagbag.py:588} INFO - Filling up the DagBag from /home/airflow/.local/lib/python3.12/site-packages/airflow/example_dags/example_task_group_decorator.py
[2025-11-09T20:34:18.327+0000] {processor.py:925} INFO - DAG(s) 'example_task_group_decorator' retrieved from /home/airflow/.local/lib/python3.12/site-packages/airflow/example_dags/example_task_group_decorator.py
[2025-11-09T20:34:18.371+0000] {logging_mixin.py:190} INFO - [2025-11-09T20:34:18.370+0000] {dag.py:3239} INFO - Sync 1 DAGs
[2025-11-09T20:34:18.394+0000] {logging_mixin.py:190} INFO - [2025-11-09T20:34:18.394+0000] {dag.py:4180} INFO - Setting next_dagrun for example_task_group_decorator to None, run_after=None
[2025-11-09T20:34:18.429+0000] {processor.py:208} INFO - Processing /home/airflow/.local/lib/python3.12/site-packages/airflow/example_dags/example_task_group_decorator.py took 0.150 seconds
[2025-11-09T20:34:48.720+0000] {processor.py:186} INFO - Started process (PID=954) to work on /home/airflow/.local/lib/python3.12/site-packages/airflow/example_dags/example_task_group_decorator.py
[2025-11-09T20:34:48.722+0000] {processor.py:914} INFO - Processing file /home/airflow/.local/lib/python3.12/site-packages/airflow/example_dags/example_task_group_decorator.py for tasks to queue
[2025-11-09T20:34:48.727+0000] {logging_mixin.py:190} INFO - [2025-11-09T20:34:48.726+0000] {dagbag.py:588} INFO - Filling up the DagBag from /home/airflow/.local/lib/python3.12/site-packages/airflow/example_dags/example_task_group_decorator.py
[2025-11-09T20:34:48.757+0000] {processor.py:925} INFO - DAG(s) 'example_task_group_decorator' retrieved from /home/airflow/.local/lib/python3.12/site-packages/airflow/example_dags/example_task_group_decorator.py
[2025-11-09T20:34:48.804+0000] {logging_mixin.py:190} INFO - [2025-11-09T20:34:48.803+0000] {dag.py:3239} INFO - Sync 1 DAGs
[2025-11-09T20:34:48.829+0000] {logging_mixin.py:190} INFO - [2025-11-09T20:34:48.829+0000] {dag.py:4180} INFO - Setting next_dagrun for example_task_group_decorator to None, run_after=None
[2025-11-09T20:34:48.861+0000] {processor.py:208} INFO - Processing /home/airflow/.local/lib/python3.12/site-packages/airflow/example_dags/example_task_group_decorator.py took 0.153 seconds
[2025-11-09T20:35:19.251+0000] {processor.py:186} INFO - Started process (PID=1017) to work on /home/airflow/.local/lib/python3.12/site-packages/airflow/example_dags/example_task_group_decorator.py
[2025-11-09T20:35:19.253+0000] {processor.py:914} INFO - Processing file /home/airflow/.local/lib/python3.12/site-packages/airflow/example_dags/example_task_group_decorator.py for tasks to queue
[2025-11-09T20:35:19.258+0000] {logging_mixin.py:190} INFO - [2025-11-09T20:35:19.257+0000] {dagbag.py:588} INFO - Filling up the DagBag from /home/airflow/.local/lib/python3.12/site-packages/airflow/example_dags/example_task_group_decorator.py
[2025-11-09T20:35:19.283+0000] {processor.py:925} INFO - DAG(s) 'example_task_group_decorator' retrieved from /home/airflow/.local/lib/python3.12/site-packages/airflow/example_dags/example_task_group_decorator.py
[2025-11-09T20:35:19.324+0000] {logging_mixin.py:190} INFO - [2025-11-09T20:35:19.324+0000] {dag.py:3239} INFO - Sync 1 DAGs
[2025-11-09T20:35:19.350+0000] {logging_mixin.py:190} INFO - [2025-11-09T20:35:19.350+0000] {dag.py:4180} INFO - Setting next_dagrun for example_task_group_decorator to None, run_after=None
[2025-11-09T20:35:19.389+0000] {processor.py:208} INFO - Processing /home/airflow/.local/lib/python3.12/site-packages/airflow/example_dags/example_task_group_decorator.py took 0.148 seconds
[2025-11-09T20:35:50.380+0000] {processor.py:186} INFO - Started process (PID=1080) to work on /home/airflow/.local/lib/python3.12/site-packages/airflow/example_dags/example_task_group_decorator.py
[2025-11-09T20:35:50.382+0000] {processor.py:914} INFO - Processing file /home/airflow/.local/lib/python3.12/site-packages/airflow/example_dags/example_task_group_decorator.py for tasks to queue
[2025-11-09T20:35:50.387+0000] {logging_mixin.py:190} INFO - [2025-11-09T20:35:50.386+0000] {dagbag.py:588} INFO - Filling up the DagBag from /home/airflow/.local/lib/python3.12/site-packages/airflow/example_dags/example_task_group_decorator.py
[2025-11-09T20:35:50.411+0000] {processor.py:925} INFO - DAG(s) 'example_task_group_decorator' retrieved from /home/airflow/.local/lib/python3.12/site-packages/airflow/example_dags/example_task_group_decorator.py
[2025-11-09T20:35:50.458+0000] {logging_mixin.py:190} INFO - [2025-11-09T20:35:50.458+0000] {dag.py:3239} INFO - Sync 1 DAGs
[2025-11-09T20:35:50.493+0000] {logging_mixin.py:190} INFO - [2025-11-09T20:35:50.493+0000] {dag.py:4180} INFO - Setting next_dagrun for example_task_group_decorator to None, run_after=None
[2025-11-09T20:35:50.545+0000] {processor.py:208} INFO - Processing /home/airflow/.local/lib/python3.12/site-packages/airflow/example_dags/example_task_group_decorator.py took 0.176 seconds
[2025-11-09T20:36:21.427+0000] {processor.py:186} INFO - Started process (PID=1143) to work on /home/airflow/.local/lib/python3.12/site-packages/airflow/example_dags/example_task_group_decorator.py
[2025-11-09T20:36:21.428+0000] {processor.py:914} INFO - Processing file /home/airflow/.local/lib/python3.12/site-packages/airflow/example_dags/example_task_group_decorator.py for tasks to queue
[2025-11-09T20:36:21.432+0000] {logging_mixin.py:190} INFO - [2025-11-09T20:36:21.432+0000] {dagbag.py:588} INFO - Filling up the DagBag from /home/airflow/.local/lib/python3.12/site-packages/airflow/example_dags/example_task_group_decorator.py
[2025-11-09T20:36:21.455+0000] {processor.py:925} INFO - DAG(s) 'example_task_group_decorator' retrieved from /home/airflow/.local/lib/python3.12/site-packages/airflow/example_dags/example_task_group_decorator.py
[2025-11-09T20:36:21.499+0000] {logging_mixin.py:190} INFO - [2025-11-09T20:36:21.498+0000] {dag.py:3239} INFO - Sync 1 DAGs
[2025-11-09T20:36:21.522+0000] {logging_mixin.py:190} INFO - [2025-11-09T20:36:21.522+0000] {dag.py:4180} INFO - Setting next_dagrun for example_task_group_decorator to None, run_after=None
[2025-11-09T20:36:21.556+0000] {processor.py:208} INFO - Processing /home/airflow/.local/lib/python3.12/site-packages/airflow/example_dags/example_task_group_decorator.py took 0.139 seconds
[2025-11-09T20:36:51.811+0000] {processor.py:186} INFO - Started process (PID=1205) to work on /home/airflow/.local/lib/python3.12/site-packages/airflow/example_dags/example_task_group_decorator.py
[2025-11-09T20:36:51.813+0000] {processor.py:914} INFO - Processing file /home/airflow/.local/lib/python3.12/site-packages/airflow/example_dags/example_task_group_decorator.py for tasks to queue
[2025-11-09T20:36:51.818+0000] {logging_mixin.py:190} INFO - [2025-11-09T20:36:51.818+0000] {dagbag.py:588} INFO - Filling up the DagBag from /home/airflow/.local/lib/python3.12/site-packages/airflow/example_dags/example_task_group_decorator.py
[2025-11-09T20:36:51.843+0000] {processor.py:925} INFO - DAG(s) 'example_task_group_decorator' retrieved from /home/airflow/.local/lib/python3.12/site-packages/airflow/example_dags/example_task_group_decorator.py
[2025-11-09T20:36:51.885+0000] {logging_mixin.py:190} INFO - [2025-11-09T20:36:51.885+0000] {dag.py:3239} INFO - Sync 1 DAGs
[2025-11-09T20:36:51.907+0000] {logging_mixin.py:190} INFO - [2025-11-09T20:36:51.907+0000] {dag.py:4180} INFO - Setting next_dagrun for example_task_group_decorator to None, run_after=None
[2025-11-09T20:36:51.940+0000] {processor.py:208} INFO - Processing /home/airflow/.local/lib/python3.12/site-packages/airflow/example_dags/example_task_group_decorator.py took 0.139 seconds
[2025-11-09T20:37:22.069+0000] {processor.py:186} INFO - Started process (PID=1269) to work on /home/airflow/.local/lib/python3.12/site-packages/airflow/example_dags/example_task_group_decorator.py
[2025-11-09T20:37:22.071+0000] {processor.py:914} INFO - Processing file /home/airflow/.local/lib/python3.12/site-packages/airflow/example_dags/example_task_group_decorator.py for tasks to queue
[2025-11-09T20:37:22.077+0000] {logging_mixin.py:190} INFO - [2025-11-09T20:37:22.076+0000] {dagbag.py:588} INFO - Filling up the DagBag from /home/airflow/.local/lib/python3.12/site-packages/airflow/example_dags/example_task_group_decorator.py
[2025-11-09T20:37:22.111+0000] {processor.py:925} INFO - DAG(s) 'example_task_group_decorator' retrieved from /home/airflow/.local/lib/python3.12/site-packages/airflow/example_dags/example_task_group_decorator.py
[2025-11-09T20:37:22.160+0000] {logging_mixin.py:190} INFO - [2025-11-09T20:37:22.160+0000] {dag.py:3239} INFO - Sync 1 DAGs
[2025-11-09T20:37:22.187+0000] {logging_mixin.py:190} INFO - [2025-11-09T20:37:22.186+0000] {dag.py:4180} INFO - Setting next_dagrun for example_task_group_decorator to None, run_after=None
[2025-11-09T20:37:22.222+0000] {processor.py:208} INFO - Processing /home/airflow/.local/lib/python3.12/site-packages/airflow/example_dags/example_task_group_decorator.py took 0.166 seconds
[2025-11-09T20:37:52.643+0000] {processor.py:186} INFO - Started process (PID=1332) to work on /home/airflow/.local/lib/python3.12/site-packages/airflow/example_dags/example_task_group_decorator.py
[2025-11-09T20:37:52.644+0000] {processor.py:914} INFO - Processing file /home/airflow/.local/lib/python3.12/site-packages/airflow/example_dags/example_task_group_decorator.py for tasks to queue
[2025-11-09T20:37:52.649+0000] {logging_mixin.py:190} INFO - [2025-11-09T20:37:52.648+0000] {dagbag.py:588} INFO - Filling up the DagBag from /home/airflow/.local/lib/python3.12/site-packages/airflow/example_dags/example_task_group_decorator.py
[2025-11-09T20:37:52.671+0000] {processor.py:925} INFO - DAG(s) 'example_task_group_decorator' retrieved from /home/airflow/.local/lib/python3.12/site-packages/airflow/example_dags/example_task_group_decorator.py
[2025-11-09T20:37:52.714+0000] {logging_mixin.py:190} INFO - [2025-11-09T20:37:52.714+0000] {dag.py:3239} INFO - Sync 1 DAGs
[2025-11-09T20:37:52.736+0000] {logging_mixin.py:190} INFO - [2025-11-09T20:37:52.736+0000] {dag.py:4180} INFO - Setting next_dagrun for example_task_group_decorator to None, run_after=None
[2025-11-09T20:37:52.768+0000] {processor.py:208} INFO - Processing /home/airflow/.local/lib/python3.12/site-packages/airflow/example_dags/example_task_group_decorator.py took 0.135 seconds
[2025-11-09T20:38:23.395+0000] {processor.py:186} INFO - Started process (PID=1395) to work on /home/airflow/.local/lib/python3.12/site-packages/airflow/example_dags/example_task_group_decorator.py
[2025-11-09T20:38:23.397+0000] {processor.py:914} INFO - Processing file /home/airflow/.local/lib/python3.12/site-packages/airflow/example_dags/example_task_group_decorator.py for tasks to queue
[2025-11-09T20:38:23.402+0000] {logging_mixin.py:190} INFO - [2025-11-09T20:38:23.401+0000] {dagbag.py:588} INFO - Filling up the DagBag from /home/airflow/.local/lib/python3.12/site-packages/airflow/example_dags/example_task_group_decorator.py
[2025-11-09T20:38:23.428+0000] {processor.py:925} INFO - DAG(s) 'example_task_group_decorator' retrieved from /home/airflow/.local/lib/python3.12/site-packages/airflow/example_dags/example_task_group_decorator.py
[2025-11-09T20:38:23.469+0000] {logging_mixin.py:190} INFO - [2025-11-09T20:38:23.468+0000] {dag.py:3239} INFO - Sync 1 DAGs
[2025-11-09T20:38:23.493+0000] {logging_mixin.py:190} INFO - [2025-11-09T20:38:23.493+0000] {dag.py:4180} INFO - Setting next_dagrun for example_task_group_decorator to None, run_after=None
[2025-11-09T20:38:23.524+0000] {processor.py:208} INFO - Processing /home/airflow/.local/lib/python3.12/site-packages/airflow/example_dags/example_task_group_decorator.py took 0.139 seconds
[2025-11-09T20:38:53.733+0000] {processor.py:186} INFO - Started process (PID=1458) to work on /home/airflow/.local/lib/python3.12/site-packages/airflow/example_dags/example_task_group_decorator.py
[2025-11-09T20:38:53.735+0000] {processor.py:914} INFO - Processing file /home/airflow/.local/lib/python3.12/site-packages/airflow/example_dags/example_task_group_decorator.py for tasks to queue
[2025-11-09T20:38:53.741+0000] {logging_mixin.py:190} INFO - [2025-11-09T20:38:53.740+0000] {dagbag.py:588} INFO - Filling up the DagBag from /home/airflow/.local/lib/python3.12/site-packages/airflow/example_dags/example_task_group_decorator.py
[2025-11-09T20:38:53.766+0000] {processor.py:925} INFO - DAG(s) 'example_task_group_decorator' retrieved from /home/airflow/.local/lib/python3.12/site-packages/airflow/example_dags/example_task_group_decorator.py
[2025-11-09T20:38:53.814+0000] {logging_mixin.py:190} INFO - [2025-11-09T20:38:53.814+0000] {dag.py:3239} INFO - Sync 1 DAGs
[2025-11-09T20:38:53.838+0000] {logging_mixin.py:190} INFO - [2025-11-09T20:38:53.838+0000] {dag.py:4180} INFO - Setting next_dagrun for example_task_group_decorator to None, run_after=None
[2025-11-09T20:38:53.876+0000] {processor.py:208} INFO - Processing /home/airflow/.local/lib/python3.12/site-packages/airflow/example_dags/example_task_group_decorator.py took 0.154 seconds
[2025-11-09T20:39:24.168+0000] {processor.py:186} INFO - Started process (PID=1520) to work on /home/airflow/.local/lib/python3.12/site-packages/airflow/example_dags/example_task_group_decorator.py
[2025-11-09T20:39:24.170+0000] {processor.py:914} INFO - Processing file /home/airflow/.local/lib/python3.12/site-packages/airflow/example_dags/example_task_group_decorator.py for tasks to queue
[2025-11-09T20:39:24.175+0000] {logging_mixin.py:190} INFO - [2025-11-09T20:39:24.174+0000] {dagbag.py:588} INFO - Filling up the DagBag from /home/airflow/.local/lib/python3.12/site-packages/airflow/example_dags/example_task_group_decorator.py
[2025-11-09T20:39:24.208+0000] {processor.py:925} INFO - DAG(s) 'example_task_group_decorator' retrieved from /home/airflow/.local/lib/python3.12/site-packages/airflow/example_dags/example_task_group_decorator.py
[2025-11-09T20:39:24.261+0000] {logging_mixin.py:190} INFO - [2025-11-09T20:39:24.261+0000] {dag.py:3239} INFO - Sync 1 DAGs
[2025-11-09T20:39:24.288+0000] {logging_mixin.py:190} INFO - [2025-11-09T20:39:24.287+0000] {dag.py:4180} INFO - Setting next_dagrun for example_task_group_decorator to None, run_after=None
[2025-11-09T20:39:24.325+0000] {processor.py:208} INFO - Processing /home/airflow/.local/lib/python3.12/site-packages/airflow/example_dags/example_task_group_decorator.py took 0.173 seconds
[2025-11-09T20:39:54.664+0000] {processor.py:186} INFO - Started process (PID=1583) to work on /home/airflow/.local/lib/python3.12/site-packages/airflow/example_dags/example_task_group_decorator.py
[2025-11-09T20:39:54.665+0000] {processor.py:914} INFO - Processing file /home/airflow/.local/lib/python3.12/site-packages/airflow/example_dags/example_task_group_decorator.py for tasks to queue
[2025-11-09T20:39:54.670+0000] {logging_mixin.py:190} INFO - [2025-11-09T20:39:54.669+0000] {dagbag.py:588} INFO - Filling up the DagBag from /home/airflow/.local/lib/python3.12/site-packages/airflow/example_dags/example_task_group_decorator.py
[2025-11-09T20:39:54.694+0000] {processor.py:925} INFO - DAG(s) 'example_task_group_decorator' retrieved from /home/airflow/.local/lib/python3.12/site-packages/airflow/example_dags/example_task_group_decorator.py
[2025-11-09T20:39:54.742+0000] {logging_mixin.py:190} INFO - [2025-11-09T20:39:54.741+0000] {dag.py:3239} INFO - Sync 1 DAGs
[2025-11-09T20:39:54.770+0000] {logging_mixin.py:190} INFO - [2025-11-09T20:39:54.770+0000] {dag.py:4180} INFO - Setting next_dagrun for example_task_group_decorator to None, run_after=None
[2025-11-09T20:39:54.809+0000] {processor.py:208} INFO - Processing /home/airflow/.local/lib/python3.12/site-packages/airflow/example_dags/example_task_group_decorator.py took 0.154 seconds
[2025-11-09T20:40:25.268+0000] {processor.py:186} INFO - Started process (PID=1646) to work on /home/airflow/.local/lib/python3.12/site-packages/airflow/example_dags/example_task_group_decorator.py
[2025-11-09T20:40:25.271+0000] {processor.py:914} INFO - Processing file /home/airflow/.local/lib/python3.12/site-packages/airflow/example_dags/example_task_group_decorator.py for tasks to queue
[2025-11-09T20:40:25.276+0000] {logging_mixin.py:190} INFO - [2025-11-09T20:40:25.275+0000] {dagbag.py:588} INFO - Filling up the DagBag from /home/airflow/.local/lib/python3.12/site-packages/airflow/example_dags/example_task_group_decorator.py
[2025-11-09T20:40:25.307+0000] {processor.py:925} INFO - DAG(s) 'example_task_group_decorator' retrieved from /home/airflow/.local/lib/python3.12/site-packages/airflow/example_dags/example_task_group_decorator.py
[2025-11-09T20:40:25.356+0000] {logging_mixin.py:190} INFO - [2025-11-09T20:40:25.356+0000] {dag.py:3239} INFO - Sync 1 DAGs
[2025-11-09T20:40:25.384+0000] {logging_mixin.py:190} INFO - [2025-11-09T20:40:25.383+0000] {dag.py:4180} INFO - Setting next_dagrun for example_task_group_decorator to None, run_after=None
[2025-11-09T20:40:25.415+0000] {processor.py:208} INFO - Processing /home/airflow/.local/lib/python3.12/site-packages/airflow/example_dags/example_task_group_decorator.py took 0.158 seconds
[2025-11-09T20:40:55.975+0000] {processor.py:186} INFO - Started process (PID=1709) to work on /home/airflow/.local/lib/python3.12/site-packages/airflow/example_dags/example_task_group_decorator.py
[2025-11-09T20:40:55.977+0000] {processor.py:914} INFO - Processing file /home/airflow/.local/lib/python3.12/site-packages/airflow/example_dags/example_task_group_decorator.py for tasks to queue
[2025-11-09T20:40:55.981+0000] {logging_mixin.py:190} INFO - [2025-11-09T20:40:55.980+0000] {dagbag.py:588} INFO - Filling up the DagBag from /home/airflow/.local/lib/python3.12/site-packages/airflow/example_dags/example_task_group_decorator.py
[2025-11-09T20:40:56.005+0000] {processor.py:925} INFO - DAG(s) 'example_task_group_decorator' retrieved from /home/airflow/.local/lib/python3.12/site-packages/airflow/example_dags/example_task_group_decorator.py
[2025-11-09T20:40:56.047+0000] {logging_mixin.py:190} INFO - [2025-11-09T20:40:56.046+0000] {dag.py:3239} INFO - Sync 1 DAGs
[2025-11-09T20:40:56.083+0000] {logging_mixin.py:190} INFO - [2025-11-09T20:40:56.082+0000] {dag.py:4180} INFO - Setting next_dagrun for example_task_group_decorator to None, run_after=None
[2025-11-09T20:40:56.127+0000] {processor.py:208} INFO - Processing /home/airflow/.local/lib/python3.12/site-packages/airflow/example_dags/example_task_group_decorator.py took 0.161 seconds
[2025-11-09T20:41:26.837+0000] {processor.py:186} INFO - Started process (PID=1772) to work on /home/airflow/.local/lib/python3.12/site-packages/airflow/example_dags/example_task_group_decorator.py
[2025-11-09T20:41:26.838+0000] {processor.py:914} INFO - Processing file /home/airflow/.local/lib/python3.12/site-packages/airflow/example_dags/example_task_group_decorator.py for tasks to queue
[2025-11-09T20:41:26.844+0000] {logging_mixin.py:190} INFO - [2025-11-09T20:41:26.843+0000] {dagbag.py:588} INFO - Filling up the DagBag from /home/airflow/.local/lib/python3.12/site-packages/airflow/example_dags/example_task_group_decorator.py
[2025-11-09T20:41:26.872+0000] {processor.py:925} INFO - DAG(s) 'example_task_group_decorator' retrieved from /home/airflow/.local/lib/python3.12/site-packages/airflow/example_dags/example_task_group_decorator.py
[2025-11-09T20:41:26.928+0000] {logging_mixin.py:190} INFO - [2025-11-09T20:41:26.928+0000] {dag.py:3239} INFO - Sync 1 DAGs
[2025-11-09T20:41:26.963+0000] {logging_mixin.py:190} INFO - [2025-11-09T20:41:26.962+0000] {dag.py:4180} INFO - Setting next_dagrun for example_task_group_decorator to None, run_after=None
[2025-11-09T20:41:27.004+0000] {processor.py:208} INFO - Processing /home/airflow/.local/lib/python3.12/site-packages/airflow/example_dags/example_task_group_decorator.py took 0.179 seconds
[2025-11-09T20:41:57.459+0000] {processor.py:186} INFO - Started process (PID=1835) to work on /home/airflow/.local/lib/python3.12/site-packages/airflow/example_dags/example_task_group_decorator.py
[2025-11-09T20:41:57.461+0000] {processor.py:914} INFO - Processing file /home/airflow/.local/lib/python3.12/site-packages/airflow/example_dags/example_task_group_decorator.py for tasks to queue
[2025-11-09T20:41:57.467+0000] {logging_mixin.py:190} INFO - [2025-11-09T20:41:57.467+0000] {dagbag.py:588} INFO - Filling up the DagBag from /home/airflow/.local/lib/python3.12/site-packages/airflow/example_dags/example_task_group_decorator.py
[2025-11-09T20:41:57.510+0000] {processor.py:925} INFO - DAG(s) 'example_task_group_decorator' retrieved from /home/airflow/.local/lib/python3.12/site-packages/airflow/example_dags/example_task_group_decorator.py
[2025-11-09T20:41:57.571+0000] {logging_mixin.py:190} INFO - [2025-11-09T20:41:57.570+0000] {dag.py:3239} INFO - Sync 1 DAGs
[2025-11-09T20:41:57.608+0000] {logging_mixin.py:190} INFO - [2025-11-09T20:41:57.607+0000] {dag.py:4180} INFO - Setting next_dagrun for example_task_group_decorator to None, run_after=None
[2025-11-09T20:41:57.655+0000] {processor.py:208} INFO - Processing /home/airflow/.local/lib/python3.12/site-packages/airflow/example_dags/example_task_group_decorator.py took 0.211 seconds
[2025-11-09T20:42:27.946+0000] {processor.py:186} INFO - Started process (PID=1898) to work on /home/airflow/.local/lib/python3.12/site-packages/airflow/example_dags/example_task_group_decorator.py
[2025-11-09T20:42:27.949+0000] {processor.py:914} INFO - Processing file /home/airflow/.local/lib/python3.12/site-packages/airflow/example_dags/example_task_group_decorator.py for tasks to queue
[2025-11-09T20:42:27.955+0000] {logging_mixin.py:190} INFO - [2025-11-09T20:42:27.954+0000] {dagbag.py:588} INFO - Filling up the DagBag from /home/airflow/.local/lib/python3.12/site-packages/airflow/example_dags/example_task_group_decorator.py
[2025-11-09T20:42:27.997+0000] {processor.py:925} INFO - DAG(s) 'example_task_group_decorator' retrieved from /home/airflow/.local/lib/python3.12/site-packages/airflow/example_dags/example_task_group_decorator.py
[2025-11-09T20:42:28.056+0000] {logging_mixin.py:190} INFO - [2025-11-09T20:42:28.055+0000] {dag.py:3239} INFO - Sync 1 DAGs
[2025-11-09T20:42:28.094+0000] {logging_mixin.py:190} INFO - [2025-11-09T20:42:28.093+0000] {dag.py:4180} INFO - Setting next_dagrun for example_task_group_decorator to None, run_after=None
[2025-11-09T20:42:28.147+0000] {processor.py:208} INFO - Processing /home/airflow/.local/lib/python3.12/site-packages/airflow/example_dags/example_task_group_decorator.py took 0.214 seconds
[2025-11-09T20:42:58.634+0000] {processor.py:186} INFO - Started process (PID=1963) to work on /home/airflow/.local/lib/python3.12/site-packages/airflow/example_dags/example_task_group_decorator.py
[2025-11-09T20:42:58.636+0000] {processor.py:914} INFO - Processing file /home/airflow/.local/lib/python3.12/site-packages/airflow/example_dags/example_task_group_decorator.py for tasks to queue
[2025-11-09T20:42:58.641+0000] {logging_mixin.py:190} INFO - [2025-11-09T20:42:58.640+0000] {dagbag.py:588} INFO - Filling up the DagBag from /home/airflow/.local/lib/python3.12/site-packages/airflow/example_dags/example_task_group_decorator.py
[2025-11-09T20:42:58.672+0000] {processor.py:925} INFO - DAG(s) 'example_task_group_decorator' retrieved from /home/airflow/.local/lib/python3.12/site-packages/airflow/example_dags/example_task_group_decorator.py
[2025-11-09T20:42:58.725+0000] {logging_mixin.py:190} INFO - [2025-11-09T20:42:58.725+0000] {dag.py:3239} INFO - Sync 1 DAGs
[2025-11-09T20:42:58.764+0000] {logging_mixin.py:190} INFO - [2025-11-09T20:42:58.763+0000] {dag.py:4180} INFO - Setting next_dagrun for example_task_group_decorator to None, run_after=None
[2025-11-09T20:42:58.801+0000] {processor.py:208} INFO - Processing /home/airflow/.local/lib/python3.12/site-packages/airflow/example_dags/example_task_group_decorator.py took 0.181 seconds
[2025-11-09T20:43:29.136+0000] {processor.py:186} INFO - Started process (PID=2027) to work on /home/airflow/.local/lib/python3.12/site-packages/airflow/example_dags/example_task_group_decorator.py
[2025-11-09T20:43:29.138+0000] {processor.py:914} INFO - Processing file /home/airflow/.local/lib/python3.12/site-packages/airflow/example_dags/example_task_group_decorator.py for tasks to queue
[2025-11-09T20:43:29.143+0000] {logging_mixin.py:190} INFO - [2025-11-09T20:43:29.142+0000] {dagbag.py:588} INFO - Filling up the DagBag from /home/airflow/.local/lib/python3.12/site-packages/airflow/example_dags/example_task_group_decorator.py
[2025-11-09T20:43:29.168+0000] {processor.py:925} INFO - DAG(s) 'example_task_group_decorator' retrieved from /home/airflow/.local/lib/python3.12/site-packages/airflow/example_dags/example_task_group_decorator.py
[2025-11-09T20:43:29.212+0000] {logging_mixin.py:190} INFO - [2025-11-09T20:43:29.212+0000] {dag.py:3239} INFO - Sync 1 DAGs
[2025-11-09T20:43:29.235+0000] {logging_mixin.py:190} INFO - [2025-11-09T20:43:29.235+0000] {dag.py:4180} INFO - Setting next_dagrun for example_task_group_decorator to None, run_after=None
[2025-11-09T20:43:29.269+0000] {processor.py:208} INFO - Processing /home/airflow/.local/lib/python3.12/site-packages/airflow/example_dags/example_task_group_decorator.py took 0.142 seconds
[2025-11-09T20:43:59.831+0000] {processor.py:186} INFO - Started process (PID=2091) to work on /home/airflow/.local/lib/python3.12/site-packages/airflow/example_dags/example_task_group_decorator.py
[2025-11-09T20:43:59.834+0000] {processor.py:914} INFO - Processing file /home/airflow/.local/lib/python3.12/site-packages/airflow/example_dags/example_task_group_decorator.py for tasks to queue
[2025-11-09T20:43:59.840+0000] {logging_mixin.py:190} INFO - [2025-11-09T20:43:59.839+0000] {dagbag.py:588} INFO - Filling up the DagBag from /home/airflow/.local/lib/python3.12/site-packages/airflow/example_dags/example_task_group_decorator.py
[2025-11-09T20:43:59.875+0000] {processor.py:925} INFO - DAG(s) 'example_task_group_decorator' retrieved from /home/airflow/.local/lib/python3.12/site-packages/airflow/example_dags/example_task_group_decorator.py
[2025-11-09T20:43:59.929+0000] {logging_mixin.py:190} INFO - [2025-11-09T20:43:59.928+0000] {dag.py:3239} INFO - Sync 1 DAGs
[2025-11-09T20:43:59.959+0000] {logging_mixin.py:190} INFO - [2025-11-09T20:43:59.958+0000] {dag.py:4180} INFO - Setting next_dagrun for example_task_group_decorator to None, run_after=None
[2025-11-09T20:43:59.997+0000] {processor.py:208} INFO - Processing /home/airflow/.local/lib/python3.12/site-packages/airflow/example_dags/example_task_group_decorator.py took 0.179 seconds
[2025-11-09T20:44:30.623+0000] {processor.py:186} INFO - Started process (PID=2154) to work on /home/airflow/.local/lib/python3.12/site-packages/airflow/example_dags/example_task_group_decorator.py
[2025-11-09T20:44:30.626+0000] {processor.py:914} INFO - Processing file /home/airflow/.local/lib/python3.12/site-packages/airflow/example_dags/example_task_group_decorator.py for tasks to queue
[2025-11-09T20:44:30.630+0000] {logging_mixin.py:190} INFO - [2025-11-09T20:44:30.629+0000] {dagbag.py:588} INFO - Filling up the DagBag from /home/airflow/.local/lib/python3.12/site-packages/airflow/example_dags/example_task_group_decorator.py
[2025-11-09T20:44:30.653+0000] {processor.py:925} INFO - DAG(s) 'example_task_group_decorator' retrieved from /home/airflow/.local/lib/python3.12/site-packages/airflow/example_dags/example_task_group_decorator.py
[2025-11-09T20:44:30.699+0000] {logging_mixin.py:190} INFO - [2025-11-09T20:44:30.698+0000] {dag.py:3239} INFO - Sync 1 DAGs
[2025-11-09T20:44:30.741+0000] {logging_mixin.py:190} INFO - [2025-11-09T20:44:30.741+0000] {dag.py:4180} INFO - Setting next_dagrun for example_task_group_decorator to None, run_after=None
[2025-11-09T20:44:30.823+0000] {processor.py:208} INFO - Processing /home/airflow/.local/lib/python3.12/site-packages/airflow/example_dags/example_task_group_decorator.py took 0.209 seconds
[2025-11-09T20:45:00.965+0000] {processor.py:186} INFO - Started process (PID=2217) to work on /home/airflow/.local/lib/python3.12/site-packages/airflow/example_dags/example_task_group_decorator.py
[2025-11-09T20:45:00.967+0000] {processor.py:914} INFO - Processing file /home/airflow/.local/lib/python3.12/site-packages/airflow/example_dags/example_task_group_decorator.py for tasks to queue
[2025-11-09T20:45:00.973+0000] {logging_mixin.py:190} INFO - [2025-11-09T20:45:00.972+0000] {dagbag.py:588} INFO - Filling up the DagBag from /home/airflow/.local/lib/python3.12/site-packages/airflow/example_dags/example_task_group_decorator.py
[2025-11-09T20:45:01.004+0000] {processor.py:925} INFO - DAG(s) 'example_task_group_decorator' retrieved from /home/airflow/.local/lib/python3.12/site-packages/airflow/example_dags/example_task_group_decorator.py
[2025-11-09T20:45:01.051+0000] {logging_mixin.py:190} INFO - [2025-11-09T20:45:01.051+0000] {dag.py:3239} INFO - Sync 1 DAGs
[2025-11-09T20:45:01.076+0000] {logging_mixin.py:190} INFO - [2025-11-09T20:45:01.076+0000] {dag.py:4180} INFO - Setting next_dagrun for example_task_group_decorator to None, run_after=None
[2025-11-09T20:45:01.115+0000] {processor.py:208} INFO - Processing /home/airflow/.local/lib/python3.12/site-packages/airflow/example_dags/example_task_group_decorator.py took 0.160 seconds
[2025-11-09T20:45:31.786+0000] {processor.py:186} INFO - Started process (PID=2288) to work on /home/airflow/.local/lib/python3.12/site-packages/airflow/example_dags/example_task_group_decorator.py
[2025-11-09T20:45:31.788+0000] {processor.py:914} INFO - Processing file /home/airflow/.local/lib/python3.12/site-packages/airflow/example_dags/example_task_group_decorator.py for tasks to queue
[2025-11-09T20:45:31.792+0000] {logging_mixin.py:190} INFO - [2025-11-09T20:45:31.792+0000] {dagbag.py:588} INFO - Filling up the DagBag from /home/airflow/.local/lib/python3.12/site-packages/airflow/example_dags/example_task_group_decorator.py
[2025-11-09T20:45:31.819+0000] {processor.py:925} INFO - DAG(s) 'example_task_group_decorator' retrieved from /home/airflow/.local/lib/python3.12/site-packages/airflow/example_dags/example_task_group_decorator.py
[2025-11-09T20:45:31.867+0000] {logging_mixin.py:190} INFO - [2025-11-09T20:45:31.867+0000] {dag.py:3239} INFO - Sync 1 DAGs
[2025-11-09T20:45:31.892+0000] {logging_mixin.py:190} INFO - [2025-11-09T20:45:31.891+0000] {dag.py:4180} INFO - Setting next_dagrun for example_task_group_decorator to None, run_after=None
[2025-11-09T20:45:31.926+0000] {processor.py:208} INFO - Processing /home/airflow/.local/lib/python3.12/site-packages/airflow/example_dags/example_task_group_decorator.py took 0.150 seconds
[2025-11-09T20:46:02.169+0000] {processor.py:186} INFO - Started process (PID=2352) to work on /home/airflow/.local/lib/python3.12/site-packages/airflow/example_dags/example_task_group_decorator.py
[2025-11-09T20:46:02.172+0000] {processor.py:914} INFO - Processing file /home/airflow/.local/lib/python3.12/site-packages/airflow/example_dags/example_task_group_decorator.py for tasks to queue
[2025-11-09T20:46:02.178+0000] {logging_mixin.py:190} INFO - [2025-11-09T20:46:02.177+0000] {dagbag.py:588} INFO - Filling up the DagBag from /home/airflow/.local/lib/python3.12/site-packages/airflow/example_dags/example_task_group_decorator.py
[2025-11-09T20:46:02.214+0000] {processor.py:925} INFO - DAG(s) 'example_task_group_decorator' retrieved from /home/airflow/.local/lib/python3.12/site-packages/airflow/example_dags/example_task_group_decorator.py
[2025-11-09T20:46:02.278+0000] {logging_mixin.py:190} INFO - [2025-11-09T20:46:02.277+0000] {dag.py:3239} INFO - Sync 1 DAGs
[2025-11-09T20:46:02.314+0000] {logging_mixin.py:190} INFO - [2025-11-09T20:46:02.314+0000] {dag.py:4180} INFO - Setting next_dagrun for example_task_group_decorator to None, run_after=None
[2025-11-09T20:46:02.360+0000] {processor.py:208} INFO - Processing /home/airflow/.local/lib/python3.12/site-packages/airflow/example_dags/example_task_group_decorator.py took 0.207 seconds
[2025-11-09T20:46:33.260+0000] {processor.py:186} INFO - Started process (PID=2416) to work on /home/airflow/.local/lib/python3.12/site-packages/airflow/example_dags/example_task_group_decorator.py
[2025-11-09T20:46:33.262+0000] {processor.py:914} INFO - Processing file /home/airflow/.local/lib/python3.12/site-packages/airflow/example_dags/example_task_group_decorator.py for tasks to queue
[2025-11-09T20:46:33.270+0000] {logging_mixin.py:190} INFO - [2025-11-09T20:46:33.269+0000] {dagbag.py:588} INFO - Filling up the DagBag from /home/airflow/.local/lib/python3.12/site-packages/airflow/example_dags/example_task_group_decorator.py
[2025-11-09T20:46:33.316+0000] {processor.py:925} INFO - DAG(s) 'example_task_group_decorator' retrieved from /home/airflow/.local/lib/python3.12/site-packages/airflow/example_dags/example_task_group_decorator.py
[2025-11-09T20:46:33.469+0000] {logging_mixin.py:190} INFO - [2025-11-09T20:46:33.468+0000] {dag.py:3239} INFO - Sync 1 DAGs
[2025-11-09T20:46:33.517+0000] {logging_mixin.py:190} INFO - [2025-11-09T20:46:33.517+0000] {dag.py:4180} INFO - Setting next_dagrun for example_task_group_decorator to None, run_after=None
[2025-11-09T20:46:33.569+0000] {processor.py:208} INFO - Processing /home/airflow/.local/lib/python3.12/site-packages/airflow/example_dags/example_task_group_decorator.py took 0.327 seconds
[2025-11-09T20:47:03.940+0000] {processor.py:186} INFO - Started process (PID=2480) to work on /home/airflow/.local/lib/python3.12/site-packages/airflow/example_dags/example_task_group_decorator.py
[2025-11-09T20:47:03.943+0000] {processor.py:914} INFO - Processing file /home/airflow/.local/lib/python3.12/site-packages/airflow/example_dags/example_task_group_decorator.py for tasks to queue
[2025-11-09T20:47:03.949+0000] {logging_mixin.py:190} INFO - [2025-11-09T20:47:03.948+0000] {dagbag.py:588} INFO - Filling up the DagBag from /home/airflow/.local/lib/python3.12/site-packages/airflow/example_dags/example_task_group_decorator.py
[2025-11-09T20:47:03.992+0000] {processor.py:925} INFO - DAG(s) 'example_task_group_decorator' retrieved from /home/airflow/.local/lib/python3.12/site-packages/airflow/example_dags/example_task_group_decorator.py
[2025-11-09T20:47:04.050+0000] {logging_mixin.py:190} INFO - [2025-11-09T20:47:04.049+0000] {dag.py:3239} INFO - Sync 1 DAGs
[2025-11-09T20:47:04.080+0000] {logging_mixin.py:190} INFO - [2025-11-09T20:47:04.080+0000] {dag.py:4180} INFO - Setting next_dagrun for example_task_group_decorator to None, run_after=None
[2025-11-09T20:47:04.122+0000] {processor.py:208} INFO - Processing /home/airflow/.local/lib/python3.12/site-packages/airflow/example_dags/example_task_group_decorator.py took 0.200 seconds
[2025-11-09T20:47:34.951+0000] {processor.py:186} INFO - Started process (PID=2545) to work on /home/airflow/.local/lib/python3.12/site-packages/airflow/example_dags/example_task_group_decorator.py
[2025-11-09T20:47:34.953+0000] {processor.py:914} INFO - Processing file /home/airflow/.local/lib/python3.12/site-packages/airflow/example_dags/example_task_group_decorator.py for tasks to queue
[2025-11-09T20:47:34.958+0000] {logging_mixin.py:190} INFO - [2025-11-09T20:47:34.957+0000] {dagbag.py:588} INFO - Filling up the DagBag from /home/airflow/.local/lib/python3.12/site-packages/airflow/example_dags/example_task_group_decorator.py
[2025-11-09T20:47:34.985+0000] {processor.py:925} INFO - DAG(s) 'example_task_group_decorator' retrieved from /home/airflow/.local/lib/python3.12/site-packages/airflow/example_dags/example_task_group_decorator.py
[2025-11-09T20:47:35.036+0000] {logging_mixin.py:190} INFO - [2025-11-09T20:47:35.035+0000] {dag.py:3239} INFO - Sync 1 DAGs
[2025-11-09T20:47:35.075+0000] {logging_mixin.py:190} INFO - [2025-11-09T20:47:35.074+0000] {dag.py:4180} INFO - Setting next_dagrun for example_task_group_decorator to None, run_after=None
[2025-11-09T20:47:35.119+0000] {processor.py:208} INFO - Processing /home/airflow/.local/lib/python3.12/site-packages/airflow/example_dags/example_task_group_decorator.py took 0.180 seconds
[2025-11-09T20:48:05.919+0000] {processor.py:186} INFO - Started process (PID=2610) to work on /home/airflow/.local/lib/python3.12/site-packages/airflow/example_dags/example_task_group_decorator.py
[2025-11-09T20:48:05.923+0000] {processor.py:914} INFO - Processing file /home/airflow/.local/lib/python3.12/site-packages/airflow/example_dags/example_task_group_decorator.py for tasks to queue
[2025-11-09T20:48:05.931+0000] {logging_mixin.py:190} INFO - [2025-11-09T20:48:05.930+0000] {dagbag.py:588} INFO - Filling up the DagBag from /home/airflow/.local/lib/python3.12/site-packages/airflow/example_dags/example_task_group_decorator.py
[2025-11-09T20:48:06.036+0000] {processor.py:925} INFO - DAG(s) 'example_task_group_decorator' retrieved from /home/airflow/.local/lib/python3.12/site-packages/airflow/example_dags/example_task_group_decorator.py
[2025-11-09T20:48:06.147+0000] {logging_mixin.py:190} INFO - [2025-11-09T20:48:06.146+0000] {dag.py:3239} INFO - Sync 1 DAGs
[2025-11-09T20:48:06.201+0000] {logging_mixin.py:190} INFO - [2025-11-09T20:48:06.201+0000] {dag.py:4180} INFO - Setting next_dagrun for example_task_group_decorator to None, run_after=None
[2025-11-09T20:48:06.265+0000] {processor.py:208} INFO - Processing /home/airflow/.local/lib/python3.12/site-packages/airflow/example_dags/example_task_group_decorator.py took 0.386 seconds
[2025-11-09T20:48:36.459+0000] {processor.py:186} INFO - Started process (PID=2674) to work on /home/airflow/.local/lib/python3.12/site-packages/airflow/example_dags/example_task_group_decorator.py
[2025-11-09T20:48:36.461+0000] {processor.py:914} INFO - Processing file /home/airflow/.local/lib/python3.12/site-packages/airflow/example_dags/example_task_group_decorator.py for tasks to queue
[2025-11-09T20:48:36.468+0000] {logging_mixin.py:190} INFO - [2025-11-09T20:48:36.467+0000] {dagbag.py:588} INFO - Filling up the DagBag from /home/airflow/.local/lib/python3.12/site-packages/airflow/example_dags/example_task_group_decorator.py
[2025-11-09T20:48:36.518+0000] {processor.py:925} INFO - DAG(s) 'example_task_group_decorator' retrieved from /home/airflow/.local/lib/python3.12/site-packages/airflow/example_dags/example_task_group_decorator.py
[2025-11-09T20:48:36.582+0000] {logging_mixin.py:190} INFO - [2025-11-09T20:48:36.581+0000] {dag.py:3239} INFO - Sync 1 DAGs
[2025-11-09T20:48:36.626+0000] {logging_mixin.py:190} INFO - [2025-11-09T20:48:36.626+0000] {dag.py:4180} INFO - Setting next_dagrun for example_task_group_decorator to None, run_after=None
[2025-11-09T20:48:36.674+0000] {processor.py:208} INFO - Processing /home/airflow/.local/lib/python3.12/site-packages/airflow/example_dags/example_task_group_decorator.py took 0.231 seconds
[2025-11-09T20:49:07.381+0000] {processor.py:186} INFO - Started process (PID=2738) to work on /home/airflow/.local/lib/python3.12/site-packages/airflow/example_dags/example_task_group_decorator.py
[2025-11-09T20:49:07.383+0000] {processor.py:914} INFO - Processing file /home/airflow/.local/lib/python3.12/site-packages/airflow/example_dags/example_task_group_decorator.py for tasks to queue
[2025-11-09T20:49:07.388+0000] {logging_mixin.py:190} INFO - [2025-11-09T20:49:07.387+0000] {dagbag.py:588} INFO - Filling up the DagBag from /home/airflow/.local/lib/python3.12/site-packages/airflow/example_dags/example_task_group_decorator.py
[2025-11-09T20:49:07.412+0000] {processor.py:925} INFO - DAG(s) 'example_task_group_decorator' retrieved from /home/airflow/.local/lib/python3.12/site-packages/airflow/example_dags/example_task_group_decorator.py
[2025-11-09T20:49:07.455+0000] {logging_mixin.py:190} INFO - [2025-11-09T20:49:07.454+0000] {dag.py:3239} INFO - Sync 1 DAGs
[2025-11-09T20:49:07.484+0000] {logging_mixin.py:190} INFO - [2025-11-09T20:49:07.484+0000] {dag.py:4180} INFO - Setting next_dagrun for example_task_group_decorator to None, run_after=None
[2025-11-09T20:49:07.523+0000] {processor.py:208} INFO - Processing /home/airflow/.local/lib/python3.12/site-packages/airflow/example_dags/example_task_group_decorator.py took 0.154 seconds
[2025-11-09T20:49:38.790+0000] {processor.py:186} INFO - Started process (PID=2802) to work on /home/airflow/.local/lib/python3.12/site-packages/airflow/example_dags/example_task_group_decorator.py
[2025-11-09T20:49:38.792+0000] {processor.py:914} INFO - Processing file /home/airflow/.local/lib/python3.12/site-packages/airflow/example_dags/example_task_group_decorator.py for tasks to queue
[2025-11-09T20:49:38.796+0000] {logging_mixin.py:190} INFO - [2025-11-09T20:49:38.796+0000] {dagbag.py:588} INFO - Filling up the DagBag from /home/airflow/.local/lib/python3.12/site-packages/airflow/example_dags/example_task_group_decorator.py
[2025-11-09T20:49:38.819+0000] {processor.py:925} INFO - DAG(s) 'example_task_group_decorator' retrieved from /home/airflow/.local/lib/python3.12/site-packages/airflow/example_dags/example_task_group_decorator.py
[2025-11-09T20:49:38.865+0000] {logging_mixin.py:190} INFO - [2025-11-09T20:49:38.865+0000] {dag.py:3239} INFO - Sync 1 DAGs
[2025-11-09T20:49:38.892+0000] {logging_mixin.py:190} INFO - [2025-11-09T20:49:38.891+0000] {dag.py:4180} INFO - Setting next_dagrun for example_task_group_decorator to None, run_after=None
[2025-11-09T20:49:38.928+0000] {processor.py:208} INFO - Processing /home/airflow/.local/lib/python3.12/site-packages/airflow/example_dags/example_task_group_decorator.py took 0.148 seconds
[2025-11-09T20:50:10.306+0000] {processor.py:186} INFO - Started process (PID=2866) to work on /home/airflow/.local/lib/python3.12/site-packages/airflow/example_dags/example_task_group_decorator.py
[2025-11-09T20:50:10.308+0000] {processor.py:914} INFO - Processing file /home/airflow/.local/lib/python3.12/site-packages/airflow/example_dags/example_task_group_decorator.py for tasks to queue
[2025-11-09T20:50:10.314+0000] {logging_mixin.py:190} INFO - [2025-11-09T20:50:10.314+0000] {dagbag.py:588} INFO - Filling up the DagBag from /home/airflow/.local/lib/python3.12/site-packages/airflow/example_dags/example_task_group_decorator.py
[2025-11-09T20:50:10.347+0000] {processor.py:925} INFO - DAG(s) 'example_task_group_decorator' retrieved from /home/airflow/.local/lib/python3.12/site-packages/airflow/example_dags/example_task_group_decorator.py
[2025-11-09T20:50:10.393+0000] {logging_mixin.py:190} INFO - [2025-11-09T20:50:10.392+0000] {dag.py:3239} INFO - Sync 1 DAGs
[2025-11-09T20:50:10.422+0000] {logging_mixin.py:190} INFO - [2025-11-09T20:50:10.421+0000] {dag.py:4180} INFO - Setting next_dagrun for example_task_group_decorator to None, run_after=None
[2025-11-09T20:50:10.456+0000] {processor.py:208} INFO - Processing /home/airflow/.local/lib/python3.12/site-packages/airflow/example_dags/example_task_group_decorator.py took 0.161 seconds
[2025-11-09T20:50:43.171+0000] {processor.py:186} INFO - Started process (PID=2929) to work on /home/airflow/.local/lib/python3.12/site-packages/airflow/example_dags/example_task_group_decorator.py
[2025-11-09T20:50:43.175+0000] {processor.py:914} INFO - Processing file /home/airflow/.local/lib/python3.12/site-packages/airflow/example_dags/example_task_group_decorator.py for tasks to queue
[2025-11-09T20:50:43.183+0000] {logging_mixin.py:190} INFO - [2025-11-09T20:50:43.182+0000] {dagbag.py:588} INFO - Filling up the DagBag from /home/airflow/.local/lib/python3.12/site-packages/airflow/example_dags/example_task_group_decorator.py
[2025-11-09T20:50:43.243+0000] {processor.py:925} INFO - DAG(s) 'example_task_group_decorator' retrieved from /home/airflow/.local/lib/python3.12/site-packages/airflow/example_dags/example_task_group_decorator.py
[2025-11-09T20:50:43.335+0000] {logging_mixin.py:190} INFO - [2025-11-09T20:50:43.335+0000] {dag.py:3239} INFO - Sync 1 DAGs
[2025-11-09T20:50:43.394+0000] {logging_mixin.py:190} INFO - [2025-11-09T20:50:43.393+0000] {dag.py:4180} INFO - Setting next_dagrun for example_task_group_decorator to None, run_after=None
[2025-11-09T20:50:43.456+0000] {processor.py:208} INFO - Processing /home/airflow/.local/lib/python3.12/site-packages/airflow/example_dags/example_task_group_decorator.py took 0.309 seconds
[2025-11-09T20:51:14.360+0000] {processor.py:186} INFO - Started process (PID=2994) to work on /home/airflow/.local/lib/python3.12/site-packages/airflow/example_dags/example_task_group_decorator.py
[2025-11-09T20:51:14.362+0000] {processor.py:914} INFO - Processing file /home/airflow/.local/lib/python3.12/site-packages/airflow/example_dags/example_task_group_decorator.py for tasks to queue
[2025-11-09T20:51:14.372+0000] {logging_mixin.py:190} INFO - [2025-11-09T20:51:14.371+0000] {dagbag.py:588} INFO - Filling up the DagBag from /home/airflow/.local/lib/python3.12/site-packages/airflow/example_dags/example_task_group_decorator.py
[2025-11-09T20:51:14.420+0000] {processor.py:925} INFO - DAG(s) 'example_task_group_decorator' retrieved from /home/airflow/.local/lib/python3.12/site-packages/airflow/example_dags/example_task_group_decorator.py
[2025-11-09T20:51:14.505+0000] {logging_mixin.py:190} INFO - [2025-11-09T20:51:14.505+0000] {dag.py:3239} INFO - Sync 1 DAGs
[2025-11-09T20:51:14.563+0000] {logging_mixin.py:190} INFO - [2025-11-09T20:51:14.562+0000] {dag.py:4180} INFO - Setting next_dagrun for example_task_group_decorator to None, run_after=None
[2025-11-09T20:51:14.613+0000] {processor.py:208} INFO - Processing /home/airflow/.local/lib/python3.12/site-packages/airflow/example_dags/example_task_group_decorator.py took 0.272 seconds
[2025-11-09T20:51:45.449+0000] {processor.py:186} INFO - Started process (PID=3057) to work on /home/airflow/.local/lib/python3.12/site-packages/airflow/example_dags/example_task_group_decorator.py
[2025-11-09T20:51:45.452+0000] {processor.py:914} INFO - Processing file /home/airflow/.local/lib/python3.12/site-packages/airflow/example_dags/example_task_group_decorator.py for tasks to queue
[2025-11-09T20:51:45.458+0000] {logging_mixin.py:190} INFO - [2025-11-09T20:51:45.457+0000] {dagbag.py:588} INFO - Filling up the DagBag from /home/airflow/.local/lib/python3.12/site-packages/airflow/example_dags/example_task_group_decorator.py
[2025-11-09T20:51:45.490+0000] {processor.py:925} INFO - DAG(s) 'example_task_group_decorator' retrieved from /home/airflow/.local/lib/python3.12/site-packages/airflow/example_dags/example_task_group_decorator.py
[2025-11-09T20:51:45.536+0000] {logging_mixin.py:190} INFO - [2025-11-09T20:51:45.535+0000] {dag.py:3239} INFO - Sync 1 DAGs
[2025-11-09T20:51:45.561+0000] {logging_mixin.py:190} INFO - [2025-11-09T20:51:45.560+0000] {dag.py:4180} INFO - Setting next_dagrun for example_task_group_decorator to None, run_after=None
[2025-11-09T20:51:45.603+0000] {processor.py:208} INFO - Processing /home/airflow/.local/lib/python3.12/site-packages/airflow/example_dags/example_task_group_decorator.py took 0.167 seconds
[2025-11-09T20:52:15.873+0000] {processor.py:186} INFO - Started process (PID=3128) to work on /home/airflow/.local/lib/python3.12/site-packages/airflow/example_dags/example_task_group_decorator.py
[2025-11-09T20:52:15.875+0000] {processor.py:914} INFO - Processing file /home/airflow/.local/lib/python3.12/site-packages/airflow/example_dags/example_task_group_decorator.py for tasks to queue
[2025-11-09T20:52:15.879+0000] {logging_mixin.py:190} INFO - [2025-11-09T20:52:15.879+0000] {dagbag.py:588} INFO - Filling up the DagBag from /home/airflow/.local/lib/python3.12/site-packages/airflow/example_dags/example_task_group_decorator.py
[2025-11-09T20:52:15.909+0000] {processor.py:925} INFO - DAG(s) 'example_task_group_decorator' retrieved from /home/airflow/.local/lib/python3.12/site-packages/airflow/example_dags/example_task_group_decorator.py
[2025-11-09T20:52:15.955+0000] {logging_mixin.py:190} INFO - [2025-11-09T20:52:15.954+0000] {dag.py:3239} INFO - Sync 1 DAGs
[2025-11-09T20:52:15.982+0000] {logging_mixin.py:190} INFO - [2025-11-09T20:52:15.982+0000] {dag.py:4180} INFO - Setting next_dagrun for example_task_group_decorator to None, run_after=None
[2025-11-09T20:52:16.015+0000] {processor.py:208} INFO - Processing /home/airflow/.local/lib/python3.12/site-packages/airflow/example_dags/example_task_group_decorator.py took 0.153 seconds
[2025-11-09T20:52:46.280+0000] {processor.py:186} INFO - Started process (PID=3192) to work on /home/airflow/.local/lib/python3.12/site-packages/airflow/example_dags/example_task_group_decorator.py
[2025-11-09T20:52:46.282+0000] {processor.py:914} INFO - Processing file /home/airflow/.local/lib/python3.12/site-packages/airflow/example_dags/example_task_group_decorator.py for tasks to queue
[2025-11-09T20:52:46.287+0000] {logging_mixin.py:190} INFO - [2025-11-09T20:52:46.287+0000] {dagbag.py:588} INFO - Filling up the DagBag from /home/airflow/.local/lib/python3.12/site-packages/airflow/example_dags/example_task_group_decorator.py
[2025-11-09T20:52:46.319+0000] {processor.py:925} INFO - DAG(s) 'example_task_group_decorator' retrieved from /home/airflow/.local/lib/python3.12/site-packages/airflow/example_dags/example_task_group_decorator.py
[2025-11-09T20:52:46.384+0000] {logging_mixin.py:190} INFO - [2025-11-09T20:52:46.384+0000] {dag.py:3239} INFO - Sync 1 DAGs
[2025-11-09T20:52:46.423+0000] {logging_mixin.py:190} INFO - [2025-11-09T20:52:46.423+0000] {dag.py:4180} INFO - Setting next_dagrun for example_task_group_decorator to None, run_after=None
[2025-11-09T20:52:46.473+0000] {processor.py:208} INFO - Processing /home/airflow/.local/lib/python3.12/site-packages/airflow/example_dags/example_task_group_decorator.py took 0.209 seconds
[2025-11-09T20:53:16.823+0000] {processor.py:186} INFO - Started process (PID=3256) to work on /home/airflow/.local/lib/python3.12/site-packages/airflow/example_dags/example_task_group_decorator.py
[2025-11-09T20:53:16.826+0000] {processor.py:914} INFO - Processing file /home/airflow/.local/lib/python3.12/site-packages/airflow/example_dags/example_task_group_decorator.py for tasks to queue
[2025-11-09T20:53:16.833+0000] {logging_mixin.py:190} INFO - [2025-11-09T20:53:16.832+0000] {dagbag.py:588} INFO - Filling up the DagBag from /home/airflow/.local/lib/python3.12/site-packages/airflow/example_dags/example_task_group_decorator.py
[2025-11-09T20:53:16.887+0000] {processor.py:925} INFO - DAG(s) 'example_task_group_decorator' retrieved from /home/airflow/.local/lib/python3.12/site-packages/airflow/example_dags/example_task_group_decorator.py
[2025-11-09T20:53:16.961+0000] {logging_mixin.py:190} INFO - [2025-11-09T20:53:16.960+0000] {dag.py:3239} INFO - Sync 1 DAGs
[2025-11-09T20:53:16.997+0000] {logging_mixin.py:190} INFO - [2025-11-09T20:53:16.996+0000] {dag.py:4180} INFO - Setting next_dagrun for example_task_group_decorator to None, run_after=None
[2025-11-09T20:53:17.051+0000] {processor.py:208} INFO - Processing /home/airflow/.local/lib/python3.12/site-packages/airflow/example_dags/example_task_group_decorator.py took 0.247 seconds
[2025-11-09T20:53:47.328+0000] {processor.py:186} INFO - Started process (PID=3320) to work on /home/airflow/.local/lib/python3.12/site-packages/airflow/example_dags/example_task_group_decorator.py
[2025-11-09T20:53:47.331+0000] {processor.py:914} INFO - Processing file /home/airflow/.local/lib/python3.12/site-packages/airflow/example_dags/example_task_group_decorator.py for tasks to queue
[2025-11-09T20:53:47.341+0000] {logging_mixin.py:190} INFO - [2025-11-09T20:53:47.340+0000] {dagbag.py:588} INFO - Filling up the DagBag from /home/airflow/.local/lib/python3.12/site-packages/airflow/example_dags/example_task_group_decorator.py
[2025-11-09T20:53:47.409+0000] {processor.py:925} INFO - DAG(s) 'example_task_group_decorator' retrieved from /home/airflow/.local/lib/python3.12/site-packages/airflow/example_dags/example_task_group_decorator.py
[2025-11-09T20:53:47.508+0000] {logging_mixin.py:190} INFO - [2025-11-09T20:53:47.507+0000] {dag.py:3239} INFO - Sync 1 DAGs
[2025-11-09T20:53:47.562+0000] {logging_mixin.py:190} INFO - [2025-11-09T20:53:47.561+0000] {dag.py:4180} INFO - Setting next_dagrun for example_task_group_decorator to None, run_after=None
[2025-11-09T20:53:47.617+0000] {processor.py:208} INFO - Processing /home/airflow/.local/lib/python3.12/site-packages/airflow/example_dags/example_task_group_decorator.py took 0.310 seconds
[2025-11-09T20:54:17.906+0000] {processor.py:186} INFO - Started process (PID=3384) to work on /home/airflow/.local/lib/python3.12/site-packages/airflow/example_dags/example_task_group_decorator.py
[2025-11-09T20:54:17.908+0000] {processor.py:914} INFO - Processing file /home/airflow/.local/lib/python3.12/site-packages/airflow/example_dags/example_task_group_decorator.py for tasks to queue
[2025-11-09T20:54:17.914+0000] {logging_mixin.py:190} INFO - [2025-11-09T20:54:17.914+0000] {dagbag.py:588} INFO - Filling up the DagBag from /home/airflow/.local/lib/python3.12/site-packages/airflow/example_dags/example_task_group_decorator.py
[2025-11-09T20:54:17.956+0000] {processor.py:925} INFO - DAG(s) 'example_task_group_decorator' retrieved from /home/airflow/.local/lib/python3.12/site-packages/airflow/example_dags/example_task_group_decorator.py
[2025-11-09T20:54:18.010+0000] {logging_mixin.py:190} INFO - [2025-11-09T20:54:18.009+0000] {dag.py:3239} INFO - Sync 1 DAGs
[2025-11-09T20:54:18.042+0000] {logging_mixin.py:190} INFO - [2025-11-09T20:54:18.042+0000] {dag.py:4180} INFO - Setting next_dagrun for example_task_group_decorator to None, run_after=None
[2025-11-09T20:54:18.080+0000] {processor.py:208} INFO - Processing /home/airflow/.local/lib/python3.12/site-packages/airflow/example_dags/example_task_group_decorator.py took 0.189 seconds
[2025-11-09T20:54:48.605+0000] {processor.py:186} INFO - Started process (PID=3449) to work on /home/airflow/.local/lib/python3.12/site-packages/airflow/example_dags/example_task_group_decorator.py
[2025-11-09T20:54:48.607+0000] {processor.py:914} INFO - Processing file /home/airflow/.local/lib/python3.12/site-packages/airflow/example_dags/example_task_group_decorator.py for tasks to queue
[2025-11-09T20:54:48.613+0000] {logging_mixin.py:190} INFO - [2025-11-09T20:54:48.612+0000] {dagbag.py:588} INFO - Filling up the DagBag from /home/airflow/.local/lib/python3.12/site-packages/airflow/example_dags/example_task_group_decorator.py
[2025-11-09T20:54:48.640+0000] {processor.py:925} INFO - DAG(s) 'example_task_group_decorator' retrieved from /home/airflow/.local/lib/python3.12/site-packages/airflow/example_dags/example_task_group_decorator.py
[2025-11-09T20:54:48.680+0000] {logging_mixin.py:190} INFO - [2025-11-09T20:54:48.680+0000] {dag.py:3239} INFO - Sync 1 DAGs
[2025-11-09T20:54:48.708+0000] {logging_mixin.py:190} INFO - [2025-11-09T20:54:48.708+0000] {dag.py:4180} INFO - Setting next_dagrun for example_task_group_decorator to None, run_after=None
[2025-11-09T20:54:48.740+0000] {processor.py:208} INFO - Processing /home/airflow/.local/lib/python3.12/site-packages/airflow/example_dags/example_task_group_decorator.py took 0.148 seconds
[2025-11-09T20:55:18.980+0000] {processor.py:186} INFO - Started process (PID=3513) to work on /home/airflow/.local/lib/python3.12/site-packages/airflow/example_dags/example_task_group_decorator.py
[2025-11-09T20:55:18.982+0000] {processor.py:914} INFO - Processing file /home/airflow/.local/lib/python3.12/site-packages/airflow/example_dags/example_task_group_decorator.py for tasks to queue
[2025-11-09T20:55:18.986+0000] {logging_mixin.py:190} INFO - [2025-11-09T20:55:18.985+0000] {dagbag.py:588} INFO - Filling up the DagBag from /home/airflow/.local/lib/python3.12/site-packages/airflow/example_dags/example_task_group_decorator.py
[2025-11-09T20:55:19.007+0000] {processor.py:925} INFO - DAG(s) 'example_task_group_decorator' retrieved from /home/airflow/.local/lib/python3.12/site-packages/airflow/example_dags/example_task_group_decorator.py
[2025-11-09T20:55:19.050+0000] {logging_mixin.py:190} INFO - [2025-11-09T20:55:19.050+0000] {dag.py:3239} INFO - Sync 1 DAGs
[2025-11-09T20:55:19.079+0000] {logging_mixin.py:190} INFO - [2025-11-09T20:55:19.079+0000] {dag.py:4180} INFO - Setting next_dagrun for example_task_group_decorator to None, run_after=None
[2025-11-09T20:55:19.119+0000] {processor.py:208} INFO - Processing /home/airflow/.local/lib/python3.12/site-packages/airflow/example_dags/example_task_group_decorator.py took 0.146 seconds
[2025-11-09T20:55:49.531+0000] {processor.py:186} INFO - Started process (PID=3581) to work on /home/airflow/.local/lib/python3.12/site-packages/airflow/example_dags/example_task_group_decorator.py
[2025-11-09T20:55:49.533+0000] {processor.py:914} INFO - Processing file /home/airflow/.local/lib/python3.12/site-packages/airflow/example_dags/example_task_group_decorator.py for tasks to queue
[2025-11-09T20:55:49.539+0000] {logging_mixin.py:190} INFO - [2025-11-09T20:55:49.538+0000] {dagbag.py:588} INFO - Filling up the DagBag from /home/airflow/.local/lib/python3.12/site-packages/airflow/example_dags/example_task_group_decorator.py
[2025-11-09T20:55:49.580+0000] {processor.py:925} INFO - DAG(s) 'example_task_group_decorator' retrieved from /home/airflow/.local/lib/python3.12/site-packages/airflow/example_dags/example_task_group_decorator.py
[2025-11-09T20:55:49.631+0000] {logging_mixin.py:190} INFO - [2025-11-09T20:55:49.631+0000] {dag.py:3239} INFO - Sync 1 DAGs
[2025-11-09T20:55:49.666+0000] {logging_mixin.py:190} INFO - [2025-11-09T20:55:49.665+0000] {dag.py:4180} INFO - Setting next_dagrun for example_task_group_decorator to None, run_after=None
[2025-11-09T20:55:49.704+0000] {processor.py:208} INFO - Processing /home/airflow/.local/lib/python3.12/site-packages/airflow/example_dags/example_task_group_decorator.py took 0.188 seconds
[2025-11-09T20:56:20.440+0000] {processor.py:186} INFO - Started process (PID=3645) to work on /home/airflow/.local/lib/python3.12/site-packages/airflow/example_dags/example_task_group_decorator.py
[2025-11-09T20:56:20.442+0000] {processor.py:914} INFO - Processing file /home/airflow/.local/lib/python3.12/site-packages/airflow/example_dags/example_task_group_decorator.py for tasks to queue
[2025-11-09T20:56:20.448+0000] {logging_mixin.py:190} INFO - [2025-11-09T20:56:20.447+0000] {dagbag.py:588} INFO - Filling up the DagBag from /home/airflow/.local/lib/python3.12/site-packages/airflow/example_dags/example_task_group_decorator.py
[2025-11-09T20:56:20.485+0000] {processor.py:925} INFO - DAG(s) 'example_task_group_decorator' retrieved from /home/airflow/.local/lib/python3.12/site-packages/airflow/example_dags/example_task_group_decorator.py
[2025-11-09T20:56:20.542+0000] {logging_mixin.py:190} INFO - [2025-11-09T20:56:20.542+0000] {dag.py:3239} INFO - Sync 1 DAGs
[2025-11-09T20:56:20.584+0000] {logging_mixin.py:190} INFO - [2025-11-09T20:56:20.584+0000] {dag.py:4180} INFO - Setting next_dagrun for example_task_group_decorator to None, run_after=None
[2025-11-09T20:56:20.625+0000] {processor.py:208} INFO - Processing /home/airflow/.local/lib/python3.12/site-packages/airflow/example_dags/example_task_group_decorator.py took 0.200 seconds
[2025-11-09T20:56:50.776+0000] {processor.py:186} INFO - Started process (PID=3709) to work on /home/airflow/.local/lib/python3.12/site-packages/airflow/example_dags/example_task_group_decorator.py
[2025-11-09T20:56:50.778+0000] {processor.py:914} INFO - Processing file /home/airflow/.local/lib/python3.12/site-packages/airflow/example_dags/example_task_group_decorator.py for tasks to queue
[2025-11-09T20:56:50.782+0000] {logging_mixin.py:190} INFO - [2025-11-09T20:56:50.782+0000] {dagbag.py:588} INFO - Filling up the DagBag from /home/airflow/.local/lib/python3.12/site-packages/airflow/example_dags/example_task_group_decorator.py
[2025-11-09T20:56:50.809+0000] {processor.py:925} INFO - DAG(s) 'example_task_group_decorator' retrieved from /home/airflow/.local/lib/python3.12/site-packages/airflow/example_dags/example_task_group_decorator.py
[2025-11-09T20:56:50.856+0000] {logging_mixin.py:190} INFO - [2025-11-09T20:56:50.856+0000] {dag.py:3239} INFO - Sync 1 DAGs
[2025-11-09T20:56:50.885+0000] {logging_mixin.py:190} INFO - [2025-11-09T20:56:50.884+0000] {dag.py:4180} INFO - Setting next_dagrun for example_task_group_decorator to None, run_after=None
[2025-11-09T20:56:50.921+0000] {processor.py:208} INFO - Processing /home/airflow/.local/lib/python3.12/site-packages/airflow/example_dags/example_task_group_decorator.py took 0.156 seconds
[2025-11-09T20:57:21.371+0000] {processor.py:186} INFO - Started process (PID=3773) to work on /home/airflow/.local/lib/python3.12/site-packages/airflow/example_dags/example_task_group_decorator.py
[2025-11-09T20:57:21.373+0000] {processor.py:914} INFO - Processing file /home/airflow/.local/lib/python3.12/site-packages/airflow/example_dags/example_task_group_decorator.py for tasks to queue
[2025-11-09T20:57:21.378+0000] {logging_mixin.py:190} INFO - [2025-11-09T20:57:21.377+0000] {dagbag.py:588} INFO - Filling up the DagBag from /home/airflow/.local/lib/python3.12/site-packages/airflow/example_dags/example_task_group_decorator.py
[2025-11-09T20:57:21.400+0000] {processor.py:925} INFO - DAG(s) 'example_task_group_decorator' retrieved from /home/airflow/.local/lib/python3.12/site-packages/airflow/example_dags/example_task_group_decorator.py
[2025-11-09T20:57:21.442+0000] {logging_mixin.py:190} INFO - [2025-11-09T20:57:21.442+0000] {dag.py:3239} INFO - Sync 1 DAGs
[2025-11-09T20:57:21.465+0000] {logging_mixin.py:190} INFO - [2025-11-09T20:57:21.464+0000] {dag.py:4180} INFO - Setting next_dagrun for example_task_group_decorator to None, run_after=None
[2025-11-09T20:57:21.495+0000] {processor.py:208} INFO - Processing /home/airflow/.local/lib/python3.12/site-packages/airflow/example_dags/example_task_group_decorator.py took 0.134 seconds
[2025-11-09T20:57:51.732+0000] {processor.py:186} INFO - Started process (PID=3837) to work on /home/airflow/.local/lib/python3.12/site-packages/airflow/example_dags/example_task_group_decorator.py
[2025-11-09T20:57:51.734+0000] {processor.py:914} INFO - Processing file /home/airflow/.local/lib/python3.12/site-packages/airflow/example_dags/example_task_group_decorator.py for tasks to queue
[2025-11-09T20:57:51.739+0000] {logging_mixin.py:190} INFO - [2025-11-09T20:57:51.738+0000] {dagbag.py:588} INFO - Filling up the DagBag from /home/airflow/.local/lib/python3.12/site-packages/airflow/example_dags/example_task_group_decorator.py
[2025-11-09T20:57:51.768+0000] {processor.py:925} INFO - DAG(s) 'example_task_group_decorator' retrieved from /home/airflow/.local/lib/python3.12/site-packages/airflow/example_dags/example_task_group_decorator.py
[2025-11-09T20:57:51.817+0000] {logging_mixin.py:190} INFO - [2025-11-09T20:57:51.817+0000] {dag.py:3239} INFO - Sync 1 DAGs
[2025-11-09T20:57:51.842+0000] {logging_mixin.py:190} INFO - [2025-11-09T20:57:51.842+0000] {dag.py:4180} INFO - Setting next_dagrun for example_task_group_decorator to None, run_after=None
[2025-11-09T20:57:51.881+0000] {processor.py:208} INFO - Processing /home/airflow/.local/lib/python3.12/site-packages/airflow/example_dags/example_task_group_decorator.py took 0.161 seconds
[2025-11-09T20:58:22.177+0000] {processor.py:186} INFO - Started process (PID=3902) to work on /home/airflow/.local/lib/python3.12/site-packages/airflow/example_dags/example_task_group_decorator.py
[2025-11-09T20:58:22.179+0000] {processor.py:914} INFO - Processing file /home/airflow/.local/lib/python3.12/site-packages/airflow/example_dags/example_task_group_decorator.py for tasks to queue
[2025-11-09T20:58:22.184+0000] {logging_mixin.py:190} INFO - [2025-11-09T20:58:22.183+0000] {dagbag.py:588} INFO - Filling up the DagBag from /home/airflow/.local/lib/python3.12/site-packages/airflow/example_dags/example_task_group_decorator.py
[2025-11-09T20:58:22.214+0000] {processor.py:925} INFO - DAG(s) 'example_task_group_decorator' retrieved from /home/airflow/.local/lib/python3.12/site-packages/airflow/example_dags/example_task_group_decorator.py
[2025-11-09T20:58:22.266+0000] {logging_mixin.py:190} INFO - [2025-11-09T20:58:22.266+0000] {dag.py:3239} INFO - Sync 1 DAGs
[2025-11-09T20:58:22.290+0000] {logging_mixin.py:190} INFO - [2025-11-09T20:58:22.289+0000] {dag.py:4180} INFO - Setting next_dagrun for example_task_group_decorator to None, run_after=None
[2025-11-09T20:58:22.324+0000] {processor.py:208} INFO - Processing /home/airflow/.local/lib/python3.12/site-packages/airflow/example_dags/example_task_group_decorator.py took 0.160 seconds
[2025-11-09T20:58:52.740+0000] {processor.py:186} INFO - Started process (PID=3965) to work on /home/airflow/.local/lib/python3.12/site-packages/airflow/example_dags/example_task_group_decorator.py
[2025-11-09T20:58:52.743+0000] {processor.py:914} INFO - Processing file /home/airflow/.local/lib/python3.12/site-packages/airflow/example_dags/example_task_group_decorator.py for tasks to queue
[2025-11-09T20:58:52.748+0000] {logging_mixin.py:190} INFO - [2025-11-09T20:58:52.747+0000] {dagbag.py:588} INFO - Filling up the DagBag from /home/airflow/.local/lib/python3.12/site-packages/airflow/example_dags/example_task_group_decorator.py
[2025-11-09T20:58:52.781+0000] {processor.py:925} INFO - DAG(s) 'example_task_group_decorator' retrieved from /home/airflow/.local/lib/python3.12/site-packages/airflow/example_dags/example_task_group_decorator.py
[2025-11-09T20:58:52.829+0000] {logging_mixin.py:190} INFO - [2025-11-09T20:58:52.829+0000] {dag.py:3239} INFO - Sync 1 DAGs
[2025-11-09T20:58:52.859+0000] {logging_mixin.py:190} INFO - [2025-11-09T20:58:52.858+0000] {dag.py:4180} INFO - Setting next_dagrun for example_task_group_decorator to None, run_after=None
[2025-11-09T20:58:52.897+0000] {processor.py:208} INFO - Processing /home/airflow/.local/lib/python3.12/site-packages/airflow/example_dags/example_task_group_decorator.py took 0.166 seconds
[2025-11-09T20:59:23.733+0000] {processor.py:186} INFO - Started process (PID=4029) to work on /home/airflow/.local/lib/python3.12/site-packages/airflow/example_dags/example_task_group_decorator.py
[2025-11-09T20:59:23.736+0000] {processor.py:914} INFO - Processing file /home/airflow/.local/lib/python3.12/site-packages/airflow/example_dags/example_task_group_decorator.py for tasks to queue
[2025-11-09T20:59:23.741+0000] {logging_mixin.py:190} INFO - [2025-11-09T20:59:23.741+0000] {dagbag.py:588} INFO - Filling up the DagBag from /home/airflow/.local/lib/python3.12/site-packages/airflow/example_dags/example_task_group_decorator.py
[2025-11-09T20:59:23.783+0000] {processor.py:925} INFO - DAG(s) 'example_task_group_decorator' retrieved from /home/airflow/.local/lib/python3.12/site-packages/airflow/example_dags/example_task_group_decorator.py
[2025-11-09T20:59:23.855+0000] {logging_mixin.py:190} INFO - [2025-11-09T20:59:23.854+0000] {dag.py:3239} INFO - Sync 1 DAGs
[2025-11-09T20:59:23.895+0000] {logging_mixin.py:190} INFO - [2025-11-09T20:59:23.895+0000] {dag.py:4180} INFO - Setting next_dagrun for example_task_group_decorator to None, run_after=None
[2025-11-09T20:59:23.956+0000] {processor.py:208} INFO - Processing /home/airflow/.local/lib/python3.12/site-packages/airflow/example_dags/example_task_group_decorator.py took 0.239 seconds
[2025-11-09T20:59:54.243+0000] {processor.py:186} INFO - Started process (PID=4094) to work on /home/airflow/.local/lib/python3.12/site-packages/airflow/example_dags/example_task_group_decorator.py
[2025-11-09T20:59:54.245+0000] {processor.py:914} INFO - Processing file /home/airflow/.local/lib/python3.12/site-packages/airflow/example_dags/example_task_group_decorator.py for tasks to queue
[2025-11-09T20:59:54.251+0000] {logging_mixin.py:190} INFO - [2025-11-09T20:59:54.250+0000] {dagbag.py:588} INFO - Filling up the DagBag from /home/airflow/.local/lib/python3.12/site-packages/airflow/example_dags/example_task_group_decorator.py
[2025-11-09T20:59:54.290+0000] {processor.py:925} INFO - DAG(s) 'example_task_group_decorator' retrieved from /home/airflow/.local/lib/python3.12/site-packages/airflow/example_dags/example_task_group_decorator.py
[2025-11-09T20:59:54.368+0000] {logging_mixin.py:190} INFO - [2025-11-09T20:59:54.367+0000] {dag.py:3239} INFO - Sync 1 DAGs
[2025-11-09T20:59:54.419+0000] {logging_mixin.py:190} INFO - [2025-11-09T20:59:54.418+0000] {dag.py:4180} INFO - Setting next_dagrun for example_task_group_decorator to None, run_after=None
[2025-11-09T20:59:54.476+0000] {processor.py:208} INFO - Processing /home/airflow/.local/lib/python3.12/site-packages/airflow/example_dags/example_task_group_decorator.py took 0.253 seconds
[2025-11-09T21:00:24.831+0000] {processor.py:186} INFO - Started process (PID=4158) to work on /home/airflow/.local/lib/python3.12/site-packages/airflow/example_dags/example_task_group_decorator.py
[2025-11-09T21:00:24.833+0000] {processor.py:914} INFO - Processing file /home/airflow/.local/lib/python3.12/site-packages/airflow/example_dags/example_task_group_decorator.py for tasks to queue
[2025-11-09T21:00:24.865+0000] {logging_mixin.py:190} INFO - [2025-11-09T21:00:24.864+0000] {dagbag.py:588} INFO - Filling up the DagBag from /home/airflow/.local/lib/python3.12/site-packages/airflow/example_dags/example_task_group_decorator.py
[2025-11-09T21:00:24.918+0000] {processor.py:925} INFO - DAG(s) 'example_task_group_decorator' retrieved from /home/airflow/.local/lib/python3.12/site-packages/airflow/example_dags/example_task_group_decorator.py
[2025-11-09T21:00:24.992+0000] {logging_mixin.py:190} INFO - [2025-11-09T21:00:24.992+0000] {dag.py:3239} INFO - Sync 1 DAGs
[2025-11-09T21:00:25.033+0000] {logging_mixin.py:190} INFO - [2025-11-09T21:00:25.033+0000] {dag.py:4180} INFO - Setting next_dagrun for example_task_group_decorator to None, run_after=None
[2025-11-09T21:00:25.077+0000] {processor.py:208} INFO - Processing /home/airflow/.local/lib/python3.12/site-packages/airflow/example_dags/example_task_group_decorator.py took 0.255 seconds
[2025-11-09T21:00:56.218+0000] {processor.py:186} INFO - Started process (PID=4226) to work on /home/airflow/.local/lib/python3.12/site-packages/airflow/example_dags/example_task_group_decorator.py
[2025-11-09T21:00:56.220+0000] {processor.py:914} INFO - Processing file /home/airflow/.local/lib/python3.12/site-packages/airflow/example_dags/example_task_group_decorator.py for tasks to queue
[2025-11-09T21:00:56.229+0000] {logging_mixin.py:190} INFO - [2025-11-09T21:00:56.228+0000] {dagbag.py:588} INFO - Filling up the DagBag from /home/airflow/.local/lib/python3.12/site-packages/airflow/example_dags/example_task_group_decorator.py
[2025-11-09T21:00:56.409+0000] {processor.py:925} INFO - DAG(s) 'example_task_group_decorator' retrieved from /home/airflow/.local/lib/python3.12/site-packages/airflow/example_dags/example_task_group_decorator.py
[2025-11-09T21:00:56.508+0000] {logging_mixin.py:190} INFO - [2025-11-09T21:00:56.507+0000] {dag.py:3239} INFO - Sync 1 DAGs
[2025-11-09T21:00:56.547+0000] {logging_mixin.py:190} INFO - [2025-11-09T21:00:56.546+0000] {dag.py:4180} INFO - Setting next_dagrun for example_task_group_decorator to None, run_after=None
[2025-11-09T21:00:56.590+0000] {processor.py:208} INFO - Processing /home/airflow/.local/lib/python3.12/site-packages/airflow/example_dags/example_task_group_decorator.py took 0.387 seconds
[2025-11-09T21:01:27.934+0000] {processor.py:186} INFO - Started process (PID=4292) to work on /home/airflow/.local/lib/python3.12/site-packages/airflow/example_dags/example_task_group_decorator.py
[2025-11-09T21:01:27.936+0000] {processor.py:914} INFO - Processing file /home/airflow/.local/lib/python3.12/site-packages/airflow/example_dags/example_task_group_decorator.py for tasks to queue
[2025-11-09T21:01:27.941+0000] {logging_mixin.py:190} INFO - [2025-11-09T21:01:27.940+0000] {dagbag.py:588} INFO - Filling up the DagBag from /home/airflow/.local/lib/python3.12/site-packages/airflow/example_dags/example_task_group_decorator.py
[2025-11-09T21:01:27.971+0000] {processor.py:925} INFO - DAG(s) 'example_task_group_decorator' retrieved from /home/airflow/.local/lib/python3.12/site-packages/airflow/example_dags/example_task_group_decorator.py
[2025-11-09T21:01:28.014+0000] {logging_mixin.py:190} INFO - [2025-11-09T21:01:28.014+0000] {dag.py:3239} INFO - Sync 1 DAGs
[2025-11-09T21:01:28.042+0000] {logging_mixin.py:190} INFO - [2025-11-09T21:01:28.041+0000] {dag.py:4180} INFO - Setting next_dagrun for example_task_group_decorator to None, run_after=None
[2025-11-09T21:01:28.073+0000] {processor.py:208} INFO - Processing /home/airflow/.local/lib/python3.12/site-packages/airflow/example_dags/example_task_group_decorator.py took 0.149 seconds
[2025-11-09T21:01:59.390+0000] {processor.py:186} INFO - Started process (PID=4356) to work on /home/airflow/.local/lib/python3.12/site-packages/airflow/example_dags/example_task_group_decorator.py
[2025-11-09T21:01:59.392+0000] {processor.py:914} INFO - Processing file /home/airflow/.local/lib/python3.12/site-packages/airflow/example_dags/example_task_group_decorator.py for tasks to queue
[2025-11-09T21:01:59.397+0000] {logging_mixin.py:190} INFO - [2025-11-09T21:01:59.396+0000] {dagbag.py:588} INFO - Filling up the DagBag from /home/airflow/.local/lib/python3.12/site-packages/airflow/example_dags/example_task_group_decorator.py
[2025-11-09T21:01:59.429+0000] {processor.py:925} INFO - DAG(s) 'example_task_group_decorator' retrieved from /home/airflow/.local/lib/python3.12/site-packages/airflow/example_dags/example_task_group_decorator.py
[2025-11-09T21:01:59.477+0000] {logging_mixin.py:190} INFO - [2025-11-09T21:01:59.477+0000] {dag.py:3239} INFO - Sync 1 DAGs
[2025-11-09T21:01:59.504+0000] {logging_mixin.py:190} INFO - [2025-11-09T21:01:59.504+0000] {dag.py:4180} INFO - Setting next_dagrun for example_task_group_decorator to None, run_after=None
[2025-11-09T21:01:59.536+0000] {processor.py:208} INFO - Processing /home/airflow/.local/lib/python3.12/site-packages/airflow/example_dags/example_task_group_decorator.py took 0.157 seconds
[2025-11-09T21:02:30.761+0000] {processor.py:186} INFO - Started process (PID=4421) to work on /home/airflow/.local/lib/python3.12/site-packages/airflow/example_dags/example_task_group_decorator.py
[2025-11-09T21:02:30.763+0000] {processor.py:914} INFO - Processing file /home/airflow/.local/lib/python3.12/site-packages/airflow/example_dags/example_task_group_decorator.py for tasks to queue
[2025-11-09T21:02:30.768+0000] {logging_mixin.py:190} INFO - [2025-11-09T21:02:30.767+0000] {dagbag.py:588} INFO - Filling up the DagBag from /home/airflow/.local/lib/python3.12/site-packages/airflow/example_dags/example_task_group_decorator.py
[2025-11-09T21:02:30.793+0000] {processor.py:925} INFO - DAG(s) 'example_task_group_decorator' retrieved from /home/airflow/.local/lib/python3.12/site-packages/airflow/example_dags/example_task_group_decorator.py
[2025-11-09T21:02:30.838+0000] {logging_mixin.py:190} INFO - [2025-11-09T21:02:30.837+0000] {dag.py:3239} INFO - Sync 1 DAGs
[2025-11-09T21:02:30.865+0000] {logging_mixin.py:190} INFO - [2025-11-09T21:02:30.864+0000] {dag.py:4180} INFO - Setting next_dagrun for example_task_group_decorator to None, run_after=None
[2025-11-09T21:02:30.893+0000] {processor.py:208} INFO - Processing /home/airflow/.local/lib/python3.12/site-packages/airflow/example_dags/example_task_group_decorator.py took 0.143 seconds
[2025-11-09T21:03:03.462+0000] {processor.py:186} INFO - Started process (PID=4486) to work on /home/airflow/.local/lib/python3.12/site-packages/airflow/example_dags/example_task_group_decorator.py
[2025-11-09T21:03:03.464+0000] {processor.py:914} INFO - Processing file /home/airflow/.local/lib/python3.12/site-packages/airflow/example_dags/example_task_group_decorator.py for tasks to queue
[2025-11-09T21:03:03.470+0000] {logging_mixin.py:190} INFO - [2025-11-09T21:03:03.469+0000] {dagbag.py:588} INFO - Filling up the DagBag from /home/airflow/.local/lib/python3.12/site-packages/airflow/example_dags/example_task_group_decorator.py
[2025-11-09T21:03:03.509+0000] {processor.py:925} INFO - DAG(s) 'example_task_group_decorator' retrieved from /home/airflow/.local/lib/python3.12/site-packages/airflow/example_dags/example_task_group_decorator.py
[2025-11-09T21:03:03.576+0000] {logging_mixin.py:190} INFO - [2025-11-09T21:03:03.575+0000] {dag.py:3239} INFO - Sync 1 DAGs
[2025-11-09T21:03:03.614+0000] {logging_mixin.py:190} INFO - [2025-11-09T21:03:03.613+0000] {dag.py:4180} INFO - Setting next_dagrun for example_task_group_decorator to None, run_after=None
[2025-11-09T21:03:03.658+0000] {processor.py:208} INFO - Processing /home/airflow/.local/lib/python3.12/site-packages/airflow/example_dags/example_task_group_decorator.py took 0.212 seconds
[2025-11-09T21:03:34.709+0000] {processor.py:186} INFO - Started process (PID=4550) to work on /home/airflow/.local/lib/python3.12/site-packages/airflow/example_dags/example_task_group_decorator.py
[2025-11-09T21:03:34.712+0000] {processor.py:914} INFO - Processing file /home/airflow/.local/lib/python3.12/site-packages/airflow/example_dags/example_task_group_decorator.py for tasks to queue
[2025-11-09T21:03:34.718+0000] {logging_mixin.py:190} INFO - [2025-11-09T21:03:34.717+0000] {dagbag.py:588} INFO - Filling up the DagBag from /home/airflow/.local/lib/python3.12/site-packages/airflow/example_dags/example_task_group_decorator.py
[2025-11-09T21:03:34.764+0000] {processor.py:925} INFO - DAG(s) 'example_task_group_decorator' retrieved from /home/airflow/.local/lib/python3.12/site-packages/airflow/example_dags/example_task_group_decorator.py
[2025-11-09T21:03:34.829+0000] {logging_mixin.py:190} INFO - [2025-11-09T21:03:34.828+0000] {dag.py:3239} INFO - Sync 1 DAGs
[2025-11-09T21:03:34.868+0000] {logging_mixin.py:190} INFO - [2025-11-09T21:03:34.868+0000] {dag.py:4180} INFO - Setting next_dagrun for example_task_group_decorator to None, run_after=None
[2025-11-09T21:03:34.917+0000] {processor.py:208} INFO - Processing /home/airflow/.local/lib/python3.12/site-packages/airflow/example_dags/example_task_group_decorator.py took 0.224 seconds
[2025-11-09T21:04:06.271+0000] {processor.py:186} INFO - Started process (PID=4615) to work on /home/airflow/.local/lib/python3.12/site-packages/airflow/example_dags/example_task_group_decorator.py
[2025-11-09T21:04:06.272+0000] {processor.py:914} INFO - Processing file /home/airflow/.local/lib/python3.12/site-packages/airflow/example_dags/example_task_group_decorator.py for tasks to queue
[2025-11-09T21:04:06.277+0000] {logging_mixin.py:190} INFO - [2025-11-09T21:04:06.276+0000] {dagbag.py:588} INFO - Filling up the DagBag from /home/airflow/.local/lib/python3.12/site-packages/airflow/example_dags/example_task_group_decorator.py
[2025-11-09T21:04:06.302+0000] {processor.py:925} INFO - DAG(s) 'example_task_group_decorator' retrieved from /home/airflow/.local/lib/python3.12/site-packages/airflow/example_dags/example_task_group_decorator.py
[2025-11-09T21:04:06.352+0000] {logging_mixin.py:190} INFO - [2025-11-09T21:04:06.352+0000] {dag.py:3239} INFO - Sync 1 DAGs
[2025-11-09T21:04:06.380+0000] {logging_mixin.py:190} INFO - [2025-11-09T21:04:06.379+0000] {dag.py:4180} INFO - Setting next_dagrun for example_task_group_decorator to None, run_after=None
[2025-11-09T21:04:06.415+0000] {processor.py:208} INFO - Processing /home/airflow/.local/lib/python3.12/site-packages/airflow/example_dags/example_task_group_decorator.py took 0.155 seconds
[2025-11-09T21:04:38.161+0000] {processor.py:186} INFO - Started process (PID=4687) to work on /home/airflow/.local/lib/python3.12/site-packages/airflow/example_dags/example_task_group_decorator.py
[2025-11-09T21:04:38.163+0000] {processor.py:914} INFO - Processing file /home/airflow/.local/lib/python3.12/site-packages/airflow/example_dags/example_task_group_decorator.py for tasks to queue
[2025-11-09T21:04:38.169+0000] {logging_mixin.py:190} INFO - [2025-11-09T21:04:38.168+0000] {dagbag.py:588} INFO - Filling up the DagBag from /home/airflow/.local/lib/python3.12/site-packages/airflow/example_dags/example_task_group_decorator.py
[2025-11-09T21:04:38.200+0000] {processor.py:925} INFO - DAG(s) 'example_task_group_decorator' retrieved from /home/airflow/.local/lib/python3.12/site-packages/airflow/example_dags/example_task_group_decorator.py
[2025-11-09T21:04:38.249+0000] {logging_mixin.py:190} INFO - [2025-11-09T21:04:38.248+0000] {dag.py:3239} INFO - Sync 1 DAGs
[2025-11-09T21:04:38.279+0000] {logging_mixin.py:190} INFO - [2025-11-09T21:04:38.278+0000] {dag.py:4180} INFO - Setting next_dagrun for example_task_group_decorator to None, run_after=None
[2025-11-09T21:04:38.315+0000] {processor.py:208} INFO - Processing /home/airflow/.local/lib/python3.12/site-packages/airflow/example_dags/example_task_group_decorator.py took 0.166 seconds
[2025-11-09T21:08:23.150+0000] {processor.py:186} INFO - Started process (PID=141) to work on /home/airflow/.local/lib/python3.12/site-packages/airflow/example_dags/example_task_group_decorator.py
[2025-11-09T21:08:23.153+0000] {processor.py:914} INFO - Processing file /home/airflow/.local/lib/python3.12/site-packages/airflow/example_dags/example_task_group_decorator.py for tasks to queue
[2025-11-09T21:08:23.162+0000] {logging_mixin.py:190} INFO - [2025-11-09T21:08:23.161+0000] {dagbag.py:588} INFO - Filling up the DagBag from /home/airflow/.local/lib/python3.12/site-packages/airflow/example_dags/example_task_group_decorator.py
[2025-11-09T21:08:23.234+0000] {processor.py:925} INFO - DAG(s) 'example_task_group_decorator' retrieved from /home/airflow/.local/lib/python3.12/site-packages/airflow/example_dags/example_task_group_decorator.py
[2025-11-09T21:08:23.337+0000] {logging_mixin.py:190} INFO - [2025-11-09T21:08:23.337+0000] {dag.py:3239} INFO - Sync 1 DAGs
[2025-11-09T21:08:23.388+0000] {logging_mixin.py:190} INFO - [2025-11-09T21:08:23.387+0000] {dag.py:4180} INFO - Setting next_dagrun for example_task_group_decorator to None, run_after=None
[2025-11-09T21:08:23.456+0000] {processor.py:208} INFO - Processing /home/airflow/.local/lib/python3.12/site-packages/airflow/example_dags/example_task_group_decorator.py took 0.339 seconds
[2025-11-09T21:08:54.545+0000] {processor.py:186} INFO - Started process (PID=205) to work on /home/airflow/.local/lib/python3.12/site-packages/airflow/example_dags/example_task_group_decorator.py
[2025-11-09T21:08:54.548+0000] {processor.py:914} INFO - Processing file /home/airflow/.local/lib/python3.12/site-packages/airflow/example_dags/example_task_group_decorator.py for tasks to queue
[2025-11-09T21:08:54.558+0000] {logging_mixin.py:190} INFO - [2025-11-09T21:08:54.557+0000] {dagbag.py:588} INFO - Filling up the DagBag from /home/airflow/.local/lib/python3.12/site-packages/airflow/example_dags/example_task_group_decorator.py
[2025-11-09T21:08:54.600+0000] {processor.py:925} INFO - DAG(s) 'example_task_group_decorator' retrieved from /home/airflow/.local/lib/python3.12/site-packages/airflow/example_dags/example_task_group_decorator.py
[2025-11-09T21:08:54.677+0000] {logging_mixin.py:190} INFO - [2025-11-09T21:08:54.676+0000] {dag.py:3239} INFO - Sync 1 DAGs
[2025-11-09T21:08:54.717+0000] {logging_mixin.py:190} INFO - [2025-11-09T21:08:54.716+0000] {dag.py:4180} INFO - Setting next_dagrun for example_task_group_decorator to None, run_after=None
[2025-11-09T21:08:54.765+0000] {processor.py:208} INFO - Processing /home/airflow/.local/lib/python3.12/site-packages/airflow/example_dags/example_task_group_decorator.py took 0.242 seconds
[2025-11-09T21:09:25.248+0000] {processor.py:186} INFO - Started process (PID=270) to work on /home/airflow/.local/lib/python3.12/site-packages/airflow/example_dags/example_task_group_decorator.py
[2025-11-09T21:09:25.251+0000] {processor.py:914} INFO - Processing file /home/airflow/.local/lib/python3.12/site-packages/airflow/example_dags/example_task_group_decorator.py for tasks to queue
[2025-11-09T21:09:25.283+0000] {logging_mixin.py:190} INFO - [2025-11-09T21:09:25.282+0000] {dagbag.py:588} INFO - Filling up the DagBag from /home/airflow/.local/lib/python3.12/site-packages/airflow/example_dags/example_task_group_decorator.py
[2025-11-09T21:09:25.475+0000] {processor.py:925} INFO - DAG(s) 'example_task_group_decorator' retrieved from /home/airflow/.local/lib/python3.12/site-packages/airflow/example_dags/example_task_group_decorator.py
[2025-11-09T21:09:25.582+0000] {logging_mixin.py:190} INFO - [2025-11-09T21:09:25.582+0000] {dag.py:3239} INFO - Sync 1 DAGs
[2025-11-09T21:09:25.647+0000] {logging_mixin.py:190} INFO - [2025-11-09T21:09:25.646+0000] {dag.py:4180} INFO - Setting next_dagrun for example_task_group_decorator to None, run_after=None
[2025-11-09T21:09:25.711+0000] {processor.py:208} INFO - Processing /home/airflow/.local/lib/python3.12/site-packages/airflow/example_dags/example_task_group_decorator.py took 0.478 seconds
[2025-11-09T21:09:59.611+0000] {processor.py:186} INFO - Started process (PID=334) to work on /home/airflow/.local/lib/python3.12/site-packages/airflow/example_dags/example_task_group_decorator.py
[2025-11-09T21:09:59.614+0000] {processor.py:914} INFO - Processing file /home/airflow/.local/lib/python3.12/site-packages/airflow/example_dags/example_task_group_decorator.py for tasks to queue
[2025-11-09T21:09:59.626+0000] {logging_mixin.py:190} INFO - [2025-11-09T21:09:59.625+0000] {dagbag.py:588} INFO - Filling up the DagBag from /home/airflow/.local/lib/python3.12/site-packages/airflow/example_dags/example_task_group_decorator.py
[2025-11-09T21:09:59.703+0000] {processor.py:925} INFO - DAG(s) 'example_task_group_decorator' retrieved from /home/airflow/.local/lib/python3.12/site-packages/airflow/example_dags/example_task_group_decorator.py
[2025-11-09T21:09:59.811+0000] {logging_mixin.py:190} INFO - [2025-11-09T21:09:59.810+0000] {dag.py:3239} INFO - Sync 1 DAGs
[2025-11-09T21:09:59.869+0000] {logging_mixin.py:190} INFO - [2025-11-09T21:09:59.868+0000] {dag.py:4180} INFO - Setting next_dagrun for example_task_group_decorator to None, run_after=None
[2025-11-09T21:09:59.940+0000] {processor.py:208} INFO - Processing /home/airflow/.local/lib/python3.12/site-packages/airflow/example_dags/example_task_group_decorator.py took 0.350 seconds
[2025-11-09T21:10:36.901+0000] {processor.py:186} INFO - Started process (PID=399) to work on /home/airflow/.local/lib/python3.12/site-packages/airflow/example_dags/example_task_group_decorator.py
[2025-11-09T21:10:36.906+0000] {processor.py:914} INFO - Processing file /home/airflow/.local/lib/python3.12/site-packages/airflow/example_dags/example_task_group_decorator.py for tasks to queue
[2025-11-09T21:10:36.924+0000] {logging_mixin.py:190} INFO - [2025-11-09T21:10:36.921+0000] {dagbag.py:588} INFO - Filling up the DagBag from /home/airflow/.local/lib/python3.12/site-packages/airflow/example_dags/example_task_group_decorator.py
[2025-11-09T21:10:37.032+0000] {processor.py:925} INFO - DAG(s) 'example_task_group_decorator' retrieved from /home/airflow/.local/lib/python3.12/site-packages/airflow/example_dags/example_task_group_decorator.py
[2025-11-09T21:10:37.184+0000] {logging_mixin.py:190} INFO - [2025-11-09T21:10:37.183+0000] {dag.py:3239} INFO - Sync 1 DAGs
[2025-11-09T21:10:37.263+0000] {logging_mixin.py:190} INFO - [2025-11-09T21:10:37.263+0000] {dag.py:4180} INFO - Setting next_dagrun for example_task_group_decorator to None, run_after=None
[2025-11-09T21:10:37.349+0000] {processor.py:208} INFO - Processing /home/airflow/.local/lib/python3.12/site-packages/airflow/example_dags/example_task_group_decorator.py took 0.485 seconds
[2025-11-09T21:11:08.191+0000] {processor.py:186} INFO - Started process (PID=464) to work on /home/airflow/.local/lib/python3.12/site-packages/airflow/example_dags/example_task_group_decorator.py
[2025-11-09T21:11:08.201+0000] {processor.py:914} INFO - Processing file /home/airflow/.local/lib/python3.12/site-packages/airflow/example_dags/example_task_group_decorator.py for tasks to queue
[2025-11-09T21:11:08.239+0000] {logging_mixin.py:190} INFO - [2025-11-09T21:11:08.237+0000] {dagbag.py:588} INFO - Filling up the DagBag from /home/airflow/.local/lib/python3.12/site-packages/airflow/example_dags/example_task_group_decorator.py
[2025-11-09T21:11:08.355+0000] {processor.py:925} INFO - DAG(s) 'example_task_group_decorator' retrieved from /home/airflow/.local/lib/python3.12/site-packages/airflow/example_dags/example_task_group_decorator.py
[2025-11-09T21:11:08.563+0000] {logging_mixin.py:190} INFO - [2025-11-09T21:11:08.562+0000] {dag.py:3239} INFO - Sync 1 DAGs
[2025-11-09T21:11:08.646+0000] {logging_mixin.py:190} INFO - [2025-11-09T21:11:08.645+0000] {dag.py:4180} INFO - Setting next_dagrun for example_task_group_decorator to None, run_after=None
[2025-11-09T21:11:08.740+0000] {processor.py:208} INFO - Processing /home/airflow/.local/lib/python3.12/site-packages/airflow/example_dags/example_task_group_decorator.py took 0.586 seconds
[2025-11-09T21:11:39.166+0000] {processor.py:186} INFO - Started process (PID=527) to work on /home/airflow/.local/lib/python3.12/site-packages/airflow/example_dags/example_task_group_decorator.py
[2025-11-09T21:11:39.169+0000] {processor.py:914} INFO - Processing file /home/airflow/.local/lib/python3.12/site-packages/airflow/example_dags/example_task_group_decorator.py for tasks to queue
[2025-11-09T21:11:39.176+0000] {logging_mixin.py:190} INFO - [2025-11-09T21:11:39.175+0000] {dagbag.py:588} INFO - Filling up the DagBag from /home/airflow/.local/lib/python3.12/site-packages/airflow/example_dags/example_task_group_decorator.py
[2025-11-09T21:11:39.199+0000] {processor.py:925} INFO - DAG(s) 'example_task_group_decorator' retrieved from /home/airflow/.local/lib/python3.12/site-packages/airflow/example_dags/example_task_group_decorator.py
[2025-11-09T21:11:39.240+0000] {logging_mixin.py:190} INFO - [2025-11-09T21:11:39.239+0000] {dag.py:3239} INFO - Sync 1 DAGs
[2025-11-09T21:11:39.261+0000] {logging_mixin.py:190} INFO - [2025-11-09T21:11:39.260+0000] {dag.py:4180} INFO - Setting next_dagrun for example_task_group_decorator to None, run_after=None
[2025-11-09T21:11:39.291+0000] {processor.py:208} INFO - Processing /home/airflow/.local/lib/python3.12/site-packages/airflow/example_dags/example_task_group_decorator.py took 0.135 seconds
[2025-11-09T21:12:09.478+0000] {processor.py:186} INFO - Started process (PID=591) to work on /home/airflow/.local/lib/python3.12/site-packages/airflow/example_dags/example_task_group_decorator.py
[2025-11-09T21:12:09.480+0000] {processor.py:914} INFO - Processing file /home/airflow/.local/lib/python3.12/site-packages/airflow/example_dags/example_task_group_decorator.py for tasks to queue
[2025-11-09T21:12:09.484+0000] {logging_mixin.py:190} INFO - [2025-11-09T21:12:09.483+0000] {dagbag.py:588} INFO - Filling up the DagBag from /home/airflow/.local/lib/python3.12/site-packages/airflow/example_dags/example_task_group_decorator.py
[2025-11-09T21:12:09.509+0000] {processor.py:925} INFO - DAG(s) 'example_task_group_decorator' retrieved from /home/airflow/.local/lib/python3.12/site-packages/airflow/example_dags/example_task_group_decorator.py
[2025-11-09T21:12:09.553+0000] {logging_mixin.py:190} INFO - [2025-11-09T21:12:09.552+0000] {dag.py:3239} INFO - Sync 1 DAGs
[2025-11-09T21:12:09.575+0000] {logging_mixin.py:190} INFO - [2025-11-09T21:12:09.575+0000] {dag.py:4180} INFO - Setting next_dagrun for example_task_group_decorator to None, run_after=None
[2025-11-09T21:12:09.608+0000] {processor.py:208} INFO - Processing /home/airflow/.local/lib/python3.12/site-packages/airflow/example_dags/example_task_group_decorator.py took 0.139 seconds
[2025-11-09T21:12:40.739+0000] {processor.py:186} INFO - Started process (PID=655) to work on /home/airflow/.local/lib/python3.12/site-packages/airflow/example_dags/example_task_group_decorator.py
[2025-11-09T21:12:40.743+0000] {processor.py:914} INFO - Processing file /home/airflow/.local/lib/python3.12/site-packages/airflow/example_dags/example_task_group_decorator.py for tasks to queue
[2025-11-09T21:12:40.754+0000] {logging_mixin.py:190} INFO - [2025-11-09T21:12:40.753+0000] {dagbag.py:588} INFO - Filling up the DagBag from /home/airflow/.local/lib/python3.12/site-packages/airflow/example_dags/example_task_group_decorator.py
[2025-11-09T21:12:40.824+0000] {processor.py:925} INFO - DAG(s) 'example_task_group_decorator' retrieved from /home/airflow/.local/lib/python3.12/site-packages/airflow/example_dags/example_task_group_decorator.py
[2025-11-09T21:12:40.947+0000] {logging_mixin.py:190} INFO - [2025-11-09T21:12:40.946+0000] {dag.py:3239} INFO - Sync 1 DAGs
[2025-11-09T21:12:41.014+0000] {logging_mixin.py:190} INFO - [2025-11-09T21:12:41.014+0000] {dag.py:4180} INFO - Setting next_dagrun for example_task_group_decorator to None, run_after=None
[2025-11-09T21:12:41.067+0000] {processor.py:208} INFO - Processing /home/airflow/.local/lib/python3.12/site-packages/airflow/example_dags/example_task_group_decorator.py took 0.355 seconds
[2025-11-09T21:13:11.523+0000] {processor.py:186} INFO - Started process (PID=719) to work on /home/airflow/.local/lib/python3.12/site-packages/airflow/example_dags/example_task_group_decorator.py
[2025-11-09T21:13:11.527+0000] {processor.py:914} INFO - Processing file /home/airflow/.local/lib/python3.12/site-packages/airflow/example_dags/example_task_group_decorator.py for tasks to queue
[2025-11-09T21:13:11.535+0000] {logging_mixin.py:190} INFO - [2025-11-09T21:13:11.534+0000] {dagbag.py:588} INFO - Filling up the DagBag from /home/airflow/.local/lib/python3.12/site-packages/airflow/example_dags/example_task_group_decorator.py
[2025-11-09T21:13:11.585+0000] {processor.py:925} INFO - DAG(s) 'example_task_group_decorator' retrieved from /home/airflow/.local/lib/python3.12/site-packages/airflow/example_dags/example_task_group_decorator.py
[2025-11-09T21:13:11.658+0000] {logging_mixin.py:190} INFO - [2025-11-09T21:13:11.657+0000] {dag.py:3239} INFO - Sync 1 DAGs
[2025-11-09T21:13:11.695+0000] {logging_mixin.py:190} INFO - [2025-11-09T21:13:11.694+0000] {dag.py:4180} INFO - Setting next_dagrun for example_task_group_decorator to None, run_after=None
[2025-11-09T21:13:11.739+0000] {processor.py:208} INFO - Processing /home/airflow/.local/lib/python3.12/site-packages/airflow/example_dags/example_task_group_decorator.py took 0.231 seconds
[2025-11-09T21:13:42.265+0000] {processor.py:186} INFO - Started process (PID=782) to work on /home/airflow/.local/lib/python3.12/site-packages/airflow/example_dags/example_task_group_decorator.py
[2025-11-09T21:13:42.271+0000] {processor.py:914} INFO - Processing file /home/airflow/.local/lib/python3.12/site-packages/airflow/example_dags/example_task_group_decorator.py for tasks to queue
[2025-11-09T21:13:42.285+0000] {logging_mixin.py:190} INFO - [2025-11-09T21:13:42.283+0000] {dagbag.py:588} INFO - Filling up the DagBag from /home/airflow/.local/lib/python3.12/site-packages/airflow/example_dags/example_task_group_decorator.py
[2025-11-09T21:13:42.379+0000] {processor.py:925} INFO - DAG(s) 'example_task_group_decorator' retrieved from /home/airflow/.local/lib/python3.12/site-packages/airflow/example_dags/example_task_group_decorator.py
[2025-11-09T21:13:42.493+0000] {logging_mixin.py:190} INFO - [2025-11-09T21:13:42.493+0000] {dag.py:3239} INFO - Sync 1 DAGs
[2025-11-09T21:13:42.551+0000] {logging_mixin.py:190} INFO - [2025-11-09T21:13:42.550+0000] {dag.py:4180} INFO - Setting next_dagrun for example_task_group_decorator to None, run_after=None
[2025-11-09T21:13:42.642+0000] {processor.py:208} INFO - Processing /home/airflow/.local/lib/python3.12/site-packages/airflow/example_dags/example_task_group_decorator.py took 0.400 seconds
[2025-11-09T21:14:13.611+0000] {processor.py:186} INFO - Started process (PID=845) to work on /home/airflow/.local/lib/python3.12/site-packages/airflow/example_dags/example_task_group_decorator.py
[2025-11-09T21:14:13.614+0000] {processor.py:914} INFO - Processing file /home/airflow/.local/lib/python3.12/site-packages/airflow/example_dags/example_task_group_decorator.py for tasks to queue
[2025-11-09T21:14:13.621+0000] {logging_mixin.py:190} INFO - [2025-11-09T21:14:13.621+0000] {dagbag.py:588} INFO - Filling up the DagBag from /home/airflow/.local/lib/python3.12/site-packages/airflow/example_dags/example_task_group_decorator.py
[2025-11-09T21:14:13.656+0000] {processor.py:925} INFO - DAG(s) 'example_task_group_decorator' retrieved from /home/airflow/.local/lib/python3.12/site-packages/airflow/example_dags/example_task_group_decorator.py
[2025-11-09T21:14:13.714+0000] {logging_mixin.py:190} INFO - [2025-11-09T21:14:13.714+0000] {dag.py:3239} INFO - Sync 1 DAGs
[2025-11-09T21:14:13.742+0000] {logging_mixin.py:190} INFO - [2025-11-09T21:14:13.742+0000] {dag.py:4180} INFO - Setting next_dagrun for example_task_group_decorator to None, run_after=None
[2025-11-09T21:14:13.779+0000] {processor.py:208} INFO - Processing /home/airflow/.local/lib/python3.12/site-packages/airflow/example_dags/example_task_group_decorator.py took 0.179 seconds
[2025-11-09T21:14:44.084+0000] {processor.py:186} INFO - Started process (PID=909) to work on /home/airflow/.local/lib/python3.12/site-packages/airflow/example_dags/example_task_group_decorator.py
[2025-11-09T21:14:44.087+0000] {processor.py:914} INFO - Processing file /home/airflow/.local/lib/python3.12/site-packages/airflow/example_dags/example_task_group_decorator.py for tasks to queue
[2025-11-09T21:14:44.095+0000] {logging_mixin.py:190} INFO - [2025-11-09T21:14:44.094+0000] {dagbag.py:588} INFO - Filling up the DagBag from /home/airflow/.local/lib/python3.12/site-packages/airflow/example_dags/example_task_group_decorator.py
[2025-11-09T21:14:44.127+0000] {processor.py:925} INFO - DAG(s) 'example_task_group_decorator' retrieved from /home/airflow/.local/lib/python3.12/site-packages/airflow/example_dags/example_task_group_decorator.py
[2025-11-09T21:14:44.175+0000] {logging_mixin.py:190} INFO - [2025-11-09T21:14:44.174+0000] {dag.py:3239} INFO - Sync 1 DAGs
[2025-11-09T21:14:44.200+0000] {logging_mixin.py:190} INFO - [2025-11-09T21:14:44.199+0000] {dag.py:4180} INFO - Setting next_dagrun for example_task_group_decorator to None, run_after=None
[2025-11-09T21:14:44.235+0000] {processor.py:208} INFO - Processing /home/airflow/.local/lib/python3.12/site-packages/airflow/example_dags/example_task_group_decorator.py took 0.168 seconds
[2025-11-09T21:15:14.359+0000] {processor.py:186} INFO - Started process (PID=973) to work on /home/airflow/.local/lib/python3.12/site-packages/airflow/example_dags/example_task_group_decorator.py
[2025-11-09T21:15:14.362+0000] {processor.py:914} INFO - Processing file /home/airflow/.local/lib/python3.12/site-packages/airflow/example_dags/example_task_group_decorator.py for tasks to queue
[2025-11-09T21:15:14.368+0000] {logging_mixin.py:190} INFO - [2025-11-09T21:15:14.367+0000] {dagbag.py:588} INFO - Filling up the DagBag from /home/airflow/.local/lib/python3.12/site-packages/airflow/example_dags/example_task_group_decorator.py
[2025-11-09T21:15:14.394+0000] {processor.py:925} INFO - DAG(s) 'example_task_group_decorator' retrieved from /home/airflow/.local/lib/python3.12/site-packages/airflow/example_dags/example_task_group_decorator.py
[2025-11-09T21:15:14.446+0000] {logging_mixin.py:190} INFO - [2025-11-09T21:15:14.446+0000] {dag.py:3239} INFO - Sync 1 DAGs
[2025-11-09T21:15:14.476+0000] {logging_mixin.py:190} INFO - [2025-11-09T21:15:14.475+0000] {dag.py:4180} INFO - Setting next_dagrun for example_task_group_decorator to None, run_after=None
[2025-11-09T21:15:14.515+0000] {processor.py:208} INFO - Processing /home/airflow/.local/lib/python3.12/site-packages/airflow/example_dags/example_task_group_decorator.py took 0.174 seconds
[2025-11-09T21:15:44.902+0000] {processor.py:186} INFO - Started process (PID=1037) to work on /home/airflow/.local/lib/python3.12/site-packages/airflow/example_dags/example_task_group_decorator.py
[2025-11-09T21:15:44.904+0000] {processor.py:914} INFO - Processing file /home/airflow/.local/lib/python3.12/site-packages/airflow/example_dags/example_task_group_decorator.py for tasks to queue
[2025-11-09T21:15:44.910+0000] {logging_mixin.py:190} INFO - [2025-11-09T21:15:44.909+0000] {dagbag.py:588} INFO - Filling up the DagBag from /home/airflow/.local/lib/python3.12/site-packages/airflow/example_dags/example_task_group_decorator.py
[2025-11-09T21:15:44.933+0000] {processor.py:925} INFO - DAG(s) 'example_task_group_decorator' retrieved from /home/airflow/.local/lib/python3.12/site-packages/airflow/example_dags/example_task_group_decorator.py
[2025-11-09T21:15:44.982+0000] {logging_mixin.py:190} INFO - [2025-11-09T21:15:44.982+0000] {dag.py:3239} INFO - Sync 1 DAGs
[2025-11-09T21:15:45.010+0000] {logging_mixin.py:190} INFO - [2025-11-09T21:15:45.009+0000] {dag.py:4180} INFO - Setting next_dagrun for example_task_group_decorator to None, run_after=None
[2025-11-09T21:15:45.049+0000] {processor.py:208} INFO - Processing /home/airflow/.local/lib/python3.12/site-packages/airflow/example_dags/example_task_group_decorator.py took 0.156 seconds
[2025-11-09T21:16:15.590+0000] {processor.py:186} INFO - Started process (PID=1100) to work on /home/airflow/.local/lib/python3.12/site-packages/airflow/example_dags/example_task_group_decorator.py
[2025-11-09T21:16:15.594+0000] {processor.py:914} INFO - Processing file /home/airflow/.local/lib/python3.12/site-packages/airflow/example_dags/example_task_group_decorator.py for tasks to queue
[2025-11-09T21:16:15.605+0000] {logging_mixin.py:190} INFO - [2025-11-09T21:16:15.604+0000] {dagbag.py:588} INFO - Filling up the DagBag from /home/airflow/.local/lib/python3.12/site-packages/airflow/example_dags/example_task_group_decorator.py
[2025-11-09T21:16:15.657+0000] {processor.py:925} INFO - DAG(s) 'example_task_group_decorator' retrieved from /home/airflow/.local/lib/python3.12/site-packages/airflow/example_dags/example_task_group_decorator.py
[2025-11-09T21:16:15.750+0000] {logging_mixin.py:190} INFO - [2025-11-09T21:16:15.749+0000] {dag.py:3239} INFO - Sync 1 DAGs
[2025-11-09T21:16:15.804+0000] {logging_mixin.py:190} INFO - [2025-11-09T21:16:15.804+0000] {dag.py:4180} INFO - Setting next_dagrun for example_task_group_decorator to None, run_after=None
[2025-11-09T21:16:15.863+0000] {processor.py:208} INFO - Processing /home/airflow/.local/lib/python3.12/site-packages/airflow/example_dags/example_task_group_decorator.py took 0.296 seconds
[2025-11-09T21:16:46.233+0000] {processor.py:186} INFO - Started process (PID=1164) to work on /home/airflow/.local/lib/python3.12/site-packages/airflow/example_dags/example_task_group_decorator.py
[2025-11-09T21:16:46.236+0000] {processor.py:914} INFO - Processing file /home/airflow/.local/lib/python3.12/site-packages/airflow/example_dags/example_task_group_decorator.py for tasks to queue
[2025-11-09T21:16:46.242+0000] {logging_mixin.py:190} INFO - [2025-11-09T21:16:46.241+0000] {dagbag.py:588} INFO - Filling up the DagBag from /home/airflow/.local/lib/python3.12/site-packages/airflow/example_dags/example_task_group_decorator.py
[2025-11-09T21:16:46.277+0000] {processor.py:925} INFO - DAG(s) 'example_task_group_decorator' retrieved from /home/airflow/.local/lib/python3.12/site-packages/airflow/example_dags/example_task_group_decorator.py
[2025-11-09T21:16:46.338+0000] {logging_mixin.py:190} INFO - [2025-11-09T21:16:46.337+0000] {dag.py:3239} INFO - Sync 1 DAGs
[2025-11-09T21:16:46.370+0000] {logging_mixin.py:190} INFO - [2025-11-09T21:16:46.370+0000] {dag.py:4180} INFO - Setting next_dagrun for example_task_group_decorator to None, run_after=None
[2025-11-09T21:16:46.408+0000] {processor.py:208} INFO - Processing /home/airflow/.local/lib/python3.12/site-packages/airflow/example_dags/example_task_group_decorator.py took 0.189 seconds
[2025-11-09T21:17:16.815+0000] {processor.py:186} INFO - Started process (PID=1228) to work on /home/airflow/.local/lib/python3.12/site-packages/airflow/example_dags/example_task_group_decorator.py
[2025-11-09T21:17:16.817+0000] {processor.py:914} INFO - Processing file /home/airflow/.local/lib/python3.12/site-packages/airflow/example_dags/example_task_group_decorator.py for tasks to queue
[2025-11-09T21:17:16.822+0000] {logging_mixin.py:190} INFO - [2025-11-09T21:17:16.821+0000] {dagbag.py:588} INFO - Filling up the DagBag from /home/airflow/.local/lib/python3.12/site-packages/airflow/example_dags/example_task_group_decorator.py
[2025-11-09T21:17:16.859+0000] {processor.py:925} INFO - DAG(s) 'example_task_group_decorator' retrieved from /home/airflow/.local/lib/python3.12/site-packages/airflow/example_dags/example_task_group_decorator.py
[2025-11-09T21:17:16.909+0000] {logging_mixin.py:190} INFO - [2025-11-09T21:17:16.908+0000] {dag.py:3239} INFO - Sync 1 DAGs
[2025-11-09T21:17:16.943+0000] {logging_mixin.py:190} INFO - [2025-11-09T21:17:16.942+0000] {dag.py:4180} INFO - Setting next_dagrun for example_task_group_decorator to None, run_after=None
[2025-11-09T21:17:16.983+0000] {processor.py:208} INFO - Processing /home/airflow/.local/lib/python3.12/site-packages/airflow/example_dags/example_task_group_decorator.py took 0.178 seconds
[2025-11-09T21:17:47.514+0000] {processor.py:186} INFO - Started process (PID=1292) to work on /home/airflow/.local/lib/python3.12/site-packages/airflow/example_dags/example_task_group_decorator.py
[2025-11-09T21:17:47.516+0000] {processor.py:914} INFO - Processing file /home/airflow/.local/lib/python3.12/site-packages/airflow/example_dags/example_task_group_decorator.py for tasks to queue
[2025-11-09T21:17:47.523+0000] {logging_mixin.py:190} INFO - [2025-11-09T21:17:47.522+0000] {dagbag.py:588} INFO - Filling up the DagBag from /home/airflow/.local/lib/python3.12/site-packages/airflow/example_dags/example_task_group_decorator.py
[2025-11-09T21:17:47.551+0000] {processor.py:925} INFO - DAG(s) 'example_task_group_decorator' retrieved from /home/airflow/.local/lib/python3.12/site-packages/airflow/example_dags/example_task_group_decorator.py
[2025-11-09T21:17:47.595+0000] {logging_mixin.py:190} INFO - [2025-11-09T21:17:47.594+0000] {dag.py:3239} INFO - Sync 1 DAGs
[2025-11-09T21:17:47.620+0000] {logging_mixin.py:190} INFO - [2025-11-09T21:17:47.620+0000] {dag.py:4180} INFO - Setting next_dagrun for example_task_group_decorator to None, run_after=None
[2025-11-09T21:17:47.649+0000] {processor.py:208} INFO - Processing /home/airflow/.local/lib/python3.12/site-packages/airflow/example_dags/example_task_group_decorator.py took 0.144 seconds
[2025-11-09T21:18:18.133+0000] {processor.py:186} INFO - Started process (PID=1356) to work on /home/airflow/.local/lib/python3.12/site-packages/airflow/example_dags/example_task_group_decorator.py
[2025-11-09T21:18:18.137+0000] {processor.py:914} INFO - Processing file /home/airflow/.local/lib/python3.12/site-packages/airflow/example_dags/example_task_group_decorator.py for tasks to queue
[2025-11-09T21:18:18.143+0000] {logging_mixin.py:190} INFO - [2025-11-09T21:18:18.142+0000] {dagbag.py:588} INFO - Filling up the DagBag from /home/airflow/.local/lib/python3.12/site-packages/airflow/example_dags/example_task_group_decorator.py
[2025-11-09T21:18:18.183+0000] {processor.py:925} INFO - DAG(s) 'example_task_group_decorator' retrieved from /home/airflow/.local/lib/python3.12/site-packages/airflow/example_dags/example_task_group_decorator.py
[2025-11-09T21:18:18.255+0000] {logging_mixin.py:190} INFO - [2025-11-09T21:18:18.255+0000] {dag.py:3239} INFO - Sync 1 DAGs
[2025-11-09T21:18:18.297+0000] {logging_mixin.py:190} INFO - [2025-11-09T21:18:18.296+0000] {dag.py:4180} INFO - Setting next_dagrun for example_task_group_decorator to None, run_after=None
[2025-11-09T21:18:18.345+0000] {processor.py:208} INFO - Processing /home/airflow/.local/lib/python3.12/site-packages/airflow/example_dags/example_task_group_decorator.py took 0.236 seconds
[2025-11-09T21:18:48.810+0000] {processor.py:186} INFO - Started process (PID=1420) to work on /home/airflow/.local/lib/python3.12/site-packages/airflow/example_dags/example_task_group_decorator.py
[2025-11-09T21:18:48.813+0000] {processor.py:914} INFO - Processing file /home/airflow/.local/lib/python3.12/site-packages/airflow/example_dags/example_task_group_decorator.py for tasks to queue
[2025-11-09T21:18:48.820+0000] {logging_mixin.py:190} INFO - [2025-11-09T21:18:48.819+0000] {dagbag.py:588} INFO - Filling up the DagBag from /home/airflow/.local/lib/python3.12/site-packages/airflow/example_dags/example_task_group_decorator.py
[2025-11-09T21:18:48.871+0000] {processor.py:925} INFO - DAG(s) 'example_task_group_decorator' retrieved from /home/airflow/.local/lib/python3.12/site-packages/airflow/example_dags/example_task_group_decorator.py
[2025-11-09T21:18:48.942+0000] {logging_mixin.py:190} INFO - [2025-11-09T21:18:48.942+0000] {dag.py:3239} INFO - Sync 1 DAGs
[2025-11-09T21:18:48.984+0000] {logging_mixin.py:190} INFO - [2025-11-09T21:18:48.984+0000] {dag.py:4180} INFO - Setting next_dagrun for example_task_group_decorator to None, run_after=None
[2025-11-09T21:18:49.029+0000] {processor.py:208} INFO - Processing /home/airflow/.local/lib/python3.12/site-packages/airflow/example_dags/example_task_group_decorator.py took 0.233 seconds
[2025-11-09T21:19:19.170+0000] {processor.py:186} INFO - Started process (PID=1489) to work on /home/airflow/.local/lib/python3.12/site-packages/airflow/example_dags/example_task_group_decorator.py
[2025-11-09T21:19:19.173+0000] {processor.py:914} INFO - Processing file /home/airflow/.local/lib/python3.12/site-packages/airflow/example_dags/example_task_group_decorator.py for tasks to queue
[2025-11-09T21:19:19.179+0000] {logging_mixin.py:190} INFO - [2025-11-09T21:19:19.178+0000] {dagbag.py:588} INFO - Filling up the DagBag from /home/airflow/.local/lib/python3.12/site-packages/airflow/example_dags/example_task_group_decorator.py
[2025-11-09T21:19:19.222+0000] {processor.py:925} INFO - DAG(s) 'example_task_group_decorator' retrieved from /home/airflow/.local/lib/python3.12/site-packages/airflow/example_dags/example_task_group_decorator.py
[2025-11-09T21:19:19.303+0000] {logging_mixin.py:190} INFO - [2025-11-09T21:19:19.302+0000] {dag.py:3239} INFO - Sync 1 DAGs
[2025-11-09T21:19:19.346+0000] {logging_mixin.py:190} INFO - [2025-11-09T21:19:19.345+0000] {dag.py:4180} INFO - Setting next_dagrun for example_task_group_decorator to None, run_after=None
[2025-11-09T21:19:19.394+0000] {processor.py:208} INFO - Processing /home/airflow/.local/lib/python3.12/site-packages/airflow/example_dags/example_task_group_decorator.py took 0.240 seconds
[2025-11-09T21:19:49.981+0000] {processor.py:186} INFO - Started process (PID=1553) to work on /home/airflow/.local/lib/python3.12/site-packages/airflow/example_dags/example_task_group_decorator.py
[2025-11-09T21:19:49.984+0000] {processor.py:914} INFO - Processing file /home/airflow/.local/lib/python3.12/site-packages/airflow/example_dags/example_task_group_decorator.py for tasks to queue
[2025-11-09T21:19:49.996+0000] {logging_mixin.py:190} INFO - [2025-11-09T21:19:49.994+0000] {dagbag.py:588} INFO - Filling up the DagBag from /home/airflow/.local/lib/python3.12/site-packages/airflow/example_dags/example_task_group_decorator.py
[2025-11-09T21:19:50.059+0000] {processor.py:925} INFO - DAG(s) 'example_task_group_decorator' retrieved from /home/airflow/.local/lib/python3.12/site-packages/airflow/example_dags/example_task_group_decorator.py
[2025-11-09T21:19:50.180+0000] {logging_mixin.py:190} INFO - [2025-11-09T21:19:50.180+0000] {dag.py:3239} INFO - Sync 1 DAGs
[2025-11-09T21:19:50.249+0000] {logging_mixin.py:190} INFO - [2025-11-09T21:19:50.248+0000] {dag.py:4180} INFO - Setting next_dagrun for example_task_group_decorator to None, run_after=None
[2025-11-09T21:19:50.324+0000] {processor.py:208} INFO - Processing /home/airflow/.local/lib/python3.12/site-packages/airflow/example_dags/example_task_group_decorator.py took 0.364 seconds
[2025-11-09T21:20:20.516+0000] {processor.py:186} INFO - Started process (PID=1617) to work on /home/airflow/.local/lib/python3.12/site-packages/airflow/example_dags/example_task_group_decorator.py
[2025-11-09T21:20:20.519+0000] {processor.py:914} INFO - Processing file /home/airflow/.local/lib/python3.12/site-packages/airflow/example_dags/example_task_group_decorator.py for tasks to queue
[2025-11-09T21:20:20.527+0000] {logging_mixin.py:190} INFO - [2025-11-09T21:20:20.526+0000] {dagbag.py:588} INFO - Filling up the DagBag from /home/airflow/.local/lib/python3.12/site-packages/airflow/example_dags/example_task_group_decorator.py
[2025-11-09T21:20:20.591+0000] {processor.py:925} INFO - DAG(s) 'example_task_group_decorator' retrieved from /home/airflow/.local/lib/python3.12/site-packages/airflow/example_dags/example_task_group_decorator.py
[2025-11-09T21:20:20.699+0000] {logging_mixin.py:190} INFO - [2025-11-09T21:20:20.698+0000] {dag.py:3239} INFO - Sync 1 DAGs
[2025-11-09T21:20:20.764+0000] {logging_mixin.py:190} INFO - [2025-11-09T21:20:20.763+0000] {dag.py:4180} INFO - Setting next_dagrun for example_task_group_decorator to None, run_after=None
[2025-11-09T21:20:20.826+0000] {processor.py:208} INFO - Processing /home/airflow/.local/lib/python3.12/site-packages/airflow/example_dags/example_task_group_decorator.py took 0.330 seconds
[2025-11-09T21:20:51.064+0000] {processor.py:186} INFO - Started process (PID=1680) to work on /home/airflow/.local/lib/python3.12/site-packages/airflow/example_dags/example_task_group_decorator.py
[2025-11-09T21:20:51.070+0000] {processor.py:914} INFO - Processing file /home/airflow/.local/lib/python3.12/site-packages/airflow/example_dags/example_task_group_decorator.py for tasks to queue
[2025-11-09T21:20:51.086+0000] {logging_mixin.py:190} INFO - [2025-11-09T21:20:51.084+0000] {dagbag.py:588} INFO - Filling up the DagBag from /home/airflow/.local/lib/python3.12/site-packages/airflow/example_dags/example_task_group_decorator.py
[2025-11-09T21:20:51.213+0000] {processor.py:925} INFO - DAG(s) 'example_task_group_decorator' retrieved from /home/airflow/.local/lib/python3.12/site-packages/airflow/example_dags/example_task_group_decorator.py
[2025-11-09T21:20:51.369+0000] {logging_mixin.py:190} INFO - [2025-11-09T21:20:51.368+0000] {dag.py:3239} INFO - Sync 1 DAGs
[2025-11-09T21:20:51.419+0000] {logging_mixin.py:190} INFO - [2025-11-09T21:20:51.418+0000] {dag.py:4180} INFO - Setting next_dagrun for example_task_group_decorator to None, run_after=None
[2025-11-09T21:20:51.494+0000] {processor.py:208} INFO - Processing /home/airflow/.local/lib/python3.12/site-packages/airflow/example_dags/example_task_group_decorator.py took 0.467 seconds
[2025-11-09T21:21:23.825+0000] {processor.py:186} INFO - Started process (PID=1745) to work on /home/airflow/.local/lib/python3.12/site-packages/airflow/example_dags/example_task_group_decorator.py
[2025-11-09T21:21:23.828+0000] {processor.py:914} INFO - Processing file /home/airflow/.local/lib/python3.12/site-packages/airflow/example_dags/example_task_group_decorator.py for tasks to queue
[2025-11-09T21:21:23.835+0000] {logging_mixin.py:190} INFO - [2025-11-09T21:21:23.835+0000] {dagbag.py:588} INFO - Filling up the DagBag from /home/airflow/.local/lib/python3.12/site-packages/airflow/example_dags/example_task_group_decorator.py
[2025-11-09T21:21:23.872+0000] {processor.py:925} INFO - DAG(s) 'example_task_group_decorator' retrieved from /home/airflow/.local/lib/python3.12/site-packages/airflow/example_dags/example_task_group_decorator.py
[2025-11-09T21:21:23.936+0000] {logging_mixin.py:190} INFO - [2025-11-09T21:21:23.935+0000] {dag.py:3239} INFO - Sync 1 DAGs
[2025-11-09T21:21:23.969+0000] {logging_mixin.py:190} INFO - [2025-11-09T21:21:23.968+0000] {dag.py:4180} INFO - Setting next_dagrun for example_task_group_decorator to None, run_after=None
[2025-11-09T21:21:24.009+0000] {processor.py:208} INFO - Processing /home/airflow/.local/lib/python3.12/site-packages/airflow/example_dags/example_task_group_decorator.py took 0.198 seconds
[2025-11-09T21:21:54.330+0000] {processor.py:186} INFO - Started process (PID=1809) to work on /home/airflow/.local/lib/python3.12/site-packages/airflow/example_dags/example_task_group_decorator.py
[2025-11-09T21:21:54.333+0000] {processor.py:914} INFO - Processing file /home/airflow/.local/lib/python3.12/site-packages/airflow/example_dags/example_task_group_decorator.py for tasks to queue
[2025-11-09T21:21:54.341+0000] {logging_mixin.py:190} INFO - [2025-11-09T21:21:54.340+0000] {dagbag.py:588} INFO - Filling up the DagBag from /home/airflow/.local/lib/python3.12/site-packages/airflow/example_dags/example_task_group_decorator.py
[2025-11-09T21:21:54.391+0000] {processor.py:925} INFO - DAG(s) 'example_task_group_decorator' retrieved from /home/airflow/.local/lib/python3.12/site-packages/airflow/example_dags/example_task_group_decorator.py
[2025-11-09T21:21:54.457+0000] {logging_mixin.py:190} INFO - [2025-11-09T21:21:54.457+0000] {dag.py:3239} INFO - Sync 1 DAGs
[2025-11-09T21:21:54.502+0000] {logging_mixin.py:190} INFO - [2025-11-09T21:21:54.501+0000] {dag.py:4180} INFO - Setting next_dagrun for example_task_group_decorator to None, run_after=None
[2025-11-09T21:21:54.548+0000] {processor.py:208} INFO - Processing /home/airflow/.local/lib/python3.12/site-packages/airflow/example_dags/example_task_group_decorator.py took 0.233 seconds
[2025-11-09T21:22:24.996+0000] {processor.py:186} INFO - Started process (PID=1873) to work on /home/airflow/.local/lib/python3.12/site-packages/airflow/example_dags/example_task_group_decorator.py
[2025-11-09T21:22:24.999+0000] {processor.py:914} INFO - Processing file /home/airflow/.local/lib/python3.12/site-packages/airflow/example_dags/example_task_group_decorator.py for tasks to queue
[2025-11-09T21:22:25.006+0000] {logging_mixin.py:190} INFO - [2025-11-09T21:22:25.005+0000] {dagbag.py:588} INFO - Filling up the DagBag from /home/airflow/.local/lib/python3.12/site-packages/airflow/example_dags/example_task_group_decorator.py
[2025-11-09T21:22:25.043+0000] {processor.py:925} INFO - DAG(s) 'example_task_group_decorator' retrieved from /home/airflow/.local/lib/python3.12/site-packages/airflow/example_dags/example_task_group_decorator.py
[2025-11-09T21:22:25.102+0000] {logging_mixin.py:190} INFO - [2025-11-09T21:22:25.101+0000] {dag.py:3239} INFO - Sync 1 DAGs
[2025-11-09T21:22:25.133+0000] {logging_mixin.py:190} INFO - [2025-11-09T21:22:25.132+0000] {dag.py:4180} INFO - Setting next_dagrun for example_task_group_decorator to None, run_after=None
[2025-11-09T21:22:25.167+0000] {processor.py:208} INFO - Processing /home/airflow/.local/lib/python3.12/site-packages/airflow/example_dags/example_task_group_decorator.py took 0.185 seconds
[2025-11-09T21:22:56.496+0000] {processor.py:186} INFO - Started process (PID=1937) to work on /home/airflow/.local/lib/python3.12/site-packages/airflow/example_dags/example_task_group_decorator.py
[2025-11-09T21:22:56.499+0000] {processor.py:914} INFO - Processing file /home/airflow/.local/lib/python3.12/site-packages/airflow/example_dags/example_task_group_decorator.py for tasks to queue
[2025-11-09T21:22:56.505+0000] {logging_mixin.py:190} INFO - [2025-11-09T21:22:56.504+0000] {dagbag.py:588} INFO - Filling up the DagBag from /home/airflow/.local/lib/python3.12/site-packages/airflow/example_dags/example_task_group_decorator.py
[2025-11-09T21:22:56.540+0000] {processor.py:925} INFO - DAG(s) 'example_task_group_decorator' retrieved from /home/airflow/.local/lib/python3.12/site-packages/airflow/example_dags/example_task_group_decorator.py
[2025-11-09T21:22:56.603+0000] {logging_mixin.py:190} INFO - [2025-11-09T21:22:56.602+0000] {dag.py:3239} INFO - Sync 1 DAGs
[2025-11-09T21:22:56.641+0000] {logging_mixin.py:190} INFO - [2025-11-09T21:22:56.640+0000] {dag.py:4180} INFO - Setting next_dagrun for example_task_group_decorator to None, run_after=None
[2025-11-09T21:22:56.684+0000] {processor.py:208} INFO - Processing /home/airflow/.local/lib/python3.12/site-packages/airflow/example_dags/example_task_group_decorator.py took 0.202 seconds
[2025-11-09T21:23:27.545+0000] {processor.py:186} INFO - Started process (PID=2001) to work on /home/airflow/.local/lib/python3.12/site-packages/airflow/example_dags/example_task_group_decorator.py
[2025-11-09T21:23:27.547+0000] {processor.py:914} INFO - Processing file /home/airflow/.local/lib/python3.12/site-packages/airflow/example_dags/example_task_group_decorator.py for tasks to queue
[2025-11-09T21:23:27.553+0000] {logging_mixin.py:190} INFO - [2025-11-09T21:23:27.552+0000] {dagbag.py:588} INFO - Filling up the DagBag from /home/airflow/.local/lib/python3.12/site-packages/airflow/example_dags/example_task_group_decorator.py
[2025-11-09T21:23:27.583+0000] {processor.py:925} INFO - DAG(s) 'example_task_group_decorator' retrieved from /home/airflow/.local/lib/python3.12/site-packages/airflow/example_dags/example_task_group_decorator.py
[2025-11-09T21:23:27.628+0000] {logging_mixin.py:190} INFO - [2025-11-09T21:23:27.627+0000] {dag.py:3239} INFO - Sync 1 DAGs
[2025-11-09T21:23:27.652+0000] {logging_mixin.py:190} INFO - [2025-11-09T21:23:27.651+0000] {dag.py:4180} INFO - Setting next_dagrun for example_task_group_decorator to None, run_after=None
[2025-11-09T21:23:27.690+0000] {processor.py:208} INFO - Processing /home/airflow/.local/lib/python3.12/site-packages/airflow/example_dags/example_task_group_decorator.py took 0.156 seconds
[2025-11-09T21:23:57.853+0000] {processor.py:186} INFO - Started process (PID=2064) to work on /home/airflow/.local/lib/python3.12/site-packages/airflow/example_dags/example_task_group_decorator.py
[2025-11-09T21:23:57.855+0000] {processor.py:914} INFO - Processing file /home/airflow/.local/lib/python3.12/site-packages/airflow/example_dags/example_task_group_decorator.py for tasks to queue
[2025-11-09T21:23:57.862+0000] {logging_mixin.py:190} INFO - [2025-11-09T21:23:57.861+0000] {dagbag.py:588} INFO - Filling up the DagBag from /home/airflow/.local/lib/python3.12/site-packages/airflow/example_dags/example_task_group_decorator.py
[2025-11-09T21:23:57.896+0000] {processor.py:925} INFO - DAG(s) 'example_task_group_decorator' retrieved from /home/airflow/.local/lib/python3.12/site-packages/airflow/example_dags/example_task_group_decorator.py
[2025-11-09T21:23:57.957+0000] {logging_mixin.py:190} INFO - [2025-11-09T21:23:57.957+0000] {dag.py:3239} INFO - Sync 1 DAGs
[2025-11-09T21:23:57.994+0000] {logging_mixin.py:190} INFO - [2025-11-09T21:23:57.994+0000] {dag.py:4180} INFO - Setting next_dagrun for example_task_group_decorator to None, run_after=None
[2025-11-09T21:23:58.038+0000] {processor.py:208} INFO - Processing /home/airflow/.local/lib/python3.12/site-packages/airflow/example_dags/example_task_group_decorator.py took 0.198 seconds
[2025-11-09T21:24:28.859+0000] {processor.py:186} INFO - Started process (PID=2128) to work on /home/airflow/.local/lib/python3.12/site-packages/airflow/example_dags/example_task_group_decorator.py
[2025-11-09T21:24:28.861+0000] {processor.py:914} INFO - Processing file /home/airflow/.local/lib/python3.12/site-packages/airflow/example_dags/example_task_group_decorator.py for tasks to queue
[2025-11-09T21:24:28.866+0000] {logging_mixin.py:190} INFO - [2025-11-09T21:24:28.865+0000] {dagbag.py:588} INFO - Filling up the DagBag from /home/airflow/.local/lib/python3.12/site-packages/airflow/example_dags/example_task_group_decorator.py
[2025-11-09T21:24:28.895+0000] {processor.py:925} INFO - DAG(s) 'example_task_group_decorator' retrieved from /home/airflow/.local/lib/python3.12/site-packages/airflow/example_dags/example_task_group_decorator.py
[2025-11-09T21:24:28.949+0000] {logging_mixin.py:190} INFO - [2025-11-09T21:24:28.948+0000] {dag.py:3239} INFO - Sync 1 DAGs
[2025-11-09T21:24:28.979+0000] {logging_mixin.py:190} INFO - [2025-11-09T21:24:28.978+0000] {dag.py:4180} INFO - Setting next_dagrun for example_task_group_decorator to None, run_after=None
[2025-11-09T21:24:29.017+0000] {processor.py:208} INFO - Processing /home/airflow/.local/lib/python3.12/site-packages/airflow/example_dags/example_task_group_decorator.py took 0.170 seconds
[2025-11-09T21:24:59.977+0000] {processor.py:186} INFO - Started process (PID=2192) to work on /home/airflow/.local/lib/python3.12/site-packages/airflow/example_dags/example_task_group_decorator.py
[2025-11-09T21:24:59.980+0000] {processor.py:914} INFO - Processing file /home/airflow/.local/lib/python3.12/site-packages/airflow/example_dags/example_task_group_decorator.py for tasks to queue
[2025-11-09T21:25:00.000+0000] {logging_mixin.py:190} INFO - [2025-11-09T21:24:59.998+0000] {dagbag.py:588} INFO - Filling up the DagBag from /home/airflow/.local/lib/python3.12/site-packages/airflow/example_dags/example_task_group_decorator.py
[2025-11-09T21:25:00.107+0000] {processor.py:925} INFO - DAG(s) 'example_task_group_decorator' retrieved from /home/airflow/.local/lib/python3.12/site-packages/airflow/example_dags/example_task_group_decorator.py
[2025-11-09T21:25:00.205+0000] {logging_mixin.py:190} INFO - [2025-11-09T21:25:00.204+0000] {dag.py:3239} INFO - Sync 1 DAGs
[2025-11-09T21:25:00.248+0000] {logging_mixin.py:190} INFO - [2025-11-09T21:25:00.248+0000] {dag.py:4180} INFO - Setting next_dagrun for example_task_group_decorator to None, run_after=None
[2025-11-09T21:25:00.294+0000] {processor.py:208} INFO - Processing /home/airflow/.local/lib/python3.12/site-packages/airflow/example_dags/example_task_group_decorator.py took 0.360 seconds
[2025-11-09T21:25:30.870+0000] {processor.py:186} INFO - Started process (PID=2255) to work on /home/airflow/.local/lib/python3.12/site-packages/airflow/example_dags/example_task_group_decorator.py
[2025-11-09T21:25:30.874+0000] {processor.py:914} INFO - Processing file /home/airflow/.local/lib/python3.12/site-packages/airflow/example_dags/example_task_group_decorator.py for tasks to queue
[2025-11-09T21:25:30.889+0000] {logging_mixin.py:190} INFO - [2025-11-09T21:25:30.887+0000] {dagbag.py:588} INFO - Filling up the DagBag from /home/airflow/.local/lib/python3.12/site-packages/airflow/example_dags/example_task_group_decorator.py
[2025-11-09T21:25:30.973+0000] {processor.py:925} INFO - DAG(s) 'example_task_group_decorator' retrieved from /home/airflow/.local/lib/python3.12/site-packages/airflow/example_dags/example_task_group_decorator.py
[2025-11-09T21:25:31.066+0000] {logging_mixin.py:190} INFO - [2025-11-09T21:25:31.066+0000] {dag.py:3239} INFO - Sync 1 DAGs
[2025-11-09T21:25:31.126+0000] {logging_mixin.py:190} INFO - [2025-11-09T21:25:31.126+0000] {dag.py:4180} INFO - Setting next_dagrun for example_task_group_decorator to None, run_after=None
[2025-11-09T21:25:31.189+0000] {processor.py:208} INFO - Processing /home/airflow/.local/lib/python3.12/site-packages/airflow/example_dags/example_task_group_decorator.py took 0.358 seconds
[2025-11-09T21:26:01.553+0000] {processor.py:186} INFO - Started process (PID=2319) to work on /home/airflow/.local/lib/python3.12/site-packages/airflow/example_dags/example_task_group_decorator.py
[2025-11-09T21:26:01.558+0000] {processor.py:914} INFO - Processing file /home/airflow/.local/lib/python3.12/site-packages/airflow/example_dags/example_task_group_decorator.py for tasks to queue
[2025-11-09T21:26:01.568+0000] {logging_mixin.py:190} INFO - [2025-11-09T21:26:01.567+0000] {dagbag.py:588} INFO - Filling up the DagBag from /home/airflow/.local/lib/python3.12/site-packages/airflow/example_dags/example_task_group_decorator.py
[2025-11-09T21:26:01.648+0000] {processor.py:925} INFO - DAG(s) 'example_task_group_decorator' retrieved from /home/airflow/.local/lib/python3.12/site-packages/airflow/example_dags/example_task_group_decorator.py
[2025-11-09T21:26:01.753+0000] {logging_mixin.py:190} INFO - [2025-11-09T21:26:01.752+0000] {dag.py:3239} INFO - Sync 1 DAGs
[2025-11-09T21:26:01.821+0000] {logging_mixin.py:190} INFO - [2025-11-09T21:26:01.820+0000] {dag.py:4180} INFO - Setting next_dagrun for example_task_group_decorator to None, run_after=None
[2025-11-09T21:26:01.899+0000] {processor.py:208} INFO - Processing /home/airflow/.local/lib/python3.12/site-packages/airflow/example_dags/example_task_group_decorator.py took 0.379 seconds
[2025-11-09T21:26:32.793+0000] {processor.py:186} INFO - Started process (PID=2383) to work on /home/airflow/.local/lib/python3.12/site-packages/airflow/example_dags/example_task_group_decorator.py
[2025-11-09T21:26:32.798+0000] {processor.py:914} INFO - Processing file /home/airflow/.local/lib/python3.12/site-packages/airflow/example_dags/example_task_group_decorator.py for tasks to queue
[2025-11-09T21:26:32.820+0000] {logging_mixin.py:190} INFO - [2025-11-09T21:26:32.818+0000] {dagbag.py:588} INFO - Filling up the DagBag from /home/airflow/.local/lib/python3.12/site-packages/airflow/example_dags/example_task_group_decorator.py
[2025-11-09T21:26:32.985+0000] {processor.py:925} INFO - DAG(s) 'example_task_group_decorator' retrieved from /home/airflow/.local/lib/python3.12/site-packages/airflow/example_dags/example_task_group_decorator.py
[2025-11-09T21:26:33.122+0000] {logging_mixin.py:190} INFO - [2025-11-09T21:26:33.120+0000] {dag.py:3239} INFO - Sync 1 DAGs
[2025-11-09T21:26:33.198+0000] {logging_mixin.py:190} INFO - [2025-11-09T21:26:33.197+0000] {dag.py:4180} INFO - Setting next_dagrun for example_task_group_decorator to None, run_after=None
[2025-11-09T21:26:33.284+0000] {processor.py:208} INFO - Processing /home/airflow/.local/lib/python3.12/site-packages/airflow/example_dags/example_task_group_decorator.py took 0.541 seconds
[2025-11-09T21:27:03.613+0000] {processor.py:186} INFO - Started process (PID=2448) to work on /home/airflow/.local/lib/python3.12/site-packages/airflow/example_dags/example_task_group_decorator.py
[2025-11-09T21:27:03.615+0000] {processor.py:914} INFO - Processing file /home/airflow/.local/lib/python3.12/site-packages/airflow/example_dags/example_task_group_decorator.py for tasks to queue
[2025-11-09T21:27:03.620+0000] {logging_mixin.py:190} INFO - [2025-11-09T21:27:03.620+0000] {dagbag.py:588} INFO - Filling up the DagBag from /home/airflow/.local/lib/python3.12/site-packages/airflow/example_dags/example_task_group_decorator.py
[2025-11-09T21:27:03.656+0000] {processor.py:925} INFO - DAG(s) 'example_task_group_decorator' retrieved from /home/airflow/.local/lib/python3.12/site-packages/airflow/example_dags/example_task_group_decorator.py
[2025-11-09T21:27:03.711+0000] {logging_mixin.py:190} INFO - [2025-11-09T21:27:03.710+0000] {dag.py:3239} INFO - Sync 1 DAGs
[2025-11-09T21:27:03.742+0000] {logging_mixin.py:190} INFO - [2025-11-09T21:27:03.742+0000] {dag.py:4180} INFO - Setting next_dagrun for example_task_group_decorator to None, run_after=None
[2025-11-09T21:27:03.778+0000] {processor.py:208} INFO - Processing /home/airflow/.local/lib/python3.12/site-packages/airflow/example_dags/example_task_group_decorator.py took 0.179 seconds
[2025-11-09T21:27:33.915+0000] {processor.py:186} INFO - Started process (PID=2512) to work on /home/airflow/.local/lib/python3.12/site-packages/airflow/example_dags/example_task_group_decorator.py
[2025-11-09T21:27:33.917+0000] {processor.py:914} INFO - Processing file /home/airflow/.local/lib/python3.12/site-packages/airflow/example_dags/example_task_group_decorator.py for tasks to queue
[2025-11-09T21:27:33.922+0000] {logging_mixin.py:190} INFO - [2025-11-09T21:27:33.922+0000] {dagbag.py:588} INFO - Filling up the DagBag from /home/airflow/.local/lib/python3.12/site-packages/airflow/example_dags/example_task_group_decorator.py
[2025-11-09T21:27:33.951+0000] {processor.py:925} INFO - DAG(s) 'example_task_group_decorator' retrieved from /home/airflow/.local/lib/python3.12/site-packages/airflow/example_dags/example_task_group_decorator.py
[2025-11-09T21:27:34.004+0000] {logging_mixin.py:190} INFO - [2025-11-09T21:27:34.003+0000] {dag.py:3239} INFO - Sync 1 DAGs
[2025-11-09T21:27:34.033+0000] {logging_mixin.py:190} INFO - [2025-11-09T21:27:34.033+0000] {dag.py:4180} INFO - Setting next_dagrun for example_task_group_decorator to None, run_after=None
[2025-11-09T21:27:34.069+0000] {processor.py:208} INFO - Processing /home/airflow/.local/lib/python3.12/site-packages/airflow/example_dags/example_task_group_decorator.py took 0.166 seconds
[2025-11-09T21:28:04.725+0000] {processor.py:186} INFO - Started process (PID=2577) to work on /home/airflow/.local/lib/python3.12/site-packages/airflow/example_dags/example_task_group_decorator.py
[2025-11-09T21:28:04.728+0000] {processor.py:914} INFO - Processing file /home/airflow/.local/lib/python3.12/site-packages/airflow/example_dags/example_task_group_decorator.py for tasks to queue
[2025-11-09T21:28:04.736+0000] {logging_mixin.py:190} INFO - [2025-11-09T21:28:04.735+0000] {dagbag.py:588} INFO - Filling up the DagBag from /home/airflow/.local/lib/python3.12/site-packages/airflow/example_dags/example_task_group_decorator.py
[2025-11-09T21:28:04.785+0000] {processor.py:925} INFO - DAG(s) 'example_task_group_decorator' retrieved from /home/airflow/.local/lib/python3.12/site-packages/airflow/example_dags/example_task_group_decorator.py
[2025-11-09T21:28:04.878+0000] {logging_mixin.py:190} INFO - [2025-11-09T21:28:04.877+0000] {dag.py:3239} INFO - Sync 1 DAGs
[2025-11-09T21:28:05.021+0000] {logging_mixin.py:190} INFO - [2025-11-09T21:28:05.020+0000] {dag.py:4180} INFO - Setting next_dagrun for example_task_group_decorator to None, run_after=None
[2025-11-09T21:28:05.123+0000] {processor.py:208} INFO - Processing /home/airflow/.local/lib/python3.12/site-packages/airflow/example_dags/example_task_group_decorator.py took 0.415 seconds
[2025-11-09T21:28:36.002+0000] {processor.py:186} INFO - Started process (PID=2641) to work on /home/airflow/.local/lib/python3.12/site-packages/airflow/example_dags/example_task_group_decorator.py
[2025-11-09T21:28:36.004+0000] {processor.py:914} INFO - Processing file /home/airflow/.local/lib/python3.12/site-packages/airflow/example_dags/example_task_group_decorator.py for tasks to queue
[2025-11-09T21:28:36.008+0000] {logging_mixin.py:190} INFO - [2025-11-09T21:28:36.007+0000] {dagbag.py:588} INFO - Filling up the DagBag from /home/airflow/.local/lib/python3.12/site-packages/airflow/example_dags/example_task_group_decorator.py
[2025-11-09T21:28:36.037+0000] {processor.py:925} INFO - DAG(s) 'example_task_group_decorator' retrieved from /home/airflow/.local/lib/python3.12/site-packages/airflow/example_dags/example_task_group_decorator.py
[2025-11-09T21:28:36.080+0000] {logging_mixin.py:190} INFO - [2025-11-09T21:28:36.080+0000] {dag.py:3239} INFO - Sync 1 DAGs
[2025-11-09T21:28:36.103+0000] {logging_mixin.py:190} INFO - [2025-11-09T21:28:36.103+0000] {dag.py:4180} INFO - Setting next_dagrun for example_task_group_decorator to None, run_after=None
[2025-11-09T21:28:36.133+0000] {processor.py:208} INFO - Processing /home/airflow/.local/lib/python3.12/site-packages/airflow/example_dags/example_task_group_decorator.py took 0.140 seconds
[2025-11-09T21:29:07.741+0000] {processor.py:186} INFO - Started process (PID=2708) to work on /home/airflow/.local/lib/python3.12/site-packages/airflow/example_dags/example_task_group_decorator.py
[2025-11-09T21:29:07.744+0000] {processor.py:914} INFO - Processing file /home/airflow/.local/lib/python3.12/site-packages/airflow/example_dags/example_task_group_decorator.py for tasks to queue
[2025-11-09T21:29:07.751+0000] {logging_mixin.py:190} INFO - [2025-11-09T21:29:07.750+0000] {dagbag.py:588} INFO - Filling up the DagBag from /home/airflow/.local/lib/python3.12/site-packages/airflow/example_dags/example_task_group_decorator.py
[2025-11-09T21:29:07.790+0000] {processor.py:925} INFO - DAG(s) 'example_task_group_decorator' retrieved from /home/airflow/.local/lib/python3.12/site-packages/airflow/example_dags/example_task_group_decorator.py
[2025-11-09T21:29:07.852+0000] {logging_mixin.py:190} INFO - [2025-11-09T21:29:07.852+0000] {dag.py:3239} INFO - Sync 1 DAGs
[2025-11-09T21:29:07.899+0000] {logging_mixin.py:190} INFO - [2025-11-09T21:29:07.899+0000] {dag.py:4180} INFO - Setting next_dagrun for example_task_group_decorator to None, run_after=None
[2025-11-09T21:29:07.948+0000] {processor.py:208} INFO - Processing /home/airflow/.local/lib/python3.12/site-packages/airflow/example_dags/example_task_group_decorator.py took 0.224 seconds
[2025-11-09T21:29:39.216+0000] {processor.py:186} INFO - Started process (PID=2773) to work on /home/airflow/.local/lib/python3.12/site-packages/airflow/example_dags/example_task_group_decorator.py
[2025-11-09T21:29:39.218+0000] {processor.py:914} INFO - Processing file /home/airflow/.local/lib/python3.12/site-packages/airflow/example_dags/example_task_group_decorator.py for tasks to queue
[2025-11-09T21:29:39.222+0000] {logging_mixin.py:190} INFO - [2025-11-09T21:29:39.222+0000] {dagbag.py:588} INFO - Filling up the DagBag from /home/airflow/.local/lib/python3.12/site-packages/airflow/example_dags/example_task_group_decorator.py
[2025-11-09T21:29:39.255+0000] {processor.py:925} INFO - DAG(s) 'example_task_group_decorator' retrieved from /home/airflow/.local/lib/python3.12/site-packages/airflow/example_dags/example_task_group_decorator.py
[2025-11-09T21:29:39.299+0000] {logging_mixin.py:190} INFO - [2025-11-09T21:29:39.298+0000] {dag.py:3239} INFO - Sync 1 DAGs
[2025-11-09T21:29:39.322+0000] {logging_mixin.py:190} INFO - [2025-11-09T21:29:39.322+0000] {dag.py:4180} INFO - Setting next_dagrun for example_task_group_decorator to None, run_after=None
[2025-11-09T21:29:39.356+0000] {processor.py:208} INFO - Processing /home/airflow/.local/lib/python3.12/site-packages/airflow/example_dags/example_task_group_decorator.py took 0.151 seconds
[2025-11-09T21:30:09.731+0000] {processor.py:186} INFO - Started process (PID=2836) to work on /home/airflow/.local/lib/python3.12/site-packages/airflow/example_dags/example_task_group_decorator.py
[2025-11-09T21:30:09.733+0000] {processor.py:914} INFO - Processing file /home/airflow/.local/lib/python3.12/site-packages/airflow/example_dags/example_task_group_decorator.py for tasks to queue
[2025-11-09T21:30:09.739+0000] {logging_mixin.py:190} INFO - [2025-11-09T21:30:09.739+0000] {dagbag.py:588} INFO - Filling up the DagBag from /home/airflow/.local/lib/python3.12/site-packages/airflow/example_dags/example_task_group_decorator.py
[2025-11-09T21:30:09.777+0000] {processor.py:925} INFO - DAG(s) 'example_task_group_decorator' retrieved from /home/airflow/.local/lib/python3.12/site-packages/airflow/example_dags/example_task_group_decorator.py
[2025-11-09T21:30:09.825+0000] {logging_mixin.py:190} INFO - [2025-11-09T21:30:09.824+0000] {dag.py:3239} INFO - Sync 1 DAGs
[2025-11-09T21:30:09.856+0000] {logging_mixin.py:190} INFO - [2025-11-09T21:30:09.855+0000] {dag.py:4180} INFO - Setting next_dagrun for example_task_group_decorator to None, run_after=None
[2025-11-09T21:30:09.897+0000] {processor.py:208} INFO - Processing /home/airflow/.local/lib/python3.12/site-packages/airflow/example_dags/example_task_group_decorator.py took 0.177 seconds
[2025-11-09T21:30:40.131+0000] {processor.py:186} INFO - Started process (PID=2900) to work on /home/airflow/.local/lib/python3.12/site-packages/airflow/example_dags/example_task_group_decorator.py
[2025-11-09T21:30:40.134+0000] {processor.py:914} INFO - Processing file /home/airflow/.local/lib/python3.12/site-packages/airflow/example_dags/example_task_group_decorator.py for tasks to queue
[2025-11-09T21:30:40.140+0000] {logging_mixin.py:190} INFO - [2025-11-09T21:30:40.139+0000] {dagbag.py:588} INFO - Filling up the DagBag from /home/airflow/.local/lib/python3.12/site-packages/airflow/example_dags/example_task_group_decorator.py
[2025-11-09T21:30:40.173+0000] {processor.py:925} INFO - DAG(s) 'example_task_group_decorator' retrieved from /home/airflow/.local/lib/python3.12/site-packages/airflow/example_dags/example_task_group_decorator.py
[2025-11-09T21:30:40.215+0000] {logging_mixin.py:190} INFO - [2025-11-09T21:30:40.215+0000] {dag.py:3239} INFO - Sync 1 DAGs
[2025-11-09T21:30:40.241+0000] {logging_mixin.py:190} INFO - [2025-11-09T21:30:40.240+0000] {dag.py:4180} INFO - Setting next_dagrun for example_task_group_decorator to None, run_after=None
[2025-11-09T21:30:40.274+0000] {processor.py:208} INFO - Processing /home/airflow/.local/lib/python3.12/site-packages/airflow/example_dags/example_task_group_decorator.py took 0.154 seconds
[2025-11-09T21:31:11.267+0000] {processor.py:186} INFO - Started process (PID=2964) to work on /home/airflow/.local/lib/python3.12/site-packages/airflow/example_dags/example_task_group_decorator.py
[2025-11-09T21:31:11.272+0000] {processor.py:914} INFO - Processing file /home/airflow/.local/lib/python3.12/site-packages/airflow/example_dags/example_task_group_decorator.py for tasks to queue
[2025-11-09T21:31:11.281+0000] {logging_mixin.py:190} INFO - [2025-11-09T21:31:11.280+0000] {dagbag.py:588} INFO - Filling up the DagBag from /home/airflow/.local/lib/python3.12/site-packages/airflow/example_dags/example_task_group_decorator.py
[2025-11-09T21:31:11.340+0000] {processor.py:925} INFO - DAG(s) 'example_task_group_decorator' retrieved from /home/airflow/.local/lib/python3.12/site-packages/airflow/example_dags/example_task_group_decorator.py
[2025-11-09T21:31:11.418+0000] {logging_mixin.py:190} INFO - [2025-11-09T21:31:11.417+0000] {dag.py:3239} INFO - Sync 1 DAGs
[2025-11-09T21:31:11.475+0000] {logging_mixin.py:190} INFO - [2025-11-09T21:31:11.474+0000] {dag.py:4180} INFO - Setting next_dagrun for example_task_group_decorator to None, run_after=None
[2025-11-09T21:31:11.535+0000] {processor.py:208} INFO - Processing /home/airflow/.local/lib/python3.12/site-packages/airflow/example_dags/example_task_group_decorator.py took 0.289 seconds
[2025-11-09T21:31:42.487+0000] {processor.py:186} INFO - Started process (PID=3028) to work on /home/airflow/.local/lib/python3.12/site-packages/airflow/example_dags/example_task_group_decorator.py
[2025-11-09T21:31:42.488+0000] {processor.py:914} INFO - Processing file /home/airflow/.local/lib/python3.12/site-packages/airflow/example_dags/example_task_group_decorator.py for tasks to queue
[2025-11-09T21:31:42.492+0000] {logging_mixin.py:190} INFO - [2025-11-09T21:31:42.492+0000] {dagbag.py:588} INFO - Filling up the DagBag from /home/airflow/.local/lib/python3.12/site-packages/airflow/example_dags/example_task_group_decorator.py
[2025-11-09T21:31:42.519+0000] {processor.py:925} INFO - DAG(s) 'example_task_group_decorator' retrieved from /home/airflow/.local/lib/python3.12/site-packages/airflow/example_dags/example_task_group_decorator.py
[2025-11-09T21:31:42.563+0000] {logging_mixin.py:190} INFO - [2025-11-09T21:31:42.562+0000] {dag.py:3239} INFO - Sync 1 DAGs
[2025-11-09T21:31:42.590+0000] {logging_mixin.py:190} INFO - [2025-11-09T21:31:42.589+0000] {dag.py:4180} INFO - Setting next_dagrun for example_task_group_decorator to None, run_after=None
[2025-11-09T21:31:42.625+0000] {processor.py:208} INFO - Processing /home/airflow/.local/lib/python3.12/site-packages/airflow/example_dags/example_task_group_decorator.py took 0.150 seconds
[2025-11-09T21:32:12.942+0000] {processor.py:186} INFO - Started process (PID=3092) to work on /home/airflow/.local/lib/python3.12/site-packages/airflow/example_dags/example_task_group_decorator.py
[2025-11-09T21:32:12.945+0000] {processor.py:914} INFO - Processing file /home/airflow/.local/lib/python3.12/site-packages/airflow/example_dags/example_task_group_decorator.py for tasks to queue
[2025-11-09T21:32:12.950+0000] {logging_mixin.py:190} INFO - [2025-11-09T21:32:12.949+0000] {dagbag.py:588} INFO - Filling up the DagBag from /home/airflow/.local/lib/python3.12/site-packages/airflow/example_dags/example_task_group_decorator.py
[2025-11-09T21:32:12.987+0000] {processor.py:925} INFO - DAG(s) 'example_task_group_decorator' retrieved from /home/airflow/.local/lib/python3.12/site-packages/airflow/example_dags/example_task_group_decorator.py
[2025-11-09T21:32:13.031+0000] {logging_mixin.py:190} INFO - [2025-11-09T21:32:13.031+0000] {dag.py:3239} INFO - Sync 1 DAGs
[2025-11-09T21:32:13.059+0000] {logging_mixin.py:190} INFO - [2025-11-09T21:32:13.058+0000] {dag.py:4180} INFO - Setting next_dagrun for example_task_group_decorator to None, run_after=None
[2025-11-09T21:32:13.094+0000] {processor.py:208} INFO - Processing /home/airflow/.local/lib/python3.12/site-packages/airflow/example_dags/example_task_group_decorator.py took 0.164 seconds
[2025-11-09T21:32:43.352+0000] {processor.py:186} INFO - Started process (PID=3156) to work on /home/airflow/.local/lib/python3.12/site-packages/airflow/example_dags/example_task_group_decorator.py
[2025-11-09T21:32:43.355+0000] {processor.py:914} INFO - Processing file /home/airflow/.local/lib/python3.12/site-packages/airflow/example_dags/example_task_group_decorator.py for tasks to queue
[2025-11-09T21:32:43.361+0000] {logging_mixin.py:190} INFO - [2025-11-09T21:32:43.360+0000] {dagbag.py:588} INFO - Filling up the DagBag from /home/airflow/.local/lib/python3.12/site-packages/airflow/example_dags/example_task_group_decorator.py
[2025-11-09T21:32:43.402+0000] {processor.py:925} INFO - DAG(s) 'example_task_group_decorator' retrieved from /home/airflow/.local/lib/python3.12/site-packages/airflow/example_dags/example_task_group_decorator.py
[2025-11-09T21:32:43.457+0000] {logging_mixin.py:190} INFO - [2025-11-09T21:32:43.456+0000] {dag.py:3239} INFO - Sync 1 DAGs
[2025-11-09T21:32:43.490+0000] {logging_mixin.py:190} INFO - [2025-11-09T21:32:43.489+0000] {dag.py:4180} INFO - Setting next_dagrun for example_task_group_decorator to None, run_after=None
[2025-11-09T21:32:43.538+0000] {processor.py:208} INFO - Processing /home/airflow/.local/lib/python3.12/site-packages/airflow/example_dags/example_task_group_decorator.py took 0.203 seconds
[2025-11-09T21:33:13.652+0000] {processor.py:186} INFO - Started process (PID=3221) to work on /home/airflow/.local/lib/python3.12/site-packages/airflow/example_dags/example_task_group_decorator.py
[2025-11-09T21:33:13.654+0000] {processor.py:914} INFO - Processing file /home/airflow/.local/lib/python3.12/site-packages/airflow/example_dags/example_task_group_decorator.py for tasks to queue
[2025-11-09T21:33:13.659+0000] {logging_mixin.py:190} INFO - [2025-11-09T21:33:13.658+0000] {dagbag.py:588} INFO - Filling up the DagBag from /home/airflow/.local/lib/python3.12/site-packages/airflow/example_dags/example_task_group_decorator.py
[2025-11-09T21:33:13.690+0000] {processor.py:925} INFO - DAG(s) 'example_task_group_decorator' retrieved from /home/airflow/.local/lib/python3.12/site-packages/airflow/example_dags/example_task_group_decorator.py
[2025-11-09T21:33:13.742+0000] {logging_mixin.py:190} INFO - [2025-11-09T21:33:13.742+0000] {dag.py:3239} INFO - Sync 1 DAGs
[2025-11-09T21:33:13.769+0000] {logging_mixin.py:190} INFO - [2025-11-09T21:33:13.769+0000] {dag.py:4180} INFO - Setting next_dagrun for example_task_group_decorator to None, run_after=None
[2025-11-09T21:33:13.807+0000] {processor.py:208} INFO - Processing /home/airflow/.local/lib/python3.12/site-packages/airflow/example_dags/example_task_group_decorator.py took 0.168 seconds
[2025-11-09T21:33:44.411+0000] {processor.py:186} INFO - Started process (PID=3284) to work on /home/airflow/.local/lib/python3.12/site-packages/airflow/example_dags/example_task_group_decorator.py
[2025-11-09T21:33:44.413+0000] {processor.py:914} INFO - Processing file /home/airflow/.local/lib/python3.12/site-packages/airflow/example_dags/example_task_group_decorator.py for tasks to queue
[2025-11-09T21:33:44.419+0000] {logging_mixin.py:190} INFO - [2025-11-09T21:33:44.418+0000] {dagbag.py:588} INFO - Filling up the DagBag from /home/airflow/.local/lib/python3.12/site-packages/airflow/example_dags/example_task_group_decorator.py
[2025-11-09T21:33:44.449+0000] {processor.py:925} INFO - DAG(s) 'example_task_group_decorator' retrieved from /home/airflow/.local/lib/python3.12/site-packages/airflow/example_dags/example_task_group_decorator.py
[2025-11-09T21:33:44.511+0000] {logging_mixin.py:190} INFO - [2025-11-09T21:33:44.510+0000] {dag.py:3239} INFO - Sync 1 DAGs
[2025-11-09T21:33:44.541+0000] {logging_mixin.py:190} INFO - [2025-11-09T21:33:44.541+0000] {dag.py:4180} INFO - Setting next_dagrun for example_task_group_decorator to None, run_after=None
[2025-11-09T21:33:44.578+0000] {processor.py:208} INFO - Processing /home/airflow/.local/lib/python3.12/site-packages/airflow/example_dags/example_task_group_decorator.py took 0.179 seconds
[2025-11-09T21:34:14.968+0000] {processor.py:186} INFO - Started process (PID=3347) to work on /home/airflow/.local/lib/python3.12/site-packages/airflow/example_dags/example_task_group_decorator.py
[2025-11-09T21:34:14.970+0000] {processor.py:914} INFO - Processing file /home/airflow/.local/lib/python3.12/site-packages/airflow/example_dags/example_task_group_decorator.py for tasks to queue
[2025-11-09T21:34:14.974+0000] {logging_mixin.py:190} INFO - [2025-11-09T21:34:14.974+0000] {dagbag.py:588} INFO - Filling up the DagBag from /home/airflow/.local/lib/python3.12/site-packages/airflow/example_dags/example_task_group_decorator.py
[2025-11-09T21:34:15.002+0000] {processor.py:925} INFO - DAG(s) 'example_task_group_decorator' retrieved from /home/airflow/.local/lib/python3.12/site-packages/airflow/example_dags/example_task_group_decorator.py
[2025-11-09T21:34:15.055+0000] {logging_mixin.py:190} INFO - [2025-11-09T21:34:15.055+0000] {dag.py:3239} INFO - Sync 1 DAGs
[2025-11-09T21:34:15.087+0000] {logging_mixin.py:190} INFO - [2025-11-09T21:34:15.086+0000] {dag.py:4180} INFO - Setting next_dagrun for example_task_group_decorator to None, run_after=None
[2025-11-09T21:34:15.125+0000] {processor.py:208} INFO - Processing /home/airflow/.local/lib/python3.12/site-packages/airflow/example_dags/example_task_group_decorator.py took 0.169 seconds
[2025-11-09T21:34:45.516+0000] {processor.py:186} INFO - Started process (PID=3411) to work on /home/airflow/.local/lib/python3.12/site-packages/airflow/example_dags/example_task_group_decorator.py
[2025-11-09T21:34:45.518+0000] {processor.py:914} INFO - Processing file /home/airflow/.local/lib/python3.12/site-packages/airflow/example_dags/example_task_group_decorator.py for tasks to queue
[2025-11-09T21:34:45.524+0000] {logging_mixin.py:190} INFO - [2025-11-09T21:34:45.523+0000] {dagbag.py:588} INFO - Filling up the DagBag from /home/airflow/.local/lib/python3.12/site-packages/airflow/example_dags/example_task_group_decorator.py
[2025-11-09T21:34:45.547+0000] {processor.py:925} INFO - DAG(s) 'example_task_group_decorator' retrieved from /home/airflow/.local/lib/python3.12/site-packages/airflow/example_dags/example_task_group_decorator.py
[2025-11-09T21:34:45.593+0000] {logging_mixin.py:190} INFO - [2025-11-09T21:34:45.592+0000] {dag.py:3239} INFO - Sync 1 DAGs
[2025-11-09T21:34:45.620+0000] {logging_mixin.py:190} INFO - [2025-11-09T21:34:45.619+0000] {dag.py:4180} INFO - Setting next_dagrun for example_task_group_decorator to None, run_after=None
[2025-11-09T21:34:45.656+0000] {processor.py:208} INFO - Processing /home/airflow/.local/lib/python3.12/site-packages/airflow/example_dags/example_task_group_decorator.py took 0.150 seconds
[2025-11-09T21:35:17.192+0000] {processor.py:186} INFO - Started process (PID=3476) to work on /home/airflow/.local/lib/python3.12/site-packages/airflow/example_dags/example_task_group_decorator.py
[2025-11-09T21:35:17.195+0000] {processor.py:914} INFO - Processing file /home/airflow/.local/lib/python3.12/site-packages/airflow/example_dags/example_task_group_decorator.py for tasks to queue
[2025-11-09T21:35:17.204+0000] {logging_mixin.py:190} INFO - [2025-11-09T21:35:17.203+0000] {dagbag.py:588} INFO - Filling up the DagBag from /home/airflow/.local/lib/python3.12/site-packages/airflow/example_dags/example_task_group_decorator.py
[2025-11-09T21:35:17.261+0000] {processor.py:925} INFO - DAG(s) 'example_task_group_decorator' retrieved from /home/airflow/.local/lib/python3.12/site-packages/airflow/example_dags/example_task_group_decorator.py
[2025-11-09T21:35:17.353+0000] {logging_mixin.py:190} INFO - [2025-11-09T21:35:17.352+0000] {dag.py:3239} INFO - Sync 1 DAGs
[2025-11-09T21:35:17.407+0000] {logging_mixin.py:190} INFO - [2025-11-09T21:35:17.407+0000] {dag.py:4180} INFO - Setting next_dagrun for example_task_group_decorator to None, run_after=None
[2025-11-09T21:35:17.463+0000] {processor.py:208} INFO - Processing /home/airflow/.local/lib/python3.12/site-packages/airflow/example_dags/example_task_group_decorator.py took 0.290 seconds
[2025-11-09T21:35:47.746+0000] {processor.py:186} INFO - Started process (PID=3541) to work on /home/airflow/.local/lib/python3.12/site-packages/airflow/example_dags/example_task_group_decorator.py
[2025-11-09T21:35:47.749+0000] {processor.py:914} INFO - Processing file /home/airflow/.local/lib/python3.12/site-packages/airflow/example_dags/example_task_group_decorator.py for tasks to queue
[2025-11-09T21:35:47.756+0000] {logging_mixin.py:190} INFO - [2025-11-09T21:35:47.755+0000] {dagbag.py:588} INFO - Filling up the DagBag from /home/airflow/.local/lib/python3.12/site-packages/airflow/example_dags/example_task_group_decorator.py
[2025-11-09T21:35:47.809+0000] {processor.py:925} INFO - DAG(s) 'example_task_group_decorator' retrieved from /home/airflow/.local/lib/python3.12/site-packages/airflow/example_dags/example_task_group_decorator.py
[2025-11-09T21:35:47.872+0000] {logging_mixin.py:190} INFO - [2025-11-09T21:35:47.871+0000] {dag.py:3239} INFO - Sync 1 DAGs
[2025-11-09T21:35:47.907+0000] {logging_mixin.py:190} INFO - [2025-11-09T21:35:47.906+0000] {dag.py:4180} INFO - Setting next_dagrun for example_task_group_decorator to None, run_after=None
[2025-11-09T21:35:47.952+0000] {processor.py:208} INFO - Processing /home/airflow/.local/lib/python3.12/site-packages/airflow/example_dags/example_task_group_decorator.py took 0.225 seconds
[2025-11-09T21:36:18.449+0000] {processor.py:186} INFO - Started process (PID=3605) to work on /home/airflow/.local/lib/python3.12/site-packages/airflow/example_dags/example_task_group_decorator.py
[2025-11-09T21:36:18.451+0000] {processor.py:914} INFO - Processing file /home/airflow/.local/lib/python3.12/site-packages/airflow/example_dags/example_task_group_decorator.py for tasks to queue
[2025-11-09T21:36:18.456+0000] {logging_mixin.py:190} INFO - [2025-11-09T21:36:18.456+0000] {dagbag.py:588} INFO - Filling up the DagBag from /home/airflow/.local/lib/python3.12/site-packages/airflow/example_dags/example_task_group_decorator.py
[2025-11-09T21:36:18.496+0000] {processor.py:925} INFO - DAG(s) 'example_task_group_decorator' retrieved from /home/airflow/.local/lib/python3.12/site-packages/airflow/example_dags/example_task_group_decorator.py
[2025-11-09T21:36:18.558+0000] {logging_mixin.py:190} INFO - [2025-11-09T21:36:18.557+0000] {dag.py:3239} INFO - Sync 1 DAGs
[2025-11-09T21:36:18.593+0000] {logging_mixin.py:190} INFO - [2025-11-09T21:36:18.593+0000] {dag.py:4180} INFO - Setting next_dagrun for example_task_group_decorator to None, run_after=None
[2025-11-09T21:36:18.634+0000] {processor.py:208} INFO - Processing /home/airflow/.local/lib/python3.12/site-packages/airflow/example_dags/example_task_group_decorator.py took 0.197 seconds
[2025-11-09T21:36:49.537+0000] {processor.py:186} INFO - Started process (PID=3670) to work on /home/airflow/.local/lib/python3.12/site-packages/airflow/example_dags/example_task_group_decorator.py
[2025-11-09T21:36:49.541+0000] {processor.py:914} INFO - Processing file /home/airflow/.local/lib/python3.12/site-packages/airflow/example_dags/example_task_group_decorator.py for tasks to queue
[2025-11-09T21:36:49.552+0000] {logging_mixin.py:190} INFO - [2025-11-09T21:36:49.550+0000] {dagbag.py:588} INFO - Filling up the DagBag from /home/airflow/.local/lib/python3.12/site-packages/airflow/example_dags/example_task_group_decorator.py
[2025-11-09T21:36:49.612+0000] {processor.py:925} INFO - DAG(s) 'example_task_group_decorator' retrieved from /home/airflow/.local/lib/python3.12/site-packages/airflow/example_dags/example_task_group_decorator.py
[2025-11-09T21:36:49.699+0000] {logging_mixin.py:190} INFO - [2025-11-09T21:36:49.699+0000] {dag.py:3239} INFO - Sync 1 DAGs
[2025-11-09T21:36:49.755+0000] {logging_mixin.py:190} INFO - [2025-11-09T21:36:49.754+0000] {dag.py:4180} INFO - Setting next_dagrun for example_task_group_decorator to None, run_after=None
[2025-11-09T21:36:49.812+0000] {processor.py:208} INFO - Processing /home/airflow/.local/lib/python3.12/site-packages/airflow/example_dags/example_task_group_decorator.py took 0.297 seconds
[2025-11-09T21:37:22.876+0000] {processor.py:186} INFO - Started process (PID=3734) to work on /home/airflow/.local/lib/python3.12/site-packages/airflow/example_dags/example_task_group_decorator.py
[2025-11-09T21:37:22.880+0000] {processor.py:914} INFO - Processing file /home/airflow/.local/lib/python3.12/site-packages/airflow/example_dags/example_task_group_decorator.py for tasks to queue
[2025-11-09T21:37:22.891+0000] {logging_mixin.py:190} INFO - [2025-11-09T21:37:22.890+0000] {dagbag.py:588} INFO - Filling up the DagBag from /home/airflow/.local/lib/python3.12/site-packages/airflow/example_dags/example_task_group_decorator.py
[2025-11-09T21:37:22.989+0000] {processor.py:925} INFO - DAG(s) 'example_task_group_decorator' retrieved from /home/airflow/.local/lib/python3.12/site-packages/airflow/example_dags/example_task_group_decorator.py
[2025-11-09T21:37:23.160+0000] {logging_mixin.py:190} INFO - [2025-11-09T21:37:23.159+0000] {dag.py:3239} INFO - Sync 1 DAGs
[2025-11-09T21:37:23.246+0000] {logging_mixin.py:190} INFO - [2025-11-09T21:37:23.245+0000] {dag.py:4180} INFO - Setting next_dagrun for example_task_group_decorator to None, run_after=None
[2025-11-09T21:37:23.332+0000] {processor.py:208} INFO - Processing /home/airflow/.local/lib/python3.12/site-packages/airflow/example_dags/example_task_group_decorator.py took 0.492 seconds
[2025-11-09T21:37:54.356+0000] {processor.py:186} INFO - Started process (PID=3798) to work on /home/airflow/.local/lib/python3.12/site-packages/airflow/example_dags/example_task_group_decorator.py
[2025-11-09T21:37:54.359+0000] {processor.py:914} INFO - Processing file /home/airflow/.local/lib/python3.12/site-packages/airflow/example_dags/example_task_group_decorator.py for tasks to queue
[2025-11-09T21:37:54.368+0000] {logging_mixin.py:190} INFO - [2025-11-09T21:37:54.367+0000] {dagbag.py:588} INFO - Filling up the DagBag from /home/airflow/.local/lib/python3.12/site-packages/airflow/example_dags/example_task_group_decorator.py
[2025-11-09T21:37:54.426+0000] {processor.py:925} INFO - DAG(s) 'example_task_group_decorator' retrieved from /home/airflow/.local/lib/python3.12/site-packages/airflow/example_dags/example_task_group_decorator.py
[2025-11-09T21:37:54.527+0000] {logging_mixin.py:190} INFO - [2025-11-09T21:37:54.526+0000] {dag.py:3239} INFO - Sync 1 DAGs
[2025-11-09T21:37:54.589+0000] {logging_mixin.py:190} INFO - [2025-11-09T21:37:54.589+0000] {dag.py:4180} INFO - Setting next_dagrun for example_task_group_decorator to None, run_after=None
[2025-11-09T21:37:54.654+0000] {processor.py:208} INFO - Processing /home/airflow/.local/lib/python3.12/site-packages/airflow/example_dags/example_task_group_decorator.py took 0.320 seconds
[2025-11-09T21:38:25.866+0000] {processor.py:186} INFO - Started process (PID=3864) to work on /home/airflow/.local/lib/python3.12/site-packages/airflow/example_dags/example_task_group_decorator.py
[2025-11-09T21:38:25.868+0000] {processor.py:914} INFO - Processing file /home/airflow/.local/lib/python3.12/site-packages/airflow/example_dags/example_task_group_decorator.py for tasks to queue
[2025-11-09T21:38:25.874+0000] {logging_mixin.py:190} INFO - [2025-11-09T21:38:25.874+0000] {dagbag.py:588} INFO - Filling up the DagBag from /home/airflow/.local/lib/python3.12/site-packages/airflow/example_dags/example_task_group_decorator.py
[2025-11-09T21:38:25.911+0000] {processor.py:925} INFO - DAG(s) 'example_task_group_decorator' retrieved from /home/airflow/.local/lib/python3.12/site-packages/airflow/example_dags/example_task_group_decorator.py
[2025-11-09T21:38:25.961+0000] {logging_mixin.py:190} INFO - [2025-11-09T21:38:25.961+0000] {dag.py:3239} INFO - Sync 1 DAGs
[2025-11-09T21:38:25.990+0000] {logging_mixin.py:190} INFO - [2025-11-09T21:38:25.990+0000] {dag.py:4180} INFO - Setting next_dagrun for example_task_group_decorator to None, run_after=None
[2025-11-09T21:38:26.027+0000] {processor.py:208} INFO - Processing /home/airflow/.local/lib/python3.12/site-packages/airflow/example_dags/example_task_group_decorator.py took 0.177 seconds
[2025-11-09T21:38:56.229+0000] {processor.py:186} INFO - Started process (PID=3928) to work on /home/airflow/.local/lib/python3.12/site-packages/airflow/example_dags/example_task_group_decorator.py
[2025-11-09T21:38:56.231+0000] {processor.py:914} INFO - Processing file /home/airflow/.local/lib/python3.12/site-packages/airflow/example_dags/example_task_group_decorator.py for tasks to queue
[2025-11-09T21:38:56.238+0000] {logging_mixin.py:190} INFO - [2025-11-09T21:38:56.237+0000] {dagbag.py:588} INFO - Filling up the DagBag from /home/airflow/.local/lib/python3.12/site-packages/airflow/example_dags/example_task_group_decorator.py
[2025-11-09T21:38:56.271+0000] {processor.py:925} INFO - DAG(s) 'example_task_group_decorator' retrieved from /home/airflow/.local/lib/python3.12/site-packages/airflow/example_dags/example_task_group_decorator.py
[2025-11-09T21:38:56.315+0000] {logging_mixin.py:190} INFO - [2025-11-09T21:38:56.314+0000] {dag.py:3239} INFO - Sync 1 DAGs
[2025-11-09T21:38:56.339+0000] {logging_mixin.py:190} INFO - [2025-11-09T21:38:56.338+0000] {dag.py:4180} INFO - Setting next_dagrun for example_task_group_decorator to None, run_after=None
[2025-11-09T21:38:56.371+0000] {processor.py:208} INFO - Processing /home/airflow/.local/lib/python3.12/site-packages/airflow/example_dags/example_task_group_decorator.py took 0.155 seconds
[2025-11-09T21:39:27.152+0000] {processor.py:186} INFO - Started process (PID=3999) to work on /home/airflow/.local/lib/python3.12/site-packages/airflow/example_dags/example_task_group_decorator.py
[2025-11-09T21:39:27.155+0000] {processor.py:914} INFO - Processing file /home/airflow/.local/lib/python3.12/site-packages/airflow/example_dags/example_task_group_decorator.py for tasks to queue
[2025-11-09T21:39:27.163+0000] {logging_mixin.py:190} INFO - [2025-11-09T21:39:27.162+0000] {dagbag.py:588} INFO - Filling up the DagBag from /home/airflow/.local/lib/python3.12/site-packages/airflow/example_dags/example_task_group_decorator.py
[2025-11-09T21:39:27.204+0000] {processor.py:925} INFO - DAG(s) 'example_task_group_decorator' retrieved from /home/airflow/.local/lib/python3.12/site-packages/airflow/example_dags/example_task_group_decorator.py
[2025-11-09T21:39:27.260+0000] {logging_mixin.py:190} INFO - [2025-11-09T21:39:27.260+0000] {dag.py:3239} INFO - Sync 1 DAGs
[2025-11-09T21:39:27.290+0000] {logging_mixin.py:190} INFO - [2025-11-09T21:39:27.290+0000] {dag.py:4180} INFO - Setting next_dagrun for example_task_group_decorator to None, run_after=None
[2025-11-09T21:39:27.328+0000] {processor.py:208} INFO - Processing /home/airflow/.local/lib/python3.12/site-packages/airflow/example_dags/example_task_group_decorator.py took 0.191 seconds
[2025-11-09T21:39:57.807+0000] {processor.py:186} INFO - Started process (PID=4064) to work on /home/airflow/.local/lib/python3.12/site-packages/airflow/example_dags/example_task_group_decorator.py
[2025-11-09T21:39:57.810+0000] {processor.py:914} INFO - Processing file /home/airflow/.local/lib/python3.12/site-packages/airflow/example_dags/example_task_group_decorator.py for tasks to queue
[2025-11-09T21:39:57.817+0000] {logging_mixin.py:190} INFO - [2025-11-09T21:39:57.815+0000] {dagbag.py:588} INFO - Filling up the DagBag from /home/airflow/.local/lib/python3.12/site-packages/airflow/example_dags/example_task_group_decorator.py
[2025-11-09T21:39:57.862+0000] {processor.py:925} INFO - DAG(s) 'example_task_group_decorator' retrieved from /home/airflow/.local/lib/python3.12/site-packages/airflow/example_dags/example_task_group_decorator.py
[2025-11-09T21:39:57.927+0000] {logging_mixin.py:190} INFO - [2025-11-09T21:39:57.926+0000] {dag.py:3239} INFO - Sync 1 DAGs
[2025-11-09T21:39:57.975+0000] {logging_mixin.py:190} INFO - [2025-11-09T21:39:57.974+0000] {dag.py:4180} INFO - Setting next_dagrun for example_task_group_decorator to None, run_after=None
[2025-11-09T21:39:58.028+0000] {processor.py:208} INFO - Processing /home/airflow/.local/lib/python3.12/site-packages/airflow/example_dags/example_task_group_decorator.py took 0.237 seconds
[2025-11-09T21:40:28.679+0000] {processor.py:186} INFO - Started process (PID=4128) to work on /home/airflow/.local/lib/python3.12/site-packages/airflow/example_dags/example_task_group_decorator.py
[2025-11-09T21:40:28.681+0000] {processor.py:914} INFO - Processing file /home/airflow/.local/lib/python3.12/site-packages/airflow/example_dags/example_task_group_decorator.py for tasks to queue
[2025-11-09T21:40:28.687+0000] {logging_mixin.py:190} INFO - [2025-11-09T21:40:28.686+0000] {dagbag.py:588} INFO - Filling up the DagBag from /home/airflow/.local/lib/python3.12/site-packages/airflow/example_dags/example_task_group_decorator.py
[2025-11-09T21:40:28.720+0000] {processor.py:925} INFO - DAG(s) 'example_task_group_decorator' retrieved from /home/airflow/.local/lib/python3.12/site-packages/airflow/example_dags/example_task_group_decorator.py
[2025-11-09T21:40:28.772+0000] {logging_mixin.py:190} INFO - [2025-11-09T21:40:28.772+0000] {dag.py:3239} INFO - Sync 1 DAGs
[2025-11-09T21:40:28.809+0000] {logging_mixin.py:190} INFO - [2025-11-09T21:40:28.808+0000] {dag.py:4180} INFO - Setting next_dagrun for example_task_group_decorator to None, run_after=None
[2025-11-09T21:40:28.851+0000] {processor.py:208} INFO - Processing /home/airflow/.local/lib/python3.12/site-packages/airflow/example_dags/example_task_group_decorator.py took 0.184 seconds
[2025-11-09T21:40:59.146+0000] {processor.py:186} INFO - Started process (PID=4192) to work on /home/airflow/.local/lib/python3.12/site-packages/airflow/example_dags/example_task_group_decorator.py
[2025-11-09T21:40:59.148+0000] {processor.py:914} INFO - Processing file /home/airflow/.local/lib/python3.12/site-packages/airflow/example_dags/example_task_group_decorator.py for tasks to queue
[2025-11-09T21:40:59.156+0000] {logging_mixin.py:190} INFO - [2025-11-09T21:40:59.155+0000] {dagbag.py:588} INFO - Filling up the DagBag from /home/airflow/.local/lib/python3.12/site-packages/airflow/example_dags/example_task_group_decorator.py
[2025-11-09T21:40:59.183+0000] {processor.py:925} INFO - DAG(s) 'example_task_group_decorator' retrieved from /home/airflow/.local/lib/python3.12/site-packages/airflow/example_dags/example_task_group_decorator.py
[2025-11-09T21:40:59.228+0000] {logging_mixin.py:190} INFO - [2025-11-09T21:40:59.227+0000] {dag.py:3239} INFO - Sync 1 DAGs
[2025-11-09T21:40:59.251+0000] {logging_mixin.py:190} INFO - [2025-11-09T21:40:59.251+0000] {dag.py:4180} INFO - Setting next_dagrun for example_task_group_decorator to None, run_after=None
[2025-11-09T21:40:59.282+0000] {processor.py:208} INFO - Processing /home/airflow/.local/lib/python3.12/site-packages/airflow/example_dags/example_task_group_decorator.py took 0.148 seconds
[2025-11-09T21:41:29.522+0000] {processor.py:186} INFO - Started process (PID=4256) to work on /home/airflow/.local/lib/python3.12/site-packages/airflow/example_dags/example_task_group_decorator.py
[2025-11-09T21:41:29.524+0000] {processor.py:914} INFO - Processing file /home/airflow/.local/lib/python3.12/site-packages/airflow/example_dags/example_task_group_decorator.py for tasks to queue
[2025-11-09T21:41:29.530+0000] {logging_mixin.py:190} INFO - [2025-11-09T21:41:29.529+0000] {dagbag.py:588} INFO - Filling up the DagBag from /home/airflow/.local/lib/python3.12/site-packages/airflow/example_dags/example_task_group_decorator.py
[2025-11-09T21:41:29.557+0000] {processor.py:925} INFO - DAG(s) 'example_task_group_decorator' retrieved from /home/airflow/.local/lib/python3.12/site-packages/airflow/example_dags/example_task_group_decorator.py
[2025-11-09T21:41:29.604+0000] {logging_mixin.py:190} INFO - [2025-11-09T21:41:29.604+0000] {dag.py:3239} INFO - Sync 1 DAGs
[2025-11-09T21:41:29.631+0000] {logging_mixin.py:190} INFO - [2025-11-09T21:41:29.630+0000] {dag.py:4180} INFO - Setting next_dagrun for example_task_group_decorator to None, run_after=None
[2025-11-09T21:41:29.659+0000] {processor.py:208} INFO - Processing /home/airflow/.local/lib/python3.12/site-packages/airflow/example_dags/example_task_group_decorator.py took 0.147 seconds
[2025-11-09T21:42:00.374+0000] {processor.py:186} INFO - Started process (PID=4320) to work on /home/airflow/.local/lib/python3.12/site-packages/airflow/example_dags/example_task_group_decorator.py
[2025-11-09T21:42:00.377+0000] {processor.py:914} INFO - Processing file /home/airflow/.local/lib/python3.12/site-packages/airflow/example_dags/example_task_group_decorator.py for tasks to queue
[2025-11-09T21:42:00.385+0000] {logging_mixin.py:190} INFO - [2025-11-09T21:42:00.383+0000] {dagbag.py:588} INFO - Filling up the DagBag from /home/airflow/.local/lib/python3.12/site-packages/airflow/example_dags/example_task_group_decorator.py
[2025-11-09T21:42:00.438+0000] {processor.py:925} INFO - DAG(s) 'example_task_group_decorator' retrieved from /home/airflow/.local/lib/python3.12/site-packages/airflow/example_dags/example_task_group_decorator.py
[2025-11-09T21:42:00.507+0000] {logging_mixin.py:190} INFO - [2025-11-09T21:42:00.507+0000] {dag.py:3239} INFO - Sync 1 DAGs
[2025-11-09T21:42:00.547+0000] {logging_mixin.py:190} INFO - [2025-11-09T21:42:00.547+0000] {dag.py:4180} INFO - Setting next_dagrun for example_task_group_decorator to None, run_after=None
[2025-11-09T21:42:00.597+0000] {processor.py:208} INFO - Processing /home/airflow/.local/lib/python3.12/site-packages/airflow/example_dags/example_task_group_decorator.py took 0.239 seconds
[2025-11-09T21:42:31.511+0000] {processor.py:186} INFO - Started process (PID=4385) to work on /home/airflow/.local/lib/python3.12/site-packages/airflow/example_dags/example_task_group_decorator.py
[2025-11-09T21:42:31.513+0000] {processor.py:914} INFO - Processing file /home/airflow/.local/lib/python3.12/site-packages/airflow/example_dags/example_task_group_decorator.py for tasks to queue
[2025-11-09T21:42:31.518+0000] {logging_mixin.py:190} INFO - [2025-11-09T21:42:31.518+0000] {dagbag.py:588} INFO - Filling up the DagBag from /home/airflow/.local/lib/python3.12/site-packages/airflow/example_dags/example_task_group_decorator.py
[2025-11-09T21:42:31.547+0000] {processor.py:925} INFO - DAG(s) 'example_task_group_decorator' retrieved from /home/airflow/.local/lib/python3.12/site-packages/airflow/example_dags/example_task_group_decorator.py
[2025-11-09T21:42:31.595+0000] {logging_mixin.py:190} INFO - [2025-11-09T21:42:31.594+0000] {dag.py:3239} INFO - Sync 1 DAGs
[2025-11-09T21:42:31.621+0000] {logging_mixin.py:190} INFO - [2025-11-09T21:42:31.620+0000] {dag.py:4180} INFO - Setting next_dagrun for example_task_group_decorator to None, run_after=None
[2025-11-09T21:42:31.654+0000] {processor.py:208} INFO - Processing /home/airflow/.local/lib/python3.12/site-packages/airflow/example_dags/example_task_group_decorator.py took 0.152 seconds
[2025-11-09T21:43:02.154+0000] {processor.py:186} INFO - Started process (PID=4448) to work on /home/airflow/.local/lib/python3.12/site-packages/airflow/example_dags/example_task_group_decorator.py
[2025-11-09T21:43:02.156+0000] {processor.py:914} INFO - Processing file /home/airflow/.local/lib/python3.12/site-packages/airflow/example_dags/example_task_group_decorator.py for tasks to queue
[2025-11-09T21:43:02.160+0000] {logging_mixin.py:190} INFO - [2025-11-09T21:43:02.160+0000] {dagbag.py:588} INFO - Filling up the DagBag from /home/airflow/.local/lib/python3.12/site-packages/airflow/example_dags/example_task_group_decorator.py
[2025-11-09T21:43:02.216+0000] {processor.py:925} INFO - DAG(s) 'example_task_group_decorator' retrieved from /home/airflow/.local/lib/python3.12/site-packages/airflow/example_dags/example_task_group_decorator.py
[2025-11-09T21:43:02.294+0000] {logging_mixin.py:190} INFO - [2025-11-09T21:43:02.293+0000] {dag.py:3239} INFO - Sync 1 DAGs
[2025-11-09T21:43:02.338+0000] {logging_mixin.py:190} INFO - [2025-11-09T21:43:02.337+0000] {dag.py:4180} INFO - Setting next_dagrun for example_task_group_decorator to None, run_after=None
[2025-11-09T21:43:02.382+0000] {processor.py:208} INFO - Processing /home/airflow/.local/lib/python3.12/site-packages/airflow/example_dags/example_task_group_decorator.py took 0.239 seconds
[2025-11-09T21:43:32.637+0000] {processor.py:186} INFO - Started process (PID=4511) to work on /home/airflow/.local/lib/python3.12/site-packages/airflow/example_dags/example_task_group_decorator.py
[2025-11-09T21:43:32.639+0000] {processor.py:914} INFO - Processing file /home/airflow/.local/lib/python3.12/site-packages/airflow/example_dags/example_task_group_decorator.py for tasks to queue
[2025-11-09T21:43:32.644+0000] {logging_mixin.py:190} INFO - [2025-11-09T21:43:32.644+0000] {dagbag.py:588} INFO - Filling up the DagBag from /home/airflow/.local/lib/python3.12/site-packages/airflow/example_dags/example_task_group_decorator.py
[2025-11-09T21:43:32.677+0000] {processor.py:925} INFO - DAG(s) 'example_task_group_decorator' retrieved from /home/airflow/.local/lib/python3.12/site-packages/airflow/example_dags/example_task_group_decorator.py
[2025-11-09T21:43:32.752+0000] {logging_mixin.py:190} INFO - [2025-11-09T21:43:32.748+0000] {dag.py:3239} INFO - Sync 1 DAGs
[2025-11-09T21:43:32.799+0000] {logging_mixin.py:190} INFO - [2025-11-09T21:43:32.798+0000] {dag.py:4180} INFO - Setting next_dagrun for example_task_group_decorator to None, run_after=None
[2025-11-09T21:43:32.858+0000] {processor.py:208} INFO - Processing /home/airflow/.local/lib/python3.12/site-packages/airflow/example_dags/example_task_group_decorator.py took 0.231 seconds
[2025-11-09T21:44:03.767+0000] {processor.py:186} INFO - Started process (PID=4576) to work on /home/airflow/.local/lib/python3.12/site-packages/airflow/example_dags/example_task_group_decorator.py
[2025-11-09T21:44:03.770+0000] {processor.py:914} INFO - Processing file /home/airflow/.local/lib/python3.12/site-packages/airflow/example_dags/example_task_group_decorator.py for tasks to queue
[2025-11-09T21:44:03.778+0000] {logging_mixin.py:190} INFO - [2025-11-09T21:44:03.777+0000] {dagbag.py:588} INFO - Filling up the DagBag from /home/airflow/.local/lib/python3.12/site-packages/airflow/example_dags/example_task_group_decorator.py
[2025-11-09T21:44:03.823+0000] {processor.py:925} INFO - DAG(s) 'example_task_group_decorator' retrieved from /home/airflow/.local/lib/python3.12/site-packages/airflow/example_dags/example_task_group_decorator.py
[2025-11-09T21:44:03.896+0000] {logging_mixin.py:190} INFO - [2025-11-09T21:44:03.895+0000] {dag.py:3239} INFO - Sync 1 DAGs
[2025-11-09T21:44:03.933+0000] {logging_mixin.py:190} INFO - [2025-11-09T21:44:03.933+0000] {dag.py:4180} INFO - Setting next_dagrun for example_task_group_decorator to None, run_after=None
[2025-11-09T21:44:03.977+0000] {processor.py:208} INFO - Processing /home/airflow/.local/lib/python3.12/site-packages/airflow/example_dags/example_task_group_decorator.py took 0.228 seconds
[2025-11-09T21:44:34.133+0000] {processor.py:186} INFO - Started process (PID=4641) to work on /home/airflow/.local/lib/python3.12/site-packages/airflow/example_dags/example_task_group_decorator.py
[2025-11-09T21:44:34.135+0000] {processor.py:914} INFO - Processing file /home/airflow/.local/lib/python3.12/site-packages/airflow/example_dags/example_task_group_decorator.py for tasks to queue
[2025-11-09T21:44:34.141+0000] {logging_mixin.py:190} INFO - [2025-11-09T21:44:34.141+0000] {dagbag.py:588} INFO - Filling up the DagBag from /home/airflow/.local/lib/python3.12/site-packages/airflow/example_dags/example_task_group_decorator.py
[2025-11-09T21:44:34.165+0000] {processor.py:925} INFO - DAG(s) 'example_task_group_decorator' retrieved from /home/airflow/.local/lib/python3.12/site-packages/airflow/example_dags/example_task_group_decorator.py
[2025-11-09T21:44:34.209+0000] {logging_mixin.py:190} INFO - [2025-11-09T21:44:34.208+0000] {dag.py:3239} INFO - Sync 1 DAGs
[2025-11-09T21:44:34.238+0000] {logging_mixin.py:190} INFO - [2025-11-09T21:44:34.237+0000] {dag.py:4180} INFO - Setting next_dagrun for example_task_group_decorator to None, run_after=None
[2025-11-09T21:44:34.276+0000] {processor.py:208} INFO - Processing /home/airflow/.local/lib/python3.12/site-packages/airflow/example_dags/example_task_group_decorator.py took 0.154 seconds
[2025-11-09T21:45:04.590+0000] {processor.py:186} INFO - Started process (PID=4705) to work on /home/airflow/.local/lib/python3.12/site-packages/airflow/example_dags/example_task_group_decorator.py
[2025-11-09T21:45:04.592+0000] {processor.py:914} INFO - Processing file /home/airflow/.local/lib/python3.12/site-packages/airflow/example_dags/example_task_group_decorator.py for tasks to queue
[2025-11-09T21:45:04.598+0000] {logging_mixin.py:190} INFO - [2025-11-09T21:45:04.597+0000] {dagbag.py:588} INFO - Filling up the DagBag from /home/airflow/.local/lib/python3.12/site-packages/airflow/example_dags/example_task_group_decorator.py
[2025-11-09T21:45:04.630+0000] {processor.py:925} INFO - DAG(s) 'example_task_group_decorator' retrieved from /home/airflow/.local/lib/python3.12/site-packages/airflow/example_dags/example_task_group_decorator.py
[2025-11-09T21:45:04.677+0000] {logging_mixin.py:190} INFO - [2025-11-09T21:45:04.677+0000] {dag.py:3239} INFO - Sync 1 DAGs
[2025-11-09T21:45:04.702+0000] {logging_mixin.py:190} INFO - [2025-11-09T21:45:04.702+0000] {dag.py:4180} INFO - Setting next_dagrun for example_task_group_decorator to None, run_after=None
[2025-11-09T21:45:04.738+0000] {processor.py:208} INFO - Processing /home/airflow/.local/lib/python3.12/site-packages/airflow/example_dags/example_task_group_decorator.py took 0.161 seconds
[2025-11-09T21:45:36.255+0000] {processor.py:186} INFO - Started process (PID=4769) to work on /home/airflow/.local/lib/python3.12/site-packages/airflow/example_dags/example_task_group_decorator.py
[2025-11-09T21:45:36.258+0000] {processor.py:914} INFO - Processing file /home/airflow/.local/lib/python3.12/site-packages/airflow/example_dags/example_task_group_decorator.py for tasks to queue
[2025-11-09T21:45:36.270+0000] {logging_mixin.py:190} INFO - [2025-11-09T21:45:36.269+0000] {dagbag.py:588} INFO - Filling up the DagBag from /home/airflow/.local/lib/python3.12/site-packages/airflow/example_dags/example_task_group_decorator.py
[2025-11-09T21:45:36.336+0000] {processor.py:925} INFO - DAG(s) 'example_task_group_decorator' retrieved from /home/airflow/.local/lib/python3.12/site-packages/airflow/example_dags/example_task_group_decorator.py
[2025-11-09T21:45:36.439+0000] {logging_mixin.py:190} INFO - [2025-11-09T21:45:36.439+0000] {dag.py:3239} INFO - Sync 1 DAGs
[2025-11-09T21:45:36.499+0000] {logging_mixin.py:190} INFO - [2025-11-09T21:45:36.498+0000] {dag.py:4180} INFO - Setting next_dagrun for example_task_group_decorator to None, run_after=None
[2025-11-09T21:45:36.570+0000] {processor.py:208} INFO - Processing /home/airflow/.local/lib/python3.12/site-packages/airflow/example_dags/example_task_group_decorator.py took 0.335 seconds
[2025-11-09T21:46:07.679+0000] {processor.py:186} INFO - Started process (PID=4833) to work on /home/airflow/.local/lib/python3.12/site-packages/airflow/example_dags/example_task_group_decorator.py
[2025-11-09T21:46:07.686+0000] {processor.py:914} INFO - Processing file /home/airflow/.local/lib/python3.12/site-packages/airflow/example_dags/example_task_group_decorator.py for tasks to queue
[2025-11-09T21:46:07.694+0000] {logging_mixin.py:190} INFO - [2025-11-09T21:46:07.693+0000] {dagbag.py:588} INFO - Filling up the DagBag from /home/airflow/.local/lib/python3.12/site-packages/airflow/example_dags/example_task_group_decorator.py
[2025-11-09T21:46:07.752+0000] {processor.py:925} INFO - DAG(s) 'example_task_group_decorator' retrieved from /home/airflow/.local/lib/python3.12/site-packages/airflow/example_dags/example_task_group_decorator.py
[2025-11-09T21:46:07.840+0000] {logging_mixin.py:190} INFO - [2025-11-09T21:46:07.840+0000] {dag.py:3239} INFO - Sync 1 DAGs
[2025-11-09T21:46:07.894+0000] {logging_mixin.py:190} INFO - [2025-11-09T21:46:07.894+0000] {dag.py:4180} INFO - Setting next_dagrun for example_task_group_decorator to None, run_after=None
[2025-11-09T21:46:07.952+0000] {processor.py:208} INFO - Processing /home/airflow/.local/lib/python3.12/site-packages/airflow/example_dags/example_task_group_decorator.py took 0.303 seconds
[2025-11-09T21:46:38.223+0000] {processor.py:186} INFO - Started process (PID=4896) to work on /home/airflow/.local/lib/python3.12/site-packages/airflow/example_dags/example_task_group_decorator.py
[2025-11-09T21:46:38.225+0000] {processor.py:914} INFO - Processing file /home/airflow/.local/lib/python3.12/site-packages/airflow/example_dags/example_task_group_decorator.py for tasks to queue
[2025-11-09T21:46:38.231+0000] {logging_mixin.py:190} INFO - [2025-11-09T21:46:38.230+0000] {dagbag.py:588} INFO - Filling up the DagBag from /home/airflow/.local/lib/python3.12/site-packages/airflow/example_dags/example_task_group_decorator.py
[2025-11-09T21:46:38.254+0000] {processor.py:925} INFO - DAG(s) 'example_task_group_decorator' retrieved from /home/airflow/.local/lib/python3.12/site-packages/airflow/example_dags/example_task_group_decorator.py
[2025-11-09T21:46:38.301+0000] {logging_mixin.py:190} INFO - [2025-11-09T21:46:38.300+0000] {dag.py:3239} INFO - Sync 1 DAGs
[2025-11-09T21:46:38.324+0000] {logging_mixin.py:190} INFO - [2025-11-09T21:46:38.324+0000] {dag.py:4180} INFO - Setting next_dagrun for example_task_group_decorator to None, run_after=None
[2025-11-09T21:46:38.354+0000] {processor.py:208} INFO - Processing /home/airflow/.local/lib/python3.12/site-packages/airflow/example_dags/example_task_group_decorator.py took 0.140 seconds
[2025-11-09T21:47:08.877+0000] {processor.py:186} INFO - Started process (PID=4960) to work on /home/airflow/.local/lib/python3.12/site-packages/airflow/example_dags/example_task_group_decorator.py
[2025-11-09T21:47:08.879+0000] {processor.py:914} INFO - Processing file /home/airflow/.local/lib/python3.12/site-packages/airflow/example_dags/example_task_group_decorator.py for tasks to queue
[2025-11-09T21:47:08.886+0000] {logging_mixin.py:190} INFO - [2025-11-09T21:47:08.885+0000] {dagbag.py:588} INFO - Filling up the DagBag from /home/airflow/.local/lib/python3.12/site-packages/airflow/example_dags/example_task_group_decorator.py
[2025-11-09T21:47:08.920+0000] {processor.py:925} INFO - DAG(s) 'example_task_group_decorator' retrieved from /home/airflow/.local/lib/python3.12/site-packages/airflow/example_dags/example_task_group_decorator.py
[2025-11-09T21:47:08.976+0000] {logging_mixin.py:190} INFO - [2025-11-09T21:47:08.976+0000] {dag.py:3239} INFO - Sync 1 DAGs
[2025-11-09T21:47:09.010+0000] {logging_mixin.py:190} INFO - [2025-11-09T21:47:09.010+0000] {dag.py:4180} INFO - Setting next_dagrun for example_task_group_decorator to None, run_after=None
[2025-11-09T21:47:09.048+0000] {processor.py:208} INFO - Processing /home/airflow/.local/lib/python3.12/site-packages/airflow/example_dags/example_task_group_decorator.py took 0.184 seconds
[2025-11-09T21:47:39.469+0000] {processor.py:186} INFO - Started process (PID=5023) to work on /home/airflow/.local/lib/python3.12/site-packages/airflow/example_dags/example_task_group_decorator.py
[2025-11-09T21:47:39.472+0000] {processor.py:914} INFO - Processing file /home/airflow/.local/lib/python3.12/site-packages/airflow/example_dags/example_task_group_decorator.py for tasks to queue
[2025-11-09T21:47:39.481+0000] {logging_mixin.py:190} INFO - [2025-11-09T21:47:39.480+0000] {dagbag.py:588} INFO - Filling up the DagBag from /home/airflow/.local/lib/python3.12/site-packages/airflow/example_dags/example_task_group_decorator.py
[2025-11-09T21:47:39.526+0000] {processor.py:925} INFO - DAG(s) 'example_task_group_decorator' retrieved from /home/airflow/.local/lib/python3.12/site-packages/airflow/example_dags/example_task_group_decorator.py
[2025-11-09T21:47:39.595+0000] {logging_mixin.py:190} INFO - [2025-11-09T21:47:39.594+0000] {dag.py:3239} INFO - Sync 1 DAGs
[2025-11-09T21:47:39.632+0000] {logging_mixin.py:190} INFO - [2025-11-09T21:47:39.631+0000] {dag.py:4180} INFO - Setting next_dagrun for example_task_group_decorator to None, run_after=None
[2025-11-09T21:47:39.677+0000] {processor.py:208} INFO - Processing /home/airflow/.local/lib/python3.12/site-packages/airflow/example_dags/example_task_group_decorator.py took 0.227 seconds
[2025-11-09T21:48:10.060+0000] {processor.py:186} INFO - Started process (PID=5087) to work on /home/airflow/.local/lib/python3.12/site-packages/airflow/example_dags/example_task_group_decorator.py
[2025-11-09T21:48:10.062+0000] {processor.py:914} INFO - Processing file /home/airflow/.local/lib/python3.12/site-packages/airflow/example_dags/example_task_group_decorator.py for tasks to queue
[2025-11-09T21:48:10.066+0000] {logging_mixin.py:190} INFO - [2025-11-09T21:48:10.065+0000] {dagbag.py:588} INFO - Filling up the DagBag from /home/airflow/.local/lib/python3.12/site-packages/airflow/example_dags/example_task_group_decorator.py
[2025-11-09T21:48:10.095+0000] {processor.py:925} INFO - DAG(s) 'example_task_group_decorator' retrieved from /home/airflow/.local/lib/python3.12/site-packages/airflow/example_dags/example_task_group_decorator.py
[2025-11-09T21:48:10.135+0000] {logging_mixin.py:190} INFO - [2025-11-09T21:48:10.135+0000] {dag.py:3239} INFO - Sync 1 DAGs
[2025-11-09T21:48:10.158+0000] {logging_mixin.py:190} INFO - [2025-11-09T21:48:10.158+0000] {dag.py:4180} INFO - Setting next_dagrun for example_task_group_decorator to None, run_after=None
[2025-11-09T21:48:10.187+0000] {processor.py:208} INFO - Processing /home/airflow/.local/lib/python3.12/site-packages/airflow/example_dags/example_task_group_decorator.py took 0.136 seconds
[2025-11-09T21:48:40.532+0000] {processor.py:186} INFO - Started process (PID=5151) to work on /home/airflow/.local/lib/python3.12/site-packages/airflow/example_dags/example_task_group_decorator.py
[2025-11-09T21:48:40.535+0000] {processor.py:914} INFO - Processing file /home/airflow/.local/lib/python3.12/site-packages/airflow/example_dags/example_task_group_decorator.py for tasks to queue
[2025-11-09T21:48:40.542+0000] {logging_mixin.py:190} INFO - [2025-11-09T21:48:40.542+0000] {dagbag.py:588} INFO - Filling up the DagBag from /home/airflow/.local/lib/python3.12/site-packages/airflow/example_dags/example_task_group_decorator.py
[2025-11-09T21:48:40.577+0000] {processor.py:925} INFO - DAG(s) 'example_task_group_decorator' retrieved from /home/airflow/.local/lib/python3.12/site-packages/airflow/example_dags/example_task_group_decorator.py
[2025-11-09T21:48:40.628+0000] {logging_mixin.py:190} INFO - [2025-11-09T21:48:40.628+0000] {dag.py:3239} INFO - Sync 1 DAGs
[2025-11-09T21:48:40.652+0000] {logging_mixin.py:190} INFO - [2025-11-09T21:48:40.652+0000] {dag.py:4180} INFO - Setting next_dagrun for example_task_group_decorator to None, run_after=None
[2025-11-09T21:48:40.688+0000] {processor.py:208} INFO - Processing /home/airflow/.local/lib/python3.12/site-packages/airflow/example_dags/example_task_group_decorator.py took 0.169 seconds
[2025-11-09T21:49:10.897+0000] {processor.py:186} INFO - Started process (PID=5215) to work on /home/airflow/.local/lib/python3.12/site-packages/airflow/example_dags/example_task_group_decorator.py
[2025-11-09T21:49:10.899+0000] {processor.py:914} INFO - Processing file /home/airflow/.local/lib/python3.12/site-packages/airflow/example_dags/example_task_group_decorator.py for tasks to queue
[2025-11-09T21:49:10.904+0000] {logging_mixin.py:190} INFO - [2025-11-09T21:49:10.904+0000] {dagbag.py:588} INFO - Filling up the DagBag from /home/airflow/.local/lib/python3.12/site-packages/airflow/example_dags/example_task_group_decorator.py
[2025-11-09T21:49:10.929+0000] {processor.py:925} INFO - DAG(s) 'example_task_group_decorator' retrieved from /home/airflow/.local/lib/python3.12/site-packages/airflow/example_dags/example_task_group_decorator.py
[2025-11-09T21:49:10.974+0000] {logging_mixin.py:190} INFO - [2025-11-09T21:49:10.974+0000] {dag.py:3239} INFO - Sync 1 DAGs
[2025-11-09T21:49:11.000+0000] {logging_mixin.py:190} INFO - [2025-11-09T21:49:11.000+0000] {dag.py:4180} INFO - Setting next_dagrun for example_task_group_decorator to None, run_after=None
[2025-11-09T21:49:11.040+0000] {processor.py:208} INFO - Processing /home/airflow/.local/lib/python3.12/site-packages/airflow/example_dags/example_task_group_decorator.py took 0.155 seconds
[2025-11-09T21:49:41.177+0000] {processor.py:186} INFO - Started process (PID=5280) to work on /home/airflow/.local/lib/python3.12/site-packages/airflow/example_dags/example_task_group_decorator.py
[2025-11-09T21:49:41.179+0000] {processor.py:914} INFO - Processing file /home/airflow/.local/lib/python3.12/site-packages/airflow/example_dags/example_task_group_decorator.py for tasks to queue
[2025-11-09T21:49:41.186+0000] {logging_mixin.py:190} INFO - [2025-11-09T21:49:41.185+0000] {dagbag.py:588} INFO - Filling up the DagBag from /home/airflow/.local/lib/python3.12/site-packages/airflow/example_dags/example_task_group_decorator.py
[2025-11-09T21:49:41.215+0000] {processor.py:925} INFO - DAG(s) 'example_task_group_decorator' retrieved from /home/airflow/.local/lib/python3.12/site-packages/airflow/example_dags/example_task_group_decorator.py
[2025-11-09T21:49:41.269+0000] {logging_mixin.py:190} INFO - [2025-11-09T21:49:41.268+0000] {dag.py:3239} INFO - Sync 1 DAGs
[2025-11-09T21:49:41.298+0000] {logging_mixin.py:190} INFO - [2025-11-09T21:49:41.297+0000] {dag.py:4180} INFO - Setting next_dagrun for example_task_group_decorator to None, run_after=None
[2025-11-09T21:49:41.332+0000] {processor.py:208} INFO - Processing /home/airflow/.local/lib/python3.12/site-packages/airflow/example_dags/example_task_group_decorator.py took 0.168 seconds
[2025-11-09T21:50:12.154+0000] {processor.py:186} INFO - Started process (PID=5345) to work on /home/airflow/.local/lib/python3.12/site-packages/airflow/example_dags/example_task_group_decorator.py
[2025-11-09T21:50:12.156+0000] {processor.py:914} INFO - Processing file /home/airflow/.local/lib/python3.12/site-packages/airflow/example_dags/example_task_group_decorator.py for tasks to queue
[2025-11-09T21:50:12.163+0000] {logging_mixin.py:190} INFO - [2025-11-09T21:50:12.162+0000] {dagbag.py:588} INFO - Filling up the DagBag from /home/airflow/.local/lib/python3.12/site-packages/airflow/example_dags/example_task_group_decorator.py
[2025-11-09T21:50:12.194+0000] {processor.py:925} INFO - DAG(s) 'example_task_group_decorator' retrieved from /home/airflow/.local/lib/python3.12/site-packages/airflow/example_dags/example_task_group_decorator.py
[2025-11-09T21:50:12.244+0000] {logging_mixin.py:190} INFO - [2025-11-09T21:50:12.243+0000] {dag.py:3239} INFO - Sync 1 DAGs
[2025-11-09T21:50:12.275+0000] {logging_mixin.py:190} INFO - [2025-11-09T21:50:12.275+0000] {dag.py:4180} INFO - Setting next_dagrun for example_task_group_decorator to None, run_after=None
[2025-11-09T21:50:12.308+0000] {processor.py:208} INFO - Processing /home/airflow/.local/lib/python3.12/site-packages/airflow/example_dags/example_task_group_decorator.py took 0.166 seconds
[2025-11-09T21:50:43.175+0000] {processor.py:186} INFO - Started process (PID=5409) to work on /home/airflow/.local/lib/python3.12/site-packages/airflow/example_dags/example_task_group_decorator.py
[2025-11-09T21:50:43.178+0000] {processor.py:914} INFO - Processing file /home/airflow/.local/lib/python3.12/site-packages/airflow/example_dags/example_task_group_decorator.py for tasks to queue
[2025-11-09T21:50:43.183+0000] {logging_mixin.py:190} INFO - [2025-11-09T21:50:43.183+0000] {dagbag.py:588} INFO - Filling up the DagBag from /home/airflow/.local/lib/python3.12/site-packages/airflow/example_dags/example_task_group_decorator.py
[2025-11-09T21:50:43.218+0000] {processor.py:925} INFO - DAG(s) 'example_task_group_decorator' retrieved from /home/airflow/.local/lib/python3.12/site-packages/airflow/example_dags/example_task_group_decorator.py
[2025-11-09T21:50:43.277+0000] {logging_mixin.py:190} INFO - [2025-11-09T21:50:43.276+0000] {dag.py:3239} INFO - Sync 1 DAGs
[2025-11-09T21:50:43.318+0000] {logging_mixin.py:190} INFO - [2025-11-09T21:50:43.318+0000] {dag.py:4180} INFO - Setting next_dagrun for example_task_group_decorator to None, run_after=None
[2025-11-09T21:50:43.360+0000] {processor.py:208} INFO - Processing /home/airflow/.local/lib/python3.12/site-packages/airflow/example_dags/example_task_group_decorator.py took 0.200 seconds
[2025-11-09T21:51:13.805+0000] {processor.py:186} INFO - Started process (PID=5472) to work on /home/airflow/.local/lib/python3.12/site-packages/airflow/example_dags/example_task_group_decorator.py
[2025-11-09T21:51:13.807+0000] {processor.py:914} INFO - Processing file /home/airflow/.local/lib/python3.12/site-packages/airflow/example_dags/example_task_group_decorator.py for tasks to queue
[2025-11-09T21:51:13.814+0000] {logging_mixin.py:190} INFO - [2025-11-09T21:51:13.813+0000] {dagbag.py:588} INFO - Filling up the DagBag from /home/airflow/.local/lib/python3.12/site-packages/airflow/example_dags/example_task_group_decorator.py
[2025-11-09T21:51:13.847+0000] {processor.py:925} INFO - DAG(s) 'example_task_group_decorator' retrieved from /home/airflow/.local/lib/python3.12/site-packages/airflow/example_dags/example_task_group_decorator.py
[2025-11-09T21:51:13.905+0000] {logging_mixin.py:190} INFO - [2025-11-09T21:51:13.904+0000] {dag.py:3239} INFO - Sync 1 DAGs
[2025-11-09T21:51:13.939+0000] {logging_mixin.py:190} INFO - [2025-11-09T21:51:13.939+0000] {dag.py:4180} INFO - Setting next_dagrun for example_task_group_decorator to None, run_after=None
[2025-11-09T21:51:13.975+0000] {processor.py:208} INFO - Processing /home/airflow/.local/lib/python3.12/site-packages/airflow/example_dags/example_task_group_decorator.py took 0.185 seconds
[2025-11-09T21:51:44.367+0000] {processor.py:186} INFO - Started process (PID=5536) to work on /home/airflow/.local/lib/python3.12/site-packages/airflow/example_dags/example_task_group_decorator.py
[2025-11-09T21:51:44.369+0000] {processor.py:914} INFO - Processing file /home/airflow/.local/lib/python3.12/site-packages/airflow/example_dags/example_task_group_decorator.py for tasks to queue
[2025-11-09T21:51:44.374+0000] {logging_mixin.py:190} INFO - [2025-11-09T21:51:44.373+0000] {dagbag.py:588} INFO - Filling up the DagBag from /home/airflow/.local/lib/python3.12/site-packages/airflow/example_dags/example_task_group_decorator.py
[2025-11-09T21:51:44.401+0000] {processor.py:925} INFO - DAG(s) 'example_task_group_decorator' retrieved from /home/airflow/.local/lib/python3.12/site-packages/airflow/example_dags/example_task_group_decorator.py
[2025-11-09T21:51:44.443+0000] {logging_mixin.py:190} INFO - [2025-11-09T21:51:44.442+0000] {dag.py:3239} INFO - Sync 1 DAGs
[2025-11-09T21:51:44.465+0000] {logging_mixin.py:190} INFO - [2025-11-09T21:51:44.464+0000] {dag.py:4180} INFO - Setting next_dagrun for example_task_group_decorator to None, run_after=None
[2025-11-09T21:51:44.491+0000] {processor.py:208} INFO - Processing /home/airflow/.local/lib/python3.12/site-packages/airflow/example_dags/example_task_group_decorator.py took 0.140 seconds
[2025-11-09T21:52:15.073+0000] {processor.py:186} INFO - Started process (PID=5600) to work on /home/airflow/.local/lib/python3.12/site-packages/airflow/example_dags/example_task_group_decorator.py
[2025-11-09T21:52:15.075+0000] {processor.py:914} INFO - Processing file /home/airflow/.local/lib/python3.12/site-packages/airflow/example_dags/example_task_group_decorator.py for tasks to queue
[2025-11-09T21:52:15.082+0000] {logging_mixin.py:190} INFO - [2025-11-09T21:52:15.081+0000] {dagbag.py:588} INFO - Filling up the DagBag from /home/airflow/.local/lib/python3.12/site-packages/airflow/example_dags/example_task_group_decorator.py
[2025-11-09T21:52:15.126+0000] {processor.py:925} INFO - DAG(s) 'example_task_group_decorator' retrieved from /home/airflow/.local/lib/python3.12/site-packages/airflow/example_dags/example_task_group_decorator.py
[2025-11-09T21:52:15.203+0000] {logging_mixin.py:190} INFO - [2025-11-09T21:52:15.203+0000] {dag.py:3239} INFO - Sync 1 DAGs
[2025-11-09T21:52:15.247+0000] {logging_mixin.py:190} INFO - [2025-11-09T21:52:15.247+0000] {dag.py:4180} INFO - Setting next_dagrun for example_task_group_decorator to None, run_after=None
[2025-11-09T21:52:15.301+0000] {processor.py:208} INFO - Processing /home/airflow/.local/lib/python3.12/site-packages/airflow/example_dags/example_task_group_decorator.py took 0.243 seconds
[2025-11-09T21:52:45.404+0000] {processor.py:186} INFO - Started process (PID=5663) to work on /home/airflow/.local/lib/python3.12/site-packages/airflow/example_dags/example_task_group_decorator.py
[2025-11-09T21:52:45.406+0000] {processor.py:914} INFO - Processing file /home/airflow/.local/lib/python3.12/site-packages/airflow/example_dags/example_task_group_decorator.py for tasks to queue
[2025-11-09T21:52:45.411+0000] {logging_mixin.py:190} INFO - [2025-11-09T21:52:45.410+0000] {dagbag.py:588} INFO - Filling up the DagBag from /home/airflow/.local/lib/python3.12/site-packages/airflow/example_dags/example_task_group_decorator.py
[2025-11-09T21:52:45.438+0000] {processor.py:925} INFO - DAG(s) 'example_task_group_decorator' retrieved from /home/airflow/.local/lib/python3.12/site-packages/airflow/example_dags/example_task_group_decorator.py
[2025-11-09T21:52:45.477+0000] {logging_mixin.py:190} INFO - [2025-11-09T21:52:45.477+0000] {dag.py:3239} INFO - Sync 1 DAGs
[2025-11-09T21:52:45.499+0000] {logging_mixin.py:190} INFO - [2025-11-09T21:52:45.499+0000] {dag.py:4180} INFO - Setting next_dagrun for example_task_group_decorator to None, run_after=None
[2025-11-09T21:52:45.526+0000] {processor.py:208} INFO - Processing /home/airflow/.local/lib/python3.12/site-packages/airflow/example_dags/example_task_group_decorator.py took 0.133 seconds
[2025-11-09T21:53:16.048+0000] {processor.py:186} INFO - Started process (PID=5727) to work on /home/airflow/.local/lib/python3.12/site-packages/airflow/example_dags/example_task_group_decorator.py
[2025-11-09T21:53:16.051+0000] {processor.py:914} INFO - Processing file /home/airflow/.local/lib/python3.12/site-packages/airflow/example_dags/example_task_group_decorator.py for tasks to queue
[2025-11-09T21:53:16.058+0000] {logging_mixin.py:190} INFO - [2025-11-09T21:53:16.057+0000] {dagbag.py:588} INFO - Filling up the DagBag from /home/airflow/.local/lib/python3.12/site-packages/airflow/example_dags/example_task_group_decorator.py
[2025-11-09T21:53:16.108+0000] {processor.py:925} INFO - DAG(s) 'example_task_group_decorator' retrieved from /home/airflow/.local/lib/python3.12/site-packages/airflow/example_dags/example_task_group_decorator.py
[2025-11-09T21:53:16.192+0000] {logging_mixin.py:190} INFO - [2025-11-09T21:53:16.191+0000] {dag.py:3239} INFO - Sync 1 DAGs
[2025-11-09T21:53:16.235+0000] {logging_mixin.py:190} INFO - [2025-11-09T21:53:16.235+0000] {dag.py:4180} INFO - Setting next_dagrun for example_task_group_decorator to None, run_after=None
[2025-11-09T21:53:16.295+0000] {processor.py:208} INFO - Processing /home/airflow/.local/lib/python3.12/site-packages/airflow/example_dags/example_task_group_decorator.py took 0.267 seconds
[2025-11-09T21:53:50.209+0000] {processor.py:186} INFO - Started process (PID=5793) to work on /home/airflow/.local/lib/python3.12/site-packages/airflow/example_dags/example_task_group_decorator.py
[2025-11-09T21:53:50.213+0000] {processor.py:914} INFO - Processing file /home/airflow/.local/lib/python3.12/site-packages/airflow/example_dags/example_task_group_decorator.py for tasks to queue
[2025-11-09T21:53:50.222+0000] {logging_mixin.py:190} INFO - [2025-11-09T21:53:50.220+0000] {dagbag.py:588} INFO - Filling up the DagBag from /home/airflow/.local/lib/python3.12/site-packages/airflow/example_dags/example_task_group_decorator.py
[2025-11-09T21:53:50.283+0000] {processor.py:925} INFO - DAG(s) 'example_task_group_decorator' retrieved from /home/airflow/.local/lib/python3.12/site-packages/airflow/example_dags/example_task_group_decorator.py
[2025-11-09T21:53:50.371+0000] {logging_mixin.py:190} INFO - [2025-11-09T21:53:50.370+0000] {dag.py:3239} INFO - Sync 1 DAGs
[2025-11-09T21:53:50.423+0000] {logging_mixin.py:190} INFO - [2025-11-09T21:53:50.423+0000] {dag.py:4180} INFO - Setting next_dagrun for example_task_group_decorator to None, run_after=None
[2025-11-09T21:53:50.498+0000] {processor.py:208} INFO - Processing /home/airflow/.local/lib/python3.12/site-packages/airflow/example_dags/example_task_group_decorator.py took 0.309 seconds
[2025-11-09T21:54:20.661+0000] {processor.py:186} INFO - Started process (PID=5857) to work on /home/airflow/.local/lib/python3.12/site-packages/airflow/example_dags/example_task_group_decorator.py
[2025-11-09T21:54:20.663+0000] {processor.py:914} INFO - Processing file /home/airflow/.local/lib/python3.12/site-packages/airflow/example_dags/example_task_group_decorator.py for tasks to queue
[2025-11-09T21:54:20.668+0000] {logging_mixin.py:190} INFO - [2025-11-09T21:54:20.667+0000] {dagbag.py:588} INFO - Filling up the DagBag from /home/airflow/.local/lib/python3.12/site-packages/airflow/example_dags/example_task_group_decorator.py
[2025-11-09T21:54:20.699+0000] {processor.py:925} INFO - DAG(s) 'example_task_group_decorator' retrieved from /home/airflow/.local/lib/python3.12/site-packages/airflow/example_dags/example_task_group_decorator.py
[2025-11-09T21:54:20.757+0000] {logging_mixin.py:190} INFO - [2025-11-09T21:54:20.756+0000] {dag.py:3239} INFO - Sync 1 DAGs
[2025-11-09T21:54:20.789+0000] {logging_mixin.py:190} INFO - [2025-11-09T21:54:20.789+0000] {dag.py:4180} INFO - Setting next_dagrun for example_task_group_decorator to None, run_after=None
[2025-11-09T21:54:20.822+0000] {processor.py:208} INFO - Processing /home/airflow/.local/lib/python3.12/site-packages/airflow/example_dags/example_task_group_decorator.py took 0.174 seconds
[2025-11-09T21:54:51.243+0000] {processor.py:186} INFO - Started process (PID=5918) to work on /home/airflow/.local/lib/python3.12/site-packages/airflow/example_dags/example_task_group_decorator.py
[2025-11-09T21:54:51.245+0000] {processor.py:914} INFO - Processing file /home/airflow/.local/lib/python3.12/site-packages/airflow/example_dags/example_task_group_decorator.py for tasks to queue
[2025-11-09T21:54:51.251+0000] {logging_mixin.py:190} INFO - [2025-11-09T21:54:51.251+0000] {dagbag.py:588} INFO - Filling up the DagBag from /home/airflow/.local/lib/python3.12/site-packages/airflow/example_dags/example_task_group_decorator.py
[2025-11-09T21:54:51.288+0000] {processor.py:925} INFO - DAG(s) 'example_task_group_decorator' retrieved from /home/airflow/.local/lib/python3.12/site-packages/airflow/example_dags/example_task_group_decorator.py
[2025-11-09T21:54:51.340+0000] {logging_mixin.py:190} INFO - [2025-11-09T21:54:51.340+0000] {dag.py:3239} INFO - Sync 1 DAGs
[2025-11-09T21:54:51.367+0000] {logging_mixin.py:190} INFO - [2025-11-09T21:54:51.367+0000] {dag.py:4180} INFO - Setting next_dagrun for example_task_group_decorator to None, run_after=None
[2025-11-09T21:54:51.402+0000] {processor.py:208} INFO - Processing /home/airflow/.local/lib/python3.12/site-packages/airflow/example_dags/example_task_group_decorator.py took 0.170 seconds
[2025-11-09T21:55:25.679+0000] {processor.py:186} INFO - Started process (PID=5980) to work on /home/airflow/.local/lib/python3.12/site-packages/airflow/example_dags/example_task_group_decorator.py
[2025-11-09T21:55:25.682+0000] {processor.py:914} INFO - Processing file /home/airflow/.local/lib/python3.12/site-packages/airflow/example_dags/example_task_group_decorator.py for tasks to queue
[2025-11-09T21:55:25.690+0000] {logging_mixin.py:190} INFO - [2025-11-09T21:55:25.689+0000] {dagbag.py:588} INFO - Filling up the DagBag from /home/airflow/.local/lib/python3.12/site-packages/airflow/example_dags/example_task_group_decorator.py
[2025-11-09T21:55:25.787+0000] {processor.py:925} INFO - DAG(s) 'example_task_group_decorator' retrieved from /home/airflow/.local/lib/python3.12/site-packages/airflow/example_dags/example_task_group_decorator.py
[2025-11-09T21:55:25.976+0000] {logging_mixin.py:190} INFO - [2025-11-09T21:55:25.975+0000] {dag.py:3239} INFO - Sync 1 DAGs
[2025-11-09T21:55:26.048+0000] {logging_mixin.py:190} INFO - [2025-11-09T21:55:26.047+0000] {dag.py:4180} INFO - Setting next_dagrun for example_task_group_decorator to None, run_after=None
[2025-11-09T21:55:26.137+0000] {processor.py:208} INFO - Processing /home/airflow/.local/lib/python3.12/site-packages/airflow/example_dags/example_task_group_decorator.py took 0.483 seconds
[2025-11-09T21:55:56.515+0000] {processor.py:186} INFO - Started process (PID=6044) to work on /home/airflow/.local/lib/python3.12/site-packages/airflow/example_dags/example_task_group_decorator.py
[2025-11-09T21:55:56.518+0000] {processor.py:914} INFO - Processing file /home/airflow/.local/lib/python3.12/site-packages/airflow/example_dags/example_task_group_decorator.py for tasks to queue
[2025-11-09T21:55:56.525+0000] {logging_mixin.py:190} INFO - [2025-11-09T21:55:56.524+0000] {dagbag.py:588} INFO - Filling up the DagBag from /home/airflow/.local/lib/python3.12/site-packages/airflow/example_dags/example_task_group_decorator.py
[2025-11-09T21:55:56.575+0000] {processor.py:925} INFO - DAG(s) 'example_task_group_decorator' retrieved from /home/airflow/.local/lib/python3.12/site-packages/airflow/example_dags/example_task_group_decorator.py
[2025-11-09T21:55:56.643+0000] {logging_mixin.py:190} INFO - [2025-11-09T21:55:56.643+0000] {dag.py:3239} INFO - Sync 1 DAGs
[2025-11-09T21:55:56.680+0000] {logging_mixin.py:190} INFO - [2025-11-09T21:55:56.679+0000] {dag.py:4180} INFO - Setting next_dagrun for example_task_group_decorator to None, run_after=None
[2025-11-09T21:55:56.726+0000] {processor.py:208} INFO - Processing /home/airflow/.local/lib/python3.12/site-packages/airflow/example_dags/example_task_group_decorator.py took 0.230 seconds
[2025-11-09T21:56:27.232+0000] {processor.py:186} INFO - Started process (PID=6107) to work on /home/airflow/.local/lib/python3.12/site-packages/airflow/example_dags/example_task_group_decorator.py
[2025-11-09T21:56:27.234+0000] {processor.py:914} INFO - Processing file /home/airflow/.local/lib/python3.12/site-packages/airflow/example_dags/example_task_group_decorator.py for tasks to queue
[2025-11-09T21:56:27.240+0000] {logging_mixin.py:190} INFO - [2025-11-09T21:56:27.239+0000] {dagbag.py:588} INFO - Filling up the DagBag from /home/airflow/.local/lib/python3.12/site-packages/airflow/example_dags/example_task_group_decorator.py
[2025-11-09T21:56:27.265+0000] {processor.py:925} INFO - DAG(s) 'example_task_group_decorator' retrieved from /home/airflow/.local/lib/python3.12/site-packages/airflow/example_dags/example_task_group_decorator.py
[2025-11-09T21:56:27.306+0000] {logging_mixin.py:190} INFO - [2025-11-09T21:56:27.306+0000] {dag.py:3239} INFO - Sync 1 DAGs
[2025-11-09T21:56:27.329+0000] {logging_mixin.py:190} INFO - [2025-11-09T21:56:27.328+0000] {dag.py:4180} INFO - Setting next_dagrun for example_task_group_decorator to None, run_after=None
[2025-11-09T21:56:27.357+0000] {processor.py:208} INFO - Processing /home/airflow/.local/lib/python3.12/site-packages/airflow/example_dags/example_task_group_decorator.py took 0.135 seconds
[2025-11-09T21:56:57.622+0000] {processor.py:186} INFO - Started process (PID=6171) to work on /home/airflow/.local/lib/python3.12/site-packages/airflow/example_dags/example_task_group_decorator.py
[2025-11-09T21:56:57.624+0000] {processor.py:914} INFO - Processing file /home/airflow/.local/lib/python3.12/site-packages/airflow/example_dags/example_task_group_decorator.py for tasks to queue
[2025-11-09T21:56:57.629+0000] {logging_mixin.py:190} INFO - [2025-11-09T21:56:57.628+0000] {dagbag.py:588} INFO - Filling up the DagBag from /home/airflow/.local/lib/python3.12/site-packages/airflow/example_dags/example_task_group_decorator.py
[2025-11-09T21:56:57.667+0000] {processor.py:925} INFO - DAG(s) 'example_task_group_decorator' retrieved from /home/airflow/.local/lib/python3.12/site-packages/airflow/example_dags/example_task_group_decorator.py
[2025-11-09T21:56:57.728+0000] {logging_mixin.py:190} INFO - [2025-11-09T21:56:57.727+0000] {dag.py:3239} INFO - Sync 1 DAGs
[2025-11-09T21:56:57.779+0000] {logging_mixin.py:190} INFO - [2025-11-09T21:56:57.779+0000] {dag.py:4180} INFO - Setting next_dagrun for example_task_group_decorator to None, run_after=None
[2025-11-09T21:56:57.826+0000] {processor.py:208} INFO - Processing /home/airflow/.local/lib/python3.12/site-packages/airflow/example_dags/example_task_group_decorator.py took 0.215 seconds
[2025-11-09T21:57:28.381+0000] {processor.py:186} INFO - Started process (PID=6235) to work on /home/airflow/.local/lib/python3.12/site-packages/airflow/example_dags/example_task_group_decorator.py
[2025-11-09T21:57:28.384+0000] {processor.py:914} INFO - Processing file /home/airflow/.local/lib/python3.12/site-packages/airflow/example_dags/example_task_group_decorator.py for tasks to queue
[2025-11-09T21:57:28.390+0000] {logging_mixin.py:190} INFO - [2025-11-09T21:57:28.389+0000] {dagbag.py:588} INFO - Filling up the DagBag from /home/airflow/.local/lib/python3.12/site-packages/airflow/example_dags/example_task_group_decorator.py
[2025-11-09T21:57:28.415+0000] {processor.py:925} INFO - DAG(s) 'example_task_group_decorator' retrieved from /home/airflow/.local/lib/python3.12/site-packages/airflow/example_dags/example_task_group_decorator.py
[2025-11-09T21:57:28.468+0000] {logging_mixin.py:190} INFO - [2025-11-09T21:57:28.467+0000] {dag.py:3239} INFO - Sync 1 DAGs
[2025-11-09T21:57:28.496+0000] {logging_mixin.py:190} INFO - [2025-11-09T21:57:28.496+0000] {dag.py:4180} INFO - Setting next_dagrun for example_task_group_decorator to None, run_after=None
[2025-11-09T21:57:28.530+0000] {processor.py:208} INFO - Processing /home/airflow/.local/lib/python3.12/site-packages/airflow/example_dags/example_task_group_decorator.py took 0.160 seconds
[2025-11-09T21:57:58.738+0000] {processor.py:186} INFO - Started process (PID=6298) to work on /home/airflow/.local/lib/python3.12/site-packages/airflow/example_dags/example_task_group_decorator.py
[2025-11-09T21:57:58.739+0000] {processor.py:914} INFO - Processing file /home/airflow/.local/lib/python3.12/site-packages/airflow/example_dags/example_task_group_decorator.py for tasks to queue
[2025-11-09T21:57:58.744+0000] {logging_mixin.py:190} INFO - [2025-11-09T21:57:58.743+0000] {dagbag.py:588} INFO - Filling up the DagBag from /home/airflow/.local/lib/python3.12/site-packages/airflow/example_dags/example_task_group_decorator.py
[2025-11-09T21:57:58.769+0000] {processor.py:925} INFO - DAG(s) 'example_task_group_decorator' retrieved from /home/airflow/.local/lib/python3.12/site-packages/airflow/example_dags/example_task_group_decorator.py
[2025-11-09T21:57:58.811+0000] {logging_mixin.py:190} INFO - [2025-11-09T21:57:58.811+0000] {dag.py:3239} INFO - Sync 1 DAGs
[2025-11-09T21:57:58.834+0000] {logging_mixin.py:190} INFO - [2025-11-09T21:57:58.834+0000] {dag.py:4180} INFO - Setting next_dagrun for example_task_group_decorator to None, run_after=None
[2025-11-09T21:57:58.866+0000] {processor.py:208} INFO - Processing /home/airflow/.local/lib/python3.12/site-packages/airflow/example_dags/example_task_group_decorator.py took 0.138 seconds
[2025-11-09T21:58:29.300+0000] {processor.py:186} INFO - Started process (PID=6362) to work on /home/airflow/.local/lib/python3.12/site-packages/airflow/example_dags/example_task_group_decorator.py
[2025-11-09T21:58:29.302+0000] {processor.py:914} INFO - Processing file /home/airflow/.local/lib/python3.12/site-packages/airflow/example_dags/example_task_group_decorator.py for tasks to queue
[2025-11-09T21:58:29.310+0000] {logging_mixin.py:190} INFO - [2025-11-09T21:58:29.308+0000] {dagbag.py:588} INFO - Filling up the DagBag from /home/airflow/.local/lib/python3.12/site-packages/airflow/example_dags/example_task_group_decorator.py
[2025-11-09T21:58:29.356+0000] {processor.py:925} INFO - DAG(s) 'example_task_group_decorator' retrieved from /home/airflow/.local/lib/python3.12/site-packages/airflow/example_dags/example_task_group_decorator.py
[2025-11-09T21:58:29.411+0000] {logging_mixin.py:190} INFO - [2025-11-09T21:58:29.410+0000] {dag.py:3239} INFO - Sync 1 DAGs
[2025-11-09T21:58:29.442+0000] {logging_mixin.py:190} INFO - [2025-11-09T21:58:29.442+0000] {dag.py:4180} INFO - Setting next_dagrun for example_task_group_decorator to None, run_after=None
[2025-11-09T21:58:29.480+0000] {processor.py:208} INFO - Processing /home/airflow/.local/lib/python3.12/site-packages/airflow/example_dags/example_task_group_decorator.py took 0.194 seconds
[2025-11-09T21:58:59.701+0000] {processor.py:186} INFO - Started process (PID=6426) to work on /home/airflow/.local/lib/python3.12/site-packages/airflow/example_dags/example_task_group_decorator.py
[2025-11-09T21:58:59.704+0000] {processor.py:914} INFO - Processing file /home/airflow/.local/lib/python3.12/site-packages/airflow/example_dags/example_task_group_decorator.py for tasks to queue
[2025-11-09T21:58:59.711+0000] {logging_mixin.py:190} INFO - [2025-11-09T21:58:59.710+0000] {dagbag.py:588} INFO - Filling up the DagBag from /home/airflow/.local/lib/python3.12/site-packages/airflow/example_dags/example_task_group_decorator.py
[2025-11-09T21:58:59.753+0000] {processor.py:925} INFO - DAG(s) 'example_task_group_decorator' retrieved from /home/airflow/.local/lib/python3.12/site-packages/airflow/example_dags/example_task_group_decorator.py
[2025-11-09T21:58:59.809+0000] {logging_mixin.py:190} INFO - [2025-11-09T21:58:59.808+0000] {dag.py:3239} INFO - Sync 1 DAGs
[2025-11-09T21:58:59.841+0000] {logging_mixin.py:190} INFO - [2025-11-09T21:58:59.840+0000] {dag.py:4180} INFO - Setting next_dagrun for example_task_group_decorator to None, run_after=None
[2025-11-09T21:58:59.881+0000] {processor.py:208} INFO - Processing /home/airflow/.local/lib/python3.12/site-packages/airflow/example_dags/example_task_group_decorator.py took 0.201 seconds
[2025-11-09T21:59:31.590+0000] {processor.py:186} INFO - Started process (PID=6490) to work on /home/airflow/.local/lib/python3.12/site-packages/airflow/example_dags/example_task_group_decorator.py
[2025-11-09T21:59:31.592+0000] {processor.py:914} INFO - Processing file /home/airflow/.local/lib/python3.12/site-packages/airflow/example_dags/example_task_group_decorator.py for tasks to queue
[2025-11-09T21:59:31.599+0000] {logging_mixin.py:190} INFO - [2025-11-09T21:59:31.598+0000] {dagbag.py:588} INFO - Filling up the DagBag from /home/airflow/.local/lib/python3.12/site-packages/airflow/example_dags/example_task_group_decorator.py
[2025-11-09T21:59:31.634+0000] {processor.py:925} INFO - DAG(s) 'example_task_group_decorator' retrieved from /home/airflow/.local/lib/python3.12/site-packages/airflow/example_dags/example_task_group_decorator.py
[2025-11-09T21:59:31.686+0000] {logging_mixin.py:190} INFO - [2025-11-09T21:59:31.685+0000] {dag.py:3239} INFO - Sync 1 DAGs
[2025-11-09T21:59:31.713+0000] {logging_mixin.py:190} INFO - [2025-11-09T21:59:31.712+0000] {dag.py:4180} INFO - Setting next_dagrun for example_task_group_decorator to None, run_after=None
[2025-11-09T21:59:31.748+0000] {processor.py:208} INFO - Processing /home/airflow/.local/lib/python3.12/site-packages/airflow/example_dags/example_task_group_decorator.py took 0.174 seconds
[2025-11-09T22:00:02.562+0000] {processor.py:186} INFO - Started process (PID=6554) to work on /home/airflow/.local/lib/python3.12/site-packages/airflow/example_dags/example_task_group_decorator.py
[2025-11-09T22:00:02.564+0000] {processor.py:914} INFO - Processing file /home/airflow/.local/lib/python3.12/site-packages/airflow/example_dags/example_task_group_decorator.py for tasks to queue
[2025-11-09T22:00:02.571+0000] {logging_mixin.py:190} INFO - [2025-11-09T22:00:02.570+0000] {dagbag.py:588} INFO - Filling up the DagBag from /home/airflow/.local/lib/python3.12/site-packages/airflow/example_dags/example_task_group_decorator.py
[2025-11-09T22:00:02.600+0000] {processor.py:925} INFO - DAG(s) 'example_task_group_decorator' retrieved from /home/airflow/.local/lib/python3.12/site-packages/airflow/example_dags/example_task_group_decorator.py
[2025-11-09T22:00:02.647+0000] {logging_mixin.py:190} INFO - [2025-11-09T22:00:02.646+0000] {dag.py:3239} INFO - Sync 1 DAGs
[2025-11-09T22:00:02.676+0000] {logging_mixin.py:190} INFO - [2025-11-09T22:00:02.676+0000] {dag.py:4180} INFO - Setting next_dagrun for example_task_group_decorator to None, run_after=None
[2025-11-09T22:00:02.713+0000] {processor.py:208} INFO - Processing /home/airflow/.local/lib/python3.12/site-packages/airflow/example_dags/example_task_group_decorator.py took 0.161 seconds
[2025-11-09T22:00:32.992+0000] {processor.py:186} INFO - Started process (PID=6618) to work on /home/airflow/.local/lib/python3.12/site-packages/airflow/example_dags/example_task_group_decorator.py
[2025-11-09T22:00:32.995+0000] {processor.py:914} INFO - Processing file /home/airflow/.local/lib/python3.12/site-packages/airflow/example_dags/example_task_group_decorator.py for tasks to queue
[2025-11-09T22:00:33.004+0000] {logging_mixin.py:190} INFO - [2025-11-09T22:00:33.002+0000] {dagbag.py:588} INFO - Filling up the DagBag from /home/airflow/.local/lib/python3.12/site-packages/airflow/example_dags/example_task_group_decorator.py
[2025-11-09T22:00:33.049+0000] {processor.py:925} INFO - DAG(s) 'example_task_group_decorator' retrieved from /home/airflow/.local/lib/python3.12/site-packages/airflow/example_dags/example_task_group_decorator.py
[2025-11-09T22:00:33.118+0000] {logging_mixin.py:190} INFO - [2025-11-09T22:00:33.118+0000] {dag.py:3239} INFO - Sync 1 DAGs
[2025-11-09T22:00:33.151+0000] {logging_mixin.py:190} INFO - [2025-11-09T22:00:33.151+0000] {dag.py:4180} INFO - Setting next_dagrun for example_task_group_decorator to None, run_after=None
[2025-11-09T22:00:33.190+0000] {processor.py:208} INFO - Processing /home/airflow/.local/lib/python3.12/site-packages/airflow/example_dags/example_task_group_decorator.py took 0.217 seconds
