[2025-11-09T20:27:52.217+0000] {processor.py:186} INFO - Started process (PID=101) to work on /home/airflow/.local/lib/python3.12/site-packages/airflow/example_dags/example_branch_operator_decorator.py
[2025-11-09T20:27:52.219+0000] {processor.py:914} INFO - Processing file /home/airflow/.local/lib/python3.12/site-packages/airflow/example_dags/example_branch_operator_decorator.py for tasks to queue
[2025-11-09T20:27:52.225+0000] {logging_mixin.py:190} INFO - [2025-11-09T20:27:52.224+0000] {dagbag.py:588} INFO - Filling up the DagBag from /home/airflow/.local/lib/python3.12/site-packages/airflow/example_dags/example_branch_operator_decorator.py
[2025-11-09T20:27:52.303+0000] {processor.py:925} INFO - DAG(s) 'example_branch_python_operator_decorator' retrieved from /home/airflow/.local/lib/python3.12/site-packages/airflow/example_dags/example_branch_operator_decorator.py
[2025-11-09T20:27:52.621+0000] {logging_mixin.py:190} INFO - [2025-11-09T20:27:52.619+0000] {override.py:1911} INFO - Created Permission View: can edit on DAG:example_branch_python_operator_decorator
[2025-11-09T20:27:52.664+0000] {logging_mixin.py:190} INFO - [2025-11-09T20:27:52.662+0000] {override.py:1911} INFO - Created Permission View: can read on DAG:example_branch_python_operator_decorator
[2025-11-09T20:27:52.703+0000] {logging_mixin.py:190} INFO - [2025-11-09T20:27:52.702+0000] {override.py:1911} INFO - Created Permission View: can delete on DAG:example_branch_python_operator_decorator
[2025-11-09T20:27:52.730+0000] {logging_mixin.py:190} INFO - [2025-11-09T20:27:52.730+0000] {override.py:1911} INFO - Created Permission View: can read on DAG Run:example_branch_python_operator_decorator
[2025-11-09T20:27:52.759+0000] {logging_mixin.py:190} INFO - [2025-11-09T20:27:52.758+0000] {override.py:1911} INFO - Created Permission View: can create on DAG Run:example_branch_python_operator_decorator
[2025-11-09T20:27:52.791+0000] {logging_mixin.py:190} INFO - [2025-11-09T20:27:52.790+0000] {override.py:1911} INFO - Created Permission View: menu access on DAG Run:example_branch_python_operator_decorator
[2025-11-09T20:27:52.823+0000] {logging_mixin.py:190} INFO - [2025-11-09T20:27:52.819+0000] {override.py:1911} INFO - Created Permission View: can delete on DAG Run:example_branch_python_operator_decorator
[2025-11-09T20:27:52.824+0000] {logging_mixin.py:190} INFO - [2025-11-09T20:27:52.824+0000] {dag.py:3239} INFO - Sync 1 DAGs
[2025-11-09T20:27:52.857+0000] {logging_mixin.py:190} INFO - [2025-11-09T20:27:52.856+0000] {dag.py:3262} INFO - Creating ORM DAG for example_branch_python_operator_decorator
[2025-11-09T20:27:52.885+0000] {logging_mixin.py:190} INFO - [2025-11-09T20:27:52.884+0000] {dag.py:4180} INFO - Setting next_dagrun for example_branch_python_operator_decorator to 2025-11-08 00:00:00+00:00, run_after=2025-11-09 00:00:00+00:00
[2025-11-09T20:27:52.944+0000] {processor.py:208} INFO - Processing /home/airflow/.local/lib/python3.12/site-packages/airflow/example_dags/example_branch_operator_decorator.py took 0.741 seconds
[2025-11-09T20:28:23.475+0000] {processor.py:186} INFO - Started process (PID=163) to work on /home/airflow/.local/lib/python3.12/site-packages/airflow/example_dags/example_branch_operator_decorator.py
[2025-11-09T20:28:23.477+0000] {processor.py:914} INFO - Processing file /home/airflow/.local/lib/python3.12/site-packages/airflow/example_dags/example_branch_operator_decorator.py for tasks to queue
[2025-11-09T20:28:23.482+0000] {logging_mixin.py:190} INFO - [2025-11-09T20:28:23.482+0000] {dagbag.py:588} INFO - Filling up the DagBag from /home/airflow/.local/lib/python3.12/site-packages/airflow/example_dags/example_branch_operator_decorator.py
[2025-11-09T20:28:23.521+0000] {processor.py:925} INFO - DAG(s) 'example_branch_python_operator_decorator' retrieved from /home/airflow/.local/lib/python3.12/site-packages/airflow/example_dags/example_branch_operator_decorator.py
[2025-11-09T20:28:23.574+0000] {logging_mixin.py:190} INFO - [2025-11-09T20:28:23.574+0000] {dag.py:3239} INFO - Sync 1 DAGs
[2025-11-09T20:28:23.627+0000] {logging_mixin.py:190} INFO - [2025-11-09T20:28:23.626+0000] {dag.py:4180} INFO - Setting next_dagrun for example_branch_python_operator_decorator to 2025-11-08 00:00:00+00:00, run_after=2025-11-09 00:00:00+00:00
[2025-11-09T20:28:23.668+0000] {processor.py:208} INFO - Processing /home/airflow/.local/lib/python3.12/site-packages/airflow/example_dags/example_branch_operator_decorator.py took 0.204 seconds
[2025-11-09T20:28:53.806+0000] {processor.py:186} INFO - Started process (PID=226) to work on /home/airflow/.local/lib/python3.12/site-packages/airflow/example_dags/example_branch_operator_decorator.py
[2025-11-09T20:28:53.808+0000] {processor.py:914} INFO - Processing file /home/airflow/.local/lib/python3.12/site-packages/airflow/example_dags/example_branch_operator_decorator.py for tasks to queue
[2025-11-09T20:28:53.813+0000] {logging_mixin.py:190} INFO - [2025-11-09T20:28:53.812+0000] {dagbag.py:588} INFO - Filling up the DagBag from /home/airflow/.local/lib/python3.12/site-packages/airflow/example_dags/example_branch_operator_decorator.py
[2025-11-09T20:28:53.843+0000] {processor.py:925} INFO - DAG(s) 'example_branch_python_operator_decorator' retrieved from /home/airflow/.local/lib/python3.12/site-packages/airflow/example_dags/example_branch_operator_decorator.py
[2025-11-09T20:28:53.894+0000] {logging_mixin.py:190} INFO - [2025-11-09T20:28:53.894+0000] {dag.py:3239} INFO - Sync 1 DAGs
[2025-11-09T20:28:53.938+0000] {logging_mixin.py:190} INFO - [2025-11-09T20:28:53.937+0000] {dag.py:4180} INFO - Setting next_dagrun for example_branch_python_operator_decorator to 2025-11-08 00:00:00+00:00, run_after=2025-11-09 00:00:00+00:00
[2025-11-09T20:28:53.968+0000] {processor.py:208} INFO - Processing /home/airflow/.local/lib/python3.12/site-packages/airflow/example_dags/example_branch_operator_decorator.py took 0.173 seconds
[2025-11-09T20:29:24.109+0000] {processor.py:186} INFO - Started process (PID=289) to work on /home/airflow/.local/lib/python3.12/site-packages/airflow/example_dags/example_branch_operator_decorator.py
[2025-11-09T20:29:24.112+0000] {processor.py:914} INFO - Processing file /home/airflow/.local/lib/python3.12/site-packages/airflow/example_dags/example_branch_operator_decorator.py for tasks to queue
[2025-11-09T20:29:24.120+0000] {logging_mixin.py:190} INFO - [2025-11-09T20:29:24.119+0000] {dagbag.py:588} INFO - Filling up the DagBag from /home/airflow/.local/lib/python3.12/site-packages/airflow/example_dags/example_branch_operator_decorator.py
[2025-11-09T20:29:24.177+0000] {processor.py:925} INFO - DAG(s) 'example_branch_python_operator_decorator' retrieved from /home/airflow/.local/lib/python3.12/site-packages/airflow/example_dags/example_branch_operator_decorator.py
[2025-11-09T20:29:24.244+0000] {logging_mixin.py:190} INFO - [2025-11-09T20:29:24.243+0000] {dag.py:3239} INFO - Sync 1 DAGs
[2025-11-09T20:29:24.289+0000] {logging_mixin.py:190} INFO - [2025-11-09T20:29:24.288+0000] {dag.py:4180} INFO - Setting next_dagrun for example_branch_python_operator_decorator to 2025-11-08 00:00:00+00:00, run_after=2025-11-09 00:00:00+00:00
[2025-11-09T20:29:24.329+0000] {processor.py:208} INFO - Processing /home/airflow/.local/lib/python3.12/site-packages/airflow/example_dags/example_branch_operator_decorator.py took 0.235 seconds
[2025-11-09T20:29:54.890+0000] {processor.py:186} INFO - Started process (PID=352) to work on /home/airflow/.local/lib/python3.12/site-packages/airflow/example_dags/example_branch_operator_decorator.py
[2025-11-09T20:29:54.892+0000] {processor.py:914} INFO - Processing file /home/airflow/.local/lib/python3.12/site-packages/airflow/example_dags/example_branch_operator_decorator.py for tasks to queue
[2025-11-09T20:29:54.896+0000] {logging_mixin.py:190} INFO - [2025-11-09T20:29:54.895+0000] {dagbag.py:588} INFO - Filling up the DagBag from /home/airflow/.local/lib/python3.12/site-packages/airflow/example_dags/example_branch_operator_decorator.py
[2025-11-09T20:29:54.928+0000] {processor.py:925} INFO - DAG(s) 'example_branch_python_operator_decorator' retrieved from /home/airflow/.local/lib/python3.12/site-packages/airflow/example_dags/example_branch_operator_decorator.py
[2025-11-09T20:29:54.970+0000] {logging_mixin.py:190} INFO - [2025-11-09T20:29:54.970+0000] {dag.py:3239} INFO - Sync 1 DAGs
[2025-11-09T20:29:55.016+0000] {logging_mixin.py:190} INFO - [2025-11-09T20:29:55.015+0000] {dag.py:4180} INFO - Setting next_dagrun for example_branch_python_operator_decorator to 2025-11-08 00:00:00+00:00, run_after=2025-11-09 00:00:00+00:00
[2025-11-09T20:29:55.047+0000] {processor.py:208} INFO - Processing /home/airflow/.local/lib/python3.12/site-packages/airflow/example_dags/example_branch_operator_decorator.py took 0.165 seconds
[2025-11-09T20:30:25.503+0000] {processor.py:186} INFO - Started process (PID=415) to work on /home/airflow/.local/lib/python3.12/site-packages/airflow/example_dags/example_branch_operator_decorator.py
[2025-11-09T20:30:25.505+0000] {processor.py:914} INFO - Processing file /home/airflow/.local/lib/python3.12/site-packages/airflow/example_dags/example_branch_operator_decorator.py for tasks to queue
[2025-11-09T20:30:25.510+0000] {logging_mixin.py:190} INFO - [2025-11-09T20:30:25.510+0000] {dagbag.py:588} INFO - Filling up the DagBag from /home/airflow/.local/lib/python3.12/site-packages/airflow/example_dags/example_branch_operator_decorator.py
[2025-11-09T20:30:25.552+0000] {processor.py:925} INFO - DAG(s) 'example_branch_python_operator_decorator' retrieved from /home/airflow/.local/lib/python3.12/site-packages/airflow/example_dags/example_branch_operator_decorator.py
[2025-11-09T20:30:25.612+0000] {logging_mixin.py:190} INFO - [2025-11-09T20:30:25.612+0000] {dag.py:3239} INFO - Sync 1 DAGs
[2025-11-09T20:30:25.662+0000] {logging_mixin.py:190} INFO - [2025-11-09T20:30:25.661+0000] {dag.py:4180} INFO - Setting next_dagrun for example_branch_python_operator_decorator to 2025-11-08 00:00:00+00:00, run_after=2025-11-09 00:00:00+00:00
[2025-11-09T20:30:25.720+0000] {processor.py:208} INFO - Processing /home/airflow/.local/lib/python3.12/site-packages/airflow/example_dags/example_branch_operator_decorator.py took 0.230 seconds
[2025-11-09T20:30:55.903+0000] {processor.py:186} INFO - Started process (PID=478) to work on /home/airflow/.local/lib/python3.12/site-packages/airflow/example_dags/example_branch_operator_decorator.py
[2025-11-09T20:30:55.905+0000] {processor.py:914} INFO - Processing file /home/airflow/.local/lib/python3.12/site-packages/airflow/example_dags/example_branch_operator_decorator.py for tasks to queue
[2025-11-09T20:30:55.911+0000] {logging_mixin.py:190} INFO - [2025-11-09T20:30:55.910+0000] {dagbag.py:588} INFO - Filling up the DagBag from /home/airflow/.local/lib/python3.12/site-packages/airflow/example_dags/example_branch_operator_decorator.py
[2025-11-09T20:30:55.946+0000] {processor.py:925} INFO - DAG(s) 'example_branch_python_operator_decorator' retrieved from /home/airflow/.local/lib/python3.12/site-packages/airflow/example_dags/example_branch_operator_decorator.py
[2025-11-09T20:30:55.998+0000] {logging_mixin.py:190} INFO - [2025-11-09T20:30:55.998+0000] {dag.py:3239} INFO - Sync 1 DAGs
[2025-11-09T20:30:56.057+0000] {logging_mixin.py:190} INFO - [2025-11-09T20:30:56.056+0000] {dag.py:4180} INFO - Setting next_dagrun for example_branch_python_operator_decorator to 2025-11-08 00:00:00+00:00, run_after=2025-11-09 00:00:00+00:00
[2025-11-09T20:30:56.097+0000] {processor.py:208} INFO - Processing /home/airflow/.local/lib/python3.12/site-packages/airflow/example_dags/example_branch_operator_decorator.py took 0.209 seconds
[2025-11-09T20:31:26.261+0000] {processor.py:186} INFO - Started process (PID=541) to work on /home/airflow/.local/lib/python3.12/site-packages/airflow/example_dags/example_branch_operator_decorator.py
[2025-11-09T20:31:26.264+0000] {processor.py:914} INFO - Processing file /home/airflow/.local/lib/python3.12/site-packages/airflow/example_dags/example_branch_operator_decorator.py for tasks to queue
[2025-11-09T20:31:26.268+0000] {logging_mixin.py:190} INFO - [2025-11-09T20:31:26.267+0000] {dagbag.py:588} INFO - Filling up the DagBag from /home/airflow/.local/lib/python3.12/site-packages/airflow/example_dags/example_branch_operator_decorator.py
[2025-11-09T20:31:26.316+0000] {processor.py:925} INFO - DAG(s) 'example_branch_python_operator_decorator' retrieved from /home/airflow/.local/lib/python3.12/site-packages/airflow/example_dags/example_branch_operator_decorator.py
[2025-11-09T20:31:26.380+0000] {logging_mixin.py:190} INFO - [2025-11-09T20:31:26.380+0000] {dag.py:3239} INFO - Sync 1 DAGs
[2025-11-09T20:31:26.426+0000] {logging_mixin.py:190} INFO - [2025-11-09T20:31:26.426+0000] {dag.py:4180} INFO - Setting next_dagrun for example_branch_python_operator_decorator to 2025-11-08 00:00:00+00:00, run_after=2025-11-09 00:00:00+00:00
[2025-11-09T20:31:26.464+0000] {processor.py:208} INFO - Processing /home/airflow/.local/lib/python3.12/site-packages/airflow/example_dags/example_branch_operator_decorator.py took 0.218 seconds
[2025-11-09T20:31:56.601+0000] {processor.py:186} INFO - Started process (PID=604) to work on /home/airflow/.local/lib/python3.12/site-packages/airflow/example_dags/example_branch_operator_decorator.py
[2025-11-09T20:31:56.603+0000] {processor.py:914} INFO - Processing file /home/airflow/.local/lib/python3.12/site-packages/airflow/example_dags/example_branch_operator_decorator.py for tasks to queue
[2025-11-09T20:31:56.608+0000] {logging_mixin.py:190} INFO - [2025-11-09T20:31:56.607+0000] {dagbag.py:588} INFO - Filling up the DagBag from /home/airflow/.local/lib/python3.12/site-packages/airflow/example_dags/example_branch_operator_decorator.py
[2025-11-09T20:31:56.646+0000] {processor.py:925} INFO - DAG(s) 'example_branch_python_operator_decorator' retrieved from /home/airflow/.local/lib/python3.12/site-packages/airflow/example_dags/example_branch_operator_decorator.py
[2025-11-09T20:31:56.720+0000] {logging_mixin.py:190} INFO - [2025-11-09T20:31:56.720+0000] {dag.py:3239} INFO - Sync 1 DAGs
[2025-11-09T20:31:56.778+0000] {logging_mixin.py:190} INFO - [2025-11-09T20:31:56.778+0000] {dag.py:4180} INFO - Setting next_dagrun for example_branch_python_operator_decorator to 2025-11-08 00:00:00+00:00, run_after=2025-11-09 00:00:00+00:00
[2025-11-09T20:31:56.819+0000] {processor.py:208} INFO - Processing /home/airflow/.local/lib/python3.12/site-packages/airflow/example_dags/example_branch_operator_decorator.py took 0.230 seconds
[2025-11-09T20:32:27.397+0000] {processor.py:186} INFO - Started process (PID=667) to work on /home/airflow/.local/lib/python3.12/site-packages/airflow/example_dags/example_branch_operator_decorator.py
[2025-11-09T20:32:27.399+0000] {processor.py:914} INFO - Processing file /home/airflow/.local/lib/python3.12/site-packages/airflow/example_dags/example_branch_operator_decorator.py for tasks to queue
[2025-11-09T20:32:27.403+0000] {logging_mixin.py:190} INFO - [2025-11-09T20:32:27.402+0000] {dagbag.py:588} INFO - Filling up the DagBag from /home/airflow/.local/lib/python3.12/site-packages/airflow/example_dags/example_branch_operator_decorator.py
[2025-11-09T20:32:27.436+0000] {processor.py:925} INFO - DAG(s) 'example_branch_python_operator_decorator' retrieved from /home/airflow/.local/lib/python3.12/site-packages/airflow/example_dags/example_branch_operator_decorator.py
[2025-11-09T20:32:27.498+0000] {logging_mixin.py:190} INFO - [2025-11-09T20:32:27.498+0000] {dag.py:3239} INFO - Sync 1 DAGs
[2025-11-09T20:32:27.557+0000] {logging_mixin.py:190} INFO - [2025-11-09T20:32:27.556+0000] {dag.py:4180} INFO - Setting next_dagrun for example_branch_python_operator_decorator to 2025-11-08 00:00:00+00:00, run_after=2025-11-09 00:00:00+00:00
[2025-11-09T20:32:27.602+0000] {processor.py:208} INFO - Processing /home/airflow/.local/lib/python3.12/site-packages/airflow/example_dags/example_branch_operator_decorator.py took 0.214 seconds
[2025-11-09T20:32:57.763+0000] {processor.py:186} INFO - Started process (PID=730) to work on /home/airflow/.local/lib/python3.12/site-packages/airflow/example_dags/example_branch_operator_decorator.py
[2025-11-09T20:32:57.765+0000] {processor.py:914} INFO - Processing file /home/airflow/.local/lib/python3.12/site-packages/airflow/example_dags/example_branch_operator_decorator.py for tasks to queue
[2025-11-09T20:32:57.770+0000] {logging_mixin.py:190} INFO - [2025-11-09T20:32:57.770+0000] {dagbag.py:588} INFO - Filling up the DagBag from /home/airflow/.local/lib/python3.12/site-packages/airflow/example_dags/example_branch_operator_decorator.py
[2025-11-09T20:32:57.824+0000] {processor.py:925} INFO - DAG(s) 'example_branch_python_operator_decorator' retrieved from /home/airflow/.local/lib/python3.12/site-packages/airflow/example_dags/example_branch_operator_decorator.py
[2025-11-09T20:32:57.890+0000] {logging_mixin.py:190} INFO - [2025-11-09T20:32:57.890+0000] {dag.py:3239} INFO - Sync 1 DAGs
[2025-11-09T20:32:57.936+0000] {logging_mixin.py:190} INFO - [2025-11-09T20:32:57.935+0000] {dag.py:4180} INFO - Setting next_dagrun for example_branch_python_operator_decorator to 2025-11-08 00:00:00+00:00, run_after=2025-11-09 00:00:00+00:00
[2025-11-09T20:32:57.969+0000] {processor.py:208} INFO - Processing /home/airflow/.local/lib/python3.12/site-packages/airflow/example_dags/example_branch_operator_decorator.py took 0.218 seconds
[2025-11-09T20:33:28.254+0000] {processor.py:186} INFO - Started process (PID=793) to work on /home/airflow/.local/lib/python3.12/site-packages/airflow/example_dags/example_branch_operator_decorator.py
[2025-11-09T20:33:28.256+0000] {processor.py:914} INFO - Processing file /home/airflow/.local/lib/python3.12/site-packages/airflow/example_dags/example_branch_operator_decorator.py for tasks to queue
[2025-11-09T20:33:28.263+0000] {logging_mixin.py:190} INFO - [2025-11-09T20:33:28.262+0000] {dagbag.py:588} INFO - Filling up the DagBag from /home/airflow/.local/lib/python3.12/site-packages/airflow/example_dags/example_branch_operator_decorator.py
[2025-11-09T20:33:28.313+0000] {processor.py:925} INFO - DAG(s) 'example_branch_python_operator_decorator' retrieved from /home/airflow/.local/lib/python3.12/site-packages/airflow/example_dags/example_branch_operator_decorator.py
[2025-11-09T20:33:28.368+0000] {logging_mixin.py:190} INFO - [2025-11-09T20:33:28.368+0000] {dag.py:3239} INFO - Sync 1 DAGs
[2025-11-09T20:33:28.425+0000] {logging_mixin.py:190} INFO - [2025-11-09T20:33:28.424+0000] {dag.py:4180} INFO - Setting next_dagrun for example_branch_python_operator_decorator to 2025-11-08 00:00:00+00:00, run_after=2025-11-09 00:00:00+00:00
[2025-11-09T20:33:28.466+0000] {processor.py:208} INFO - Processing /home/airflow/.local/lib/python3.12/site-packages/airflow/example_dags/example_branch_operator_decorator.py took 0.221 seconds
[2025-11-09T20:33:59.057+0000] {processor.py:186} INFO - Started process (PID=863) to work on /home/airflow/.local/lib/python3.12/site-packages/airflow/example_dags/example_branch_operator_decorator.py
[2025-11-09T20:33:59.059+0000] {processor.py:914} INFO - Processing file /home/airflow/.local/lib/python3.12/site-packages/airflow/example_dags/example_branch_operator_decorator.py for tasks to queue
[2025-11-09T20:33:59.062+0000] {logging_mixin.py:190} INFO - [2025-11-09T20:33:59.062+0000] {dagbag.py:588} INFO - Filling up the DagBag from /home/airflow/.local/lib/python3.12/site-packages/airflow/example_dags/example_branch_operator_decorator.py
[2025-11-09T20:33:59.108+0000] {processor.py:925} INFO - DAG(s) 'example_branch_python_operator_decorator' retrieved from /home/airflow/.local/lib/python3.12/site-packages/airflow/example_dags/example_branch_operator_decorator.py
[2025-11-09T20:33:59.168+0000] {logging_mixin.py:190} INFO - [2025-11-09T20:33:59.167+0000] {dag.py:3239} INFO - Sync 1 DAGs
[2025-11-09T20:33:59.211+0000] {logging_mixin.py:190} INFO - [2025-11-09T20:33:59.210+0000] {dag.py:4180} INFO - Setting next_dagrun for example_branch_python_operator_decorator to 2025-11-08 00:00:00+00:00, run_after=2025-11-09 00:00:00+00:00
[2025-11-09T20:33:59.243+0000] {processor.py:208} INFO - Processing /home/airflow/.local/lib/python3.12/site-packages/airflow/example_dags/example_branch_operator_decorator.py took 0.198 seconds
[2025-11-09T20:34:29.600+0000] {processor.py:186} INFO - Started process (PID=926) to work on /home/airflow/.local/lib/python3.12/site-packages/airflow/example_dags/example_branch_operator_decorator.py
[2025-11-09T20:34:29.602+0000] {processor.py:914} INFO - Processing file /home/airflow/.local/lib/python3.12/site-packages/airflow/example_dags/example_branch_operator_decorator.py for tasks to queue
[2025-11-09T20:34:29.609+0000] {logging_mixin.py:190} INFO - [2025-11-09T20:34:29.608+0000] {dagbag.py:588} INFO - Filling up the DagBag from /home/airflow/.local/lib/python3.12/site-packages/airflow/example_dags/example_branch_operator_decorator.py
[2025-11-09T20:34:29.657+0000] {processor.py:925} INFO - DAG(s) 'example_branch_python_operator_decorator' retrieved from /home/airflow/.local/lib/python3.12/site-packages/airflow/example_dags/example_branch_operator_decorator.py
[2025-11-09T20:34:29.713+0000] {logging_mixin.py:190} INFO - [2025-11-09T20:34:29.713+0000] {dag.py:3239} INFO - Sync 1 DAGs
[2025-11-09T20:34:29.756+0000] {logging_mixin.py:190} INFO - [2025-11-09T20:34:29.755+0000] {dag.py:4180} INFO - Setting next_dagrun for example_branch_python_operator_decorator to 2025-11-08 00:00:00+00:00, run_after=2025-11-09 00:00:00+00:00
[2025-11-09T20:34:29.801+0000] {processor.py:208} INFO - Processing /home/airflow/.local/lib/python3.12/site-packages/airflow/example_dags/example_branch_operator_decorator.py took 0.214 seconds
[2025-11-09T20:35:00.131+0000] {processor.py:186} INFO - Started process (PID=989) to work on /home/airflow/.local/lib/python3.12/site-packages/airflow/example_dags/example_branch_operator_decorator.py
[2025-11-09T20:35:00.132+0000] {processor.py:914} INFO - Processing file /home/airflow/.local/lib/python3.12/site-packages/airflow/example_dags/example_branch_operator_decorator.py for tasks to queue
[2025-11-09T20:35:00.139+0000] {logging_mixin.py:190} INFO - [2025-11-09T20:35:00.138+0000] {dagbag.py:588} INFO - Filling up the DagBag from /home/airflow/.local/lib/python3.12/site-packages/airflow/example_dags/example_branch_operator_decorator.py
[2025-11-09T20:35:00.176+0000] {processor.py:925} INFO - DAG(s) 'example_branch_python_operator_decorator' retrieved from /home/airflow/.local/lib/python3.12/site-packages/airflow/example_dags/example_branch_operator_decorator.py
[2025-11-09T20:35:00.229+0000] {logging_mixin.py:190} INFO - [2025-11-09T20:35:00.228+0000] {dag.py:3239} INFO - Sync 1 DAGs
[2025-11-09T20:35:00.279+0000] {logging_mixin.py:190} INFO - [2025-11-09T20:35:00.279+0000] {dag.py:4180} INFO - Setting next_dagrun for example_branch_python_operator_decorator to 2025-11-08 00:00:00+00:00, run_after=2025-11-09 00:00:00+00:00
[2025-11-09T20:35:00.317+0000] {processor.py:208} INFO - Processing /home/airflow/.local/lib/python3.12/site-packages/airflow/example_dags/example_branch_operator_decorator.py took 0.198 seconds
[2025-11-09T20:35:30.986+0000] {processor.py:186} INFO - Started process (PID=1052) to work on /home/airflow/.local/lib/python3.12/site-packages/airflow/example_dags/example_branch_operator_decorator.py
[2025-11-09T20:35:30.988+0000] {processor.py:914} INFO - Processing file /home/airflow/.local/lib/python3.12/site-packages/airflow/example_dags/example_branch_operator_decorator.py for tasks to queue
[2025-11-09T20:35:30.993+0000] {logging_mixin.py:190} INFO - [2025-11-09T20:35:30.992+0000] {dagbag.py:588} INFO - Filling up the DagBag from /home/airflow/.local/lib/python3.12/site-packages/airflow/example_dags/example_branch_operator_decorator.py
[2025-11-09T20:35:31.033+0000] {processor.py:925} INFO - DAG(s) 'example_branch_python_operator_decorator' retrieved from /home/airflow/.local/lib/python3.12/site-packages/airflow/example_dags/example_branch_operator_decorator.py
[2025-11-09T20:35:31.084+0000] {logging_mixin.py:190} INFO - [2025-11-09T20:35:31.084+0000] {dag.py:3239} INFO - Sync 1 DAGs
[2025-11-09T20:35:31.121+0000] {logging_mixin.py:190} INFO - [2025-11-09T20:35:31.121+0000] {dag.py:4180} INFO - Setting next_dagrun for example_branch_python_operator_decorator to 2025-11-08 00:00:00+00:00, run_after=2025-11-09 00:00:00+00:00
[2025-11-09T20:35:31.149+0000] {processor.py:208} INFO - Processing /home/airflow/.local/lib/python3.12/site-packages/airflow/example_dags/example_branch_operator_decorator.py took 0.174 seconds
[2025-11-09T20:36:01.215+0000] {processor.py:186} INFO - Started process (PID=1115) to work on /home/airflow/.local/lib/python3.12/site-packages/airflow/example_dags/example_branch_operator_decorator.py
[2025-11-09T20:36:01.217+0000] {processor.py:914} INFO - Processing file /home/airflow/.local/lib/python3.12/site-packages/airflow/example_dags/example_branch_operator_decorator.py for tasks to queue
[2025-11-09T20:36:01.223+0000] {logging_mixin.py:190} INFO - [2025-11-09T20:36:01.222+0000] {dagbag.py:588} INFO - Filling up the DagBag from /home/airflow/.local/lib/python3.12/site-packages/airflow/example_dags/example_branch_operator_decorator.py
[2025-11-09T20:36:01.256+0000] {processor.py:925} INFO - DAG(s) 'example_branch_python_operator_decorator' retrieved from /home/airflow/.local/lib/python3.12/site-packages/airflow/example_dags/example_branch_operator_decorator.py
[2025-11-09T20:36:01.312+0000] {logging_mixin.py:190} INFO - [2025-11-09T20:36:01.311+0000] {dag.py:3239} INFO - Sync 1 DAGs
[2025-11-09T20:36:01.352+0000] {logging_mixin.py:190} INFO - [2025-11-09T20:36:01.352+0000] {dag.py:4180} INFO - Setting next_dagrun for example_branch_python_operator_decorator to 2025-11-08 00:00:00+00:00, run_after=2025-11-09 00:00:00+00:00
[2025-11-09T20:36:01.384+0000] {processor.py:208} INFO - Processing /home/airflow/.local/lib/python3.12/site-packages/airflow/example_dags/example_branch_operator_decorator.py took 0.179 seconds
[2025-11-09T20:36:31.897+0000] {processor.py:186} INFO - Started process (PID=1177) to work on /home/airflow/.local/lib/python3.12/site-packages/airflow/example_dags/example_branch_operator_decorator.py
[2025-11-09T20:36:31.898+0000] {processor.py:914} INFO - Processing file /home/airflow/.local/lib/python3.12/site-packages/airflow/example_dags/example_branch_operator_decorator.py for tasks to queue
[2025-11-09T20:36:31.902+0000] {logging_mixin.py:190} INFO - [2025-11-09T20:36:31.902+0000] {dagbag.py:588} INFO - Filling up the DagBag from /home/airflow/.local/lib/python3.12/site-packages/airflow/example_dags/example_branch_operator_decorator.py
[2025-11-09T20:36:31.942+0000] {processor.py:925} INFO - DAG(s) 'example_branch_python_operator_decorator' retrieved from /home/airflow/.local/lib/python3.12/site-packages/airflow/example_dags/example_branch_operator_decorator.py
[2025-11-09T20:36:31.990+0000] {logging_mixin.py:190} INFO - [2025-11-09T20:36:31.989+0000] {dag.py:3239} INFO - Sync 1 DAGs
[2025-11-09T20:36:32.027+0000] {logging_mixin.py:190} INFO - [2025-11-09T20:36:32.026+0000] {dag.py:4180} INFO - Setting next_dagrun for example_branch_python_operator_decorator to 2025-11-08 00:00:00+00:00, run_after=2025-11-09 00:00:00+00:00
[2025-11-09T20:36:32.057+0000] {processor.py:208} INFO - Processing /home/airflow/.local/lib/python3.12/site-packages/airflow/example_dags/example_branch_operator_decorator.py took 0.170 seconds
[2025-11-09T20:37:02.618+0000] {processor.py:186} INFO - Started process (PID=1241) to work on /home/airflow/.local/lib/python3.12/site-packages/airflow/example_dags/example_branch_operator_decorator.py
[2025-11-09T20:37:02.620+0000] {processor.py:914} INFO - Processing file /home/airflow/.local/lib/python3.12/site-packages/airflow/example_dags/example_branch_operator_decorator.py for tasks to queue
[2025-11-09T20:37:02.624+0000] {logging_mixin.py:190} INFO - [2025-11-09T20:37:02.624+0000] {dagbag.py:588} INFO - Filling up the DagBag from /home/airflow/.local/lib/python3.12/site-packages/airflow/example_dags/example_branch_operator_decorator.py
[2025-11-09T20:37:02.656+0000] {processor.py:925} INFO - DAG(s) 'example_branch_python_operator_decorator' retrieved from /home/airflow/.local/lib/python3.12/site-packages/airflow/example_dags/example_branch_operator_decorator.py
[2025-11-09T20:37:02.698+0000] {logging_mixin.py:190} INFO - [2025-11-09T20:37:02.698+0000] {dag.py:3239} INFO - Sync 1 DAGs
[2025-11-09T20:37:02.732+0000] {logging_mixin.py:190} INFO - [2025-11-09T20:37:02.732+0000] {dag.py:4180} INFO - Setting next_dagrun for example_branch_python_operator_decorator to 2025-11-08 00:00:00+00:00, run_after=2025-11-09 00:00:00+00:00
[2025-11-09T20:37:02.759+0000] {processor.py:208} INFO - Processing /home/airflow/.local/lib/python3.12/site-packages/airflow/example_dags/example_branch_operator_decorator.py took 0.152 seconds
[2025-11-09T20:37:32.969+0000] {processor.py:186} INFO - Started process (PID=1304) to work on /home/airflow/.local/lib/python3.12/site-packages/airflow/example_dags/example_branch_operator_decorator.py
[2025-11-09T20:37:32.971+0000] {processor.py:914} INFO - Processing file /home/airflow/.local/lib/python3.12/site-packages/airflow/example_dags/example_branch_operator_decorator.py for tasks to queue
[2025-11-09T20:37:32.976+0000] {logging_mixin.py:190} INFO - [2025-11-09T20:37:32.975+0000] {dagbag.py:588} INFO - Filling up the DagBag from /home/airflow/.local/lib/python3.12/site-packages/airflow/example_dags/example_branch_operator_decorator.py
[2025-11-09T20:37:33.015+0000] {processor.py:925} INFO - DAG(s) 'example_branch_python_operator_decorator' retrieved from /home/airflow/.local/lib/python3.12/site-packages/airflow/example_dags/example_branch_operator_decorator.py
[2025-11-09T20:37:33.075+0000] {logging_mixin.py:190} INFO - [2025-11-09T20:37:33.074+0000] {dag.py:3239} INFO - Sync 1 DAGs
[2025-11-09T20:37:33.135+0000] {logging_mixin.py:190} INFO - [2025-11-09T20:37:33.135+0000] {dag.py:4180} INFO - Setting next_dagrun for example_branch_python_operator_decorator to 2025-11-08 00:00:00+00:00, run_after=2025-11-09 00:00:00+00:00
[2025-11-09T20:37:33.176+0000] {processor.py:208} INFO - Processing /home/airflow/.local/lib/python3.12/site-packages/airflow/example_dags/example_branch_operator_decorator.py took 0.217 seconds
[2025-11-09T20:38:04.418+0000] {processor.py:186} INFO - Started process (PID=1366) to work on /home/airflow/.local/lib/python3.12/site-packages/airflow/example_dags/example_branch_operator_decorator.py
[2025-11-09T20:38:04.420+0000] {processor.py:914} INFO - Processing file /home/airflow/.local/lib/python3.12/site-packages/airflow/example_dags/example_branch_operator_decorator.py for tasks to queue
[2025-11-09T20:38:04.426+0000] {logging_mixin.py:190} INFO - [2025-11-09T20:38:04.425+0000] {dagbag.py:588} INFO - Filling up the DagBag from /home/airflow/.local/lib/python3.12/site-packages/airflow/example_dags/example_branch_operator_decorator.py
[2025-11-09T20:38:04.460+0000] {processor.py:925} INFO - DAG(s) 'example_branch_python_operator_decorator' retrieved from /home/airflow/.local/lib/python3.12/site-packages/airflow/example_dags/example_branch_operator_decorator.py
[2025-11-09T20:38:04.510+0000] {logging_mixin.py:190} INFO - [2025-11-09T20:38:04.510+0000] {dag.py:3239} INFO - Sync 1 DAGs
[2025-11-09T20:38:04.551+0000] {logging_mixin.py:190} INFO - [2025-11-09T20:38:04.550+0000] {dag.py:4180} INFO - Setting next_dagrun for example_branch_python_operator_decorator to 2025-11-08 00:00:00+00:00, run_after=2025-11-09 00:00:00+00:00
[2025-11-09T20:38:04.584+0000] {processor.py:208} INFO - Processing /home/airflow/.local/lib/python3.12/site-packages/airflow/example_dags/example_branch_operator_decorator.py took 0.176 seconds
[2025-11-09T20:38:34.851+0000] {processor.py:186} INFO - Started process (PID=1429) to work on /home/airflow/.local/lib/python3.12/site-packages/airflow/example_dags/example_branch_operator_decorator.py
[2025-11-09T20:38:34.853+0000] {processor.py:914} INFO - Processing file /home/airflow/.local/lib/python3.12/site-packages/airflow/example_dags/example_branch_operator_decorator.py for tasks to queue
[2025-11-09T20:38:34.857+0000] {logging_mixin.py:190} INFO - [2025-11-09T20:38:34.856+0000] {dagbag.py:588} INFO - Filling up the DagBag from /home/airflow/.local/lib/python3.12/site-packages/airflow/example_dags/example_branch_operator_decorator.py
[2025-11-09T20:38:34.899+0000] {processor.py:925} INFO - DAG(s) 'example_branch_python_operator_decorator' retrieved from /home/airflow/.local/lib/python3.12/site-packages/airflow/example_dags/example_branch_operator_decorator.py
[2025-11-09T20:38:34.945+0000] {logging_mixin.py:190} INFO - [2025-11-09T20:38:34.945+0000] {dag.py:3239} INFO - Sync 1 DAGs
[2025-11-09T20:38:34.988+0000] {logging_mixin.py:190} INFO - [2025-11-09T20:38:34.988+0000] {dag.py:4180} INFO - Setting next_dagrun for example_branch_python_operator_decorator to 2025-11-08 00:00:00+00:00, run_after=2025-11-09 00:00:00+00:00
[2025-11-09T20:38:35.020+0000] {processor.py:208} INFO - Processing /home/airflow/.local/lib/python3.12/site-packages/airflow/example_dags/example_branch_operator_decorator.py took 0.178 seconds
[2025-11-09T20:39:05.838+0000] {processor.py:186} INFO - Started process (PID=1492) to work on /home/airflow/.local/lib/python3.12/site-packages/airflow/example_dags/example_branch_operator_decorator.py
[2025-11-09T20:39:05.840+0000] {processor.py:914} INFO - Processing file /home/airflow/.local/lib/python3.12/site-packages/airflow/example_dags/example_branch_operator_decorator.py for tasks to queue
[2025-11-09T20:39:05.845+0000] {logging_mixin.py:190} INFO - [2025-11-09T20:39:05.844+0000] {dagbag.py:588} INFO - Filling up the DagBag from /home/airflow/.local/lib/python3.12/site-packages/airflow/example_dags/example_branch_operator_decorator.py
[2025-11-09T20:39:05.891+0000] {processor.py:925} INFO - DAG(s) 'example_branch_python_operator_decorator' retrieved from /home/airflow/.local/lib/python3.12/site-packages/airflow/example_dags/example_branch_operator_decorator.py
[2025-11-09T20:39:05.938+0000] {logging_mixin.py:190} INFO - [2025-11-09T20:39:05.937+0000] {dag.py:3239} INFO - Sync 1 DAGs
[2025-11-09T20:39:05.984+0000] {logging_mixin.py:190} INFO - [2025-11-09T20:39:05.984+0000] {dag.py:4180} INFO - Setting next_dagrun for example_branch_python_operator_decorator to 2025-11-08 00:00:00+00:00, run_after=2025-11-09 00:00:00+00:00
[2025-11-09T20:39:06.020+0000] {processor.py:208} INFO - Processing /home/airflow/.local/lib/python3.12/site-packages/airflow/example_dags/example_branch_operator_decorator.py took 0.192 seconds
[2025-11-09T20:39:36.851+0000] {processor.py:186} INFO - Started process (PID=1555) to work on /home/airflow/.local/lib/python3.12/site-packages/airflow/example_dags/example_branch_operator_decorator.py
[2025-11-09T20:39:36.853+0000] {processor.py:914} INFO - Processing file /home/airflow/.local/lib/python3.12/site-packages/airflow/example_dags/example_branch_operator_decorator.py for tasks to queue
[2025-11-09T20:39:36.859+0000] {logging_mixin.py:190} INFO - [2025-11-09T20:39:36.858+0000] {dagbag.py:588} INFO - Filling up the DagBag from /home/airflow/.local/lib/python3.12/site-packages/airflow/example_dags/example_branch_operator_decorator.py
[2025-11-09T20:39:36.900+0000] {processor.py:925} INFO - DAG(s) 'example_branch_python_operator_decorator' retrieved from /home/airflow/.local/lib/python3.12/site-packages/airflow/example_dags/example_branch_operator_decorator.py
[2025-11-09T20:39:36.959+0000] {logging_mixin.py:190} INFO - [2025-11-09T20:39:36.958+0000] {dag.py:3239} INFO - Sync 1 DAGs
[2025-11-09T20:39:37.001+0000] {logging_mixin.py:190} INFO - [2025-11-09T20:39:37.001+0000] {dag.py:4180} INFO - Setting next_dagrun for example_branch_python_operator_decorator to 2025-11-08 00:00:00+00:00, run_after=2025-11-09 00:00:00+00:00
[2025-11-09T20:39:37.035+0000] {processor.py:208} INFO - Processing /home/airflow/.local/lib/python3.12/site-packages/airflow/example_dags/example_branch_operator_decorator.py took 0.195 seconds
[2025-11-09T20:40:07.173+0000] {processor.py:186} INFO - Started process (PID=1618) to work on /home/airflow/.local/lib/python3.12/site-packages/airflow/example_dags/example_branch_operator_decorator.py
[2025-11-09T20:40:07.175+0000] {processor.py:914} INFO - Processing file /home/airflow/.local/lib/python3.12/site-packages/airflow/example_dags/example_branch_operator_decorator.py for tasks to queue
[2025-11-09T20:40:07.181+0000] {logging_mixin.py:190} INFO - [2025-11-09T20:40:07.180+0000] {dagbag.py:588} INFO - Filling up the DagBag from /home/airflow/.local/lib/python3.12/site-packages/airflow/example_dags/example_branch_operator_decorator.py
[2025-11-09T20:40:07.225+0000] {processor.py:925} INFO - DAG(s) 'example_branch_python_operator_decorator' retrieved from /home/airflow/.local/lib/python3.12/site-packages/airflow/example_dags/example_branch_operator_decorator.py
[2025-11-09T20:40:07.272+0000] {logging_mixin.py:190} INFO - [2025-11-09T20:40:07.272+0000] {dag.py:3239} INFO - Sync 1 DAGs
[2025-11-09T20:40:07.322+0000] {logging_mixin.py:190} INFO - [2025-11-09T20:40:07.322+0000] {dag.py:4180} INFO - Setting next_dagrun for example_branch_python_operator_decorator to 2025-11-08 00:00:00+00:00, run_after=2025-11-09 00:00:00+00:00
[2025-11-09T20:40:07.360+0000] {processor.py:208} INFO - Processing /home/airflow/.local/lib/python3.12/site-packages/airflow/example_dags/example_branch_operator_decorator.py took 0.199 seconds
[2025-11-09T20:40:38.282+0000] {processor.py:186} INFO - Started process (PID=1680) to work on /home/airflow/.local/lib/python3.12/site-packages/airflow/example_dags/example_branch_operator_decorator.py
[2025-11-09T20:40:38.284+0000] {processor.py:914} INFO - Processing file /home/airflow/.local/lib/python3.12/site-packages/airflow/example_dags/example_branch_operator_decorator.py for tasks to queue
[2025-11-09T20:40:38.289+0000] {logging_mixin.py:190} INFO - [2025-11-09T20:40:38.288+0000] {dagbag.py:588} INFO - Filling up the DagBag from /home/airflow/.local/lib/python3.12/site-packages/airflow/example_dags/example_branch_operator_decorator.py
[2025-11-09T20:40:38.331+0000] {processor.py:925} INFO - DAG(s) 'example_branch_python_operator_decorator' retrieved from /home/airflow/.local/lib/python3.12/site-packages/airflow/example_dags/example_branch_operator_decorator.py
[2025-11-09T20:40:38.392+0000] {logging_mixin.py:190} INFO - [2025-11-09T20:40:38.391+0000] {dag.py:3239} INFO - Sync 1 DAGs
[2025-11-09T20:40:38.437+0000] {logging_mixin.py:190} INFO - [2025-11-09T20:40:38.436+0000] {dag.py:4180} INFO - Setting next_dagrun for example_branch_python_operator_decorator to 2025-11-08 00:00:00+00:00, run_after=2025-11-09 00:00:00+00:00
[2025-11-09T20:40:38.476+0000] {processor.py:208} INFO - Processing /home/airflow/.local/lib/python3.12/site-packages/airflow/example_dags/example_branch_operator_decorator.py took 0.206 seconds
[2025-11-09T20:41:08.975+0000] {processor.py:186} INFO - Started process (PID=1743) to work on /home/airflow/.local/lib/python3.12/site-packages/airflow/example_dags/example_branch_operator_decorator.py
[2025-11-09T20:41:08.977+0000] {processor.py:914} INFO - Processing file /home/airflow/.local/lib/python3.12/site-packages/airflow/example_dags/example_branch_operator_decorator.py for tasks to queue
[2025-11-09T20:41:08.982+0000] {logging_mixin.py:190} INFO - [2025-11-09T20:41:08.981+0000] {dagbag.py:588} INFO - Filling up the DagBag from /home/airflow/.local/lib/python3.12/site-packages/airflow/example_dags/example_branch_operator_decorator.py
[2025-11-09T20:41:09.013+0000] {processor.py:925} INFO - DAG(s) 'example_branch_python_operator_decorator' retrieved from /home/airflow/.local/lib/python3.12/site-packages/airflow/example_dags/example_branch_operator_decorator.py
[2025-11-09T20:41:09.057+0000] {logging_mixin.py:190} INFO - [2025-11-09T20:41:09.057+0000] {dag.py:3239} INFO - Sync 1 DAGs
[2025-11-09T20:41:09.094+0000] {logging_mixin.py:190} INFO - [2025-11-09T20:41:09.094+0000] {dag.py:4180} INFO - Setting next_dagrun for example_branch_python_operator_decorator to 2025-11-08 00:00:00+00:00, run_after=2025-11-09 00:00:00+00:00
[2025-11-09T20:41:09.126+0000] {processor.py:208} INFO - Processing /home/airflow/.local/lib/python3.12/site-packages/airflow/example_dags/example_branch_operator_decorator.py took 0.160 seconds
[2025-11-09T20:41:39.256+0000] {processor.py:186} INFO - Started process (PID=1806) to work on /home/airflow/.local/lib/python3.12/site-packages/airflow/example_dags/example_branch_operator_decorator.py
[2025-11-09T20:41:39.259+0000] {processor.py:914} INFO - Processing file /home/airflow/.local/lib/python3.12/site-packages/airflow/example_dags/example_branch_operator_decorator.py for tasks to queue
[2025-11-09T20:41:39.265+0000] {logging_mixin.py:190} INFO - [2025-11-09T20:41:39.264+0000] {dagbag.py:588} INFO - Filling up the DagBag from /home/airflow/.local/lib/python3.12/site-packages/airflow/example_dags/example_branch_operator_decorator.py
[2025-11-09T20:41:39.329+0000] {processor.py:925} INFO - DAG(s) 'example_branch_python_operator_decorator' retrieved from /home/airflow/.local/lib/python3.12/site-packages/airflow/example_dags/example_branch_operator_decorator.py
[2025-11-09T20:41:39.403+0000] {logging_mixin.py:190} INFO - [2025-11-09T20:41:39.402+0000] {dag.py:3239} INFO - Sync 1 DAGs
[2025-11-09T20:41:39.467+0000] {logging_mixin.py:190} INFO - [2025-11-09T20:41:39.466+0000] {dag.py:4180} INFO - Setting next_dagrun for example_branch_python_operator_decorator to 2025-11-08 00:00:00+00:00, run_after=2025-11-09 00:00:00+00:00
[2025-11-09T20:41:39.513+0000] {processor.py:208} INFO - Processing /home/airflow/.local/lib/python3.12/site-packages/airflow/example_dags/example_branch_operator_decorator.py took 0.276 seconds
[2025-11-09T20:42:10.211+0000] {processor.py:186} INFO - Started process (PID=1869) to work on /home/airflow/.local/lib/python3.12/site-packages/airflow/example_dags/example_branch_operator_decorator.py
[2025-11-09T20:42:10.215+0000] {processor.py:914} INFO - Processing file /home/airflow/.local/lib/python3.12/site-packages/airflow/example_dags/example_branch_operator_decorator.py for tasks to queue
[2025-11-09T20:42:10.221+0000] {logging_mixin.py:190} INFO - [2025-11-09T20:42:10.220+0000] {dagbag.py:588} INFO - Filling up the DagBag from /home/airflow/.local/lib/python3.12/site-packages/airflow/example_dags/example_branch_operator_decorator.py
[2025-11-09T20:42:10.349+0000] {processor.py:925} INFO - DAG(s) 'example_branch_python_operator_decorator' retrieved from /home/airflow/.local/lib/python3.12/site-packages/airflow/example_dags/example_branch_operator_decorator.py
[2025-11-09T20:42:10.499+0000] {logging_mixin.py:190} INFO - [2025-11-09T20:42:10.498+0000] {dag.py:3239} INFO - Sync 1 DAGs
[2025-11-09T20:42:10.594+0000] {logging_mixin.py:190} INFO - [2025-11-09T20:42:10.593+0000] {dag.py:4180} INFO - Setting next_dagrun for example_branch_python_operator_decorator to 2025-11-08 00:00:00+00:00, run_after=2025-11-09 00:00:00+00:00
[2025-11-09T20:42:10.696+0000] {processor.py:208} INFO - Processing /home/airflow/.local/lib/python3.12/site-packages/airflow/example_dags/example_branch_operator_decorator.py took 0.521 seconds
[2025-11-09T20:42:40.992+0000] {processor.py:186} INFO - Started process (PID=1932) to work on /home/airflow/.local/lib/python3.12/site-packages/airflow/example_dags/example_branch_operator_decorator.py
[2025-11-09T20:42:40.996+0000] {processor.py:914} INFO - Processing file /home/airflow/.local/lib/python3.12/site-packages/airflow/example_dags/example_branch_operator_decorator.py for tasks to queue
[2025-11-09T20:42:41.004+0000] {logging_mixin.py:190} INFO - [2025-11-09T20:42:41.003+0000] {dagbag.py:588} INFO - Filling up the DagBag from /home/airflow/.local/lib/python3.12/site-packages/airflow/example_dags/example_branch_operator_decorator.py
[2025-11-09T20:42:41.087+0000] {processor.py:925} INFO - DAG(s) 'example_branch_python_operator_decorator' retrieved from /home/airflow/.local/lib/python3.12/site-packages/airflow/example_dags/example_branch_operator_decorator.py
[2025-11-09T20:42:41.173+0000] {logging_mixin.py:190} INFO - [2025-11-09T20:42:41.173+0000] {dag.py:3239} INFO - Sync 1 DAGs
[2025-11-09T20:42:41.245+0000] {logging_mixin.py:190} INFO - [2025-11-09T20:42:41.244+0000] {dag.py:4180} INFO - Setting next_dagrun for example_branch_python_operator_decorator to 2025-11-08 00:00:00+00:00, run_after=2025-11-09 00:00:00+00:00
[2025-11-09T20:42:41.301+0000] {processor.py:208} INFO - Processing /home/airflow/.local/lib/python3.12/site-packages/airflow/example_dags/example_branch_operator_decorator.py took 0.329 seconds
[2025-11-09T20:43:11.926+0000] {processor.py:186} INFO - Started process (PID=1996) to work on /home/airflow/.local/lib/python3.12/site-packages/airflow/example_dags/example_branch_operator_decorator.py
[2025-11-09T20:43:11.928+0000] {processor.py:914} INFO - Processing file /home/airflow/.local/lib/python3.12/site-packages/airflow/example_dags/example_branch_operator_decorator.py for tasks to queue
[2025-11-09T20:43:11.933+0000] {logging_mixin.py:190} INFO - [2025-11-09T20:43:11.932+0000] {dagbag.py:588} INFO - Filling up the DagBag from /home/airflow/.local/lib/python3.12/site-packages/airflow/example_dags/example_branch_operator_decorator.py
[2025-11-09T20:43:11.965+0000] {processor.py:925} INFO - DAG(s) 'example_branch_python_operator_decorator' retrieved from /home/airflow/.local/lib/python3.12/site-packages/airflow/example_dags/example_branch_operator_decorator.py
[2025-11-09T20:43:12.016+0000] {logging_mixin.py:190} INFO - [2025-11-09T20:43:12.016+0000] {dag.py:3239} INFO - Sync 1 DAGs
[2025-11-09T20:43:12.061+0000] {logging_mixin.py:190} INFO - [2025-11-09T20:43:12.060+0000] {dag.py:4180} INFO - Setting next_dagrun for example_branch_python_operator_decorator to 2025-11-08 00:00:00+00:00, run_after=2025-11-09 00:00:00+00:00
[2025-11-09T20:43:12.099+0000] {processor.py:208} INFO - Processing /home/airflow/.local/lib/python3.12/site-packages/airflow/example_dags/example_branch_operator_decorator.py took 0.183 seconds
[2025-11-09T20:43:43.169+0000] {processor.py:186} INFO - Started process (PID=2060) to work on /home/airflow/.local/lib/python3.12/site-packages/airflow/example_dags/example_branch_operator_decorator.py
[2025-11-09T20:43:43.171+0000] {processor.py:914} INFO - Processing file /home/airflow/.local/lib/python3.12/site-packages/airflow/example_dags/example_branch_operator_decorator.py for tasks to queue
[2025-11-09T20:43:43.176+0000] {logging_mixin.py:190} INFO - [2025-11-09T20:43:43.175+0000] {dagbag.py:588} INFO - Filling up the DagBag from /home/airflow/.local/lib/python3.12/site-packages/airflow/example_dags/example_branch_operator_decorator.py
[2025-11-09T20:43:43.224+0000] {processor.py:925} INFO - DAG(s) 'example_branch_python_operator_decorator' retrieved from /home/airflow/.local/lib/python3.12/site-packages/airflow/example_dags/example_branch_operator_decorator.py
[2025-11-09T20:43:43.283+0000] {logging_mixin.py:190} INFO - [2025-11-09T20:43:43.283+0000] {dag.py:3239} INFO - Sync 1 DAGs
[2025-11-09T20:43:43.348+0000] {logging_mixin.py:190} INFO - [2025-11-09T20:43:43.347+0000] {dag.py:4180} INFO - Setting next_dagrun for example_branch_python_operator_decorator to 2025-11-08 00:00:00+00:00, run_after=2025-11-09 00:00:00+00:00
[2025-11-09T20:43:43.393+0000] {processor.py:208} INFO - Processing /home/airflow/.local/lib/python3.12/site-packages/airflow/example_dags/example_branch_operator_decorator.py took 0.237 seconds
[2025-11-09T20:44:13.907+0000] {processor.py:186} INFO - Started process (PID=2123) to work on /home/airflow/.local/lib/python3.12/site-packages/airflow/example_dags/example_branch_operator_decorator.py
[2025-11-09T20:44:13.909+0000] {processor.py:914} INFO - Processing file /home/airflow/.local/lib/python3.12/site-packages/airflow/example_dags/example_branch_operator_decorator.py for tasks to queue
[2025-11-09T20:44:13.914+0000] {logging_mixin.py:190} INFO - [2025-11-09T20:44:13.913+0000] {dagbag.py:588} INFO - Filling up the DagBag from /home/airflow/.local/lib/python3.12/site-packages/airflow/example_dags/example_branch_operator_decorator.py
[2025-11-09T20:44:13.958+0000] {processor.py:925} INFO - DAG(s) 'example_branch_python_operator_decorator' retrieved from /home/airflow/.local/lib/python3.12/site-packages/airflow/example_dags/example_branch_operator_decorator.py
[2025-11-09T20:44:14.006+0000] {logging_mixin.py:190} INFO - [2025-11-09T20:44:14.006+0000] {dag.py:3239} INFO - Sync 1 DAGs
[2025-11-09T20:44:14.050+0000] {logging_mixin.py:190} INFO - [2025-11-09T20:44:14.050+0000] {dag.py:4180} INFO - Setting next_dagrun for example_branch_python_operator_decorator to 2025-11-08 00:00:00+00:00, run_after=2025-11-09 00:00:00+00:00
[2025-11-09T20:44:14.087+0000] {processor.py:208} INFO - Processing /home/airflow/.local/lib/python3.12/site-packages/airflow/example_dags/example_branch_operator_decorator.py took 0.191 seconds
[2025-11-09T20:44:44.172+0000] {processor.py:186} INFO - Started process (PID=2187) to work on /home/airflow/.local/lib/python3.12/site-packages/airflow/example_dags/example_branch_operator_decorator.py
[2025-11-09T20:44:44.174+0000] {processor.py:914} INFO - Processing file /home/airflow/.local/lib/python3.12/site-packages/airflow/example_dags/example_branch_operator_decorator.py for tasks to queue
[2025-11-09T20:44:44.179+0000] {logging_mixin.py:190} INFO - [2025-11-09T20:44:44.178+0000] {dagbag.py:588} INFO - Filling up the DagBag from /home/airflow/.local/lib/python3.12/site-packages/airflow/example_dags/example_branch_operator_decorator.py
[2025-11-09T20:44:44.215+0000] {processor.py:925} INFO - DAG(s) 'example_branch_python_operator_decorator' retrieved from /home/airflow/.local/lib/python3.12/site-packages/airflow/example_dags/example_branch_operator_decorator.py
[2025-11-09T20:44:44.262+0000] {logging_mixin.py:190} INFO - [2025-11-09T20:44:44.261+0000] {dag.py:3239} INFO - Sync 1 DAGs
[2025-11-09T20:44:44.306+0000] {logging_mixin.py:190} INFO - [2025-11-09T20:44:44.306+0000] {dag.py:4180} INFO - Setting next_dagrun for example_branch_python_operator_decorator to 2025-11-08 00:00:00+00:00, run_after=2025-11-09 00:00:00+00:00
[2025-11-09T20:44:44.340+0000] {processor.py:208} INFO - Processing /home/airflow/.local/lib/python3.12/site-packages/airflow/example_dags/example_branch_operator_decorator.py took 0.177 seconds
[2025-11-09T20:45:15.096+0000] {processor.py:186} INFO - Started process (PID=2251) to work on /home/airflow/.local/lib/python3.12/site-packages/airflow/example_dags/example_branch_operator_decorator.py
[2025-11-09T20:45:15.099+0000] {processor.py:914} INFO - Processing file /home/airflow/.local/lib/python3.12/site-packages/airflow/example_dags/example_branch_operator_decorator.py for tasks to queue
[2025-11-09T20:45:15.107+0000] {logging_mixin.py:190} INFO - [2025-11-09T20:45:15.107+0000] {dagbag.py:588} INFO - Filling up the DagBag from /home/airflow/.local/lib/python3.12/site-packages/airflow/example_dags/example_branch_operator_decorator.py
[2025-11-09T20:45:15.169+0000] {processor.py:925} INFO - DAG(s) 'example_branch_python_operator_decorator' retrieved from /home/airflow/.local/lib/python3.12/site-packages/airflow/example_dags/example_branch_operator_decorator.py
[2025-11-09T20:45:15.227+0000] {logging_mixin.py:190} INFO - [2025-11-09T20:45:15.227+0000] {dag.py:3239} INFO - Sync 1 DAGs
[2025-11-09T20:45:15.277+0000] {logging_mixin.py:190} INFO - [2025-11-09T20:45:15.276+0000] {dag.py:4180} INFO - Setting next_dagrun for example_branch_python_operator_decorator to 2025-11-08 00:00:00+00:00, run_after=2025-11-09 00:00:00+00:00
[2025-11-09T20:45:15.320+0000] {processor.py:208} INFO - Processing /home/airflow/.local/lib/python3.12/site-packages/airflow/example_dags/example_branch_operator_decorator.py took 0.239 seconds
[2025-11-09T20:45:45.667+0000] {processor.py:186} INFO - Started process (PID=2315) to work on /home/airflow/.local/lib/python3.12/site-packages/airflow/example_dags/example_branch_operator_decorator.py
[2025-11-09T20:45:45.669+0000] {processor.py:914} INFO - Processing file /home/airflow/.local/lib/python3.12/site-packages/airflow/example_dags/example_branch_operator_decorator.py for tasks to queue
[2025-11-09T20:45:45.673+0000] {logging_mixin.py:190} INFO - [2025-11-09T20:45:45.672+0000] {dagbag.py:588} INFO - Filling up the DagBag from /home/airflow/.local/lib/python3.12/site-packages/airflow/example_dags/example_branch_operator_decorator.py
[2025-11-09T20:45:45.703+0000] {processor.py:925} INFO - DAG(s) 'example_branch_python_operator_decorator' retrieved from /home/airflow/.local/lib/python3.12/site-packages/airflow/example_dags/example_branch_operator_decorator.py
[2025-11-09T20:45:45.743+0000] {logging_mixin.py:190} INFO - [2025-11-09T20:45:45.743+0000] {dag.py:3239} INFO - Sync 1 DAGs
[2025-11-09T20:45:45.777+0000] {logging_mixin.py:190} INFO - [2025-11-09T20:45:45.777+0000] {dag.py:4180} INFO - Setting next_dagrun for example_branch_python_operator_decorator to 2025-11-08 00:00:00+00:00, run_after=2025-11-09 00:00:00+00:00
[2025-11-09T20:45:45.806+0000] {processor.py:208} INFO - Processing /home/airflow/.local/lib/python3.12/site-packages/airflow/example_dags/example_branch_operator_decorator.py took 0.149 seconds
[2025-11-09T20:46:16.118+0000] {processor.py:186} INFO - Started process (PID=2379) to work on /home/airflow/.local/lib/python3.12/site-packages/airflow/example_dags/example_branch_operator_decorator.py
[2025-11-09T20:46:16.120+0000] {processor.py:914} INFO - Processing file /home/airflow/.local/lib/python3.12/site-packages/airflow/example_dags/example_branch_operator_decorator.py for tasks to queue
[2025-11-09T20:46:16.125+0000] {logging_mixin.py:190} INFO - [2025-11-09T20:46:16.124+0000] {dagbag.py:588} INFO - Filling up the DagBag from /home/airflow/.local/lib/python3.12/site-packages/airflow/example_dags/example_branch_operator_decorator.py
[2025-11-09T20:46:16.174+0000] {processor.py:925} INFO - DAG(s) 'example_branch_python_operator_decorator' retrieved from /home/airflow/.local/lib/python3.12/site-packages/airflow/example_dags/example_branch_operator_decorator.py
[2025-11-09T20:46:16.226+0000] {logging_mixin.py:190} INFO - [2025-11-09T20:46:16.225+0000] {dag.py:3239} INFO - Sync 1 DAGs
[2025-11-09T20:46:16.274+0000] {logging_mixin.py:190} INFO - [2025-11-09T20:46:16.273+0000] {dag.py:4180} INFO - Setting next_dagrun for example_branch_python_operator_decorator to 2025-11-08 00:00:00+00:00, run_after=2025-11-09 00:00:00+00:00
[2025-11-09T20:46:16.314+0000] {processor.py:208} INFO - Processing /home/airflow/.local/lib/python3.12/site-packages/airflow/example_dags/example_branch_operator_decorator.py took 0.209 seconds
[2025-11-09T20:46:46.634+0000] {processor.py:186} INFO - Started process (PID=2443) to work on /home/airflow/.local/lib/python3.12/site-packages/airflow/example_dags/example_branch_operator_decorator.py
[2025-11-09T20:46:46.637+0000] {processor.py:914} INFO - Processing file /home/airflow/.local/lib/python3.12/site-packages/airflow/example_dags/example_branch_operator_decorator.py for tasks to queue
[2025-11-09T20:46:46.645+0000] {logging_mixin.py:190} INFO - [2025-11-09T20:46:46.644+0000] {dagbag.py:588} INFO - Filling up the DagBag from /home/airflow/.local/lib/python3.12/site-packages/airflow/example_dags/example_branch_operator_decorator.py
[2025-11-09T20:46:46.709+0000] {processor.py:925} INFO - DAG(s) 'example_branch_python_operator_decorator' retrieved from /home/airflow/.local/lib/python3.12/site-packages/airflow/example_dags/example_branch_operator_decorator.py
[2025-11-09T20:46:46.792+0000] {logging_mixin.py:190} INFO - [2025-11-09T20:46:46.792+0000] {dag.py:3239} INFO - Sync 1 DAGs
[2025-11-09T20:46:46.867+0000] {logging_mixin.py:190} INFO - [2025-11-09T20:46:46.866+0000] {dag.py:4180} INFO - Setting next_dagrun for example_branch_python_operator_decorator to 2025-11-08 00:00:00+00:00, run_after=2025-11-09 00:00:00+00:00
[2025-11-09T20:46:46.915+0000] {processor.py:208} INFO - Processing /home/airflow/.local/lib/python3.12/site-packages/airflow/example_dags/example_branch_operator_decorator.py took 0.299 seconds
[2025-11-09T20:47:17.518+0000] {processor.py:186} INFO - Started process (PID=2509) to work on /home/airflow/.local/lib/python3.12/site-packages/airflow/example_dags/example_branch_operator_decorator.py
[2025-11-09T20:47:17.520+0000] {processor.py:914} INFO - Processing file /home/airflow/.local/lib/python3.12/site-packages/airflow/example_dags/example_branch_operator_decorator.py for tasks to queue
[2025-11-09T20:47:17.524+0000] {logging_mixin.py:190} INFO - [2025-11-09T20:47:17.524+0000] {dagbag.py:588} INFO - Filling up the DagBag from /home/airflow/.local/lib/python3.12/site-packages/airflow/example_dags/example_branch_operator_decorator.py
[2025-11-09T20:47:17.555+0000] {processor.py:925} INFO - DAG(s) 'example_branch_python_operator_decorator' retrieved from /home/airflow/.local/lib/python3.12/site-packages/airflow/example_dags/example_branch_operator_decorator.py
[2025-11-09T20:47:17.608+0000] {logging_mixin.py:190} INFO - [2025-11-09T20:47:17.607+0000] {dag.py:3239} INFO - Sync 1 DAGs
[2025-11-09T20:47:17.657+0000] {logging_mixin.py:190} INFO - [2025-11-09T20:47:17.657+0000] {dag.py:4180} INFO - Setting next_dagrun for example_branch_python_operator_decorator to 2025-11-08 00:00:00+00:00, run_after=2025-11-09 00:00:00+00:00
[2025-11-09T20:47:17.691+0000] {processor.py:208} INFO - Processing /home/airflow/.local/lib/python3.12/site-packages/airflow/example_dags/example_branch_operator_decorator.py took 0.183 seconds
[2025-11-09T20:47:48.314+0000] {processor.py:186} INFO - Started process (PID=2574) to work on /home/airflow/.local/lib/python3.12/site-packages/airflow/example_dags/example_branch_operator_decorator.py
[2025-11-09T20:47:48.316+0000] {processor.py:914} INFO - Processing file /home/airflow/.local/lib/python3.12/site-packages/airflow/example_dags/example_branch_operator_decorator.py for tasks to queue
[2025-11-09T20:47:48.321+0000] {logging_mixin.py:190} INFO - [2025-11-09T20:47:48.321+0000] {dagbag.py:588} INFO - Filling up the DagBag from /home/airflow/.local/lib/python3.12/site-packages/airflow/example_dags/example_branch_operator_decorator.py
[2025-11-09T20:47:48.357+0000] {processor.py:925} INFO - DAG(s) 'example_branch_python_operator_decorator' retrieved from /home/airflow/.local/lib/python3.12/site-packages/airflow/example_dags/example_branch_operator_decorator.py
[2025-11-09T20:47:48.406+0000] {logging_mixin.py:190} INFO - [2025-11-09T20:47:48.405+0000] {dag.py:3239} INFO - Sync 1 DAGs
[2025-11-09T20:47:48.448+0000] {logging_mixin.py:190} INFO - [2025-11-09T20:47:48.448+0000] {dag.py:4180} INFO - Setting next_dagrun for example_branch_python_operator_decorator to 2025-11-08 00:00:00+00:00, run_after=2025-11-09 00:00:00+00:00
[2025-11-09T20:47:48.484+0000] {processor.py:208} INFO - Processing /home/airflow/.local/lib/python3.12/site-packages/airflow/example_dags/example_branch_operator_decorator.py took 0.181 seconds
[2025-11-09T20:48:18.747+0000] {processor.py:186} INFO - Started process (PID=2638) to work on /home/airflow/.local/lib/python3.12/site-packages/airflow/example_dags/example_branch_operator_decorator.py
[2025-11-09T20:48:18.750+0000] {processor.py:914} INFO - Processing file /home/airflow/.local/lib/python3.12/site-packages/airflow/example_dags/example_branch_operator_decorator.py for tasks to queue
[2025-11-09T20:48:18.757+0000] {logging_mixin.py:190} INFO - [2025-11-09T20:48:18.756+0000] {dagbag.py:588} INFO - Filling up the DagBag from /home/airflow/.local/lib/python3.12/site-packages/airflow/example_dags/example_branch_operator_decorator.py
[2025-11-09T20:48:18.810+0000] {processor.py:925} INFO - DAG(s) 'example_branch_python_operator_decorator' retrieved from /home/airflow/.local/lib/python3.12/site-packages/airflow/example_dags/example_branch_operator_decorator.py
[2025-11-09T20:48:18.878+0000] {logging_mixin.py:190} INFO - [2025-11-09T20:48:18.878+0000] {dag.py:3239} INFO - Sync 1 DAGs
[2025-11-09T20:48:18.928+0000] {logging_mixin.py:190} INFO - [2025-11-09T20:48:18.928+0000] {dag.py:4180} INFO - Setting next_dagrun for example_branch_python_operator_decorator to 2025-11-08 00:00:00+00:00, run_after=2025-11-09 00:00:00+00:00
[2025-11-09T20:48:18.973+0000] {processor.py:208} INFO - Processing /home/airflow/.local/lib/python3.12/site-packages/airflow/example_dags/example_branch_operator_decorator.py took 0.241 seconds
[2025-11-09T20:48:49.556+0000] {processor.py:186} INFO - Started process (PID=2703) to work on /home/airflow/.local/lib/python3.12/site-packages/airflow/example_dags/example_branch_operator_decorator.py
[2025-11-09T20:48:49.558+0000] {processor.py:914} INFO - Processing file /home/airflow/.local/lib/python3.12/site-packages/airflow/example_dags/example_branch_operator_decorator.py for tasks to queue
[2025-11-09T20:48:49.565+0000] {logging_mixin.py:190} INFO - [2025-11-09T20:48:49.564+0000] {dagbag.py:588} INFO - Filling up the DagBag from /home/airflow/.local/lib/python3.12/site-packages/airflow/example_dags/example_branch_operator_decorator.py
[2025-11-09T20:48:49.604+0000] {processor.py:925} INFO - DAG(s) 'example_branch_python_operator_decorator' retrieved from /home/airflow/.local/lib/python3.12/site-packages/airflow/example_dags/example_branch_operator_decorator.py
[2025-11-09T20:48:49.663+0000] {logging_mixin.py:190} INFO - [2025-11-09T20:48:49.663+0000] {dag.py:3239} INFO - Sync 1 DAGs
[2025-11-09T20:48:49.710+0000] {logging_mixin.py:190} INFO - [2025-11-09T20:48:49.709+0000] {dag.py:4180} INFO - Setting next_dagrun for example_branch_python_operator_decorator to 2025-11-08 00:00:00+00:00, run_after=2025-11-09 00:00:00+00:00
[2025-11-09T20:48:49.750+0000] {processor.py:208} INFO - Processing /home/airflow/.local/lib/python3.12/site-packages/airflow/example_dags/example_branch_operator_decorator.py took 0.205 seconds
[2025-11-09T20:49:20.365+0000] {processor.py:186} INFO - Started process (PID=2766) to work on /home/airflow/.local/lib/python3.12/site-packages/airflow/example_dags/example_branch_operator_decorator.py
[2025-11-09T20:49:20.367+0000] {processor.py:914} INFO - Processing file /home/airflow/.local/lib/python3.12/site-packages/airflow/example_dags/example_branch_operator_decorator.py for tasks to queue
[2025-11-09T20:49:20.372+0000] {logging_mixin.py:190} INFO - [2025-11-09T20:49:20.372+0000] {dagbag.py:588} INFO - Filling up the DagBag from /home/airflow/.local/lib/python3.12/site-packages/airflow/example_dags/example_branch_operator_decorator.py
[2025-11-09T20:49:20.417+0000] {processor.py:925} INFO - DAG(s) 'example_branch_python_operator_decorator' retrieved from /home/airflow/.local/lib/python3.12/site-packages/airflow/example_dags/example_branch_operator_decorator.py
[2025-11-09T20:49:20.462+0000] {logging_mixin.py:190} INFO - [2025-11-09T20:49:20.462+0000] {dag.py:3239} INFO - Sync 1 DAGs
[2025-11-09T20:49:20.507+0000] {logging_mixin.py:190} INFO - [2025-11-09T20:49:20.507+0000] {dag.py:4180} INFO - Setting next_dagrun for example_branch_python_operator_decorator to 2025-11-08 00:00:00+00:00, run_after=2025-11-09 00:00:00+00:00
[2025-11-09T20:49:20.540+0000] {processor.py:208} INFO - Processing /home/airflow/.local/lib/python3.12/site-packages/airflow/example_dags/example_branch_operator_decorator.py took 0.187 seconds
[2025-11-09T20:49:51.886+0000] {processor.py:186} INFO - Started process (PID=2830) to work on /home/airflow/.local/lib/python3.12/site-packages/airflow/example_dags/example_branch_operator_decorator.py
[2025-11-09T20:49:51.888+0000] {processor.py:914} INFO - Processing file /home/airflow/.local/lib/python3.12/site-packages/airflow/example_dags/example_branch_operator_decorator.py for tasks to queue
[2025-11-09T20:49:51.893+0000] {logging_mixin.py:190} INFO - [2025-11-09T20:49:51.893+0000] {dagbag.py:588} INFO - Filling up the DagBag from /home/airflow/.local/lib/python3.12/site-packages/airflow/example_dags/example_branch_operator_decorator.py
[2025-11-09T20:49:51.933+0000] {processor.py:925} INFO - DAG(s) 'example_branch_python_operator_decorator' retrieved from /home/airflow/.local/lib/python3.12/site-packages/airflow/example_dags/example_branch_operator_decorator.py
[2025-11-09T20:49:51.987+0000] {logging_mixin.py:190} INFO - [2025-11-09T20:49:51.986+0000] {dag.py:3239} INFO - Sync 1 DAGs
[2025-11-09T20:49:52.033+0000] {logging_mixin.py:190} INFO - [2025-11-09T20:49:52.033+0000] {dag.py:4180} INFO - Setting next_dagrun for example_branch_python_operator_decorator to 2025-11-08 00:00:00+00:00, run_after=2025-11-09 00:00:00+00:00
[2025-11-09T20:49:52.070+0000] {processor.py:208} INFO - Processing /home/airflow/.local/lib/python3.12/site-packages/airflow/example_dags/example_branch_operator_decorator.py took 0.195 seconds
[2025-11-09T20:50:22.827+0000] {processor.py:186} INFO - Started process (PID=2894) to work on /home/airflow/.local/lib/python3.12/site-packages/airflow/example_dags/example_branch_operator_decorator.py
[2025-11-09T20:50:22.829+0000] {processor.py:914} INFO - Processing file /home/airflow/.local/lib/python3.12/site-packages/airflow/example_dags/example_branch_operator_decorator.py for tasks to queue
[2025-11-09T20:50:22.834+0000] {logging_mixin.py:190} INFO - [2025-11-09T20:50:22.834+0000] {dagbag.py:588} INFO - Filling up the DagBag from /home/airflow/.local/lib/python3.12/site-packages/airflow/example_dags/example_branch_operator_decorator.py
[2025-11-09T20:50:22.882+0000] {processor.py:925} INFO - DAG(s) 'example_branch_python_operator_decorator' retrieved from /home/airflow/.local/lib/python3.12/site-packages/airflow/example_dags/example_branch_operator_decorator.py
[2025-11-09T20:50:23.195+0000] {logging_mixin.py:190} INFO - [2025-11-09T20:50:23.195+0000] {dag.py:3239} INFO - Sync 1 DAGs
[2025-11-09T20:50:23.232+0000] {logging_mixin.py:190} INFO - [2025-11-09T20:50:23.231+0000] {dag.py:4180} INFO - Setting next_dagrun for example_branch_python_operator_decorator to 2025-11-08 00:00:00+00:00, run_after=2025-11-09 00:00:00+00:00
[2025-11-09T20:50:23.261+0000] {processor.py:208} INFO - Processing /home/airflow/.local/lib/python3.12/site-packages/airflow/example_dags/example_branch_operator_decorator.py took 0.447 seconds
[2025-11-09T20:50:54.057+0000] {processor.py:186} INFO - Started process (PID=2958) to work on /home/airflow/.local/lib/python3.12/site-packages/airflow/example_dags/example_branch_operator_decorator.py
[2025-11-09T20:50:54.059+0000] {processor.py:914} INFO - Processing file /home/airflow/.local/lib/python3.12/site-packages/airflow/example_dags/example_branch_operator_decorator.py for tasks to queue
[2025-11-09T20:50:54.063+0000] {logging_mixin.py:190} INFO - [2025-11-09T20:50:54.063+0000] {dagbag.py:588} INFO - Filling up the DagBag from /home/airflow/.local/lib/python3.12/site-packages/airflow/example_dags/example_branch_operator_decorator.py
[2025-11-09T20:50:54.119+0000] {processor.py:925} INFO - DAG(s) 'example_branch_python_operator_decorator' retrieved from /home/airflow/.local/lib/python3.12/site-packages/airflow/example_dags/example_branch_operator_decorator.py
[2025-11-09T20:50:54.191+0000] {logging_mixin.py:190} INFO - [2025-11-09T20:50:54.191+0000] {dag.py:3239} INFO - Sync 1 DAGs
[2025-11-09T20:50:54.246+0000] {logging_mixin.py:190} INFO - [2025-11-09T20:50:54.246+0000] {dag.py:4180} INFO - Setting next_dagrun for example_branch_python_operator_decorator to 2025-11-08 00:00:00+00:00, run_after=2025-11-09 00:00:00+00:00
[2025-11-09T20:50:54.291+0000] {processor.py:208} INFO - Processing /home/airflow/.local/lib/python3.12/site-packages/airflow/example_dags/example_branch_operator_decorator.py took 0.245 seconds
[2025-11-09T20:51:24.680+0000] {processor.py:186} INFO - Started process (PID=3023) to work on /home/airflow/.local/lib/python3.12/site-packages/airflow/example_dags/example_branch_operator_decorator.py
[2025-11-09T20:51:24.683+0000] {processor.py:914} INFO - Processing file /home/airflow/.local/lib/python3.12/site-packages/airflow/example_dags/example_branch_operator_decorator.py for tasks to queue
[2025-11-09T20:51:24.689+0000] {logging_mixin.py:190} INFO - [2025-11-09T20:51:24.688+0000] {dagbag.py:588} INFO - Filling up the DagBag from /home/airflow/.local/lib/python3.12/site-packages/airflow/example_dags/example_branch_operator_decorator.py
[2025-11-09T20:51:24.750+0000] {processor.py:925} INFO - DAG(s) 'example_branch_python_operator_decorator' retrieved from /home/airflow/.local/lib/python3.12/site-packages/airflow/example_dags/example_branch_operator_decorator.py
[2025-11-09T20:51:24.822+0000] {logging_mixin.py:190} INFO - [2025-11-09T20:51:24.822+0000] {dag.py:3239} INFO - Sync 1 DAGs
[2025-11-09T20:51:24.892+0000] {logging_mixin.py:190} INFO - [2025-11-09T20:51:24.891+0000] {dag.py:4180} INFO - Setting next_dagrun for example_branch_python_operator_decorator to 2025-11-08 00:00:00+00:00, run_after=2025-11-09 00:00:00+00:00
[2025-11-09T20:51:24.940+0000] {processor.py:208} INFO - Processing /home/airflow/.local/lib/python3.12/site-packages/airflow/example_dags/example_branch_operator_decorator.py took 0.274 seconds
[2025-11-09T20:51:55.742+0000] {processor.py:186} INFO - Started process (PID=3087) to work on /home/airflow/.local/lib/python3.12/site-packages/airflow/example_dags/example_branch_operator_decorator.py
[2025-11-09T20:51:55.744+0000] {processor.py:914} INFO - Processing file /home/airflow/.local/lib/python3.12/site-packages/airflow/example_dags/example_branch_operator_decorator.py for tasks to queue
[2025-11-09T20:51:55.749+0000] {logging_mixin.py:190} INFO - [2025-11-09T20:51:55.748+0000] {dagbag.py:588} INFO - Filling up the DagBag from /home/airflow/.local/lib/python3.12/site-packages/airflow/example_dags/example_branch_operator_decorator.py
[2025-11-09T20:51:55.787+0000] {processor.py:925} INFO - DAG(s) 'example_branch_python_operator_decorator' retrieved from /home/airflow/.local/lib/python3.12/site-packages/airflow/example_dags/example_branch_operator_decorator.py
[2025-11-09T20:51:55.833+0000] {logging_mixin.py:190} INFO - [2025-11-09T20:51:55.833+0000] {dag.py:3239} INFO - Sync 1 DAGs
[2025-11-09T20:51:55.877+0000] {logging_mixin.py:190} INFO - [2025-11-09T20:51:55.877+0000] {dag.py:4180} INFO - Setting next_dagrun for example_branch_python_operator_decorator to 2025-11-08 00:00:00+00:00, run_after=2025-11-09 00:00:00+00:00
[2025-11-09T20:51:55.924+0000] {processor.py:208} INFO - Processing /home/airflow/.local/lib/python3.12/site-packages/airflow/example_dags/example_branch_operator_decorator.py took 0.193 seconds
[2025-11-09T20:52:26.095+0000] {processor.py:186} INFO - Started process (PID=3157) to work on /home/airflow/.local/lib/python3.12/site-packages/airflow/example_dags/example_branch_operator_decorator.py
[2025-11-09T20:52:26.097+0000] {processor.py:914} INFO - Processing file /home/airflow/.local/lib/python3.12/site-packages/airflow/example_dags/example_branch_operator_decorator.py for tasks to queue
[2025-11-09T20:52:26.103+0000] {logging_mixin.py:190} INFO - [2025-11-09T20:52:26.102+0000] {dagbag.py:588} INFO - Filling up the DagBag from /home/airflow/.local/lib/python3.12/site-packages/airflow/example_dags/example_branch_operator_decorator.py
[2025-11-09T20:52:26.150+0000] {processor.py:925} INFO - DAG(s) 'example_branch_python_operator_decorator' retrieved from /home/airflow/.local/lib/python3.12/site-packages/airflow/example_dags/example_branch_operator_decorator.py
[2025-11-09T20:52:26.201+0000] {logging_mixin.py:190} INFO - [2025-11-09T20:52:26.200+0000] {dag.py:3239} INFO - Sync 1 DAGs
[2025-11-09T20:52:26.246+0000] {logging_mixin.py:190} INFO - [2025-11-09T20:52:26.246+0000] {dag.py:4180} INFO - Setting next_dagrun for example_branch_python_operator_decorator to 2025-11-08 00:00:00+00:00, run_after=2025-11-09 00:00:00+00:00
[2025-11-09T20:52:26.281+0000] {processor.py:208} INFO - Processing /home/airflow/.local/lib/python3.12/site-packages/airflow/example_dags/example_branch_operator_decorator.py took 0.200 seconds
[2025-11-09T20:52:56.896+0000] {processor.py:186} INFO - Started process (PID=3220) to work on /home/airflow/.local/lib/python3.12/site-packages/airflow/example_dags/example_branch_operator_decorator.py
[2025-11-09T20:52:56.898+0000] {processor.py:914} INFO - Processing file /home/airflow/.local/lib/python3.12/site-packages/airflow/example_dags/example_branch_operator_decorator.py for tasks to queue
[2025-11-09T20:52:56.906+0000] {logging_mixin.py:190} INFO - [2025-11-09T20:52:56.905+0000] {dagbag.py:588} INFO - Filling up the DagBag from /home/airflow/.local/lib/python3.12/site-packages/airflow/example_dags/example_branch_operator_decorator.py
[2025-11-09T20:52:56.957+0000] {processor.py:925} INFO - DAG(s) 'example_branch_python_operator_decorator' retrieved from /home/airflow/.local/lib/python3.12/site-packages/airflow/example_dags/example_branch_operator_decorator.py
[2025-11-09T20:52:57.021+0000] {logging_mixin.py:190} INFO - [2025-11-09T20:52:57.021+0000] {dag.py:3239} INFO - Sync 1 DAGs
[2025-11-09T20:52:57.076+0000] {logging_mixin.py:190} INFO - [2025-11-09T20:52:57.075+0000] {dag.py:4180} INFO - Setting next_dagrun for example_branch_python_operator_decorator to 2025-11-08 00:00:00+00:00, run_after=2025-11-09 00:00:00+00:00
[2025-11-09T20:52:57.112+0000] {processor.py:208} INFO - Processing /home/airflow/.local/lib/python3.12/site-packages/airflow/example_dags/example_branch_operator_decorator.py took 0.229 seconds
[2025-11-09T20:53:27.455+0000] {processor.py:186} INFO - Started process (PID=3283) to work on /home/airflow/.local/lib/python3.12/site-packages/airflow/example_dags/example_branch_operator_decorator.py
[2025-11-09T20:53:27.457+0000] {processor.py:914} INFO - Processing file /home/airflow/.local/lib/python3.12/site-packages/airflow/example_dags/example_branch_operator_decorator.py for tasks to queue
[2025-11-09T20:53:27.463+0000] {logging_mixin.py:190} INFO - [2025-11-09T20:53:27.463+0000] {dagbag.py:588} INFO - Filling up the DagBag from /home/airflow/.local/lib/python3.12/site-packages/airflow/example_dags/example_branch_operator_decorator.py
[2025-11-09T20:53:27.506+0000] {processor.py:925} INFO - DAG(s) 'example_branch_python_operator_decorator' retrieved from /home/airflow/.local/lib/python3.12/site-packages/airflow/example_dags/example_branch_operator_decorator.py
[2025-11-09T20:53:27.580+0000] {logging_mixin.py:190} INFO - [2025-11-09T20:53:27.579+0000] {dag.py:3239} INFO - Sync 1 DAGs
[2025-11-09T20:53:27.633+0000] {logging_mixin.py:190} INFO - [2025-11-09T20:53:27.633+0000] {dag.py:4180} INFO - Setting next_dagrun for example_branch_python_operator_decorator to 2025-11-08 00:00:00+00:00, run_after=2025-11-09 00:00:00+00:00
[2025-11-09T20:53:27.673+0000] {processor.py:208} INFO - Processing /home/airflow/.local/lib/python3.12/site-packages/airflow/example_dags/example_branch_operator_decorator.py took 0.233 seconds
[2025-11-09T20:53:58.052+0000] {processor.py:186} INFO - Started process (PID=3347) to work on /home/airflow/.local/lib/python3.12/site-packages/airflow/example_dags/example_branch_operator_decorator.py
[2025-11-09T20:53:58.055+0000] {processor.py:914} INFO - Processing file /home/airflow/.local/lib/python3.12/site-packages/airflow/example_dags/example_branch_operator_decorator.py for tasks to queue
[2025-11-09T20:53:58.062+0000] {logging_mixin.py:190} INFO - [2025-11-09T20:53:58.061+0000] {dagbag.py:588} INFO - Filling up the DagBag from /home/airflow/.local/lib/python3.12/site-packages/airflow/example_dags/example_branch_operator_decorator.py
[2025-11-09T20:53:58.131+0000] {processor.py:925} INFO - DAG(s) 'example_branch_python_operator_decorator' retrieved from /home/airflow/.local/lib/python3.12/site-packages/airflow/example_dags/example_branch_operator_decorator.py
[2025-11-09T20:53:58.225+0000] {logging_mixin.py:190} INFO - [2025-11-09T20:53:58.224+0000] {dag.py:3239} INFO - Sync 1 DAGs
[2025-11-09T20:53:58.313+0000] {logging_mixin.py:190} INFO - [2025-11-09T20:53:58.312+0000] {dag.py:4180} INFO - Setting next_dagrun for example_branch_python_operator_decorator to 2025-11-08 00:00:00+00:00, run_after=2025-11-09 00:00:00+00:00
[2025-11-09T20:53:58.374+0000] {processor.py:208} INFO - Processing /home/airflow/.local/lib/python3.12/site-packages/airflow/example_dags/example_branch_operator_decorator.py took 0.342 seconds
[2025-11-09T20:54:29.213+0000] {processor.py:186} INFO - Started process (PID=3411) to work on /home/airflow/.local/lib/python3.12/site-packages/airflow/example_dags/example_branch_operator_decorator.py
[2025-11-09T20:54:29.215+0000] {processor.py:914} INFO - Processing file /home/airflow/.local/lib/python3.12/site-packages/airflow/example_dags/example_branch_operator_decorator.py for tasks to queue
[2025-11-09T20:54:29.220+0000] {logging_mixin.py:190} INFO - [2025-11-09T20:54:29.219+0000] {dagbag.py:588} INFO - Filling up the DagBag from /home/airflow/.local/lib/python3.12/site-packages/airflow/example_dags/example_branch_operator_decorator.py
[2025-11-09T20:54:29.250+0000] {processor.py:925} INFO - DAG(s) 'example_branch_python_operator_decorator' retrieved from /home/airflow/.local/lib/python3.12/site-packages/airflow/example_dags/example_branch_operator_decorator.py
[2025-11-09T20:54:29.294+0000] {logging_mixin.py:190} INFO - [2025-11-09T20:54:29.293+0000] {dag.py:3239} INFO - Sync 1 DAGs
[2025-11-09T20:54:29.330+0000] {logging_mixin.py:190} INFO - [2025-11-09T20:54:29.330+0000] {dag.py:4180} INFO - Setting next_dagrun for example_branch_python_operator_decorator to 2025-11-08 00:00:00+00:00, run_after=2025-11-09 00:00:00+00:00
[2025-11-09T20:54:29.362+0000] {processor.py:208} INFO - Processing /home/airflow/.local/lib/python3.12/site-packages/airflow/example_dags/example_branch_operator_decorator.py took 0.158 seconds
[2025-11-09T20:54:59.903+0000] {processor.py:186} INFO - Started process (PID=3476) to work on /home/airflow/.local/lib/python3.12/site-packages/airflow/example_dags/example_branch_operator_decorator.py
[2025-11-09T20:54:59.905+0000] {processor.py:914} INFO - Processing file /home/airflow/.local/lib/python3.12/site-packages/airflow/example_dags/example_branch_operator_decorator.py for tasks to queue
[2025-11-09T20:54:59.915+0000] {logging_mixin.py:190} INFO - [2025-11-09T20:54:59.913+0000] {dagbag.py:588} INFO - Filling up the DagBag from /home/airflow/.local/lib/python3.12/site-packages/airflow/example_dags/example_branch_operator_decorator.py
[2025-11-09T20:55:00.035+0000] {processor.py:925} INFO - DAG(s) 'example_branch_python_operator_decorator' retrieved from /home/airflow/.local/lib/python3.12/site-packages/airflow/example_dags/example_branch_operator_decorator.py
[2025-11-09T20:55:00.135+0000] {logging_mixin.py:190} INFO - [2025-11-09T20:55:00.134+0000] {dag.py:3239} INFO - Sync 1 DAGs
[2025-11-09T20:55:00.210+0000] {logging_mixin.py:190} INFO - [2025-11-09T20:55:00.210+0000] {dag.py:4180} INFO - Setting next_dagrun for example_branch_python_operator_decorator to 2025-11-08 00:00:00+00:00, run_after=2025-11-09 00:00:00+00:00
[2025-11-09T20:55:00.275+0000] {processor.py:208} INFO - Processing /home/airflow/.local/lib/python3.12/site-packages/airflow/example_dags/example_branch_operator_decorator.py took 0.400 seconds
[2025-11-09T20:55:31.004+0000] {processor.py:186} INFO - Started process (PID=3544) to work on /home/airflow/.local/lib/python3.12/site-packages/airflow/example_dags/example_branch_operator_decorator.py
[2025-11-09T20:55:31.007+0000] {processor.py:914} INFO - Processing file /home/airflow/.local/lib/python3.12/site-packages/airflow/example_dags/example_branch_operator_decorator.py for tasks to queue
[2025-11-09T20:55:31.017+0000] {logging_mixin.py:190} INFO - [2025-11-09T20:55:31.016+0000] {dagbag.py:588} INFO - Filling up the DagBag from /home/airflow/.local/lib/python3.12/site-packages/airflow/example_dags/example_branch_operator_decorator.py
[2025-11-09T20:55:31.102+0000] {processor.py:925} INFO - DAG(s) 'example_branch_python_operator_decorator' retrieved from /home/airflow/.local/lib/python3.12/site-packages/airflow/example_dags/example_branch_operator_decorator.py
[2025-11-09T20:55:31.207+0000] {logging_mixin.py:190} INFO - [2025-11-09T20:55:31.206+0000] {dag.py:3239} INFO - Sync 1 DAGs
[2025-11-09T20:55:31.373+0000] {logging_mixin.py:190} INFO - [2025-11-09T20:55:31.372+0000] {dag.py:4180} INFO - Setting next_dagrun for example_branch_python_operator_decorator to 2025-11-08 00:00:00+00:00, run_after=2025-11-09 00:00:00+00:00
[2025-11-09T20:55:31.468+0000] {processor.py:208} INFO - Processing /home/airflow/.local/lib/python3.12/site-packages/airflow/example_dags/example_branch_operator_decorator.py took 0.486 seconds
[2025-11-09T20:56:01.990+0000] {processor.py:186} INFO - Started process (PID=3607) to work on /home/airflow/.local/lib/python3.12/site-packages/airflow/example_dags/example_branch_operator_decorator.py
[2025-11-09T20:56:01.992+0000] {processor.py:914} INFO - Processing file /home/airflow/.local/lib/python3.12/site-packages/airflow/example_dags/example_branch_operator_decorator.py for tasks to queue
[2025-11-09T20:56:01.997+0000] {logging_mixin.py:190} INFO - [2025-11-09T20:56:01.996+0000] {dagbag.py:588} INFO - Filling up the DagBag from /home/airflow/.local/lib/python3.12/site-packages/airflow/example_dags/example_branch_operator_decorator.py
[2025-11-09T20:56:02.033+0000] {processor.py:925} INFO - DAG(s) 'example_branch_python_operator_decorator' retrieved from /home/airflow/.local/lib/python3.12/site-packages/airflow/example_dags/example_branch_operator_decorator.py
[2025-11-09T20:56:02.079+0000] {logging_mixin.py:190} INFO - [2025-11-09T20:56:02.079+0000] {dag.py:3239} INFO - Sync 1 DAGs
[2025-11-09T20:56:02.114+0000] {logging_mixin.py:190} INFO - [2025-11-09T20:56:02.113+0000] {dag.py:4180} INFO - Setting next_dagrun for example_branch_python_operator_decorator to 2025-11-08 00:00:00+00:00, run_after=2025-11-09 00:00:00+00:00
[2025-11-09T20:56:02.150+0000] {processor.py:208} INFO - Processing /home/airflow/.local/lib/python3.12/site-packages/airflow/example_dags/example_branch_operator_decorator.py took 0.172 seconds
[2025-11-09T20:56:32.673+0000] {processor.py:186} INFO - Started process (PID=3671) to work on /home/airflow/.local/lib/python3.12/site-packages/airflow/example_dags/example_branch_operator_decorator.py
[2025-11-09T20:56:32.675+0000] {processor.py:914} INFO - Processing file /home/airflow/.local/lib/python3.12/site-packages/airflow/example_dags/example_branch_operator_decorator.py for tasks to queue
[2025-11-09T20:56:32.679+0000] {logging_mixin.py:190} INFO - [2025-11-09T20:56:32.679+0000] {dagbag.py:588} INFO - Filling up the DagBag from /home/airflow/.local/lib/python3.12/site-packages/airflow/example_dags/example_branch_operator_decorator.py
[2025-11-09T20:56:32.729+0000] {processor.py:925} INFO - DAG(s) 'example_branch_python_operator_decorator' retrieved from /home/airflow/.local/lib/python3.12/site-packages/airflow/example_dags/example_branch_operator_decorator.py
[2025-11-09T20:56:32.780+0000] {logging_mixin.py:190} INFO - [2025-11-09T20:56:32.780+0000] {dag.py:3239} INFO - Sync 1 DAGs
[2025-11-09T20:56:32.837+0000] {logging_mixin.py:190} INFO - [2025-11-09T20:56:32.836+0000] {dag.py:4180} INFO - Setting next_dagrun for example_branch_python_operator_decorator to 2025-11-08 00:00:00+00:00, run_after=2025-11-09 00:00:00+00:00
[2025-11-09T20:56:32.876+0000] {processor.py:208} INFO - Processing /home/airflow/.local/lib/python3.12/site-packages/airflow/example_dags/example_branch_operator_decorator.py took 0.213 seconds
[2025-11-09T20:57:03.486+0000] {processor.py:186} INFO - Started process (PID=3734) to work on /home/airflow/.local/lib/python3.12/site-packages/airflow/example_dags/example_branch_operator_decorator.py
[2025-11-09T20:57:03.488+0000] {processor.py:914} INFO - Processing file /home/airflow/.local/lib/python3.12/site-packages/airflow/example_dags/example_branch_operator_decorator.py for tasks to queue
[2025-11-09T20:57:03.495+0000] {logging_mixin.py:190} INFO - [2025-11-09T20:57:03.494+0000] {dagbag.py:588} INFO - Filling up the DagBag from /home/airflow/.local/lib/python3.12/site-packages/airflow/example_dags/example_branch_operator_decorator.py
[2025-11-09T20:57:03.528+0000] {processor.py:925} INFO - DAG(s) 'example_branch_python_operator_decorator' retrieved from /home/airflow/.local/lib/python3.12/site-packages/airflow/example_dags/example_branch_operator_decorator.py
[2025-11-09T20:57:03.575+0000] {logging_mixin.py:190} INFO - [2025-11-09T20:57:03.574+0000] {dag.py:3239} INFO - Sync 1 DAGs
[2025-11-09T20:57:03.616+0000] {logging_mixin.py:190} INFO - [2025-11-09T20:57:03.616+0000] {dag.py:4180} INFO - Setting next_dagrun for example_branch_python_operator_decorator to 2025-11-08 00:00:00+00:00, run_after=2025-11-09 00:00:00+00:00
[2025-11-09T20:57:03.653+0000] {processor.py:208} INFO - Processing /home/airflow/.local/lib/python3.12/site-packages/airflow/example_dags/example_branch_operator_decorator.py took 0.179 seconds
[2025-11-09T20:57:33.741+0000] {processor.py:186} INFO - Started process (PID=3798) to work on /home/airflow/.local/lib/python3.12/site-packages/airflow/example_dags/example_branch_operator_decorator.py
[2025-11-09T20:57:33.743+0000] {processor.py:914} INFO - Processing file /home/airflow/.local/lib/python3.12/site-packages/airflow/example_dags/example_branch_operator_decorator.py for tasks to queue
[2025-11-09T20:57:33.747+0000] {logging_mixin.py:190} INFO - [2025-11-09T20:57:33.746+0000] {dagbag.py:588} INFO - Filling up the DagBag from /home/airflow/.local/lib/python3.12/site-packages/airflow/example_dags/example_branch_operator_decorator.py
[2025-11-09T20:57:33.779+0000] {processor.py:925} INFO - DAG(s) 'example_branch_python_operator_decorator' retrieved from /home/airflow/.local/lib/python3.12/site-packages/airflow/example_dags/example_branch_operator_decorator.py
[2025-11-09T20:57:33.835+0000] {logging_mixin.py:190} INFO - [2025-11-09T20:57:33.834+0000] {dag.py:3239} INFO - Sync 1 DAGs
[2025-11-09T20:57:33.882+0000] {logging_mixin.py:190} INFO - [2025-11-09T20:57:33.882+0000] {dag.py:4180} INFO - Setting next_dagrun for example_branch_python_operator_decorator to 2025-11-08 00:00:00+00:00, run_after=2025-11-09 00:00:00+00:00
[2025-11-09T20:57:33.922+0000] {processor.py:208} INFO - Processing /home/airflow/.local/lib/python3.12/site-packages/airflow/example_dags/example_branch_operator_decorator.py took 0.190 seconds
[2025-11-09T20:58:04.575+0000] {processor.py:186} INFO - Started process (PID=3862) to work on /home/airflow/.local/lib/python3.12/site-packages/airflow/example_dags/example_branch_operator_decorator.py
[2025-11-09T20:58:04.576+0000] {processor.py:914} INFO - Processing file /home/airflow/.local/lib/python3.12/site-packages/airflow/example_dags/example_branch_operator_decorator.py for tasks to queue
[2025-11-09T20:58:04.582+0000] {logging_mixin.py:190} INFO - [2025-11-09T20:58:04.581+0000] {dagbag.py:588} INFO - Filling up the DagBag from /home/airflow/.local/lib/python3.12/site-packages/airflow/example_dags/example_branch_operator_decorator.py
[2025-11-09T20:58:04.632+0000] {processor.py:925} INFO - DAG(s) 'example_branch_python_operator_decorator' retrieved from /home/airflow/.local/lib/python3.12/site-packages/airflow/example_dags/example_branch_operator_decorator.py
[2025-11-09T20:58:04.703+0000] {logging_mixin.py:190} INFO - [2025-11-09T20:58:04.702+0000] {dag.py:3239} INFO - Sync 1 DAGs
[2025-11-09T20:58:04.773+0000] {logging_mixin.py:190} INFO - [2025-11-09T20:58:04.772+0000] {dag.py:4180} INFO - Setting next_dagrun for example_branch_python_operator_decorator to 2025-11-08 00:00:00+00:00, run_after=2025-11-09 00:00:00+00:00
[2025-11-09T20:58:04.815+0000] {processor.py:208} INFO - Processing /home/airflow/.local/lib/python3.12/site-packages/airflow/example_dags/example_branch_operator_decorator.py took 0.252 seconds
[2025-11-09T20:58:34.942+0000] {processor.py:186} INFO - Started process (PID=3927) to work on /home/airflow/.local/lib/python3.12/site-packages/airflow/example_dags/example_branch_operator_decorator.py
[2025-11-09T20:58:34.944+0000] {processor.py:914} INFO - Processing file /home/airflow/.local/lib/python3.12/site-packages/airflow/example_dags/example_branch_operator_decorator.py for tasks to queue
[2025-11-09T20:58:34.948+0000] {logging_mixin.py:190} INFO - [2025-11-09T20:58:34.947+0000] {dagbag.py:588} INFO - Filling up the DagBag from /home/airflow/.local/lib/python3.12/site-packages/airflow/example_dags/example_branch_operator_decorator.py
[2025-11-09T20:58:34.981+0000] {processor.py:925} INFO - DAG(s) 'example_branch_python_operator_decorator' retrieved from /home/airflow/.local/lib/python3.12/site-packages/airflow/example_dags/example_branch_operator_decorator.py
[2025-11-09T20:58:35.032+0000] {logging_mixin.py:190} INFO - [2025-11-09T20:58:35.032+0000] {dag.py:3239} INFO - Sync 1 DAGs
[2025-11-09T20:58:35.080+0000] {logging_mixin.py:190} INFO - [2025-11-09T20:58:35.080+0000] {dag.py:4180} INFO - Setting next_dagrun for example_branch_python_operator_decorator to 2025-11-08 00:00:00+00:00, run_after=2025-11-09 00:00:00+00:00
[2025-11-09T20:58:35.116+0000] {processor.py:208} INFO - Processing /home/airflow/.local/lib/python3.12/site-packages/airflow/example_dags/example_branch_operator_decorator.py took 0.184 seconds
[2025-11-09T20:59:05.446+0000] {processor.py:186} INFO - Started process (PID=3991) to work on /home/airflow/.local/lib/python3.12/site-packages/airflow/example_dags/example_branch_operator_decorator.py
[2025-11-09T20:59:05.448+0000] {processor.py:914} INFO - Processing file /home/airflow/.local/lib/python3.12/site-packages/airflow/example_dags/example_branch_operator_decorator.py for tasks to queue
[2025-11-09T20:59:05.454+0000] {logging_mixin.py:190} INFO - [2025-11-09T20:59:05.453+0000] {dagbag.py:588} INFO - Filling up the DagBag from /home/airflow/.local/lib/python3.12/site-packages/airflow/example_dags/example_branch_operator_decorator.py
[2025-11-09T20:59:05.498+0000] {processor.py:925} INFO - DAG(s) 'example_branch_python_operator_decorator' retrieved from /home/airflow/.local/lib/python3.12/site-packages/airflow/example_dags/example_branch_operator_decorator.py
[2025-11-09T20:59:05.548+0000] {logging_mixin.py:190} INFO - [2025-11-09T20:59:05.548+0000] {dag.py:3239} INFO - Sync 1 DAGs
[2025-11-09T20:59:05.598+0000] {logging_mixin.py:190} INFO - [2025-11-09T20:59:05.597+0000] {dag.py:4180} INFO - Setting next_dagrun for example_branch_python_operator_decorator to 2025-11-08 00:00:00+00:00, run_after=2025-11-09 00:00:00+00:00
[2025-11-09T20:59:05.641+0000] {processor.py:208} INFO - Processing /home/airflow/.local/lib/python3.12/site-packages/airflow/example_dags/example_branch_operator_decorator.py took 0.206 seconds
[2025-11-09T20:59:35.954+0000] {processor.py:186} INFO - Started process (PID=4055) to work on /home/airflow/.local/lib/python3.12/site-packages/airflow/example_dags/example_branch_operator_decorator.py
[2025-11-09T20:59:35.956+0000] {processor.py:914} INFO - Processing file /home/airflow/.local/lib/python3.12/site-packages/airflow/example_dags/example_branch_operator_decorator.py for tasks to queue
[2025-11-09T20:59:35.963+0000] {logging_mixin.py:190} INFO - [2025-11-09T20:59:35.962+0000] {dagbag.py:588} INFO - Filling up the DagBag from /home/airflow/.local/lib/python3.12/site-packages/airflow/example_dags/example_branch_operator_decorator.py
[2025-11-09T20:59:36.010+0000] {processor.py:925} INFO - DAG(s) 'example_branch_python_operator_decorator' retrieved from /home/airflow/.local/lib/python3.12/site-packages/airflow/example_dags/example_branch_operator_decorator.py
[2025-11-09T20:59:36.076+0000] {logging_mixin.py:190} INFO - [2025-11-09T20:59:36.075+0000] {dag.py:3239} INFO - Sync 1 DAGs
[2025-11-09T20:59:36.134+0000] {logging_mixin.py:190} INFO - [2025-11-09T20:59:36.134+0000] {dag.py:4180} INFO - Setting next_dagrun for example_branch_python_operator_decorator to 2025-11-08 00:00:00+00:00, run_after=2025-11-09 00:00:00+00:00
[2025-11-09T20:59:36.172+0000] {processor.py:208} INFO - Processing /home/airflow/.local/lib/python3.12/site-packages/airflow/example_dags/example_branch_operator_decorator.py took 0.230 seconds
[2025-11-09T21:00:06.798+0000] {processor.py:186} INFO - Started process (PID=4126) to work on /home/airflow/.local/lib/python3.12/site-packages/airflow/example_dags/example_branch_operator_decorator.py
[2025-11-09T21:00:06.800+0000] {processor.py:914} INFO - Processing file /home/airflow/.local/lib/python3.12/site-packages/airflow/example_dags/example_branch_operator_decorator.py for tasks to queue
[2025-11-09T21:00:06.806+0000] {logging_mixin.py:190} INFO - [2025-11-09T21:00:06.805+0000] {dagbag.py:588} INFO - Filling up the DagBag from /home/airflow/.local/lib/python3.12/site-packages/airflow/example_dags/example_branch_operator_decorator.py
[2025-11-09T21:00:06.850+0000] {processor.py:925} INFO - DAG(s) 'example_branch_python_operator_decorator' retrieved from /home/airflow/.local/lib/python3.12/site-packages/airflow/example_dags/example_branch_operator_decorator.py
[2025-11-09T21:00:06.907+0000] {logging_mixin.py:190} INFO - [2025-11-09T21:00:06.906+0000] {dag.py:3239} INFO - Sync 1 DAGs
[2025-11-09T21:00:06.962+0000] {logging_mixin.py:190} INFO - [2025-11-09T21:00:06.961+0000] {dag.py:4180} INFO - Setting next_dagrun for example_branch_python_operator_decorator to 2025-11-08 00:00:00+00:00, run_after=2025-11-09 00:00:00+00:00
[2025-11-09T21:00:07.003+0000] {processor.py:208} INFO - Processing /home/airflow/.local/lib/python3.12/site-packages/airflow/example_dags/example_branch_operator_decorator.py took 0.220 seconds
[2025-11-09T21:00:37.441+0000] {processor.py:186} INFO - Started process (PID=4191) to work on /home/airflow/.local/lib/python3.12/site-packages/airflow/example_dags/example_branch_operator_decorator.py
[2025-11-09T21:00:37.444+0000] {processor.py:914} INFO - Processing file /home/airflow/.local/lib/python3.12/site-packages/airflow/example_dags/example_branch_operator_decorator.py for tasks to queue
[2025-11-09T21:00:37.452+0000] {logging_mixin.py:190} INFO - [2025-11-09T21:00:37.451+0000] {dagbag.py:588} INFO - Filling up the DagBag from /home/airflow/.local/lib/python3.12/site-packages/airflow/example_dags/example_branch_operator_decorator.py
[2025-11-09T21:00:37.517+0000] {processor.py:925} INFO - DAG(s) 'example_branch_python_operator_decorator' retrieved from /home/airflow/.local/lib/python3.12/site-packages/airflow/example_dags/example_branch_operator_decorator.py
[2025-11-09T21:00:37.602+0000] {logging_mixin.py:190} INFO - [2025-11-09T21:00:37.601+0000] {dag.py:3239} INFO - Sync 1 DAGs
[2025-11-09T21:00:37.672+0000] {logging_mixin.py:190} INFO - [2025-11-09T21:00:37.671+0000] {dag.py:4180} INFO - Setting next_dagrun for example_branch_python_operator_decorator to 2025-11-08 00:00:00+00:00, run_after=2025-11-09 00:00:00+00:00
[2025-11-09T21:00:37.737+0000] {processor.py:208} INFO - Processing /home/airflow/.local/lib/python3.12/site-packages/airflow/example_dags/example_branch_operator_decorator.py took 0.316 seconds
[2025-11-09T21:01:07.894+0000] {processor.py:186} INFO - Started process (PID=4259) to work on /home/airflow/.local/lib/python3.12/site-packages/airflow/example_dags/example_branch_operator_decorator.py
[2025-11-09T21:01:07.897+0000] {processor.py:914} INFO - Processing file /home/airflow/.local/lib/python3.12/site-packages/airflow/example_dags/example_branch_operator_decorator.py for tasks to queue
[2025-11-09T21:01:07.903+0000] {logging_mixin.py:190} INFO - [2025-11-09T21:01:07.902+0000] {dagbag.py:588} INFO - Filling up the DagBag from /home/airflow/.local/lib/python3.12/site-packages/airflow/example_dags/example_branch_operator_decorator.py
[2025-11-09T21:01:07.950+0000] {processor.py:925} INFO - DAG(s) 'example_branch_python_operator_decorator' retrieved from /home/airflow/.local/lib/python3.12/site-packages/airflow/example_dags/example_branch_operator_decorator.py
[2025-11-09T21:01:08.066+0000] {logging_mixin.py:190} INFO - [2025-11-09T21:01:08.065+0000] {dag.py:3239} INFO - Sync 1 DAGs
[2025-11-09T21:01:08.214+0000] {logging_mixin.py:190} INFO - [2025-11-09T21:01:08.213+0000] {dag.py:4180} INFO - Setting next_dagrun for example_branch_python_operator_decorator to 2025-11-08 00:00:00+00:00, run_after=2025-11-09 00:00:00+00:00
[2025-11-09T21:01:08.324+0000] {processor.py:208} INFO - Processing /home/airflow/.local/lib/python3.12/site-packages/airflow/example_dags/example_branch_operator_decorator.py took 0.449 seconds
[2025-11-09T21:01:38.654+0000] {processor.py:186} INFO - Started process (PID=4323) to work on /home/airflow/.local/lib/python3.12/site-packages/airflow/example_dags/example_branch_operator_decorator.py
[2025-11-09T21:01:38.657+0000] {processor.py:914} INFO - Processing file /home/airflow/.local/lib/python3.12/site-packages/airflow/example_dags/example_branch_operator_decorator.py for tasks to queue
[2025-11-09T21:01:38.676+0000] {logging_mixin.py:190} INFO - [2025-11-09T21:01:38.674+0000] {dagbag.py:588} INFO - Filling up the DagBag from /home/airflow/.local/lib/python3.12/site-packages/airflow/example_dags/example_branch_operator_decorator.py
[2025-11-09T21:01:38.811+0000] {processor.py:925} INFO - DAG(s) 'example_branch_python_operator_decorator' retrieved from /home/airflow/.local/lib/python3.12/site-packages/airflow/example_dags/example_branch_operator_decorator.py
[2025-11-09T21:01:38.958+0000] {logging_mixin.py:190} INFO - [2025-11-09T21:01:38.957+0000] {dag.py:3239} INFO - Sync 1 DAGs
[2025-11-09T21:01:39.036+0000] {logging_mixin.py:190} INFO - [2025-11-09T21:01:39.035+0000] {dag.py:4180} INFO - Setting next_dagrun for example_branch_python_operator_decorator to 2025-11-08 00:00:00+00:00, run_after=2025-11-09 00:00:00+00:00
[2025-11-09T21:01:39.090+0000] {processor.py:208} INFO - Processing /home/airflow/.local/lib/python3.12/site-packages/airflow/example_dags/example_branch_operator_decorator.py took 0.458 seconds
[2025-11-09T21:02:09.350+0000] {processor.py:186} INFO - Started process (PID=4387) to work on /home/airflow/.local/lib/python3.12/site-packages/airflow/example_dags/example_branch_operator_decorator.py
[2025-11-09T21:02:09.351+0000] {processor.py:914} INFO - Processing file /home/airflow/.local/lib/python3.12/site-packages/airflow/example_dags/example_branch_operator_decorator.py for tasks to queue
[2025-11-09T21:02:09.357+0000] {logging_mixin.py:190} INFO - [2025-11-09T21:02:09.356+0000] {dagbag.py:588} INFO - Filling up the DagBag from /home/airflow/.local/lib/python3.12/site-packages/airflow/example_dags/example_branch_operator_decorator.py
[2025-11-09T21:02:09.398+0000] {processor.py:925} INFO - DAG(s) 'example_branch_python_operator_decorator' retrieved from /home/airflow/.local/lib/python3.12/site-packages/airflow/example_dags/example_branch_operator_decorator.py
[2025-11-09T21:02:09.448+0000] {logging_mixin.py:190} INFO - [2025-11-09T21:02:09.447+0000] {dag.py:3239} INFO - Sync 1 DAGs
[2025-11-09T21:02:09.485+0000] {logging_mixin.py:190} INFO - [2025-11-09T21:02:09.485+0000] {dag.py:4180} INFO - Setting next_dagrun for example_branch_python_operator_decorator to 2025-11-08 00:00:00+00:00, run_after=2025-11-09 00:00:00+00:00
[2025-11-09T21:02:09.517+0000] {processor.py:208} INFO - Processing /home/airflow/.local/lib/python3.12/site-packages/airflow/example_dags/example_branch_operator_decorator.py took 0.181 seconds
[2025-11-09T21:02:40.148+0000] {processor.py:186} INFO - Started process (PID=4451) to work on /home/airflow/.local/lib/python3.12/site-packages/airflow/example_dags/example_branch_operator_decorator.py
[2025-11-09T21:02:40.151+0000] {processor.py:914} INFO - Processing file /home/airflow/.local/lib/python3.12/site-packages/airflow/example_dags/example_branch_operator_decorator.py for tasks to queue
[2025-11-09T21:02:40.156+0000] {logging_mixin.py:190} INFO - [2025-11-09T21:02:40.155+0000] {dagbag.py:588} INFO - Filling up the DagBag from /home/airflow/.local/lib/python3.12/site-packages/airflow/example_dags/example_branch_operator_decorator.py
[2025-11-09T21:02:40.252+0000] {processor.py:925} INFO - DAG(s) 'example_branch_python_operator_decorator' retrieved from /home/airflow/.local/lib/python3.12/site-packages/airflow/example_dags/example_branch_operator_decorator.py
[2025-11-09T21:02:40.339+0000] {logging_mixin.py:190} INFO - [2025-11-09T21:02:40.339+0000] {dag.py:3239} INFO - Sync 1 DAGs
[2025-11-09T21:02:40.413+0000] {logging_mixin.py:190} INFO - [2025-11-09T21:02:40.412+0000] {dag.py:4180} INFO - Setting next_dagrun for example_branch_python_operator_decorator to 2025-11-08 00:00:00+00:00, run_after=2025-11-09 00:00:00+00:00
[2025-11-09T21:02:40.469+0000] {processor.py:208} INFO - Processing /home/airflow/.local/lib/python3.12/site-packages/airflow/example_dags/example_branch_operator_decorator.py took 0.333 seconds
[2025-11-09T21:03:10.603+0000] {processor.py:186} INFO - Started process (PID=4515) to work on /home/airflow/.local/lib/python3.12/site-packages/airflow/example_dags/example_branch_operator_decorator.py
[2025-11-09T21:03:10.605+0000] {processor.py:914} INFO - Processing file /home/airflow/.local/lib/python3.12/site-packages/airflow/example_dags/example_branch_operator_decorator.py for tasks to queue
[2025-11-09T21:03:10.611+0000] {logging_mixin.py:190} INFO - [2025-11-09T21:03:10.610+0000] {dagbag.py:588} INFO - Filling up the DagBag from /home/airflow/.local/lib/python3.12/site-packages/airflow/example_dags/example_branch_operator_decorator.py
[2025-11-09T21:03:10.654+0000] {processor.py:925} INFO - DAG(s) 'example_branch_python_operator_decorator' retrieved from /home/airflow/.local/lib/python3.12/site-packages/airflow/example_dags/example_branch_operator_decorator.py
[2025-11-09T21:03:10.714+0000] {logging_mixin.py:190} INFO - [2025-11-09T21:03:10.714+0000] {dag.py:3239} INFO - Sync 1 DAGs
[2025-11-09T21:03:10.765+0000] {logging_mixin.py:190} INFO - [2025-11-09T21:03:10.765+0000] {dag.py:4180} INFO - Setting next_dagrun for example_branch_python_operator_decorator to 2025-11-08 00:00:00+00:00, run_after=2025-11-09 00:00:00+00:00
[2025-11-09T21:03:10.803+0000] {processor.py:208} INFO - Processing /home/airflow/.local/lib/python3.12/site-packages/airflow/example_dags/example_branch_operator_decorator.py took 0.214 seconds
[2025-11-09T21:03:40.934+0000] {processor.py:186} INFO - Started process (PID=4579) to work on /home/airflow/.local/lib/python3.12/site-packages/airflow/example_dags/example_branch_operator_decorator.py
[2025-11-09T21:03:40.936+0000] {processor.py:914} INFO - Processing file /home/airflow/.local/lib/python3.12/site-packages/airflow/example_dags/example_branch_operator_decorator.py for tasks to queue
[2025-11-09T21:03:40.942+0000] {logging_mixin.py:190} INFO - [2025-11-09T21:03:40.941+0000] {dagbag.py:588} INFO - Filling up the DagBag from /home/airflow/.local/lib/python3.12/site-packages/airflow/example_dags/example_branch_operator_decorator.py
[2025-11-09T21:03:41.006+0000] {processor.py:925} INFO - DAG(s) 'example_branch_python_operator_decorator' retrieved from /home/airflow/.local/lib/python3.12/site-packages/airflow/example_dags/example_branch_operator_decorator.py
[2025-11-09T21:03:41.064+0000] {logging_mixin.py:190} INFO - [2025-11-09T21:03:41.064+0000] {dag.py:3239} INFO - Sync 1 DAGs
[2025-11-09T21:03:41.113+0000] {logging_mixin.py:190} INFO - [2025-11-09T21:03:41.113+0000] {dag.py:4180} INFO - Setting next_dagrun for example_branch_python_operator_decorator to 2025-11-08 00:00:00+00:00, run_after=2025-11-09 00:00:00+00:00
[2025-11-09T21:03:41.148+0000] {processor.py:208} INFO - Processing /home/airflow/.local/lib/python3.12/site-packages/airflow/example_dags/example_branch_operator_decorator.py took 0.231 seconds
[2025-11-09T21:04:12.382+0000] {processor.py:186} INFO - Started process (PID=4643) to work on /home/airflow/.local/lib/python3.12/site-packages/airflow/example_dags/example_branch_operator_decorator.py
[2025-11-09T21:04:12.384+0000] {processor.py:914} INFO - Processing file /home/airflow/.local/lib/python3.12/site-packages/airflow/example_dags/example_branch_operator_decorator.py for tasks to queue
[2025-11-09T21:04:12.390+0000] {logging_mixin.py:190} INFO - [2025-11-09T21:04:12.389+0000] {dagbag.py:588} INFO - Filling up the DagBag from /home/airflow/.local/lib/python3.12/site-packages/airflow/example_dags/example_branch_operator_decorator.py
[2025-11-09T21:04:12.442+0000] {processor.py:925} INFO - DAG(s) 'example_branch_python_operator_decorator' retrieved from /home/airflow/.local/lib/python3.12/site-packages/airflow/example_dags/example_branch_operator_decorator.py
[2025-11-09T21:04:12.502+0000] {logging_mixin.py:190} INFO - [2025-11-09T21:04:12.502+0000] {dag.py:3239} INFO - Sync 1 DAGs
[2025-11-09T21:04:12.562+0000] {logging_mixin.py:190} INFO - [2025-11-09T21:04:12.562+0000] {dag.py:4180} INFO - Setting next_dagrun for example_branch_python_operator_decorator to 2025-11-08 00:00:00+00:00, run_after=2025-11-09 00:00:00+00:00
[2025-11-09T21:04:12.605+0000] {processor.py:208} INFO - Processing /home/airflow/.local/lib/python3.12/site-packages/airflow/example_dags/example_branch_operator_decorator.py took 0.236 seconds
[2025-11-09T21:04:42.856+0000] {processor.py:186} INFO - Started process (PID=4706) to work on /home/airflow/.local/lib/python3.12/site-packages/airflow/example_dags/example_branch_operator_decorator.py
[2025-11-09T21:04:42.859+0000] {processor.py:914} INFO - Processing file /home/airflow/.local/lib/python3.12/site-packages/airflow/example_dags/example_branch_operator_decorator.py for tasks to queue
[2025-11-09T21:04:42.866+0000] {logging_mixin.py:190} INFO - [2025-11-09T21:04:42.865+0000] {dagbag.py:588} INFO - Filling up the DagBag from /home/airflow/.local/lib/python3.12/site-packages/airflow/example_dags/example_branch_operator_decorator.py
[2025-11-09T21:04:42.906+0000] {processor.py:925} INFO - DAG(s) 'example_branch_python_operator_decorator' retrieved from /home/airflow/.local/lib/python3.12/site-packages/airflow/example_dags/example_branch_operator_decorator.py
[2025-11-09T21:04:42.957+0000] {logging_mixin.py:190} INFO - [2025-11-09T21:04:42.957+0000] {dag.py:3239} INFO - Sync 1 DAGs
[2025-11-09T21:04:43.001+0000] {logging_mixin.py:190} INFO - [2025-11-09T21:04:43.000+0000] {dag.py:4180} INFO - Setting next_dagrun for example_branch_python_operator_decorator to 2025-11-08 00:00:00+00:00, run_after=2025-11-09 00:00:00+00:00
[2025-11-09T21:04:43.035+0000] {processor.py:208} INFO - Processing /home/airflow/.local/lib/python3.12/site-packages/airflow/example_dags/example_branch_operator_decorator.py took 0.189 seconds
[2025-11-09T21:08:10.834+0000] {processor.py:186} INFO - Started process (PID=106) to work on /home/airflow/.local/lib/python3.12/site-packages/airflow/example_dags/example_branch_operator_decorator.py
[2025-11-09T21:08:10.838+0000] {processor.py:914} INFO - Processing file /home/airflow/.local/lib/python3.12/site-packages/airflow/example_dags/example_branch_operator_decorator.py for tasks to queue
[2025-11-09T21:08:10.845+0000] {logging_mixin.py:190} INFO - [2025-11-09T21:08:10.844+0000] {dagbag.py:588} INFO - Filling up the DagBag from /home/airflow/.local/lib/python3.12/site-packages/airflow/example_dags/example_branch_operator_decorator.py
[2025-11-09T21:08:10.935+0000] {processor.py:925} INFO - DAG(s) 'example_branch_python_operator_decorator' retrieved from /home/airflow/.local/lib/python3.12/site-packages/airflow/example_dags/example_branch_operator_decorator.py
[2025-11-09T21:08:11.827+0000] {logging_mixin.py:190} INFO - [2025-11-09T21:08:11.827+0000] {dag.py:3239} INFO - Sync 1 DAGs
[2025-11-09T21:08:11.923+0000] {logging_mixin.py:190} INFO - [2025-11-09T21:08:11.923+0000] {dag.py:4180} INFO - Setting next_dagrun for example_branch_python_operator_decorator to 2025-11-08 00:00:00+00:00, run_after=2025-11-09 00:00:00+00:00
[2025-11-09T21:08:11.999+0000] {processor.py:208} INFO - Processing /home/airflow/.local/lib/python3.12/site-packages/airflow/example_dags/example_branch_operator_decorator.py took 1.181 seconds
[2025-11-09T21:08:42.338+0000] {processor.py:186} INFO - Started process (PID=169) to work on /home/airflow/.local/lib/python3.12/site-packages/airflow/example_dags/example_branch_operator_decorator.py
[2025-11-09T21:08:42.341+0000] {processor.py:914} INFO - Processing file /home/airflow/.local/lib/python3.12/site-packages/airflow/example_dags/example_branch_operator_decorator.py for tasks to queue
[2025-11-09T21:08:42.347+0000] {logging_mixin.py:190} INFO - [2025-11-09T21:08:42.346+0000] {dagbag.py:588} INFO - Filling up the DagBag from /home/airflow/.local/lib/python3.12/site-packages/airflow/example_dags/example_branch_operator_decorator.py
[2025-11-09T21:08:42.389+0000] {processor.py:925} INFO - DAG(s) 'example_branch_python_operator_decorator' retrieved from /home/airflow/.local/lib/python3.12/site-packages/airflow/example_dags/example_branch_operator_decorator.py
[2025-11-09T21:08:42.449+0000] {logging_mixin.py:190} INFO - [2025-11-09T21:08:42.449+0000] {dag.py:3239} INFO - Sync 1 DAGs
[2025-11-09T21:08:42.496+0000] {logging_mixin.py:190} INFO - [2025-11-09T21:08:42.496+0000] {dag.py:4180} INFO - Setting next_dagrun for example_branch_python_operator_decorator to 2025-11-08 00:00:00+00:00, run_after=2025-11-09 00:00:00+00:00
[2025-11-09T21:08:42.536+0000] {processor.py:208} INFO - Processing /home/airflow/.local/lib/python3.12/site-packages/airflow/example_dags/example_branch_operator_decorator.py took 0.212 seconds
[2025-11-09T21:09:12.781+0000] {processor.py:186} INFO - Started process (PID=233) to work on /home/airflow/.local/lib/python3.12/site-packages/airflow/example_dags/example_branch_operator_decorator.py
[2025-11-09T21:09:12.785+0000] {processor.py:914} INFO - Processing file /home/airflow/.local/lib/python3.12/site-packages/airflow/example_dags/example_branch_operator_decorator.py for tasks to queue
[2025-11-09T21:09:12.793+0000] {logging_mixin.py:190} INFO - [2025-11-09T21:09:12.792+0000] {dagbag.py:588} INFO - Filling up the DagBag from /home/airflow/.local/lib/python3.12/site-packages/airflow/example_dags/example_branch_operator_decorator.py
[2025-11-09T21:09:12.853+0000] {processor.py:925} INFO - DAG(s) 'example_branch_python_operator_decorator' retrieved from /home/airflow/.local/lib/python3.12/site-packages/airflow/example_dags/example_branch_operator_decorator.py
[2025-11-09T21:09:12.938+0000] {logging_mixin.py:190} INFO - [2025-11-09T21:09:12.937+0000] {dag.py:3239} INFO - Sync 1 DAGs
[2025-11-09T21:09:13.022+0000] {logging_mixin.py:190} INFO - [2025-11-09T21:09:13.021+0000] {dag.py:4180} INFO - Setting next_dagrun for example_branch_python_operator_decorator to 2025-11-08 00:00:00+00:00, run_after=2025-11-09 00:00:00+00:00
[2025-11-09T21:09:13.071+0000] {processor.py:208} INFO - Processing /home/airflow/.local/lib/python3.12/site-packages/airflow/example_dags/example_branch_operator_decorator.py took 0.310 seconds
[2025-11-09T21:09:43.795+0000] {processor.py:186} INFO - Started process (PID=298) to work on /home/airflow/.local/lib/python3.12/site-packages/airflow/example_dags/example_branch_operator_decorator.py
[2025-11-09T21:09:43.798+0000] {processor.py:914} INFO - Processing file /home/airflow/.local/lib/python3.12/site-packages/airflow/example_dags/example_branch_operator_decorator.py for tasks to queue
[2025-11-09T21:09:43.805+0000] {logging_mixin.py:190} INFO - [2025-11-09T21:09:43.804+0000] {dagbag.py:588} INFO - Filling up the DagBag from /home/airflow/.local/lib/python3.12/site-packages/airflow/example_dags/example_branch_operator_decorator.py
[2025-11-09T21:09:43.865+0000] {processor.py:925} INFO - DAG(s) 'example_branch_python_operator_decorator' retrieved from /home/airflow/.local/lib/python3.12/site-packages/airflow/example_dags/example_branch_operator_decorator.py
[2025-11-09T21:09:43.988+0000] {logging_mixin.py:190} INFO - [2025-11-09T21:09:43.987+0000] {dag.py:3239} INFO - Sync 1 DAGs
[2025-11-09T21:09:44.162+0000] {logging_mixin.py:190} INFO - [2025-11-09T21:09:44.161+0000] {dag.py:4180} INFO - Setting next_dagrun for example_branch_python_operator_decorator to 2025-11-08 00:00:00+00:00, run_after=2025-11-09 00:00:00+00:00
[2025-11-09T21:09:44.258+0000] {processor.py:208} INFO - Processing /home/airflow/.local/lib/python3.12/site-packages/airflow/example_dags/example_branch_operator_decorator.py took 0.481 seconds
[2025-11-09T21:10:14.677+0000] {processor.py:186} INFO - Started process (PID=362) to work on /home/airflow/.local/lib/python3.12/site-packages/airflow/example_dags/example_branch_operator_decorator.py
[2025-11-09T21:10:14.679+0000] {processor.py:914} INFO - Processing file /home/airflow/.local/lib/python3.12/site-packages/airflow/example_dags/example_branch_operator_decorator.py for tasks to queue
[2025-11-09T21:10:14.684+0000] {logging_mixin.py:190} INFO - [2025-11-09T21:10:14.683+0000] {dagbag.py:588} INFO - Filling up the DagBag from /home/airflow/.local/lib/python3.12/site-packages/airflow/example_dags/example_branch_operator_decorator.py
[2025-11-09T21:10:14.733+0000] {processor.py:925} INFO - DAG(s) 'example_branch_python_operator_decorator' retrieved from /home/airflow/.local/lib/python3.12/site-packages/airflow/example_dags/example_branch_operator_decorator.py
[2025-11-09T21:10:14.805+0000] {logging_mixin.py:190} INFO - [2025-11-09T21:10:14.804+0000] {dag.py:3239} INFO - Sync 1 DAGs
[2025-11-09T21:10:14.854+0000] {logging_mixin.py:190} INFO - [2025-11-09T21:10:14.854+0000] {dag.py:4180} INFO - Setting next_dagrun for example_branch_python_operator_decorator to 2025-11-08 00:00:00+00:00, run_after=2025-11-09 00:00:00+00:00
[2025-11-09T21:10:14.894+0000] {processor.py:208} INFO - Processing /home/airflow/.local/lib/python3.12/site-packages/airflow/example_dags/example_branch_operator_decorator.py took 0.233 seconds
[2025-11-09T21:10:45.129+0000] {processor.py:186} INFO - Started process (PID=427) to work on /home/airflow/.local/lib/python3.12/site-packages/airflow/example_dags/example_branch_operator_decorator.py
[2025-11-09T21:10:45.131+0000] {processor.py:914} INFO - Processing file /home/airflow/.local/lib/python3.12/site-packages/airflow/example_dags/example_branch_operator_decorator.py for tasks to queue
[2025-11-09T21:10:45.137+0000] {logging_mixin.py:190} INFO - [2025-11-09T21:10:45.136+0000] {dagbag.py:588} INFO - Filling up the DagBag from /home/airflow/.local/lib/python3.12/site-packages/airflow/example_dags/example_branch_operator_decorator.py
[2025-11-09T21:10:45.216+0000] {processor.py:925} INFO - DAG(s) 'example_branch_python_operator_decorator' retrieved from /home/airflow/.local/lib/python3.12/site-packages/airflow/example_dags/example_branch_operator_decorator.py
[2025-11-09T21:10:45.292+0000] {logging_mixin.py:190} INFO - [2025-11-09T21:10:45.291+0000] {dag.py:3239} INFO - Sync 1 DAGs
[2025-11-09T21:10:45.354+0000] {logging_mixin.py:190} INFO - [2025-11-09T21:10:45.354+0000] {dag.py:4180} INFO - Setting next_dagrun for example_branch_python_operator_decorator to 2025-11-08 00:00:00+00:00, run_after=2025-11-09 00:00:00+00:00
[2025-11-09T21:10:45.400+0000] {processor.py:208} INFO - Processing /home/airflow/.local/lib/python3.12/site-packages/airflow/example_dags/example_branch_operator_decorator.py took 0.286 seconds
[2025-11-09T21:11:16.053+0000] {processor.py:186} INFO - Started process (PID=498) to work on /home/airflow/.local/lib/python3.12/site-packages/airflow/example_dags/example_branch_operator_decorator.py
[2025-11-09T21:11:16.056+0000] {processor.py:914} INFO - Processing file /home/airflow/.local/lib/python3.12/site-packages/airflow/example_dags/example_branch_operator_decorator.py for tasks to queue
[2025-11-09T21:11:16.063+0000] {logging_mixin.py:190} INFO - [2025-11-09T21:11:16.062+0000] {dagbag.py:588} INFO - Filling up the DagBag from /home/airflow/.local/lib/python3.12/site-packages/airflow/example_dags/example_branch_operator_decorator.py
[2025-11-09T21:11:16.153+0000] {processor.py:925} INFO - DAG(s) 'example_branch_python_operator_decorator' retrieved from /home/airflow/.local/lib/python3.12/site-packages/airflow/example_dags/example_branch_operator_decorator.py
[2025-11-09T21:11:16.237+0000] {logging_mixin.py:190} INFO - [2025-11-09T21:11:16.237+0000] {dag.py:3239} INFO - Sync 1 DAGs
[2025-11-09T21:11:16.330+0000] {logging_mixin.py:190} INFO - [2025-11-09T21:11:16.326+0000] {dag.py:4180} INFO - Setting next_dagrun for example_branch_python_operator_decorator to 2025-11-08 00:00:00+00:00, run_after=2025-11-09 00:00:00+00:00
[2025-11-09T21:11:16.396+0000] {processor.py:208} INFO - Processing /home/airflow/.local/lib/python3.12/site-packages/airflow/example_dags/example_branch_operator_decorator.py took 0.361 seconds
[2025-11-09T21:11:48.005+0000] {processor.py:186} INFO - Started process (PID=562) to work on /home/airflow/.local/lib/python3.12/site-packages/airflow/example_dags/example_branch_operator_decorator.py
[2025-11-09T21:11:48.008+0000] {processor.py:914} INFO - Processing file /home/airflow/.local/lib/python3.12/site-packages/airflow/example_dags/example_branch_operator_decorator.py for tasks to queue
[2025-11-09T21:11:48.016+0000] {logging_mixin.py:190} INFO - [2025-11-09T21:11:48.015+0000] {dagbag.py:588} INFO - Filling up the DagBag from /home/airflow/.local/lib/python3.12/site-packages/airflow/example_dags/example_branch_operator_decorator.py
[2025-11-09T21:11:48.102+0000] {processor.py:925} INFO - DAG(s) 'example_branch_python_operator_decorator' retrieved from /home/airflow/.local/lib/python3.12/site-packages/airflow/example_dags/example_branch_operator_decorator.py
[2025-11-09T21:11:48.192+0000] {logging_mixin.py:190} INFO - [2025-11-09T21:11:48.191+0000] {dag.py:3239} INFO - Sync 1 DAGs
[2025-11-09T21:11:48.260+0000] {logging_mixin.py:190} INFO - [2025-11-09T21:11:48.259+0000] {dag.py:4180} INFO - Setting next_dagrun for example_branch_python_operator_decorator to 2025-11-08 00:00:00+00:00, run_after=2025-11-09 00:00:00+00:00
[2025-11-09T21:11:48.303+0000] {processor.py:208} INFO - Processing /home/airflow/.local/lib/python3.12/site-packages/airflow/example_dags/example_branch_operator_decorator.py took 0.319 seconds
[2025-11-09T21:12:18.745+0000] {processor.py:186} INFO - Started process (PID=626) to work on /home/airflow/.local/lib/python3.12/site-packages/airflow/example_dags/example_branch_operator_decorator.py
[2025-11-09T21:12:18.748+0000] {processor.py:914} INFO - Processing file /home/airflow/.local/lib/python3.12/site-packages/airflow/example_dags/example_branch_operator_decorator.py for tasks to queue
[2025-11-09T21:12:18.754+0000] {logging_mixin.py:190} INFO - [2025-11-09T21:12:18.753+0000] {dagbag.py:588} INFO - Filling up the DagBag from /home/airflow/.local/lib/python3.12/site-packages/airflow/example_dags/example_branch_operator_decorator.py
[2025-11-09T21:12:18.808+0000] {processor.py:925} INFO - DAG(s) 'example_branch_python_operator_decorator' retrieved from /home/airflow/.local/lib/python3.12/site-packages/airflow/example_dags/example_branch_operator_decorator.py
[2025-11-09T21:12:18.859+0000] {logging_mixin.py:190} INFO - [2025-11-09T21:12:18.859+0000] {dag.py:3239} INFO - Sync 1 DAGs
[2025-11-09T21:12:18.902+0000] {logging_mixin.py:190} INFO - [2025-11-09T21:12:18.902+0000] {dag.py:4180} INFO - Setting next_dagrun for example_branch_python_operator_decorator to 2025-11-08 00:00:00+00:00, run_after=2025-11-09 00:00:00+00:00
[2025-11-09T21:12:18.936+0000] {processor.py:208} INFO - Processing /home/airflow/.local/lib/python3.12/site-packages/airflow/example_dags/example_branch_operator_decorator.py took 0.210 seconds
[2025-11-09T21:12:49.279+0000] {processor.py:186} INFO - Started process (PID=689) to work on /home/airflow/.local/lib/python3.12/site-packages/airflow/example_dags/example_branch_operator_decorator.py
[2025-11-09T21:12:49.282+0000] {processor.py:914} INFO - Processing file /home/airflow/.local/lib/python3.12/site-packages/airflow/example_dags/example_branch_operator_decorator.py for tasks to queue
[2025-11-09T21:12:49.288+0000] {logging_mixin.py:190} INFO - [2025-11-09T21:12:49.287+0000] {dagbag.py:588} INFO - Filling up the DagBag from /home/airflow/.local/lib/python3.12/site-packages/airflow/example_dags/example_branch_operator_decorator.py
[2025-11-09T21:12:49.334+0000] {processor.py:925} INFO - DAG(s) 'example_branch_python_operator_decorator' retrieved from /home/airflow/.local/lib/python3.12/site-packages/airflow/example_dags/example_branch_operator_decorator.py
[2025-11-09T21:12:49.402+0000] {logging_mixin.py:190} INFO - [2025-11-09T21:12:49.402+0000] {dag.py:3239} INFO - Sync 1 DAGs
[2025-11-09T21:12:49.459+0000] {logging_mixin.py:190} INFO - [2025-11-09T21:12:49.458+0000] {dag.py:4180} INFO - Setting next_dagrun for example_branch_python_operator_decorator to 2025-11-08 00:00:00+00:00, run_after=2025-11-09 00:00:00+00:00
[2025-11-09T21:12:49.499+0000] {processor.py:208} INFO - Processing /home/airflow/.local/lib/python3.12/site-packages/airflow/example_dags/example_branch_operator_decorator.py took 0.239 seconds
[2025-11-09T21:13:19.722+0000] {processor.py:186} INFO - Started process (PID=753) to work on /home/airflow/.local/lib/python3.12/site-packages/airflow/example_dags/example_branch_operator_decorator.py
[2025-11-09T21:13:19.724+0000] {processor.py:914} INFO - Processing file /home/airflow/.local/lib/python3.12/site-packages/airflow/example_dags/example_branch_operator_decorator.py for tasks to queue
[2025-11-09T21:13:19.731+0000] {logging_mixin.py:190} INFO - [2025-11-09T21:13:19.730+0000] {dagbag.py:588} INFO - Filling up the DagBag from /home/airflow/.local/lib/python3.12/site-packages/airflow/example_dags/example_branch_operator_decorator.py
[2025-11-09T21:13:19.782+0000] {processor.py:925} INFO - DAG(s) 'example_branch_python_operator_decorator' retrieved from /home/airflow/.local/lib/python3.12/site-packages/airflow/example_dags/example_branch_operator_decorator.py
[2025-11-09T21:13:19.836+0000] {logging_mixin.py:190} INFO - [2025-11-09T21:13:19.836+0000] {dag.py:3239} INFO - Sync 1 DAGs
[2025-11-09T21:13:19.877+0000] {logging_mixin.py:190} INFO - [2025-11-09T21:13:19.877+0000] {dag.py:4180} INFO - Setting next_dagrun for example_branch_python_operator_decorator to 2025-11-08 00:00:00+00:00, run_after=2025-11-09 00:00:00+00:00
[2025-11-09T21:13:19.911+0000] {processor.py:208} INFO - Processing /home/airflow/.local/lib/python3.12/site-packages/airflow/example_dags/example_branch_operator_decorator.py took 0.205 seconds
[2025-11-09T21:13:52.100+0000] {processor.py:186} INFO - Started process (PID=817) to work on /home/airflow/.local/lib/python3.12/site-packages/airflow/example_dags/example_branch_operator_decorator.py
[2025-11-09T21:13:52.103+0000] {processor.py:914} INFO - Processing file /home/airflow/.local/lib/python3.12/site-packages/airflow/example_dags/example_branch_operator_decorator.py for tasks to queue
[2025-11-09T21:13:52.112+0000] {logging_mixin.py:190} INFO - [2025-11-09T21:13:52.110+0000] {dagbag.py:588} INFO - Filling up the DagBag from /home/airflow/.local/lib/python3.12/site-packages/airflow/example_dags/example_branch_operator_decorator.py
[2025-11-09T21:13:52.193+0000] {processor.py:925} INFO - DAG(s) 'example_branch_python_operator_decorator' retrieved from /home/airflow/.local/lib/python3.12/site-packages/airflow/example_dags/example_branch_operator_decorator.py
[2025-11-09T21:13:52.283+0000] {logging_mixin.py:190} INFO - [2025-11-09T21:13:52.283+0000] {dag.py:3239} INFO - Sync 1 DAGs
[2025-11-09T21:13:52.336+0000] {logging_mixin.py:190} INFO - [2025-11-09T21:13:52.335+0000] {dag.py:4180} INFO - Setting next_dagrun for example_branch_python_operator_decorator to 2025-11-08 00:00:00+00:00, run_after=2025-11-09 00:00:00+00:00
[2025-11-09T21:13:52.377+0000] {processor.py:208} INFO - Processing /home/airflow/.local/lib/python3.12/site-packages/airflow/example_dags/example_branch_operator_decorator.py took 0.295 seconds
[2025-11-09T21:14:23.483+0000] {processor.py:186} INFO - Started process (PID=880) to work on /home/airflow/.local/lib/python3.12/site-packages/airflow/example_dags/example_branch_operator_decorator.py
[2025-11-09T21:14:23.488+0000] {processor.py:914} INFO - Processing file /home/airflow/.local/lib/python3.12/site-packages/airflow/example_dags/example_branch_operator_decorator.py for tasks to queue
[2025-11-09T21:14:23.498+0000] {logging_mixin.py:190} INFO - [2025-11-09T21:14:23.497+0000] {dagbag.py:588} INFO - Filling up the DagBag from /home/airflow/.local/lib/python3.12/site-packages/airflow/example_dags/example_branch_operator_decorator.py
[2025-11-09T21:14:23.584+0000] {processor.py:925} INFO - DAG(s) 'example_branch_python_operator_decorator' retrieved from /home/airflow/.local/lib/python3.12/site-packages/airflow/example_dags/example_branch_operator_decorator.py
[2025-11-09T21:14:23.685+0000] {logging_mixin.py:190} INFO - [2025-11-09T21:14:23.684+0000] {dag.py:3239} INFO - Sync 1 DAGs
[2025-11-09T21:14:23.761+0000] {logging_mixin.py:190} INFO - [2025-11-09T21:14:23.761+0000] {dag.py:4180} INFO - Setting next_dagrun for example_branch_python_operator_decorator to 2025-11-08 00:00:00+00:00, run_after=2025-11-09 00:00:00+00:00
[2025-11-09T21:14:23.823+0000] {processor.py:208} INFO - Processing /home/airflow/.local/lib/python3.12/site-packages/airflow/example_dags/example_branch_operator_decorator.py took 0.361 seconds
[2025-11-09T21:14:53.974+0000] {processor.py:186} INFO - Started process (PID=944) to work on /home/airflow/.local/lib/python3.12/site-packages/airflow/example_dags/example_branch_operator_decorator.py
[2025-11-09T21:14:53.975+0000] {processor.py:914} INFO - Processing file /home/airflow/.local/lib/python3.12/site-packages/airflow/example_dags/example_branch_operator_decorator.py for tasks to queue
[2025-11-09T21:14:53.981+0000] {logging_mixin.py:190} INFO - [2025-11-09T21:14:53.980+0000] {dagbag.py:588} INFO - Filling up the DagBag from /home/airflow/.local/lib/python3.12/site-packages/airflow/example_dags/example_branch_operator_decorator.py
[2025-11-09T21:14:54.016+0000] {processor.py:925} INFO - DAG(s) 'example_branch_python_operator_decorator' retrieved from /home/airflow/.local/lib/python3.12/site-packages/airflow/example_dags/example_branch_operator_decorator.py
[2025-11-09T21:14:54.065+0000] {logging_mixin.py:190} INFO - [2025-11-09T21:14:54.065+0000] {dag.py:3239} INFO - Sync 1 DAGs
[2025-11-09T21:14:54.107+0000] {logging_mixin.py:190} INFO - [2025-11-09T21:14:54.106+0000] {dag.py:4180} INFO - Setting next_dagrun for example_branch_python_operator_decorator to 2025-11-08 00:00:00+00:00, run_after=2025-11-09 00:00:00+00:00
[2025-11-09T21:14:54.136+0000] {processor.py:208} INFO - Processing /home/airflow/.local/lib/python3.12/site-packages/airflow/example_dags/example_branch_operator_decorator.py took 0.174 seconds
[2025-11-09T21:15:24.216+0000] {processor.py:186} INFO - Started process (PID=1008) to work on /home/airflow/.local/lib/python3.12/site-packages/airflow/example_dags/example_branch_operator_decorator.py
[2025-11-09T21:15:24.219+0000] {processor.py:914} INFO - Processing file /home/airflow/.local/lib/python3.12/site-packages/airflow/example_dags/example_branch_operator_decorator.py for tasks to queue
[2025-11-09T21:15:24.224+0000] {logging_mixin.py:190} INFO - [2025-11-09T21:15:24.224+0000] {dagbag.py:588} INFO - Filling up the DagBag from /home/airflow/.local/lib/python3.12/site-packages/airflow/example_dags/example_branch_operator_decorator.py
[2025-11-09T21:15:24.268+0000] {processor.py:925} INFO - DAG(s) 'example_branch_python_operator_decorator' retrieved from /home/airflow/.local/lib/python3.12/site-packages/airflow/example_dags/example_branch_operator_decorator.py
[2025-11-09T21:15:24.316+0000] {logging_mixin.py:190} INFO - [2025-11-09T21:15:24.315+0000] {dag.py:3239} INFO - Sync 1 DAGs
[2025-11-09T21:15:24.354+0000] {logging_mixin.py:190} INFO - [2025-11-09T21:15:24.354+0000] {dag.py:4180} INFO - Setting next_dagrun for example_branch_python_operator_decorator to 2025-11-08 00:00:00+00:00, run_after=2025-11-09 00:00:00+00:00
[2025-11-09T21:15:24.381+0000] {processor.py:208} INFO - Processing /home/airflow/.local/lib/python3.12/site-packages/airflow/example_dags/example_branch_operator_decorator.py took 0.176 seconds
[2025-11-09T21:15:54.652+0000] {processor.py:186} INFO - Started process (PID=1072) to work on /home/airflow/.local/lib/python3.12/site-packages/airflow/example_dags/example_branch_operator_decorator.py
[2025-11-09T21:15:54.655+0000] {processor.py:914} INFO - Processing file /home/airflow/.local/lib/python3.12/site-packages/airflow/example_dags/example_branch_operator_decorator.py for tasks to queue
[2025-11-09T21:15:54.661+0000] {logging_mixin.py:190} INFO - [2025-11-09T21:15:54.660+0000] {dagbag.py:588} INFO - Filling up the DagBag from /home/airflow/.local/lib/python3.12/site-packages/airflow/example_dags/example_branch_operator_decorator.py
[2025-11-09T21:15:54.702+0000] {processor.py:925} INFO - DAG(s) 'example_branch_python_operator_decorator' retrieved from /home/airflow/.local/lib/python3.12/site-packages/airflow/example_dags/example_branch_operator_decorator.py
[2025-11-09T21:15:54.750+0000] {logging_mixin.py:190} INFO - [2025-11-09T21:15:54.749+0000] {dag.py:3239} INFO - Sync 1 DAGs
[2025-11-09T21:15:54.788+0000] {logging_mixin.py:190} INFO - [2025-11-09T21:15:54.788+0000] {dag.py:4180} INFO - Setting next_dagrun for example_branch_python_operator_decorator to 2025-11-08 00:00:00+00:00, run_after=2025-11-09 00:00:00+00:00
[2025-11-09T21:15:54.817+0000] {processor.py:208} INFO - Processing /home/airflow/.local/lib/python3.12/site-packages/airflow/example_dags/example_branch_operator_decorator.py took 0.177 seconds
[2025-11-09T21:16:26.237+0000] {processor.py:186} INFO - Started process (PID=1135) to work on /home/airflow/.local/lib/python3.12/site-packages/airflow/example_dags/example_branch_operator_decorator.py
[2025-11-09T21:16:26.239+0000] {processor.py:914} INFO - Processing file /home/airflow/.local/lib/python3.12/site-packages/airflow/example_dags/example_branch_operator_decorator.py for tasks to queue
[2025-11-09T21:16:26.243+0000] {logging_mixin.py:190} INFO - [2025-11-09T21:16:26.242+0000] {dagbag.py:588} INFO - Filling up the DagBag from /home/airflow/.local/lib/python3.12/site-packages/airflow/example_dags/example_branch_operator_decorator.py
[2025-11-09T21:16:26.277+0000] {processor.py:925} INFO - DAG(s) 'example_branch_python_operator_decorator' retrieved from /home/airflow/.local/lib/python3.12/site-packages/airflow/example_dags/example_branch_operator_decorator.py
[2025-11-09T21:16:26.323+0000] {logging_mixin.py:190} INFO - [2025-11-09T21:16:26.322+0000] {dag.py:3239} INFO - Sync 1 DAGs
[2025-11-09T21:16:26.359+0000] {logging_mixin.py:190} INFO - [2025-11-09T21:16:26.359+0000] {dag.py:4180} INFO - Setting next_dagrun for example_branch_python_operator_decorator to 2025-11-08 00:00:00+00:00, run_after=2025-11-09 00:00:00+00:00
[2025-11-09T21:16:26.386+0000] {processor.py:208} INFO - Processing /home/airflow/.local/lib/python3.12/site-packages/airflow/example_dags/example_branch_operator_decorator.py took 0.159 seconds
[2025-11-09T21:16:56.879+0000] {processor.py:186} INFO - Started process (PID=1199) to work on /home/airflow/.local/lib/python3.12/site-packages/airflow/example_dags/example_branch_operator_decorator.py
[2025-11-09T21:16:56.881+0000] {processor.py:914} INFO - Processing file /home/airflow/.local/lib/python3.12/site-packages/airflow/example_dags/example_branch_operator_decorator.py for tasks to queue
[2025-11-09T21:16:56.885+0000] {logging_mixin.py:190} INFO - [2025-11-09T21:16:56.885+0000] {dagbag.py:588} INFO - Filling up the DagBag from /home/airflow/.local/lib/python3.12/site-packages/airflow/example_dags/example_branch_operator_decorator.py
[2025-11-09T21:16:56.922+0000] {processor.py:925} INFO - DAG(s) 'example_branch_python_operator_decorator' retrieved from /home/airflow/.local/lib/python3.12/site-packages/airflow/example_dags/example_branch_operator_decorator.py
[2025-11-09T21:16:56.984+0000] {logging_mixin.py:190} INFO - [2025-11-09T21:16:56.983+0000] {dag.py:3239} INFO - Sync 1 DAGs
[2025-11-09T21:16:57.024+0000] {logging_mixin.py:190} INFO - [2025-11-09T21:16:57.024+0000] {dag.py:4180} INFO - Setting next_dagrun for example_branch_python_operator_decorator to 2025-11-08 00:00:00+00:00, run_after=2025-11-09 00:00:00+00:00
[2025-11-09T21:16:57.057+0000] {processor.py:208} INFO - Processing /home/airflow/.local/lib/python3.12/site-packages/airflow/example_dags/example_branch_operator_decorator.py took 0.190 seconds
[2025-11-09T21:17:28.467+0000] {processor.py:186} INFO - Started process (PID=1262) to work on /home/airflow/.local/lib/python3.12/site-packages/airflow/example_dags/example_branch_operator_decorator.py
[2025-11-09T21:17:28.470+0000] {processor.py:914} INFO - Processing file /home/airflow/.local/lib/python3.12/site-packages/airflow/example_dags/example_branch_operator_decorator.py for tasks to queue
[2025-11-09T21:17:28.478+0000] {logging_mixin.py:190} INFO - [2025-11-09T21:17:28.477+0000] {dagbag.py:588} INFO - Filling up the DagBag from /home/airflow/.local/lib/python3.12/site-packages/airflow/example_dags/example_branch_operator_decorator.py
[2025-11-09T21:17:28.544+0000] {processor.py:925} INFO - DAG(s) 'example_branch_python_operator_decorator' retrieved from /home/airflow/.local/lib/python3.12/site-packages/airflow/example_dags/example_branch_operator_decorator.py
[2025-11-09T21:17:28.649+0000] {logging_mixin.py:190} INFO - [2025-11-09T21:17:28.648+0000] {dag.py:3239} INFO - Sync 1 DAGs
[2025-11-09T21:17:28.756+0000] {logging_mixin.py:190} INFO - [2025-11-09T21:17:28.755+0000] {dag.py:4180} INFO - Setting next_dagrun for example_branch_python_operator_decorator to 2025-11-08 00:00:00+00:00, run_after=2025-11-09 00:00:00+00:00
[2025-11-09T21:17:28.826+0000] {processor.py:208} INFO - Processing /home/airflow/.local/lib/python3.12/site-packages/airflow/example_dags/example_branch_operator_decorator.py took 0.380 seconds
[2025-11-09T21:17:59.720+0000] {processor.py:186} INFO - Started process (PID=1325) to work on /home/airflow/.local/lib/python3.12/site-packages/airflow/example_dags/example_branch_operator_decorator.py
[2025-11-09T21:17:59.722+0000] {processor.py:914} INFO - Processing file /home/airflow/.local/lib/python3.12/site-packages/airflow/example_dags/example_branch_operator_decorator.py for tasks to queue
[2025-11-09T21:17:59.726+0000] {logging_mixin.py:190} INFO - [2025-11-09T21:17:59.725+0000] {dagbag.py:588} INFO - Filling up the DagBag from /home/airflow/.local/lib/python3.12/site-packages/airflow/example_dags/example_branch_operator_decorator.py
[2025-11-09T21:17:59.758+0000] {processor.py:925} INFO - DAG(s) 'example_branch_python_operator_decorator' retrieved from /home/airflow/.local/lib/python3.12/site-packages/airflow/example_dags/example_branch_operator_decorator.py
[2025-11-09T21:17:59.819+0000] {logging_mixin.py:190} INFO - [2025-11-09T21:17:59.819+0000] {dag.py:3239} INFO - Sync 1 DAGs
[2025-11-09T21:17:59.866+0000] {logging_mixin.py:190} INFO - [2025-11-09T21:17:59.866+0000] {dag.py:4180} INFO - Setting next_dagrun for example_branch_python_operator_decorator to 2025-11-08 00:00:00+00:00, run_after=2025-11-09 00:00:00+00:00
[2025-11-09T21:17:59.903+0000] {processor.py:208} INFO - Processing /home/airflow/.local/lib/python3.12/site-packages/airflow/example_dags/example_branch_operator_decorator.py took 0.192 seconds
[2025-11-09T21:18:30.666+0000] {processor.py:186} INFO - Started process (PID=1389) to work on /home/airflow/.local/lib/python3.12/site-packages/airflow/example_dags/example_branch_operator_decorator.py
[2025-11-09T21:18:30.670+0000] {processor.py:914} INFO - Processing file /home/airflow/.local/lib/python3.12/site-packages/airflow/example_dags/example_branch_operator_decorator.py for tasks to queue
[2025-11-09T21:18:30.679+0000] {logging_mixin.py:190} INFO - [2025-11-09T21:18:30.678+0000] {dagbag.py:588} INFO - Filling up the DagBag from /home/airflow/.local/lib/python3.12/site-packages/airflow/example_dags/example_branch_operator_decorator.py
[2025-11-09T21:18:30.765+0000] {processor.py:925} INFO - DAG(s) 'example_branch_python_operator_decorator' retrieved from /home/airflow/.local/lib/python3.12/site-packages/airflow/example_dags/example_branch_operator_decorator.py
[2025-11-09T21:18:30.860+0000] {logging_mixin.py:190} INFO - [2025-11-09T21:18:30.860+0000] {dag.py:3239} INFO - Sync 1 DAGs
[2025-11-09T21:18:30.941+0000] {logging_mixin.py:190} INFO - [2025-11-09T21:18:30.940+0000] {dag.py:4180} INFO - Setting next_dagrun for example_branch_python_operator_decorator to 2025-11-08 00:00:00+00:00, run_after=2025-11-09 00:00:00+00:00
[2025-11-09T21:18:30.998+0000] {processor.py:208} INFO - Processing /home/airflow/.local/lib/python3.12/site-packages/airflow/example_dags/example_branch_operator_decorator.py took 0.357 seconds
[2025-11-09T21:19:01.782+0000] {processor.py:186} INFO - Started process (PID=1453) to work on /home/airflow/.local/lib/python3.12/site-packages/airflow/example_dags/example_branch_operator_decorator.py
[2025-11-09T21:19:01.785+0000] {processor.py:914} INFO - Processing file /home/airflow/.local/lib/python3.12/site-packages/airflow/example_dags/example_branch_operator_decorator.py for tasks to queue
[2025-11-09T21:19:01.790+0000] {logging_mixin.py:190} INFO - [2025-11-09T21:19:01.789+0000] {dagbag.py:588} INFO - Filling up the DagBag from /home/airflow/.local/lib/python3.12/site-packages/airflow/example_dags/example_branch_operator_decorator.py
[2025-11-09T21:19:01.854+0000] {processor.py:925} INFO - DAG(s) 'example_branch_python_operator_decorator' retrieved from /home/airflow/.local/lib/python3.12/site-packages/airflow/example_dags/example_branch_operator_decorator.py
[2025-11-09T21:19:01.920+0000] {logging_mixin.py:190} INFO - [2025-11-09T21:19:01.920+0000] {dag.py:3239} INFO - Sync 1 DAGs
[2025-11-09T21:19:01.991+0000] {logging_mixin.py:190} INFO - [2025-11-09T21:19:01.991+0000] {dag.py:4180} INFO - Setting next_dagrun for example_branch_python_operator_decorator to 2025-11-08 00:00:00+00:00, run_after=2025-11-09 00:00:00+00:00
[2025-11-09T21:19:02.069+0000] {processor.py:208} INFO - Processing /home/airflow/.local/lib/python3.12/site-packages/airflow/example_dags/example_branch_operator_decorator.py took 0.300 seconds
[2025-11-09T21:19:32.434+0000] {processor.py:186} INFO - Started process (PID=1517) to work on /home/airflow/.local/lib/python3.12/site-packages/airflow/example_dags/example_branch_operator_decorator.py
[2025-11-09T21:19:32.436+0000] {processor.py:914} INFO - Processing file /home/airflow/.local/lib/python3.12/site-packages/airflow/example_dags/example_branch_operator_decorator.py for tasks to queue
[2025-11-09T21:19:32.444+0000] {logging_mixin.py:190} INFO - [2025-11-09T21:19:32.443+0000] {dagbag.py:588} INFO - Filling up the DagBag from /home/airflow/.local/lib/python3.12/site-packages/airflow/example_dags/example_branch_operator_decorator.py
[2025-11-09T21:19:32.521+0000] {processor.py:925} INFO - DAG(s) 'example_branch_python_operator_decorator' retrieved from /home/airflow/.local/lib/python3.12/site-packages/airflow/example_dags/example_branch_operator_decorator.py
[2025-11-09T21:19:32.626+0000] {logging_mixin.py:190} INFO - [2025-11-09T21:19:32.625+0000] {dag.py:3239} INFO - Sync 1 DAGs
[2025-11-09T21:19:32.713+0000] {logging_mixin.py:190} INFO - [2025-11-09T21:19:32.713+0000] {dag.py:4180} INFO - Setting next_dagrun for example_branch_python_operator_decorator to 2025-11-08 00:00:00+00:00, run_after=2025-11-09 00:00:00+00:00
[2025-11-09T21:19:32.762+0000] {processor.py:208} INFO - Processing /home/airflow/.local/lib/python3.12/site-packages/airflow/example_dags/example_branch_operator_decorator.py took 0.345 seconds
[2025-11-09T21:20:03.406+0000] {processor.py:186} INFO - Started process (PID=1580) to work on /home/airflow/.local/lib/python3.12/site-packages/airflow/example_dags/example_branch_operator_decorator.py
[2025-11-09T21:20:03.409+0000] {processor.py:914} INFO - Processing file /home/airflow/.local/lib/python3.12/site-packages/airflow/example_dags/example_branch_operator_decorator.py for tasks to queue
[2025-11-09T21:20:03.417+0000] {logging_mixin.py:190} INFO - [2025-11-09T21:20:03.415+0000] {dagbag.py:588} INFO - Filling up the DagBag from /home/airflow/.local/lib/python3.12/site-packages/airflow/example_dags/example_branch_operator_decorator.py
[2025-11-09T21:20:03.507+0000] {processor.py:925} INFO - DAG(s) 'example_branch_python_operator_decorator' retrieved from /home/airflow/.local/lib/python3.12/site-packages/airflow/example_dags/example_branch_operator_decorator.py
[2025-11-09T21:20:03.670+0000] {logging_mixin.py:190} INFO - [2025-11-09T21:20:03.668+0000] {dag.py:3239} INFO - Sync 1 DAGs
[2025-11-09T21:20:03.772+0000] {logging_mixin.py:190} INFO - [2025-11-09T21:20:03.771+0000] {dag.py:4180} INFO - Setting next_dagrun for example_branch_python_operator_decorator to 2025-11-08 00:00:00+00:00, run_after=2025-11-09 00:00:00+00:00
[2025-11-09T21:20:03.839+0000] {processor.py:208} INFO - Processing /home/airflow/.local/lib/python3.12/site-packages/airflow/example_dags/example_branch_operator_decorator.py took 0.459 seconds
[2025-11-09T21:20:34.286+0000] {processor.py:186} INFO - Started process (PID=1645) to work on /home/airflow/.local/lib/python3.12/site-packages/airflow/example_dags/example_branch_operator_decorator.py
[2025-11-09T21:20:34.289+0000] {processor.py:914} INFO - Processing file /home/airflow/.local/lib/python3.12/site-packages/airflow/example_dags/example_branch_operator_decorator.py for tasks to queue
[2025-11-09T21:20:34.296+0000] {logging_mixin.py:190} INFO - [2025-11-09T21:20:34.295+0000] {dagbag.py:588} INFO - Filling up the DagBag from /home/airflow/.local/lib/python3.12/site-packages/airflow/example_dags/example_branch_operator_decorator.py
[2025-11-09T21:20:34.349+0000] {processor.py:925} INFO - DAG(s) 'example_branch_python_operator_decorator' retrieved from /home/airflow/.local/lib/python3.12/site-packages/airflow/example_dags/example_branch_operator_decorator.py
[2025-11-09T21:20:34.412+0000] {logging_mixin.py:190} INFO - [2025-11-09T21:20:34.411+0000] {dag.py:3239} INFO - Sync 1 DAGs
[2025-11-09T21:20:34.464+0000] {logging_mixin.py:190} INFO - [2025-11-09T21:20:34.463+0000] {dag.py:4180} INFO - Setting next_dagrun for example_branch_python_operator_decorator to 2025-11-08 00:00:00+00:00, run_after=2025-11-09 00:00:00+00:00
[2025-11-09T21:20:34.505+0000] {processor.py:208} INFO - Processing /home/airflow/.local/lib/python3.12/site-packages/airflow/example_dags/example_branch_operator_decorator.py took 0.236 seconds
[2025-11-09T21:21:05.205+0000] {processor.py:186} INFO - Started process (PID=1708) to work on /home/airflow/.local/lib/python3.12/site-packages/airflow/example_dags/example_branch_operator_decorator.py
[2025-11-09T21:21:05.208+0000] {processor.py:914} INFO - Processing file /home/airflow/.local/lib/python3.12/site-packages/airflow/example_dags/example_branch_operator_decorator.py for tasks to queue
[2025-11-09T21:21:05.216+0000] {logging_mixin.py:190} INFO - [2025-11-09T21:21:05.214+0000] {dagbag.py:588} INFO - Filling up the DagBag from /home/airflow/.local/lib/python3.12/site-packages/airflow/example_dags/example_branch_operator_decorator.py
[2025-11-09T21:21:05.285+0000] {processor.py:925} INFO - DAG(s) 'example_branch_python_operator_decorator' retrieved from /home/airflow/.local/lib/python3.12/site-packages/airflow/example_dags/example_branch_operator_decorator.py
[2025-11-09T21:21:05.395+0000] {logging_mixin.py:190} INFO - [2025-11-09T21:21:05.394+0000] {dag.py:3239} INFO - Sync 1 DAGs
[2025-11-09T21:21:05.480+0000] {logging_mixin.py:190} INFO - [2025-11-09T21:21:05.479+0000] {dag.py:4180} INFO - Setting next_dagrun for example_branch_python_operator_decorator to 2025-11-08 00:00:00+00:00, run_after=2025-11-09 00:00:00+00:00
[2025-11-09T21:21:05.549+0000] {processor.py:208} INFO - Processing /home/airflow/.local/lib/python3.12/site-packages/airflow/example_dags/example_branch_operator_decorator.py took 0.363 seconds
[2025-11-09T21:21:35.877+0000] {processor.py:186} INFO - Started process (PID=1773) to work on /home/airflow/.local/lib/python3.12/site-packages/airflow/example_dags/example_branch_operator_decorator.py
[2025-11-09T21:21:35.880+0000] {processor.py:914} INFO - Processing file /home/airflow/.local/lib/python3.12/site-packages/airflow/example_dags/example_branch_operator_decorator.py for tasks to queue
[2025-11-09T21:21:35.887+0000] {logging_mixin.py:190} INFO - [2025-11-09T21:21:35.886+0000] {dagbag.py:588} INFO - Filling up the DagBag from /home/airflow/.local/lib/python3.12/site-packages/airflow/example_dags/example_branch_operator_decorator.py
[2025-11-09T21:21:35.939+0000] {processor.py:925} INFO - DAG(s) 'example_branch_python_operator_decorator' retrieved from /home/airflow/.local/lib/python3.12/site-packages/airflow/example_dags/example_branch_operator_decorator.py
[2025-11-09T21:21:36.002+0000] {logging_mixin.py:190} INFO - [2025-11-09T21:21:36.002+0000] {dag.py:3239} INFO - Sync 1 DAGs
[2025-11-09T21:21:36.050+0000] {logging_mixin.py:190} INFO - [2025-11-09T21:21:36.049+0000] {dag.py:4180} INFO - Setting next_dagrun for example_branch_python_operator_decorator to 2025-11-08 00:00:00+00:00, run_after=2025-11-09 00:00:00+00:00
[2025-11-09T21:21:36.097+0000] {processor.py:208} INFO - Processing /home/airflow/.local/lib/python3.12/site-packages/airflow/example_dags/example_branch_operator_decorator.py took 0.237 seconds
[2025-11-09T21:22:06.550+0000] {processor.py:186} INFO - Started process (PID=1837) to work on /home/airflow/.local/lib/python3.12/site-packages/airflow/example_dags/example_branch_operator_decorator.py
[2025-11-09T21:22:06.552+0000] {processor.py:914} INFO - Processing file /home/airflow/.local/lib/python3.12/site-packages/airflow/example_dags/example_branch_operator_decorator.py for tasks to queue
[2025-11-09T21:22:06.557+0000] {logging_mixin.py:190} INFO - [2025-11-09T21:22:06.556+0000] {dagbag.py:588} INFO - Filling up the DagBag from /home/airflow/.local/lib/python3.12/site-packages/airflow/example_dags/example_branch_operator_decorator.py
[2025-11-09T21:22:06.603+0000] {processor.py:925} INFO - DAG(s) 'example_branch_python_operator_decorator' retrieved from /home/airflow/.local/lib/python3.12/site-packages/airflow/example_dags/example_branch_operator_decorator.py
[2025-11-09T21:22:06.657+0000] {logging_mixin.py:190} INFO - [2025-11-09T21:22:06.657+0000] {dag.py:3239} INFO - Sync 1 DAGs
[2025-11-09T21:22:06.700+0000] {logging_mixin.py:190} INFO - [2025-11-09T21:22:06.700+0000] {dag.py:4180} INFO - Setting next_dagrun for example_branch_python_operator_decorator to 2025-11-08 00:00:00+00:00, run_after=2025-11-09 00:00:00+00:00
[2025-11-09T21:22:06.736+0000] {processor.py:208} INFO - Processing /home/airflow/.local/lib/python3.12/site-packages/airflow/example_dags/example_branch_operator_decorator.py took 0.197 seconds
[2025-11-09T21:22:37.711+0000] {processor.py:186} INFO - Started process (PID=1902) to work on /home/airflow/.local/lib/python3.12/site-packages/airflow/example_dags/example_branch_operator_decorator.py
[2025-11-09T21:22:37.713+0000] {processor.py:914} INFO - Processing file /home/airflow/.local/lib/python3.12/site-packages/airflow/example_dags/example_branch_operator_decorator.py for tasks to queue
[2025-11-09T21:22:37.719+0000] {logging_mixin.py:190} INFO - [2025-11-09T21:22:37.718+0000] {dagbag.py:588} INFO - Filling up the DagBag from /home/airflow/.local/lib/python3.12/site-packages/airflow/example_dags/example_branch_operator_decorator.py
[2025-11-09T21:22:37.767+0000] {processor.py:925} INFO - DAG(s) 'example_branch_python_operator_decorator' retrieved from /home/airflow/.local/lib/python3.12/site-packages/airflow/example_dags/example_branch_operator_decorator.py
[2025-11-09T21:22:37.827+0000] {logging_mixin.py:190} INFO - [2025-11-09T21:22:37.827+0000] {dag.py:3239} INFO - Sync 1 DAGs
[2025-11-09T21:22:37.870+0000] {logging_mixin.py:190} INFO - [2025-11-09T21:22:37.870+0000] {dag.py:4180} INFO - Setting next_dagrun for example_branch_python_operator_decorator to 2025-11-08 00:00:00+00:00, run_after=2025-11-09 00:00:00+00:00
[2025-11-09T21:22:37.908+0000] {processor.py:208} INFO - Processing /home/airflow/.local/lib/python3.12/site-packages/airflow/example_dags/example_branch_operator_decorator.py took 0.212 seconds
[2025-11-09T21:23:08.265+0000] {processor.py:186} INFO - Started process (PID=1965) to work on /home/airflow/.local/lib/python3.12/site-packages/airflow/example_dags/example_branch_operator_decorator.py
[2025-11-09T21:23:08.267+0000] {processor.py:914} INFO - Processing file /home/airflow/.local/lib/python3.12/site-packages/airflow/example_dags/example_branch_operator_decorator.py for tasks to queue
[2025-11-09T21:23:08.271+0000] {logging_mixin.py:190} INFO - [2025-11-09T21:23:08.270+0000] {dagbag.py:588} INFO - Filling up the DagBag from /home/airflow/.local/lib/python3.12/site-packages/airflow/example_dags/example_branch_operator_decorator.py
[2025-11-09T21:23:08.310+0000] {processor.py:925} INFO - DAG(s) 'example_branch_python_operator_decorator' retrieved from /home/airflow/.local/lib/python3.12/site-packages/airflow/example_dags/example_branch_operator_decorator.py
[2025-11-09T21:23:08.355+0000] {logging_mixin.py:190} INFO - [2025-11-09T21:23:08.355+0000] {dag.py:3239} INFO - Sync 1 DAGs
[2025-11-09T21:23:08.391+0000] {logging_mixin.py:190} INFO - [2025-11-09T21:23:08.391+0000] {dag.py:4180} INFO - Setting next_dagrun for example_branch_python_operator_decorator to 2025-11-08 00:00:00+00:00, run_after=2025-11-09 00:00:00+00:00
[2025-11-09T21:23:08.421+0000] {processor.py:208} INFO - Processing /home/airflow/.local/lib/python3.12/site-packages/airflow/example_dags/example_branch_operator_decorator.py took 0.166 seconds
[2025-11-09T21:23:38.718+0000] {processor.py:186} INFO - Started process (PID=2029) to work on /home/airflow/.local/lib/python3.12/site-packages/airflow/example_dags/example_branch_operator_decorator.py
[2025-11-09T21:23:38.721+0000] {processor.py:914} INFO - Processing file /home/airflow/.local/lib/python3.12/site-packages/airflow/example_dags/example_branch_operator_decorator.py for tasks to queue
[2025-11-09T21:23:38.727+0000] {logging_mixin.py:190} INFO - [2025-11-09T21:23:38.727+0000] {dagbag.py:588} INFO - Filling up the DagBag from /home/airflow/.local/lib/python3.12/site-packages/airflow/example_dags/example_branch_operator_decorator.py
[2025-11-09T21:23:38.786+0000] {processor.py:925} INFO - DAG(s) 'example_branch_python_operator_decorator' retrieved from /home/airflow/.local/lib/python3.12/site-packages/airflow/example_dags/example_branch_operator_decorator.py
[2025-11-09T21:23:38.886+0000] {logging_mixin.py:190} INFO - [2025-11-09T21:23:38.885+0000] {dag.py:3239} INFO - Sync 1 DAGs
[2025-11-09T21:23:38.957+0000] {logging_mixin.py:190} INFO - [2025-11-09T21:23:38.957+0000] {dag.py:4180} INFO - Setting next_dagrun for example_branch_python_operator_decorator to 2025-11-08 00:00:00+00:00, run_after=2025-11-09 00:00:00+00:00
[2025-11-09T21:23:39.010+0000] {processor.py:208} INFO - Processing /home/airflow/.local/lib/python3.12/site-packages/airflow/example_dags/example_branch_operator_decorator.py took 0.314 seconds
[2025-11-09T21:24:09.461+0000] {processor.py:186} INFO - Started process (PID=2093) to work on /home/airflow/.local/lib/python3.12/site-packages/airflow/example_dags/example_branch_operator_decorator.py
[2025-11-09T21:24:09.464+0000] {processor.py:914} INFO - Processing file /home/airflow/.local/lib/python3.12/site-packages/airflow/example_dags/example_branch_operator_decorator.py for tasks to queue
[2025-11-09T21:24:09.469+0000] {logging_mixin.py:190} INFO - [2025-11-09T21:24:09.469+0000] {dagbag.py:588} INFO - Filling up the DagBag from /home/airflow/.local/lib/python3.12/site-packages/airflow/example_dags/example_branch_operator_decorator.py
[2025-11-09T21:24:09.515+0000] {processor.py:925} INFO - DAG(s) 'example_branch_python_operator_decorator' retrieved from /home/airflow/.local/lib/python3.12/site-packages/airflow/example_dags/example_branch_operator_decorator.py
[2025-11-09T21:24:09.580+0000] {logging_mixin.py:190} INFO - [2025-11-09T21:24:09.580+0000] {dag.py:3239} INFO - Sync 1 DAGs
[2025-11-09T21:24:09.633+0000] {logging_mixin.py:190} INFO - [2025-11-09T21:24:09.633+0000] {dag.py:4180} INFO - Setting next_dagrun for example_branch_python_operator_decorator to 2025-11-08 00:00:00+00:00, run_after=2025-11-09 00:00:00+00:00
[2025-11-09T21:24:09.672+0000] {processor.py:208} INFO - Processing /home/airflow/.local/lib/python3.12/site-packages/airflow/example_dags/example_branch_operator_decorator.py took 0.225 seconds
[2025-11-09T21:24:39.954+0000] {processor.py:186} INFO - Started process (PID=2157) to work on /home/airflow/.local/lib/python3.12/site-packages/airflow/example_dags/example_branch_operator_decorator.py
[2025-11-09T21:24:39.957+0000] {processor.py:914} INFO - Processing file /home/airflow/.local/lib/python3.12/site-packages/airflow/example_dags/example_branch_operator_decorator.py for tasks to queue
[2025-11-09T21:24:39.964+0000] {logging_mixin.py:190} INFO - [2025-11-09T21:24:39.963+0000] {dagbag.py:588} INFO - Filling up the DagBag from /home/airflow/.local/lib/python3.12/site-packages/airflow/example_dags/example_branch_operator_decorator.py
[2025-11-09T21:24:40.034+0000] {processor.py:925} INFO - DAG(s) 'example_branch_python_operator_decorator' retrieved from /home/airflow/.local/lib/python3.12/site-packages/airflow/example_dags/example_branch_operator_decorator.py
[2025-11-09T21:24:40.100+0000] {logging_mixin.py:190} INFO - [2025-11-09T21:24:40.099+0000] {dag.py:3239} INFO - Sync 1 DAGs
[2025-11-09T21:24:40.151+0000] {logging_mixin.py:190} INFO - [2025-11-09T21:24:40.151+0000] {dag.py:4180} INFO - Setting next_dagrun for example_branch_python_operator_decorator to 2025-11-08 00:00:00+00:00, run_after=2025-11-09 00:00:00+00:00
[2025-11-09T21:24:40.187+0000] {processor.py:208} INFO - Processing /home/airflow/.local/lib/python3.12/site-packages/airflow/example_dags/example_branch_operator_decorator.py took 0.253 seconds
[2025-11-09T21:25:11.320+0000] {processor.py:186} INFO - Started process (PID=2221) to work on /home/airflow/.local/lib/python3.12/site-packages/airflow/example_dags/example_branch_operator_decorator.py
[2025-11-09T21:25:11.323+0000] {processor.py:914} INFO - Processing file /home/airflow/.local/lib/python3.12/site-packages/airflow/example_dags/example_branch_operator_decorator.py for tasks to queue
[2025-11-09T21:25:11.329+0000] {logging_mixin.py:190} INFO - [2025-11-09T21:25:11.329+0000] {dagbag.py:588} INFO - Filling up the DagBag from /home/airflow/.local/lib/python3.12/site-packages/airflow/example_dags/example_branch_operator_decorator.py
[2025-11-09T21:25:11.417+0000] {processor.py:925} INFO - DAG(s) 'example_branch_python_operator_decorator' retrieved from /home/airflow/.local/lib/python3.12/site-packages/airflow/example_dags/example_branch_operator_decorator.py
[2025-11-09T21:25:11.513+0000] {logging_mixin.py:190} INFO - [2025-11-09T21:25:11.513+0000] {dag.py:3239} INFO - Sync 1 DAGs
[2025-11-09T21:25:11.594+0000] {logging_mixin.py:190} INFO - [2025-11-09T21:25:11.593+0000] {dag.py:4180} INFO - Setting next_dagrun for example_branch_python_operator_decorator to 2025-11-08 00:00:00+00:00, run_after=2025-11-09 00:00:00+00:00
[2025-11-09T21:25:11.649+0000] {processor.py:208} INFO - Processing /home/airflow/.local/lib/python3.12/site-packages/airflow/example_dags/example_branch_operator_decorator.py took 0.349 seconds
[2025-11-09T21:25:42.590+0000] {processor.py:186} INFO - Started process (PID=2285) to work on /home/airflow/.local/lib/python3.12/site-packages/airflow/example_dags/example_branch_operator_decorator.py
[2025-11-09T21:25:42.603+0000] {processor.py:914} INFO - Processing file /home/airflow/.local/lib/python3.12/site-packages/airflow/example_dags/example_branch_operator_decorator.py for tasks to queue
[2025-11-09T21:25:42.626+0000] {logging_mixin.py:190} INFO - [2025-11-09T21:25:42.623+0000] {dagbag.py:588} INFO - Filling up the DagBag from /home/airflow/.local/lib/python3.12/site-packages/airflow/example_dags/example_branch_operator_decorator.py
[2025-11-09T21:25:42.771+0000] {processor.py:925} INFO - DAG(s) 'example_branch_python_operator_decorator' retrieved from /home/airflow/.local/lib/python3.12/site-packages/airflow/example_dags/example_branch_operator_decorator.py
[2025-11-09T21:25:42.903+0000] {logging_mixin.py:190} INFO - [2025-11-09T21:25:42.900+0000] {dag.py:3239} INFO - Sync 1 DAGs
[2025-11-09T21:25:43.005+0000] {logging_mixin.py:190} INFO - [2025-11-09T21:25:43.005+0000] {dag.py:4180} INFO - Setting next_dagrun for example_branch_python_operator_decorator to 2025-11-08 00:00:00+00:00, run_after=2025-11-09 00:00:00+00:00
[2025-11-09T21:25:43.093+0000] {processor.py:208} INFO - Processing /home/airflow/.local/lib/python3.12/site-packages/airflow/example_dags/example_branch_operator_decorator.py took 0.544 seconds
[2025-11-09T21:26:13.680+0000] {processor.py:186} INFO - Started process (PID=2348) to work on /home/airflow/.local/lib/python3.12/site-packages/airflow/example_dags/example_branch_operator_decorator.py
[2025-11-09T21:26:13.682+0000] {processor.py:914} INFO - Processing file /home/airflow/.local/lib/python3.12/site-packages/airflow/example_dags/example_branch_operator_decorator.py for tasks to queue
[2025-11-09T21:26:13.688+0000] {logging_mixin.py:190} INFO - [2025-11-09T21:26:13.687+0000] {dagbag.py:588} INFO - Filling up the DagBag from /home/airflow/.local/lib/python3.12/site-packages/airflow/example_dags/example_branch_operator_decorator.py
[2025-11-09T21:26:13.740+0000] {processor.py:925} INFO - DAG(s) 'example_branch_python_operator_decorator' retrieved from /home/airflow/.local/lib/python3.12/site-packages/airflow/example_dags/example_branch_operator_decorator.py
[2025-11-09T21:26:13.817+0000] {logging_mixin.py:190} INFO - [2025-11-09T21:26:13.816+0000] {dag.py:3239} INFO - Sync 1 DAGs
[2025-11-09T21:26:13.877+0000] {logging_mixin.py:190} INFO - [2025-11-09T21:26:13.876+0000] {dag.py:4180} INFO - Setting next_dagrun for example_branch_python_operator_decorator to 2025-11-08 00:00:00+00:00, run_after=2025-11-09 00:00:00+00:00
[2025-11-09T21:26:13.937+0000] {processor.py:208} INFO - Processing /home/airflow/.local/lib/python3.12/site-packages/airflow/example_dags/example_branch_operator_decorator.py took 0.274 seconds
[2025-11-09T21:26:44.256+0000] {processor.py:186} INFO - Started process (PID=2412) to work on /home/airflow/.local/lib/python3.12/site-packages/airflow/example_dags/example_branch_operator_decorator.py
[2025-11-09T21:26:44.259+0000] {processor.py:914} INFO - Processing file /home/airflow/.local/lib/python3.12/site-packages/airflow/example_dags/example_branch_operator_decorator.py for tasks to queue
[2025-11-09T21:26:44.267+0000] {logging_mixin.py:190} INFO - [2025-11-09T21:26:44.266+0000] {dagbag.py:588} INFO - Filling up the DagBag from /home/airflow/.local/lib/python3.12/site-packages/airflow/example_dags/example_branch_operator_decorator.py
[2025-11-09T21:26:44.328+0000] {processor.py:925} INFO - DAG(s) 'example_branch_python_operator_decorator' retrieved from /home/airflow/.local/lib/python3.12/site-packages/airflow/example_dags/example_branch_operator_decorator.py
[2025-11-09T21:26:44.404+0000] {logging_mixin.py:190} INFO - [2025-11-09T21:26:44.403+0000] {dag.py:3239} INFO - Sync 1 DAGs
[2025-11-09T21:26:44.463+0000] {logging_mixin.py:190} INFO - [2025-11-09T21:26:44.462+0000] {dag.py:4180} INFO - Setting next_dagrun for example_branch_python_operator_decorator to 2025-11-08 00:00:00+00:00, run_after=2025-11-09 00:00:00+00:00
[2025-11-09T21:26:44.515+0000] {processor.py:208} INFO - Processing /home/airflow/.local/lib/python3.12/site-packages/airflow/example_dags/example_branch_operator_decorator.py took 0.275 seconds
[2025-11-09T21:27:15.682+0000] {processor.py:186} INFO - Started process (PID=2477) to work on /home/airflow/.local/lib/python3.12/site-packages/airflow/example_dags/example_branch_operator_decorator.py
[2025-11-09T21:27:15.684+0000] {processor.py:914} INFO - Processing file /home/airflow/.local/lib/python3.12/site-packages/airflow/example_dags/example_branch_operator_decorator.py for tasks to queue
[2025-11-09T21:27:15.691+0000] {logging_mixin.py:190} INFO - [2025-11-09T21:27:15.690+0000] {dagbag.py:588} INFO - Filling up the DagBag from /home/airflow/.local/lib/python3.12/site-packages/airflow/example_dags/example_branch_operator_decorator.py
[2025-11-09T21:27:15.752+0000] {processor.py:925} INFO - DAG(s) 'example_branch_python_operator_decorator' retrieved from /home/airflow/.local/lib/python3.12/site-packages/airflow/example_dags/example_branch_operator_decorator.py
[2025-11-09T21:27:15.819+0000] {logging_mixin.py:190} INFO - [2025-11-09T21:27:15.819+0000] {dag.py:3239} INFO - Sync 1 DAGs
[2025-11-09T21:27:15.887+0000] {logging_mixin.py:190} INFO - [2025-11-09T21:27:15.887+0000] {dag.py:4180} INFO - Setting next_dagrun for example_branch_python_operator_decorator to 2025-11-08 00:00:00+00:00, run_after=2025-11-09 00:00:00+00:00
[2025-11-09T21:27:15.935+0000] {processor.py:208} INFO - Processing /home/airflow/.local/lib/python3.12/site-packages/airflow/example_dags/example_branch_operator_decorator.py took 0.265 seconds
[2025-11-09T21:27:46.042+0000] {processor.py:186} INFO - Started process (PID=2539) to work on /home/airflow/.local/lib/python3.12/site-packages/airflow/example_dags/example_branch_operator_decorator.py
[2025-11-09T21:27:46.044+0000] {processor.py:914} INFO - Processing file /home/airflow/.local/lib/python3.12/site-packages/airflow/example_dags/example_branch_operator_decorator.py for tasks to queue
[2025-11-09T21:27:46.051+0000] {logging_mixin.py:190} INFO - [2025-11-09T21:27:46.051+0000] {dagbag.py:588} INFO - Filling up the DagBag from /home/airflow/.local/lib/python3.12/site-packages/airflow/example_dags/example_branch_operator_decorator.py
[2025-11-09T21:27:46.086+0000] {processor.py:925} INFO - DAG(s) 'example_branch_python_operator_decorator' retrieved from /home/airflow/.local/lib/python3.12/site-packages/airflow/example_dags/example_branch_operator_decorator.py
[2025-11-09T21:27:46.130+0000] {logging_mixin.py:190} INFO - [2025-11-09T21:27:46.130+0000] {dag.py:3239} INFO - Sync 1 DAGs
[2025-11-09T21:27:46.174+0000] {logging_mixin.py:190} INFO - [2025-11-09T21:27:46.174+0000] {dag.py:4180} INFO - Setting next_dagrun for example_branch_python_operator_decorator to 2025-11-08 00:00:00+00:00, run_after=2025-11-09 00:00:00+00:00
[2025-11-09T21:27:46.212+0000] {processor.py:208} INFO - Processing /home/airflow/.local/lib/python3.12/site-packages/airflow/example_dags/example_branch_operator_decorator.py took 0.180 seconds
[2025-11-09T21:28:17.117+0000] {processor.py:186} INFO - Started process (PID=2604) to work on /home/airflow/.local/lib/python3.12/site-packages/airflow/example_dags/example_branch_operator_decorator.py
[2025-11-09T21:28:17.119+0000] {processor.py:914} INFO - Processing file /home/airflow/.local/lib/python3.12/site-packages/airflow/example_dags/example_branch_operator_decorator.py for tasks to queue
[2025-11-09T21:28:17.123+0000] {logging_mixin.py:190} INFO - [2025-11-09T21:28:17.123+0000] {dagbag.py:588} INFO - Filling up the DagBag from /home/airflow/.local/lib/python3.12/site-packages/airflow/example_dags/example_branch_operator_decorator.py
[2025-11-09T21:28:17.154+0000] {processor.py:925} INFO - DAG(s) 'example_branch_python_operator_decorator' retrieved from /home/airflow/.local/lib/python3.12/site-packages/airflow/example_dags/example_branch_operator_decorator.py
[2025-11-09T21:28:17.203+0000] {logging_mixin.py:190} INFO - [2025-11-09T21:28:17.203+0000] {dag.py:3239} INFO - Sync 1 DAGs
[2025-11-09T21:28:17.250+0000] {logging_mixin.py:190} INFO - [2025-11-09T21:28:17.250+0000] {dag.py:4180} INFO - Setting next_dagrun for example_branch_python_operator_decorator to 2025-11-08 00:00:00+00:00, run_after=2025-11-09 00:00:00+00:00
[2025-11-09T21:28:17.288+0000] {processor.py:208} INFO - Processing /home/airflow/.local/lib/python3.12/site-packages/airflow/example_dags/example_branch_operator_decorator.py took 0.181 seconds
[2025-11-09T21:28:47.455+0000] {processor.py:186} INFO - Started process (PID=2668) to work on /home/airflow/.local/lib/python3.12/site-packages/airflow/example_dags/example_branch_operator_decorator.py
[2025-11-09T21:28:47.457+0000] {processor.py:914} INFO - Processing file /home/airflow/.local/lib/python3.12/site-packages/airflow/example_dags/example_branch_operator_decorator.py for tasks to queue
[2025-11-09T21:28:47.462+0000] {logging_mixin.py:190} INFO - [2025-11-09T21:28:47.461+0000] {dagbag.py:588} INFO - Filling up the DagBag from /home/airflow/.local/lib/python3.12/site-packages/airflow/example_dags/example_branch_operator_decorator.py
[2025-11-09T21:28:47.498+0000] {processor.py:925} INFO - DAG(s) 'example_branch_python_operator_decorator' retrieved from /home/airflow/.local/lib/python3.12/site-packages/airflow/example_dags/example_branch_operator_decorator.py
[2025-11-09T21:28:47.544+0000] {logging_mixin.py:190} INFO - [2025-11-09T21:28:47.543+0000] {dag.py:3239} INFO - Sync 1 DAGs
[2025-11-09T21:28:47.589+0000] {logging_mixin.py:190} INFO - [2025-11-09T21:28:47.589+0000] {dag.py:4180} INFO - Setting next_dagrun for example_branch_python_operator_decorator to 2025-11-08 00:00:00+00:00, run_after=2025-11-09 00:00:00+00:00
[2025-11-09T21:28:47.623+0000] {processor.py:208} INFO - Processing /home/airflow/.local/lib/python3.12/site-packages/airflow/example_dags/example_branch_operator_decorator.py took 0.179 seconds
[2025-11-09T21:29:17.753+0000] {processor.py:186} INFO - Started process (PID=2733) to work on /home/airflow/.local/lib/python3.12/site-packages/airflow/example_dags/example_branch_operator_decorator.py
[2025-11-09T21:29:17.756+0000] {processor.py:914} INFO - Processing file /home/airflow/.local/lib/python3.12/site-packages/airflow/example_dags/example_branch_operator_decorator.py for tasks to queue
[2025-11-09T21:29:17.763+0000] {logging_mixin.py:190} INFO - [2025-11-09T21:29:17.762+0000] {dagbag.py:588} INFO - Filling up the DagBag from /home/airflow/.local/lib/python3.12/site-packages/airflow/example_dags/example_branch_operator_decorator.py
[2025-11-09T21:29:17.819+0000] {processor.py:925} INFO - DAG(s) 'example_branch_python_operator_decorator' retrieved from /home/airflow/.local/lib/python3.12/site-packages/airflow/example_dags/example_branch_operator_decorator.py
[2025-11-09T21:29:17.884+0000] {logging_mixin.py:190} INFO - [2025-11-09T21:29:17.884+0000] {dag.py:3239} INFO - Sync 1 DAGs
[2025-11-09T21:29:17.936+0000] {logging_mixin.py:190} INFO - [2025-11-09T21:29:17.935+0000] {dag.py:4180} INFO - Setting next_dagrun for example_branch_python_operator_decorator to 2025-11-08 00:00:00+00:00, run_after=2025-11-09 00:00:00+00:00
[2025-11-09T21:29:17.972+0000] {processor.py:208} INFO - Processing /home/airflow/.local/lib/python3.12/site-packages/airflow/example_dags/example_branch_operator_decorator.py took 0.241 seconds
[2025-11-09T21:29:48.329+0000] {processor.py:186} INFO - Started process (PID=2798) to work on /home/airflow/.local/lib/python3.12/site-packages/airflow/example_dags/example_branch_operator_decorator.py
[2025-11-09T21:29:48.331+0000] {processor.py:914} INFO - Processing file /home/airflow/.local/lib/python3.12/site-packages/airflow/example_dags/example_branch_operator_decorator.py for tasks to queue
[2025-11-09T21:29:48.336+0000] {logging_mixin.py:190} INFO - [2025-11-09T21:29:48.336+0000] {dagbag.py:588} INFO - Filling up the DagBag from /home/airflow/.local/lib/python3.12/site-packages/airflow/example_dags/example_branch_operator_decorator.py
[2025-11-09T21:29:48.375+0000] {processor.py:925} INFO - DAG(s) 'example_branch_python_operator_decorator' retrieved from /home/airflow/.local/lib/python3.12/site-packages/airflow/example_dags/example_branch_operator_decorator.py
[2025-11-09T21:29:48.431+0000] {logging_mixin.py:190} INFO - [2025-11-09T21:29:48.431+0000] {dag.py:3239} INFO - Sync 1 DAGs
[2025-11-09T21:29:48.478+0000] {logging_mixin.py:190} INFO - [2025-11-09T21:29:48.478+0000] {dag.py:4180} INFO - Setting next_dagrun for example_branch_python_operator_decorator to 2025-11-08 00:00:00+00:00, run_after=2025-11-09 00:00:00+00:00
[2025-11-09T21:29:48.517+0000] {processor.py:208} INFO - Processing /home/airflow/.local/lib/python3.12/site-packages/airflow/example_dags/example_branch_operator_decorator.py took 0.201 seconds
[2025-11-09T21:30:18.987+0000] {processor.py:186} INFO - Started process (PID=2861) to work on /home/airflow/.local/lib/python3.12/site-packages/airflow/example_dags/example_branch_operator_decorator.py
[2025-11-09T21:30:18.989+0000] {processor.py:914} INFO - Processing file /home/airflow/.local/lib/python3.12/site-packages/airflow/example_dags/example_branch_operator_decorator.py for tasks to queue
[2025-11-09T21:30:18.997+0000] {logging_mixin.py:190} INFO - [2025-11-09T21:30:18.996+0000] {dagbag.py:588} INFO - Filling up the DagBag from /home/airflow/.local/lib/python3.12/site-packages/airflow/example_dags/example_branch_operator_decorator.py
[2025-11-09T21:30:19.063+0000] {processor.py:925} INFO - DAG(s) 'example_branch_python_operator_decorator' retrieved from /home/airflow/.local/lib/python3.12/site-packages/airflow/example_dags/example_branch_operator_decorator.py
[2025-11-09T21:30:19.152+0000] {logging_mixin.py:190} INFO - [2025-11-09T21:30:19.152+0000] {dag.py:3239} INFO - Sync 1 DAGs
[2025-11-09T21:30:19.237+0000] {logging_mixin.py:190} INFO - [2025-11-09T21:30:19.236+0000] {dag.py:4180} INFO - Setting next_dagrun for example_branch_python_operator_decorator to 2025-11-08 00:00:00+00:00, run_after=2025-11-09 00:00:00+00:00
[2025-11-09T21:30:19.297+0000] {processor.py:208} INFO - Processing /home/airflow/.local/lib/python3.12/site-packages/airflow/example_dags/example_branch_operator_decorator.py took 0.326 seconds
[2025-11-09T21:30:49.464+0000] {processor.py:186} INFO - Started process (PID=2926) to work on /home/airflow/.local/lib/python3.12/site-packages/airflow/example_dags/example_branch_operator_decorator.py
[2025-11-09T21:30:49.466+0000] {processor.py:914} INFO - Processing file /home/airflow/.local/lib/python3.12/site-packages/airflow/example_dags/example_branch_operator_decorator.py for tasks to queue
[2025-11-09T21:30:49.471+0000] {logging_mixin.py:190} INFO - [2025-11-09T21:30:49.470+0000] {dagbag.py:588} INFO - Filling up the DagBag from /home/airflow/.local/lib/python3.12/site-packages/airflow/example_dags/example_branch_operator_decorator.py
[2025-11-09T21:30:49.508+0000] {processor.py:925} INFO - DAG(s) 'example_branch_python_operator_decorator' retrieved from /home/airflow/.local/lib/python3.12/site-packages/airflow/example_dags/example_branch_operator_decorator.py
[2025-11-09T21:30:49.561+0000] {logging_mixin.py:190} INFO - [2025-11-09T21:30:49.560+0000] {dag.py:3239} INFO - Sync 1 DAGs
[2025-11-09T21:30:49.600+0000] {logging_mixin.py:190} INFO - [2025-11-09T21:30:49.600+0000] {dag.py:4180} INFO - Setting next_dagrun for example_branch_python_operator_decorator to 2025-11-08 00:00:00+00:00, run_after=2025-11-09 00:00:00+00:00
[2025-11-09T21:30:49.630+0000] {processor.py:208} INFO - Processing /home/airflow/.local/lib/python3.12/site-packages/airflow/example_dags/example_branch_operator_decorator.py took 0.179 seconds
[2025-11-09T21:31:20.016+0000] {processor.py:186} INFO - Started process (PID=2990) to work on /home/airflow/.local/lib/python3.12/site-packages/airflow/example_dags/example_branch_operator_decorator.py
[2025-11-09T21:31:20.018+0000] {processor.py:914} INFO - Processing file /home/airflow/.local/lib/python3.12/site-packages/airflow/example_dags/example_branch_operator_decorator.py for tasks to queue
[2025-11-09T21:31:20.023+0000] {logging_mixin.py:190} INFO - [2025-11-09T21:31:20.023+0000] {dagbag.py:588} INFO - Filling up the DagBag from /home/airflow/.local/lib/python3.12/site-packages/airflow/example_dags/example_branch_operator_decorator.py
[2025-11-09T21:31:20.085+0000] {processor.py:925} INFO - DAG(s) 'example_branch_python_operator_decorator' retrieved from /home/airflow/.local/lib/python3.12/site-packages/airflow/example_dags/example_branch_operator_decorator.py
[2025-11-09T21:31:20.156+0000] {logging_mixin.py:190} INFO - [2025-11-09T21:31:20.155+0000] {dag.py:3239} INFO - Sync 1 DAGs
[2025-11-09T21:31:20.204+0000] {logging_mixin.py:190} INFO - [2025-11-09T21:31:20.204+0000] {dag.py:4180} INFO - Setting next_dagrun for example_branch_python_operator_decorator to 2025-11-08 00:00:00+00:00, run_after=2025-11-09 00:00:00+00:00
[2025-11-09T21:31:20.247+0000] {processor.py:208} INFO - Processing /home/airflow/.local/lib/python3.12/site-packages/airflow/example_dags/example_branch_operator_decorator.py took 0.242 seconds
[2025-11-09T21:31:50.822+0000] {processor.py:186} INFO - Started process (PID=3054) to work on /home/airflow/.local/lib/python3.12/site-packages/airflow/example_dags/example_branch_operator_decorator.py
[2025-11-09T21:31:50.824+0000] {processor.py:914} INFO - Processing file /home/airflow/.local/lib/python3.12/site-packages/airflow/example_dags/example_branch_operator_decorator.py for tasks to queue
[2025-11-09T21:31:50.828+0000] {logging_mixin.py:190} INFO - [2025-11-09T21:31:50.828+0000] {dagbag.py:588} INFO - Filling up the DagBag from /home/airflow/.local/lib/python3.12/site-packages/airflow/example_dags/example_branch_operator_decorator.py
[2025-11-09T21:31:50.863+0000] {processor.py:925} INFO - DAG(s) 'example_branch_python_operator_decorator' retrieved from /home/airflow/.local/lib/python3.12/site-packages/airflow/example_dags/example_branch_operator_decorator.py
[2025-11-09T21:31:50.918+0000] {logging_mixin.py:190} INFO - [2025-11-09T21:31:50.918+0000] {dag.py:3239} INFO - Sync 1 DAGs
[2025-11-09T21:31:51.213+0000] {logging_mixin.py:190} INFO - [2025-11-09T21:31:51.212+0000] {dag.py:4180} INFO - Setting next_dagrun for example_branch_python_operator_decorator to 2025-11-08 00:00:00+00:00, run_after=2025-11-09 00:00:00+00:00
[2025-11-09T21:31:51.245+0000] {processor.py:208} INFO - Processing /home/airflow/.local/lib/python3.12/site-packages/airflow/example_dags/example_branch_operator_decorator.py took 0.435 seconds
[2025-11-09T21:32:21.915+0000] {processor.py:186} INFO - Started process (PID=3118) to work on /home/airflow/.local/lib/python3.12/site-packages/airflow/example_dags/example_branch_operator_decorator.py
[2025-11-09T21:32:21.919+0000] {processor.py:914} INFO - Processing file /home/airflow/.local/lib/python3.12/site-packages/airflow/example_dags/example_branch_operator_decorator.py for tasks to queue
[2025-11-09T21:32:21.926+0000] {logging_mixin.py:190} INFO - [2025-11-09T21:32:21.925+0000] {dagbag.py:588} INFO - Filling up the DagBag from /home/airflow/.local/lib/python3.12/site-packages/airflow/example_dags/example_branch_operator_decorator.py
[2025-11-09T21:32:21.984+0000] {processor.py:925} INFO - DAG(s) 'example_branch_python_operator_decorator' retrieved from /home/airflow/.local/lib/python3.12/site-packages/airflow/example_dags/example_branch_operator_decorator.py
[2025-11-09T21:32:22.054+0000] {logging_mixin.py:190} INFO - [2025-11-09T21:32:22.053+0000] {dag.py:3239} INFO - Sync 1 DAGs
[2025-11-09T21:32:22.430+0000] {logging_mixin.py:190} INFO - [2025-11-09T21:32:22.429+0000] {dag.py:4180} INFO - Setting next_dagrun for example_branch_python_operator_decorator to 2025-11-08 00:00:00+00:00, run_after=2025-11-09 00:00:00+00:00
[2025-11-09T21:32:22.466+0000] {processor.py:208} INFO - Processing /home/airflow/.local/lib/python3.12/site-packages/airflow/example_dags/example_branch_operator_decorator.py took 0.569 seconds
[2025-11-09T21:32:52.759+0000] {processor.py:186} INFO - Started process (PID=3182) to work on /home/airflow/.local/lib/python3.12/site-packages/airflow/example_dags/example_branch_operator_decorator.py
[2025-11-09T21:32:52.763+0000] {processor.py:914} INFO - Processing file /home/airflow/.local/lib/python3.12/site-packages/airflow/example_dags/example_branch_operator_decorator.py for tasks to queue
[2025-11-09T21:32:52.774+0000] {logging_mixin.py:190} INFO - [2025-11-09T21:32:52.773+0000] {dagbag.py:588} INFO - Filling up the DagBag from /home/airflow/.local/lib/python3.12/site-packages/airflow/example_dags/example_branch_operator_decorator.py
[2025-11-09T21:32:52.851+0000] {processor.py:925} INFO - DAG(s) 'example_branch_python_operator_decorator' retrieved from /home/airflow/.local/lib/python3.12/site-packages/airflow/example_dags/example_branch_operator_decorator.py
[2025-11-09T21:32:52.941+0000] {logging_mixin.py:190} INFO - [2025-11-09T21:32:52.941+0000] {dag.py:3239} INFO - Sync 1 DAGs
[2025-11-09T21:32:53.018+0000] {logging_mixin.py:190} INFO - [2025-11-09T21:32:53.018+0000] {dag.py:4180} INFO - Setting next_dagrun for example_branch_python_operator_decorator to 2025-11-08 00:00:00+00:00, run_after=2025-11-09 00:00:00+00:00
[2025-11-09T21:32:53.076+0000] {processor.py:208} INFO - Processing /home/airflow/.local/lib/python3.12/site-packages/airflow/example_dags/example_branch_operator_decorator.py took 0.341 seconds
[2025-11-09T21:33:23.680+0000] {processor.py:186} INFO - Started process (PID=3247) to work on /home/airflow/.local/lib/python3.12/site-packages/airflow/example_dags/example_branch_operator_decorator.py
[2025-11-09T21:33:23.683+0000] {processor.py:914} INFO - Processing file /home/airflow/.local/lib/python3.12/site-packages/airflow/example_dags/example_branch_operator_decorator.py for tasks to queue
[2025-11-09T21:33:23.691+0000] {logging_mixin.py:190} INFO - [2025-11-09T21:33:23.690+0000] {dagbag.py:588} INFO - Filling up the DagBag from /home/airflow/.local/lib/python3.12/site-packages/airflow/example_dags/example_branch_operator_decorator.py
[2025-11-09T21:33:23.763+0000] {processor.py:925} INFO - DAG(s) 'example_branch_python_operator_decorator' retrieved from /home/airflow/.local/lib/python3.12/site-packages/airflow/example_dags/example_branch_operator_decorator.py
[2025-11-09T21:33:23.841+0000] {logging_mixin.py:190} INFO - [2025-11-09T21:33:23.841+0000] {dag.py:3239} INFO - Sync 1 DAGs
[2025-11-09T21:33:23.901+0000] {logging_mixin.py:190} INFO - [2025-11-09T21:33:23.900+0000] {dag.py:4180} INFO - Setting next_dagrun for example_branch_python_operator_decorator to 2025-11-08 00:00:00+00:00, run_after=2025-11-09 00:00:00+00:00
[2025-11-09T21:33:23.944+0000] {processor.py:208} INFO - Processing /home/airflow/.local/lib/python3.12/site-packages/airflow/example_dags/example_branch_operator_decorator.py took 0.283 seconds
[2025-11-09T21:33:54.196+0000] {processor.py:186} INFO - Started process (PID=3310) to work on /home/airflow/.local/lib/python3.12/site-packages/airflow/example_dags/example_branch_operator_decorator.py
[2025-11-09T21:33:54.199+0000] {processor.py:914} INFO - Processing file /home/airflow/.local/lib/python3.12/site-packages/airflow/example_dags/example_branch_operator_decorator.py for tasks to queue
[2025-11-09T21:33:54.212+0000] {logging_mixin.py:190} INFO - [2025-11-09T21:33:54.210+0000] {dagbag.py:588} INFO - Filling up the DagBag from /home/airflow/.local/lib/python3.12/site-packages/airflow/example_dags/example_branch_operator_decorator.py
[2025-11-09T21:33:54.303+0000] {processor.py:925} INFO - DAG(s) 'example_branch_python_operator_decorator' retrieved from /home/airflow/.local/lib/python3.12/site-packages/airflow/example_dags/example_branch_operator_decorator.py
[2025-11-09T21:33:54.439+0000] {logging_mixin.py:190} INFO - [2025-11-09T21:33:54.438+0000] {dag.py:3239} INFO - Sync 1 DAGs
[2025-11-09T21:33:54.526+0000] {logging_mixin.py:190} INFO - [2025-11-09T21:33:54.525+0000] {dag.py:4180} INFO - Setting next_dagrun for example_branch_python_operator_decorator to 2025-11-08 00:00:00+00:00, run_after=2025-11-09 00:00:00+00:00
[2025-11-09T21:33:54.573+0000] {processor.py:208} INFO - Processing /home/airflow/.local/lib/python3.12/site-packages/airflow/example_dags/example_branch_operator_decorator.py took 0.400 seconds
[2025-11-09T21:34:25.273+0000] {processor.py:186} INFO - Started process (PID=3378) to work on /home/airflow/.local/lib/python3.12/site-packages/airflow/example_dags/example_branch_operator_decorator.py
[2025-11-09T21:34:25.275+0000] {processor.py:914} INFO - Processing file /home/airflow/.local/lib/python3.12/site-packages/airflow/example_dags/example_branch_operator_decorator.py for tasks to queue
[2025-11-09T21:34:25.279+0000] {logging_mixin.py:190} INFO - [2025-11-09T21:34:25.279+0000] {dagbag.py:588} INFO - Filling up the DagBag from /home/airflow/.local/lib/python3.12/site-packages/airflow/example_dags/example_branch_operator_decorator.py
[2025-11-09T21:34:25.316+0000] {processor.py:925} INFO - DAG(s) 'example_branch_python_operator_decorator' retrieved from /home/airflow/.local/lib/python3.12/site-packages/airflow/example_dags/example_branch_operator_decorator.py
[2025-11-09T21:34:25.369+0000] {logging_mixin.py:190} INFO - [2025-11-09T21:34:25.368+0000] {dag.py:3239} INFO - Sync 1 DAGs
[2025-11-09T21:34:25.450+0000] {logging_mixin.py:190} INFO - [2025-11-09T21:34:25.450+0000] {dag.py:4180} INFO - Setting next_dagrun for example_branch_python_operator_decorator to 2025-11-08 00:00:00+00:00, run_after=2025-11-09 00:00:00+00:00
[2025-11-09T21:34:25.500+0000] {processor.py:208} INFO - Processing /home/airflow/.local/lib/python3.12/site-packages/airflow/example_dags/example_branch_operator_decorator.py took 0.239 seconds
[2025-11-09T21:34:55.903+0000] {processor.py:186} INFO - Started process (PID=3443) to work on /home/airflow/.local/lib/python3.12/site-packages/airflow/example_dags/example_branch_operator_decorator.py
[2025-11-09T21:34:55.906+0000] {processor.py:914} INFO - Processing file /home/airflow/.local/lib/python3.12/site-packages/airflow/example_dags/example_branch_operator_decorator.py for tasks to queue
[2025-11-09T21:34:55.911+0000] {logging_mixin.py:190} INFO - [2025-11-09T21:34:55.910+0000] {dagbag.py:588} INFO - Filling up the DagBag from /home/airflow/.local/lib/python3.12/site-packages/airflow/example_dags/example_branch_operator_decorator.py
[2025-11-09T21:34:55.956+0000] {processor.py:925} INFO - DAG(s) 'example_branch_python_operator_decorator' retrieved from /home/airflow/.local/lib/python3.12/site-packages/airflow/example_dags/example_branch_operator_decorator.py
[2025-11-09T21:34:56.009+0000] {logging_mixin.py:190} INFO - [2025-11-09T21:34:56.008+0000] {dag.py:3239} INFO - Sync 1 DAGs
[2025-11-09T21:34:56.052+0000] {logging_mixin.py:190} INFO - [2025-11-09T21:34:56.052+0000] {dag.py:4180} INFO - Setting next_dagrun for example_branch_python_operator_decorator to 2025-11-08 00:00:00+00:00, run_after=2025-11-09 00:00:00+00:00
[2025-11-09T21:34:56.089+0000] {processor.py:208} INFO - Processing /home/airflow/.local/lib/python3.12/site-packages/airflow/example_dags/example_branch_operator_decorator.py took 0.203 seconds
[2025-11-09T21:35:26.303+0000] {processor.py:186} INFO - Started process (PID=3507) to work on /home/airflow/.local/lib/python3.12/site-packages/airflow/example_dags/example_branch_operator_decorator.py
[2025-11-09T21:35:26.306+0000] {processor.py:914} INFO - Processing file /home/airflow/.local/lib/python3.12/site-packages/airflow/example_dags/example_branch_operator_decorator.py for tasks to queue
[2025-11-09T21:35:26.314+0000] {logging_mixin.py:190} INFO - [2025-11-09T21:35:26.313+0000] {dagbag.py:588} INFO - Filling up the DagBag from /home/airflow/.local/lib/python3.12/site-packages/airflow/example_dags/example_branch_operator_decorator.py
[2025-11-09T21:35:26.379+0000] {processor.py:925} INFO - DAG(s) 'example_branch_python_operator_decorator' retrieved from /home/airflow/.local/lib/python3.12/site-packages/airflow/example_dags/example_branch_operator_decorator.py
[2025-11-09T21:35:26.456+0000] {logging_mixin.py:190} INFO - [2025-11-09T21:35:26.455+0000] {dag.py:3239} INFO - Sync 1 DAGs
[2025-11-09T21:35:26.529+0000] {logging_mixin.py:190} INFO - [2025-11-09T21:35:26.528+0000] {dag.py:4180} INFO - Setting next_dagrun for example_branch_python_operator_decorator to 2025-11-08 00:00:00+00:00, run_after=2025-11-09 00:00:00+00:00
[2025-11-09T21:35:26.576+0000] {processor.py:208} INFO - Processing /home/airflow/.local/lib/python3.12/site-packages/airflow/example_dags/example_branch_operator_decorator.py took 0.293 seconds
[2025-11-09T21:35:56.961+0000] {processor.py:186} INFO - Started process (PID=3570) to work on /home/airflow/.local/lib/python3.12/site-packages/airflow/example_dags/example_branch_operator_decorator.py
[2025-11-09T21:35:56.963+0000] {processor.py:914} INFO - Processing file /home/airflow/.local/lib/python3.12/site-packages/airflow/example_dags/example_branch_operator_decorator.py for tasks to queue
[2025-11-09T21:35:56.968+0000] {logging_mixin.py:190} INFO - [2025-11-09T21:35:56.968+0000] {dagbag.py:588} INFO - Filling up the DagBag from /home/airflow/.local/lib/python3.12/site-packages/airflow/example_dags/example_branch_operator_decorator.py
[2025-11-09T21:35:57.027+0000] {processor.py:925} INFO - DAG(s) 'example_branch_python_operator_decorator' retrieved from /home/airflow/.local/lib/python3.12/site-packages/airflow/example_dags/example_branch_operator_decorator.py
[2025-11-09T21:35:57.115+0000] {logging_mixin.py:190} INFO - [2025-11-09T21:35:57.113+0000] {dag.py:3239} INFO - Sync 1 DAGs
[2025-11-09T21:35:57.193+0000] {logging_mixin.py:190} INFO - [2025-11-09T21:35:57.192+0000] {dag.py:4180} INFO - Setting next_dagrun for example_branch_python_operator_decorator to 2025-11-08 00:00:00+00:00, run_after=2025-11-09 00:00:00+00:00
[2025-11-09T21:35:57.249+0000] {processor.py:208} INFO - Processing /home/airflow/.local/lib/python3.12/site-packages/airflow/example_dags/example_branch_operator_decorator.py took 0.302 seconds
[2025-11-09T21:36:28.251+0000] {processor.py:186} INFO - Started process (PID=3632) to work on /home/airflow/.local/lib/python3.12/site-packages/airflow/example_dags/example_branch_operator_decorator.py
[2025-11-09T21:36:28.255+0000] {processor.py:914} INFO - Processing file /home/airflow/.local/lib/python3.12/site-packages/airflow/example_dags/example_branch_operator_decorator.py for tasks to queue
[2025-11-09T21:36:28.264+0000] {logging_mixin.py:190} INFO - [2025-11-09T21:36:28.263+0000] {dagbag.py:588} INFO - Filling up the DagBag from /home/airflow/.local/lib/python3.12/site-packages/airflow/example_dags/example_branch_operator_decorator.py
[2025-11-09T21:36:28.360+0000] {processor.py:925} INFO - DAG(s) 'example_branch_python_operator_decorator' retrieved from /home/airflow/.local/lib/python3.12/site-packages/airflow/example_dags/example_branch_operator_decorator.py
[2025-11-09T21:36:28.454+0000] {logging_mixin.py:190} INFO - [2025-11-09T21:36:28.453+0000] {dag.py:3239} INFO - Sync 1 DAGs
[2025-11-09T21:36:28.538+0000] {logging_mixin.py:190} INFO - [2025-11-09T21:36:28.537+0000] {dag.py:4180} INFO - Setting next_dagrun for example_branch_python_operator_decorator to 2025-11-08 00:00:00+00:00, run_after=2025-11-09 00:00:00+00:00
[2025-11-09T21:36:28.594+0000] {processor.py:208} INFO - Processing /home/airflow/.local/lib/python3.12/site-packages/airflow/example_dags/example_branch_operator_decorator.py took 0.372 seconds
[2025-11-09T21:36:59.658+0000] {processor.py:186} INFO - Started process (PID=3697) to work on /home/airflow/.local/lib/python3.12/site-packages/airflow/example_dags/example_branch_operator_decorator.py
[2025-11-09T21:36:59.662+0000] {processor.py:914} INFO - Processing file /home/airflow/.local/lib/python3.12/site-packages/airflow/example_dags/example_branch_operator_decorator.py for tasks to queue
[2025-11-09T21:36:59.677+0000] {logging_mixin.py:190} INFO - [2025-11-09T21:36:59.675+0000] {dagbag.py:588} INFO - Filling up the DagBag from /home/airflow/.local/lib/python3.12/site-packages/airflow/example_dags/example_branch_operator_decorator.py
[2025-11-09T21:36:59.770+0000] {processor.py:925} INFO - DAG(s) 'example_branch_python_operator_decorator' retrieved from /home/airflow/.local/lib/python3.12/site-packages/airflow/example_dags/example_branch_operator_decorator.py
[2025-11-09T21:36:59.877+0000] {logging_mixin.py:190} INFO - [2025-11-09T21:36:59.877+0000] {dag.py:3239} INFO - Sync 1 DAGs
[2025-11-09T21:36:59.982+0000] {logging_mixin.py:190} INFO - [2025-11-09T21:36:59.972+0000] {dag.py:4180} INFO - Setting next_dagrun for example_branch_python_operator_decorator to 2025-11-08 00:00:00+00:00, run_after=2025-11-09 00:00:00+00:00
[2025-11-09T21:37:00.077+0000] {processor.py:208} INFO - Processing /home/airflow/.local/lib/python3.12/site-packages/airflow/example_dags/example_branch_operator_decorator.py took 0.454 seconds
[2025-11-09T21:37:32.509+0000] {processor.py:186} INFO - Started process (PID=3760) to work on /home/airflow/.local/lib/python3.12/site-packages/airflow/example_dags/example_branch_operator_decorator.py
[2025-11-09T21:37:32.513+0000] {processor.py:914} INFO - Processing file /home/airflow/.local/lib/python3.12/site-packages/airflow/example_dags/example_branch_operator_decorator.py for tasks to queue
[2025-11-09T21:37:32.522+0000] {logging_mixin.py:190} INFO - [2025-11-09T21:37:32.521+0000] {dagbag.py:588} INFO - Filling up the DagBag from /home/airflow/.local/lib/python3.12/site-packages/airflow/example_dags/example_branch_operator_decorator.py
[2025-11-09T21:37:32.606+0000] {processor.py:925} INFO - DAG(s) 'example_branch_python_operator_decorator' retrieved from /home/airflow/.local/lib/python3.12/site-packages/airflow/example_dags/example_branch_operator_decorator.py
[2025-11-09T21:37:32.711+0000] {logging_mixin.py:190} INFO - [2025-11-09T21:37:32.710+0000] {dag.py:3239} INFO - Sync 1 DAGs
[2025-11-09T21:37:32.795+0000] {logging_mixin.py:190} INFO - [2025-11-09T21:37:32.794+0000] {dag.py:4180} INFO - Setting next_dagrun for example_branch_python_operator_decorator to 2025-11-08 00:00:00+00:00, run_after=2025-11-09 00:00:00+00:00
[2025-11-09T21:37:32.851+0000] {processor.py:208} INFO - Processing /home/airflow/.local/lib/python3.12/site-packages/airflow/example_dags/example_branch_operator_decorator.py took 0.365 seconds
[2025-11-09T21:38:03.308+0000] {processor.py:186} INFO - Started process (PID=3824) to work on /home/airflow/.local/lib/python3.12/site-packages/airflow/example_dags/example_branch_operator_decorator.py
[2025-11-09T21:38:03.311+0000] {processor.py:914} INFO - Processing file /home/airflow/.local/lib/python3.12/site-packages/airflow/example_dags/example_branch_operator_decorator.py for tasks to queue
[2025-11-09T21:38:03.317+0000] {logging_mixin.py:190} INFO - [2025-11-09T21:38:03.317+0000] {dagbag.py:588} INFO - Filling up the DagBag from /home/airflow/.local/lib/python3.12/site-packages/airflow/example_dags/example_branch_operator_decorator.py
[2025-11-09T21:38:03.380+0000] {processor.py:925} INFO - DAG(s) 'example_branch_python_operator_decorator' retrieved from /home/airflow/.local/lib/python3.12/site-packages/airflow/example_dags/example_branch_operator_decorator.py
[2025-11-09T21:38:03.460+0000] {logging_mixin.py:190} INFO - [2025-11-09T21:38:03.459+0000] {dag.py:3239} INFO - Sync 1 DAGs
[2025-11-09T21:38:03.528+0000] {logging_mixin.py:190} INFO - [2025-11-09T21:38:03.528+0000] {dag.py:4180} INFO - Setting next_dagrun for example_branch_python_operator_decorator to 2025-11-08 00:00:00+00:00, run_after=2025-11-09 00:00:00+00:00
[2025-11-09T21:38:03.574+0000] {processor.py:208} INFO - Processing /home/airflow/.local/lib/python3.12/site-packages/airflow/example_dags/example_branch_operator_decorator.py took 0.282 seconds
[2025-11-09T21:38:33.799+0000] {processor.py:186} INFO - Started process (PID=3889) to work on /home/airflow/.local/lib/python3.12/site-packages/airflow/example_dags/example_branch_operator_decorator.py
[2025-11-09T21:38:33.802+0000] {processor.py:914} INFO - Processing file /home/airflow/.local/lib/python3.12/site-packages/airflow/example_dags/example_branch_operator_decorator.py for tasks to queue
[2025-11-09T21:38:33.807+0000] {logging_mixin.py:190} INFO - [2025-11-09T21:38:33.806+0000] {dagbag.py:588} INFO - Filling up the DagBag from /home/airflow/.local/lib/python3.12/site-packages/airflow/example_dags/example_branch_operator_decorator.py
[2025-11-09T21:38:33.854+0000] {processor.py:925} INFO - DAG(s) 'example_branch_python_operator_decorator' retrieved from /home/airflow/.local/lib/python3.12/site-packages/airflow/example_dags/example_branch_operator_decorator.py
[2025-11-09T21:38:33.915+0000] {logging_mixin.py:190} INFO - [2025-11-09T21:38:33.914+0000] {dag.py:3239} INFO - Sync 1 DAGs
[2025-11-09T21:38:33.969+0000] {logging_mixin.py:190} INFO - [2025-11-09T21:38:33.969+0000] {dag.py:4180} INFO - Setting next_dagrun for example_branch_python_operator_decorator to 2025-11-08 00:00:00+00:00, run_after=2025-11-09 00:00:00+00:00
[2025-11-09T21:38:34.010+0000] {processor.py:208} INFO - Processing /home/airflow/.local/lib/python3.12/site-packages/airflow/example_dags/example_branch_operator_decorator.py took 0.223 seconds
[2025-11-09T21:39:05.139+0000] {processor.py:186} INFO - Started process (PID=3953) to work on /home/airflow/.local/lib/python3.12/site-packages/airflow/example_dags/example_branch_operator_decorator.py
[2025-11-09T21:39:05.142+0000] {processor.py:914} INFO - Processing file /home/airflow/.local/lib/python3.12/site-packages/airflow/example_dags/example_branch_operator_decorator.py for tasks to queue
[2025-11-09T21:39:05.148+0000] {logging_mixin.py:190} INFO - [2025-11-09T21:39:05.147+0000] {dagbag.py:588} INFO - Filling up the DagBag from /home/airflow/.local/lib/python3.12/site-packages/airflow/example_dags/example_branch_operator_decorator.py
[2025-11-09T21:39:05.204+0000] {processor.py:925} INFO - DAG(s) 'example_branch_python_operator_decorator' retrieved from /home/airflow/.local/lib/python3.12/site-packages/airflow/example_dags/example_branch_operator_decorator.py
[2025-11-09T21:39:05.266+0000] {logging_mixin.py:190} INFO - [2025-11-09T21:39:05.266+0000] {dag.py:3239} INFO - Sync 1 DAGs
[2025-11-09T21:39:05.318+0000] {logging_mixin.py:190} INFO - [2025-11-09T21:39:05.318+0000] {dag.py:4180} INFO - Setting next_dagrun for example_branch_python_operator_decorator to 2025-11-08 00:00:00+00:00, run_after=2025-11-09 00:00:00+00:00
[2025-11-09T21:39:05.356+0000] {processor.py:208} INFO - Processing /home/airflow/.local/lib/python3.12/site-packages/airflow/example_dags/example_branch_operator_decorator.py took 0.234 seconds
[2025-11-09T21:39:35.541+0000] {processor.py:186} INFO - Started process (PID=4014) to work on /home/airflow/.local/lib/python3.12/site-packages/airflow/example_dags/example_branch_operator_decorator.py
[2025-11-09T21:39:35.545+0000] {processor.py:914} INFO - Processing file /home/airflow/.local/lib/python3.12/site-packages/airflow/example_dags/example_branch_operator_decorator.py for tasks to queue
[2025-11-09T21:39:35.555+0000] {logging_mixin.py:190} INFO - [2025-11-09T21:39:35.554+0000] {dagbag.py:588} INFO - Filling up the DagBag from /home/airflow/.local/lib/python3.12/site-packages/airflow/example_dags/example_branch_operator_decorator.py
[2025-11-09T21:39:35.627+0000] {processor.py:925} INFO - DAG(s) 'example_branch_python_operator_decorator' retrieved from /home/airflow/.local/lib/python3.12/site-packages/airflow/example_dags/example_branch_operator_decorator.py
[2025-11-09T21:39:35.721+0000] {logging_mixin.py:190} INFO - [2025-11-09T21:39:35.720+0000] {dag.py:3239} INFO - Sync 1 DAGs
[2025-11-09T21:39:35.797+0000] {logging_mixin.py:190} INFO - [2025-11-09T21:39:35.796+0000] {dag.py:4180} INFO - Setting next_dagrun for example_branch_python_operator_decorator to 2025-11-08 00:00:00+00:00, run_after=2025-11-09 00:00:00+00:00
[2025-11-09T21:39:35.852+0000] {processor.py:208} INFO - Processing /home/airflow/.local/lib/python3.12/site-packages/airflow/example_dags/example_branch_operator_decorator.py took 0.330 seconds
[2025-11-09T21:40:06.422+0000] {processor.py:186} INFO - Started process (PID=4077) to work on /home/airflow/.local/lib/python3.12/site-packages/airflow/example_dags/example_branch_operator_decorator.py
[2025-11-09T21:40:06.424+0000] {processor.py:914} INFO - Processing file /home/airflow/.local/lib/python3.12/site-packages/airflow/example_dags/example_branch_operator_decorator.py for tasks to queue
[2025-11-09T21:40:06.430+0000] {logging_mixin.py:190} INFO - [2025-11-09T21:40:06.429+0000] {dagbag.py:588} INFO - Filling up the DagBag from /home/airflow/.local/lib/python3.12/site-packages/airflow/example_dags/example_branch_operator_decorator.py
[2025-11-09T21:40:06.482+0000] {processor.py:925} INFO - DAG(s) 'example_branch_python_operator_decorator' retrieved from /home/airflow/.local/lib/python3.12/site-packages/airflow/example_dags/example_branch_operator_decorator.py
[2025-11-09T21:40:06.546+0000] {logging_mixin.py:190} INFO - [2025-11-09T21:40:06.545+0000] {dag.py:3239} INFO - Sync 1 DAGs
[2025-11-09T21:40:06.600+0000] {logging_mixin.py:190} INFO - [2025-11-09T21:40:06.600+0000] {dag.py:4180} INFO - Setting next_dagrun for example_branch_python_operator_decorator to 2025-11-08 00:00:00+00:00, run_after=2025-11-09 00:00:00+00:00
[2025-11-09T21:40:06.641+0000] {processor.py:208} INFO - Processing /home/airflow/.local/lib/python3.12/site-packages/airflow/example_dags/example_branch_operator_decorator.py took 0.232 seconds
[2025-11-09T21:40:37.278+0000] {processor.py:186} INFO - Started process (PID=4141) to work on /home/airflow/.local/lib/python3.12/site-packages/airflow/example_dags/example_branch_operator_decorator.py
[2025-11-09T21:40:37.280+0000] {processor.py:914} INFO - Processing file /home/airflow/.local/lib/python3.12/site-packages/airflow/example_dags/example_branch_operator_decorator.py for tasks to queue
[2025-11-09T21:40:37.285+0000] {logging_mixin.py:190} INFO - [2025-11-09T21:40:37.285+0000] {dagbag.py:588} INFO - Filling up the DagBag from /home/airflow/.local/lib/python3.12/site-packages/airflow/example_dags/example_branch_operator_decorator.py
[2025-11-09T21:40:37.331+0000] {processor.py:925} INFO - DAG(s) 'example_branch_python_operator_decorator' retrieved from /home/airflow/.local/lib/python3.12/site-packages/airflow/example_dags/example_branch_operator_decorator.py
[2025-11-09T21:40:37.385+0000] {logging_mixin.py:190} INFO - [2025-11-09T21:40:37.385+0000] {dag.py:3239} INFO - Sync 1 DAGs
[2025-11-09T21:40:37.433+0000] {logging_mixin.py:190} INFO - [2025-11-09T21:40:37.433+0000] {dag.py:4180} INFO - Setting next_dagrun for example_branch_python_operator_decorator to 2025-11-08 00:00:00+00:00, run_after=2025-11-09 00:00:00+00:00
[2025-11-09T21:40:37.470+0000] {processor.py:208} INFO - Processing /home/airflow/.local/lib/python3.12/site-packages/airflow/example_dags/example_branch_operator_decorator.py took 0.207 seconds
[2025-11-09T21:41:07.671+0000] {processor.py:186} INFO - Started process (PID=4205) to work on /home/airflow/.local/lib/python3.12/site-packages/airflow/example_dags/example_branch_operator_decorator.py
[2025-11-09T21:41:07.673+0000] {processor.py:914} INFO - Processing file /home/airflow/.local/lib/python3.12/site-packages/airflow/example_dags/example_branch_operator_decorator.py for tasks to queue
[2025-11-09T21:41:07.679+0000] {logging_mixin.py:190} INFO - [2025-11-09T21:41:07.678+0000] {dagbag.py:588} INFO - Filling up the DagBag from /home/airflow/.local/lib/python3.12/site-packages/airflow/example_dags/example_branch_operator_decorator.py
[2025-11-09T21:41:07.737+0000] {processor.py:925} INFO - DAG(s) 'example_branch_python_operator_decorator' retrieved from /home/airflow/.local/lib/python3.12/site-packages/airflow/example_dags/example_branch_operator_decorator.py
[2025-11-09T21:41:07.793+0000] {logging_mixin.py:190} INFO - [2025-11-09T21:41:07.793+0000] {dag.py:3239} INFO - Sync 1 DAGs
[2025-11-09T21:41:07.845+0000] {logging_mixin.py:190} INFO - [2025-11-09T21:41:07.845+0000] {dag.py:4180} INFO - Setting next_dagrun for example_branch_python_operator_decorator to 2025-11-08 00:00:00+00:00, run_after=2025-11-09 00:00:00+00:00
[2025-11-09T21:41:07.891+0000] {processor.py:208} INFO - Processing /home/airflow/.local/lib/python3.12/site-packages/airflow/example_dags/example_branch_operator_decorator.py took 0.234 seconds
[2025-11-09T21:41:38.210+0000] {processor.py:186} INFO - Started process (PID=4269) to work on /home/airflow/.local/lib/python3.12/site-packages/airflow/example_dags/example_branch_operator_decorator.py
[2025-11-09T21:41:38.212+0000] {processor.py:914} INFO - Processing file /home/airflow/.local/lib/python3.12/site-packages/airflow/example_dags/example_branch_operator_decorator.py for tasks to queue
[2025-11-09T21:41:38.217+0000] {logging_mixin.py:190} INFO - [2025-11-09T21:41:38.216+0000] {dagbag.py:588} INFO - Filling up the DagBag from /home/airflow/.local/lib/python3.12/site-packages/airflow/example_dags/example_branch_operator_decorator.py
[2025-11-09T21:41:38.265+0000] {processor.py:925} INFO - DAG(s) 'example_branch_python_operator_decorator' retrieved from /home/airflow/.local/lib/python3.12/site-packages/airflow/example_dags/example_branch_operator_decorator.py
[2025-11-09T21:41:38.324+0000] {logging_mixin.py:190} INFO - [2025-11-09T21:41:38.324+0000] {dag.py:3239} INFO - Sync 1 DAGs
[2025-11-09T21:41:38.386+0000] {logging_mixin.py:190} INFO - [2025-11-09T21:41:38.385+0000] {dag.py:4180} INFO - Setting next_dagrun for example_branch_python_operator_decorator to 2025-11-08 00:00:00+00:00, run_after=2025-11-09 00:00:00+00:00
[2025-11-09T21:41:38.430+0000] {processor.py:208} INFO - Processing /home/airflow/.local/lib/python3.12/site-packages/airflow/example_dags/example_branch_operator_decorator.py took 0.234 seconds
[2025-11-09T21:42:08.909+0000] {processor.py:186} INFO - Started process (PID=4332) to work on /home/airflow/.local/lib/python3.12/site-packages/airflow/example_dags/example_branch_operator_decorator.py
[2025-11-09T21:42:08.911+0000] {processor.py:914} INFO - Processing file /home/airflow/.local/lib/python3.12/site-packages/airflow/example_dags/example_branch_operator_decorator.py for tasks to queue
[2025-11-09T21:42:08.917+0000] {logging_mixin.py:190} INFO - [2025-11-09T21:42:08.916+0000] {dagbag.py:588} INFO - Filling up the DagBag from /home/airflow/.local/lib/python3.12/site-packages/airflow/example_dags/example_branch_operator_decorator.py
[2025-11-09T21:42:08.948+0000] {processor.py:925} INFO - DAG(s) 'example_branch_python_operator_decorator' retrieved from /home/airflow/.local/lib/python3.12/site-packages/airflow/example_dags/example_branch_operator_decorator.py
[2025-11-09T21:42:09.003+0000] {logging_mixin.py:190} INFO - [2025-11-09T21:42:09.002+0000] {dag.py:3239} INFO - Sync 1 DAGs
[2025-11-09T21:42:09.048+0000] {logging_mixin.py:190} INFO - [2025-11-09T21:42:09.048+0000] {dag.py:4180} INFO - Setting next_dagrun for example_branch_python_operator_decorator to 2025-11-08 00:00:00+00:00, run_after=2025-11-09 00:00:00+00:00
[2025-11-09T21:42:09.083+0000] {processor.py:208} INFO - Processing /home/airflow/.local/lib/python3.12/site-packages/airflow/example_dags/example_branch_operator_decorator.py took 0.184 seconds
[2025-11-09T21:42:39.258+0000] {processor.py:186} INFO - Started process (PID=4397) to work on /home/airflow/.local/lib/python3.12/site-packages/airflow/example_dags/example_branch_operator_decorator.py
[2025-11-09T21:42:39.259+0000] {processor.py:914} INFO - Processing file /home/airflow/.local/lib/python3.12/site-packages/airflow/example_dags/example_branch_operator_decorator.py for tasks to queue
[2025-11-09T21:42:39.264+0000] {logging_mixin.py:190} INFO - [2025-11-09T21:42:39.263+0000] {dagbag.py:588} INFO - Filling up the DagBag from /home/airflow/.local/lib/python3.12/site-packages/airflow/example_dags/example_branch_operator_decorator.py
[2025-11-09T21:42:39.314+0000] {processor.py:925} INFO - DAG(s) 'example_branch_python_operator_decorator' retrieved from /home/airflow/.local/lib/python3.12/site-packages/airflow/example_dags/example_branch_operator_decorator.py
[2025-11-09T21:42:39.363+0000] {logging_mixin.py:190} INFO - [2025-11-09T21:42:39.363+0000] {dag.py:3239} INFO - Sync 1 DAGs
[2025-11-09T21:42:39.405+0000] {logging_mixin.py:190} INFO - [2025-11-09T21:42:39.405+0000] {dag.py:4180} INFO - Setting next_dagrun for example_branch_python_operator_decorator to 2025-11-08 00:00:00+00:00, run_after=2025-11-09 00:00:00+00:00
[2025-11-09T21:42:39.437+0000] {processor.py:208} INFO - Processing /home/airflow/.local/lib/python3.12/site-packages/airflow/example_dags/example_branch_operator_decorator.py took 0.189 seconds
[2025-11-09T21:43:10.053+0000] {processor.py:186} INFO - Started process (PID=4461) to work on /home/airflow/.local/lib/python3.12/site-packages/airflow/example_dags/example_branch_operator_decorator.py
[2025-11-09T21:43:10.055+0000] {processor.py:914} INFO - Processing file /home/airflow/.local/lib/python3.12/site-packages/airflow/example_dags/example_branch_operator_decorator.py for tasks to queue
[2025-11-09T21:43:10.059+0000] {logging_mixin.py:190} INFO - [2025-11-09T21:43:10.059+0000] {dagbag.py:588} INFO - Filling up the DagBag from /home/airflow/.local/lib/python3.12/site-packages/airflow/example_dags/example_branch_operator_decorator.py
[2025-11-09T21:43:10.101+0000] {processor.py:925} INFO - DAG(s) 'example_branch_python_operator_decorator' retrieved from /home/airflow/.local/lib/python3.12/site-packages/airflow/example_dags/example_branch_operator_decorator.py
[2025-11-09T21:43:10.153+0000] {logging_mixin.py:190} INFO - [2025-11-09T21:43:10.153+0000] {dag.py:3239} INFO - Sync 1 DAGs
[2025-11-09T21:43:10.200+0000] {logging_mixin.py:190} INFO - [2025-11-09T21:43:10.200+0000] {dag.py:4180} INFO - Setting next_dagrun for example_branch_python_operator_decorator to 2025-11-08 00:00:00+00:00, run_after=2025-11-09 00:00:00+00:00
[2025-11-09T21:43:10.236+0000] {processor.py:208} INFO - Processing /home/airflow/.local/lib/python3.12/site-packages/airflow/example_dags/example_branch_operator_decorator.py took 0.193 seconds
[2025-11-09T21:43:40.447+0000] {processor.py:186} INFO - Started process (PID=4525) to work on /home/airflow/.local/lib/python3.12/site-packages/airflow/example_dags/example_branch_operator_decorator.py
[2025-11-09T21:43:40.449+0000] {processor.py:914} INFO - Processing file /home/airflow/.local/lib/python3.12/site-packages/airflow/example_dags/example_branch_operator_decorator.py for tasks to queue
[2025-11-09T21:43:40.455+0000] {logging_mixin.py:190} INFO - [2025-11-09T21:43:40.454+0000] {dagbag.py:588} INFO - Filling up the DagBag from /home/airflow/.local/lib/python3.12/site-packages/airflow/example_dags/example_branch_operator_decorator.py
[2025-11-09T21:43:40.506+0000] {processor.py:925} INFO - DAG(s) 'example_branch_python_operator_decorator' retrieved from /home/airflow/.local/lib/python3.12/site-packages/airflow/example_dags/example_branch_operator_decorator.py
[2025-11-09T21:43:40.572+0000] {logging_mixin.py:190} INFO - [2025-11-09T21:43:40.571+0000] {dag.py:3239} INFO - Sync 1 DAGs
[2025-11-09T21:43:40.622+0000] {logging_mixin.py:190} INFO - [2025-11-09T21:43:40.621+0000] {dag.py:4180} INFO - Setting next_dagrun for example_branch_python_operator_decorator to 2025-11-08 00:00:00+00:00, run_after=2025-11-09 00:00:00+00:00
[2025-11-09T21:43:40.665+0000] {processor.py:208} INFO - Processing /home/airflow/.local/lib/python3.12/site-packages/airflow/example_dags/example_branch_operator_decorator.py took 0.232 seconds
[2025-11-09T21:44:11.015+0000] {processor.py:186} INFO - Started process (PID=4589) to work on /home/airflow/.local/lib/python3.12/site-packages/airflow/example_dags/example_branch_operator_decorator.py
[2025-11-09T21:44:11.017+0000] {processor.py:914} INFO - Processing file /home/airflow/.local/lib/python3.12/site-packages/airflow/example_dags/example_branch_operator_decorator.py for tasks to queue
[2025-11-09T21:44:11.021+0000] {logging_mixin.py:190} INFO - [2025-11-09T21:44:11.021+0000] {dagbag.py:588} INFO - Filling up the DagBag from /home/airflow/.local/lib/python3.12/site-packages/airflow/example_dags/example_branch_operator_decorator.py
[2025-11-09T21:44:11.056+0000] {processor.py:925} INFO - DAG(s) 'example_branch_python_operator_decorator' retrieved from /home/airflow/.local/lib/python3.12/site-packages/airflow/example_dags/example_branch_operator_decorator.py
[2025-11-09T21:44:11.098+0000] {logging_mixin.py:190} INFO - [2025-11-09T21:44:11.098+0000] {dag.py:3239} INFO - Sync 1 DAGs
[2025-11-09T21:44:11.145+0000] {logging_mixin.py:190} INFO - [2025-11-09T21:44:11.144+0000] {dag.py:4180} INFO - Setting next_dagrun for example_branch_python_operator_decorator to 2025-11-08 00:00:00+00:00, run_after=2025-11-09 00:00:00+00:00
[2025-11-09T21:44:11.179+0000] {processor.py:208} INFO - Processing /home/airflow/.local/lib/python3.12/site-packages/airflow/example_dags/example_branch_operator_decorator.py took 0.177 seconds
[2025-11-09T21:44:42.069+0000] {processor.py:186} INFO - Started process (PID=4654) to work on /home/airflow/.local/lib/python3.12/site-packages/airflow/example_dags/example_branch_operator_decorator.py
[2025-11-09T21:44:42.071+0000] {processor.py:914} INFO - Processing file /home/airflow/.local/lib/python3.12/site-packages/airflow/example_dags/example_branch_operator_decorator.py for tasks to queue
[2025-11-09T21:44:42.075+0000] {logging_mixin.py:190} INFO - [2025-11-09T21:44:42.074+0000] {dagbag.py:588} INFO - Filling up the DagBag from /home/airflow/.local/lib/python3.12/site-packages/airflow/example_dags/example_branch_operator_decorator.py
[2025-11-09T21:44:42.106+0000] {processor.py:925} INFO - DAG(s) 'example_branch_python_operator_decorator' retrieved from /home/airflow/.local/lib/python3.12/site-packages/airflow/example_dags/example_branch_operator_decorator.py
[2025-11-09T21:44:42.152+0000] {logging_mixin.py:190} INFO - [2025-11-09T21:44:42.152+0000] {dag.py:3239} INFO - Sync 1 DAGs
[2025-11-09T21:44:42.192+0000] {logging_mixin.py:190} INFO - [2025-11-09T21:44:42.191+0000] {dag.py:4180} INFO - Setting next_dagrun for example_branch_python_operator_decorator to 2025-11-08 00:00:00+00:00, run_after=2025-11-09 00:00:00+00:00
[2025-11-09T21:44:42.227+0000] {processor.py:208} INFO - Processing /home/airflow/.local/lib/python3.12/site-packages/airflow/example_dags/example_branch_operator_decorator.py took 0.167 seconds
[2025-11-09T21:45:12.775+0000] {processor.py:186} INFO - Started process (PID=4718) to work on /home/airflow/.local/lib/python3.12/site-packages/airflow/example_dags/example_branch_operator_decorator.py
[2025-11-09T21:45:12.777+0000] {processor.py:914} INFO - Processing file /home/airflow/.local/lib/python3.12/site-packages/airflow/example_dags/example_branch_operator_decorator.py for tasks to queue
[2025-11-09T21:45:12.783+0000] {logging_mixin.py:190} INFO - [2025-11-09T21:45:12.782+0000] {dagbag.py:588} INFO - Filling up the DagBag from /home/airflow/.local/lib/python3.12/site-packages/airflow/example_dags/example_branch_operator_decorator.py
[2025-11-09T21:45:12.830+0000] {processor.py:925} INFO - DAG(s) 'example_branch_python_operator_decorator' retrieved from /home/airflow/.local/lib/python3.12/site-packages/airflow/example_dags/example_branch_operator_decorator.py
[2025-11-09T21:45:12.885+0000] {logging_mixin.py:190} INFO - [2025-11-09T21:45:12.885+0000] {dag.py:3239} INFO - Sync 1 DAGs
[2025-11-09T21:45:12.936+0000] {logging_mixin.py:190} INFO - [2025-11-09T21:45:12.936+0000] {dag.py:4180} INFO - Setting next_dagrun for example_branch_python_operator_decorator to 2025-11-08 00:00:00+00:00, run_after=2025-11-09 00:00:00+00:00
[2025-11-09T21:45:12.972+0000] {processor.py:208} INFO - Processing /home/airflow/.local/lib/python3.12/site-packages/airflow/example_dags/example_branch_operator_decorator.py took 0.211 seconds
[2025-11-09T21:45:43.540+0000] {processor.py:186} INFO - Started process (PID=4782) to work on /home/airflow/.local/lib/python3.12/site-packages/airflow/example_dags/example_branch_operator_decorator.py
[2025-11-09T21:45:43.542+0000] {processor.py:914} INFO - Processing file /home/airflow/.local/lib/python3.12/site-packages/airflow/example_dags/example_branch_operator_decorator.py for tasks to queue
[2025-11-09T21:45:43.548+0000] {logging_mixin.py:190} INFO - [2025-11-09T21:45:43.547+0000] {dagbag.py:588} INFO - Filling up the DagBag from /home/airflow/.local/lib/python3.12/site-packages/airflow/example_dags/example_branch_operator_decorator.py
[2025-11-09T21:45:43.596+0000] {processor.py:925} INFO - DAG(s) 'example_branch_python_operator_decorator' retrieved from /home/airflow/.local/lib/python3.12/site-packages/airflow/example_dags/example_branch_operator_decorator.py
[2025-11-09T21:45:43.659+0000] {logging_mixin.py:190} INFO - [2025-11-09T21:45:43.659+0000] {dag.py:3239} INFO - Sync 1 DAGs
[2025-11-09T21:45:43.720+0000] {logging_mixin.py:190} INFO - [2025-11-09T21:45:43.719+0000] {dag.py:4180} INFO - Setting next_dagrun for example_branch_python_operator_decorator to 2025-11-08 00:00:00+00:00, run_after=2025-11-09 00:00:00+00:00
[2025-11-09T21:45:43.763+0000] {processor.py:208} INFO - Processing /home/airflow/.local/lib/python3.12/site-packages/airflow/example_dags/example_branch_operator_decorator.py took 0.238 seconds
[2025-11-09T21:46:15.441+0000] {processor.py:186} INFO - Started process (PID=4845) to work on /home/airflow/.local/lib/python3.12/site-packages/airflow/example_dags/example_branch_operator_decorator.py
[2025-11-09T21:46:15.444+0000] {processor.py:914} INFO - Processing file /home/airflow/.local/lib/python3.12/site-packages/airflow/example_dags/example_branch_operator_decorator.py for tasks to queue
[2025-11-09T21:46:15.451+0000] {logging_mixin.py:190} INFO - [2025-11-09T21:46:15.450+0000] {dagbag.py:588} INFO - Filling up the DagBag from /home/airflow/.local/lib/python3.12/site-packages/airflow/example_dags/example_branch_operator_decorator.py
[2025-11-09T21:46:15.505+0000] {processor.py:925} INFO - DAG(s) 'example_branch_python_operator_decorator' retrieved from /home/airflow/.local/lib/python3.12/site-packages/airflow/example_dags/example_branch_operator_decorator.py
[2025-11-09T21:46:15.585+0000] {logging_mixin.py:190} INFO - [2025-11-09T21:46:15.584+0000] {dag.py:3239} INFO - Sync 1 DAGs
[2025-11-09T21:46:15.642+0000] {logging_mixin.py:190} INFO - [2025-11-09T21:46:15.642+0000] {dag.py:4180} INFO - Setting next_dagrun for example_branch_python_operator_decorator to 2025-11-08 00:00:00+00:00, run_after=2025-11-09 00:00:00+00:00
[2025-11-09T21:46:15.681+0000] {processor.py:208} INFO - Processing /home/airflow/.local/lib/python3.12/site-packages/airflow/example_dags/example_branch_operator_decorator.py took 0.256 seconds
[2025-11-09T21:46:47.002+0000] {processor.py:186} INFO - Started process (PID=4909) to work on /home/airflow/.local/lib/python3.12/site-packages/airflow/example_dags/example_branch_operator_decorator.py
[2025-11-09T21:46:47.005+0000] {processor.py:914} INFO - Processing file /home/airflow/.local/lib/python3.12/site-packages/airflow/example_dags/example_branch_operator_decorator.py for tasks to queue
[2025-11-09T21:46:47.012+0000] {logging_mixin.py:190} INFO - [2025-11-09T21:46:47.011+0000] {dagbag.py:588} INFO - Filling up the DagBag from /home/airflow/.local/lib/python3.12/site-packages/airflow/example_dags/example_branch_operator_decorator.py
[2025-11-09T21:46:47.074+0000] {processor.py:925} INFO - DAG(s) 'example_branch_python_operator_decorator' retrieved from /home/airflow/.local/lib/python3.12/site-packages/airflow/example_dags/example_branch_operator_decorator.py
[2025-11-09T21:46:47.149+0000] {logging_mixin.py:190} INFO - [2025-11-09T21:46:47.149+0000] {dag.py:3239} INFO - Sync 1 DAGs
[2025-11-09T21:46:47.212+0000] {logging_mixin.py:190} INFO - [2025-11-09T21:46:47.212+0000] {dag.py:4180} INFO - Setting next_dagrun for example_branch_python_operator_decorator to 2025-11-08 00:00:00+00:00, run_after=2025-11-09 00:00:00+00:00
[2025-11-09T21:46:47.258+0000] {processor.py:208} INFO - Processing /home/airflow/.local/lib/python3.12/site-packages/airflow/example_dags/example_branch_operator_decorator.py took 0.273 seconds
[2025-11-09T21:47:17.955+0000] {processor.py:186} INFO - Started process (PID=4973) to work on /home/airflow/.local/lib/python3.12/site-packages/airflow/example_dags/example_branch_operator_decorator.py
[2025-11-09T21:47:17.957+0000] {processor.py:914} INFO - Processing file /home/airflow/.local/lib/python3.12/site-packages/airflow/example_dags/example_branch_operator_decorator.py for tasks to queue
[2025-11-09T21:47:17.962+0000] {logging_mixin.py:190} INFO - [2025-11-09T21:47:17.961+0000] {dagbag.py:588} INFO - Filling up the DagBag from /home/airflow/.local/lib/python3.12/site-packages/airflow/example_dags/example_branch_operator_decorator.py
[2025-11-09T21:47:17.994+0000] {processor.py:925} INFO - DAG(s) 'example_branch_python_operator_decorator' retrieved from /home/airflow/.local/lib/python3.12/site-packages/airflow/example_dags/example_branch_operator_decorator.py
[2025-11-09T21:47:18.064+0000] {logging_mixin.py:190} INFO - [2025-11-09T21:47:18.063+0000] {dag.py:3239} INFO - Sync 1 DAGs
[2025-11-09T21:47:18.159+0000] {logging_mixin.py:190} INFO - [2025-11-09T21:47:18.159+0000] {dag.py:4180} INFO - Setting next_dagrun for example_branch_python_operator_decorator to 2025-11-08 00:00:00+00:00, run_after=2025-11-09 00:00:00+00:00
[2025-11-09T21:47:18.208+0000] {processor.py:208} INFO - Processing /home/airflow/.local/lib/python3.12/site-packages/airflow/example_dags/example_branch_operator_decorator.py took 0.265 seconds
[2025-11-09T21:47:48.418+0000] {processor.py:186} INFO - Started process (PID=5034) to work on /home/airflow/.local/lib/python3.12/site-packages/airflow/example_dags/example_branch_operator_decorator.py
[2025-11-09T21:47:48.420+0000] {processor.py:914} INFO - Processing file /home/airflow/.local/lib/python3.12/site-packages/airflow/example_dags/example_branch_operator_decorator.py for tasks to queue
[2025-11-09T21:47:48.426+0000] {logging_mixin.py:190} INFO - [2025-11-09T21:47:48.425+0000] {dagbag.py:588} INFO - Filling up the DagBag from /home/airflow/.local/lib/python3.12/site-packages/airflow/example_dags/example_branch_operator_decorator.py
[2025-11-09T21:47:48.475+0000] {processor.py:925} INFO - DAG(s) 'example_branch_python_operator_decorator' retrieved from /home/airflow/.local/lib/python3.12/site-packages/airflow/example_dags/example_branch_operator_decorator.py
[2025-11-09T21:47:48.562+0000] {logging_mixin.py:190} INFO - [2025-11-09T21:47:48.562+0000] {dag.py:3239} INFO - Sync 1 DAGs
[2025-11-09T21:47:48.629+0000] {logging_mixin.py:190} INFO - [2025-11-09T21:47:48.629+0000] {dag.py:4180} INFO - Setting next_dagrun for example_branch_python_operator_decorator to 2025-11-08 00:00:00+00:00, run_after=2025-11-09 00:00:00+00:00
[2025-11-09T21:47:48.668+0000] {processor.py:208} INFO - Processing /home/airflow/.local/lib/python3.12/site-packages/airflow/example_dags/example_branch_operator_decorator.py took 0.264 seconds
[2025-11-09T21:48:19.105+0000] {processor.py:186} INFO - Started process (PID=5098) to work on /home/airflow/.local/lib/python3.12/site-packages/airflow/example_dags/example_branch_operator_decorator.py
[2025-11-09T21:48:19.106+0000] {processor.py:914} INFO - Processing file /home/airflow/.local/lib/python3.12/site-packages/airflow/example_dags/example_branch_operator_decorator.py for tasks to queue
[2025-11-09T21:48:19.112+0000] {logging_mixin.py:190} INFO - [2025-11-09T21:48:19.111+0000] {dagbag.py:588} INFO - Filling up the DagBag from /home/airflow/.local/lib/python3.12/site-packages/airflow/example_dags/example_branch_operator_decorator.py
[2025-11-09T21:48:19.152+0000] {processor.py:925} INFO - DAG(s) 'example_branch_python_operator_decorator' retrieved from /home/airflow/.local/lib/python3.12/site-packages/airflow/example_dags/example_branch_operator_decorator.py
[2025-11-09T21:48:19.210+0000] {logging_mixin.py:190} INFO - [2025-11-09T21:48:19.210+0000] {dag.py:3239} INFO - Sync 1 DAGs
[2025-11-09T21:48:19.260+0000] {logging_mixin.py:190} INFO - [2025-11-09T21:48:19.259+0000] {dag.py:4180} INFO - Setting next_dagrun for example_branch_python_operator_decorator to 2025-11-08 00:00:00+00:00, run_after=2025-11-09 00:00:00+00:00
[2025-11-09T21:48:19.295+0000] {processor.py:208} INFO - Processing /home/airflow/.local/lib/python3.12/site-packages/airflow/example_dags/example_branch_operator_decorator.py took 0.202 seconds
[2025-11-09T21:48:49.466+0000] {processor.py:186} INFO - Started process (PID=5162) to work on /home/airflow/.local/lib/python3.12/site-packages/airflow/example_dags/example_branch_operator_decorator.py
[2025-11-09T21:48:49.468+0000] {processor.py:914} INFO - Processing file /home/airflow/.local/lib/python3.12/site-packages/airflow/example_dags/example_branch_operator_decorator.py for tasks to queue
[2025-11-09T21:48:49.474+0000] {logging_mixin.py:190} INFO - [2025-11-09T21:48:49.473+0000] {dagbag.py:588} INFO - Filling up the DagBag from /home/airflow/.local/lib/python3.12/site-packages/airflow/example_dags/example_branch_operator_decorator.py
[2025-11-09T21:48:49.507+0000] {processor.py:925} INFO - DAG(s) 'example_branch_python_operator_decorator' retrieved from /home/airflow/.local/lib/python3.12/site-packages/airflow/example_dags/example_branch_operator_decorator.py
[2025-11-09T21:48:49.558+0000] {logging_mixin.py:190} INFO - [2025-11-09T21:48:49.557+0000] {dag.py:3239} INFO - Sync 1 DAGs
[2025-11-09T21:48:49.598+0000] {logging_mixin.py:190} INFO - [2025-11-09T21:48:49.598+0000] {dag.py:4180} INFO - Setting next_dagrun for example_branch_python_operator_decorator to 2025-11-08 00:00:00+00:00, run_after=2025-11-09 00:00:00+00:00
[2025-11-09T21:48:49.631+0000] {processor.py:208} INFO - Processing /home/airflow/.local/lib/python3.12/site-packages/airflow/example_dags/example_branch_operator_decorator.py took 0.177 seconds
[2025-11-09T21:49:20.037+0000] {processor.py:186} INFO - Started process (PID=5226) to work on /home/airflow/.local/lib/python3.12/site-packages/airflow/example_dags/example_branch_operator_decorator.py
[2025-11-09T21:49:20.039+0000] {processor.py:914} INFO - Processing file /home/airflow/.local/lib/python3.12/site-packages/airflow/example_dags/example_branch_operator_decorator.py for tasks to queue
[2025-11-09T21:49:20.044+0000] {logging_mixin.py:190} INFO - [2025-11-09T21:49:20.043+0000] {dagbag.py:588} INFO - Filling up the DagBag from /home/airflow/.local/lib/python3.12/site-packages/airflow/example_dags/example_branch_operator_decorator.py
[2025-11-09T21:49:20.093+0000] {processor.py:925} INFO - DAG(s) 'example_branch_python_operator_decorator' retrieved from /home/airflow/.local/lib/python3.12/site-packages/airflow/example_dags/example_branch_operator_decorator.py
[2025-11-09T21:49:20.157+0000] {logging_mixin.py:190} INFO - [2025-11-09T21:49:20.156+0000] {dag.py:3239} INFO - Sync 1 DAGs
[2025-11-09T21:49:20.203+0000] {logging_mixin.py:190} INFO - [2025-11-09T21:49:20.203+0000] {dag.py:4180} INFO - Setting next_dagrun for example_branch_python_operator_decorator to 2025-11-08 00:00:00+00:00, run_after=2025-11-09 00:00:00+00:00
[2025-11-09T21:49:20.238+0000] {processor.py:208} INFO - Processing /home/airflow/.local/lib/python3.12/site-packages/airflow/example_dags/example_branch_operator_decorator.py took 0.214 seconds
[2025-11-09T21:49:50.721+0000] {processor.py:186} INFO - Started process (PID=5290) to work on /home/airflow/.local/lib/python3.12/site-packages/airflow/example_dags/example_branch_operator_decorator.py
[2025-11-09T21:49:50.724+0000] {processor.py:914} INFO - Processing file /home/airflow/.local/lib/python3.12/site-packages/airflow/example_dags/example_branch_operator_decorator.py for tasks to queue
[2025-11-09T21:49:50.733+0000] {logging_mixin.py:190} INFO - [2025-11-09T21:49:50.731+0000] {dagbag.py:588} INFO - Filling up the DagBag from /home/airflow/.local/lib/python3.12/site-packages/airflow/example_dags/example_branch_operator_decorator.py
[2025-11-09T21:49:50.799+0000] {processor.py:925} INFO - DAG(s) 'example_branch_python_operator_decorator' retrieved from /home/airflow/.local/lib/python3.12/site-packages/airflow/example_dags/example_branch_operator_decorator.py
[2025-11-09T21:49:50.886+0000] {logging_mixin.py:190} INFO - [2025-11-09T21:49:50.886+0000] {dag.py:3239} INFO - Sync 1 DAGs
[2025-11-09T21:49:50.951+0000] {logging_mixin.py:190} INFO - [2025-11-09T21:49:50.950+0000] {dag.py:4180} INFO - Setting next_dagrun for example_branch_python_operator_decorator to 2025-11-08 00:00:00+00:00, run_after=2025-11-09 00:00:00+00:00
[2025-11-09T21:49:51.001+0000] {processor.py:208} INFO - Processing /home/airflow/.local/lib/python3.12/site-packages/airflow/example_dags/example_branch_operator_decorator.py took 0.293 seconds
[2025-11-09T21:50:21.235+0000] {processor.py:186} INFO - Started process (PID=5355) to work on /home/airflow/.local/lib/python3.12/site-packages/airflow/example_dags/example_branch_operator_decorator.py
[2025-11-09T21:50:21.237+0000] {processor.py:914} INFO - Processing file /home/airflow/.local/lib/python3.12/site-packages/airflow/example_dags/example_branch_operator_decorator.py for tasks to queue
[2025-11-09T21:50:21.241+0000] {logging_mixin.py:190} INFO - [2025-11-09T21:50:21.241+0000] {dagbag.py:588} INFO - Filling up the DagBag from /home/airflow/.local/lib/python3.12/site-packages/airflow/example_dags/example_branch_operator_decorator.py
[2025-11-09T21:50:21.272+0000] {processor.py:925} INFO - DAG(s) 'example_branch_python_operator_decorator' retrieved from /home/airflow/.local/lib/python3.12/site-packages/airflow/example_dags/example_branch_operator_decorator.py
[2025-11-09T21:50:21.321+0000] {logging_mixin.py:190} INFO - [2025-11-09T21:50:21.320+0000] {dag.py:3239} INFO - Sync 1 DAGs
[2025-11-09T21:50:21.363+0000] {logging_mixin.py:190} INFO - [2025-11-09T21:50:21.362+0000] {dag.py:4180} INFO - Setting next_dagrun for example_branch_python_operator_decorator to 2025-11-08 00:00:00+00:00, run_after=2025-11-09 00:00:00+00:00
[2025-11-09T21:50:21.400+0000] {processor.py:208} INFO - Processing /home/airflow/.local/lib/python3.12/site-packages/airflow/example_dags/example_branch_operator_decorator.py took 0.175 seconds
[2025-11-09T21:50:51.641+0000] {processor.py:186} INFO - Started process (PID=5419) to work on /home/airflow/.local/lib/python3.12/site-packages/airflow/example_dags/example_branch_operator_decorator.py
[2025-11-09T21:50:51.643+0000] {processor.py:914} INFO - Processing file /home/airflow/.local/lib/python3.12/site-packages/airflow/example_dags/example_branch_operator_decorator.py for tasks to queue
[2025-11-09T21:50:51.648+0000] {logging_mixin.py:190} INFO - [2025-11-09T21:50:51.647+0000] {dagbag.py:588} INFO - Filling up the DagBag from /home/airflow/.local/lib/python3.12/site-packages/airflow/example_dags/example_branch_operator_decorator.py
[2025-11-09T21:50:51.686+0000] {processor.py:925} INFO - DAG(s) 'example_branch_python_operator_decorator' retrieved from /home/airflow/.local/lib/python3.12/site-packages/airflow/example_dags/example_branch_operator_decorator.py
[2025-11-09T21:50:51.745+0000] {logging_mixin.py:190} INFO - [2025-11-09T21:50:51.745+0000] {dag.py:3239} INFO - Sync 1 DAGs
[2025-11-09T21:50:51.803+0000] {logging_mixin.py:190} INFO - [2025-11-09T21:50:51.802+0000] {dag.py:4180} INFO - Setting next_dagrun for example_branch_python_operator_decorator to 2025-11-08 00:00:00+00:00, run_after=2025-11-09 00:00:00+00:00
[2025-11-09T21:50:51.841+0000] {processor.py:208} INFO - Processing /home/airflow/.local/lib/python3.12/site-packages/airflow/example_dags/example_branch_operator_decorator.py took 0.212 seconds
[2025-11-09T21:51:22.458+0000] {processor.py:186} INFO - Started process (PID=5483) to work on /home/airflow/.local/lib/python3.12/site-packages/airflow/example_dags/example_branch_operator_decorator.py
[2025-11-09T21:51:22.461+0000] {processor.py:914} INFO - Processing file /home/airflow/.local/lib/python3.12/site-packages/airflow/example_dags/example_branch_operator_decorator.py for tasks to queue
[2025-11-09T21:51:22.467+0000] {logging_mixin.py:190} INFO - [2025-11-09T21:51:22.466+0000] {dagbag.py:588} INFO - Filling up the DagBag from /home/airflow/.local/lib/python3.12/site-packages/airflow/example_dags/example_branch_operator_decorator.py
[2025-11-09T21:51:22.538+0000] {processor.py:925} INFO - DAG(s) 'example_branch_python_operator_decorator' retrieved from /home/airflow/.local/lib/python3.12/site-packages/airflow/example_dags/example_branch_operator_decorator.py
[2025-11-09T21:51:22.621+0000] {logging_mixin.py:190} INFO - [2025-11-09T21:51:22.620+0000] {dag.py:3239} INFO - Sync 1 DAGs
[2025-11-09T21:51:22.688+0000] {logging_mixin.py:190} INFO - [2025-11-09T21:51:22.688+0000] {dag.py:4180} INFO - Setting next_dagrun for example_branch_python_operator_decorator to 2025-11-08 00:00:00+00:00, run_after=2025-11-09 00:00:00+00:00
[2025-11-09T21:51:22.731+0000] {processor.py:208} INFO - Processing /home/airflow/.local/lib/python3.12/site-packages/airflow/example_dags/example_branch_operator_decorator.py took 0.287 seconds
[2025-11-09T21:51:52.958+0000] {processor.py:186} INFO - Started process (PID=5548) to work on /home/airflow/.local/lib/python3.12/site-packages/airflow/example_dags/example_branch_operator_decorator.py
[2025-11-09T21:51:52.960+0000] {processor.py:914} INFO - Processing file /home/airflow/.local/lib/python3.12/site-packages/airflow/example_dags/example_branch_operator_decorator.py for tasks to queue
[2025-11-09T21:51:52.966+0000] {logging_mixin.py:190} INFO - [2025-11-09T21:51:52.965+0000] {dagbag.py:588} INFO - Filling up the DagBag from /home/airflow/.local/lib/python3.12/site-packages/airflow/example_dags/example_branch_operator_decorator.py
[2025-11-09T21:51:53.009+0000] {processor.py:925} INFO - DAG(s) 'example_branch_python_operator_decorator' retrieved from /home/airflow/.local/lib/python3.12/site-packages/airflow/example_dags/example_branch_operator_decorator.py
[2025-11-09T21:51:53.065+0000] {logging_mixin.py:190} INFO - [2025-11-09T21:51:53.064+0000] {dag.py:3239} INFO - Sync 1 DAGs
[2025-11-09T21:51:53.122+0000] {logging_mixin.py:190} INFO - [2025-11-09T21:51:53.121+0000] {dag.py:4180} INFO - Setting next_dagrun for example_branch_python_operator_decorator to 2025-11-08 00:00:00+00:00, run_after=2025-11-09 00:00:00+00:00
[2025-11-09T21:51:53.157+0000] {processor.py:208} INFO - Processing /home/airflow/.local/lib/python3.12/site-packages/airflow/example_dags/example_branch_operator_decorator.py took 0.212 seconds
[2025-11-09T21:52:23.415+0000] {processor.py:186} INFO - Started process (PID=5612) to work on /home/airflow/.local/lib/python3.12/site-packages/airflow/example_dags/example_branch_operator_decorator.py
[2025-11-09T21:52:23.417+0000] {processor.py:914} INFO - Processing file /home/airflow/.local/lib/python3.12/site-packages/airflow/example_dags/example_branch_operator_decorator.py for tasks to queue
[2025-11-09T21:52:23.421+0000] {logging_mixin.py:190} INFO - [2025-11-09T21:52:23.421+0000] {dagbag.py:588} INFO - Filling up the DagBag from /home/airflow/.local/lib/python3.12/site-packages/airflow/example_dags/example_branch_operator_decorator.py
[2025-11-09T21:52:23.454+0000] {processor.py:925} INFO - DAG(s) 'example_branch_python_operator_decorator' retrieved from /home/airflow/.local/lib/python3.12/site-packages/airflow/example_dags/example_branch_operator_decorator.py
[2025-11-09T21:52:23.496+0000] {logging_mixin.py:190} INFO - [2025-11-09T21:52:23.496+0000] {dag.py:3239} INFO - Sync 1 DAGs
[2025-11-09T21:52:23.530+0000] {logging_mixin.py:190} INFO - [2025-11-09T21:52:23.530+0000] {dag.py:4180} INFO - Setting next_dagrun for example_branch_python_operator_decorator to 2025-11-08 00:00:00+00:00, run_after=2025-11-09 00:00:00+00:00
[2025-11-09T21:52:23.558+0000] {processor.py:208} INFO - Processing /home/airflow/.local/lib/python3.12/site-packages/airflow/example_dags/example_branch_operator_decorator.py took 0.152 seconds
[2025-11-09T21:52:53.856+0000] {processor.py:186} INFO - Started process (PID=5675) to work on /home/airflow/.local/lib/python3.12/site-packages/airflow/example_dags/example_branch_operator_decorator.py
[2025-11-09T21:52:53.858+0000] {processor.py:914} INFO - Processing file /home/airflow/.local/lib/python3.12/site-packages/airflow/example_dags/example_branch_operator_decorator.py for tasks to queue
[2025-11-09T21:52:53.863+0000] {logging_mixin.py:190} INFO - [2025-11-09T21:52:53.863+0000] {dagbag.py:588} INFO - Filling up the DagBag from /home/airflow/.local/lib/python3.12/site-packages/airflow/example_dags/example_branch_operator_decorator.py
[2025-11-09T21:52:53.899+0000] {processor.py:925} INFO - DAG(s) 'example_branch_python_operator_decorator' retrieved from /home/airflow/.local/lib/python3.12/site-packages/airflow/example_dags/example_branch_operator_decorator.py
[2025-11-09T21:52:53.951+0000] {logging_mixin.py:190} INFO - [2025-11-09T21:52:53.950+0000] {dag.py:3239} INFO - Sync 1 DAGs
[2025-11-09T21:52:53.995+0000] {logging_mixin.py:190} INFO - [2025-11-09T21:52:53.995+0000] {dag.py:4180} INFO - Setting next_dagrun for example_branch_python_operator_decorator to 2025-11-08 00:00:00+00:00, run_after=2025-11-09 00:00:00+00:00
[2025-11-09T21:52:54.032+0000] {processor.py:208} INFO - Processing /home/airflow/.local/lib/python3.12/site-packages/airflow/example_dags/example_branch_operator_decorator.py took 0.188 seconds
[2025-11-09T21:53:24.595+0000] {processor.py:186} INFO - Started process (PID=5739) to work on /home/airflow/.local/lib/python3.12/site-packages/airflow/example_dags/example_branch_operator_decorator.py
[2025-11-09T21:53:24.598+0000] {processor.py:914} INFO - Processing file /home/airflow/.local/lib/python3.12/site-packages/airflow/example_dags/example_branch_operator_decorator.py for tasks to queue
[2025-11-09T21:53:24.607+0000] {logging_mixin.py:190} INFO - [2025-11-09T21:53:24.605+0000] {dagbag.py:588} INFO - Filling up the DagBag from /home/airflow/.local/lib/python3.12/site-packages/airflow/example_dags/example_branch_operator_decorator.py
[2025-11-09T21:53:24.682+0000] {processor.py:925} INFO - DAG(s) 'example_branch_python_operator_decorator' retrieved from /home/airflow/.local/lib/python3.12/site-packages/airflow/example_dags/example_branch_operator_decorator.py
[2025-11-09T21:53:24.775+0000] {logging_mixin.py:190} INFO - [2025-11-09T21:53:24.774+0000] {dag.py:3239} INFO - Sync 1 DAGs
[2025-11-09T21:53:24.867+0000] {logging_mixin.py:190} INFO - [2025-11-09T21:53:24.866+0000] {dag.py:4180} INFO - Setting next_dagrun for example_branch_python_operator_decorator to 2025-11-08 00:00:00+00:00, run_after=2025-11-09 00:00:00+00:00
[2025-11-09T21:53:24.927+0000] {processor.py:208} INFO - Processing /home/airflow/.local/lib/python3.12/site-packages/airflow/example_dags/example_branch_operator_decorator.py took 0.349 seconds
[2025-11-09T21:53:55.205+0000] {processor.py:186} INFO - Started process (PID=5802) to work on /home/airflow/.local/lib/python3.12/site-packages/airflow/example_dags/example_branch_operator_decorator.py
[2025-11-09T21:53:55.213+0000] {processor.py:914} INFO - Processing file /home/airflow/.local/lib/python3.12/site-packages/airflow/example_dags/example_branch_operator_decorator.py for tasks to queue
[2025-11-09T21:53:55.227+0000] {logging_mixin.py:190} INFO - [2025-11-09T21:53:55.225+0000] {dagbag.py:588} INFO - Filling up the DagBag from /home/airflow/.local/lib/python3.12/site-packages/airflow/example_dags/example_branch_operator_decorator.py
[2025-11-09T21:53:55.373+0000] {processor.py:925} INFO - DAG(s) 'example_branch_python_operator_decorator' retrieved from /home/airflow/.local/lib/python3.12/site-packages/airflow/example_dags/example_branch_operator_decorator.py
[2025-11-09T21:53:55.631+0000] {logging_mixin.py:190} INFO - [2025-11-09T21:53:55.630+0000] {dag.py:3239} INFO - Sync 1 DAGs
[2025-11-09T21:53:55.908+0000] {logging_mixin.py:190} INFO - [2025-11-09T21:53:55.907+0000] {dag.py:4180} INFO - Setting next_dagrun for example_branch_python_operator_decorator to 2025-11-08 00:00:00+00:00, run_after=2025-11-09 00:00:00+00:00
[2025-11-09T21:53:56.031+0000] {processor.py:208} INFO - Processing /home/airflow/.local/lib/python3.12/site-packages/airflow/example_dags/example_branch_operator_decorator.py took 0.871 seconds
[2025-11-09T21:54:26.229+0000] {processor.py:186} INFO - Started process (PID=5866) to work on /home/airflow/.local/lib/python3.12/site-packages/airflow/example_dags/example_branch_operator_decorator.py
[2025-11-09T21:54:26.231+0000] {processor.py:914} INFO - Processing file /home/airflow/.local/lib/python3.12/site-packages/airflow/example_dags/example_branch_operator_decorator.py for tasks to queue
[2025-11-09T21:54:26.236+0000] {logging_mixin.py:190} INFO - [2025-11-09T21:54:26.236+0000] {dagbag.py:588} INFO - Filling up the DagBag from /home/airflow/.local/lib/python3.12/site-packages/airflow/example_dags/example_branch_operator_decorator.py
[2025-11-09T21:54:26.283+0000] {processor.py:925} INFO - DAG(s) 'example_branch_python_operator_decorator' retrieved from /home/airflow/.local/lib/python3.12/site-packages/airflow/example_dags/example_branch_operator_decorator.py
[2025-11-09T21:54:26.363+0000] {logging_mixin.py:190} INFO - [2025-11-09T21:54:26.362+0000] {dag.py:3239} INFO - Sync 1 DAGs
[2025-11-09T21:54:26.420+0000] {logging_mixin.py:190} INFO - [2025-11-09T21:54:26.419+0000] {dag.py:4180} INFO - Setting next_dagrun for example_branch_python_operator_decorator to 2025-11-08 00:00:00+00:00, run_after=2025-11-09 00:00:00+00:00
[2025-11-09T21:54:26.463+0000] {processor.py:208} INFO - Processing /home/airflow/.local/lib/python3.12/site-packages/airflow/example_dags/example_branch_operator_decorator.py took 0.248 seconds
[2025-11-09T21:54:56.603+0000] {processor.py:186} INFO - Started process (PID=5930) to work on /home/airflow/.local/lib/python3.12/site-packages/airflow/example_dags/example_branch_operator_decorator.py
[2025-11-09T21:54:56.605+0000] {processor.py:914} INFO - Processing file /home/airflow/.local/lib/python3.12/site-packages/airflow/example_dags/example_branch_operator_decorator.py for tasks to queue
[2025-11-09T21:54:56.613+0000] {logging_mixin.py:190} INFO - [2025-11-09T21:54:56.612+0000] {dagbag.py:588} INFO - Filling up the DagBag from /home/airflow/.local/lib/python3.12/site-packages/airflow/example_dags/example_branch_operator_decorator.py
[2025-11-09T21:54:56.650+0000] {processor.py:925} INFO - DAG(s) 'example_branch_python_operator_decorator' retrieved from /home/airflow/.local/lib/python3.12/site-packages/airflow/example_dags/example_branch_operator_decorator.py
[2025-11-09T21:54:56.700+0000] {logging_mixin.py:190} INFO - [2025-11-09T21:54:56.699+0000] {dag.py:3239} INFO - Sync 1 DAGs
[2025-11-09T21:54:56.741+0000] {logging_mixin.py:190} INFO - [2025-11-09T21:54:56.741+0000] {dag.py:4180} INFO - Setting next_dagrun for example_branch_python_operator_decorator to 2025-11-08 00:00:00+00:00, run_after=2025-11-09 00:00:00+00:00
[2025-11-09T21:54:56.772+0000] {processor.py:208} INFO - Processing /home/airflow/.local/lib/python3.12/site-packages/airflow/example_dags/example_branch_operator_decorator.py took 0.183 seconds
[2025-11-09T21:55:29.653+0000] {processor.py:186} INFO - Started process (PID=5990) to work on /home/airflow/.local/lib/python3.12/site-packages/airflow/example_dags/example_branch_operator_decorator.py
[2025-11-09T21:55:29.656+0000] {processor.py:914} INFO - Processing file /home/airflow/.local/lib/python3.12/site-packages/airflow/example_dags/example_branch_operator_decorator.py for tasks to queue
[2025-11-09T21:55:29.663+0000] {logging_mixin.py:190} INFO - [2025-11-09T21:55:29.662+0000] {dagbag.py:588} INFO - Filling up the DagBag from /home/airflow/.local/lib/python3.12/site-packages/airflow/example_dags/example_branch_operator_decorator.py
[2025-11-09T21:55:29.733+0000] {processor.py:925} INFO - DAG(s) 'example_branch_python_operator_decorator' retrieved from /home/airflow/.local/lib/python3.12/site-packages/airflow/example_dags/example_branch_operator_decorator.py
[2025-11-09T21:55:29.821+0000] {logging_mixin.py:190} INFO - [2025-11-09T21:55:29.820+0000] {dag.py:3239} INFO - Sync 1 DAGs
[2025-11-09T21:55:29.899+0000] {logging_mixin.py:190} INFO - [2025-11-09T21:55:29.898+0000] {dag.py:4180} INFO - Setting next_dagrun for example_branch_python_operator_decorator to 2025-11-08 00:00:00+00:00, run_after=2025-11-09 00:00:00+00:00
[2025-11-09T21:55:29.951+0000] {processor.py:208} INFO - Processing /home/airflow/.local/lib/python3.12/site-packages/airflow/example_dags/example_branch_operator_decorator.py took 0.315 seconds
[2025-11-09T21:56:00.835+0000] {processor.py:186} INFO - Started process (PID=6053) to work on /home/airflow/.local/lib/python3.12/site-packages/airflow/example_dags/example_branch_operator_decorator.py
[2025-11-09T21:56:00.840+0000] {processor.py:914} INFO - Processing file /home/airflow/.local/lib/python3.12/site-packages/airflow/example_dags/example_branch_operator_decorator.py for tasks to queue
[2025-11-09T21:56:00.863+0000] {logging_mixin.py:190} INFO - [2025-11-09T21:56:00.855+0000] {dagbag.py:588} INFO - Filling up the DagBag from /home/airflow/.local/lib/python3.12/site-packages/airflow/example_dags/example_branch_operator_decorator.py
[2025-11-09T21:56:00.958+0000] {processor.py:925} INFO - DAG(s) 'example_branch_python_operator_decorator' retrieved from /home/airflow/.local/lib/python3.12/site-packages/airflow/example_dags/example_branch_operator_decorator.py
[2025-11-09T21:56:01.047+0000] {logging_mixin.py:190} INFO - [2025-11-09T21:56:01.046+0000] {dag.py:3239} INFO - Sync 1 DAGs
[2025-11-09T21:56:01.105+0000] {logging_mixin.py:190} INFO - [2025-11-09T21:56:01.104+0000] {dag.py:4180} INFO - Setting next_dagrun for example_branch_python_operator_decorator to 2025-11-08 00:00:00+00:00, run_after=2025-11-09 00:00:00+00:00
[2025-11-09T21:56:01.147+0000] {processor.py:208} INFO - Processing /home/airflow/.local/lib/python3.12/site-packages/airflow/example_dags/example_branch_operator_decorator.py took 0.330 seconds
[2025-11-09T21:56:31.591+0000] {processor.py:186} INFO - Started process (PID=6117) to work on /home/airflow/.local/lib/python3.12/site-packages/airflow/example_dags/example_branch_operator_decorator.py
[2025-11-09T21:56:31.595+0000] {processor.py:914} INFO - Processing file /home/airflow/.local/lib/python3.12/site-packages/airflow/example_dags/example_branch_operator_decorator.py for tasks to queue
[2025-11-09T21:56:31.603+0000] {logging_mixin.py:190} INFO - [2025-11-09T21:56:31.602+0000] {dagbag.py:588} INFO - Filling up the DagBag from /home/airflow/.local/lib/python3.12/site-packages/airflow/example_dags/example_branch_operator_decorator.py
[2025-11-09T21:56:31.684+0000] {processor.py:925} INFO - DAG(s) 'example_branch_python_operator_decorator' retrieved from /home/airflow/.local/lib/python3.12/site-packages/airflow/example_dags/example_branch_operator_decorator.py
[2025-11-09T21:56:31.810+0000] {logging_mixin.py:190} INFO - [2025-11-09T21:56:31.809+0000] {dag.py:3239} INFO - Sync 1 DAGs
[2025-11-09T21:56:31.894+0000] {logging_mixin.py:190} INFO - [2025-11-09T21:56:31.893+0000] {dag.py:4180} INFO - Setting next_dagrun for example_branch_python_operator_decorator to 2025-11-08 00:00:00+00:00, run_after=2025-11-09 00:00:00+00:00
[2025-11-09T21:56:31.949+0000] {processor.py:208} INFO - Processing /home/airflow/.local/lib/python3.12/site-packages/airflow/example_dags/example_branch_operator_decorator.py took 0.377 seconds
[2025-11-09T21:57:02.648+0000] {processor.py:186} INFO - Started process (PID=6181) to work on /home/airflow/.local/lib/python3.12/site-packages/airflow/example_dags/example_branch_operator_decorator.py
[2025-11-09T21:57:02.650+0000] {processor.py:914} INFO - Processing file /home/airflow/.local/lib/python3.12/site-packages/airflow/example_dags/example_branch_operator_decorator.py for tasks to queue
[2025-11-09T21:57:02.656+0000] {logging_mixin.py:190} INFO - [2025-11-09T21:57:02.655+0000] {dagbag.py:588} INFO - Filling up the DagBag from /home/airflow/.local/lib/python3.12/site-packages/airflow/example_dags/example_branch_operator_decorator.py
[2025-11-09T21:57:02.697+0000] {processor.py:925} INFO - DAG(s) 'example_branch_python_operator_decorator' retrieved from /home/airflow/.local/lib/python3.12/site-packages/airflow/example_dags/example_branch_operator_decorator.py
[2025-11-09T21:57:02.757+0000] {logging_mixin.py:190} INFO - [2025-11-09T21:57:02.757+0000] {dag.py:3239} INFO - Sync 1 DAGs
[2025-11-09T21:57:02.801+0000] {logging_mixin.py:190} INFO - [2025-11-09T21:57:02.800+0000] {dag.py:4180} INFO - Setting next_dagrun for example_branch_python_operator_decorator to 2025-11-08 00:00:00+00:00, run_after=2025-11-09 00:00:00+00:00
[2025-11-09T21:57:02.834+0000] {processor.py:208} INFO - Processing /home/airflow/.local/lib/python3.12/site-packages/airflow/example_dags/example_branch_operator_decorator.py took 0.198 seconds
[2025-11-09T21:57:33.580+0000] {processor.py:186} INFO - Started process (PID=6250) to work on /home/airflow/.local/lib/python3.12/site-packages/airflow/example_dags/example_branch_operator_decorator.py
[2025-11-09T21:57:33.582+0000] {processor.py:914} INFO - Processing file /home/airflow/.local/lib/python3.12/site-packages/airflow/example_dags/example_branch_operator_decorator.py for tasks to queue
[2025-11-09T21:57:33.589+0000] {logging_mixin.py:190} INFO - [2025-11-09T21:57:33.588+0000] {dagbag.py:588} INFO - Filling up the DagBag from /home/airflow/.local/lib/python3.12/site-packages/airflow/example_dags/example_branch_operator_decorator.py
[2025-11-09T21:57:33.641+0000] {processor.py:925} INFO - DAG(s) 'example_branch_python_operator_decorator' retrieved from /home/airflow/.local/lib/python3.12/site-packages/airflow/example_dags/example_branch_operator_decorator.py
[2025-11-09T21:57:33.692+0000] {logging_mixin.py:190} INFO - [2025-11-09T21:57:33.691+0000] {dag.py:3239} INFO - Sync 1 DAGs
[2025-11-09T21:57:33.741+0000] {logging_mixin.py:190} INFO - [2025-11-09T21:57:33.741+0000] {dag.py:4180} INFO - Setting next_dagrun for example_branch_python_operator_decorator to 2025-11-08 00:00:00+00:00, run_after=2025-11-09 00:00:00+00:00
[2025-11-09T21:57:33.781+0000] {processor.py:208} INFO - Processing /home/airflow/.local/lib/python3.12/site-packages/airflow/example_dags/example_branch_operator_decorator.py took 0.215 seconds
[2025-11-09T21:58:04.214+0000] {processor.py:186} INFO - Started process (PID=6314) to work on /home/airflow/.local/lib/python3.12/site-packages/airflow/example_dags/example_branch_operator_decorator.py
[2025-11-09T21:58:04.217+0000] {processor.py:914} INFO - Processing file /home/airflow/.local/lib/python3.12/site-packages/airflow/example_dags/example_branch_operator_decorator.py for tasks to queue
[2025-11-09T21:58:04.222+0000] {logging_mixin.py:190} INFO - [2025-11-09T21:58:04.221+0000] {dagbag.py:588} INFO - Filling up the DagBag from /home/airflow/.local/lib/python3.12/site-packages/airflow/example_dags/example_branch_operator_decorator.py
[2025-11-09T21:58:04.265+0000] {processor.py:925} INFO - DAG(s) 'example_branch_python_operator_decorator' retrieved from /home/airflow/.local/lib/python3.12/site-packages/airflow/example_dags/example_branch_operator_decorator.py
[2025-11-09T21:58:04.321+0000] {logging_mixin.py:190} INFO - [2025-11-09T21:58:04.321+0000] {dag.py:3239} INFO - Sync 1 DAGs
[2025-11-09T21:58:04.370+0000] {logging_mixin.py:190} INFO - [2025-11-09T21:58:04.369+0000] {dag.py:4180} INFO - Setting next_dagrun for example_branch_python_operator_decorator to 2025-11-08 00:00:00+00:00, run_after=2025-11-09 00:00:00+00:00
[2025-11-09T21:58:04.405+0000] {processor.py:208} INFO - Processing /home/airflow/.local/lib/python3.12/site-packages/airflow/example_dags/example_branch_operator_decorator.py took 0.209 seconds
[2025-11-09T21:58:34.616+0000] {processor.py:186} INFO - Started process (PID=6378) to work on /home/airflow/.local/lib/python3.12/site-packages/airflow/example_dags/example_branch_operator_decorator.py
[2025-11-09T21:58:34.619+0000] {processor.py:914} INFO - Processing file /home/airflow/.local/lib/python3.12/site-packages/airflow/example_dags/example_branch_operator_decorator.py for tasks to queue
[2025-11-09T21:58:34.626+0000] {logging_mixin.py:190} INFO - [2025-11-09T21:58:34.625+0000] {dagbag.py:588} INFO - Filling up the DagBag from /home/airflow/.local/lib/python3.12/site-packages/airflow/example_dags/example_branch_operator_decorator.py
[2025-11-09T21:58:34.708+0000] {processor.py:925} INFO - DAG(s) 'example_branch_python_operator_decorator' retrieved from /home/airflow/.local/lib/python3.12/site-packages/airflow/example_dags/example_branch_operator_decorator.py
[2025-11-09T21:58:34.766+0000] {logging_mixin.py:190} INFO - [2025-11-09T21:58:34.766+0000] {dag.py:3239} INFO - Sync 1 DAGs
[2025-11-09T21:58:34.814+0000] {logging_mixin.py:190} INFO - [2025-11-09T21:58:34.814+0000] {dag.py:4180} INFO - Setting next_dagrun for example_branch_python_operator_decorator to 2025-11-08 00:00:00+00:00, run_after=2025-11-09 00:00:00+00:00
[2025-11-09T21:58:34.853+0000] {processor.py:208} INFO - Processing /home/airflow/.local/lib/python3.12/site-packages/airflow/example_dags/example_branch_operator_decorator.py took 0.255 seconds
[2025-11-09T21:59:04.968+0000] {processor.py:186} INFO - Started process (PID=6441) to work on /home/airflow/.local/lib/python3.12/site-packages/airflow/example_dags/example_branch_operator_decorator.py
[2025-11-09T21:59:04.971+0000] {processor.py:914} INFO - Processing file /home/airflow/.local/lib/python3.12/site-packages/airflow/example_dags/example_branch_operator_decorator.py for tasks to queue
[2025-11-09T21:59:04.976+0000] {logging_mixin.py:190} INFO - [2025-11-09T21:59:04.975+0000] {dagbag.py:588} INFO - Filling up the DagBag from /home/airflow/.local/lib/python3.12/site-packages/airflow/example_dags/example_branch_operator_decorator.py
[2025-11-09T21:59:05.018+0000] {processor.py:925} INFO - DAG(s) 'example_branch_python_operator_decorator' retrieved from /home/airflow/.local/lib/python3.12/site-packages/airflow/example_dags/example_branch_operator_decorator.py
[2025-11-09T21:59:05.068+0000] {logging_mixin.py:190} INFO - [2025-11-09T21:59:05.068+0000] {dag.py:3239} INFO - Sync 1 DAGs
[2025-11-09T21:59:05.115+0000] {logging_mixin.py:190} INFO - [2025-11-09T21:59:05.114+0000] {dag.py:4180} INFO - Setting next_dagrun for example_branch_python_operator_decorator to 2025-11-08 00:00:00+00:00, run_after=2025-11-09 00:00:00+00:00
[2025-11-09T21:59:05.150+0000] {processor.py:208} INFO - Processing /home/airflow/.local/lib/python3.12/site-packages/airflow/example_dags/example_branch_operator_decorator.py took 0.196 seconds
[2025-11-09T21:59:35.695+0000] {processor.py:186} INFO - Started process (PID=6505) to work on /home/airflow/.local/lib/python3.12/site-packages/airflow/example_dags/example_branch_operator_decorator.py
[2025-11-09T21:59:35.697+0000] {processor.py:914} INFO - Processing file /home/airflow/.local/lib/python3.12/site-packages/airflow/example_dags/example_branch_operator_decorator.py for tasks to queue
[2025-11-09T21:59:35.702+0000] {logging_mixin.py:190} INFO - [2025-11-09T21:59:35.702+0000] {dagbag.py:588} INFO - Filling up the DagBag from /home/airflow/.local/lib/python3.12/site-packages/airflow/example_dags/example_branch_operator_decorator.py
[2025-11-09T21:59:35.764+0000] {processor.py:925} INFO - DAG(s) 'example_branch_python_operator_decorator' retrieved from /home/airflow/.local/lib/python3.12/site-packages/airflow/example_dags/example_branch_operator_decorator.py
[2025-11-09T21:59:35.855+0000] {logging_mixin.py:190} INFO - [2025-11-09T21:59:35.854+0000] {dag.py:3239} INFO - Sync 1 DAGs
[2025-11-09T21:59:35.915+0000] {logging_mixin.py:190} INFO - [2025-11-09T21:59:35.915+0000] {dag.py:4180} INFO - Setting next_dagrun for example_branch_python_operator_decorator to 2025-11-08 00:00:00+00:00, run_after=2025-11-09 00:00:00+00:00
[2025-11-09T21:59:35.951+0000] {processor.py:208} INFO - Processing /home/airflow/.local/lib/python3.12/site-packages/airflow/example_dags/example_branch_operator_decorator.py took 0.272 seconds
[2025-11-09T22:00:06.052+0000] {processor.py:186} INFO - Started process (PID=6570) to work on /home/airflow/.local/lib/python3.12/site-packages/airflow/example_dags/example_branch_operator_decorator.py
[2025-11-09T22:00:06.055+0000] {processor.py:914} INFO - Processing file /home/airflow/.local/lib/python3.12/site-packages/airflow/example_dags/example_branch_operator_decorator.py for tasks to queue
[2025-11-09T22:00:06.059+0000] {logging_mixin.py:190} INFO - [2025-11-09T22:00:06.059+0000] {dagbag.py:588} INFO - Filling up the DagBag from /home/airflow/.local/lib/python3.12/site-packages/airflow/example_dags/example_branch_operator_decorator.py
[2025-11-09T22:00:06.116+0000] {processor.py:925} INFO - DAG(s) 'example_branch_python_operator_decorator' retrieved from /home/airflow/.local/lib/python3.12/site-packages/airflow/example_dags/example_branch_operator_decorator.py
[2025-11-09T22:00:06.175+0000] {logging_mixin.py:190} INFO - [2025-11-09T22:00:06.174+0000] {dag.py:3239} INFO - Sync 1 DAGs
[2025-11-09T22:00:06.229+0000] {logging_mixin.py:190} INFO - [2025-11-09T22:00:06.228+0000] {dag.py:4180} INFO - Setting next_dagrun for example_branch_python_operator_decorator to 2025-11-08 00:00:00+00:00, run_after=2025-11-09 00:00:00+00:00
[2025-11-09T22:00:06.270+0000] {processor.py:208} INFO - Processing /home/airflow/.local/lib/python3.12/site-packages/airflow/example_dags/example_branch_operator_decorator.py took 0.231 seconds
[2025-11-09T22:00:37.129+0000] {processor.py:186} INFO - Started process (PID=6634) to work on /home/airflow/.local/lib/python3.12/site-packages/airflow/example_dags/example_branch_operator_decorator.py
[2025-11-09T22:00:37.132+0000] {processor.py:914} INFO - Processing file /home/airflow/.local/lib/python3.12/site-packages/airflow/example_dags/example_branch_operator_decorator.py for tasks to queue
[2025-11-09T22:00:37.139+0000] {logging_mixin.py:190} INFO - [2025-11-09T22:00:37.138+0000] {dagbag.py:588} INFO - Filling up the DagBag from /home/airflow/.local/lib/python3.12/site-packages/airflow/example_dags/example_branch_operator_decorator.py
[2025-11-09T22:00:37.197+0000] {processor.py:925} INFO - DAG(s) 'example_branch_python_operator_decorator' retrieved from /home/airflow/.local/lib/python3.12/site-packages/airflow/example_dags/example_branch_operator_decorator.py
[2025-11-09T22:00:37.273+0000] {logging_mixin.py:190} INFO - [2025-11-09T22:00:37.273+0000] {dag.py:3239} INFO - Sync 1 DAGs
[2025-11-09T22:00:37.336+0000] {logging_mixin.py:190} INFO - [2025-11-09T22:00:37.335+0000] {dag.py:4180} INFO - Setting next_dagrun for example_branch_python_operator_decorator to 2025-11-08 00:00:00+00:00, run_after=2025-11-09 00:00:00+00:00
[2025-11-09T22:00:37.387+0000] {processor.py:208} INFO - Processing /home/airflow/.local/lib/python3.12/site-packages/airflow/example_dags/example_branch_operator_decorator.py took 0.274 seconds
