[2025-11-09T20:28:03.478+0000] {processor.py:186} INFO - Started process (PID=125) to work on /home/airflow/.local/lib/python3.12/site-packages/airflow/example_dags/tutorial_taskflow_api_virtualenv.py
[2025-11-09T20:28:03.481+0000] {processor.py:914} INFO - Processing file /home/airflow/.local/lib/python3.12/site-packages/airflow/example_dags/tutorial_taskflow_api_virtualenv.py for tasks to queue
[2025-11-09T20:28:03.487+0000] {logging_mixin.py:190} INFO - [2025-11-09T20:28:03.486+0000] {dagbag.py:588} INFO - Filling up the DagBag from /home/airflow/.local/lib/python3.12/site-packages/airflow/example_dags/tutorial_taskflow_api_virtualenv.py
[2025-11-09T20:28:03.519+0000] {processor.py:925} INFO - DAG(s) 'tutorial_taskflow_api_virtualenv' retrieved from /home/airflow/.local/lib/python3.12/site-packages/airflow/example_dags/tutorial_taskflow_api_virtualenv.py
[2025-11-09T20:28:03.774+0000] {logging_mixin.py:190} INFO - [2025-11-09T20:28:03.772+0000] {override.py:1911} INFO - Created Permission View: can edit on DAG:tutorial_taskflow_api_virtualenv
[2025-11-09T20:28:03.797+0000] {logging_mixin.py:190} INFO - [2025-11-09T20:28:03.797+0000] {override.py:1911} INFO - Created Permission View: can read on DAG:tutorial_taskflow_api_virtualenv
[2025-11-09T20:28:03.815+0000] {logging_mixin.py:190} INFO - [2025-11-09T20:28:03.814+0000] {override.py:1911} INFO - Created Permission View: can delete on DAG:tutorial_taskflow_api_virtualenv
[2025-11-09T20:28:03.834+0000] {logging_mixin.py:190} INFO - [2025-11-09T20:28:03.834+0000] {override.py:1911} INFO - Created Permission View: can read on DAG Run:tutorial_taskflow_api_virtualenv
[2025-11-09T20:28:03.852+0000] {logging_mixin.py:190} INFO - [2025-11-09T20:28:03.851+0000] {override.py:1911} INFO - Created Permission View: can create on DAG Run:tutorial_taskflow_api_virtualenv
[2025-11-09T20:28:03.871+0000] {logging_mixin.py:190} INFO - [2025-11-09T20:28:03.870+0000] {override.py:1911} INFO - Created Permission View: menu access on DAG Run:tutorial_taskflow_api_virtualenv
[2025-11-09T20:28:03.889+0000] {logging_mixin.py:190} INFO - [2025-11-09T20:28:03.888+0000] {override.py:1911} INFO - Created Permission View: can delete on DAG Run:tutorial_taskflow_api_virtualenv
[2025-11-09T20:28:03.890+0000] {logging_mixin.py:190} INFO - [2025-11-09T20:28:03.890+0000] {dag.py:3239} INFO - Sync 1 DAGs
[2025-11-09T20:28:03.924+0000] {logging_mixin.py:190} INFO - [2025-11-09T20:28:03.924+0000] {dag.py:3262} INFO - Creating ORM DAG for tutorial_taskflow_api_virtualenv
[2025-11-09T20:28:03.926+0000] {logging_mixin.py:190} INFO - [2025-11-09T20:28:03.926+0000] {dag.py:4180} INFO - Setting next_dagrun for tutorial_taskflow_api_virtualenv to None, run_after=None
[2025-11-09T20:28:03.972+0000] {processor.py:208} INFO - Processing /home/airflow/.local/lib/python3.12/site-packages/airflow/example_dags/tutorial_taskflow_api_virtualenv.py took 0.510 seconds
[2025-11-09T20:28:34.132+0000] {processor.py:186} INFO - Started process (PID=188) to work on /home/airflow/.local/lib/python3.12/site-packages/airflow/example_dags/tutorial_taskflow_api_virtualenv.py
[2025-11-09T20:28:34.134+0000] {processor.py:914} INFO - Processing file /home/airflow/.local/lib/python3.12/site-packages/airflow/example_dags/tutorial_taskflow_api_virtualenv.py for tasks to queue
[2025-11-09T20:28:34.138+0000] {logging_mixin.py:190} INFO - [2025-11-09T20:28:34.138+0000] {dagbag.py:588} INFO - Filling up the DagBag from /home/airflow/.local/lib/python3.12/site-packages/airflow/example_dags/tutorial_taskflow_api_virtualenv.py
[2025-11-09T20:28:34.158+0000] {processor.py:925} INFO - DAG(s) 'tutorial_taskflow_api_virtualenv' retrieved from /home/airflow/.local/lib/python3.12/site-packages/airflow/example_dags/tutorial_taskflow_api_virtualenv.py
[2025-11-09T20:28:34.196+0000] {logging_mixin.py:190} INFO - [2025-11-09T20:28:34.196+0000] {dag.py:3239} INFO - Sync 1 DAGs
[2025-11-09T20:28:34.222+0000] {logging_mixin.py:190} INFO - [2025-11-09T20:28:34.222+0000] {dag.py:4180} INFO - Setting next_dagrun for tutorial_taskflow_api_virtualenv to None, run_after=None
[2025-11-09T20:28:34.256+0000] {processor.py:208} INFO - Processing /home/airflow/.local/lib/python3.12/site-packages/airflow/example_dags/tutorial_taskflow_api_virtualenv.py took 0.134 seconds
[2025-11-09T20:29:04.455+0000] {processor.py:186} INFO - Started process (PID=250) to work on /home/airflow/.local/lib/python3.12/site-packages/airflow/example_dags/tutorial_taskflow_api_virtualenv.py
[2025-11-09T20:29:04.458+0000] {processor.py:914} INFO - Processing file /home/airflow/.local/lib/python3.12/site-packages/airflow/example_dags/tutorial_taskflow_api_virtualenv.py for tasks to queue
[2025-11-09T20:29:04.463+0000] {logging_mixin.py:190} INFO - [2025-11-09T20:29:04.462+0000] {dagbag.py:588} INFO - Filling up the DagBag from /home/airflow/.local/lib/python3.12/site-packages/airflow/example_dags/tutorial_taskflow_api_virtualenv.py
[2025-11-09T20:29:04.488+0000] {processor.py:925} INFO - DAG(s) 'tutorial_taskflow_api_virtualenv' retrieved from /home/airflow/.local/lib/python3.12/site-packages/airflow/example_dags/tutorial_taskflow_api_virtualenv.py
[2025-11-09T20:29:04.533+0000] {logging_mixin.py:190} INFO - [2025-11-09T20:29:04.533+0000] {dag.py:3239} INFO - Sync 1 DAGs
[2025-11-09T20:29:04.558+0000] {logging_mixin.py:190} INFO - [2025-11-09T20:29:04.558+0000] {dag.py:4180} INFO - Setting next_dagrun for tutorial_taskflow_api_virtualenv to None, run_after=None
[2025-11-09T20:29:04.596+0000] {processor.py:208} INFO - Processing /home/airflow/.local/lib/python3.12/site-packages/airflow/example_dags/tutorial_taskflow_api_virtualenv.py took 0.152 seconds
[2025-11-09T20:29:35.493+0000] {processor.py:186} INFO - Started process (PID=313) to work on /home/airflow/.local/lib/python3.12/site-packages/airflow/example_dags/tutorial_taskflow_api_virtualenv.py
[2025-11-09T20:29:35.496+0000] {processor.py:914} INFO - Processing file /home/airflow/.local/lib/python3.12/site-packages/airflow/example_dags/tutorial_taskflow_api_virtualenv.py for tasks to queue
[2025-11-09T20:29:35.501+0000] {logging_mixin.py:190} INFO - [2025-11-09T20:29:35.500+0000] {dagbag.py:588} INFO - Filling up the DagBag from /home/airflow/.local/lib/python3.12/site-packages/airflow/example_dags/tutorial_taskflow_api_virtualenv.py
[2025-11-09T20:29:35.528+0000] {processor.py:925} INFO - DAG(s) 'tutorial_taskflow_api_virtualenv' retrieved from /home/airflow/.local/lib/python3.12/site-packages/airflow/example_dags/tutorial_taskflow_api_virtualenv.py
[2025-11-09T20:29:35.569+0000] {logging_mixin.py:190} INFO - [2025-11-09T20:29:35.568+0000] {dag.py:3239} INFO - Sync 1 DAGs
[2025-11-09T20:29:35.603+0000] {logging_mixin.py:190} INFO - [2025-11-09T20:29:35.603+0000] {dag.py:4180} INFO - Setting next_dagrun for tutorial_taskflow_api_virtualenv to None, run_after=None
[2025-11-09T20:29:35.639+0000] {processor.py:208} INFO - Processing /home/airflow/.local/lib/python3.12/site-packages/airflow/example_dags/tutorial_taskflow_api_virtualenv.py took 0.159 seconds
[2025-11-09T20:30:06.360+0000] {processor.py:186} INFO - Started process (PID=376) to work on /home/airflow/.local/lib/python3.12/site-packages/airflow/example_dags/tutorial_taskflow_api_virtualenv.py
[2025-11-09T20:30:06.363+0000] {processor.py:914} INFO - Processing file /home/airflow/.local/lib/python3.12/site-packages/airflow/example_dags/tutorial_taskflow_api_virtualenv.py for tasks to queue
[2025-11-09T20:30:06.372+0000] {logging_mixin.py:190} INFO - [2025-11-09T20:30:06.371+0000] {dagbag.py:588} INFO - Filling up the DagBag from /home/airflow/.local/lib/python3.12/site-packages/airflow/example_dags/tutorial_taskflow_api_virtualenv.py
[2025-11-09T20:30:06.413+0000] {processor.py:925} INFO - DAG(s) 'tutorial_taskflow_api_virtualenv' retrieved from /home/airflow/.local/lib/python3.12/site-packages/airflow/example_dags/tutorial_taskflow_api_virtualenv.py
[2025-11-09T20:30:06.469+0000] {logging_mixin.py:190} INFO - [2025-11-09T20:30:06.468+0000] {dag.py:3239} INFO - Sync 1 DAGs
[2025-11-09T20:30:06.510+0000] {logging_mixin.py:190} INFO - [2025-11-09T20:30:06.510+0000] {dag.py:4180} INFO - Setting next_dagrun for tutorial_taskflow_api_virtualenv to None, run_after=None
[2025-11-09T20:30:06.552+0000] {processor.py:208} INFO - Processing /home/airflow/.local/lib/python3.12/site-packages/airflow/example_dags/tutorial_taskflow_api_virtualenv.py took 0.217 seconds
[2025-11-09T20:30:37.191+0000] {processor.py:186} INFO - Started process (PID=439) to work on /home/airflow/.local/lib/python3.12/site-packages/airflow/example_dags/tutorial_taskflow_api_virtualenv.py
[2025-11-09T20:30:37.193+0000] {processor.py:914} INFO - Processing file /home/airflow/.local/lib/python3.12/site-packages/airflow/example_dags/tutorial_taskflow_api_virtualenv.py for tasks to queue
[2025-11-09T20:30:37.200+0000] {logging_mixin.py:190} INFO - [2025-11-09T20:30:37.199+0000] {dagbag.py:588} INFO - Filling up the DagBag from /home/airflow/.local/lib/python3.12/site-packages/airflow/example_dags/tutorial_taskflow_api_virtualenv.py
[2025-11-09T20:30:37.230+0000] {processor.py:925} INFO - DAG(s) 'tutorial_taskflow_api_virtualenv' retrieved from /home/airflow/.local/lib/python3.12/site-packages/airflow/example_dags/tutorial_taskflow_api_virtualenv.py
[2025-11-09T20:30:37.275+0000] {logging_mixin.py:190} INFO - [2025-11-09T20:30:37.274+0000] {dag.py:3239} INFO - Sync 1 DAGs
[2025-11-09T20:30:37.310+0000] {logging_mixin.py:190} INFO - [2025-11-09T20:30:37.310+0000] {dag.py:4180} INFO - Setting next_dagrun for tutorial_taskflow_api_virtualenv to None, run_after=None
[2025-11-09T20:30:37.355+0000] {processor.py:208} INFO - Processing /home/airflow/.local/lib/python3.12/site-packages/airflow/example_dags/tutorial_taskflow_api_virtualenv.py took 0.180 seconds
[2025-11-09T20:31:07.521+0000] {processor.py:186} INFO - Started process (PID=502) to work on /home/airflow/.local/lib/python3.12/site-packages/airflow/example_dags/tutorial_taskflow_api_virtualenv.py
[2025-11-09T20:31:07.522+0000] {processor.py:914} INFO - Processing file /home/airflow/.local/lib/python3.12/site-packages/airflow/example_dags/tutorial_taskflow_api_virtualenv.py for tasks to queue
[2025-11-09T20:31:07.527+0000] {logging_mixin.py:190} INFO - [2025-11-09T20:31:07.526+0000] {dagbag.py:588} INFO - Filling up the DagBag from /home/airflow/.local/lib/python3.12/site-packages/airflow/example_dags/tutorial_taskflow_api_virtualenv.py
[2025-11-09T20:31:07.548+0000] {processor.py:925} INFO - DAG(s) 'tutorial_taskflow_api_virtualenv' retrieved from /home/airflow/.local/lib/python3.12/site-packages/airflow/example_dags/tutorial_taskflow_api_virtualenv.py
[2025-11-09T20:31:07.589+0000] {logging_mixin.py:190} INFO - [2025-11-09T20:31:07.589+0000] {dag.py:3239} INFO - Sync 1 DAGs
[2025-11-09T20:31:07.615+0000] {logging_mixin.py:190} INFO - [2025-11-09T20:31:07.614+0000] {dag.py:4180} INFO - Setting next_dagrun for tutorial_taskflow_api_virtualenv to None, run_after=None
[2025-11-09T20:31:07.649+0000] {processor.py:208} INFO - Processing /home/airflow/.local/lib/python3.12/site-packages/airflow/example_dags/tutorial_taskflow_api_virtualenv.py took 0.139 seconds
[2025-11-09T20:31:37.915+0000] {processor.py:186} INFO - Started process (PID=565) to work on /home/airflow/.local/lib/python3.12/site-packages/airflow/example_dags/tutorial_taskflow_api_virtualenv.py
[2025-11-09T20:31:37.917+0000] {processor.py:914} INFO - Processing file /home/airflow/.local/lib/python3.12/site-packages/airflow/example_dags/tutorial_taskflow_api_virtualenv.py for tasks to queue
[2025-11-09T20:31:37.921+0000] {logging_mixin.py:190} INFO - [2025-11-09T20:31:37.920+0000] {dagbag.py:588} INFO - Filling up the DagBag from /home/airflow/.local/lib/python3.12/site-packages/airflow/example_dags/tutorial_taskflow_api_virtualenv.py
[2025-11-09T20:31:37.939+0000] {processor.py:925} INFO - DAG(s) 'tutorial_taskflow_api_virtualenv' retrieved from /home/airflow/.local/lib/python3.12/site-packages/airflow/example_dags/tutorial_taskflow_api_virtualenv.py
[2025-11-09T20:31:37.975+0000] {logging_mixin.py:190} INFO - [2025-11-09T20:31:37.975+0000] {dag.py:3239} INFO - Sync 1 DAGs
[2025-11-09T20:31:37.997+0000] {logging_mixin.py:190} INFO - [2025-11-09T20:31:37.997+0000] {dag.py:4180} INFO - Setting next_dagrun for tutorial_taskflow_api_virtualenv to None, run_after=None
[2025-11-09T20:31:38.031+0000] {processor.py:208} INFO - Processing /home/airflow/.local/lib/python3.12/site-packages/airflow/example_dags/tutorial_taskflow_api_virtualenv.py took 0.127 seconds
[2025-11-09T20:32:08.739+0000] {processor.py:186} INFO - Started process (PID=628) to work on /home/airflow/.local/lib/python3.12/site-packages/airflow/example_dags/tutorial_taskflow_api_virtualenv.py
[2025-11-09T20:32:08.742+0000] {processor.py:914} INFO - Processing file /home/airflow/.local/lib/python3.12/site-packages/airflow/example_dags/tutorial_taskflow_api_virtualenv.py for tasks to queue
[2025-11-09T20:32:08.748+0000] {logging_mixin.py:190} INFO - [2025-11-09T20:32:08.747+0000] {dagbag.py:588} INFO - Filling up the DagBag from /home/airflow/.local/lib/python3.12/site-packages/airflow/example_dags/tutorial_taskflow_api_virtualenv.py
[2025-11-09T20:32:08.777+0000] {processor.py:925} INFO - DAG(s) 'tutorial_taskflow_api_virtualenv' retrieved from /home/airflow/.local/lib/python3.12/site-packages/airflow/example_dags/tutorial_taskflow_api_virtualenv.py
[2025-11-09T20:32:08.828+0000] {logging_mixin.py:190} INFO - [2025-11-09T20:32:08.827+0000] {dag.py:3239} INFO - Sync 1 DAGs
[2025-11-09T20:32:08.863+0000] {logging_mixin.py:190} INFO - [2025-11-09T20:32:08.863+0000] {dag.py:4180} INFO - Setting next_dagrun for tutorial_taskflow_api_virtualenv to None, run_after=None
[2025-11-09T20:32:08.905+0000] {processor.py:208} INFO - Processing /home/airflow/.local/lib/python3.12/site-packages/airflow/example_dags/tutorial_taskflow_api_virtualenv.py took 0.178 seconds
[2025-11-09T20:32:39.046+0000] {processor.py:186} INFO - Started process (PID=690) to work on /home/airflow/.local/lib/python3.12/site-packages/airflow/example_dags/tutorial_taskflow_api_virtualenv.py
[2025-11-09T20:32:39.049+0000] {processor.py:914} INFO - Processing file /home/airflow/.local/lib/python3.12/site-packages/airflow/example_dags/tutorial_taskflow_api_virtualenv.py for tasks to queue
[2025-11-09T20:32:39.054+0000] {logging_mixin.py:190} INFO - [2025-11-09T20:32:39.053+0000] {dagbag.py:588} INFO - Filling up the DagBag from /home/airflow/.local/lib/python3.12/site-packages/airflow/example_dags/tutorial_taskflow_api_virtualenv.py
[2025-11-09T20:32:39.072+0000] {processor.py:925} INFO - DAG(s) 'tutorial_taskflow_api_virtualenv' retrieved from /home/airflow/.local/lib/python3.12/site-packages/airflow/example_dags/tutorial_taskflow_api_virtualenv.py
[2025-11-09T20:32:39.108+0000] {logging_mixin.py:190} INFO - [2025-11-09T20:32:39.108+0000] {dag.py:3239} INFO - Sync 1 DAGs
[2025-11-09T20:32:39.133+0000] {logging_mixin.py:190} INFO - [2025-11-09T20:32:39.132+0000] {dag.py:4180} INFO - Setting next_dagrun for tutorial_taskflow_api_virtualenv to None, run_after=None
[2025-11-09T20:32:39.166+0000] {processor.py:208} INFO - Processing /home/airflow/.local/lib/python3.12/site-packages/airflow/example_dags/tutorial_taskflow_api_virtualenv.py took 0.129 seconds
[2025-11-09T20:33:09.503+0000] {processor.py:186} INFO - Started process (PID=753) to work on /home/airflow/.local/lib/python3.12/site-packages/airflow/example_dags/tutorial_taskflow_api_virtualenv.py
[2025-11-09T20:33:09.505+0000] {processor.py:914} INFO - Processing file /home/airflow/.local/lib/python3.12/site-packages/airflow/example_dags/tutorial_taskflow_api_virtualenv.py for tasks to queue
[2025-11-09T20:33:09.508+0000] {logging_mixin.py:190} INFO - [2025-11-09T20:33:09.508+0000] {dagbag.py:588} INFO - Filling up the DagBag from /home/airflow/.local/lib/python3.12/site-packages/airflow/example_dags/tutorial_taskflow_api_virtualenv.py
[2025-11-09T20:33:09.527+0000] {processor.py:925} INFO - DAG(s) 'tutorial_taskflow_api_virtualenv' retrieved from /home/airflow/.local/lib/python3.12/site-packages/airflow/example_dags/tutorial_taskflow_api_virtualenv.py
[2025-11-09T20:33:09.563+0000] {logging_mixin.py:190} INFO - [2025-11-09T20:33:09.563+0000] {dag.py:3239} INFO - Sync 1 DAGs
[2025-11-09T20:33:09.588+0000] {logging_mixin.py:190} INFO - [2025-11-09T20:33:09.587+0000] {dag.py:4180} INFO - Setting next_dagrun for tutorial_taskflow_api_virtualenv to None, run_after=None
[2025-11-09T20:33:09.626+0000] {processor.py:208} INFO - Processing /home/airflow/.local/lib/python3.12/site-packages/airflow/example_dags/tutorial_taskflow_api_virtualenv.py took 0.132 seconds
[2025-11-09T20:33:40.134+0000] {processor.py:186} INFO - Started process (PID=816) to work on /home/airflow/.local/lib/python3.12/site-packages/airflow/example_dags/tutorial_taskflow_api_virtualenv.py
[2025-11-09T20:33:40.136+0000] {processor.py:914} INFO - Processing file /home/airflow/.local/lib/python3.12/site-packages/airflow/example_dags/tutorial_taskflow_api_virtualenv.py for tasks to queue
[2025-11-09T20:33:40.140+0000] {logging_mixin.py:190} INFO - [2025-11-09T20:33:40.140+0000] {dagbag.py:588} INFO - Filling up the DagBag from /home/airflow/.local/lib/python3.12/site-packages/airflow/example_dags/tutorial_taskflow_api_virtualenv.py
[2025-11-09T20:33:40.161+0000] {processor.py:925} INFO - DAG(s) 'tutorial_taskflow_api_virtualenv' retrieved from /home/airflow/.local/lib/python3.12/site-packages/airflow/example_dags/tutorial_taskflow_api_virtualenv.py
[2025-11-09T20:33:40.198+0000] {logging_mixin.py:190} INFO - [2025-11-09T20:33:40.197+0000] {dag.py:3239} INFO - Sync 1 DAGs
[2025-11-09T20:33:40.222+0000] {logging_mixin.py:190} INFO - [2025-11-09T20:33:40.222+0000] {dag.py:4180} INFO - Setting next_dagrun for tutorial_taskflow_api_virtualenv to None, run_after=None
[2025-11-09T20:33:40.255+0000] {processor.py:208} INFO - Processing /home/airflow/.local/lib/python3.12/site-packages/airflow/example_dags/tutorial_taskflow_api_virtualenv.py took 0.131 seconds
[2025-11-09T20:34:11.050+0000] {processor.py:186} INFO - Started process (PID=880) to work on /home/airflow/.local/lib/python3.12/site-packages/airflow/example_dags/tutorial_taskflow_api_virtualenv.py
[2025-11-09T20:34:11.052+0000] {processor.py:914} INFO - Processing file /home/airflow/.local/lib/python3.12/site-packages/airflow/example_dags/tutorial_taskflow_api_virtualenv.py for tasks to queue
[2025-11-09T20:34:11.057+0000] {logging_mixin.py:190} INFO - [2025-11-09T20:34:11.056+0000] {dagbag.py:588} INFO - Filling up the DagBag from /home/airflow/.local/lib/python3.12/site-packages/airflow/example_dags/tutorial_taskflow_api_virtualenv.py
[2025-11-09T20:34:11.076+0000] {processor.py:925} INFO - DAG(s) 'tutorial_taskflow_api_virtualenv' retrieved from /home/airflow/.local/lib/python3.12/site-packages/airflow/example_dags/tutorial_taskflow_api_virtualenv.py
[2025-11-09T20:34:11.112+0000] {logging_mixin.py:190} INFO - [2025-11-09T20:34:11.111+0000] {dag.py:3239} INFO - Sync 1 DAGs
[2025-11-09T20:34:11.138+0000] {logging_mixin.py:190} INFO - [2025-11-09T20:34:11.138+0000] {dag.py:4180} INFO - Setting next_dagrun for tutorial_taskflow_api_virtualenv to None, run_after=None
[2025-11-09T20:34:11.172+0000] {processor.py:208} INFO - Processing /home/airflow/.local/lib/python3.12/site-packages/airflow/example_dags/tutorial_taskflow_api_virtualenv.py took 0.131 seconds
[2025-11-09T20:34:41.611+0000] {processor.py:186} INFO - Started process (PID=943) to work on /home/airflow/.local/lib/python3.12/site-packages/airflow/example_dags/tutorial_taskflow_api_virtualenv.py
[2025-11-09T20:34:41.613+0000] {processor.py:914} INFO - Processing file /home/airflow/.local/lib/python3.12/site-packages/airflow/example_dags/tutorial_taskflow_api_virtualenv.py for tasks to queue
[2025-11-09T20:34:41.618+0000] {logging_mixin.py:190} INFO - [2025-11-09T20:34:41.617+0000] {dagbag.py:588} INFO - Filling up the DagBag from /home/airflow/.local/lib/python3.12/site-packages/airflow/example_dags/tutorial_taskflow_api_virtualenv.py
[2025-11-09T20:34:41.638+0000] {processor.py:925} INFO - DAG(s) 'tutorial_taskflow_api_virtualenv' retrieved from /home/airflow/.local/lib/python3.12/site-packages/airflow/example_dags/tutorial_taskflow_api_virtualenv.py
[2025-11-09T20:34:41.681+0000] {logging_mixin.py:190} INFO - [2025-11-09T20:34:41.680+0000] {dag.py:3239} INFO - Sync 1 DAGs
[2025-11-09T20:34:41.708+0000] {logging_mixin.py:190} INFO - [2025-11-09T20:34:41.708+0000] {dag.py:4180} INFO - Setting next_dagrun for tutorial_taskflow_api_virtualenv to None, run_after=None
[2025-11-09T20:34:41.744+0000] {processor.py:208} INFO - Processing /home/airflow/.local/lib/python3.12/site-packages/airflow/example_dags/tutorial_taskflow_api_virtualenv.py took 0.144 seconds
[2025-11-09T20:35:11.962+0000] {processor.py:186} INFO - Started process (PID=1006) to work on /home/airflow/.local/lib/python3.12/site-packages/airflow/example_dags/tutorial_taskflow_api_virtualenv.py
[2025-11-09T20:35:11.964+0000] {processor.py:914} INFO - Processing file /home/airflow/.local/lib/python3.12/site-packages/airflow/example_dags/tutorial_taskflow_api_virtualenv.py for tasks to queue
[2025-11-09T20:35:11.968+0000] {logging_mixin.py:190} INFO - [2025-11-09T20:35:11.968+0000] {dagbag.py:588} INFO - Filling up the DagBag from /home/airflow/.local/lib/python3.12/site-packages/airflow/example_dags/tutorial_taskflow_api_virtualenv.py
[2025-11-09T20:35:11.993+0000] {processor.py:925} INFO - DAG(s) 'tutorial_taskflow_api_virtualenv' retrieved from /home/airflow/.local/lib/python3.12/site-packages/airflow/example_dags/tutorial_taskflow_api_virtualenv.py
[2025-11-09T20:35:12.033+0000] {logging_mixin.py:190} INFO - [2025-11-09T20:35:12.033+0000] {dag.py:3239} INFO - Sync 1 DAGs
[2025-11-09T20:35:12.067+0000] {logging_mixin.py:190} INFO - [2025-11-09T20:35:12.066+0000] {dag.py:4180} INFO - Setting next_dagrun for tutorial_taskflow_api_virtualenv to None, run_after=None
[2025-11-09T20:35:12.104+0000] {processor.py:208} INFO - Processing /home/airflow/.local/lib/python3.12/site-packages/airflow/example_dags/tutorial_taskflow_api_virtualenv.py took 0.152 seconds
[2025-11-09T20:35:42.670+0000] {processor.py:186} INFO - Started process (PID=1069) to work on /home/airflow/.local/lib/python3.12/site-packages/airflow/example_dags/tutorial_taskflow_api_virtualenv.py
[2025-11-09T20:35:42.672+0000] {processor.py:914} INFO - Processing file /home/airflow/.local/lib/python3.12/site-packages/airflow/example_dags/tutorial_taskflow_api_virtualenv.py for tasks to queue
[2025-11-09T20:35:42.676+0000] {logging_mixin.py:190} INFO - [2025-11-09T20:35:42.676+0000] {dagbag.py:588} INFO - Filling up the DagBag from /home/airflow/.local/lib/python3.12/site-packages/airflow/example_dags/tutorial_taskflow_api_virtualenv.py
[2025-11-09T20:35:42.696+0000] {processor.py:925} INFO - DAG(s) 'tutorial_taskflow_api_virtualenv' retrieved from /home/airflow/.local/lib/python3.12/site-packages/airflow/example_dags/tutorial_taskflow_api_virtualenv.py
[2025-11-09T20:35:42.733+0000] {logging_mixin.py:190} INFO - [2025-11-09T20:35:42.733+0000] {dag.py:3239} INFO - Sync 1 DAGs
[2025-11-09T20:35:42.756+0000] {logging_mixin.py:190} INFO - [2025-11-09T20:35:42.755+0000] {dag.py:4180} INFO - Setting next_dagrun for tutorial_taskflow_api_virtualenv to None, run_after=None
[2025-11-09T20:35:42.786+0000] {processor.py:208} INFO - Processing /home/airflow/.local/lib/python3.12/site-packages/airflow/example_dags/tutorial_taskflow_api_virtualenv.py took 0.125 seconds
[2025-11-09T20:36:13.249+0000] {processor.py:186} INFO - Started process (PID=1131) to work on /home/airflow/.local/lib/python3.12/site-packages/airflow/example_dags/tutorial_taskflow_api_virtualenv.py
[2025-11-09T20:36:13.252+0000] {processor.py:914} INFO - Processing file /home/airflow/.local/lib/python3.12/site-packages/airflow/example_dags/tutorial_taskflow_api_virtualenv.py for tasks to queue
[2025-11-09T20:36:13.258+0000] {logging_mixin.py:190} INFO - [2025-11-09T20:36:13.257+0000] {dagbag.py:588} INFO - Filling up the DagBag from /home/airflow/.local/lib/python3.12/site-packages/airflow/example_dags/tutorial_taskflow_api_virtualenv.py
[2025-11-09T20:36:13.293+0000] {processor.py:925} INFO - DAG(s) 'tutorial_taskflow_api_virtualenv' retrieved from /home/airflow/.local/lib/python3.12/site-packages/airflow/example_dags/tutorial_taskflow_api_virtualenv.py
[2025-11-09T20:36:13.354+0000] {logging_mixin.py:190} INFO - [2025-11-09T20:36:13.354+0000] {dag.py:3239} INFO - Sync 1 DAGs
[2025-11-09T20:36:13.387+0000] {logging_mixin.py:190} INFO - [2025-11-09T20:36:13.387+0000] {dag.py:4180} INFO - Setting next_dagrun for tutorial_taskflow_api_virtualenv to None, run_after=None
[2025-11-09T20:36:13.435+0000] {processor.py:208} INFO - Processing /home/airflow/.local/lib/python3.12/site-packages/airflow/example_dags/tutorial_taskflow_api_virtualenv.py took 0.204 seconds
[2025-11-09T20:36:43.627+0000] {processor.py:186} INFO - Started process (PID=1194) to work on /home/airflow/.local/lib/python3.12/site-packages/airflow/example_dags/tutorial_taskflow_api_virtualenv.py
[2025-11-09T20:36:43.629+0000] {processor.py:914} INFO - Processing file /home/airflow/.local/lib/python3.12/site-packages/airflow/example_dags/tutorial_taskflow_api_virtualenv.py for tasks to queue
[2025-11-09T20:36:43.633+0000] {logging_mixin.py:190} INFO - [2025-11-09T20:36:43.632+0000] {dagbag.py:588} INFO - Filling up the DagBag from /home/airflow/.local/lib/python3.12/site-packages/airflow/example_dags/tutorial_taskflow_api_virtualenv.py
[2025-11-09T20:36:43.651+0000] {processor.py:925} INFO - DAG(s) 'tutorial_taskflow_api_virtualenv' retrieved from /home/airflow/.local/lib/python3.12/site-packages/airflow/example_dags/tutorial_taskflow_api_virtualenv.py
[2025-11-09T20:36:43.688+0000] {logging_mixin.py:190} INFO - [2025-11-09T20:36:43.687+0000] {dag.py:3239} INFO - Sync 1 DAGs
[2025-11-09T20:36:43.711+0000] {logging_mixin.py:190} INFO - [2025-11-09T20:36:43.711+0000] {dag.py:4180} INFO - Setting next_dagrun for tutorial_taskflow_api_virtualenv to None, run_after=None
[2025-11-09T20:36:43.745+0000] {processor.py:208} INFO - Processing /home/airflow/.local/lib/python3.12/site-packages/airflow/example_dags/tutorial_taskflow_api_virtualenv.py took 0.128 seconds
[2025-11-09T20:37:13.881+0000] {processor.py:186} INFO - Started process (PID=1258) to work on /home/airflow/.local/lib/python3.12/site-packages/airflow/example_dags/tutorial_taskflow_api_virtualenv.py
[2025-11-09T20:37:13.883+0000] {processor.py:914} INFO - Processing file /home/airflow/.local/lib/python3.12/site-packages/airflow/example_dags/tutorial_taskflow_api_virtualenv.py for tasks to queue
[2025-11-09T20:37:13.890+0000] {logging_mixin.py:190} INFO - [2025-11-09T20:37:13.890+0000] {dagbag.py:588} INFO - Filling up the DagBag from /home/airflow/.local/lib/python3.12/site-packages/airflow/example_dags/tutorial_taskflow_api_virtualenv.py
[2025-11-09T20:37:13.910+0000] {processor.py:925} INFO - DAG(s) 'tutorial_taskflow_api_virtualenv' retrieved from /home/airflow/.local/lib/python3.12/site-packages/airflow/example_dags/tutorial_taskflow_api_virtualenv.py
[2025-11-09T20:37:13.948+0000] {logging_mixin.py:190} INFO - [2025-11-09T20:37:13.947+0000] {dag.py:3239} INFO - Sync 1 DAGs
[2025-11-09T20:37:13.974+0000] {logging_mixin.py:190} INFO - [2025-11-09T20:37:13.974+0000] {dag.py:4180} INFO - Setting next_dagrun for tutorial_taskflow_api_virtualenv to None, run_after=None
[2025-11-09T20:37:14.009+0000] {processor.py:208} INFO - Processing /home/airflow/.local/lib/python3.12/site-packages/airflow/example_dags/tutorial_taskflow_api_virtualenv.py took 0.139 seconds
[2025-11-09T20:37:44.564+0000] {processor.py:186} INFO - Started process (PID=1321) to work on /home/airflow/.local/lib/python3.12/site-packages/airflow/example_dags/tutorial_taskflow_api_virtualenv.py
[2025-11-09T20:37:44.566+0000] {processor.py:914} INFO - Processing file /home/airflow/.local/lib/python3.12/site-packages/airflow/example_dags/tutorial_taskflow_api_virtualenv.py for tasks to queue
[2025-11-09T20:37:44.572+0000] {logging_mixin.py:190} INFO - [2025-11-09T20:37:44.571+0000] {dagbag.py:588} INFO - Filling up the DagBag from /home/airflow/.local/lib/python3.12/site-packages/airflow/example_dags/tutorial_taskflow_api_virtualenv.py
[2025-11-09T20:37:44.595+0000] {processor.py:925} INFO - DAG(s) 'tutorial_taskflow_api_virtualenv' retrieved from /home/airflow/.local/lib/python3.12/site-packages/airflow/example_dags/tutorial_taskflow_api_virtualenv.py
[2025-11-09T20:37:44.631+0000] {logging_mixin.py:190} INFO - [2025-11-09T20:37:44.631+0000] {dag.py:3239} INFO - Sync 1 DAGs
[2025-11-09T20:37:44.656+0000] {logging_mixin.py:190} INFO - [2025-11-09T20:37:44.656+0000] {dag.py:4180} INFO - Setting next_dagrun for tutorial_taskflow_api_virtualenv to None, run_after=None
[2025-11-09T20:37:44.688+0000] {processor.py:208} INFO - Processing /home/airflow/.local/lib/python3.12/site-packages/airflow/example_dags/tutorial_taskflow_api_virtualenv.py took 0.136 seconds
[2025-11-09T20:38:15.219+0000] {processor.py:186} INFO - Started process (PID=1384) to work on /home/airflow/.local/lib/python3.12/site-packages/airflow/example_dags/tutorial_taskflow_api_virtualenv.py
[2025-11-09T20:38:15.221+0000] {processor.py:914} INFO - Processing file /home/airflow/.local/lib/python3.12/site-packages/airflow/example_dags/tutorial_taskflow_api_virtualenv.py for tasks to queue
[2025-11-09T20:38:15.225+0000] {logging_mixin.py:190} INFO - [2025-11-09T20:38:15.224+0000] {dagbag.py:588} INFO - Filling up the DagBag from /home/airflow/.local/lib/python3.12/site-packages/airflow/example_dags/tutorial_taskflow_api_virtualenv.py
[2025-11-09T20:38:15.245+0000] {processor.py:925} INFO - DAG(s) 'tutorial_taskflow_api_virtualenv' retrieved from /home/airflow/.local/lib/python3.12/site-packages/airflow/example_dags/tutorial_taskflow_api_virtualenv.py
[2025-11-09T20:38:15.280+0000] {logging_mixin.py:190} INFO - [2025-11-09T20:38:15.280+0000] {dag.py:3239} INFO - Sync 1 DAGs
[2025-11-09T20:38:15.304+0000] {logging_mixin.py:190} INFO - [2025-11-09T20:38:15.304+0000] {dag.py:4180} INFO - Setting next_dagrun for tutorial_taskflow_api_virtualenv to None, run_after=None
[2025-11-09T20:38:15.338+0000] {processor.py:208} INFO - Processing /home/airflow/.local/lib/python3.12/site-packages/airflow/example_dags/tutorial_taskflow_api_virtualenv.py took 0.128 seconds
[2025-11-09T20:38:45.608+0000] {processor.py:186} INFO - Started process (PID=1447) to work on /home/airflow/.local/lib/python3.12/site-packages/airflow/example_dags/tutorial_taskflow_api_virtualenv.py
[2025-11-09T20:38:45.610+0000] {processor.py:914} INFO - Processing file /home/airflow/.local/lib/python3.12/site-packages/airflow/example_dags/tutorial_taskflow_api_virtualenv.py for tasks to queue
[2025-11-09T20:38:45.615+0000] {logging_mixin.py:190} INFO - [2025-11-09T20:38:45.614+0000] {dagbag.py:588} INFO - Filling up the DagBag from /home/airflow/.local/lib/python3.12/site-packages/airflow/example_dags/tutorial_taskflow_api_virtualenv.py
[2025-11-09T20:38:45.648+0000] {processor.py:925} INFO - DAG(s) 'tutorial_taskflow_api_virtualenv' retrieved from /home/airflow/.local/lib/python3.12/site-packages/airflow/example_dags/tutorial_taskflow_api_virtualenv.py
[2025-11-09T20:38:45.700+0000] {logging_mixin.py:190} INFO - [2025-11-09T20:38:45.700+0000] {dag.py:3239} INFO - Sync 1 DAGs
[2025-11-09T20:38:45.736+0000] {logging_mixin.py:190} INFO - [2025-11-09T20:38:45.736+0000] {dag.py:4180} INFO - Setting next_dagrun for tutorial_taskflow_api_virtualenv to None, run_after=None
[2025-11-09T20:38:45.777+0000] {processor.py:208} INFO - Processing /home/airflow/.local/lib/python3.12/site-packages/airflow/example_dags/tutorial_taskflow_api_virtualenv.py took 0.182 seconds
[2025-11-09T20:39:15.973+0000] {processor.py:186} INFO - Started process (PID=1510) to work on /home/airflow/.local/lib/python3.12/site-packages/airflow/example_dags/tutorial_taskflow_api_virtualenv.py
[2025-11-09T20:39:15.975+0000] {processor.py:914} INFO - Processing file /home/airflow/.local/lib/python3.12/site-packages/airflow/example_dags/tutorial_taskflow_api_virtualenv.py for tasks to queue
[2025-11-09T20:39:15.979+0000] {logging_mixin.py:190} INFO - [2025-11-09T20:39:15.979+0000] {dagbag.py:588} INFO - Filling up the DagBag from /home/airflow/.local/lib/python3.12/site-packages/airflow/example_dags/tutorial_taskflow_api_virtualenv.py
[2025-11-09T20:39:16.016+0000] {processor.py:925} INFO - DAG(s) 'tutorial_taskflow_api_virtualenv' retrieved from /home/airflow/.local/lib/python3.12/site-packages/airflow/example_dags/tutorial_taskflow_api_virtualenv.py
[2025-11-09T20:39:16.123+0000] {logging_mixin.py:190} INFO - [2025-11-09T20:39:16.123+0000] {dag.py:3239} INFO - Sync 1 DAGs
[2025-11-09T20:39:16.178+0000] {logging_mixin.py:190} INFO - [2025-11-09T20:39:16.177+0000] {dag.py:4180} INFO - Setting next_dagrun for tutorial_taskflow_api_virtualenv to None, run_after=None
[2025-11-09T20:39:16.237+0000] {processor.py:208} INFO - Processing /home/airflow/.local/lib/python3.12/site-packages/airflow/example_dags/tutorial_taskflow_api_virtualenv.py took 0.275 seconds
[2025-11-09T20:39:46.420+0000] {processor.py:186} INFO - Started process (PID=1573) to work on /home/airflow/.local/lib/python3.12/site-packages/airflow/example_dags/tutorial_taskflow_api_virtualenv.py
[2025-11-09T20:39:46.422+0000] {processor.py:914} INFO - Processing file /home/airflow/.local/lib/python3.12/site-packages/airflow/example_dags/tutorial_taskflow_api_virtualenv.py for tasks to queue
[2025-11-09T20:39:46.426+0000] {logging_mixin.py:190} INFO - [2025-11-09T20:39:46.425+0000] {dagbag.py:588} INFO - Filling up the DagBag from /home/airflow/.local/lib/python3.12/site-packages/airflow/example_dags/tutorial_taskflow_api_virtualenv.py
[2025-11-09T20:39:46.444+0000] {processor.py:925} INFO - DAG(s) 'tutorial_taskflow_api_virtualenv' retrieved from /home/airflow/.local/lib/python3.12/site-packages/airflow/example_dags/tutorial_taskflow_api_virtualenv.py
[2025-11-09T20:39:46.483+0000] {logging_mixin.py:190} INFO - [2025-11-09T20:39:46.482+0000] {dag.py:3239} INFO - Sync 1 DAGs
[2025-11-09T20:39:46.509+0000] {logging_mixin.py:190} INFO - [2025-11-09T20:39:46.509+0000] {dag.py:4180} INFO - Setting next_dagrun for tutorial_taskflow_api_virtualenv to None, run_after=None
[2025-11-09T20:39:46.543+0000] {processor.py:208} INFO - Processing /home/airflow/.local/lib/python3.12/site-packages/airflow/example_dags/tutorial_taskflow_api_virtualenv.py took 0.133 seconds
[2025-11-09T20:40:17.233+0000] {processor.py:186} INFO - Started process (PID=1636) to work on /home/airflow/.local/lib/python3.12/site-packages/airflow/example_dags/tutorial_taskflow_api_virtualenv.py
[2025-11-09T20:40:17.235+0000] {processor.py:914} INFO - Processing file /home/airflow/.local/lib/python3.12/site-packages/airflow/example_dags/tutorial_taskflow_api_virtualenv.py for tasks to queue
[2025-11-09T20:40:17.243+0000] {logging_mixin.py:190} INFO - [2025-11-09T20:40:17.242+0000] {dagbag.py:588} INFO - Filling up the DagBag from /home/airflow/.local/lib/python3.12/site-packages/airflow/example_dags/tutorial_taskflow_api_virtualenv.py
[2025-11-09T20:40:17.264+0000] {processor.py:925} INFO - DAG(s) 'tutorial_taskflow_api_virtualenv' retrieved from /home/airflow/.local/lib/python3.12/site-packages/airflow/example_dags/tutorial_taskflow_api_virtualenv.py
[2025-11-09T20:40:17.305+0000] {logging_mixin.py:190} INFO - [2025-11-09T20:40:17.305+0000] {dag.py:3239} INFO - Sync 1 DAGs
[2025-11-09T20:40:17.333+0000] {logging_mixin.py:190} INFO - [2025-11-09T20:40:17.332+0000] {dag.py:4180} INFO - Setting next_dagrun for tutorial_taskflow_api_virtualenv to None, run_after=None
[2025-11-09T20:40:17.366+0000] {processor.py:208} INFO - Processing /home/airflow/.local/lib/python3.12/site-packages/airflow/example_dags/tutorial_taskflow_api_virtualenv.py took 0.149 seconds
[2025-11-09T20:40:48.118+0000] {processor.py:186} INFO - Started process (PID=1699) to work on /home/airflow/.local/lib/python3.12/site-packages/airflow/example_dags/tutorial_taskflow_api_virtualenv.py
[2025-11-09T20:40:48.120+0000] {processor.py:914} INFO - Processing file /home/airflow/.local/lib/python3.12/site-packages/airflow/example_dags/tutorial_taskflow_api_virtualenv.py for tasks to queue
[2025-11-09T20:40:48.125+0000] {logging_mixin.py:190} INFO - [2025-11-09T20:40:48.124+0000] {dagbag.py:588} INFO - Filling up the DagBag from /home/airflow/.local/lib/python3.12/site-packages/airflow/example_dags/tutorial_taskflow_api_virtualenv.py
[2025-11-09T20:40:48.146+0000] {processor.py:925} INFO - DAG(s) 'tutorial_taskflow_api_virtualenv' retrieved from /home/airflow/.local/lib/python3.12/site-packages/airflow/example_dags/tutorial_taskflow_api_virtualenv.py
[2025-11-09T20:40:48.185+0000] {logging_mixin.py:190} INFO - [2025-11-09T20:40:48.184+0000] {dag.py:3239} INFO - Sync 1 DAGs
[2025-11-09T20:40:48.212+0000] {logging_mixin.py:190} INFO - [2025-11-09T20:40:48.211+0000] {dag.py:4180} INFO - Setting next_dagrun for tutorial_taskflow_api_virtualenv to None, run_after=None
[2025-11-09T20:40:48.249+0000] {processor.py:208} INFO - Processing /home/airflow/.local/lib/python3.12/site-packages/airflow/example_dags/tutorial_taskflow_api_virtualenv.py took 0.142 seconds
[2025-11-09T20:41:18.667+0000] {processor.py:186} INFO - Started process (PID=1761) to work on /home/airflow/.local/lib/python3.12/site-packages/airflow/example_dags/tutorial_taskflow_api_virtualenv.py
[2025-11-09T20:41:18.669+0000] {processor.py:914} INFO - Processing file /home/airflow/.local/lib/python3.12/site-packages/airflow/example_dags/tutorial_taskflow_api_virtualenv.py for tasks to queue
[2025-11-09T20:41:18.673+0000] {logging_mixin.py:190} INFO - [2025-11-09T20:41:18.673+0000] {dagbag.py:588} INFO - Filling up the DagBag from /home/airflow/.local/lib/python3.12/site-packages/airflow/example_dags/tutorial_taskflow_api_virtualenv.py
[2025-11-09T20:41:18.694+0000] {processor.py:925} INFO - DAG(s) 'tutorial_taskflow_api_virtualenv' retrieved from /home/airflow/.local/lib/python3.12/site-packages/airflow/example_dags/tutorial_taskflow_api_virtualenv.py
[2025-11-09T20:41:18.730+0000] {logging_mixin.py:190} INFO - [2025-11-09T20:41:18.730+0000] {dag.py:3239} INFO - Sync 1 DAGs
[2025-11-09T20:41:18.754+0000] {logging_mixin.py:190} INFO - [2025-11-09T20:41:18.753+0000] {dag.py:4180} INFO - Setting next_dagrun for tutorial_taskflow_api_virtualenv to None, run_after=None
[2025-11-09T20:41:18.786+0000] {processor.py:208} INFO - Processing /home/airflow/.local/lib/python3.12/site-packages/airflow/example_dags/tutorial_taskflow_api_virtualenv.py took 0.128 seconds
[2025-11-09T20:41:49.213+0000] {processor.py:186} INFO - Started process (PID=1824) to work on /home/airflow/.local/lib/python3.12/site-packages/airflow/example_dags/tutorial_taskflow_api_virtualenv.py
[2025-11-09T20:41:49.215+0000] {processor.py:914} INFO - Processing file /home/airflow/.local/lib/python3.12/site-packages/airflow/example_dags/tutorial_taskflow_api_virtualenv.py for tasks to queue
[2025-11-09T20:41:49.222+0000] {logging_mixin.py:190} INFO - [2025-11-09T20:41:49.221+0000] {dagbag.py:588} INFO - Filling up the DagBag from /home/airflow/.local/lib/python3.12/site-packages/airflow/example_dags/tutorial_taskflow_api_virtualenv.py
[2025-11-09T20:41:49.251+0000] {processor.py:925} INFO - DAG(s) 'tutorial_taskflow_api_virtualenv' retrieved from /home/airflow/.local/lib/python3.12/site-packages/airflow/example_dags/tutorial_taskflow_api_virtualenv.py
[2025-11-09T20:41:49.299+0000] {logging_mixin.py:190} INFO - [2025-11-09T20:41:49.299+0000] {dag.py:3239} INFO - Sync 1 DAGs
[2025-11-09T20:41:49.332+0000] {logging_mixin.py:190} INFO - [2025-11-09T20:41:49.331+0000] {dag.py:4180} INFO - Setting next_dagrun for tutorial_taskflow_api_virtualenv to None, run_after=None
[2025-11-09T20:41:49.379+0000] {processor.py:208} INFO - Processing /home/airflow/.local/lib/python3.12/site-packages/airflow/example_dags/tutorial_taskflow_api_virtualenv.py took 0.178 seconds
[2025-11-09T20:42:19.494+0000] {processor.py:186} INFO - Started process (PID=1886) to work on /home/airflow/.local/lib/python3.12/site-packages/airflow/example_dags/tutorial_taskflow_api_virtualenv.py
[2025-11-09T20:42:19.498+0000] {processor.py:914} INFO - Processing file /home/airflow/.local/lib/python3.12/site-packages/airflow/example_dags/tutorial_taskflow_api_virtualenv.py for tasks to queue
[2025-11-09T20:42:19.506+0000] {logging_mixin.py:190} INFO - [2025-11-09T20:42:19.505+0000] {dagbag.py:588} INFO - Filling up the DagBag from /home/airflow/.local/lib/python3.12/site-packages/airflow/example_dags/tutorial_taskflow_api_virtualenv.py
[2025-11-09T20:42:19.547+0000] {processor.py:925} INFO - DAG(s) 'tutorial_taskflow_api_virtualenv' retrieved from /home/airflow/.local/lib/python3.12/site-packages/airflow/example_dags/tutorial_taskflow_api_virtualenv.py
[2025-11-09T20:42:19.609+0000] {logging_mixin.py:190} INFO - [2025-11-09T20:42:19.609+0000] {dag.py:3239} INFO - Sync 1 DAGs
[2025-11-09T20:42:19.665+0000] {logging_mixin.py:190} INFO - [2025-11-09T20:42:19.664+0000] {dag.py:4180} INFO - Setting next_dagrun for tutorial_taskflow_api_virtualenv to None, run_after=None
[2025-11-09T20:42:19.713+0000] {processor.py:208} INFO - Processing /home/airflow/.local/lib/python3.12/site-packages/airflow/example_dags/tutorial_taskflow_api_virtualenv.py took 0.241 seconds
[2025-11-09T20:42:50.186+0000] {processor.py:186} INFO - Started process (PID=1950) to work on /home/airflow/.local/lib/python3.12/site-packages/airflow/example_dags/tutorial_taskflow_api_virtualenv.py
[2025-11-09T20:42:50.189+0000] {processor.py:914} INFO - Processing file /home/airflow/.local/lib/python3.12/site-packages/airflow/example_dags/tutorial_taskflow_api_virtualenv.py for tasks to queue
[2025-11-09T20:42:50.196+0000] {logging_mixin.py:190} INFO - [2025-11-09T20:42:50.195+0000] {dagbag.py:588} INFO - Filling up the DagBag from /home/airflow/.local/lib/python3.12/site-packages/airflow/example_dags/tutorial_taskflow_api_virtualenv.py
[2025-11-09T20:42:50.232+0000] {processor.py:925} INFO - DAG(s) 'tutorial_taskflow_api_virtualenv' retrieved from /home/airflow/.local/lib/python3.12/site-packages/airflow/example_dags/tutorial_taskflow_api_virtualenv.py
[2025-11-09T20:42:50.286+0000] {logging_mixin.py:190} INFO - [2025-11-09T20:42:50.285+0000] {dag.py:3239} INFO - Sync 1 DAGs
[2025-11-09T20:42:50.322+0000] {logging_mixin.py:190} INFO - [2025-11-09T20:42:50.321+0000] {dag.py:4180} INFO - Setting next_dagrun for tutorial_taskflow_api_virtualenv to None, run_after=None
[2025-11-09T20:42:50.359+0000] {processor.py:208} INFO - Processing /home/airflow/.local/lib/python3.12/site-packages/airflow/example_dags/tutorial_taskflow_api_virtualenv.py took 0.188 seconds
[2025-11-09T20:43:20.499+0000] {processor.py:186} INFO - Started process (PID=2014) to work on /home/airflow/.local/lib/python3.12/site-packages/airflow/example_dags/tutorial_taskflow_api_virtualenv.py
[2025-11-09T20:43:20.501+0000] {processor.py:914} INFO - Processing file /home/airflow/.local/lib/python3.12/site-packages/airflow/example_dags/tutorial_taskflow_api_virtualenv.py for tasks to queue
[2025-11-09T20:43:20.507+0000] {logging_mixin.py:190} INFO - [2025-11-09T20:43:20.507+0000] {dagbag.py:588} INFO - Filling up the DagBag from /home/airflow/.local/lib/python3.12/site-packages/airflow/example_dags/tutorial_taskflow_api_virtualenv.py
[2025-11-09T20:43:20.530+0000] {processor.py:925} INFO - DAG(s) 'tutorial_taskflow_api_virtualenv' retrieved from /home/airflow/.local/lib/python3.12/site-packages/airflow/example_dags/tutorial_taskflow_api_virtualenv.py
[2025-11-09T20:43:20.573+0000] {logging_mixin.py:190} INFO - [2025-11-09T20:43:20.573+0000] {dag.py:3239} INFO - Sync 1 DAGs
[2025-11-09T20:43:20.606+0000] {logging_mixin.py:190} INFO - [2025-11-09T20:43:20.606+0000] {dag.py:4180} INFO - Setting next_dagrun for tutorial_taskflow_api_virtualenv to None, run_after=None
[2025-11-09T20:43:20.642+0000] {processor.py:208} INFO - Processing /home/airflow/.local/lib/python3.12/site-packages/airflow/example_dags/tutorial_taskflow_api_virtualenv.py took 0.154 seconds
[2025-11-09T20:43:51.084+0000] {processor.py:186} INFO - Started process (PID=2077) to work on /home/airflow/.local/lib/python3.12/site-packages/airflow/example_dags/tutorial_taskflow_api_virtualenv.py
[2025-11-09T20:43:51.087+0000] {processor.py:914} INFO - Processing file /home/airflow/.local/lib/python3.12/site-packages/airflow/example_dags/tutorial_taskflow_api_virtualenv.py for tasks to queue
[2025-11-09T20:43:51.094+0000] {logging_mixin.py:190} INFO - [2025-11-09T20:43:51.093+0000] {dagbag.py:588} INFO - Filling up the DagBag from /home/airflow/.local/lib/python3.12/site-packages/airflow/example_dags/tutorial_taskflow_api_virtualenv.py
[2025-11-09T20:43:51.115+0000] {processor.py:925} INFO - DAG(s) 'tutorial_taskflow_api_virtualenv' retrieved from /home/airflow/.local/lib/python3.12/site-packages/airflow/example_dags/tutorial_taskflow_api_virtualenv.py
[2025-11-09T20:43:51.156+0000] {logging_mixin.py:190} INFO - [2025-11-09T20:43:51.156+0000] {dag.py:3239} INFO - Sync 1 DAGs
[2025-11-09T20:43:51.182+0000] {logging_mixin.py:190} INFO - [2025-11-09T20:43:51.182+0000] {dag.py:4180} INFO - Setting next_dagrun for tutorial_taskflow_api_virtualenv to None, run_after=None
[2025-11-09T20:43:51.215+0000] {processor.py:208} INFO - Processing /home/airflow/.local/lib/python3.12/site-packages/airflow/example_dags/tutorial_taskflow_api_virtualenv.py took 0.143 seconds
[2025-11-09T20:44:21.496+0000] {processor.py:186} INFO - Started process (PID=2141) to work on /home/airflow/.local/lib/python3.12/site-packages/airflow/example_dags/tutorial_taskflow_api_virtualenv.py
[2025-11-09T20:44:21.498+0000] {processor.py:914} INFO - Processing file /home/airflow/.local/lib/python3.12/site-packages/airflow/example_dags/tutorial_taskflow_api_virtualenv.py for tasks to queue
[2025-11-09T20:44:21.502+0000] {logging_mixin.py:190} INFO - [2025-11-09T20:44:21.501+0000] {dagbag.py:588} INFO - Filling up the DagBag from /home/airflow/.local/lib/python3.12/site-packages/airflow/example_dags/tutorial_taskflow_api_virtualenv.py
[2025-11-09T20:44:21.520+0000] {processor.py:925} INFO - DAG(s) 'tutorial_taskflow_api_virtualenv' retrieved from /home/airflow/.local/lib/python3.12/site-packages/airflow/example_dags/tutorial_taskflow_api_virtualenv.py
[2025-11-09T20:44:21.557+0000] {logging_mixin.py:190} INFO - [2025-11-09T20:44:21.557+0000] {dag.py:3239} INFO - Sync 1 DAGs
[2025-11-09T20:44:21.584+0000] {logging_mixin.py:190} INFO - [2025-11-09T20:44:21.584+0000] {dag.py:4180} INFO - Setting next_dagrun for tutorial_taskflow_api_virtualenv to None, run_after=None
[2025-11-09T20:44:21.612+0000] {processor.py:208} INFO - Processing /home/airflow/.local/lib/python3.12/site-packages/airflow/example_dags/tutorial_taskflow_api_virtualenv.py took 0.125 seconds
[2025-11-09T20:44:51.734+0000] {processor.py:186} INFO - Started process (PID=2205) to work on /home/airflow/.local/lib/python3.12/site-packages/airflow/example_dags/tutorial_taskflow_api_virtualenv.py
[2025-11-09T20:44:51.736+0000] {processor.py:914} INFO - Processing file /home/airflow/.local/lib/python3.12/site-packages/airflow/example_dags/tutorial_taskflow_api_virtualenv.py for tasks to queue
[2025-11-09T20:44:51.741+0000] {logging_mixin.py:190} INFO - [2025-11-09T20:44:51.740+0000] {dagbag.py:588} INFO - Filling up the DagBag from /home/airflow/.local/lib/python3.12/site-packages/airflow/example_dags/tutorial_taskflow_api_virtualenv.py
[2025-11-09T20:44:51.764+0000] {processor.py:925} INFO - DAG(s) 'tutorial_taskflow_api_virtualenv' retrieved from /home/airflow/.local/lib/python3.12/site-packages/airflow/example_dags/tutorial_taskflow_api_virtualenv.py
[2025-11-09T20:44:51.800+0000] {logging_mixin.py:190} INFO - [2025-11-09T20:44:51.800+0000] {dag.py:3239} INFO - Sync 1 DAGs
[2025-11-09T20:44:51.826+0000] {logging_mixin.py:190} INFO - [2025-11-09T20:44:51.826+0000] {dag.py:4180} INFO - Setting next_dagrun for tutorial_taskflow_api_virtualenv to None, run_after=None
[2025-11-09T20:44:51.861+0000] {processor.py:208} INFO - Processing /home/airflow/.local/lib/python3.12/site-packages/airflow/example_dags/tutorial_taskflow_api_virtualenv.py took 0.140 seconds
[2025-11-09T20:45:22.670+0000] {processor.py:186} INFO - Started process (PID=2269) to work on /home/airflow/.local/lib/python3.12/site-packages/airflow/example_dags/tutorial_taskflow_api_virtualenv.py
[2025-11-09T20:45:22.673+0000] {processor.py:914} INFO - Processing file /home/airflow/.local/lib/python3.12/site-packages/airflow/example_dags/tutorial_taskflow_api_virtualenv.py for tasks to queue
[2025-11-09T20:45:22.679+0000] {logging_mixin.py:190} INFO - [2025-11-09T20:45:22.678+0000] {dagbag.py:588} INFO - Filling up the DagBag from /home/airflow/.local/lib/python3.12/site-packages/airflow/example_dags/tutorial_taskflow_api_virtualenv.py
[2025-11-09T20:45:22.701+0000] {processor.py:925} INFO - DAG(s) 'tutorial_taskflow_api_virtualenv' retrieved from /home/airflow/.local/lib/python3.12/site-packages/airflow/example_dags/tutorial_taskflow_api_virtualenv.py
[2025-11-09T20:45:22.736+0000] {logging_mixin.py:190} INFO - [2025-11-09T20:45:22.736+0000] {dag.py:3239} INFO - Sync 1 DAGs
[2025-11-09T20:45:22.761+0000] {logging_mixin.py:190} INFO - [2025-11-09T20:45:22.761+0000] {dag.py:4180} INFO - Setting next_dagrun for tutorial_taskflow_api_virtualenv to None, run_after=None
[2025-11-09T20:45:22.791+0000] {processor.py:208} INFO - Processing /home/airflow/.local/lib/python3.12/site-packages/airflow/example_dags/tutorial_taskflow_api_virtualenv.py took 0.132 seconds
[2025-11-09T20:45:54.319+0000] {processor.py:186} INFO - Started process (PID=2333) to work on /home/airflow/.local/lib/python3.12/site-packages/airflow/example_dags/tutorial_taskflow_api_virtualenv.py
[2025-11-09T20:45:54.322+0000] {processor.py:914} INFO - Processing file /home/airflow/.local/lib/python3.12/site-packages/airflow/example_dags/tutorial_taskflow_api_virtualenv.py for tasks to queue
[2025-11-09T20:45:54.328+0000] {logging_mixin.py:190} INFO - [2025-11-09T20:45:54.327+0000] {dagbag.py:588} INFO - Filling up the DagBag from /home/airflow/.local/lib/python3.12/site-packages/airflow/example_dags/tutorial_taskflow_api_virtualenv.py
[2025-11-09T20:45:54.356+0000] {processor.py:925} INFO - DAG(s) 'tutorial_taskflow_api_virtualenv' retrieved from /home/airflow/.local/lib/python3.12/site-packages/airflow/example_dags/tutorial_taskflow_api_virtualenv.py
[2025-11-09T20:45:54.399+0000] {logging_mixin.py:190} INFO - [2025-11-09T20:45:54.398+0000] {dag.py:3239} INFO - Sync 1 DAGs
[2025-11-09T20:45:54.427+0000] {logging_mixin.py:190} INFO - [2025-11-09T20:45:54.426+0000] {dag.py:4180} INFO - Setting next_dagrun for tutorial_taskflow_api_virtualenv to None, run_after=None
[2025-11-09T20:45:54.466+0000] {processor.py:208} INFO - Processing /home/airflow/.local/lib/python3.12/site-packages/airflow/example_dags/tutorial_taskflow_api_virtualenv.py took 0.161 seconds
[2025-11-09T20:46:25.270+0000] {processor.py:186} INFO - Started process (PID=2396) to work on /home/airflow/.local/lib/python3.12/site-packages/airflow/example_dags/tutorial_taskflow_api_virtualenv.py
[2025-11-09T20:46:25.273+0000] {processor.py:914} INFO - Processing file /home/airflow/.local/lib/python3.12/site-packages/airflow/example_dags/tutorial_taskflow_api_virtualenv.py for tasks to queue
[2025-11-09T20:46:25.279+0000] {logging_mixin.py:190} INFO - [2025-11-09T20:46:25.278+0000] {dagbag.py:588} INFO - Filling up the DagBag from /home/airflow/.local/lib/python3.12/site-packages/airflow/example_dags/tutorial_taskflow_api_virtualenv.py
[2025-11-09T20:46:25.313+0000] {processor.py:925} INFO - DAG(s) 'tutorial_taskflow_api_virtualenv' retrieved from /home/airflow/.local/lib/python3.12/site-packages/airflow/example_dags/tutorial_taskflow_api_virtualenv.py
[2025-11-09T20:46:25.357+0000] {logging_mixin.py:190} INFO - [2025-11-09T20:46:25.356+0000] {dag.py:3239} INFO - Sync 1 DAGs
[2025-11-09T20:46:25.387+0000] {logging_mixin.py:190} INFO - [2025-11-09T20:46:25.386+0000] {dag.py:4180} INFO - Setting next_dagrun for tutorial_taskflow_api_virtualenv to None, run_after=None
[2025-11-09T20:46:25.429+0000] {processor.py:208} INFO - Processing /home/airflow/.local/lib/python3.12/site-packages/airflow/example_dags/tutorial_taskflow_api_virtualenv.py took 0.173 seconds
[2025-11-09T20:46:56.181+0000] {processor.py:186} INFO - Started process (PID=2461) to work on /home/airflow/.local/lib/python3.12/site-packages/airflow/example_dags/tutorial_taskflow_api_virtualenv.py
[2025-11-09T20:46:56.184+0000] {processor.py:914} INFO - Processing file /home/airflow/.local/lib/python3.12/site-packages/airflow/example_dags/tutorial_taskflow_api_virtualenv.py for tasks to queue
[2025-11-09T20:46:56.189+0000] {logging_mixin.py:190} INFO - [2025-11-09T20:46:56.189+0000] {dagbag.py:588} INFO - Filling up the DagBag from /home/airflow/.local/lib/python3.12/site-packages/airflow/example_dags/tutorial_taskflow_api_virtualenv.py
[2025-11-09T20:46:56.213+0000] {processor.py:925} INFO - DAG(s) 'tutorial_taskflow_api_virtualenv' retrieved from /home/airflow/.local/lib/python3.12/site-packages/airflow/example_dags/tutorial_taskflow_api_virtualenv.py
[2025-11-09T20:46:56.249+0000] {logging_mixin.py:190} INFO - [2025-11-09T20:46:56.249+0000] {dag.py:3239} INFO - Sync 1 DAGs
[2025-11-09T20:46:56.275+0000] {logging_mixin.py:190} INFO - [2025-11-09T20:46:56.274+0000] {dag.py:4180} INFO - Setting next_dagrun for tutorial_taskflow_api_virtualenv to None, run_after=None
[2025-11-09T20:46:56.309+0000] {processor.py:208} INFO - Processing /home/airflow/.local/lib/python3.12/site-packages/airflow/example_dags/tutorial_taskflow_api_virtualenv.py took 0.140 seconds
[2025-11-09T20:47:28.081+0000] {processor.py:186} INFO - Started process (PID=2526) to work on /home/airflow/.local/lib/python3.12/site-packages/airflow/example_dags/tutorial_taskflow_api_virtualenv.py
[2025-11-09T20:47:28.084+0000] {processor.py:914} INFO - Processing file /home/airflow/.local/lib/python3.12/site-packages/airflow/example_dags/tutorial_taskflow_api_virtualenv.py for tasks to queue
[2025-11-09T20:47:28.091+0000] {logging_mixin.py:190} INFO - [2025-11-09T20:47:28.090+0000] {dagbag.py:588} INFO - Filling up the DagBag from /home/airflow/.local/lib/python3.12/site-packages/airflow/example_dags/tutorial_taskflow_api_virtualenv.py
[2025-11-09T20:47:28.122+0000] {processor.py:925} INFO - DAG(s) 'tutorial_taskflow_api_virtualenv' retrieved from /home/airflow/.local/lib/python3.12/site-packages/airflow/example_dags/tutorial_taskflow_api_virtualenv.py
[2025-11-09T20:47:28.167+0000] {logging_mixin.py:190} INFO - [2025-11-09T20:47:28.167+0000] {dag.py:3239} INFO - Sync 1 DAGs
[2025-11-09T20:47:28.206+0000] {logging_mixin.py:190} INFO - [2025-11-09T20:47:28.205+0000] {dag.py:4180} INFO - Setting next_dagrun for tutorial_taskflow_api_virtualenv to None, run_after=None
[2025-11-09T20:47:28.253+0000] {processor.py:208} INFO - Processing /home/airflow/.local/lib/python3.12/site-packages/airflow/example_dags/tutorial_taskflow_api_virtualenv.py took 0.196 seconds
[2025-11-09T20:47:58.628+0000] {processor.py:186} INFO - Started process (PID=2590) to work on /home/airflow/.local/lib/python3.12/site-packages/airflow/example_dags/tutorial_taskflow_api_virtualenv.py
[2025-11-09T20:47:58.630+0000] {processor.py:914} INFO - Processing file /home/airflow/.local/lib/python3.12/site-packages/airflow/example_dags/tutorial_taskflow_api_virtualenv.py for tasks to queue
[2025-11-09T20:47:58.637+0000] {logging_mixin.py:190} INFO - [2025-11-09T20:47:58.637+0000] {dagbag.py:588} INFO - Filling up the DagBag from /home/airflow/.local/lib/python3.12/site-packages/airflow/example_dags/tutorial_taskflow_api_virtualenv.py
[2025-11-09T20:47:58.689+0000] {processor.py:925} INFO - DAG(s) 'tutorial_taskflow_api_virtualenv' retrieved from /home/airflow/.local/lib/python3.12/site-packages/airflow/example_dags/tutorial_taskflow_api_virtualenv.py
[2025-11-09T20:47:58.761+0000] {logging_mixin.py:190} INFO - [2025-11-09T20:47:58.761+0000] {dag.py:3239} INFO - Sync 1 DAGs
[2025-11-09T20:47:58.810+0000] {logging_mixin.py:190} INFO - [2025-11-09T20:47:58.809+0000] {dag.py:4180} INFO - Setting next_dagrun for tutorial_taskflow_api_virtualenv to None, run_after=None
[2025-11-09T20:47:58.864+0000] {processor.py:208} INFO - Processing /home/airflow/.local/lib/python3.12/site-packages/airflow/example_dags/tutorial_taskflow_api_virtualenv.py took 0.257 seconds
[2025-11-09T20:48:29.225+0000] {processor.py:186} INFO - Started process (PID=2655) to work on /home/airflow/.local/lib/python3.12/site-packages/airflow/example_dags/tutorial_taskflow_api_virtualenv.py
[2025-11-09T20:48:29.227+0000] {processor.py:914} INFO - Processing file /home/airflow/.local/lib/python3.12/site-packages/airflow/example_dags/tutorial_taskflow_api_virtualenv.py for tasks to queue
[2025-11-09T20:48:29.231+0000] {logging_mixin.py:190} INFO - [2025-11-09T20:48:29.231+0000] {dagbag.py:588} INFO - Filling up the DagBag from /home/airflow/.local/lib/python3.12/site-packages/airflow/example_dags/tutorial_taskflow_api_virtualenv.py
[2025-11-09T20:48:29.260+0000] {processor.py:925} INFO - DAG(s) 'tutorial_taskflow_api_virtualenv' retrieved from /home/airflow/.local/lib/python3.12/site-packages/airflow/example_dags/tutorial_taskflow_api_virtualenv.py
[2025-11-09T20:48:29.299+0000] {logging_mixin.py:190} INFO - [2025-11-09T20:48:29.298+0000] {dag.py:3239} INFO - Sync 1 DAGs
[2025-11-09T20:48:29.328+0000] {logging_mixin.py:190} INFO - [2025-11-09T20:48:29.328+0000] {dag.py:4180} INFO - Setting next_dagrun for tutorial_taskflow_api_virtualenv to None, run_after=None
[2025-11-09T20:48:29.365+0000] {processor.py:208} INFO - Processing /home/airflow/.local/lib/python3.12/site-packages/airflow/example_dags/tutorial_taskflow_api_virtualenv.py took 0.150 seconds
[2025-11-09T20:48:59.486+0000] {processor.py:186} INFO - Started process (PID=2720) to work on /home/airflow/.local/lib/python3.12/site-packages/airflow/example_dags/tutorial_taskflow_api_virtualenv.py
[2025-11-09T20:48:59.488+0000] {processor.py:914} INFO - Processing file /home/airflow/.local/lib/python3.12/site-packages/airflow/example_dags/tutorial_taskflow_api_virtualenv.py for tasks to queue
[2025-11-09T20:48:59.493+0000] {logging_mixin.py:190} INFO - [2025-11-09T20:48:59.492+0000] {dagbag.py:588} INFO - Filling up the DagBag from /home/airflow/.local/lib/python3.12/site-packages/airflow/example_dags/tutorial_taskflow_api_virtualenv.py
[2025-11-09T20:48:59.525+0000] {processor.py:925} INFO - DAG(s) 'tutorial_taskflow_api_virtualenv' retrieved from /home/airflow/.local/lib/python3.12/site-packages/airflow/example_dags/tutorial_taskflow_api_virtualenv.py
[2025-11-09T20:48:59.566+0000] {logging_mixin.py:190} INFO - [2025-11-09T20:48:59.566+0000] {dag.py:3239} INFO - Sync 1 DAGs
[2025-11-09T20:48:59.593+0000] {logging_mixin.py:190} INFO - [2025-11-09T20:48:59.593+0000] {dag.py:4180} INFO - Setting next_dagrun for tutorial_taskflow_api_virtualenv to None, run_after=None
[2025-11-09T20:48:59.629+0000] {processor.py:208} INFO - Processing /home/airflow/.local/lib/python3.12/site-packages/airflow/example_dags/tutorial_taskflow_api_virtualenv.py took 0.156 seconds
[2025-11-09T20:49:29.913+0000] {processor.py:186} INFO - Started process (PID=2784) to work on /home/airflow/.local/lib/python3.12/site-packages/airflow/example_dags/tutorial_taskflow_api_virtualenv.py
[2025-11-09T20:49:29.915+0000] {processor.py:914} INFO - Processing file /home/airflow/.local/lib/python3.12/site-packages/airflow/example_dags/tutorial_taskflow_api_virtualenv.py for tasks to queue
[2025-11-09T20:49:29.920+0000] {logging_mixin.py:190} INFO - [2025-11-09T20:49:29.919+0000] {dagbag.py:588} INFO - Filling up the DagBag from /home/airflow/.local/lib/python3.12/site-packages/airflow/example_dags/tutorial_taskflow_api_virtualenv.py
[2025-11-09T20:49:29.945+0000] {processor.py:925} INFO - DAG(s) 'tutorial_taskflow_api_virtualenv' retrieved from /home/airflow/.local/lib/python3.12/site-packages/airflow/example_dags/tutorial_taskflow_api_virtualenv.py
[2025-11-09T20:49:29.989+0000] {logging_mixin.py:190} INFO - [2025-11-09T20:49:29.989+0000] {dag.py:3239} INFO - Sync 1 DAGs
[2025-11-09T20:49:30.020+0000] {logging_mixin.py:190} INFO - [2025-11-09T20:49:30.019+0000] {dag.py:4180} INFO - Setting next_dagrun for tutorial_taskflow_api_virtualenv to None, run_after=None
[2025-11-09T20:49:30.061+0000] {processor.py:208} INFO - Processing /home/airflow/.local/lib/python3.12/site-packages/airflow/example_dags/tutorial_taskflow_api_virtualenv.py took 0.160 seconds
[2025-11-09T20:50:01.028+0000] {processor.py:186} INFO - Started process (PID=2848) to work on /home/airflow/.local/lib/python3.12/site-packages/airflow/example_dags/tutorial_taskflow_api_virtualenv.py
[2025-11-09T20:50:01.030+0000] {processor.py:914} INFO - Processing file /home/airflow/.local/lib/python3.12/site-packages/airflow/example_dags/tutorial_taskflow_api_virtualenv.py for tasks to queue
[2025-11-09T20:50:01.037+0000] {logging_mixin.py:190} INFO - [2025-11-09T20:50:01.035+0000] {dagbag.py:588} INFO - Filling up the DagBag from /home/airflow/.local/lib/python3.12/site-packages/airflow/example_dags/tutorial_taskflow_api_virtualenv.py
[2025-11-09T20:50:01.065+0000] {processor.py:925} INFO - DAG(s) 'tutorial_taskflow_api_virtualenv' retrieved from /home/airflow/.local/lib/python3.12/site-packages/airflow/example_dags/tutorial_taskflow_api_virtualenv.py
[2025-11-09T20:50:01.117+0000] {logging_mixin.py:190} INFO - [2025-11-09T20:50:01.116+0000] {dag.py:3239} INFO - Sync 1 DAGs
[2025-11-09T20:50:01.155+0000] {logging_mixin.py:190} INFO - [2025-11-09T20:50:01.155+0000] {dag.py:4180} INFO - Setting next_dagrun for tutorial_taskflow_api_virtualenv to None, run_after=None
[2025-11-09T20:50:01.197+0000] {processor.py:208} INFO - Processing /home/airflow/.local/lib/python3.12/site-packages/airflow/example_dags/tutorial_taskflow_api_virtualenv.py took 0.181 seconds
[2025-11-09T20:50:32.260+0000] {processor.py:186} INFO - Started process (PID=2912) to work on /home/airflow/.local/lib/python3.12/site-packages/airflow/example_dags/tutorial_taskflow_api_virtualenv.py
[2025-11-09T20:50:32.265+0000] {processor.py:914} INFO - Processing file /home/airflow/.local/lib/python3.12/site-packages/airflow/example_dags/tutorial_taskflow_api_virtualenv.py for tasks to queue
[2025-11-09T20:50:32.272+0000] {logging_mixin.py:190} INFO - [2025-11-09T20:50:32.271+0000] {dagbag.py:588} INFO - Filling up the DagBag from /home/airflow/.local/lib/python3.12/site-packages/airflow/example_dags/tutorial_taskflow_api_virtualenv.py
[2025-11-09T20:50:32.310+0000] {processor.py:925} INFO - DAG(s) 'tutorial_taskflow_api_virtualenv' retrieved from /home/airflow/.local/lib/python3.12/site-packages/airflow/example_dags/tutorial_taskflow_api_virtualenv.py
[2025-11-09T20:50:32.701+0000] {logging_mixin.py:190} INFO - [2025-11-09T20:50:32.701+0000] {dag.py:3239} INFO - Sync 1 DAGs
[2025-11-09T20:50:32.721+0000] {logging_mixin.py:190} INFO - [2025-11-09T20:50:32.721+0000] {dag.py:4180} INFO - Setting next_dagrun for tutorial_taskflow_api_virtualenv to None, run_after=None
[2025-11-09T20:50:32.753+0000] {processor.py:208} INFO - Processing /home/airflow/.local/lib/python3.12/site-packages/airflow/example_dags/tutorial_taskflow_api_virtualenv.py took 0.511 seconds
[2025-11-09T20:51:03.628+0000] {processor.py:186} INFO - Started process (PID=2983) to work on /home/airflow/.local/lib/python3.12/site-packages/airflow/example_dags/tutorial_taskflow_api_virtualenv.py
[2025-11-09T20:51:03.631+0000] {processor.py:914} INFO - Processing file /home/airflow/.local/lib/python3.12/site-packages/airflow/example_dags/tutorial_taskflow_api_virtualenv.py for tasks to queue
[2025-11-09T20:51:03.637+0000] {logging_mixin.py:190} INFO - [2025-11-09T20:51:03.636+0000] {dagbag.py:588} INFO - Filling up the DagBag from /home/airflow/.local/lib/python3.12/site-packages/airflow/example_dags/tutorial_taskflow_api_virtualenv.py
[2025-11-09T20:51:03.669+0000] {processor.py:925} INFO - DAG(s) 'tutorial_taskflow_api_virtualenv' retrieved from /home/airflow/.local/lib/python3.12/site-packages/airflow/example_dags/tutorial_taskflow_api_virtualenv.py
[2025-11-09T20:51:03.726+0000] {logging_mixin.py:190} INFO - [2025-11-09T20:51:03.725+0000] {dag.py:3239} INFO - Sync 1 DAGs
[2025-11-09T20:51:03.802+0000] {logging_mixin.py:190} INFO - [2025-11-09T20:51:03.801+0000] {dag.py:4180} INFO - Setting next_dagrun for tutorial_taskflow_api_virtualenv to None, run_after=None
[2025-11-09T20:51:03.948+0000] {processor.py:208} INFO - Processing /home/airflow/.local/lib/python3.12/site-packages/airflow/example_dags/tutorial_taskflow_api_virtualenv.py took 0.333 seconds
[2025-11-09T20:51:34.182+0000] {processor.py:186} INFO - Started process (PID=3047) to work on /home/airflow/.local/lib/python3.12/site-packages/airflow/example_dags/tutorial_taskflow_api_virtualenv.py
[2025-11-09T20:51:34.184+0000] {processor.py:914} INFO - Processing file /home/airflow/.local/lib/python3.12/site-packages/airflow/example_dags/tutorial_taskflow_api_virtualenv.py for tasks to queue
[2025-11-09T20:51:34.189+0000] {logging_mixin.py:190} INFO - [2025-11-09T20:51:34.189+0000] {dagbag.py:588} INFO - Filling up the DagBag from /home/airflow/.local/lib/python3.12/site-packages/airflow/example_dags/tutorial_taskflow_api_virtualenv.py
[2025-11-09T20:51:34.217+0000] {processor.py:925} INFO - DAG(s) 'tutorial_taskflow_api_virtualenv' retrieved from /home/airflow/.local/lib/python3.12/site-packages/airflow/example_dags/tutorial_taskflow_api_virtualenv.py
[2025-11-09T20:51:34.272+0000] {logging_mixin.py:190} INFO - [2025-11-09T20:51:34.272+0000] {dag.py:3239} INFO - Sync 1 DAGs
[2025-11-09T20:51:34.311+0000] {logging_mixin.py:190} INFO - [2025-11-09T20:51:34.311+0000] {dag.py:4180} INFO - Setting next_dagrun for tutorial_taskflow_api_virtualenv to None, run_after=None
[2025-11-09T20:51:34.355+0000] {processor.py:208} INFO - Processing /home/airflow/.local/lib/python3.12/site-packages/airflow/example_dags/tutorial_taskflow_api_virtualenv.py took 0.186 seconds
[2025-11-09T20:52:04.685+0000] {processor.py:186} INFO - Started process (PID=3117) to work on /home/airflow/.local/lib/python3.12/site-packages/airflow/example_dags/tutorial_taskflow_api_virtualenv.py
[2025-11-09T20:52:04.688+0000] {processor.py:914} INFO - Processing file /home/airflow/.local/lib/python3.12/site-packages/airflow/example_dags/tutorial_taskflow_api_virtualenv.py for tasks to queue
[2025-11-09T20:52:04.696+0000] {logging_mixin.py:190} INFO - [2025-11-09T20:52:04.695+0000] {dagbag.py:588} INFO - Filling up the DagBag from /home/airflow/.local/lib/python3.12/site-packages/airflow/example_dags/tutorial_taskflow_api_virtualenv.py
[2025-11-09T20:52:04.722+0000] {processor.py:925} INFO - DAG(s) 'tutorial_taskflow_api_virtualenv' retrieved from /home/airflow/.local/lib/python3.12/site-packages/airflow/example_dags/tutorial_taskflow_api_virtualenv.py
[2025-11-09T20:52:04.774+0000] {logging_mixin.py:190} INFO - [2025-11-09T20:52:04.773+0000] {dag.py:3239} INFO - Sync 1 DAGs
[2025-11-09T20:52:04.802+0000] {logging_mixin.py:190} INFO - [2025-11-09T20:52:04.801+0000] {dag.py:4180} INFO - Setting next_dagrun for tutorial_taskflow_api_virtualenv to None, run_after=None
[2025-11-09T20:52:04.847+0000] {processor.py:208} INFO - Processing /home/airflow/.local/lib/python3.12/site-packages/airflow/example_dags/tutorial_taskflow_api_virtualenv.py took 0.180 seconds
[2025-11-09T20:52:35.345+0000] {processor.py:186} INFO - Started process (PID=3181) to work on /home/airflow/.local/lib/python3.12/site-packages/airflow/example_dags/tutorial_taskflow_api_virtualenv.py
[2025-11-09T20:52:35.348+0000] {processor.py:914} INFO - Processing file /home/airflow/.local/lib/python3.12/site-packages/airflow/example_dags/tutorial_taskflow_api_virtualenv.py for tasks to queue
[2025-11-09T20:52:35.356+0000] {logging_mixin.py:190} INFO - [2025-11-09T20:52:35.355+0000] {dagbag.py:588} INFO - Filling up the DagBag from /home/airflow/.local/lib/python3.12/site-packages/airflow/example_dags/tutorial_taskflow_api_virtualenv.py
[2025-11-09T20:52:35.397+0000] {processor.py:925} INFO - DAG(s) 'tutorial_taskflow_api_virtualenv' retrieved from /home/airflow/.local/lib/python3.12/site-packages/airflow/example_dags/tutorial_taskflow_api_virtualenv.py
[2025-11-09T20:52:35.458+0000] {logging_mixin.py:190} INFO - [2025-11-09T20:52:35.458+0000] {dag.py:3239} INFO - Sync 1 DAGs
[2025-11-09T20:52:35.501+0000] {logging_mixin.py:190} INFO - [2025-11-09T20:52:35.500+0000] {dag.py:4180} INFO - Setting next_dagrun for tutorial_taskflow_api_virtualenv to None, run_after=None
[2025-11-09T20:52:35.551+0000] {processor.py:208} INFO - Processing /home/airflow/.local/lib/python3.12/site-packages/airflow/example_dags/tutorial_taskflow_api_virtualenv.py took 0.224 seconds
[2025-11-09T20:53:06.485+0000] {processor.py:186} INFO - Started process (PID=3245) to work on /home/airflow/.local/lib/python3.12/site-packages/airflow/example_dags/tutorial_taskflow_api_virtualenv.py
[2025-11-09T20:53:06.488+0000] {processor.py:914} INFO - Processing file /home/airflow/.local/lib/python3.12/site-packages/airflow/example_dags/tutorial_taskflow_api_virtualenv.py for tasks to queue
[2025-11-09T20:53:06.496+0000] {logging_mixin.py:190} INFO - [2025-11-09T20:53:06.495+0000] {dagbag.py:588} INFO - Filling up the DagBag from /home/airflow/.local/lib/python3.12/site-packages/airflow/example_dags/tutorial_taskflow_api_virtualenv.py
[2025-11-09T20:53:06.525+0000] {processor.py:925} INFO - DAG(s) 'tutorial_taskflow_api_virtualenv' retrieved from /home/airflow/.local/lib/python3.12/site-packages/airflow/example_dags/tutorial_taskflow_api_virtualenv.py
[2025-11-09T20:53:06.568+0000] {logging_mixin.py:190} INFO - [2025-11-09T20:53:06.568+0000] {dag.py:3239} INFO - Sync 1 DAGs
[2025-11-09T20:53:06.602+0000] {logging_mixin.py:190} INFO - [2025-11-09T20:53:06.601+0000] {dag.py:4180} INFO - Setting next_dagrun for tutorial_taskflow_api_virtualenv to None, run_after=None
[2025-11-09T20:53:06.644+0000] {processor.py:208} INFO - Processing /home/airflow/.local/lib/python3.12/site-packages/airflow/example_dags/tutorial_taskflow_api_virtualenv.py took 0.172 seconds
[2025-11-09T20:53:37.078+0000] {processor.py:186} INFO - Started process (PID=3309) to work on /home/airflow/.local/lib/python3.12/site-packages/airflow/example_dags/tutorial_taskflow_api_virtualenv.py
[2025-11-09T20:53:37.081+0000] {processor.py:914} INFO - Processing file /home/airflow/.local/lib/python3.12/site-packages/airflow/example_dags/tutorial_taskflow_api_virtualenv.py for tasks to queue
[2025-11-09T20:53:37.090+0000] {logging_mixin.py:190} INFO - [2025-11-09T20:53:37.089+0000] {dagbag.py:588} INFO - Filling up the DagBag from /home/airflow/.local/lib/python3.12/site-packages/airflow/example_dags/tutorial_taskflow_api_virtualenv.py
[2025-11-09T20:53:37.129+0000] {processor.py:925} INFO - DAG(s) 'tutorial_taskflow_api_virtualenv' retrieved from /home/airflow/.local/lib/python3.12/site-packages/airflow/example_dags/tutorial_taskflow_api_virtualenv.py
[2025-11-09T20:53:37.197+0000] {logging_mixin.py:190} INFO - [2025-11-09T20:53:37.196+0000] {dag.py:3239} INFO - Sync 1 DAGs
[2025-11-09T20:53:37.249+0000] {logging_mixin.py:190} INFO - [2025-11-09T20:53:37.248+0000] {dag.py:4180} INFO - Setting next_dagrun for tutorial_taskflow_api_virtualenv to None, run_after=None
[2025-11-09T20:53:37.301+0000] {processor.py:208} INFO - Processing /home/airflow/.local/lib/python3.12/site-packages/airflow/example_dags/tutorial_taskflow_api_virtualenv.py took 0.239 seconds
[2025-11-09T20:54:07.777+0000] {processor.py:186} INFO - Started process (PID=3372) to work on /home/airflow/.local/lib/python3.12/site-packages/airflow/example_dags/tutorial_taskflow_api_virtualenv.py
[2025-11-09T20:54:07.784+0000] {processor.py:914} INFO - Processing file /home/airflow/.local/lib/python3.12/site-packages/airflow/example_dags/tutorial_taskflow_api_virtualenv.py for tasks to queue
[2025-11-09T20:54:07.803+0000] {logging_mixin.py:190} INFO - [2025-11-09T20:54:07.801+0000] {dagbag.py:588} INFO - Filling up the DagBag from /home/airflow/.local/lib/python3.12/site-packages/airflow/example_dags/tutorial_taskflow_api_virtualenv.py
[2025-11-09T20:54:07.905+0000] {processor.py:925} INFO - DAG(s) 'tutorial_taskflow_api_virtualenv' retrieved from /home/airflow/.local/lib/python3.12/site-packages/airflow/example_dags/tutorial_taskflow_api_virtualenv.py
[2025-11-09T20:54:08.019+0000] {logging_mixin.py:190} INFO - [2025-11-09T20:54:08.018+0000] {dag.py:3239} INFO - Sync 1 DAGs
[2025-11-09T20:54:08.164+0000] {logging_mixin.py:190} INFO - [2025-11-09T20:54:08.163+0000] {dag.py:4180} INFO - Setting next_dagrun for tutorial_taskflow_api_virtualenv to None, run_after=None
[2025-11-09T20:54:08.352+0000] {processor.py:208} INFO - Processing /home/airflow/.local/lib/python3.12/site-packages/airflow/example_dags/tutorial_taskflow_api_virtualenv.py took 0.633 seconds
[2025-11-09T20:54:38.936+0000] {processor.py:186} INFO - Started process (PID=3437) to work on /home/airflow/.local/lib/python3.12/site-packages/airflow/example_dags/tutorial_taskflow_api_virtualenv.py
[2025-11-09T20:54:38.938+0000] {processor.py:914} INFO - Processing file /home/airflow/.local/lib/python3.12/site-packages/airflow/example_dags/tutorial_taskflow_api_virtualenv.py for tasks to queue
[2025-11-09T20:54:38.946+0000] {logging_mixin.py:190} INFO - [2025-11-09T20:54:38.945+0000] {dagbag.py:588} INFO - Filling up the DagBag from /home/airflow/.local/lib/python3.12/site-packages/airflow/example_dags/tutorial_taskflow_api_virtualenv.py
[2025-11-09T20:54:38.985+0000] {processor.py:925} INFO - DAG(s) 'tutorial_taskflow_api_virtualenv' retrieved from /home/airflow/.local/lib/python3.12/site-packages/airflow/example_dags/tutorial_taskflow_api_virtualenv.py
[2025-11-09T20:54:39.036+0000] {logging_mixin.py:190} INFO - [2025-11-09T20:54:39.035+0000] {dag.py:3239} INFO - Sync 1 DAGs
[2025-11-09T20:54:39.065+0000] {logging_mixin.py:190} INFO - [2025-11-09T20:54:39.065+0000] {dag.py:4180} INFO - Setting next_dagrun for tutorial_taskflow_api_virtualenv to None, run_after=None
[2025-11-09T20:54:39.105+0000] {processor.py:208} INFO - Processing /home/airflow/.local/lib/python3.12/site-packages/airflow/example_dags/tutorial_taskflow_api_virtualenv.py took 0.190 seconds
[2025-11-09T20:55:09.711+0000] {processor.py:186} INFO - Started process (PID=3501) to work on /home/airflow/.local/lib/python3.12/site-packages/airflow/example_dags/tutorial_taskflow_api_virtualenv.py
[2025-11-09T20:55:09.713+0000] {processor.py:914} INFO - Processing file /home/airflow/.local/lib/python3.12/site-packages/airflow/example_dags/tutorial_taskflow_api_virtualenv.py for tasks to queue
[2025-11-09T20:55:09.718+0000] {logging_mixin.py:190} INFO - [2025-11-09T20:55:09.717+0000] {dagbag.py:588} INFO - Filling up the DagBag from /home/airflow/.local/lib/python3.12/site-packages/airflow/example_dags/tutorial_taskflow_api_virtualenv.py
[2025-11-09T20:55:09.746+0000] {processor.py:925} INFO - DAG(s) 'tutorial_taskflow_api_virtualenv' retrieved from /home/airflow/.local/lib/python3.12/site-packages/airflow/example_dags/tutorial_taskflow_api_virtualenv.py
[2025-11-09T20:55:09.784+0000] {logging_mixin.py:190} INFO - [2025-11-09T20:55:09.783+0000] {dag.py:3239} INFO - Sync 1 DAGs
[2025-11-09T20:55:09.813+0000] {logging_mixin.py:190} INFO - [2025-11-09T20:55:09.813+0000] {dag.py:4180} INFO - Setting next_dagrun for tutorial_taskflow_api_virtualenv to None, run_after=None
[2025-11-09T20:55:09.852+0000] {processor.py:208} INFO - Processing /home/airflow/.local/lib/python3.12/site-packages/airflow/example_dags/tutorial_taskflow_api_virtualenv.py took 0.152 seconds
[2025-11-09T20:55:40.731+0000] {processor.py:186} INFO - Started process (PID=3569) to work on /home/airflow/.local/lib/python3.12/site-packages/airflow/example_dags/tutorial_taskflow_api_virtualenv.py
[2025-11-09T20:55:40.734+0000] {processor.py:914} INFO - Processing file /home/airflow/.local/lib/python3.12/site-packages/airflow/example_dags/tutorial_taskflow_api_virtualenv.py for tasks to queue
[2025-11-09T20:55:40.741+0000] {logging_mixin.py:190} INFO - [2025-11-09T20:55:40.740+0000] {dagbag.py:588} INFO - Filling up the DagBag from /home/airflow/.local/lib/python3.12/site-packages/airflow/example_dags/tutorial_taskflow_api_virtualenv.py
[2025-11-09T20:55:40.802+0000] {processor.py:925} INFO - DAG(s) 'tutorial_taskflow_api_virtualenv' retrieved from /home/airflow/.local/lib/python3.12/site-packages/airflow/example_dags/tutorial_taskflow_api_virtualenv.py
[2025-11-09T20:55:41.031+0000] {logging_mixin.py:190} INFO - [2025-11-09T20:55:41.030+0000] {dag.py:3239} INFO - Sync 1 DAGs
[2025-11-09T20:55:41.187+0000] {logging_mixin.py:190} INFO - [2025-11-09T20:55:41.185+0000] {dag.py:4180} INFO - Setting next_dagrun for tutorial_taskflow_api_virtualenv to None, run_after=None
[2025-11-09T20:55:41.355+0000] {processor.py:208} INFO - Processing /home/airflow/.local/lib/python3.12/site-packages/airflow/example_dags/tutorial_taskflow_api_virtualenv.py took 0.641 seconds
[2025-11-09T20:56:11.496+0000] {processor.py:186} INFO - Started process (PID=3632) to work on /home/airflow/.local/lib/python3.12/site-packages/airflow/example_dags/tutorial_taskflow_api_virtualenv.py
[2025-11-09T20:56:11.499+0000] {processor.py:914} INFO - Processing file /home/airflow/.local/lib/python3.12/site-packages/airflow/example_dags/tutorial_taskflow_api_virtualenv.py for tasks to queue
[2025-11-09T20:56:11.505+0000] {logging_mixin.py:190} INFO - [2025-11-09T20:56:11.504+0000] {dagbag.py:588} INFO - Filling up the DagBag from /home/airflow/.local/lib/python3.12/site-packages/airflow/example_dags/tutorial_taskflow_api_virtualenv.py
[2025-11-09T20:56:11.528+0000] {processor.py:925} INFO - DAG(s) 'tutorial_taskflow_api_virtualenv' retrieved from /home/airflow/.local/lib/python3.12/site-packages/airflow/example_dags/tutorial_taskflow_api_virtualenv.py
[2025-11-09T20:56:11.560+0000] {logging_mixin.py:190} INFO - [2025-11-09T20:56:11.560+0000] {dag.py:3239} INFO - Sync 1 DAGs
[2025-11-09T20:56:11.581+0000] {logging_mixin.py:190} INFO - [2025-11-09T20:56:11.581+0000] {dag.py:4180} INFO - Setting next_dagrun for tutorial_taskflow_api_virtualenv to None, run_after=None
[2025-11-09T20:56:11.608+0000] {processor.py:208} INFO - Processing /home/airflow/.local/lib/python3.12/site-packages/airflow/example_dags/tutorial_taskflow_api_virtualenv.py took 0.121 seconds
[2025-11-09T20:56:41.818+0000] {processor.py:186} INFO - Started process (PID=3696) to work on /home/airflow/.local/lib/python3.12/site-packages/airflow/example_dags/tutorial_taskflow_api_virtualenv.py
[2025-11-09T20:56:41.820+0000] {processor.py:914} INFO - Processing file /home/airflow/.local/lib/python3.12/site-packages/airflow/example_dags/tutorial_taskflow_api_virtualenv.py for tasks to queue
[2025-11-09T20:56:41.825+0000] {logging_mixin.py:190} INFO - [2025-11-09T20:56:41.824+0000] {dagbag.py:588} INFO - Filling up the DagBag from /home/airflow/.local/lib/python3.12/site-packages/airflow/example_dags/tutorial_taskflow_api_virtualenv.py
[2025-11-09T20:56:41.846+0000] {processor.py:925} INFO - DAG(s) 'tutorial_taskflow_api_virtualenv' retrieved from /home/airflow/.local/lib/python3.12/site-packages/airflow/example_dags/tutorial_taskflow_api_virtualenv.py
[2025-11-09T20:56:41.878+0000] {logging_mixin.py:190} INFO - [2025-11-09T20:56:41.878+0000] {dag.py:3239} INFO - Sync 1 DAGs
[2025-11-09T20:56:41.903+0000] {logging_mixin.py:190} INFO - [2025-11-09T20:56:41.903+0000] {dag.py:4180} INFO - Setting next_dagrun for tutorial_taskflow_api_virtualenv to None, run_after=None
[2025-11-09T20:56:41.932+0000] {processor.py:208} INFO - Processing /home/airflow/.local/lib/python3.12/site-packages/airflow/example_dags/tutorial_taskflow_api_virtualenv.py took 0.124 seconds
[2025-11-09T20:57:12.562+0000] {processor.py:186} INFO - Started process (PID=3760) to work on /home/airflow/.local/lib/python3.12/site-packages/airflow/example_dags/tutorial_taskflow_api_virtualenv.py
[2025-11-09T20:57:12.565+0000] {processor.py:914} INFO - Processing file /home/airflow/.local/lib/python3.12/site-packages/airflow/example_dags/tutorial_taskflow_api_virtualenv.py for tasks to queue
[2025-11-09T20:57:12.574+0000] {logging_mixin.py:190} INFO - [2025-11-09T20:57:12.573+0000] {dagbag.py:588} INFO - Filling up the DagBag from /home/airflow/.local/lib/python3.12/site-packages/airflow/example_dags/tutorial_taskflow_api_virtualenv.py
[2025-11-09T20:57:12.627+0000] {processor.py:925} INFO - DAG(s) 'tutorial_taskflow_api_virtualenv' retrieved from /home/airflow/.local/lib/python3.12/site-packages/airflow/example_dags/tutorial_taskflow_api_virtualenv.py
[2025-11-09T20:57:12.705+0000] {logging_mixin.py:190} INFO - [2025-11-09T20:57:12.704+0000] {dag.py:3239} INFO - Sync 1 DAGs
[2025-11-09T20:57:12.751+0000] {logging_mixin.py:190} INFO - [2025-11-09T20:57:12.750+0000] {dag.py:4180} INFO - Setting next_dagrun for tutorial_taskflow_api_virtualenv to None, run_after=None
[2025-11-09T20:57:12.811+0000] {processor.py:208} INFO - Processing /home/airflow/.local/lib/python3.12/site-packages/airflow/example_dags/tutorial_taskflow_api_virtualenv.py took 0.277 seconds
[2025-11-09T20:57:43.040+0000] {processor.py:186} INFO - Started process (PID=3823) to work on /home/airflow/.local/lib/python3.12/site-packages/airflow/example_dags/tutorial_taskflow_api_virtualenv.py
[2025-11-09T20:57:43.042+0000] {processor.py:914} INFO - Processing file /home/airflow/.local/lib/python3.12/site-packages/airflow/example_dags/tutorial_taskflow_api_virtualenv.py for tasks to queue
[2025-11-09T20:57:43.048+0000] {logging_mixin.py:190} INFO - [2025-11-09T20:57:43.048+0000] {dagbag.py:588} INFO - Filling up the DagBag from /home/airflow/.local/lib/python3.12/site-packages/airflow/example_dags/tutorial_taskflow_api_virtualenv.py
[2025-11-09T20:57:43.071+0000] {processor.py:925} INFO - DAG(s) 'tutorial_taskflow_api_virtualenv' retrieved from /home/airflow/.local/lib/python3.12/site-packages/airflow/example_dags/tutorial_taskflow_api_virtualenv.py
[2025-11-09T20:57:43.120+0000] {logging_mixin.py:190} INFO - [2025-11-09T20:57:43.119+0000] {dag.py:3239} INFO - Sync 1 DAGs
[2025-11-09T20:57:43.155+0000] {logging_mixin.py:190} INFO - [2025-11-09T20:57:43.154+0000] {dag.py:4180} INFO - Setting next_dagrun for tutorial_taskflow_api_virtualenv to None, run_after=None
[2025-11-09T20:57:43.201+0000] {processor.py:208} INFO - Processing /home/airflow/.local/lib/python3.12/site-packages/airflow/example_dags/tutorial_taskflow_api_virtualenv.py took 0.170 seconds
[2025-11-09T20:58:13.502+0000] {processor.py:186} INFO - Started process (PID=3887) to work on /home/airflow/.local/lib/python3.12/site-packages/airflow/example_dags/tutorial_taskflow_api_virtualenv.py
[2025-11-09T20:58:13.504+0000] {processor.py:914} INFO - Processing file /home/airflow/.local/lib/python3.12/site-packages/airflow/example_dags/tutorial_taskflow_api_virtualenv.py for tasks to queue
[2025-11-09T20:58:13.508+0000] {logging_mixin.py:190} INFO - [2025-11-09T20:58:13.508+0000] {dagbag.py:588} INFO - Filling up the DagBag from /home/airflow/.local/lib/python3.12/site-packages/airflow/example_dags/tutorial_taskflow_api_virtualenv.py
[2025-11-09T20:58:13.528+0000] {processor.py:925} INFO - DAG(s) 'tutorial_taskflow_api_virtualenv' retrieved from /home/airflow/.local/lib/python3.12/site-packages/airflow/example_dags/tutorial_taskflow_api_virtualenv.py
[2025-11-09T20:58:13.570+0000] {logging_mixin.py:190} INFO - [2025-11-09T20:58:13.570+0000] {dag.py:3239} INFO - Sync 1 DAGs
[2025-11-09T20:58:13.598+0000] {logging_mixin.py:190} INFO - [2025-11-09T20:58:13.597+0000] {dag.py:4180} INFO - Setting next_dagrun for tutorial_taskflow_api_virtualenv to None, run_after=None
[2025-11-09T20:58:13.632+0000] {processor.py:208} INFO - Processing /home/airflow/.local/lib/python3.12/site-packages/airflow/example_dags/tutorial_taskflow_api_virtualenv.py took 0.140 seconds
[2025-11-09T20:58:44.211+0000] {processor.py:186} INFO - Started process (PID=3951) to work on /home/airflow/.local/lib/python3.12/site-packages/airflow/example_dags/tutorial_taskflow_api_virtualenv.py
[2025-11-09T20:58:44.214+0000] {processor.py:914} INFO - Processing file /home/airflow/.local/lib/python3.12/site-packages/airflow/example_dags/tutorial_taskflow_api_virtualenv.py for tasks to queue
[2025-11-09T20:58:44.222+0000] {logging_mixin.py:190} INFO - [2025-11-09T20:58:44.221+0000] {dagbag.py:588} INFO - Filling up the DagBag from /home/airflow/.local/lib/python3.12/site-packages/airflow/example_dags/tutorial_taskflow_api_virtualenv.py
[2025-11-09T20:58:44.261+0000] {processor.py:925} INFO - DAG(s) 'tutorial_taskflow_api_virtualenv' retrieved from /home/airflow/.local/lib/python3.12/site-packages/airflow/example_dags/tutorial_taskflow_api_virtualenv.py
[2025-11-09T20:58:44.330+0000] {logging_mixin.py:190} INFO - [2025-11-09T20:58:44.330+0000] {dag.py:3239} INFO - Sync 1 DAGs
[2025-11-09T20:58:44.380+0000] {logging_mixin.py:190} INFO - [2025-11-09T20:58:44.380+0000] {dag.py:4180} INFO - Setting next_dagrun for tutorial_taskflow_api_virtualenv to None, run_after=None
[2025-11-09T20:58:44.437+0000] {processor.py:208} INFO - Processing /home/airflow/.local/lib/python3.12/site-packages/airflow/example_dags/tutorial_taskflow_api_virtualenv.py took 0.240 seconds
[2025-11-09T20:59:14.779+0000] {processor.py:186} INFO - Started process (PID=4015) to work on /home/airflow/.local/lib/python3.12/site-packages/airflow/example_dags/tutorial_taskflow_api_virtualenv.py
[2025-11-09T20:59:14.782+0000] {processor.py:914} INFO - Processing file /home/airflow/.local/lib/python3.12/site-packages/airflow/example_dags/tutorial_taskflow_api_virtualenv.py for tasks to queue
[2025-11-09T20:59:14.787+0000] {logging_mixin.py:190} INFO - [2025-11-09T20:59:14.786+0000] {dagbag.py:588} INFO - Filling up the DagBag from /home/airflow/.local/lib/python3.12/site-packages/airflow/example_dags/tutorial_taskflow_api_virtualenv.py
[2025-11-09T20:59:14.811+0000] {processor.py:925} INFO - DAG(s) 'tutorial_taskflow_api_virtualenv' retrieved from /home/airflow/.local/lib/python3.12/site-packages/airflow/example_dags/tutorial_taskflow_api_virtualenv.py
[2025-11-09T20:59:14.856+0000] {logging_mixin.py:190} INFO - [2025-11-09T20:59:14.856+0000] {dag.py:3239} INFO - Sync 1 DAGs
[2025-11-09T20:59:14.885+0000] {logging_mixin.py:190} INFO - [2025-11-09T20:59:14.884+0000] {dag.py:4180} INFO - Setting next_dagrun for tutorial_taskflow_api_virtualenv to None, run_after=None
[2025-11-09T20:59:14.921+0000] {processor.py:208} INFO - Processing /home/airflow/.local/lib/python3.12/site-packages/airflow/example_dags/tutorial_taskflow_api_virtualenv.py took 0.157 seconds
[2025-11-09T20:59:45.207+0000] {processor.py:186} INFO - Started process (PID=4079) to work on /home/airflow/.local/lib/python3.12/site-packages/airflow/example_dags/tutorial_taskflow_api_virtualenv.py
[2025-11-09T20:59:45.208+0000] {processor.py:914} INFO - Processing file /home/airflow/.local/lib/python3.12/site-packages/airflow/example_dags/tutorial_taskflow_api_virtualenv.py for tasks to queue
[2025-11-09T20:59:45.213+0000] {logging_mixin.py:190} INFO - [2025-11-09T20:59:45.212+0000] {dagbag.py:588} INFO - Filling up the DagBag from /home/airflow/.local/lib/python3.12/site-packages/airflow/example_dags/tutorial_taskflow_api_virtualenv.py
[2025-11-09T20:59:45.240+0000] {processor.py:925} INFO - DAG(s) 'tutorial_taskflow_api_virtualenv' retrieved from /home/airflow/.local/lib/python3.12/site-packages/airflow/example_dags/tutorial_taskflow_api_virtualenv.py
[2025-11-09T20:59:45.291+0000] {logging_mixin.py:190} INFO - [2025-11-09T20:59:45.290+0000] {dag.py:3239} INFO - Sync 1 DAGs
[2025-11-09T20:59:45.327+0000] {logging_mixin.py:190} INFO - [2025-11-09T20:59:45.326+0000] {dag.py:4180} INFO - Setting next_dagrun for tutorial_taskflow_api_virtualenv to None, run_after=None
[2025-11-09T20:59:45.370+0000] {processor.py:208} INFO - Processing /home/airflow/.local/lib/python3.12/site-packages/airflow/example_dags/tutorial_taskflow_api_virtualenv.py took 0.179 seconds
[2025-11-09T21:00:16.123+0000] {processor.py:186} INFO - Started process (PID=4143) to work on /home/airflow/.local/lib/python3.12/site-packages/airflow/example_dags/tutorial_taskflow_api_virtualenv.py
[2025-11-09T21:00:16.125+0000] {processor.py:914} INFO - Processing file /home/airflow/.local/lib/python3.12/site-packages/airflow/example_dags/tutorial_taskflow_api_virtualenv.py for tasks to queue
[2025-11-09T21:00:16.131+0000] {logging_mixin.py:190} INFO - [2025-11-09T21:00:16.130+0000] {dagbag.py:588} INFO - Filling up the DagBag from /home/airflow/.local/lib/python3.12/site-packages/airflow/example_dags/tutorial_taskflow_api_virtualenv.py
[2025-11-09T21:00:16.152+0000] {processor.py:925} INFO - DAG(s) 'tutorial_taskflow_api_virtualenv' retrieved from /home/airflow/.local/lib/python3.12/site-packages/airflow/example_dags/tutorial_taskflow_api_virtualenv.py
[2025-11-09T21:00:16.192+0000] {logging_mixin.py:190} INFO - [2025-11-09T21:00:16.192+0000] {dag.py:3239} INFO - Sync 1 DAGs
[2025-11-09T21:00:16.222+0000] {logging_mixin.py:190} INFO - [2025-11-09T21:00:16.222+0000] {dag.py:4180} INFO - Setting next_dagrun for tutorial_taskflow_api_virtualenv to None, run_after=None
[2025-11-09T21:00:16.263+0000] {processor.py:208} INFO - Processing /home/airflow/.local/lib/python3.12/site-packages/airflow/example_dags/tutorial_taskflow_api_virtualenv.py took 0.155 seconds
[2025-11-09T21:00:46.629+0000] {processor.py:186} INFO - Started process (PID=4211) to work on /home/airflow/.local/lib/python3.12/site-packages/airflow/example_dags/tutorial_taskflow_api_virtualenv.py
[2025-11-09T21:00:46.631+0000] {processor.py:914} INFO - Processing file /home/airflow/.local/lib/python3.12/site-packages/airflow/example_dags/tutorial_taskflow_api_virtualenv.py for tasks to queue
[2025-11-09T21:00:46.639+0000] {logging_mixin.py:190} INFO - [2025-11-09T21:00:46.638+0000] {dagbag.py:588} INFO - Filling up the DagBag from /home/airflow/.local/lib/python3.12/site-packages/airflow/example_dags/tutorial_taskflow_api_virtualenv.py
[2025-11-09T21:00:46.675+0000] {processor.py:925} INFO - DAG(s) 'tutorial_taskflow_api_virtualenv' retrieved from /home/airflow/.local/lib/python3.12/site-packages/airflow/example_dags/tutorial_taskflow_api_virtualenv.py
[2025-11-09T21:00:46.737+0000] {logging_mixin.py:190} INFO - [2025-11-09T21:00:46.737+0000] {dag.py:3239} INFO - Sync 1 DAGs
[2025-11-09T21:00:46.803+0000] {logging_mixin.py:190} INFO - [2025-11-09T21:00:46.802+0000] {dag.py:4180} INFO - Setting next_dagrun for tutorial_taskflow_api_virtualenv to None, run_after=None
[2025-11-09T21:00:46.876+0000] {processor.py:208} INFO - Processing /home/airflow/.local/lib/python3.12/site-packages/airflow/example_dags/tutorial_taskflow_api_virtualenv.py took 0.268 seconds
[2025-11-09T21:01:17.436+0000] {processor.py:186} INFO - Started process (PID=4275) to work on /home/airflow/.local/lib/python3.12/site-packages/airflow/example_dags/tutorial_taskflow_api_virtualenv.py
[2025-11-09T21:01:17.438+0000] {processor.py:914} INFO - Processing file /home/airflow/.local/lib/python3.12/site-packages/airflow/example_dags/tutorial_taskflow_api_virtualenv.py for tasks to queue
[2025-11-09T21:01:17.443+0000] {logging_mixin.py:190} INFO - [2025-11-09T21:01:17.442+0000] {dagbag.py:588} INFO - Filling up the DagBag from /home/airflow/.local/lib/python3.12/site-packages/airflow/example_dags/tutorial_taskflow_api_virtualenv.py
[2025-11-09T21:01:17.477+0000] {processor.py:925} INFO - DAG(s) 'tutorial_taskflow_api_virtualenv' retrieved from /home/airflow/.local/lib/python3.12/site-packages/airflow/example_dags/tutorial_taskflow_api_virtualenv.py
[2025-11-09T21:01:17.521+0000] {logging_mixin.py:190} INFO - [2025-11-09T21:01:17.521+0000] {dag.py:3239} INFO - Sync 1 DAGs
[2025-11-09T21:01:17.561+0000] {logging_mixin.py:190} INFO - [2025-11-09T21:01:17.561+0000] {dag.py:4180} INFO - Setting next_dagrun for tutorial_taskflow_api_virtualenv to None, run_after=None
[2025-11-09T21:01:17.606+0000] {processor.py:208} INFO - Processing /home/airflow/.local/lib/python3.12/site-packages/airflow/example_dags/tutorial_taskflow_api_virtualenv.py took 0.180 seconds
[2025-11-09T21:01:47.711+0000] {processor.py:186} INFO - Started process (PID=4338) to work on /home/airflow/.local/lib/python3.12/site-packages/airflow/example_dags/tutorial_taskflow_api_virtualenv.py
[2025-11-09T21:01:47.713+0000] {processor.py:914} INFO - Processing file /home/airflow/.local/lib/python3.12/site-packages/airflow/example_dags/tutorial_taskflow_api_virtualenv.py for tasks to queue
[2025-11-09T21:01:47.717+0000] {logging_mixin.py:190} INFO - [2025-11-09T21:01:47.716+0000] {dagbag.py:588} INFO - Filling up the DagBag from /home/airflow/.local/lib/python3.12/site-packages/airflow/example_dags/tutorial_taskflow_api_virtualenv.py
[2025-11-09T21:01:47.738+0000] {processor.py:925} INFO - DAG(s) 'tutorial_taskflow_api_virtualenv' retrieved from /home/airflow/.local/lib/python3.12/site-packages/airflow/example_dags/tutorial_taskflow_api_virtualenv.py
[2025-11-09T21:01:47.780+0000] {logging_mixin.py:190} INFO - [2025-11-09T21:01:47.779+0000] {dag.py:3239} INFO - Sync 1 DAGs
[2025-11-09T21:01:47.811+0000] {logging_mixin.py:190} INFO - [2025-11-09T21:01:47.810+0000] {dag.py:4180} INFO - Setting next_dagrun for tutorial_taskflow_api_virtualenv to None, run_after=None
[2025-11-09T21:01:47.848+0000] {processor.py:208} INFO - Processing /home/airflow/.local/lib/python3.12/site-packages/airflow/example_dags/tutorial_taskflow_api_virtualenv.py took 0.146 seconds
[2025-11-09T21:02:17.984+0000] {processor.py:186} INFO - Started process (PID=4402) to work on /home/airflow/.local/lib/python3.12/site-packages/airflow/example_dags/tutorial_taskflow_api_virtualenv.py
[2025-11-09T21:02:17.985+0000] {processor.py:914} INFO - Processing file /home/airflow/.local/lib/python3.12/site-packages/airflow/example_dags/tutorial_taskflow_api_virtualenv.py for tasks to queue
[2025-11-09T21:02:17.989+0000] {logging_mixin.py:190} INFO - [2025-11-09T21:02:17.989+0000] {dagbag.py:588} INFO - Filling up the DagBag from /home/airflow/.local/lib/python3.12/site-packages/airflow/example_dags/tutorial_taskflow_api_virtualenv.py
[2025-11-09T21:02:18.007+0000] {processor.py:925} INFO - DAG(s) 'tutorial_taskflow_api_virtualenv' retrieved from /home/airflow/.local/lib/python3.12/site-packages/airflow/example_dags/tutorial_taskflow_api_virtualenv.py
[2025-11-09T21:02:18.041+0000] {logging_mixin.py:190} INFO - [2025-11-09T21:02:18.041+0000] {dag.py:3239} INFO - Sync 1 DAGs
[2025-11-09T21:02:18.062+0000] {logging_mixin.py:190} INFO - [2025-11-09T21:02:18.062+0000] {dag.py:4180} INFO - Setting next_dagrun for tutorial_taskflow_api_virtualenv to None, run_after=None
[2025-11-09T21:02:18.091+0000] {processor.py:208} INFO - Processing /home/airflow/.local/lib/python3.12/site-packages/airflow/example_dags/tutorial_taskflow_api_virtualenv.py took 0.117 seconds
[2025-11-09T21:02:48.367+0000] {processor.py:186} INFO - Started process (PID=4466) to work on /home/airflow/.local/lib/python3.12/site-packages/airflow/example_dags/tutorial_taskflow_api_virtualenv.py
[2025-11-09T21:02:48.369+0000] {processor.py:914} INFO - Processing file /home/airflow/.local/lib/python3.12/site-packages/airflow/example_dags/tutorial_taskflow_api_virtualenv.py for tasks to queue
[2025-11-09T21:02:48.373+0000] {logging_mixin.py:190} INFO - [2025-11-09T21:02:48.372+0000] {dagbag.py:588} INFO - Filling up the DagBag from /home/airflow/.local/lib/python3.12/site-packages/airflow/example_dags/tutorial_taskflow_api_virtualenv.py
[2025-11-09T21:02:48.393+0000] {processor.py:925} INFO - DAG(s) 'tutorial_taskflow_api_virtualenv' retrieved from /home/airflow/.local/lib/python3.12/site-packages/airflow/example_dags/tutorial_taskflow_api_virtualenv.py
[2025-11-09T21:02:48.425+0000] {logging_mixin.py:190} INFO - [2025-11-09T21:02:48.425+0000] {dag.py:3239} INFO - Sync 1 DAGs
[2025-11-09T21:02:48.447+0000] {logging_mixin.py:190} INFO - [2025-11-09T21:02:48.447+0000] {dag.py:4180} INFO - Setting next_dagrun for tutorial_taskflow_api_virtualenv to None, run_after=None
[2025-11-09T21:02:48.476+0000] {processor.py:208} INFO - Processing /home/airflow/.local/lib/python3.12/site-packages/airflow/example_dags/tutorial_taskflow_api_virtualenv.py took 0.118 seconds
[2025-11-09T21:03:19.016+0000] {processor.py:186} INFO - Started process (PID=4530) to work on /home/airflow/.local/lib/python3.12/site-packages/airflow/example_dags/tutorial_taskflow_api_virtualenv.py
[2025-11-09T21:03:19.017+0000] {processor.py:914} INFO - Processing file /home/airflow/.local/lib/python3.12/site-packages/airflow/example_dags/tutorial_taskflow_api_virtualenv.py for tasks to queue
[2025-11-09T21:03:19.021+0000] {logging_mixin.py:190} INFO - [2025-11-09T21:03:19.021+0000] {dagbag.py:588} INFO - Filling up the DagBag from /home/airflow/.local/lib/python3.12/site-packages/airflow/example_dags/tutorial_taskflow_api_virtualenv.py
[2025-11-09T21:03:19.041+0000] {processor.py:925} INFO - DAG(s) 'tutorial_taskflow_api_virtualenv' retrieved from /home/airflow/.local/lib/python3.12/site-packages/airflow/example_dags/tutorial_taskflow_api_virtualenv.py
[2025-11-09T21:03:19.076+0000] {logging_mixin.py:190} INFO - [2025-11-09T21:03:19.076+0000] {dag.py:3239} INFO - Sync 1 DAGs
[2025-11-09T21:03:19.104+0000] {logging_mixin.py:190} INFO - [2025-11-09T21:03:19.104+0000] {dag.py:4180} INFO - Setting next_dagrun for tutorial_taskflow_api_virtualenv to None, run_after=None
[2025-11-09T21:03:19.140+0000] {processor.py:208} INFO - Processing /home/airflow/.local/lib/python3.12/site-packages/airflow/example_dags/tutorial_taskflow_api_virtualenv.py took 0.134 seconds
[2025-11-09T21:03:49.320+0000] {processor.py:186} INFO - Started process (PID=4594) to work on /home/airflow/.local/lib/python3.12/site-packages/airflow/example_dags/tutorial_taskflow_api_virtualenv.py
[2025-11-09T21:03:49.322+0000] {processor.py:914} INFO - Processing file /home/airflow/.local/lib/python3.12/site-packages/airflow/example_dags/tutorial_taskflow_api_virtualenv.py for tasks to queue
[2025-11-09T21:03:49.327+0000] {logging_mixin.py:190} INFO - [2025-11-09T21:03:49.327+0000] {dagbag.py:588} INFO - Filling up the DagBag from /home/airflow/.local/lib/python3.12/site-packages/airflow/example_dags/tutorial_taskflow_api_virtualenv.py
[2025-11-09T21:03:49.347+0000] {processor.py:925} INFO - DAG(s) 'tutorial_taskflow_api_virtualenv' retrieved from /home/airflow/.local/lib/python3.12/site-packages/airflow/example_dags/tutorial_taskflow_api_virtualenv.py
[2025-11-09T21:03:49.387+0000] {logging_mixin.py:190} INFO - [2025-11-09T21:03:49.387+0000] {dag.py:3239} INFO - Sync 1 DAGs
[2025-11-09T21:03:49.414+0000] {logging_mixin.py:190} INFO - [2025-11-09T21:03:49.413+0000] {dag.py:4180} INFO - Setting next_dagrun for tutorial_taskflow_api_virtualenv to None, run_after=None
[2025-11-09T21:03:49.444+0000] {processor.py:208} INFO - Processing /home/airflow/.local/lib/python3.12/site-packages/airflow/example_dags/tutorial_taskflow_api_virtualenv.py took 0.134 seconds
[2025-11-09T21:04:19.912+0000] {processor.py:186} INFO - Started process (PID=4658) to work on /home/airflow/.local/lib/python3.12/site-packages/airflow/example_dags/tutorial_taskflow_api_virtualenv.py
[2025-11-09T21:04:19.915+0000] {processor.py:914} INFO - Processing file /home/airflow/.local/lib/python3.12/site-packages/airflow/example_dags/tutorial_taskflow_api_virtualenv.py for tasks to queue
[2025-11-09T21:04:19.920+0000] {logging_mixin.py:190} INFO - [2025-11-09T21:04:19.919+0000] {dagbag.py:588} INFO - Filling up the DagBag from /home/airflow/.local/lib/python3.12/site-packages/airflow/example_dags/tutorial_taskflow_api_virtualenv.py
[2025-11-09T21:04:19.942+0000] {processor.py:925} INFO - DAG(s) 'tutorial_taskflow_api_virtualenv' retrieved from /home/airflow/.local/lib/python3.12/site-packages/airflow/example_dags/tutorial_taskflow_api_virtualenv.py
[2025-11-09T21:04:19.975+0000] {logging_mixin.py:190} INFO - [2025-11-09T21:04:19.975+0000] {dag.py:3239} INFO - Sync 1 DAGs
[2025-11-09T21:04:20.001+0000] {logging_mixin.py:190} INFO - [2025-11-09T21:04:20.001+0000] {dag.py:4180} INFO - Setting next_dagrun for tutorial_taskflow_api_virtualenv to None, run_after=None
[2025-11-09T21:04:20.030+0000] {processor.py:208} INFO - Processing /home/airflow/.local/lib/python3.12/site-packages/airflow/example_dags/tutorial_taskflow_api_virtualenv.py took 0.127 seconds
[2025-11-09T21:04:50.282+0000] {processor.py:186} INFO - Started process (PID=4722) to work on /home/airflow/.local/lib/python3.12/site-packages/airflow/example_dags/tutorial_taskflow_api_virtualenv.py
[2025-11-09T21:04:50.286+0000] {processor.py:914} INFO - Processing file /home/airflow/.local/lib/python3.12/site-packages/airflow/example_dags/tutorial_taskflow_api_virtualenv.py for tasks to queue
[2025-11-09T21:04:50.293+0000] {logging_mixin.py:190} INFO - [2025-11-09T21:04:50.292+0000] {dagbag.py:588} INFO - Filling up the DagBag from /home/airflow/.local/lib/python3.12/site-packages/airflow/example_dags/tutorial_taskflow_api_virtualenv.py
[2025-11-09T21:04:50.341+0000] {processor.py:925} INFO - DAG(s) 'tutorial_taskflow_api_virtualenv' retrieved from /home/airflow/.local/lib/python3.12/site-packages/airflow/example_dags/tutorial_taskflow_api_virtualenv.py
[2025-11-09T21:04:50.389+0000] {logging_mixin.py:190} INFO - [2025-11-09T21:04:50.388+0000] {dag.py:3239} INFO - Sync 1 DAGs
[2025-11-09T21:04:50.421+0000] {logging_mixin.py:190} INFO - [2025-11-09T21:04:50.421+0000] {dag.py:4180} INFO - Setting next_dagrun for tutorial_taskflow_api_virtualenv to None, run_after=None
[2025-11-09T21:04:50.465+0000] {processor.py:208} INFO - Processing /home/airflow/.local/lib/python3.12/site-packages/airflow/example_dags/tutorial_taskflow_api_virtualenv.py took 0.210 seconds
[2025-11-09T21:08:19.165+0000] {processor.py:186} INFO - Started process (PID=130) to work on /home/airflow/.local/lib/python3.12/site-packages/airflow/example_dags/tutorial_taskflow_api_virtualenv.py
[2025-11-09T21:08:19.169+0000] {processor.py:914} INFO - Processing file /home/airflow/.local/lib/python3.12/site-packages/airflow/example_dags/tutorial_taskflow_api_virtualenv.py for tasks to queue
[2025-11-09T21:08:19.179+0000] {logging_mixin.py:190} INFO - [2025-11-09T21:08:19.178+0000] {dagbag.py:588} INFO - Filling up the DagBag from /home/airflow/.local/lib/python3.12/site-packages/airflow/example_dags/tutorial_taskflow_api_virtualenv.py
[2025-11-09T21:08:19.221+0000] {processor.py:925} INFO - DAG(s) 'tutorial_taskflow_api_virtualenv' retrieved from /home/airflow/.local/lib/python3.12/site-packages/airflow/example_dags/tutorial_taskflow_api_virtualenv.py
[2025-11-09T21:08:19.667+0000] {logging_mixin.py:190} INFO - [2025-11-09T21:08:19.666+0000] {dag.py:3239} INFO - Sync 1 DAGs
[2025-11-09T21:08:19.722+0000] {logging_mixin.py:190} INFO - [2025-11-09T21:08:19.722+0000] {dag.py:4180} INFO - Setting next_dagrun for tutorial_taskflow_api_virtualenv to None, run_after=None
[2025-11-09T21:08:19.797+0000] {processor.py:208} INFO - Processing /home/airflow/.local/lib/python3.12/site-packages/airflow/example_dags/tutorial_taskflow_api_virtualenv.py took 0.651 seconds
[2025-11-09T21:08:50.500+0000] {processor.py:186} INFO - Started process (PID=194) to work on /home/airflow/.local/lib/python3.12/site-packages/airflow/example_dags/tutorial_taskflow_api_virtualenv.py
[2025-11-09T21:08:50.502+0000] {processor.py:914} INFO - Processing file /home/airflow/.local/lib/python3.12/site-packages/airflow/example_dags/tutorial_taskflow_api_virtualenv.py for tasks to queue
[2025-11-09T21:08:50.508+0000] {logging_mixin.py:190} INFO - [2025-11-09T21:08:50.507+0000] {dagbag.py:588} INFO - Filling up the DagBag from /home/airflow/.local/lib/python3.12/site-packages/airflow/example_dags/tutorial_taskflow_api_virtualenv.py
[2025-11-09T21:08:50.537+0000] {processor.py:925} INFO - DAG(s) 'tutorial_taskflow_api_virtualenv' retrieved from /home/airflow/.local/lib/python3.12/site-packages/airflow/example_dags/tutorial_taskflow_api_virtualenv.py
[2025-11-09T21:08:50.583+0000] {logging_mixin.py:190} INFO - [2025-11-09T21:08:50.582+0000] {dag.py:3239} INFO - Sync 1 DAGs
[2025-11-09T21:08:50.620+0000] {logging_mixin.py:190} INFO - [2025-11-09T21:08:50.619+0000] {dag.py:4180} INFO - Setting next_dagrun for tutorial_taskflow_api_virtualenv to None, run_after=None
[2025-11-09T21:08:50.664+0000] {processor.py:208} INFO - Processing /home/airflow/.local/lib/python3.12/site-packages/airflow/example_dags/tutorial_taskflow_api_virtualenv.py took 0.178 seconds
[2025-11-09T21:09:20.894+0000] {processor.py:186} INFO - Started process (PID=258) to work on /home/airflow/.local/lib/python3.12/site-packages/airflow/example_dags/tutorial_taskflow_api_virtualenv.py
[2025-11-09T21:09:20.897+0000] {processor.py:914} INFO - Processing file /home/airflow/.local/lib/python3.12/site-packages/airflow/example_dags/tutorial_taskflow_api_virtualenv.py for tasks to queue
[2025-11-09T21:09:20.903+0000] {logging_mixin.py:190} INFO - [2025-11-09T21:09:20.902+0000] {dagbag.py:588} INFO - Filling up the DagBag from /home/airflow/.local/lib/python3.12/site-packages/airflow/example_dags/tutorial_taskflow_api_virtualenv.py
[2025-11-09T21:09:20.937+0000] {processor.py:925} INFO - DAG(s) 'tutorial_taskflow_api_virtualenv' retrieved from /home/airflow/.local/lib/python3.12/site-packages/airflow/example_dags/tutorial_taskflow_api_virtualenv.py
[2025-11-09T21:09:20.980+0000] {logging_mixin.py:190} INFO - [2025-11-09T21:09:20.980+0000] {dag.py:3239} INFO - Sync 1 DAGs
[2025-11-09T21:09:21.004+0000] {logging_mixin.py:190} INFO - [2025-11-09T21:09:21.004+0000] {dag.py:4180} INFO - Setting next_dagrun for tutorial_taskflow_api_virtualenv to None, run_after=None
[2025-11-09T21:09:21.039+0000] {processor.py:208} INFO - Processing /home/airflow/.local/lib/python3.12/site-packages/airflow/example_dags/tutorial_taskflow_api_virtualenv.py took 0.161 seconds
[2025-11-09T21:09:53.349+0000] {processor.py:186} INFO - Started process (PID=322) to work on /home/airflow/.local/lib/python3.12/site-packages/airflow/example_dags/tutorial_taskflow_api_virtualenv.py
[2025-11-09T21:09:53.363+0000] {processor.py:914} INFO - Processing file /home/airflow/.local/lib/python3.12/site-packages/airflow/example_dags/tutorial_taskflow_api_virtualenv.py for tasks to queue
[2025-11-09T21:09:53.373+0000] {logging_mixin.py:190} INFO - [2025-11-09T21:09:53.372+0000] {dagbag.py:588} INFO - Filling up the DagBag from /home/airflow/.local/lib/python3.12/site-packages/airflow/example_dags/tutorial_taskflow_api_virtualenv.py
[2025-11-09T21:09:53.434+0000] {processor.py:925} INFO - DAG(s) 'tutorial_taskflow_api_virtualenv' retrieved from /home/airflow/.local/lib/python3.12/site-packages/airflow/example_dags/tutorial_taskflow_api_virtualenv.py
[2025-11-09T21:09:53.635+0000] {logging_mixin.py:190} INFO - [2025-11-09T21:09:53.634+0000] {dag.py:3239} INFO - Sync 1 DAGs
[2025-11-09T21:09:53.760+0000] {logging_mixin.py:190} INFO - [2025-11-09T21:09:53.755+0000] {dag.py:4180} INFO - Setting next_dagrun for tutorial_taskflow_api_virtualenv to None, run_after=None
[2025-11-09T21:09:53.929+0000] {processor.py:208} INFO - Processing /home/airflow/.local/lib/python3.12/site-packages/airflow/example_dags/tutorial_taskflow_api_virtualenv.py took 0.618 seconds
[2025-11-09T21:10:24.642+0000] {processor.py:186} INFO - Started process (PID=386) to work on /home/airflow/.local/lib/python3.12/site-packages/airflow/example_dags/tutorial_taskflow_api_virtualenv.py
[2025-11-09T21:10:24.652+0000] {processor.py:914} INFO - Processing file /home/airflow/.local/lib/python3.12/site-packages/airflow/example_dags/tutorial_taskflow_api_virtualenv.py for tasks to queue
[2025-11-09T21:10:24.667+0000] {logging_mixin.py:190} INFO - [2025-11-09T21:10:24.666+0000] {dagbag.py:588} INFO - Filling up the DagBag from /home/airflow/.local/lib/python3.12/site-packages/airflow/example_dags/tutorial_taskflow_api_virtualenv.py
[2025-11-09T21:10:24.743+0000] {processor.py:925} INFO - DAG(s) 'tutorial_taskflow_api_virtualenv' retrieved from /home/airflow/.local/lib/python3.12/site-packages/airflow/example_dags/tutorial_taskflow_api_virtualenv.py
[2025-11-09T21:10:24.862+0000] {logging_mixin.py:190} INFO - [2025-11-09T21:10:24.861+0000] {dag.py:3239} INFO - Sync 1 DAGs
[2025-11-09T21:10:24.943+0000] {logging_mixin.py:190} INFO - [2025-11-09T21:10:24.942+0000] {dag.py:4180} INFO - Setting next_dagrun for tutorial_taskflow_api_virtualenv to None, run_after=None
[2025-11-09T21:10:25.028+0000] {processor.py:208} INFO - Processing /home/airflow/.local/lib/python3.12/site-packages/airflow/example_dags/tutorial_taskflow_api_virtualenv.py took 0.421 seconds
[2025-11-09T21:10:55.903+0000] {processor.py:186} INFO - Started process (PID=451) to work on /home/airflow/.local/lib/python3.12/site-packages/airflow/example_dags/tutorial_taskflow_api_virtualenv.py
[2025-11-09T21:10:55.905+0000] {processor.py:914} INFO - Processing file /home/airflow/.local/lib/python3.12/site-packages/airflow/example_dags/tutorial_taskflow_api_virtualenv.py for tasks to queue
[2025-11-09T21:10:55.909+0000] {logging_mixin.py:190} INFO - [2025-11-09T21:10:55.908+0000] {dagbag.py:588} INFO - Filling up the DagBag from /home/airflow/.local/lib/python3.12/site-packages/airflow/example_dags/tutorial_taskflow_api_virtualenv.py
[2025-11-09T21:10:55.930+0000] {processor.py:925} INFO - DAG(s) 'tutorial_taskflow_api_virtualenv' retrieved from /home/airflow/.local/lib/python3.12/site-packages/airflow/example_dags/tutorial_taskflow_api_virtualenv.py
[2025-11-09T21:10:55.969+0000] {logging_mixin.py:190} INFO - [2025-11-09T21:10:55.969+0000] {dag.py:3239} INFO - Sync 1 DAGs
[2025-11-09T21:10:55.997+0000] {logging_mixin.py:190} INFO - [2025-11-09T21:10:55.997+0000] {dag.py:4180} INFO - Setting next_dagrun for tutorial_taskflow_api_virtualenv to None, run_after=None
[2025-11-09T21:10:56.032+0000] {processor.py:208} INFO - Processing /home/airflow/.local/lib/python3.12/site-packages/airflow/example_dags/tutorial_taskflow_api_virtualenv.py took 0.140 seconds
[2025-11-09T21:11:26.415+0000] {processor.py:186} INFO - Started process (PID=514) to work on /home/airflow/.local/lib/python3.12/site-packages/airflow/example_dags/tutorial_taskflow_api_virtualenv.py
[2025-11-09T21:11:26.418+0000] {processor.py:914} INFO - Processing file /home/airflow/.local/lib/python3.12/site-packages/airflow/example_dags/tutorial_taskflow_api_virtualenv.py for tasks to queue
[2025-11-09T21:11:26.422+0000] {logging_mixin.py:190} INFO - [2025-11-09T21:11:26.422+0000] {dagbag.py:588} INFO - Filling up the DagBag from /home/airflow/.local/lib/python3.12/site-packages/airflow/example_dags/tutorial_taskflow_api_virtualenv.py
[2025-11-09T21:11:26.447+0000] {processor.py:925} INFO - DAG(s) 'tutorial_taskflow_api_virtualenv' retrieved from /home/airflow/.local/lib/python3.12/site-packages/airflow/example_dags/tutorial_taskflow_api_virtualenv.py
[2025-11-09T21:11:26.490+0000] {logging_mixin.py:190} INFO - [2025-11-09T21:11:26.489+0000] {dag.py:3239} INFO - Sync 1 DAGs
[2025-11-09T21:11:26.519+0000] {logging_mixin.py:190} INFO - [2025-11-09T21:11:26.519+0000] {dag.py:4180} INFO - Setting next_dagrun for tutorial_taskflow_api_virtualenv to None, run_after=None
[2025-11-09T21:11:26.555+0000] {processor.py:208} INFO - Processing /home/airflow/.local/lib/python3.12/site-packages/airflow/example_dags/tutorial_taskflow_api_virtualenv.py took 0.153 seconds
[2025-11-09T21:11:56.724+0000] {processor.py:186} INFO - Started process (PID=578) to work on /home/airflow/.local/lib/python3.12/site-packages/airflow/example_dags/tutorial_taskflow_api_virtualenv.py
[2025-11-09T21:11:56.726+0000] {processor.py:914} INFO - Processing file /home/airflow/.local/lib/python3.12/site-packages/airflow/example_dags/tutorial_taskflow_api_virtualenv.py for tasks to queue
[2025-11-09T21:11:56.730+0000] {logging_mixin.py:190} INFO - [2025-11-09T21:11:56.729+0000] {dagbag.py:588} INFO - Filling up the DagBag from /home/airflow/.local/lib/python3.12/site-packages/airflow/example_dags/tutorial_taskflow_api_virtualenv.py
[2025-11-09T21:11:56.749+0000] {processor.py:925} INFO - DAG(s) 'tutorial_taskflow_api_virtualenv' retrieved from /home/airflow/.local/lib/python3.12/site-packages/airflow/example_dags/tutorial_taskflow_api_virtualenv.py
[2025-11-09T21:11:56.790+0000] {logging_mixin.py:190} INFO - [2025-11-09T21:11:56.790+0000] {dag.py:3239} INFO - Sync 1 DAGs
[2025-11-09T21:11:56.814+0000] {logging_mixin.py:190} INFO - [2025-11-09T21:11:56.813+0000] {dag.py:4180} INFO - Setting next_dagrun for tutorial_taskflow_api_virtualenv to None, run_after=None
[2025-11-09T21:11:56.847+0000] {processor.py:208} INFO - Processing /home/airflow/.local/lib/python3.12/site-packages/airflow/example_dags/tutorial_taskflow_api_virtualenv.py took 0.132 seconds
[2025-11-09T21:12:27.417+0000] {processor.py:186} INFO - Started process (PID=642) to work on /home/airflow/.local/lib/python3.12/site-packages/airflow/example_dags/tutorial_taskflow_api_virtualenv.py
[2025-11-09T21:12:27.421+0000] {processor.py:914} INFO - Processing file /home/airflow/.local/lib/python3.12/site-packages/airflow/example_dags/tutorial_taskflow_api_virtualenv.py for tasks to queue
[2025-11-09T21:12:27.430+0000] {logging_mixin.py:190} INFO - [2025-11-09T21:12:27.429+0000] {dagbag.py:588} INFO - Filling up the DagBag from /home/airflow/.local/lib/python3.12/site-packages/airflow/example_dags/tutorial_taskflow_api_virtualenv.py
[2025-11-09T21:12:27.465+0000] {processor.py:925} INFO - DAG(s) 'tutorial_taskflow_api_virtualenv' retrieved from /home/airflow/.local/lib/python3.12/site-packages/airflow/example_dags/tutorial_taskflow_api_virtualenv.py
[2025-11-09T21:12:27.522+0000] {logging_mixin.py:190} INFO - [2025-11-09T21:12:27.522+0000] {dag.py:3239} INFO - Sync 1 DAGs
[2025-11-09T21:12:27.560+0000] {logging_mixin.py:190} INFO - [2025-11-09T21:12:27.560+0000] {dag.py:4180} INFO - Setting next_dagrun for tutorial_taskflow_api_virtualenv to None, run_after=None
[2025-11-09T21:12:27.605+0000] {processor.py:208} INFO - Processing /home/airflow/.local/lib/python3.12/site-packages/airflow/example_dags/tutorial_taskflow_api_virtualenv.py took 0.210 seconds
[2025-11-09T21:12:58.078+0000] {processor.py:186} INFO - Started process (PID=706) to work on /home/airflow/.local/lib/python3.12/site-packages/airflow/example_dags/tutorial_taskflow_api_virtualenv.py
[2025-11-09T21:12:58.087+0000] {processor.py:914} INFO - Processing file /home/airflow/.local/lib/python3.12/site-packages/airflow/example_dags/tutorial_taskflow_api_virtualenv.py for tasks to queue
[2025-11-09T21:12:58.107+0000] {logging_mixin.py:190} INFO - [2025-11-09T21:12:58.105+0000] {dagbag.py:588} INFO - Filling up the DagBag from /home/airflow/.local/lib/python3.12/site-packages/airflow/example_dags/tutorial_taskflow_api_virtualenv.py
[2025-11-09T21:12:58.207+0000] {processor.py:925} INFO - DAG(s) 'tutorial_taskflow_api_virtualenv' retrieved from /home/airflow/.local/lib/python3.12/site-packages/airflow/example_dags/tutorial_taskflow_api_virtualenv.py
[2025-11-09T21:12:58.363+0000] {logging_mixin.py:190} INFO - [2025-11-09T21:12:58.362+0000] {dag.py:3239} INFO - Sync 1 DAGs
[2025-11-09T21:12:58.452+0000] {logging_mixin.py:190} INFO - [2025-11-09T21:12:58.451+0000] {dag.py:4180} INFO - Setting next_dagrun for tutorial_taskflow_api_virtualenv to None, run_after=None
[2025-11-09T21:12:58.528+0000] {processor.py:208} INFO - Processing /home/airflow/.local/lib/python3.12/site-packages/airflow/example_dags/tutorial_taskflow_api_virtualenv.py took 0.493 seconds
[2025-11-09T21:13:28.657+0000] {processor.py:186} INFO - Started process (PID=770) to work on /home/airflow/.local/lib/python3.12/site-packages/airflow/example_dags/tutorial_taskflow_api_virtualenv.py
[2025-11-09T21:13:28.659+0000] {processor.py:914} INFO - Processing file /home/airflow/.local/lib/python3.12/site-packages/airflow/example_dags/tutorial_taskflow_api_virtualenv.py for tasks to queue
[2025-11-09T21:13:28.665+0000] {logging_mixin.py:190} INFO - [2025-11-09T21:13:28.664+0000] {dagbag.py:588} INFO - Filling up the DagBag from /home/airflow/.local/lib/python3.12/site-packages/airflow/example_dags/tutorial_taskflow_api_virtualenv.py
[2025-11-09T21:13:28.689+0000] {processor.py:925} INFO - DAG(s) 'tutorial_taskflow_api_virtualenv' retrieved from /home/airflow/.local/lib/python3.12/site-packages/airflow/example_dags/tutorial_taskflow_api_virtualenv.py
[2025-11-09T21:13:28.731+0000] {logging_mixin.py:190} INFO - [2025-11-09T21:13:28.731+0000] {dag.py:3239} INFO - Sync 1 DAGs
[2025-11-09T21:13:28.758+0000] {logging_mixin.py:190} INFO - [2025-11-09T21:13:28.758+0000] {dag.py:4180} INFO - Setting next_dagrun for tutorial_taskflow_api_virtualenv to None, run_after=None
[2025-11-09T21:13:28.794+0000] {processor.py:208} INFO - Processing /home/airflow/.local/lib/python3.12/site-packages/airflow/example_dags/tutorial_taskflow_api_virtualenv.py took 0.151 seconds
[2025-11-09T21:13:58.919+0000] {processor.py:186} INFO - Started process (PID=834) to work on /home/airflow/.local/lib/python3.12/site-packages/airflow/example_dags/tutorial_taskflow_api_virtualenv.py
[2025-11-09T21:13:58.922+0000] {processor.py:914} INFO - Processing file /home/airflow/.local/lib/python3.12/site-packages/airflow/example_dags/tutorial_taskflow_api_virtualenv.py for tasks to queue
[2025-11-09T21:13:58.927+0000] {logging_mixin.py:190} INFO - [2025-11-09T21:13:58.926+0000] {dagbag.py:588} INFO - Filling up the DagBag from /home/airflow/.local/lib/python3.12/site-packages/airflow/example_dags/tutorial_taskflow_api_virtualenv.py
[2025-11-09T21:13:58.954+0000] {processor.py:925} INFO - DAG(s) 'tutorial_taskflow_api_virtualenv' retrieved from /home/airflow/.local/lib/python3.12/site-packages/airflow/example_dags/tutorial_taskflow_api_virtualenv.py
[2025-11-09T21:13:58.988+0000] {logging_mixin.py:190} INFO - [2025-11-09T21:13:58.988+0000] {dag.py:3239} INFO - Sync 1 DAGs
[2025-11-09T21:13:59.012+0000] {logging_mixin.py:190} INFO - [2025-11-09T21:13:59.011+0000] {dag.py:4180} INFO - Setting next_dagrun for tutorial_taskflow_api_virtualenv to None, run_after=None
[2025-11-09T21:13:59.044+0000] {processor.py:208} INFO - Processing /home/airflow/.local/lib/python3.12/site-packages/airflow/example_dags/tutorial_taskflow_api_virtualenv.py took 0.137 seconds
[2025-11-09T21:14:31.283+0000] {processor.py:186} INFO - Started process (PID=898) to work on /home/airflow/.local/lib/python3.12/site-packages/airflow/example_dags/tutorial_taskflow_api_virtualenv.py
[2025-11-09T21:14:31.286+0000] {processor.py:914} INFO - Processing file /home/airflow/.local/lib/python3.12/site-packages/airflow/example_dags/tutorial_taskflow_api_virtualenv.py for tasks to queue
[2025-11-09T21:14:31.296+0000] {logging_mixin.py:190} INFO - [2025-11-09T21:14:31.295+0000] {dagbag.py:588} INFO - Filling up the DagBag from /home/airflow/.local/lib/python3.12/site-packages/airflow/example_dags/tutorial_taskflow_api_virtualenv.py
[2025-11-09T21:14:31.345+0000] {processor.py:925} INFO - DAG(s) 'tutorial_taskflow_api_virtualenv' retrieved from /home/airflow/.local/lib/python3.12/site-packages/airflow/example_dags/tutorial_taskflow_api_virtualenv.py
[2025-11-09T21:14:31.443+0000] {logging_mixin.py:190} INFO - [2025-11-09T21:14:31.443+0000] {dag.py:3239} INFO - Sync 1 DAGs
[2025-11-09T21:14:31.502+0000] {logging_mixin.py:190} INFO - [2025-11-09T21:14:31.501+0000] {dag.py:4180} INFO - Setting next_dagrun for tutorial_taskflow_api_virtualenv to None, run_after=None
[2025-11-09T21:14:31.565+0000] {processor.py:208} INFO - Processing /home/airflow/.local/lib/python3.12/site-packages/airflow/example_dags/tutorial_taskflow_api_virtualenv.py took 0.303 seconds
[2025-11-09T21:15:01.820+0000] {processor.py:186} INFO - Started process (PID=961) to work on /home/airflow/.local/lib/python3.12/site-packages/airflow/example_dags/tutorial_taskflow_api_virtualenv.py
[2025-11-09T21:15:01.822+0000] {processor.py:914} INFO - Processing file /home/airflow/.local/lib/python3.12/site-packages/airflow/example_dags/tutorial_taskflow_api_virtualenv.py for tasks to queue
[2025-11-09T21:15:01.829+0000] {logging_mixin.py:190} INFO - [2025-11-09T21:15:01.828+0000] {dagbag.py:588} INFO - Filling up the DagBag from /home/airflow/.local/lib/python3.12/site-packages/airflow/example_dags/tutorial_taskflow_api_virtualenv.py
[2025-11-09T21:15:01.863+0000] {processor.py:925} INFO - DAG(s) 'tutorial_taskflow_api_virtualenv' retrieved from /home/airflow/.local/lib/python3.12/site-packages/airflow/example_dags/tutorial_taskflow_api_virtualenv.py
[2025-11-09T21:15:01.917+0000] {logging_mixin.py:190} INFO - [2025-11-09T21:15:01.917+0000] {dag.py:3239} INFO - Sync 1 DAGs
[2025-11-09T21:15:01.958+0000] {logging_mixin.py:190} INFO - [2025-11-09T21:15:01.957+0000] {dag.py:4180} INFO - Setting next_dagrun for tutorial_taskflow_api_virtualenv to None, run_after=None
[2025-11-09T21:15:02.016+0000] {processor.py:208} INFO - Processing /home/airflow/.local/lib/python3.12/site-packages/airflow/example_dags/tutorial_taskflow_api_virtualenv.py took 0.212 seconds
[2025-11-09T21:15:32.341+0000] {processor.py:186} INFO - Started process (PID=1025) to work on /home/airflow/.local/lib/python3.12/site-packages/airflow/example_dags/tutorial_taskflow_api_virtualenv.py
[2025-11-09T21:15:32.344+0000] {processor.py:914} INFO - Processing file /home/airflow/.local/lib/python3.12/site-packages/airflow/example_dags/tutorial_taskflow_api_virtualenv.py for tasks to queue
[2025-11-09T21:15:32.351+0000] {logging_mixin.py:190} INFO - [2025-11-09T21:15:32.351+0000] {dagbag.py:588} INFO - Filling up the DagBag from /home/airflow/.local/lib/python3.12/site-packages/airflow/example_dags/tutorial_taskflow_api_virtualenv.py
[2025-11-09T21:15:32.372+0000] {processor.py:925} INFO - DAG(s) 'tutorial_taskflow_api_virtualenv' retrieved from /home/airflow/.local/lib/python3.12/site-packages/airflow/example_dags/tutorial_taskflow_api_virtualenv.py
[2025-11-09T21:15:32.408+0000] {logging_mixin.py:190} INFO - [2025-11-09T21:15:32.408+0000] {dag.py:3239} INFO - Sync 1 DAGs
[2025-11-09T21:15:32.432+0000] {logging_mixin.py:190} INFO - [2025-11-09T21:15:32.432+0000] {dag.py:4180} INFO - Setting next_dagrun for tutorial_taskflow_api_virtualenv to None, run_after=None
[2025-11-09T21:15:32.470+0000] {processor.py:208} INFO - Processing /home/airflow/.local/lib/python3.12/site-packages/airflow/example_dags/tutorial_taskflow_api_virtualenv.py took 0.140 seconds
[2025-11-09T21:16:02.981+0000] {processor.py:186} INFO - Started process (PID=1088) to work on /home/airflow/.local/lib/python3.12/site-packages/airflow/example_dags/tutorial_taskflow_api_virtualenv.py
[2025-11-09T21:16:02.983+0000] {processor.py:914} INFO - Processing file /home/airflow/.local/lib/python3.12/site-packages/airflow/example_dags/tutorial_taskflow_api_virtualenv.py for tasks to queue
[2025-11-09T21:16:02.987+0000] {logging_mixin.py:190} INFO - [2025-11-09T21:16:02.986+0000] {dagbag.py:588} INFO - Filling up the DagBag from /home/airflow/.local/lib/python3.12/site-packages/airflow/example_dags/tutorial_taskflow_api_virtualenv.py
[2025-11-09T21:16:03.005+0000] {processor.py:925} INFO - DAG(s) 'tutorial_taskflow_api_virtualenv' retrieved from /home/airflow/.local/lib/python3.12/site-packages/airflow/example_dags/tutorial_taskflow_api_virtualenv.py
[2025-11-09T21:16:03.042+0000] {logging_mixin.py:190} INFO - [2025-11-09T21:16:03.042+0000] {dag.py:3239} INFO - Sync 1 DAGs
[2025-11-09T21:16:03.070+0000] {logging_mixin.py:190} INFO - [2025-11-09T21:16:03.069+0000] {dag.py:4180} INFO - Setting next_dagrun for tutorial_taskflow_api_virtualenv to None, run_after=None
[2025-11-09T21:16:03.107+0000] {processor.py:208} INFO - Processing /home/airflow/.local/lib/python3.12/site-packages/airflow/example_dags/tutorial_taskflow_api_virtualenv.py took 0.135 seconds
[2025-11-09T21:16:33.945+0000] {processor.py:186} INFO - Started process (PID=1152) to work on /home/airflow/.local/lib/python3.12/site-packages/airflow/example_dags/tutorial_taskflow_api_virtualenv.py
[2025-11-09T21:16:33.947+0000] {processor.py:914} INFO - Processing file /home/airflow/.local/lib/python3.12/site-packages/airflow/example_dags/tutorial_taskflow_api_virtualenv.py for tasks to queue
[2025-11-09T21:16:33.953+0000] {logging_mixin.py:190} INFO - [2025-11-09T21:16:33.952+0000] {dagbag.py:588} INFO - Filling up the DagBag from /home/airflow/.local/lib/python3.12/site-packages/airflow/example_dags/tutorial_taskflow_api_virtualenv.py
[2025-11-09T21:16:33.975+0000] {processor.py:925} INFO - DAG(s) 'tutorial_taskflow_api_virtualenv' retrieved from /home/airflow/.local/lib/python3.12/site-packages/airflow/example_dags/tutorial_taskflow_api_virtualenv.py
[2025-11-09T21:16:34.013+0000] {logging_mixin.py:190} INFO - [2025-11-09T21:16:34.013+0000] {dag.py:3239} INFO - Sync 1 DAGs
[2025-11-09T21:16:34.043+0000] {logging_mixin.py:190} INFO - [2025-11-09T21:16:34.043+0000] {dag.py:4180} INFO - Setting next_dagrun for tutorial_taskflow_api_virtualenv to None, run_after=None
[2025-11-09T21:16:34.077+0000] {processor.py:208} INFO - Processing /home/airflow/.local/lib/python3.12/site-packages/airflow/example_dags/tutorial_taskflow_api_virtualenv.py took 0.142 seconds
[2025-11-09T21:17:04.388+0000] {processor.py:186} INFO - Started process (PID=1216) to work on /home/airflow/.local/lib/python3.12/site-packages/airflow/example_dags/tutorial_taskflow_api_virtualenv.py
[2025-11-09T21:17:04.391+0000] {processor.py:914} INFO - Processing file /home/airflow/.local/lib/python3.12/site-packages/airflow/example_dags/tutorial_taskflow_api_virtualenv.py for tasks to queue
[2025-11-09T21:17:04.397+0000] {logging_mixin.py:190} INFO - [2025-11-09T21:17:04.396+0000] {dagbag.py:588} INFO - Filling up the DagBag from /home/airflow/.local/lib/python3.12/site-packages/airflow/example_dags/tutorial_taskflow_api_virtualenv.py
[2025-11-09T21:17:04.418+0000] {processor.py:925} INFO - DAG(s) 'tutorial_taskflow_api_virtualenv' retrieved from /home/airflow/.local/lib/python3.12/site-packages/airflow/example_dags/tutorial_taskflow_api_virtualenv.py
[2025-11-09T21:17:04.455+0000] {logging_mixin.py:190} INFO - [2025-11-09T21:17:04.455+0000] {dag.py:3239} INFO - Sync 1 DAGs
[2025-11-09T21:17:04.478+0000] {logging_mixin.py:190} INFO - [2025-11-09T21:17:04.478+0000] {dag.py:4180} INFO - Setting next_dagrun for tutorial_taskflow_api_virtualenv to None, run_after=None
[2025-11-09T21:17:04.509+0000] {processor.py:208} INFO - Processing /home/airflow/.local/lib/python3.12/site-packages/airflow/example_dags/tutorial_taskflow_api_virtualenv.py took 0.132 seconds
[2025-11-09T21:17:34.953+0000] {processor.py:186} INFO - Started process (PID=1280) to work on /home/airflow/.local/lib/python3.12/site-packages/airflow/example_dags/tutorial_taskflow_api_virtualenv.py
[2025-11-09T21:17:34.956+0000] {processor.py:914} INFO - Processing file /home/airflow/.local/lib/python3.12/site-packages/airflow/example_dags/tutorial_taskflow_api_virtualenv.py for tasks to queue
[2025-11-09T21:17:34.962+0000] {logging_mixin.py:190} INFO - [2025-11-09T21:17:34.961+0000] {dagbag.py:588} INFO - Filling up the DagBag from /home/airflow/.local/lib/python3.12/site-packages/airflow/example_dags/tutorial_taskflow_api_virtualenv.py
[2025-11-09T21:17:35.003+0000] {processor.py:925} INFO - DAG(s) 'tutorial_taskflow_api_virtualenv' retrieved from /home/airflow/.local/lib/python3.12/site-packages/airflow/example_dags/tutorial_taskflow_api_virtualenv.py
[2025-11-09T21:17:35.059+0000] {logging_mixin.py:190} INFO - [2025-11-09T21:17:35.058+0000] {dag.py:3239} INFO - Sync 1 DAGs
[2025-11-09T21:17:35.096+0000] {logging_mixin.py:190} INFO - [2025-11-09T21:17:35.095+0000] {dag.py:4180} INFO - Setting next_dagrun for tutorial_taskflow_api_virtualenv to None, run_after=None
[2025-11-09T21:17:35.155+0000] {processor.py:208} INFO - Processing /home/airflow/.local/lib/python3.12/site-packages/airflow/example_dags/tutorial_taskflow_api_virtualenv.py took 0.219 seconds
[2025-11-09T21:18:06.481+0000] {processor.py:186} INFO - Started process (PID=1344) to work on /home/airflow/.local/lib/python3.12/site-packages/airflow/example_dags/tutorial_taskflow_api_virtualenv.py
[2025-11-09T21:18:06.484+0000] {processor.py:914} INFO - Processing file /home/airflow/.local/lib/python3.12/site-packages/airflow/example_dags/tutorial_taskflow_api_virtualenv.py for tasks to queue
[2025-11-09T21:18:06.492+0000] {logging_mixin.py:190} INFO - [2025-11-09T21:18:06.491+0000] {dagbag.py:588} INFO - Filling up the DagBag from /home/airflow/.local/lib/python3.12/site-packages/airflow/example_dags/tutorial_taskflow_api_virtualenv.py
[2025-11-09T21:18:06.526+0000] {processor.py:925} INFO - DAG(s) 'tutorial_taskflow_api_virtualenv' retrieved from /home/airflow/.local/lib/python3.12/site-packages/airflow/example_dags/tutorial_taskflow_api_virtualenv.py
[2025-11-09T21:18:06.577+0000] {logging_mixin.py:190} INFO - [2025-11-09T21:18:06.576+0000] {dag.py:3239} INFO - Sync 1 DAGs
[2025-11-09T21:18:06.623+0000] {logging_mixin.py:190} INFO - [2025-11-09T21:18:06.623+0000] {dag.py:4180} INFO - Setting next_dagrun for tutorial_taskflow_api_virtualenv to None, run_after=None
[2025-11-09T21:18:06.662+0000] {processor.py:208} INFO - Processing /home/airflow/.local/lib/python3.12/site-packages/airflow/example_dags/tutorial_taskflow_api_virtualenv.py took 0.198 seconds
[2025-11-09T21:18:36.970+0000] {processor.py:186} INFO - Started process (PID=1408) to work on /home/airflow/.local/lib/python3.12/site-packages/airflow/example_dags/tutorial_taskflow_api_virtualenv.py
[2025-11-09T21:18:36.973+0000] {processor.py:914} INFO - Processing file /home/airflow/.local/lib/python3.12/site-packages/airflow/example_dags/tutorial_taskflow_api_virtualenv.py for tasks to queue
[2025-11-09T21:18:36.986+0000] {logging_mixin.py:190} INFO - [2025-11-09T21:18:36.984+0000] {dagbag.py:588} INFO - Filling up the DagBag from /home/airflow/.local/lib/python3.12/site-packages/airflow/example_dags/tutorial_taskflow_api_virtualenv.py
[2025-11-09T21:18:37.031+0000] {processor.py:925} INFO - DAG(s) 'tutorial_taskflow_api_virtualenv' retrieved from /home/airflow/.local/lib/python3.12/site-packages/airflow/example_dags/tutorial_taskflow_api_virtualenv.py
[2025-11-09T21:18:37.095+0000] {logging_mixin.py:190} INFO - [2025-11-09T21:18:37.094+0000] {dag.py:3239} INFO - Sync 1 DAGs
[2025-11-09T21:18:37.140+0000] {logging_mixin.py:190} INFO - [2025-11-09T21:18:37.139+0000] {dag.py:4180} INFO - Setting next_dagrun for tutorial_taskflow_api_virtualenv to None, run_after=None
[2025-11-09T21:18:37.208+0000] {processor.py:208} INFO - Processing /home/airflow/.local/lib/python3.12/site-packages/airflow/example_dags/tutorial_taskflow_api_virtualenv.py took 0.259 seconds
[2025-11-09T21:19:08.061+0000] {processor.py:186} INFO - Started process (PID=1471) to work on /home/airflow/.local/lib/python3.12/site-packages/airflow/example_dags/tutorial_taskflow_api_virtualenv.py
[2025-11-09T21:19:08.065+0000] {processor.py:914} INFO - Processing file /home/airflow/.local/lib/python3.12/site-packages/airflow/example_dags/tutorial_taskflow_api_virtualenv.py for tasks to queue
[2025-11-09T21:19:08.075+0000] {logging_mixin.py:190} INFO - [2025-11-09T21:19:08.073+0000] {dagbag.py:588} INFO - Filling up the DagBag from /home/airflow/.local/lib/python3.12/site-packages/airflow/example_dags/tutorial_taskflow_api_virtualenv.py
[2025-11-09T21:19:08.194+0000] {processor.py:925} INFO - DAG(s) 'tutorial_taskflow_api_virtualenv' retrieved from /home/airflow/.local/lib/python3.12/site-packages/airflow/example_dags/tutorial_taskflow_api_virtualenv.py
[2025-11-09T21:19:08.307+0000] {logging_mixin.py:190} INFO - [2025-11-09T21:19:08.307+0000] {dag.py:3239} INFO - Sync 1 DAGs
[2025-11-09T21:19:08.386+0000] {logging_mixin.py:190} INFO - [2025-11-09T21:19:08.385+0000] {dag.py:4180} INFO - Setting next_dagrun for tutorial_taskflow_api_virtualenv to None, run_after=None
[2025-11-09T21:19:08.470+0000] {processor.py:208} INFO - Processing /home/airflow/.local/lib/python3.12/site-packages/airflow/example_dags/tutorial_taskflow_api_virtualenv.py took 0.435 seconds
[2025-11-09T21:19:39.769+0000] {processor.py:186} INFO - Started process (PID=1535) to work on /home/airflow/.local/lib/python3.12/site-packages/airflow/example_dags/tutorial_taskflow_api_virtualenv.py
[2025-11-09T21:19:39.771+0000] {processor.py:914} INFO - Processing file /home/airflow/.local/lib/python3.12/site-packages/airflow/example_dags/tutorial_taskflow_api_virtualenv.py for tasks to queue
[2025-11-09T21:19:39.780+0000] {logging_mixin.py:190} INFO - [2025-11-09T21:19:39.779+0000] {dagbag.py:588} INFO - Filling up the DagBag from /home/airflow/.local/lib/python3.12/site-packages/airflow/example_dags/tutorial_taskflow_api_virtualenv.py
[2025-11-09T21:19:39.829+0000] {processor.py:925} INFO - DAG(s) 'tutorial_taskflow_api_virtualenv' retrieved from /home/airflow/.local/lib/python3.12/site-packages/airflow/example_dags/tutorial_taskflow_api_virtualenv.py
[2025-11-09T21:19:39.905+0000] {logging_mixin.py:190} INFO - [2025-11-09T21:19:39.904+0000] {dag.py:3239} INFO - Sync 1 DAGs
[2025-11-09T21:19:39.957+0000] {logging_mixin.py:190} INFO - [2025-11-09T21:19:39.957+0000] {dag.py:4180} INFO - Setting next_dagrun for tutorial_taskflow_api_virtualenv to None, run_after=None
[2025-11-09T21:19:40.017+0000] {processor.py:208} INFO - Processing /home/airflow/.local/lib/python3.12/site-packages/airflow/example_dags/tutorial_taskflow_api_virtualenv.py took 0.272 seconds
[2025-11-09T21:20:10.782+0000] {processor.py:186} INFO - Started process (PID=1599) to work on /home/airflow/.local/lib/python3.12/site-packages/airflow/example_dags/tutorial_taskflow_api_virtualenv.py
[2025-11-09T21:20:10.784+0000] {processor.py:914} INFO - Processing file /home/airflow/.local/lib/python3.12/site-packages/airflow/example_dags/tutorial_taskflow_api_virtualenv.py for tasks to queue
[2025-11-09T21:20:10.791+0000] {logging_mixin.py:190} INFO - [2025-11-09T21:20:10.790+0000] {dagbag.py:588} INFO - Filling up the DagBag from /home/airflow/.local/lib/python3.12/site-packages/airflow/example_dags/tutorial_taskflow_api_virtualenv.py
[2025-11-09T21:20:10.821+0000] {processor.py:925} INFO - DAG(s) 'tutorial_taskflow_api_virtualenv' retrieved from /home/airflow/.local/lib/python3.12/site-packages/airflow/example_dags/tutorial_taskflow_api_virtualenv.py
[2025-11-09T21:20:10.873+0000] {logging_mixin.py:190} INFO - [2025-11-09T21:20:10.873+0000] {dag.py:3239} INFO - Sync 1 DAGs
[2025-11-09T21:20:10.915+0000] {logging_mixin.py:190} INFO - [2025-11-09T21:20:10.915+0000] {dag.py:4180} INFO - Setting next_dagrun for tutorial_taskflow_api_virtualenv to None, run_after=None
[2025-11-09T21:20:10.963+0000] {processor.py:208} INFO - Processing /home/airflow/.local/lib/python3.12/site-packages/airflow/example_dags/tutorial_taskflow_api_virtualenv.py took 0.201 seconds
[2025-11-09T21:20:41.326+0000] {processor.py:186} INFO - Started process (PID=1662) to work on /home/airflow/.local/lib/python3.12/site-packages/airflow/example_dags/tutorial_taskflow_api_virtualenv.py
[2025-11-09T21:20:41.328+0000] {processor.py:914} INFO - Processing file /home/airflow/.local/lib/python3.12/site-packages/airflow/example_dags/tutorial_taskflow_api_virtualenv.py for tasks to queue
[2025-11-09T21:20:41.334+0000] {logging_mixin.py:190} INFO - [2025-11-09T21:20:41.333+0000] {dagbag.py:588} INFO - Filling up the DagBag from /home/airflow/.local/lib/python3.12/site-packages/airflow/example_dags/tutorial_taskflow_api_virtualenv.py
[2025-11-09T21:20:41.358+0000] {processor.py:925} INFO - DAG(s) 'tutorial_taskflow_api_virtualenv' retrieved from /home/airflow/.local/lib/python3.12/site-packages/airflow/example_dags/tutorial_taskflow_api_virtualenv.py
[2025-11-09T21:20:41.404+0000] {logging_mixin.py:190} INFO - [2025-11-09T21:20:41.403+0000] {dag.py:3239} INFO - Sync 1 DAGs
[2025-11-09T21:20:41.440+0000] {logging_mixin.py:190} INFO - [2025-11-09T21:20:41.440+0000] {dag.py:4180} INFO - Setting next_dagrun for tutorial_taskflow_api_virtualenv to None, run_after=None
[2025-11-09T21:20:41.478+0000] {processor.py:208} INFO - Processing /home/airflow/.local/lib/python3.12/site-packages/airflow/example_dags/tutorial_taskflow_api_virtualenv.py took 0.163 seconds
[2025-11-09T21:21:19.179+0000] {processor.py:186} INFO - Started process (PID=1727) to work on /home/airflow/.local/lib/python3.12/site-packages/airflow/example_dags/tutorial_taskflow_api_virtualenv.py
[2025-11-09T21:21:19.184+0000] {processor.py:914} INFO - Processing file /home/airflow/.local/lib/python3.12/site-packages/airflow/example_dags/tutorial_taskflow_api_virtualenv.py for tasks to queue
[2025-11-09T21:21:19.193+0000] {logging_mixin.py:190} INFO - [2025-11-09T21:21:19.192+0000] {dagbag.py:588} INFO - Filling up the DagBag from /home/airflow/.local/lib/python3.12/site-packages/airflow/example_dags/tutorial_taskflow_api_virtualenv.py
[2025-11-09T21:21:19.243+0000] {processor.py:925} INFO - DAG(s) 'tutorial_taskflow_api_virtualenv' retrieved from /home/airflow/.local/lib/python3.12/site-packages/airflow/example_dags/tutorial_taskflow_api_virtualenv.py
[2025-11-09T21:21:19.309+0000] {logging_mixin.py:190} INFO - [2025-11-09T21:21:19.308+0000] {dag.py:3239} INFO - Sync 1 DAGs
[2025-11-09T21:21:19.357+0000] {logging_mixin.py:190} INFO - [2025-11-09T21:21:19.356+0000] {dag.py:4180} INFO - Setting next_dagrun for tutorial_taskflow_api_virtualenv to None, run_after=None
[2025-11-09T21:21:19.414+0000] {processor.py:208} INFO - Processing /home/airflow/.local/lib/python3.12/site-packages/airflow/example_dags/tutorial_taskflow_api_virtualenv.py took 0.256 seconds
[2025-11-09T21:21:49.722+0000] {processor.py:186} INFO - Started process (PID=1791) to work on /home/airflow/.local/lib/python3.12/site-packages/airflow/example_dags/tutorial_taskflow_api_virtualenv.py
[2025-11-09T21:21:49.724+0000] {processor.py:914} INFO - Processing file /home/airflow/.local/lib/python3.12/site-packages/airflow/example_dags/tutorial_taskflow_api_virtualenv.py for tasks to queue
[2025-11-09T21:21:49.731+0000] {logging_mixin.py:190} INFO - [2025-11-09T21:21:49.730+0000] {dagbag.py:588} INFO - Filling up the DagBag from /home/airflow/.local/lib/python3.12/site-packages/airflow/example_dags/tutorial_taskflow_api_virtualenv.py
[2025-11-09T21:21:49.753+0000] {processor.py:925} INFO - DAG(s) 'tutorial_taskflow_api_virtualenv' retrieved from /home/airflow/.local/lib/python3.12/site-packages/airflow/example_dags/tutorial_taskflow_api_virtualenv.py
[2025-11-09T21:21:49.791+0000] {logging_mixin.py:190} INFO - [2025-11-09T21:21:49.791+0000] {dag.py:3239} INFO - Sync 1 DAGs
[2025-11-09T21:21:49.814+0000] {logging_mixin.py:190} INFO - [2025-11-09T21:21:49.814+0000] {dag.py:4180} INFO - Setting next_dagrun for tutorial_taskflow_api_virtualenv to None, run_after=None
[2025-11-09T21:21:49.850+0000] {processor.py:208} INFO - Processing /home/airflow/.local/lib/python3.12/site-packages/airflow/example_dags/tutorial_taskflow_api_virtualenv.py took 0.141 seconds
[2025-11-09T21:22:20.467+0000] {processor.py:186} INFO - Started process (PID=1856) to work on /home/airflow/.local/lib/python3.12/site-packages/airflow/example_dags/tutorial_taskflow_api_virtualenv.py
[2025-11-09T21:22:20.471+0000] {processor.py:914} INFO - Processing file /home/airflow/.local/lib/python3.12/site-packages/airflow/example_dags/tutorial_taskflow_api_virtualenv.py for tasks to queue
[2025-11-09T21:22:20.479+0000] {logging_mixin.py:190} INFO - [2025-11-09T21:22:20.478+0000] {dagbag.py:588} INFO - Filling up the DagBag from /home/airflow/.local/lib/python3.12/site-packages/airflow/example_dags/tutorial_taskflow_api_virtualenv.py
[2025-11-09T21:22:20.515+0000] {processor.py:925} INFO - DAG(s) 'tutorial_taskflow_api_virtualenv' retrieved from /home/airflow/.local/lib/python3.12/site-packages/airflow/example_dags/tutorial_taskflow_api_virtualenv.py
[2025-11-09T21:22:20.568+0000] {logging_mixin.py:190} INFO - [2025-11-09T21:22:20.567+0000] {dag.py:3239} INFO - Sync 1 DAGs
[2025-11-09T21:22:20.601+0000] {logging_mixin.py:190} INFO - [2025-11-09T21:22:20.601+0000] {dag.py:4180} INFO - Setting next_dagrun for tutorial_taskflow_api_virtualenv to None, run_after=None
[2025-11-09T21:22:20.635+0000] {processor.py:208} INFO - Processing /home/airflow/.local/lib/python3.12/site-packages/airflow/example_dags/tutorial_taskflow_api_virtualenv.py took 0.183 seconds
[2025-11-09T21:22:50.869+0000] {processor.py:186} INFO - Started process (PID=1925) to work on /home/airflow/.local/lib/python3.12/site-packages/airflow/example_dags/tutorial_taskflow_api_virtualenv.py
[2025-11-09T21:22:50.873+0000] {processor.py:914} INFO - Processing file /home/airflow/.local/lib/python3.12/site-packages/airflow/example_dags/tutorial_taskflow_api_virtualenv.py for tasks to queue
[2025-11-09T21:22:50.882+0000] {logging_mixin.py:190} INFO - [2025-11-09T21:22:50.881+0000] {dagbag.py:588} INFO - Filling up the DagBag from /home/airflow/.local/lib/python3.12/site-packages/airflow/example_dags/tutorial_taskflow_api_virtualenv.py
[2025-11-09T21:22:50.928+0000] {processor.py:925} INFO - DAG(s) 'tutorial_taskflow_api_virtualenv' retrieved from /home/airflow/.local/lib/python3.12/site-packages/airflow/example_dags/tutorial_taskflow_api_virtualenv.py
[2025-11-09T21:22:50.990+0000] {logging_mixin.py:190} INFO - [2025-11-09T21:22:50.989+0000] {dag.py:3239} INFO - Sync 1 DAGs
[2025-11-09T21:22:51.040+0000] {logging_mixin.py:190} INFO - [2025-11-09T21:22:51.040+0000] {dag.py:4180} INFO - Setting next_dagrun for tutorial_taskflow_api_virtualenv to None, run_after=None
[2025-11-09T21:22:51.089+0000] {processor.py:208} INFO - Processing /home/airflow/.local/lib/python3.12/site-packages/airflow/example_dags/tutorial_taskflow_api_virtualenv.py took 0.248 seconds
[2025-11-09T21:23:21.205+0000] {processor.py:186} INFO - Started process (PID=1988) to work on /home/airflow/.local/lib/python3.12/site-packages/airflow/example_dags/tutorial_taskflow_api_virtualenv.py
[2025-11-09T21:23:21.207+0000] {processor.py:914} INFO - Processing file /home/airflow/.local/lib/python3.12/site-packages/airflow/example_dags/tutorial_taskflow_api_virtualenv.py for tasks to queue
[2025-11-09T21:23:21.215+0000] {logging_mixin.py:190} INFO - [2025-11-09T21:23:21.214+0000] {dagbag.py:588} INFO - Filling up the DagBag from /home/airflow/.local/lib/python3.12/site-packages/airflow/example_dags/tutorial_taskflow_api_virtualenv.py
[2025-11-09T21:23:21.235+0000] {processor.py:925} INFO - DAG(s) 'tutorial_taskflow_api_virtualenv' retrieved from /home/airflow/.local/lib/python3.12/site-packages/airflow/example_dags/tutorial_taskflow_api_virtualenv.py
[2025-11-09T21:23:21.273+0000] {logging_mixin.py:190} INFO - [2025-11-09T21:23:21.273+0000] {dag.py:3239} INFO - Sync 1 DAGs
[2025-11-09T21:23:21.298+0000] {logging_mixin.py:190} INFO - [2025-11-09T21:23:21.298+0000] {dag.py:4180} INFO - Setting next_dagrun for tutorial_taskflow_api_virtualenv to None, run_after=None
[2025-11-09T21:23:21.328+0000] {processor.py:208} INFO - Processing /home/airflow/.local/lib/python3.12/site-packages/airflow/example_dags/tutorial_taskflow_api_virtualenv.py took 0.133 seconds
[2025-11-09T21:23:51.893+0000] {processor.py:186} INFO - Started process (PID=2052) to work on /home/airflow/.local/lib/python3.12/site-packages/airflow/example_dags/tutorial_taskflow_api_virtualenv.py
[2025-11-09T21:23:51.896+0000] {processor.py:914} INFO - Processing file /home/airflow/.local/lib/python3.12/site-packages/airflow/example_dags/tutorial_taskflow_api_virtualenv.py for tasks to queue
[2025-11-09T21:23:51.904+0000] {logging_mixin.py:190} INFO - [2025-11-09T21:23:51.903+0000] {dagbag.py:588} INFO - Filling up the DagBag from /home/airflow/.local/lib/python3.12/site-packages/airflow/example_dags/tutorial_taskflow_api_virtualenv.py
[2025-11-09T21:23:51.945+0000] {processor.py:925} INFO - DAG(s) 'tutorial_taskflow_api_virtualenv' retrieved from /home/airflow/.local/lib/python3.12/site-packages/airflow/example_dags/tutorial_taskflow_api_virtualenv.py
[2025-11-09T21:23:51.999+0000] {logging_mixin.py:190} INFO - [2025-11-09T21:23:51.999+0000] {dag.py:3239} INFO - Sync 1 DAGs
[2025-11-09T21:23:52.036+0000] {logging_mixin.py:190} INFO - [2025-11-09T21:23:52.036+0000] {dag.py:4180} INFO - Setting next_dagrun for tutorial_taskflow_api_virtualenv to None, run_after=None
[2025-11-09T21:23:52.089+0000] {processor.py:208} INFO - Processing /home/airflow/.local/lib/python3.12/site-packages/airflow/example_dags/tutorial_taskflow_api_virtualenv.py took 0.219 seconds
[2025-11-09T21:24:22.478+0000] {processor.py:186} INFO - Started process (PID=2116) to work on /home/airflow/.local/lib/python3.12/site-packages/airflow/example_dags/tutorial_taskflow_api_virtualenv.py
[2025-11-09T21:24:22.480+0000] {processor.py:914} INFO - Processing file /home/airflow/.local/lib/python3.12/site-packages/airflow/example_dags/tutorial_taskflow_api_virtualenv.py for tasks to queue
[2025-11-09T21:24:22.485+0000] {logging_mixin.py:190} INFO - [2025-11-09T21:24:22.484+0000] {dagbag.py:588} INFO - Filling up the DagBag from /home/airflow/.local/lib/python3.12/site-packages/airflow/example_dags/tutorial_taskflow_api_virtualenv.py
[2025-11-09T21:24:22.509+0000] {processor.py:925} INFO - DAG(s) 'tutorial_taskflow_api_virtualenv' retrieved from /home/airflow/.local/lib/python3.12/site-packages/airflow/example_dags/tutorial_taskflow_api_virtualenv.py
[2025-11-09T21:24:22.546+0000] {logging_mixin.py:190} INFO - [2025-11-09T21:24:22.546+0000] {dag.py:3239} INFO - Sync 1 DAGs
[2025-11-09T21:24:22.572+0000] {logging_mixin.py:190} INFO - [2025-11-09T21:24:22.572+0000] {dag.py:4180} INFO - Setting next_dagrun for tutorial_taskflow_api_virtualenv to None, run_after=None
[2025-11-09T21:24:22.604+0000] {processor.py:208} INFO - Processing /home/airflow/.local/lib/python3.12/site-packages/airflow/example_dags/tutorial_taskflow_api_virtualenv.py took 0.137 seconds
[2025-11-09T21:24:53.387+0000] {processor.py:186} INFO - Started process (PID=2180) to work on /home/airflow/.local/lib/python3.12/site-packages/airflow/example_dags/tutorial_taskflow_api_virtualenv.py
[2025-11-09T21:24:53.390+0000] {processor.py:914} INFO - Processing file /home/airflow/.local/lib/python3.12/site-packages/airflow/example_dags/tutorial_taskflow_api_virtualenv.py for tasks to queue
[2025-11-09T21:24:53.396+0000] {logging_mixin.py:190} INFO - [2025-11-09T21:24:53.395+0000] {dagbag.py:588} INFO - Filling up the DagBag from /home/airflow/.local/lib/python3.12/site-packages/airflow/example_dags/tutorial_taskflow_api_virtualenv.py
[2025-11-09T21:24:53.431+0000] {processor.py:925} INFO - DAG(s) 'tutorial_taskflow_api_virtualenv' retrieved from /home/airflow/.local/lib/python3.12/site-packages/airflow/example_dags/tutorial_taskflow_api_virtualenv.py
[2025-11-09T21:24:53.478+0000] {logging_mixin.py:190} INFO - [2025-11-09T21:24:53.477+0000] {dag.py:3239} INFO - Sync 1 DAGs
[2025-11-09T21:24:53.512+0000] {logging_mixin.py:190} INFO - [2025-11-09T21:24:53.511+0000] {dag.py:4180} INFO - Setting next_dagrun for tutorial_taskflow_api_virtualenv to None, run_after=None
[2025-11-09T21:24:53.560+0000] {processor.py:208} INFO - Processing /home/airflow/.local/lib/python3.12/site-packages/airflow/example_dags/tutorial_taskflow_api_virtualenv.py took 0.188 seconds
[2025-11-09T21:25:23.958+0000] {processor.py:186} INFO - Started process (PID=2244) to work on /home/airflow/.local/lib/python3.12/site-packages/airflow/example_dags/tutorial_taskflow_api_virtualenv.py
[2025-11-09T21:25:23.961+0000] {processor.py:914} INFO - Processing file /home/airflow/.local/lib/python3.12/site-packages/airflow/example_dags/tutorial_taskflow_api_virtualenv.py for tasks to queue
[2025-11-09T21:25:23.969+0000] {logging_mixin.py:190} INFO - [2025-11-09T21:25:23.968+0000] {dagbag.py:588} INFO - Filling up the DagBag from /home/airflow/.local/lib/python3.12/site-packages/airflow/example_dags/tutorial_taskflow_api_virtualenv.py
[2025-11-09T21:25:24.017+0000] {processor.py:925} INFO - DAG(s) 'tutorial_taskflow_api_virtualenv' retrieved from /home/airflow/.local/lib/python3.12/site-packages/airflow/example_dags/tutorial_taskflow_api_virtualenv.py
[2025-11-09T21:25:24.089+0000] {logging_mixin.py:190} INFO - [2025-11-09T21:25:24.088+0000] {dag.py:3239} INFO - Sync 1 DAGs
[2025-11-09T21:25:24.136+0000] {logging_mixin.py:190} INFO - [2025-11-09T21:25:24.135+0000] {dag.py:4180} INFO - Setting next_dagrun for tutorial_taskflow_api_virtualenv to None, run_after=None
[2025-11-09T21:25:24.195+0000] {processor.py:208} INFO - Processing /home/airflow/.local/lib/python3.12/site-packages/airflow/example_dags/tutorial_taskflow_api_virtualenv.py took 0.254 seconds
[2025-11-09T21:25:54.578+0000] {processor.py:186} INFO - Started process (PID=2308) to work on /home/airflow/.local/lib/python3.12/site-packages/airflow/example_dags/tutorial_taskflow_api_virtualenv.py
[2025-11-09T21:25:54.584+0000] {processor.py:914} INFO - Processing file /home/airflow/.local/lib/python3.12/site-packages/airflow/example_dags/tutorial_taskflow_api_virtualenv.py for tasks to queue
[2025-11-09T21:25:54.610+0000] {logging_mixin.py:190} INFO - [2025-11-09T21:25:54.607+0000] {dagbag.py:588} INFO - Filling up the DagBag from /home/airflow/.local/lib/python3.12/site-packages/airflow/example_dags/tutorial_taskflow_api_virtualenv.py
[2025-11-09T21:25:54.724+0000] {processor.py:925} INFO - DAG(s) 'tutorial_taskflow_api_virtualenv' retrieved from /home/airflow/.local/lib/python3.12/site-packages/airflow/example_dags/tutorial_taskflow_api_virtualenv.py
[2025-11-09T21:25:54.854+0000] {logging_mixin.py:190} INFO - [2025-11-09T21:25:54.853+0000] {dag.py:3239} INFO - Sync 1 DAGs
[2025-11-09T21:25:54.987+0000] {logging_mixin.py:190} INFO - [2025-11-09T21:25:54.986+0000] {dag.py:4180} INFO - Setting next_dagrun for tutorial_taskflow_api_virtualenv to None, run_after=None
[2025-11-09T21:25:55.086+0000] {processor.py:208} INFO - Processing /home/airflow/.local/lib/python3.12/site-packages/airflow/example_dags/tutorial_taskflow_api_virtualenv.py took 0.542 seconds
[2025-11-09T21:26:25.918+0000] {processor.py:186} INFO - Started process (PID=2372) to work on /home/airflow/.local/lib/python3.12/site-packages/airflow/example_dags/tutorial_taskflow_api_virtualenv.py
[2025-11-09T21:26:25.921+0000] {processor.py:914} INFO - Processing file /home/airflow/.local/lib/python3.12/site-packages/airflow/example_dags/tutorial_taskflow_api_virtualenv.py for tasks to queue
[2025-11-09T21:26:25.931+0000] {logging_mixin.py:190} INFO - [2025-11-09T21:26:25.929+0000] {dagbag.py:588} INFO - Filling up the DagBag from /home/airflow/.local/lib/python3.12/site-packages/airflow/example_dags/tutorial_taskflow_api_virtualenv.py
[2025-11-09T21:26:25.976+0000] {processor.py:925} INFO - DAG(s) 'tutorial_taskflow_api_virtualenv' retrieved from /home/airflow/.local/lib/python3.12/site-packages/airflow/example_dags/tutorial_taskflow_api_virtualenv.py
[2025-11-09T21:26:26.071+0000] {logging_mixin.py:190} INFO - [2025-11-09T21:26:26.070+0000] {dag.py:3239} INFO - Sync 1 DAGs
[2025-11-09T21:26:26.147+0000] {logging_mixin.py:190} INFO - [2025-11-09T21:26:26.146+0000] {dag.py:4180} INFO - Setting next_dagrun for tutorial_taskflow_api_virtualenv to None, run_after=None
[2025-11-09T21:26:26.217+0000] {processor.py:208} INFO - Processing /home/airflow/.local/lib/python3.12/site-packages/airflow/example_dags/tutorial_taskflow_api_virtualenv.py took 0.339 seconds
[2025-11-09T21:26:56.458+0000] {processor.py:186} INFO - Started process (PID=2437) to work on /home/airflow/.local/lib/python3.12/site-packages/airflow/example_dags/tutorial_taskflow_api_virtualenv.py
[2025-11-09T21:26:56.460+0000] {processor.py:914} INFO - Processing file /home/airflow/.local/lib/python3.12/site-packages/airflow/example_dags/tutorial_taskflow_api_virtualenv.py for tasks to queue
[2025-11-09T21:26:56.466+0000] {logging_mixin.py:190} INFO - [2025-11-09T21:26:56.465+0000] {dagbag.py:588} INFO - Filling up the DagBag from /home/airflow/.local/lib/python3.12/site-packages/airflow/example_dags/tutorial_taskflow_api_virtualenv.py
[2025-11-09T21:26:56.494+0000] {processor.py:925} INFO - DAG(s) 'tutorial_taskflow_api_virtualenv' retrieved from /home/airflow/.local/lib/python3.12/site-packages/airflow/example_dags/tutorial_taskflow_api_virtualenv.py
[2025-11-09T21:26:56.541+0000] {logging_mixin.py:190} INFO - [2025-11-09T21:26:56.541+0000] {dag.py:3239} INFO - Sync 1 DAGs
[2025-11-09T21:26:56.571+0000] {logging_mixin.py:190} INFO - [2025-11-09T21:26:56.571+0000] {dag.py:4180} INFO - Setting next_dagrun for tutorial_taskflow_api_virtualenv to None, run_after=None
[2025-11-09T21:26:56.614+0000] {processor.py:208} INFO - Processing /home/airflow/.local/lib/python3.12/site-packages/airflow/example_dags/tutorial_taskflow_api_virtualenv.py took 0.170 seconds
[2025-11-09T21:27:26.779+0000] {processor.py:186} INFO - Started process (PID=2500) to work on /home/airflow/.local/lib/python3.12/site-packages/airflow/example_dags/tutorial_taskflow_api_virtualenv.py
[2025-11-09T21:27:26.782+0000] {processor.py:914} INFO - Processing file /home/airflow/.local/lib/python3.12/site-packages/airflow/example_dags/tutorial_taskflow_api_virtualenv.py for tasks to queue
[2025-11-09T21:27:26.790+0000] {logging_mixin.py:190} INFO - [2025-11-09T21:27:26.790+0000] {dagbag.py:588} INFO - Filling up the DagBag from /home/airflow/.local/lib/python3.12/site-packages/airflow/example_dags/tutorial_taskflow_api_virtualenv.py
[2025-11-09T21:27:26.830+0000] {processor.py:925} INFO - DAG(s) 'tutorial_taskflow_api_virtualenv' retrieved from /home/airflow/.local/lib/python3.12/site-packages/airflow/example_dags/tutorial_taskflow_api_virtualenv.py
[2025-11-09T21:27:26.891+0000] {logging_mixin.py:190} INFO - [2025-11-09T21:27:26.891+0000] {dag.py:3239} INFO - Sync 1 DAGs
[2025-11-09T21:27:26.937+0000] {logging_mixin.py:190} INFO - [2025-11-09T21:27:26.936+0000] {dag.py:4180} INFO - Setting next_dagrun for tutorial_taskflow_api_virtualenv to None, run_after=None
[2025-11-09T21:27:26.996+0000] {processor.py:208} INFO - Processing /home/airflow/.local/lib/python3.12/site-packages/airflow/example_dags/tutorial_taskflow_api_virtualenv.py took 0.232 seconds
[2025-11-09T21:27:57.203+0000] {processor.py:186} INFO - Started process (PID=2565) to work on /home/airflow/.local/lib/python3.12/site-packages/airflow/example_dags/tutorial_taskflow_api_virtualenv.py
[2025-11-09T21:27:57.206+0000] {processor.py:914} INFO - Processing file /home/airflow/.local/lib/python3.12/site-packages/airflow/example_dags/tutorial_taskflow_api_virtualenv.py for tasks to queue
[2025-11-09T21:27:57.213+0000] {logging_mixin.py:190} INFO - [2025-11-09T21:27:57.211+0000] {dagbag.py:588} INFO - Filling up the DagBag from /home/airflow/.local/lib/python3.12/site-packages/airflow/example_dags/tutorial_taskflow_api_virtualenv.py
[2025-11-09T21:27:57.260+0000] {processor.py:925} INFO - DAG(s) 'tutorial_taskflow_api_virtualenv' retrieved from /home/airflow/.local/lib/python3.12/site-packages/airflow/example_dags/tutorial_taskflow_api_virtualenv.py
[2025-11-09T21:27:57.311+0000] {logging_mixin.py:190} INFO - [2025-11-09T21:27:57.310+0000] {dag.py:3239} INFO - Sync 1 DAGs
[2025-11-09T21:27:57.351+0000] {logging_mixin.py:190} INFO - [2025-11-09T21:27:57.350+0000] {dag.py:4180} INFO - Setting next_dagrun for tutorial_taskflow_api_virtualenv to None, run_after=None
[2025-11-09T21:27:57.400+0000] {processor.py:208} INFO - Processing /home/airflow/.local/lib/python3.12/site-packages/airflow/example_dags/tutorial_taskflow_api_virtualenv.py took 0.215 seconds
[2025-11-09T21:28:27.549+0000] {processor.py:186} INFO - Started process (PID=2629) to work on /home/airflow/.local/lib/python3.12/site-packages/airflow/example_dags/tutorial_taskflow_api_virtualenv.py
[2025-11-09T21:28:27.551+0000] {processor.py:914} INFO - Processing file /home/airflow/.local/lib/python3.12/site-packages/airflow/example_dags/tutorial_taskflow_api_virtualenv.py for tasks to queue
[2025-11-09T21:28:27.555+0000] {logging_mixin.py:190} INFO - [2025-11-09T21:28:27.554+0000] {dagbag.py:588} INFO - Filling up the DagBag from /home/airflow/.local/lib/python3.12/site-packages/airflow/example_dags/tutorial_taskflow_api_virtualenv.py
[2025-11-09T21:28:27.581+0000] {processor.py:925} INFO - DAG(s) 'tutorial_taskflow_api_virtualenv' retrieved from /home/airflow/.local/lib/python3.12/site-packages/airflow/example_dags/tutorial_taskflow_api_virtualenv.py
[2025-11-09T21:28:27.618+0000] {logging_mixin.py:190} INFO - [2025-11-09T21:28:27.617+0000] {dag.py:3239} INFO - Sync 1 DAGs
[2025-11-09T21:28:27.647+0000] {logging_mixin.py:190} INFO - [2025-11-09T21:28:27.647+0000] {dag.py:4180} INFO - Setting next_dagrun for tutorial_taskflow_api_virtualenv to None, run_after=None
[2025-11-09T21:28:27.679+0000] {processor.py:208} INFO - Processing /home/airflow/.local/lib/python3.12/site-packages/airflow/example_dags/tutorial_taskflow_api_virtualenv.py took 0.139 seconds
[2025-11-09T21:28:58.227+0000] {processor.py:186} INFO - Started process (PID=2694) to work on /home/airflow/.local/lib/python3.12/site-packages/airflow/example_dags/tutorial_taskflow_api_virtualenv.py
[2025-11-09T21:28:58.229+0000] {processor.py:914} INFO - Processing file /home/airflow/.local/lib/python3.12/site-packages/airflow/example_dags/tutorial_taskflow_api_virtualenv.py for tasks to queue
[2025-11-09T21:28:58.237+0000] {logging_mixin.py:190} INFO - [2025-11-09T21:28:58.234+0000] {dagbag.py:588} INFO - Filling up the DagBag from /home/airflow/.local/lib/python3.12/site-packages/airflow/example_dags/tutorial_taskflow_api_virtualenv.py
[2025-11-09T21:28:58.277+0000] {processor.py:925} INFO - DAG(s) 'tutorial_taskflow_api_virtualenv' retrieved from /home/airflow/.local/lib/python3.12/site-packages/airflow/example_dags/tutorial_taskflow_api_virtualenv.py
[2025-11-09T21:28:58.322+0000] {logging_mixin.py:190} INFO - [2025-11-09T21:28:58.322+0000] {dag.py:3239} INFO - Sync 1 DAGs
[2025-11-09T21:28:58.351+0000] {logging_mixin.py:190} INFO - [2025-11-09T21:28:58.351+0000] {dag.py:4180} INFO - Setting next_dagrun for tutorial_taskflow_api_virtualenv to None, run_after=None
[2025-11-09T21:28:58.386+0000] {processor.py:208} INFO - Processing /home/airflow/.local/lib/python3.12/site-packages/airflow/example_dags/tutorial_taskflow_api_virtualenv.py took 0.174 seconds
[2025-11-09T21:29:29.362+0000] {processor.py:186} INFO - Started process (PID=2759) to work on /home/airflow/.local/lib/python3.12/site-packages/airflow/example_dags/tutorial_taskflow_api_virtualenv.py
[2025-11-09T21:29:29.365+0000] {processor.py:914} INFO - Processing file /home/airflow/.local/lib/python3.12/site-packages/airflow/example_dags/tutorial_taskflow_api_virtualenv.py for tasks to queue
[2025-11-09T21:29:29.372+0000] {logging_mixin.py:190} INFO - [2025-11-09T21:29:29.371+0000] {dagbag.py:588} INFO - Filling up the DagBag from /home/airflow/.local/lib/python3.12/site-packages/airflow/example_dags/tutorial_taskflow_api_virtualenv.py
[2025-11-09T21:29:29.405+0000] {processor.py:925} INFO - DAG(s) 'tutorial_taskflow_api_virtualenv' retrieved from /home/airflow/.local/lib/python3.12/site-packages/airflow/example_dags/tutorial_taskflow_api_virtualenv.py
[2025-11-09T21:29:29.472+0000] {logging_mixin.py:190} INFO - [2025-11-09T21:29:29.471+0000] {dag.py:3239} INFO - Sync 1 DAGs
[2025-11-09T21:29:29.526+0000] {logging_mixin.py:190} INFO - [2025-11-09T21:29:29.526+0000] {dag.py:4180} INFO - Setting next_dagrun for tutorial_taskflow_api_virtualenv to None, run_after=None
[2025-11-09T21:29:29.614+0000] {processor.py:208} INFO - Processing /home/airflow/.local/lib/python3.12/site-packages/airflow/example_dags/tutorial_taskflow_api_virtualenv.py took 0.266 seconds
[2025-11-09T21:29:59.990+0000] {processor.py:186} INFO - Started process (PID=2822) to work on /home/airflow/.local/lib/python3.12/site-packages/airflow/example_dags/tutorial_taskflow_api_virtualenv.py
[2025-11-09T21:29:59.992+0000] {processor.py:914} INFO - Processing file /home/airflow/.local/lib/python3.12/site-packages/airflow/example_dags/tutorial_taskflow_api_virtualenv.py for tasks to queue
[2025-11-09T21:29:59.998+0000] {logging_mixin.py:190} INFO - [2025-11-09T21:29:59.996+0000] {dagbag.py:588} INFO - Filling up the DagBag from /home/airflow/.local/lib/python3.12/site-packages/airflow/example_dags/tutorial_taskflow_api_virtualenv.py
[2025-11-09T21:30:00.029+0000] {processor.py:925} INFO - DAG(s) 'tutorial_taskflow_api_virtualenv' retrieved from /home/airflow/.local/lib/python3.12/site-packages/airflow/example_dags/tutorial_taskflow_api_virtualenv.py
[2025-11-09T21:30:00.073+0000] {logging_mixin.py:190} INFO - [2025-11-09T21:30:00.073+0000] {dag.py:3239} INFO - Sync 1 DAGs
[2025-11-09T21:30:00.101+0000] {logging_mixin.py:190} INFO - [2025-11-09T21:30:00.100+0000] {dag.py:4180} INFO - Setting next_dagrun for tutorial_taskflow_api_virtualenv to None, run_after=None
[2025-11-09T21:30:00.140+0000] {processor.py:208} INFO - Processing /home/airflow/.local/lib/python3.12/site-packages/airflow/example_dags/tutorial_taskflow_api_virtualenv.py took 0.162 seconds
[2025-11-09T21:30:30.853+0000] {processor.py:186} INFO - Started process (PID=2887) to work on /home/airflow/.local/lib/python3.12/site-packages/airflow/example_dags/tutorial_taskflow_api_virtualenv.py
[2025-11-09T21:30:30.856+0000] {processor.py:914} INFO - Processing file /home/airflow/.local/lib/python3.12/site-packages/airflow/example_dags/tutorial_taskflow_api_virtualenv.py for tasks to queue
[2025-11-09T21:30:30.864+0000] {logging_mixin.py:190} INFO - [2025-11-09T21:30:30.863+0000] {dagbag.py:588} INFO - Filling up the DagBag from /home/airflow/.local/lib/python3.12/site-packages/airflow/example_dags/tutorial_taskflow_api_virtualenv.py
[2025-11-09T21:30:30.914+0000] {processor.py:925} INFO - DAG(s) 'tutorial_taskflow_api_virtualenv' retrieved from /home/airflow/.local/lib/python3.12/site-packages/airflow/example_dags/tutorial_taskflow_api_virtualenv.py
[2025-11-09T21:30:30.977+0000] {logging_mixin.py:190} INFO - [2025-11-09T21:30:30.976+0000] {dag.py:3239} INFO - Sync 1 DAGs
[2025-11-09T21:30:31.011+0000] {logging_mixin.py:190} INFO - [2025-11-09T21:30:31.011+0000] {dag.py:4180} INFO - Setting next_dagrun for tutorial_taskflow_api_virtualenv to None, run_after=None
[2025-11-09T21:30:31.054+0000] {processor.py:208} INFO - Processing /home/airflow/.local/lib/python3.12/site-packages/airflow/example_dags/tutorial_taskflow_api_virtualenv.py took 0.221 seconds
[2025-11-09T21:31:01.446+0000] {processor.py:186} INFO - Started process (PID=2951) to work on /home/airflow/.local/lib/python3.12/site-packages/airflow/example_dags/tutorial_taskflow_api_virtualenv.py
[2025-11-09T21:31:01.448+0000] {processor.py:914} INFO - Processing file /home/airflow/.local/lib/python3.12/site-packages/airflow/example_dags/tutorial_taskflow_api_virtualenv.py for tasks to queue
[2025-11-09T21:31:01.456+0000] {logging_mixin.py:190} INFO - [2025-11-09T21:31:01.455+0000] {dagbag.py:588} INFO - Filling up the DagBag from /home/airflow/.local/lib/python3.12/site-packages/airflow/example_dags/tutorial_taskflow_api_virtualenv.py
[2025-11-09T21:31:01.486+0000] {processor.py:925} INFO - DAG(s) 'tutorial_taskflow_api_virtualenv' retrieved from /home/airflow/.local/lib/python3.12/site-packages/airflow/example_dags/tutorial_taskflow_api_virtualenv.py
[2025-11-09T21:31:01.532+0000] {logging_mixin.py:190} INFO - [2025-11-09T21:31:01.531+0000] {dag.py:3239} INFO - Sync 1 DAGs
[2025-11-09T21:31:01.559+0000] {logging_mixin.py:190} INFO - [2025-11-09T21:31:01.559+0000] {dag.py:4180} INFO - Setting next_dagrun for tutorial_taskflow_api_virtualenv to None, run_after=None
[2025-11-09T21:31:01.599+0000] {processor.py:208} INFO - Processing /home/airflow/.local/lib/python3.12/site-packages/airflow/example_dags/tutorial_taskflow_api_virtualenv.py took 0.168 seconds
[2025-11-09T21:31:32.363+0000] {processor.py:186} INFO - Started process (PID=3015) to work on /home/airflow/.local/lib/python3.12/site-packages/airflow/example_dags/tutorial_taskflow_api_virtualenv.py
[2025-11-09T21:31:32.366+0000] {processor.py:914} INFO - Processing file /home/airflow/.local/lib/python3.12/site-packages/airflow/example_dags/tutorial_taskflow_api_virtualenv.py for tasks to queue
[2025-11-09T21:31:32.374+0000] {logging_mixin.py:190} INFO - [2025-11-09T21:31:32.373+0000] {dagbag.py:588} INFO - Filling up the DagBag from /home/airflow/.local/lib/python3.12/site-packages/airflow/example_dags/tutorial_taskflow_api_virtualenv.py
[2025-11-09T21:31:32.408+0000] {processor.py:925} INFO - DAG(s) 'tutorial_taskflow_api_virtualenv' retrieved from /home/airflow/.local/lib/python3.12/site-packages/airflow/example_dags/tutorial_taskflow_api_virtualenv.py
[2025-11-09T21:31:32.453+0000] {logging_mixin.py:190} INFO - [2025-11-09T21:31:32.452+0000] {dag.py:3239} INFO - Sync 1 DAGs
[2025-11-09T21:31:32.486+0000] {logging_mixin.py:190} INFO - [2025-11-09T21:31:32.485+0000] {dag.py:4180} INFO - Setting next_dagrun for tutorial_taskflow_api_virtualenv to None, run_after=None
[2025-11-09T21:31:32.525+0000] {processor.py:208} INFO - Processing /home/airflow/.local/lib/python3.12/site-packages/airflow/example_dags/tutorial_taskflow_api_virtualenv.py took 0.177 seconds
[2025-11-09T21:32:03.673+0000] {processor.py:186} INFO - Started process (PID=3079) to work on /home/airflow/.local/lib/python3.12/site-packages/airflow/example_dags/tutorial_taskflow_api_virtualenv.py
[2025-11-09T21:32:03.676+0000] {processor.py:914} INFO - Processing file /home/airflow/.local/lib/python3.12/site-packages/airflow/example_dags/tutorial_taskflow_api_virtualenv.py for tasks to queue
[2025-11-09T21:32:03.686+0000] {logging_mixin.py:190} INFO - [2025-11-09T21:32:03.685+0000] {dagbag.py:588} INFO - Filling up the DagBag from /home/airflow/.local/lib/python3.12/site-packages/airflow/example_dags/tutorial_taskflow_api_virtualenv.py
[2025-11-09T21:32:03.728+0000] {processor.py:925} INFO - DAG(s) 'tutorial_taskflow_api_virtualenv' retrieved from /home/airflow/.local/lib/python3.12/site-packages/airflow/example_dags/tutorial_taskflow_api_virtualenv.py
[2025-11-09T21:32:03.796+0000] {logging_mixin.py:190} INFO - [2025-11-09T21:32:03.796+0000] {dag.py:3239} INFO - Sync 1 DAGs
[2025-11-09T21:32:03.855+0000] {logging_mixin.py:190} INFO - [2025-11-09T21:32:03.855+0000] {dag.py:4180} INFO - Setting next_dagrun for tutorial_taskflow_api_virtualenv to None, run_after=None
[2025-11-09T21:32:03.915+0000] {processor.py:208} INFO - Processing /home/airflow/.local/lib/python3.12/site-packages/airflow/example_dags/tutorial_taskflow_api_virtualenv.py took 0.261 seconds
[2025-11-09T21:32:34.287+0000] {processor.py:186} INFO - Started process (PID=3142) to work on /home/airflow/.local/lib/python3.12/site-packages/airflow/example_dags/tutorial_taskflow_api_virtualenv.py
[2025-11-09T21:32:34.289+0000] {processor.py:914} INFO - Processing file /home/airflow/.local/lib/python3.12/site-packages/airflow/example_dags/tutorial_taskflow_api_virtualenv.py for tasks to queue
[2025-11-09T21:32:34.296+0000] {logging_mixin.py:190} INFO - [2025-11-09T21:32:34.295+0000] {dagbag.py:588} INFO - Filling up the DagBag from /home/airflow/.local/lib/python3.12/site-packages/airflow/example_dags/tutorial_taskflow_api_virtualenv.py
[2025-11-09T21:32:34.323+0000] {processor.py:925} INFO - DAG(s) 'tutorial_taskflow_api_virtualenv' retrieved from /home/airflow/.local/lib/python3.12/site-packages/airflow/example_dags/tutorial_taskflow_api_virtualenv.py
[2025-11-09T21:32:34.662+0000] {logging_mixin.py:190} INFO - [2025-11-09T21:32:34.661+0000] {dag.py:3239} INFO - Sync 1 DAGs
[2025-11-09T21:32:34.684+0000] {logging_mixin.py:190} INFO - [2025-11-09T21:32:34.684+0000] {dag.py:4180} INFO - Setting next_dagrun for tutorial_taskflow_api_virtualenv to None, run_after=None
[2025-11-09T21:32:34.714+0000] {processor.py:208} INFO - Processing /home/airflow/.local/lib/python3.12/site-packages/airflow/example_dags/tutorial_taskflow_api_virtualenv.py took 0.440 seconds
[2025-11-09T21:33:05.742+0000] {processor.py:186} INFO - Started process (PID=3207) to work on /home/airflow/.local/lib/python3.12/site-packages/airflow/example_dags/tutorial_taskflow_api_virtualenv.py
[2025-11-09T21:33:05.744+0000] {processor.py:914} INFO - Processing file /home/airflow/.local/lib/python3.12/site-packages/airflow/example_dags/tutorial_taskflow_api_virtualenv.py for tasks to queue
[2025-11-09T21:33:05.750+0000] {logging_mixin.py:190} INFO - [2025-11-09T21:33:05.750+0000] {dagbag.py:588} INFO - Filling up the DagBag from /home/airflow/.local/lib/python3.12/site-packages/airflow/example_dags/tutorial_taskflow_api_virtualenv.py
[2025-11-09T21:33:05.790+0000] {processor.py:925} INFO - DAG(s) 'tutorial_taskflow_api_virtualenv' retrieved from /home/airflow/.local/lib/python3.12/site-packages/airflow/example_dags/tutorial_taskflow_api_virtualenv.py
[2025-11-09T21:33:05.843+0000] {logging_mixin.py:190} INFO - [2025-11-09T21:33:05.843+0000] {dag.py:3239} INFO - Sync 1 DAGs
[2025-11-09T21:33:05.878+0000] {logging_mixin.py:190} INFO - [2025-11-09T21:33:05.877+0000] {dag.py:4180} INFO - Setting next_dagrun for tutorial_taskflow_api_virtualenv to None, run_after=None
[2025-11-09T21:33:05.923+0000] {processor.py:208} INFO - Processing /home/airflow/.local/lib/python3.12/site-packages/airflow/example_dags/tutorial_taskflow_api_virtualenv.py took 0.197 seconds
[2025-11-09T21:33:36.208+0000] {processor.py:186} INFO - Started process (PID=3271) to work on /home/airflow/.local/lib/python3.12/site-packages/airflow/example_dags/tutorial_taskflow_api_virtualenv.py
[2025-11-09T21:33:36.211+0000] {processor.py:914} INFO - Processing file /home/airflow/.local/lib/python3.12/site-packages/airflow/example_dags/tutorial_taskflow_api_virtualenv.py for tasks to queue
[2025-11-09T21:33:36.218+0000] {logging_mixin.py:190} INFO - [2025-11-09T21:33:36.217+0000] {dagbag.py:588} INFO - Filling up the DagBag from /home/airflow/.local/lib/python3.12/site-packages/airflow/example_dags/tutorial_taskflow_api_virtualenv.py
[2025-11-09T21:33:36.264+0000] {processor.py:925} INFO - DAG(s) 'tutorial_taskflow_api_virtualenv' retrieved from /home/airflow/.local/lib/python3.12/site-packages/airflow/example_dags/tutorial_taskflow_api_virtualenv.py
[2025-11-09T21:33:36.341+0000] {logging_mixin.py:190} INFO - [2025-11-09T21:33:36.340+0000] {dag.py:3239} INFO - Sync 1 DAGs
[2025-11-09T21:33:36.393+0000] {logging_mixin.py:190} INFO - [2025-11-09T21:33:36.392+0000] {dag.py:4180} INFO - Setting next_dagrun for tutorial_taskflow_api_virtualenv to None, run_after=None
[2025-11-09T21:33:36.448+0000] {processor.py:208} INFO - Processing /home/airflow/.local/lib/python3.12/site-packages/airflow/example_dags/tutorial_taskflow_api_virtualenv.py took 0.256 seconds
[2025-11-09T21:34:07.273+0000] {processor.py:186} INFO - Started process (PID=3334) to work on /home/airflow/.local/lib/python3.12/site-packages/airflow/example_dags/tutorial_taskflow_api_virtualenv.py
[2025-11-09T21:34:07.276+0000] {processor.py:914} INFO - Processing file /home/airflow/.local/lib/python3.12/site-packages/airflow/example_dags/tutorial_taskflow_api_virtualenv.py for tasks to queue
[2025-11-09T21:34:07.283+0000] {logging_mixin.py:190} INFO - [2025-11-09T21:34:07.282+0000] {dagbag.py:588} INFO - Filling up the DagBag from /home/airflow/.local/lib/python3.12/site-packages/airflow/example_dags/tutorial_taskflow_api_virtualenv.py
[2025-11-09T21:34:07.313+0000] {processor.py:925} INFO - DAG(s) 'tutorial_taskflow_api_virtualenv' retrieved from /home/airflow/.local/lib/python3.12/site-packages/airflow/example_dags/tutorial_taskflow_api_virtualenv.py
[2025-11-09T21:34:07.366+0000] {logging_mixin.py:190} INFO - [2025-11-09T21:34:07.365+0000] {dag.py:3239} INFO - Sync 1 DAGs
[2025-11-09T21:34:07.400+0000] {logging_mixin.py:190} INFO - [2025-11-09T21:34:07.400+0000] {dag.py:4180} INFO - Setting next_dagrun for tutorial_taskflow_api_virtualenv to None, run_after=None
[2025-11-09T21:34:07.439+0000] {processor.py:208} INFO - Processing /home/airflow/.local/lib/python3.12/site-packages/airflow/example_dags/tutorial_taskflow_api_virtualenv.py took 0.183 seconds
[2025-11-09T21:34:37.863+0000] {processor.py:186} INFO - Started process (PID=3397) to work on /home/airflow/.local/lib/python3.12/site-packages/airflow/example_dags/tutorial_taskflow_api_virtualenv.py
[2025-11-09T21:34:37.865+0000] {processor.py:914} INFO - Processing file /home/airflow/.local/lib/python3.12/site-packages/airflow/example_dags/tutorial_taskflow_api_virtualenv.py for tasks to queue
[2025-11-09T21:34:37.871+0000] {logging_mixin.py:190} INFO - [2025-11-09T21:34:37.871+0000] {dagbag.py:588} INFO - Filling up the DagBag from /home/airflow/.local/lib/python3.12/site-packages/airflow/example_dags/tutorial_taskflow_api_virtualenv.py
[2025-11-09T21:34:37.903+0000] {processor.py:925} INFO - DAG(s) 'tutorial_taskflow_api_virtualenv' retrieved from /home/airflow/.local/lib/python3.12/site-packages/airflow/example_dags/tutorial_taskflow_api_virtualenv.py
[2025-11-09T21:34:37.956+0000] {logging_mixin.py:190} INFO - [2025-11-09T21:34:37.956+0000] {dag.py:3239} INFO - Sync 1 DAGs
[2025-11-09T21:34:38.004+0000] {logging_mixin.py:190} INFO - [2025-11-09T21:34:38.003+0000] {dag.py:4180} INFO - Setting next_dagrun for tutorial_taskflow_api_virtualenv to None, run_after=None
[2025-11-09T21:34:38.048+0000] {processor.py:208} INFO - Processing /home/airflow/.local/lib/python3.12/site-packages/airflow/example_dags/tutorial_taskflow_api_virtualenv.py took 0.201 seconds
[2025-11-09T21:35:08.376+0000] {processor.py:186} INFO - Started process (PID=3462) to work on /home/airflow/.local/lib/python3.12/site-packages/airflow/example_dags/tutorial_taskflow_api_virtualenv.py
[2025-11-09T21:35:08.381+0000] {processor.py:914} INFO - Processing file /home/airflow/.local/lib/python3.12/site-packages/airflow/example_dags/tutorial_taskflow_api_virtualenv.py for tasks to queue
[2025-11-09T21:35:08.393+0000] {logging_mixin.py:190} INFO - [2025-11-09T21:35:08.392+0000] {dagbag.py:588} INFO - Filling up the DagBag from /home/airflow/.local/lib/python3.12/site-packages/airflow/example_dags/tutorial_taskflow_api_virtualenv.py
[2025-11-09T21:35:08.442+0000] {processor.py:925} INFO - DAG(s) 'tutorial_taskflow_api_virtualenv' retrieved from /home/airflow/.local/lib/python3.12/site-packages/airflow/example_dags/tutorial_taskflow_api_virtualenv.py
[2025-11-09T21:35:08.513+0000] {logging_mixin.py:190} INFO - [2025-11-09T21:35:08.513+0000] {dag.py:3239} INFO - Sync 1 DAGs
[2025-11-09T21:35:08.564+0000] {logging_mixin.py:190} INFO - [2025-11-09T21:35:08.563+0000] {dag.py:4180} INFO - Setting next_dagrun for tutorial_taskflow_api_virtualenv to None, run_after=None
[2025-11-09T21:35:08.618+0000] {processor.py:208} INFO - Processing /home/airflow/.local/lib/python3.12/site-packages/airflow/example_dags/tutorial_taskflow_api_virtualenv.py took 0.270 seconds
[2025-11-09T21:35:39.721+0000] {processor.py:186} INFO - Started process (PID=3526) to work on /home/airflow/.local/lib/python3.12/site-packages/airflow/example_dags/tutorial_taskflow_api_virtualenv.py
[2025-11-09T21:35:39.725+0000] {processor.py:914} INFO - Processing file /home/airflow/.local/lib/python3.12/site-packages/airflow/example_dags/tutorial_taskflow_api_virtualenv.py for tasks to queue
[2025-11-09T21:35:39.733+0000] {logging_mixin.py:190} INFO - [2025-11-09T21:35:39.732+0000] {dagbag.py:588} INFO - Filling up the DagBag from /home/airflow/.local/lib/python3.12/site-packages/airflow/example_dags/tutorial_taskflow_api_virtualenv.py
[2025-11-09T21:35:39.779+0000] {processor.py:925} INFO - DAG(s) 'tutorial_taskflow_api_virtualenv' retrieved from /home/airflow/.local/lib/python3.12/site-packages/airflow/example_dags/tutorial_taskflow_api_virtualenv.py
[2025-11-09T21:35:39.850+0000] {logging_mixin.py:190} INFO - [2025-11-09T21:35:39.850+0000] {dag.py:3239} INFO - Sync 1 DAGs
[2025-11-09T21:35:39.895+0000] {logging_mixin.py:190} INFO - [2025-11-09T21:35:39.895+0000] {dag.py:4180} INFO - Setting next_dagrun for tutorial_taskflow_api_virtualenv to None, run_after=None
[2025-11-09T21:35:39.949+0000] {processor.py:208} INFO - Processing /home/airflow/.local/lib/python3.12/site-packages/airflow/example_dags/tutorial_taskflow_api_virtualenv.py took 0.246 seconds
[2025-11-09T21:36:10.318+0000] {processor.py:186} INFO - Started process (PID=3590) to work on /home/airflow/.local/lib/python3.12/site-packages/airflow/example_dags/tutorial_taskflow_api_virtualenv.py
[2025-11-09T21:36:10.322+0000] {processor.py:914} INFO - Processing file /home/airflow/.local/lib/python3.12/site-packages/airflow/example_dags/tutorial_taskflow_api_virtualenv.py for tasks to queue
[2025-11-09T21:36:10.331+0000] {logging_mixin.py:190} INFO - [2025-11-09T21:36:10.330+0000] {dagbag.py:588} INFO - Filling up the DagBag from /home/airflow/.local/lib/python3.12/site-packages/airflow/example_dags/tutorial_taskflow_api_virtualenv.py
[2025-11-09T21:36:10.376+0000] {processor.py:925} INFO - DAG(s) 'tutorial_taskflow_api_virtualenv' retrieved from /home/airflow/.local/lib/python3.12/site-packages/airflow/example_dags/tutorial_taskflow_api_virtualenv.py
[2025-11-09T21:36:10.448+0000] {logging_mixin.py:190} INFO - [2025-11-09T21:36:10.448+0000] {dag.py:3239} INFO - Sync 1 DAGs
[2025-11-09T21:36:10.498+0000] {logging_mixin.py:190} INFO - [2025-11-09T21:36:10.497+0000] {dag.py:4180} INFO - Setting next_dagrun for tutorial_taskflow_api_virtualenv to None, run_after=None
[2025-11-09T21:36:10.556+0000] {processor.py:208} INFO - Processing /home/airflow/.local/lib/python3.12/site-packages/airflow/example_dags/tutorial_taskflow_api_virtualenv.py took 0.264 seconds
[2025-11-09T21:36:40.724+0000] {processor.py:186} INFO - Started process (PID=3653) to work on /home/airflow/.local/lib/python3.12/site-packages/airflow/example_dags/tutorial_taskflow_api_virtualenv.py
[2025-11-09T21:36:40.727+0000] {processor.py:914} INFO - Processing file /home/airflow/.local/lib/python3.12/site-packages/airflow/example_dags/tutorial_taskflow_api_virtualenv.py for tasks to queue
[2025-11-09T21:36:40.732+0000] {logging_mixin.py:190} INFO - [2025-11-09T21:36:40.732+0000] {dagbag.py:588} INFO - Filling up the DagBag from /home/airflow/.local/lib/python3.12/site-packages/airflow/example_dags/tutorial_taskflow_api_virtualenv.py
[2025-11-09T21:36:40.762+0000] {processor.py:925} INFO - DAG(s) 'tutorial_taskflow_api_virtualenv' retrieved from /home/airflow/.local/lib/python3.12/site-packages/airflow/example_dags/tutorial_taskflow_api_virtualenv.py
[2025-11-09T21:36:40.806+0000] {logging_mixin.py:190} INFO - [2025-11-09T21:36:40.805+0000] {dag.py:3239} INFO - Sync 1 DAGs
[2025-11-09T21:36:40.836+0000] {logging_mixin.py:190} INFO - [2025-11-09T21:36:40.836+0000] {dag.py:4180} INFO - Setting next_dagrun for tutorial_taskflow_api_virtualenv to None, run_after=None
[2025-11-09T21:36:40.877+0000] {processor.py:208} INFO - Processing /home/airflow/.local/lib/python3.12/site-packages/airflow/example_dags/tutorial_taskflow_api_virtualenv.py took 0.168 seconds
[2025-11-09T21:37:12.281+0000] {processor.py:186} INFO - Started process (PID=3718) to work on /home/airflow/.local/lib/python3.12/site-packages/airflow/example_dags/tutorial_taskflow_api_virtualenv.py
[2025-11-09T21:37:12.284+0000] {processor.py:914} INFO - Processing file /home/airflow/.local/lib/python3.12/site-packages/airflow/example_dags/tutorial_taskflow_api_virtualenv.py for tasks to queue
[2025-11-09T21:37:12.294+0000] {logging_mixin.py:190} INFO - [2025-11-09T21:37:12.293+0000] {dagbag.py:588} INFO - Filling up the DagBag from /home/airflow/.local/lib/python3.12/site-packages/airflow/example_dags/tutorial_taskflow_api_virtualenv.py
[2025-11-09T21:37:12.348+0000] {processor.py:925} INFO - DAG(s) 'tutorial_taskflow_api_virtualenv' retrieved from /home/airflow/.local/lib/python3.12/site-packages/airflow/example_dags/tutorial_taskflow_api_virtualenv.py
[2025-11-09T21:37:12.441+0000] {logging_mixin.py:190} INFO - [2025-11-09T21:37:12.440+0000] {dag.py:3239} INFO - Sync 1 DAGs
[2025-11-09T21:37:12.520+0000] {logging_mixin.py:190} INFO - [2025-11-09T21:37:12.519+0000] {dag.py:4180} INFO - Setting next_dagrun for tutorial_taskflow_api_virtualenv to None, run_after=None
[2025-11-09T21:37:12.593+0000] {processor.py:208} INFO - Processing /home/airflow/.local/lib/python3.12/site-packages/airflow/example_dags/tutorial_taskflow_api_virtualenv.py took 0.340 seconds
[2025-11-09T21:37:43.180+0000] {processor.py:186} INFO - Started process (PID=3782) to work on /home/airflow/.local/lib/python3.12/site-packages/airflow/example_dags/tutorial_taskflow_api_virtualenv.py
[2025-11-09T21:37:43.184+0000] {processor.py:914} INFO - Processing file /home/airflow/.local/lib/python3.12/site-packages/airflow/example_dags/tutorial_taskflow_api_virtualenv.py for tasks to queue
[2025-11-09T21:37:43.203+0000] {logging_mixin.py:190} INFO - [2025-11-09T21:37:43.201+0000] {dagbag.py:588} INFO - Filling up the DagBag from /home/airflow/.local/lib/python3.12/site-packages/airflow/example_dags/tutorial_taskflow_api_virtualenv.py
[2025-11-09T21:37:43.268+0000] {processor.py:925} INFO - DAG(s) 'tutorial_taskflow_api_virtualenv' retrieved from /home/airflow/.local/lib/python3.12/site-packages/airflow/example_dags/tutorial_taskflow_api_virtualenv.py
[2025-11-09T21:37:43.394+0000] {logging_mixin.py:190} INFO - [2025-11-09T21:37:43.393+0000] {dag.py:3239} INFO - Sync 1 DAGs
[2025-11-09T21:37:43.469+0000] {logging_mixin.py:190} INFO - [2025-11-09T21:37:43.468+0000] {dag.py:4180} INFO - Setting next_dagrun for tutorial_taskflow_api_virtualenv to None, run_after=None
[2025-11-09T21:37:43.571+0000] {processor.py:208} INFO - Processing /home/airflow/.local/lib/python3.12/site-packages/airflow/example_dags/tutorial_taskflow_api_virtualenv.py took 0.419 seconds
[2025-11-09T21:38:14.227+0000] {processor.py:186} INFO - Started process (PID=3846) to work on /home/airflow/.local/lib/python3.12/site-packages/airflow/example_dags/tutorial_taskflow_api_virtualenv.py
[2025-11-09T21:38:14.229+0000] {processor.py:914} INFO - Processing file /home/airflow/.local/lib/python3.12/site-packages/airflow/example_dags/tutorial_taskflow_api_virtualenv.py for tasks to queue
[2025-11-09T21:38:14.237+0000] {logging_mixin.py:190} INFO - [2025-11-09T21:38:14.236+0000] {dagbag.py:588} INFO - Filling up the DagBag from /home/airflow/.local/lib/python3.12/site-packages/airflow/example_dags/tutorial_taskflow_api_virtualenv.py
[2025-11-09T21:38:14.264+0000] {processor.py:925} INFO - DAG(s) 'tutorial_taskflow_api_virtualenv' retrieved from /home/airflow/.local/lib/python3.12/site-packages/airflow/example_dags/tutorial_taskflow_api_virtualenv.py
[2025-11-09T21:38:14.303+0000] {logging_mixin.py:190} INFO - [2025-11-09T21:38:14.302+0000] {dag.py:3239} INFO - Sync 1 DAGs
[2025-11-09T21:38:14.328+0000] {logging_mixin.py:190} INFO - [2025-11-09T21:38:14.328+0000] {dag.py:4180} INFO - Setting next_dagrun for tutorial_taskflow_api_virtualenv to None, run_after=None
[2025-11-09T21:38:14.361+0000] {processor.py:208} INFO - Processing /home/airflow/.local/lib/python3.12/site-packages/airflow/example_dags/tutorial_taskflow_api_virtualenv.py took 0.143 seconds
[2025-11-09T21:38:45.328+0000] {processor.py:186} INFO - Started process (PID=3911) to work on /home/airflow/.local/lib/python3.12/site-packages/airflow/example_dags/tutorial_taskflow_api_virtualenv.py
[2025-11-09T21:38:45.330+0000] {processor.py:914} INFO - Processing file /home/airflow/.local/lib/python3.12/site-packages/airflow/example_dags/tutorial_taskflow_api_virtualenv.py for tasks to queue
[2025-11-09T21:38:45.336+0000] {logging_mixin.py:190} INFO - [2025-11-09T21:38:45.335+0000] {dagbag.py:588} INFO - Filling up the DagBag from /home/airflow/.local/lib/python3.12/site-packages/airflow/example_dags/tutorial_taskflow_api_virtualenv.py
[2025-11-09T21:38:45.361+0000] {processor.py:925} INFO - DAG(s) 'tutorial_taskflow_api_virtualenv' retrieved from /home/airflow/.local/lib/python3.12/site-packages/airflow/example_dags/tutorial_taskflow_api_virtualenv.py
[2025-11-09T21:38:45.396+0000] {logging_mixin.py:190} INFO - [2025-11-09T21:38:45.396+0000] {dag.py:3239} INFO - Sync 1 DAGs
[2025-11-09T21:38:45.420+0000] {logging_mixin.py:190} INFO - [2025-11-09T21:38:45.419+0000] {dag.py:4180} INFO - Setting next_dagrun for tutorial_taskflow_api_virtualenv to None, run_after=None
[2025-11-09T21:38:45.449+0000] {processor.py:208} INFO - Processing /home/airflow/.local/lib/python3.12/site-packages/airflow/example_dags/tutorial_taskflow_api_virtualenv.py took 0.134 seconds
[2025-11-09T21:39:16.080+0000] {processor.py:186} INFO - Started process (PID=3975) to work on /home/airflow/.local/lib/python3.12/site-packages/airflow/example_dags/tutorial_taskflow_api_virtualenv.py
[2025-11-09T21:39:16.083+0000] {processor.py:914} INFO - Processing file /home/airflow/.local/lib/python3.12/site-packages/airflow/example_dags/tutorial_taskflow_api_virtualenv.py for tasks to queue
[2025-11-09T21:39:16.090+0000] {logging_mixin.py:190} INFO - [2025-11-09T21:39:16.089+0000] {dagbag.py:588} INFO - Filling up the DagBag from /home/airflow/.local/lib/python3.12/site-packages/airflow/example_dags/tutorial_taskflow_api_virtualenv.py
[2025-11-09T21:39:16.124+0000] {processor.py:925} INFO - DAG(s) 'tutorial_taskflow_api_virtualenv' retrieved from /home/airflow/.local/lib/python3.12/site-packages/airflow/example_dags/tutorial_taskflow_api_virtualenv.py
[2025-11-09T21:39:16.169+0000] {logging_mixin.py:190} INFO - [2025-11-09T21:39:16.168+0000] {dag.py:3239} INFO - Sync 1 DAGs
[2025-11-09T21:39:16.203+0000] {logging_mixin.py:190} INFO - [2025-11-09T21:39:16.202+0000] {dag.py:4180} INFO - Setting next_dagrun for tutorial_taskflow_api_virtualenv to None, run_after=None
[2025-11-09T21:39:16.245+0000] {processor.py:208} INFO - Processing /home/airflow/.local/lib/python3.12/site-packages/airflow/example_dags/tutorial_taskflow_api_virtualenv.py took 0.180 seconds
[2025-11-09T21:39:47.130+0000] {processor.py:186} INFO - Started process (PID=4040) to work on /home/airflow/.local/lib/python3.12/site-packages/airflow/example_dags/tutorial_taskflow_api_virtualenv.py
[2025-11-09T21:39:47.132+0000] {processor.py:914} INFO - Processing file /home/airflow/.local/lib/python3.12/site-packages/airflow/example_dags/tutorial_taskflow_api_virtualenv.py for tasks to queue
[2025-11-09T21:39:47.137+0000] {logging_mixin.py:190} INFO - [2025-11-09T21:39:47.137+0000] {dagbag.py:588} INFO - Filling up the DagBag from /home/airflow/.local/lib/python3.12/site-packages/airflow/example_dags/tutorial_taskflow_api_virtualenv.py
[2025-11-09T21:39:47.171+0000] {processor.py:925} INFO - DAG(s) 'tutorial_taskflow_api_virtualenv' retrieved from /home/airflow/.local/lib/python3.12/site-packages/airflow/example_dags/tutorial_taskflow_api_virtualenv.py
[2025-11-09T21:39:47.216+0000] {logging_mixin.py:190} INFO - [2025-11-09T21:39:47.216+0000] {dag.py:3239} INFO - Sync 1 DAGs
[2025-11-09T21:39:47.259+0000] {logging_mixin.py:190} INFO - [2025-11-09T21:39:47.258+0000] {dag.py:4180} INFO - Setting next_dagrun for tutorial_taskflow_api_virtualenv to None, run_after=None
[2025-11-09T21:39:47.297+0000] {processor.py:208} INFO - Processing /home/airflow/.local/lib/python3.12/site-packages/airflow/example_dags/tutorial_taskflow_api_virtualenv.py took 0.185 seconds
[2025-11-09T21:40:18.138+0000] {processor.py:186} INFO - Started process (PID=4104) to work on /home/airflow/.local/lib/python3.12/site-packages/airflow/example_dags/tutorial_taskflow_api_virtualenv.py
[2025-11-09T21:40:18.140+0000] {processor.py:914} INFO - Processing file /home/airflow/.local/lib/python3.12/site-packages/airflow/example_dags/tutorial_taskflow_api_virtualenv.py for tasks to queue
[2025-11-09T21:40:18.144+0000] {logging_mixin.py:190} INFO - [2025-11-09T21:40:18.143+0000] {dagbag.py:588} INFO - Filling up the DagBag from /home/airflow/.local/lib/python3.12/site-packages/airflow/example_dags/tutorial_taskflow_api_virtualenv.py
[2025-11-09T21:40:18.162+0000] {processor.py:925} INFO - DAG(s) 'tutorial_taskflow_api_virtualenv' retrieved from /home/airflow/.local/lib/python3.12/site-packages/airflow/example_dags/tutorial_taskflow_api_virtualenv.py
[2025-11-09T21:40:18.196+0000] {logging_mixin.py:190} INFO - [2025-11-09T21:40:18.195+0000] {dag.py:3239} INFO - Sync 1 DAGs
[2025-11-09T21:40:18.219+0000] {logging_mixin.py:190} INFO - [2025-11-09T21:40:18.218+0000] {dag.py:4180} INFO - Setting next_dagrun for tutorial_taskflow_api_virtualenv to None, run_after=None
[2025-11-09T21:40:18.247+0000] {processor.py:208} INFO - Processing /home/airflow/.local/lib/python3.12/site-packages/airflow/example_dags/tutorial_taskflow_api_virtualenv.py took 0.119 seconds
[2025-11-09T21:40:48.732+0000] {processor.py:186} INFO - Started process (PID=4168) to work on /home/airflow/.local/lib/python3.12/site-packages/airflow/example_dags/tutorial_taskflow_api_virtualenv.py
[2025-11-09T21:40:48.735+0000] {processor.py:914} INFO - Processing file /home/airflow/.local/lib/python3.12/site-packages/airflow/example_dags/tutorial_taskflow_api_virtualenv.py for tasks to queue
[2025-11-09T21:40:48.740+0000] {logging_mixin.py:190} INFO - [2025-11-09T21:40:48.739+0000] {dagbag.py:588} INFO - Filling up the DagBag from /home/airflow/.local/lib/python3.12/site-packages/airflow/example_dags/tutorial_taskflow_api_virtualenv.py
[2025-11-09T21:40:48.773+0000] {processor.py:925} INFO - DAG(s) 'tutorial_taskflow_api_virtualenv' retrieved from /home/airflow/.local/lib/python3.12/site-packages/airflow/example_dags/tutorial_taskflow_api_virtualenv.py
[2025-11-09T21:40:48.809+0000] {logging_mixin.py:190} INFO - [2025-11-09T21:40:48.809+0000] {dag.py:3239} INFO - Sync 1 DAGs
[2025-11-09T21:40:48.835+0000] {logging_mixin.py:190} INFO - [2025-11-09T21:40:48.834+0000] {dag.py:4180} INFO - Setting next_dagrun for tutorial_taskflow_api_virtualenv to None, run_after=None
[2025-11-09T21:40:48.874+0000] {processor.py:208} INFO - Processing /home/airflow/.local/lib/python3.12/site-packages/airflow/example_dags/tutorial_taskflow_api_virtualenv.py took 0.158 seconds
[2025-11-09T21:41:19.495+0000] {processor.py:186} INFO - Started process (PID=4232) to work on /home/airflow/.local/lib/python3.12/site-packages/airflow/example_dags/tutorial_taskflow_api_virtualenv.py
[2025-11-09T21:41:19.497+0000] {processor.py:914} INFO - Processing file /home/airflow/.local/lib/python3.12/site-packages/airflow/example_dags/tutorial_taskflow_api_virtualenv.py for tasks to queue
[2025-11-09T21:41:19.503+0000] {logging_mixin.py:190} INFO - [2025-11-09T21:41:19.502+0000] {dagbag.py:588} INFO - Filling up the DagBag from /home/airflow/.local/lib/python3.12/site-packages/airflow/example_dags/tutorial_taskflow_api_virtualenv.py
[2025-11-09T21:41:19.523+0000] {processor.py:925} INFO - DAG(s) 'tutorial_taskflow_api_virtualenv' retrieved from /home/airflow/.local/lib/python3.12/site-packages/airflow/example_dags/tutorial_taskflow_api_virtualenv.py
[2025-11-09T21:41:19.562+0000] {logging_mixin.py:190} INFO - [2025-11-09T21:41:19.562+0000] {dag.py:3239} INFO - Sync 1 DAGs
[2025-11-09T21:41:19.588+0000] {logging_mixin.py:190} INFO - [2025-11-09T21:41:19.588+0000] {dag.py:4180} INFO - Setting next_dagrun for tutorial_taskflow_api_virtualenv to None, run_after=None
[2025-11-09T21:41:19.619+0000] {processor.py:208} INFO - Processing /home/airflow/.local/lib/python3.12/site-packages/airflow/example_dags/tutorial_taskflow_api_virtualenv.py took 0.135 seconds
[2025-11-09T21:41:50.276+0000] {processor.py:186} INFO - Started process (PID=4295) to work on /home/airflow/.local/lib/python3.12/site-packages/airflow/example_dags/tutorial_taskflow_api_virtualenv.py
[2025-11-09T21:41:50.278+0000] {processor.py:914} INFO - Processing file /home/airflow/.local/lib/python3.12/site-packages/airflow/example_dags/tutorial_taskflow_api_virtualenv.py for tasks to queue
[2025-11-09T21:41:50.284+0000] {logging_mixin.py:190} INFO - [2025-11-09T21:41:50.283+0000] {dagbag.py:588} INFO - Filling up the DagBag from /home/airflow/.local/lib/python3.12/site-packages/airflow/example_dags/tutorial_taskflow_api_virtualenv.py
[2025-11-09T21:41:50.315+0000] {processor.py:925} INFO - DAG(s) 'tutorial_taskflow_api_virtualenv' retrieved from /home/airflow/.local/lib/python3.12/site-packages/airflow/example_dags/tutorial_taskflow_api_virtualenv.py
[2025-11-09T21:41:50.361+0000] {logging_mixin.py:190} INFO - [2025-11-09T21:41:50.361+0000] {dag.py:3239} INFO - Sync 1 DAGs
[2025-11-09T21:41:50.393+0000] {logging_mixin.py:190} INFO - [2025-11-09T21:41:50.392+0000] {dag.py:4180} INFO - Setting next_dagrun for tutorial_taskflow_api_virtualenv to None, run_after=None
[2025-11-09T21:41:50.430+0000] {processor.py:208} INFO - Processing /home/airflow/.local/lib/python3.12/site-packages/airflow/example_dags/tutorial_taskflow_api_virtualenv.py took 0.171 seconds
[2025-11-09T21:42:20.810+0000] {processor.py:186} INFO - Started process (PID=4359) to work on /home/airflow/.local/lib/python3.12/site-packages/airflow/example_dags/tutorial_taskflow_api_virtualenv.py
[2025-11-09T21:42:20.812+0000] {processor.py:914} INFO - Processing file /home/airflow/.local/lib/python3.12/site-packages/airflow/example_dags/tutorial_taskflow_api_virtualenv.py for tasks to queue
[2025-11-09T21:42:20.817+0000] {logging_mixin.py:190} INFO - [2025-11-09T21:42:20.816+0000] {dagbag.py:588} INFO - Filling up the DagBag from /home/airflow/.local/lib/python3.12/site-packages/airflow/example_dags/tutorial_taskflow_api_virtualenv.py
[2025-11-09T21:42:20.840+0000] {processor.py:925} INFO - DAG(s) 'tutorial_taskflow_api_virtualenv' retrieved from /home/airflow/.local/lib/python3.12/site-packages/airflow/example_dags/tutorial_taskflow_api_virtualenv.py
[2025-11-09T21:42:20.873+0000] {logging_mixin.py:190} INFO - [2025-11-09T21:42:20.872+0000] {dag.py:3239} INFO - Sync 1 DAGs
[2025-11-09T21:42:20.894+0000] {logging_mixin.py:190} INFO - [2025-11-09T21:42:20.894+0000] {dag.py:4180} INFO - Setting next_dagrun for tutorial_taskflow_api_virtualenv to None, run_after=None
[2025-11-09T21:42:20.924+0000] {processor.py:208} INFO - Processing /home/airflow/.local/lib/python3.12/site-packages/airflow/example_dags/tutorial_taskflow_api_virtualenv.py took 0.123 seconds
[2025-11-09T21:42:51.287+0000] {processor.py:186} INFO - Started process (PID=4424) to work on /home/airflow/.local/lib/python3.12/site-packages/airflow/example_dags/tutorial_taskflow_api_virtualenv.py
[2025-11-09T21:42:51.289+0000] {processor.py:914} INFO - Processing file /home/airflow/.local/lib/python3.12/site-packages/airflow/example_dags/tutorial_taskflow_api_virtualenv.py for tasks to queue
[2025-11-09T21:42:51.294+0000] {logging_mixin.py:190} INFO - [2025-11-09T21:42:51.293+0000] {dagbag.py:588} INFO - Filling up the DagBag from /home/airflow/.local/lib/python3.12/site-packages/airflow/example_dags/tutorial_taskflow_api_virtualenv.py
[2025-11-09T21:42:51.318+0000] {processor.py:925} INFO - DAG(s) 'tutorial_taskflow_api_virtualenv' retrieved from /home/airflow/.local/lib/python3.12/site-packages/airflow/example_dags/tutorial_taskflow_api_virtualenv.py
[2025-11-09T21:42:51.356+0000] {logging_mixin.py:190} INFO - [2025-11-09T21:42:51.356+0000] {dag.py:3239} INFO - Sync 1 DAGs
[2025-11-09T21:42:51.383+0000] {logging_mixin.py:190} INFO - [2025-11-09T21:42:51.383+0000] {dag.py:4180} INFO - Setting next_dagrun for tutorial_taskflow_api_virtualenv to None, run_after=None
[2025-11-09T21:42:51.416+0000] {processor.py:208} INFO - Processing /home/airflow/.local/lib/python3.12/site-packages/airflow/example_dags/tutorial_taskflow_api_virtualenv.py took 0.143 seconds
[2025-11-09T21:43:21.601+0000] {processor.py:186} INFO - Started process (PID=4488) to work on /home/airflow/.local/lib/python3.12/site-packages/airflow/example_dags/tutorial_taskflow_api_virtualenv.py
[2025-11-09T21:43:21.603+0000] {processor.py:914} INFO - Processing file /home/airflow/.local/lib/python3.12/site-packages/airflow/example_dags/tutorial_taskflow_api_virtualenv.py for tasks to queue
[2025-11-09T21:43:21.607+0000] {logging_mixin.py:190} INFO - [2025-11-09T21:43:21.607+0000] {dagbag.py:588} INFO - Filling up the DagBag from /home/airflow/.local/lib/python3.12/site-packages/airflow/example_dags/tutorial_taskflow_api_virtualenv.py
[2025-11-09T21:43:21.626+0000] {processor.py:925} INFO - DAG(s) 'tutorial_taskflow_api_virtualenv' retrieved from /home/airflow/.local/lib/python3.12/site-packages/airflow/example_dags/tutorial_taskflow_api_virtualenv.py
[2025-11-09T21:43:21.660+0000] {logging_mixin.py:190} INFO - [2025-11-09T21:43:21.659+0000] {dag.py:3239} INFO - Sync 1 DAGs
[2025-11-09T21:43:21.681+0000] {logging_mixin.py:190} INFO - [2025-11-09T21:43:21.680+0000] {dag.py:4180} INFO - Setting next_dagrun for tutorial_taskflow_api_virtualenv to None, run_after=None
[2025-11-09T21:43:21.712+0000] {processor.py:208} INFO - Processing /home/airflow/.local/lib/python3.12/site-packages/airflow/example_dags/tutorial_taskflow_api_virtualenv.py took 0.120 seconds
[2025-11-09T21:43:51.837+0000] {processor.py:186} INFO - Started process (PID=4552) to work on /home/airflow/.local/lib/python3.12/site-packages/airflow/example_dags/tutorial_taskflow_api_virtualenv.py
[2025-11-09T21:43:51.839+0000] {processor.py:914} INFO - Processing file /home/airflow/.local/lib/python3.12/site-packages/airflow/example_dags/tutorial_taskflow_api_virtualenv.py for tasks to queue
[2025-11-09T21:43:51.844+0000] {logging_mixin.py:190} INFO - [2025-11-09T21:43:51.843+0000] {dagbag.py:588} INFO - Filling up the DagBag from /home/airflow/.local/lib/python3.12/site-packages/airflow/example_dags/tutorial_taskflow_api_virtualenv.py
[2025-11-09T21:43:51.865+0000] {processor.py:925} INFO - DAG(s) 'tutorial_taskflow_api_virtualenv' retrieved from /home/airflow/.local/lib/python3.12/site-packages/airflow/example_dags/tutorial_taskflow_api_virtualenv.py
[2025-11-09T21:43:51.902+0000] {logging_mixin.py:190} INFO - [2025-11-09T21:43:51.901+0000] {dag.py:3239} INFO - Sync 1 DAGs
[2025-11-09T21:43:51.928+0000] {logging_mixin.py:190} INFO - [2025-11-09T21:43:51.928+0000] {dag.py:4180} INFO - Setting next_dagrun for tutorial_taskflow_api_virtualenv to None, run_after=None
[2025-11-09T21:43:51.960+0000] {processor.py:208} INFO - Processing /home/airflow/.local/lib/python3.12/site-packages/airflow/example_dags/tutorial_taskflow_api_virtualenv.py took 0.135 seconds
[2025-11-09T21:44:22.567+0000] {processor.py:186} INFO - Started process (PID=4616) to work on /home/airflow/.local/lib/python3.12/site-packages/airflow/example_dags/tutorial_taskflow_api_virtualenv.py
[2025-11-09T21:44:22.569+0000] {processor.py:914} INFO - Processing file /home/airflow/.local/lib/python3.12/site-packages/airflow/example_dags/tutorial_taskflow_api_virtualenv.py for tasks to queue
[2025-11-09T21:44:22.574+0000] {logging_mixin.py:190} INFO - [2025-11-09T21:44:22.573+0000] {dagbag.py:588} INFO - Filling up the DagBag from /home/airflow/.local/lib/python3.12/site-packages/airflow/example_dags/tutorial_taskflow_api_virtualenv.py
[2025-11-09T21:44:22.598+0000] {processor.py:925} INFO - DAG(s) 'tutorial_taskflow_api_virtualenv' retrieved from /home/airflow/.local/lib/python3.12/site-packages/airflow/example_dags/tutorial_taskflow_api_virtualenv.py
[2025-11-09T21:44:22.635+0000] {logging_mixin.py:190} INFO - [2025-11-09T21:44:22.634+0000] {dag.py:3239} INFO - Sync 1 DAGs
[2025-11-09T21:44:22.660+0000] {logging_mixin.py:190} INFO - [2025-11-09T21:44:22.660+0000] {dag.py:4180} INFO - Setting next_dagrun for tutorial_taskflow_api_virtualenv to None, run_after=None
[2025-11-09T21:44:22.692+0000] {processor.py:208} INFO - Processing /home/airflow/.local/lib/python3.12/site-packages/airflow/example_dags/tutorial_taskflow_api_virtualenv.py took 0.138 seconds
[2025-11-09T21:44:52.818+0000] {processor.py:186} INFO - Started process (PID=4681) to work on /home/airflow/.local/lib/python3.12/site-packages/airflow/example_dags/tutorial_taskflow_api_virtualenv.py
[2025-11-09T21:44:52.824+0000] {processor.py:914} INFO - Processing file /home/airflow/.local/lib/python3.12/site-packages/airflow/example_dags/tutorial_taskflow_api_virtualenv.py for tasks to queue
[2025-11-09T21:44:52.829+0000] {logging_mixin.py:190} INFO - [2025-11-09T21:44:52.829+0000] {dagbag.py:588} INFO - Filling up the DagBag from /home/airflow/.local/lib/python3.12/site-packages/airflow/example_dags/tutorial_taskflow_api_virtualenv.py
[2025-11-09T21:44:52.853+0000] {processor.py:925} INFO - DAG(s) 'tutorial_taskflow_api_virtualenv' retrieved from /home/airflow/.local/lib/python3.12/site-packages/airflow/example_dags/tutorial_taskflow_api_virtualenv.py
[2025-11-09T21:44:52.895+0000] {logging_mixin.py:190} INFO - [2025-11-09T21:44:52.895+0000] {dag.py:3239} INFO - Sync 1 DAGs
[2025-11-09T21:44:52.927+0000] {logging_mixin.py:190} INFO - [2025-11-09T21:44:52.927+0000] {dag.py:4180} INFO - Setting next_dagrun for tutorial_taskflow_api_virtualenv to None, run_after=None
[2025-11-09T21:44:52.964+0000] {processor.py:208} INFO - Processing /home/airflow/.local/lib/python3.12/site-packages/airflow/example_dags/tutorial_taskflow_api_virtualenv.py took 0.158 seconds
[2025-11-09T21:45:23.375+0000] {processor.py:186} INFO - Started process (PID=4745) to work on /home/airflow/.local/lib/python3.12/site-packages/airflow/example_dags/tutorial_taskflow_api_virtualenv.py
[2025-11-09T21:45:23.377+0000] {processor.py:914} INFO - Processing file /home/airflow/.local/lib/python3.12/site-packages/airflow/example_dags/tutorial_taskflow_api_virtualenv.py for tasks to queue
[2025-11-09T21:45:23.382+0000] {logging_mixin.py:190} INFO - [2025-11-09T21:45:23.381+0000] {dagbag.py:588} INFO - Filling up the DagBag from /home/airflow/.local/lib/python3.12/site-packages/airflow/example_dags/tutorial_taskflow_api_virtualenv.py
[2025-11-09T21:45:23.404+0000] {processor.py:925} INFO - DAG(s) 'tutorial_taskflow_api_virtualenv' retrieved from /home/airflow/.local/lib/python3.12/site-packages/airflow/example_dags/tutorial_taskflow_api_virtualenv.py
[2025-11-09T21:45:23.443+0000] {logging_mixin.py:190} INFO - [2025-11-09T21:45:23.443+0000] {dag.py:3239} INFO - Sync 1 DAGs
[2025-11-09T21:45:23.466+0000] {logging_mixin.py:190} INFO - [2025-11-09T21:45:23.466+0000] {dag.py:4180} INFO - Setting next_dagrun for tutorial_taskflow_api_virtualenv to None, run_after=None
[2025-11-09T21:45:23.495+0000] {processor.py:208} INFO - Processing /home/airflow/.local/lib/python3.12/site-packages/airflow/example_dags/tutorial_taskflow_api_virtualenv.py took 0.133 seconds
[2025-11-09T21:45:55.748+0000] {processor.py:186} INFO - Started process (PID=4809) to work on /home/airflow/.local/lib/python3.12/site-packages/airflow/example_dags/tutorial_taskflow_api_virtualenv.py
[2025-11-09T21:45:55.751+0000] {processor.py:914} INFO - Processing file /home/airflow/.local/lib/python3.12/site-packages/airflow/example_dags/tutorial_taskflow_api_virtualenv.py for tasks to queue
[2025-11-09T21:45:55.757+0000] {logging_mixin.py:190} INFO - [2025-11-09T21:45:55.757+0000] {dagbag.py:588} INFO - Filling up the DagBag from /home/airflow/.local/lib/python3.12/site-packages/airflow/example_dags/tutorial_taskflow_api_virtualenv.py
[2025-11-09T21:45:55.784+0000] {processor.py:925} INFO - DAG(s) 'tutorial_taskflow_api_virtualenv' retrieved from /home/airflow/.local/lib/python3.12/site-packages/airflow/example_dags/tutorial_taskflow_api_virtualenv.py
[2025-11-09T21:45:55.843+0000] {logging_mixin.py:190} INFO - [2025-11-09T21:45:55.842+0000] {dag.py:3239} INFO - Sync 1 DAGs
[2025-11-09T21:45:55.887+0000] {logging_mixin.py:190} INFO - [2025-11-09T21:45:55.887+0000] {dag.py:4180} INFO - Setting next_dagrun for tutorial_taskflow_api_virtualenv to None, run_after=None
[2025-11-09T21:45:55.937+0000] {processor.py:208} INFO - Processing /home/airflow/.local/lib/python3.12/site-packages/airflow/example_dags/tutorial_taskflow_api_virtualenv.py took 0.203 seconds
[2025-11-09T21:46:26.507+0000] {processor.py:186} INFO - Started process (PID=4872) to work on /home/airflow/.local/lib/python3.12/site-packages/airflow/example_dags/tutorial_taskflow_api_virtualenv.py
[2025-11-09T21:46:26.510+0000] {processor.py:914} INFO - Processing file /home/airflow/.local/lib/python3.12/site-packages/airflow/example_dags/tutorial_taskflow_api_virtualenv.py for tasks to queue
[2025-11-09T21:46:26.515+0000] {logging_mixin.py:190} INFO - [2025-11-09T21:46:26.515+0000] {dagbag.py:588} INFO - Filling up the DagBag from /home/airflow/.local/lib/python3.12/site-packages/airflow/example_dags/tutorial_taskflow_api_virtualenv.py
[2025-11-09T21:46:26.545+0000] {processor.py:925} INFO - DAG(s) 'tutorial_taskflow_api_virtualenv' retrieved from /home/airflow/.local/lib/python3.12/site-packages/airflow/example_dags/tutorial_taskflow_api_virtualenv.py
[2025-11-09T21:46:26.588+0000] {logging_mixin.py:190} INFO - [2025-11-09T21:46:26.587+0000] {dag.py:3239} INFO - Sync 1 DAGs
[2025-11-09T21:46:26.617+0000] {logging_mixin.py:190} INFO - [2025-11-09T21:46:26.616+0000] {dag.py:4180} INFO - Setting next_dagrun for tutorial_taskflow_api_virtualenv to None, run_after=None
[2025-11-09T21:46:26.653+0000] {processor.py:208} INFO - Processing /home/airflow/.local/lib/python3.12/site-packages/airflow/example_dags/tutorial_taskflow_api_virtualenv.py took 0.163 seconds
[2025-11-09T21:46:56.754+0000] {processor.py:186} INFO - Started process (PID=4935) to work on /home/airflow/.local/lib/python3.12/site-packages/airflow/example_dags/tutorial_taskflow_api_virtualenv.py
[2025-11-09T21:46:56.757+0000] {processor.py:914} INFO - Processing file /home/airflow/.local/lib/python3.12/site-packages/airflow/example_dags/tutorial_taskflow_api_virtualenv.py for tasks to queue
[2025-11-09T21:46:56.761+0000] {logging_mixin.py:190} INFO - [2025-11-09T21:46:56.761+0000] {dagbag.py:588} INFO - Filling up the DagBag from /home/airflow/.local/lib/python3.12/site-packages/airflow/example_dags/tutorial_taskflow_api_virtualenv.py
[2025-11-09T21:46:56.785+0000] {processor.py:925} INFO - DAG(s) 'tutorial_taskflow_api_virtualenv' retrieved from /home/airflow/.local/lib/python3.12/site-packages/airflow/example_dags/tutorial_taskflow_api_virtualenv.py
[2025-11-09T21:46:56.825+0000] {logging_mixin.py:190} INFO - [2025-11-09T21:46:56.825+0000] {dag.py:3239} INFO - Sync 1 DAGs
[2025-11-09T21:46:56.860+0000] {logging_mixin.py:190} INFO - [2025-11-09T21:46:56.860+0000] {dag.py:4180} INFO - Setting next_dagrun for tutorial_taskflow_api_virtualenv to None, run_after=None
[2025-11-09T21:46:56.894+0000] {processor.py:208} INFO - Processing /home/airflow/.local/lib/python3.12/site-packages/airflow/example_dags/tutorial_taskflow_api_virtualenv.py took 0.153 seconds
[2025-11-09T21:47:28.112+0000] {processor.py:186} INFO - Started process (PID=5000) to work on /home/airflow/.local/lib/python3.12/site-packages/airflow/example_dags/tutorial_taskflow_api_virtualenv.py
[2025-11-09T21:47:28.115+0000] {processor.py:914} INFO - Processing file /home/airflow/.local/lib/python3.12/site-packages/airflow/example_dags/tutorial_taskflow_api_virtualenv.py for tasks to queue
[2025-11-09T21:47:28.123+0000] {logging_mixin.py:190} INFO - [2025-11-09T21:47:28.121+0000] {dagbag.py:588} INFO - Filling up the DagBag from /home/airflow/.local/lib/python3.12/site-packages/airflow/example_dags/tutorial_taskflow_api_virtualenv.py
[2025-11-09T21:47:28.167+0000] {processor.py:925} INFO - DAG(s) 'tutorial_taskflow_api_virtualenv' retrieved from /home/airflow/.local/lib/python3.12/site-packages/airflow/example_dags/tutorial_taskflow_api_virtualenv.py
[2025-11-09T21:47:28.232+0000] {logging_mixin.py:190} INFO - [2025-11-09T21:47:28.232+0000] {dag.py:3239} INFO - Sync 1 DAGs
[2025-11-09T21:47:28.286+0000] {logging_mixin.py:190} INFO - [2025-11-09T21:47:28.285+0000] {dag.py:4180} INFO - Setting next_dagrun for tutorial_taskflow_api_virtualenv to None, run_after=None
[2025-11-09T21:47:28.340+0000] {processor.py:208} INFO - Processing /home/airflow/.local/lib/python3.12/site-packages/airflow/example_dags/tutorial_taskflow_api_virtualenv.py took 0.246 seconds
[2025-11-09T21:47:58.601+0000] {processor.py:186} INFO - Started process (PID=5062) to work on /home/airflow/.local/lib/python3.12/site-packages/airflow/example_dags/tutorial_taskflow_api_virtualenv.py
[2025-11-09T21:47:58.603+0000] {processor.py:914} INFO - Processing file /home/airflow/.local/lib/python3.12/site-packages/airflow/example_dags/tutorial_taskflow_api_virtualenv.py for tasks to queue
[2025-11-09T21:47:58.607+0000] {logging_mixin.py:190} INFO - [2025-11-09T21:47:58.606+0000] {dagbag.py:588} INFO - Filling up the DagBag from /home/airflow/.local/lib/python3.12/site-packages/airflow/example_dags/tutorial_taskflow_api_virtualenv.py
[2025-11-09T21:47:58.633+0000] {processor.py:925} INFO - DAG(s) 'tutorial_taskflow_api_virtualenv' retrieved from /home/airflow/.local/lib/python3.12/site-packages/airflow/example_dags/tutorial_taskflow_api_virtualenv.py
[2025-11-09T21:47:58.670+0000] {logging_mixin.py:190} INFO - [2025-11-09T21:47:58.670+0000] {dag.py:3239} INFO - Sync 1 DAGs
[2025-11-09T21:47:58.693+0000] {logging_mixin.py:190} INFO - [2025-11-09T21:47:58.692+0000] {dag.py:4180} INFO - Setting next_dagrun for tutorial_taskflow_api_virtualenv to None, run_after=None
[2025-11-09T21:47:58.723+0000] {processor.py:208} INFO - Processing /home/airflow/.local/lib/python3.12/site-packages/airflow/example_dags/tutorial_taskflow_api_virtualenv.py took 0.131 seconds
[2025-11-09T21:48:28.955+0000] {processor.py:186} INFO - Started process (PID=5126) to work on /home/airflow/.local/lib/python3.12/site-packages/airflow/example_dags/tutorial_taskflow_api_virtualenv.py
[2025-11-09T21:48:28.958+0000] {processor.py:914} INFO - Processing file /home/airflow/.local/lib/python3.12/site-packages/airflow/example_dags/tutorial_taskflow_api_virtualenv.py for tasks to queue
[2025-11-09T21:48:28.965+0000] {logging_mixin.py:190} INFO - [2025-11-09T21:48:28.964+0000] {dagbag.py:588} INFO - Filling up the DagBag from /home/airflow/.local/lib/python3.12/site-packages/airflow/example_dags/tutorial_taskflow_api_virtualenv.py
[2025-11-09T21:48:28.989+0000] {processor.py:925} INFO - DAG(s) 'tutorial_taskflow_api_virtualenv' retrieved from /home/airflow/.local/lib/python3.12/site-packages/airflow/example_dags/tutorial_taskflow_api_virtualenv.py
[2025-11-09T21:48:29.029+0000] {logging_mixin.py:190} INFO - [2025-11-09T21:48:29.029+0000] {dag.py:3239} INFO - Sync 1 DAGs
[2025-11-09T21:48:29.060+0000] {logging_mixin.py:190} INFO - [2025-11-09T21:48:29.060+0000] {dag.py:4180} INFO - Setting next_dagrun for tutorial_taskflow_api_virtualenv to None, run_after=None
[2025-11-09T21:48:29.099+0000] {processor.py:208} INFO - Processing /home/airflow/.local/lib/python3.12/site-packages/airflow/example_dags/tutorial_taskflow_api_virtualenv.py took 0.157 seconds
[2025-11-09T21:48:59.447+0000] {processor.py:186} INFO - Started process (PID=5190) to work on /home/airflow/.local/lib/python3.12/site-packages/airflow/example_dags/tutorial_taskflow_api_virtualenv.py
[2025-11-09T21:48:59.449+0000] {processor.py:914} INFO - Processing file /home/airflow/.local/lib/python3.12/site-packages/airflow/example_dags/tutorial_taskflow_api_virtualenv.py for tasks to queue
[2025-11-09T21:48:59.454+0000] {logging_mixin.py:190} INFO - [2025-11-09T21:48:59.453+0000] {dagbag.py:588} INFO - Filling up the DagBag from /home/airflow/.local/lib/python3.12/site-packages/airflow/example_dags/tutorial_taskflow_api_virtualenv.py
[2025-11-09T21:48:59.479+0000] {processor.py:925} INFO - DAG(s) 'tutorial_taskflow_api_virtualenv' retrieved from /home/airflow/.local/lib/python3.12/site-packages/airflow/example_dags/tutorial_taskflow_api_virtualenv.py
[2025-11-09T21:48:59.513+0000] {logging_mixin.py:190} INFO - [2025-11-09T21:48:59.513+0000] {dag.py:3239} INFO - Sync 1 DAGs
[2025-11-09T21:48:59.536+0000] {logging_mixin.py:190} INFO - [2025-11-09T21:48:59.536+0000] {dag.py:4180} INFO - Setting next_dagrun for tutorial_taskflow_api_virtualenv to None, run_after=None
[2025-11-09T21:48:59.564+0000] {processor.py:208} INFO - Processing /home/airflow/.local/lib/python3.12/site-packages/airflow/example_dags/tutorial_taskflow_api_virtualenv.py took 0.127 seconds
[2025-11-09T21:49:29.853+0000] {processor.py:186} INFO - Started process (PID=5254) to work on /home/airflow/.local/lib/python3.12/site-packages/airflow/example_dags/tutorial_taskflow_api_virtualenv.py
[2025-11-09T21:49:29.855+0000] {processor.py:914} INFO - Processing file /home/airflow/.local/lib/python3.12/site-packages/airflow/example_dags/tutorial_taskflow_api_virtualenv.py for tasks to queue
[2025-11-09T21:49:29.860+0000] {logging_mixin.py:190} INFO - [2025-11-09T21:49:29.859+0000] {dagbag.py:588} INFO - Filling up the DagBag from /home/airflow/.local/lib/python3.12/site-packages/airflow/example_dags/tutorial_taskflow_api_virtualenv.py
[2025-11-09T21:49:29.889+0000] {processor.py:925} INFO - DAG(s) 'tutorial_taskflow_api_virtualenv' retrieved from /home/airflow/.local/lib/python3.12/site-packages/airflow/example_dags/tutorial_taskflow_api_virtualenv.py
[2025-11-09T21:49:29.935+0000] {logging_mixin.py:190} INFO - [2025-11-09T21:49:29.934+0000] {dag.py:3239} INFO - Sync 1 DAGs
[2025-11-09T21:49:29.963+0000] {logging_mixin.py:190} INFO - [2025-11-09T21:49:29.963+0000] {dag.py:4180} INFO - Setting next_dagrun for tutorial_taskflow_api_virtualenv to None, run_after=None
[2025-11-09T21:49:30.000+0000] {processor.py:208} INFO - Processing /home/airflow/.local/lib/python3.12/site-packages/airflow/example_dags/tutorial_taskflow_api_virtualenv.py took 0.158 seconds
[2025-11-09T21:50:01.857+0000] {processor.py:186} INFO - Started process (PID=5326) to work on /home/airflow/.local/lib/python3.12/site-packages/airflow/example_dags/tutorial_taskflow_api_virtualenv.py
[2025-11-09T21:50:01.860+0000] {processor.py:914} INFO - Processing file /home/airflow/.local/lib/python3.12/site-packages/airflow/example_dags/tutorial_taskflow_api_virtualenv.py for tasks to queue
[2025-11-09T21:50:01.871+0000] {logging_mixin.py:190} INFO - [2025-11-09T21:50:01.869+0000] {dagbag.py:588} INFO - Filling up the DagBag from /home/airflow/.local/lib/python3.12/site-packages/airflow/example_dags/tutorial_taskflow_api_virtualenv.py
[2025-11-09T21:50:01.909+0000] {processor.py:925} INFO - DAG(s) 'tutorial_taskflow_api_virtualenv' retrieved from /home/airflow/.local/lib/python3.12/site-packages/airflow/example_dags/tutorial_taskflow_api_virtualenv.py
[2025-11-09T21:50:01.965+0000] {logging_mixin.py:190} INFO - [2025-11-09T21:50:01.964+0000] {dag.py:3239} INFO - Sync 1 DAGs
[2025-11-09T21:50:02.000+0000] {logging_mixin.py:190} INFO - [2025-11-09T21:50:01.999+0000] {dag.py:4180} INFO - Setting next_dagrun for tutorial_taskflow_api_virtualenv to None, run_after=None
[2025-11-09T21:50:02.042+0000] {processor.py:208} INFO - Processing /home/airflow/.local/lib/python3.12/site-packages/airflow/example_dags/tutorial_taskflow_api_virtualenv.py took 0.207 seconds
[2025-11-09T21:50:33.262+0000] {processor.py:186} INFO - Started process (PID=5391) to work on /home/airflow/.local/lib/python3.12/site-packages/airflow/example_dags/tutorial_taskflow_api_virtualenv.py
[2025-11-09T21:50:33.265+0000] {processor.py:914} INFO - Processing file /home/airflow/.local/lib/python3.12/site-packages/airflow/example_dags/tutorial_taskflow_api_virtualenv.py for tasks to queue
[2025-11-09T21:50:33.271+0000] {logging_mixin.py:190} INFO - [2025-11-09T21:50:33.270+0000] {dagbag.py:588} INFO - Filling up the DagBag from /home/airflow/.local/lib/python3.12/site-packages/airflow/example_dags/tutorial_taskflow_api_virtualenv.py
[2025-11-09T21:50:33.297+0000] {processor.py:925} INFO - DAG(s) 'tutorial_taskflow_api_virtualenv' retrieved from /home/airflow/.local/lib/python3.12/site-packages/airflow/example_dags/tutorial_taskflow_api_virtualenv.py
[2025-11-09T21:50:33.340+0000] {logging_mixin.py:190} INFO - [2025-11-09T21:50:33.340+0000] {dag.py:3239} INFO - Sync 1 DAGs
[2025-11-09T21:50:33.367+0000] {logging_mixin.py:190} INFO - [2025-11-09T21:50:33.367+0000] {dag.py:4180} INFO - Setting next_dagrun for tutorial_taskflow_api_virtualenv to None, run_after=None
[2025-11-09T21:50:33.398+0000] {processor.py:208} INFO - Processing /home/airflow/.local/lib/python3.12/site-packages/airflow/example_dags/tutorial_taskflow_api_virtualenv.py took 0.147 seconds
[2025-11-09T21:51:05.477+0000] {processor.py:186} INFO - Started process (PID=5455) to work on /home/airflow/.local/lib/python3.12/site-packages/airflow/example_dags/tutorial_taskflow_api_virtualenv.py
[2025-11-09T21:51:05.479+0000] {processor.py:914} INFO - Processing file /home/airflow/.local/lib/python3.12/site-packages/airflow/example_dags/tutorial_taskflow_api_virtualenv.py for tasks to queue
[2025-11-09T21:51:05.485+0000] {logging_mixin.py:190} INFO - [2025-11-09T21:51:05.484+0000] {dagbag.py:588} INFO - Filling up the DagBag from /home/airflow/.local/lib/python3.12/site-packages/airflow/example_dags/tutorial_taskflow_api_virtualenv.py
[2025-11-09T21:51:05.514+0000] {processor.py:925} INFO - DAG(s) 'tutorial_taskflow_api_virtualenv' retrieved from /home/airflow/.local/lib/python3.12/site-packages/airflow/example_dags/tutorial_taskflow_api_virtualenv.py
[2025-11-09T21:51:05.563+0000] {logging_mixin.py:190} INFO - [2025-11-09T21:51:05.563+0000] {dag.py:3239} INFO - Sync 1 DAGs
[2025-11-09T21:51:05.594+0000] {logging_mixin.py:190} INFO - [2025-11-09T21:51:05.594+0000] {dag.py:4180} INFO - Setting next_dagrun for tutorial_taskflow_api_virtualenv to None, run_after=None
[2025-11-09T21:51:05.632+0000] {processor.py:208} INFO - Processing /home/airflow/.local/lib/python3.12/site-packages/airflow/example_dags/tutorial_taskflow_api_virtualenv.py took 0.169 seconds
[2025-11-09T21:51:36.872+0000] {processor.py:186} INFO - Started process (PID=5520) to work on /home/airflow/.local/lib/python3.12/site-packages/airflow/example_dags/tutorial_taskflow_api_virtualenv.py
[2025-11-09T21:51:36.875+0000] {processor.py:914} INFO - Processing file /home/airflow/.local/lib/python3.12/site-packages/airflow/example_dags/tutorial_taskflow_api_virtualenv.py for tasks to queue
[2025-11-09T21:51:36.881+0000] {logging_mixin.py:190} INFO - [2025-11-09T21:51:36.880+0000] {dagbag.py:588} INFO - Filling up the DagBag from /home/airflow/.local/lib/python3.12/site-packages/airflow/example_dags/tutorial_taskflow_api_virtualenv.py
[2025-11-09T21:51:36.921+0000] {processor.py:925} INFO - DAG(s) 'tutorial_taskflow_api_virtualenv' retrieved from /home/airflow/.local/lib/python3.12/site-packages/airflow/example_dags/tutorial_taskflow_api_virtualenv.py
[2025-11-09T21:51:36.977+0000] {logging_mixin.py:190} INFO - [2025-11-09T21:51:36.977+0000] {dag.py:3239} INFO - Sync 1 DAGs
[2025-11-09T21:51:37.019+0000] {logging_mixin.py:190} INFO - [2025-11-09T21:51:37.019+0000] {dag.py:4180} INFO - Setting next_dagrun for tutorial_taskflow_api_virtualenv to None, run_after=None
[2025-11-09T21:51:37.057+0000] {processor.py:208} INFO - Processing /home/airflow/.local/lib/python3.12/site-packages/airflow/example_dags/tutorial_taskflow_api_virtualenv.py took 0.200 seconds
[2025-11-09T21:52:08.477+0000] {processor.py:186} INFO - Started process (PID=5580) to work on /home/airflow/.local/lib/python3.12/site-packages/airflow/example_dags/tutorial_taskflow_api_virtualenv.py
[2025-11-09T21:52:08.479+0000] {processor.py:914} INFO - Processing file /home/airflow/.local/lib/python3.12/site-packages/airflow/example_dags/tutorial_taskflow_api_virtualenv.py for tasks to queue
[2025-11-09T21:52:08.485+0000] {logging_mixin.py:190} INFO - [2025-11-09T21:52:08.484+0000] {dagbag.py:588} INFO - Filling up the DagBag from /home/airflow/.local/lib/python3.12/site-packages/airflow/example_dags/tutorial_taskflow_api_virtualenv.py
[2025-11-09T21:52:08.511+0000] {processor.py:925} INFO - DAG(s) 'tutorial_taskflow_api_virtualenv' retrieved from /home/airflow/.local/lib/python3.12/site-packages/airflow/example_dags/tutorial_taskflow_api_virtualenv.py
[2025-11-09T21:52:08.560+0000] {logging_mixin.py:190} INFO - [2025-11-09T21:52:08.559+0000] {dag.py:3239} INFO - Sync 1 DAGs
[2025-11-09T21:52:08.595+0000] {logging_mixin.py:190} INFO - [2025-11-09T21:52:08.594+0000] {dag.py:4180} INFO - Setting next_dagrun for tutorial_taskflow_api_virtualenv to None, run_after=None
[2025-11-09T21:52:08.636+0000] {processor.py:208} INFO - Processing /home/airflow/.local/lib/python3.12/site-packages/airflow/example_dags/tutorial_taskflow_api_virtualenv.py took 0.175 seconds
[2025-11-09T21:52:39.438+0000] {processor.py:186} INFO - Started process (PID=5644) to work on /home/airflow/.local/lib/python3.12/site-packages/airflow/example_dags/tutorial_taskflow_api_virtualenv.py
[2025-11-09T21:52:39.439+0000] {processor.py:914} INFO - Processing file /home/airflow/.local/lib/python3.12/site-packages/airflow/example_dags/tutorial_taskflow_api_virtualenv.py for tasks to queue
[2025-11-09T21:52:39.445+0000] {logging_mixin.py:190} INFO - [2025-11-09T21:52:39.444+0000] {dagbag.py:588} INFO - Filling up the DagBag from /home/airflow/.local/lib/python3.12/site-packages/airflow/example_dags/tutorial_taskflow_api_virtualenv.py
[2025-11-09T21:52:39.468+0000] {processor.py:925} INFO - DAG(s) 'tutorial_taskflow_api_virtualenv' retrieved from /home/airflow/.local/lib/python3.12/site-packages/airflow/example_dags/tutorial_taskflow_api_virtualenv.py
[2025-11-09T21:52:39.505+0000] {logging_mixin.py:190} INFO - [2025-11-09T21:52:39.504+0000] {dag.py:3239} INFO - Sync 1 DAGs
[2025-11-09T21:52:39.529+0000] {logging_mixin.py:190} INFO - [2025-11-09T21:52:39.528+0000] {dag.py:4180} INFO - Setting next_dagrun for tutorial_taskflow_api_virtualenv to None, run_after=None
[2025-11-09T21:52:39.557+0000] {processor.py:208} INFO - Processing /home/airflow/.local/lib/python3.12/site-packages/airflow/example_dags/tutorial_taskflow_api_virtualenv.py took 0.130 seconds
[2025-11-09T21:53:12.535+0000] {processor.py:186} INFO - Started process (PID=5709) to work on /home/airflow/.local/lib/python3.12/site-packages/airflow/example_dags/tutorial_taskflow_api_virtualenv.py
[2025-11-09T21:53:12.537+0000] {processor.py:914} INFO - Processing file /home/airflow/.local/lib/python3.12/site-packages/airflow/example_dags/tutorial_taskflow_api_virtualenv.py for tasks to queue
[2025-11-09T21:53:12.544+0000] {logging_mixin.py:190} INFO - [2025-11-09T21:53:12.543+0000] {dagbag.py:588} INFO - Filling up the DagBag from /home/airflow/.local/lib/python3.12/site-packages/airflow/example_dags/tutorial_taskflow_api_virtualenv.py
[2025-11-09T21:53:12.590+0000] {processor.py:925} INFO - DAG(s) 'tutorial_taskflow_api_virtualenv' retrieved from /home/airflow/.local/lib/python3.12/site-packages/airflow/example_dags/tutorial_taskflow_api_virtualenv.py
[2025-11-09T21:53:12.650+0000] {logging_mixin.py:190} INFO - [2025-11-09T21:53:12.649+0000] {dag.py:3239} INFO - Sync 1 DAGs
[2025-11-09T21:53:12.695+0000] {logging_mixin.py:190} INFO - [2025-11-09T21:53:12.695+0000] {dag.py:4180} INFO - Setting next_dagrun for tutorial_taskflow_api_virtualenv to None, run_after=None
[2025-11-09T21:53:12.753+0000] {processor.py:208} INFO - Processing /home/airflow/.local/lib/python3.12/site-packages/airflow/example_dags/tutorial_taskflow_api_virtualenv.py took 0.234 seconds
[2025-11-09T21:53:44.504+0000] {processor.py:186} INFO - Started process (PID=5772) to work on /home/airflow/.local/lib/python3.12/site-packages/airflow/example_dags/tutorial_taskflow_api_virtualenv.py
[2025-11-09T21:53:44.508+0000] {processor.py:914} INFO - Processing file /home/airflow/.local/lib/python3.12/site-packages/airflow/example_dags/tutorial_taskflow_api_virtualenv.py for tasks to queue
[2025-11-09T21:53:44.519+0000] {logging_mixin.py:190} INFO - [2025-11-09T21:53:44.517+0000] {dagbag.py:588} INFO - Filling up the DagBag from /home/airflow/.local/lib/python3.12/site-packages/airflow/example_dags/tutorial_taskflow_api_virtualenv.py
[2025-11-09T21:53:44.587+0000] {processor.py:925} INFO - DAG(s) 'tutorial_taskflow_api_virtualenv' retrieved from /home/airflow/.local/lib/python3.12/site-packages/airflow/example_dags/tutorial_taskflow_api_virtualenv.py
[2025-11-09T21:53:44.709+0000] {logging_mixin.py:190} INFO - [2025-11-09T21:53:44.708+0000] {dag.py:3239} INFO - Sync 1 DAGs
[2025-11-09T21:53:44.791+0000] {logging_mixin.py:190} INFO - [2025-11-09T21:53:44.790+0000] {dag.py:4180} INFO - Setting next_dagrun for tutorial_taskflow_api_virtualenv to None, run_after=None
[2025-11-09T21:53:44.875+0000] {processor.py:208} INFO - Processing /home/airflow/.local/lib/python3.12/site-packages/airflow/example_dags/tutorial_taskflow_api_virtualenv.py took 0.402 seconds
[2025-11-09T21:54:15.098+0000] {processor.py:186} INFO - Started process (PID=5836) to work on /home/airflow/.local/lib/python3.12/site-packages/airflow/example_dags/tutorial_taskflow_api_virtualenv.py
[2025-11-09T21:54:15.100+0000] {processor.py:914} INFO - Processing file /home/airflow/.local/lib/python3.12/site-packages/airflow/example_dags/tutorial_taskflow_api_virtualenv.py for tasks to queue
[2025-11-09T21:54:15.104+0000] {logging_mixin.py:190} INFO - [2025-11-09T21:54:15.103+0000] {dagbag.py:588} INFO - Filling up the DagBag from /home/airflow/.local/lib/python3.12/site-packages/airflow/example_dags/tutorial_taskflow_api_virtualenv.py
[2025-11-09T21:54:15.122+0000] {processor.py:925} INFO - DAG(s) 'tutorial_taskflow_api_virtualenv' retrieved from /home/airflow/.local/lib/python3.12/site-packages/airflow/example_dags/tutorial_taskflow_api_virtualenv.py
[2025-11-09T21:54:15.160+0000] {logging_mixin.py:190} INFO - [2025-11-09T21:54:15.160+0000] {dag.py:3239} INFO - Sync 1 DAGs
[2025-11-09T21:54:15.187+0000] {logging_mixin.py:190} INFO - [2025-11-09T21:54:15.187+0000] {dag.py:4180} INFO - Setting next_dagrun for tutorial_taskflow_api_virtualenv to None, run_after=None
[2025-11-09T21:54:15.222+0000] {processor.py:208} INFO - Processing /home/airflow/.local/lib/python3.12/site-packages/airflow/example_dags/tutorial_taskflow_api_virtualenv.py took 0.136 seconds
[2025-11-09T21:54:45.424+0000] {processor.py:186} INFO - Started process (PID=5899) to work on /home/airflow/.local/lib/python3.12/site-packages/airflow/example_dags/tutorial_taskflow_api_virtualenv.py
[2025-11-09T21:54:45.426+0000] {processor.py:914} INFO - Processing file /home/airflow/.local/lib/python3.12/site-packages/airflow/example_dags/tutorial_taskflow_api_virtualenv.py for tasks to queue
[2025-11-09T21:54:45.432+0000] {logging_mixin.py:190} INFO - [2025-11-09T21:54:45.431+0000] {dagbag.py:588} INFO - Filling up the DagBag from /home/airflow/.local/lib/python3.12/site-packages/airflow/example_dags/tutorial_taskflow_api_virtualenv.py
[2025-11-09T21:54:45.455+0000] {processor.py:925} INFO - DAG(s) 'tutorial_taskflow_api_virtualenv' retrieved from /home/airflow/.local/lib/python3.12/site-packages/airflow/example_dags/tutorial_taskflow_api_virtualenv.py
[2025-11-09T21:54:45.493+0000] {logging_mixin.py:190} INFO - [2025-11-09T21:54:45.493+0000] {dag.py:3239} INFO - Sync 1 DAGs
[2025-11-09T21:54:45.518+0000] {logging_mixin.py:190} INFO - [2025-11-09T21:54:45.518+0000] {dag.py:4180} INFO - Setting next_dagrun for tutorial_taskflow_api_virtualenv to None, run_after=None
[2025-11-09T21:54:45.553+0000] {processor.py:208} INFO - Processing /home/airflow/.local/lib/python3.12/site-packages/airflow/example_dags/tutorial_taskflow_api_virtualenv.py took 0.139 seconds
[2025-11-09T21:55:16.077+0000] {processor.py:186} INFO - Started process (PID=5963) to work on /home/airflow/.local/lib/python3.12/site-packages/airflow/example_dags/tutorial_taskflow_api_virtualenv.py
[2025-11-09T21:55:16.080+0000] {processor.py:914} INFO - Processing file /home/airflow/.local/lib/python3.12/site-packages/airflow/example_dags/tutorial_taskflow_api_virtualenv.py for tasks to queue
[2025-11-09T21:55:16.088+0000] {logging_mixin.py:190} INFO - [2025-11-09T21:55:16.087+0000] {dagbag.py:588} INFO - Filling up the DagBag from /home/airflow/.local/lib/python3.12/site-packages/airflow/example_dags/tutorial_taskflow_api_virtualenv.py
[2025-11-09T21:55:16.132+0000] {processor.py:925} INFO - DAG(s) 'tutorial_taskflow_api_virtualenv' retrieved from /home/airflow/.local/lib/python3.12/site-packages/airflow/example_dags/tutorial_taskflow_api_virtualenv.py
[2025-11-09T21:55:16.200+0000] {logging_mixin.py:190} INFO - [2025-11-09T21:55:16.200+0000] {dag.py:3239} INFO - Sync 1 DAGs
[2025-11-09T21:55:16.249+0000] {logging_mixin.py:190} INFO - [2025-11-09T21:55:16.248+0000] {dag.py:4180} INFO - Setting next_dagrun for tutorial_taskflow_api_virtualenv to None, run_after=None
[2025-11-09T21:55:16.318+0000] {processor.py:208} INFO - Processing /home/airflow/.local/lib/python3.12/site-packages/airflow/example_dags/tutorial_taskflow_api_virtualenv.py took 0.259 seconds
[2025-11-09T21:55:47.842+0000] {processor.py:186} INFO - Started process (PID=6027) to work on /home/airflow/.local/lib/python3.12/site-packages/airflow/example_dags/tutorial_taskflow_api_virtualenv.py
[2025-11-09T21:55:47.847+0000] {processor.py:914} INFO - Processing file /home/airflow/.local/lib/python3.12/site-packages/airflow/example_dags/tutorial_taskflow_api_virtualenv.py for tasks to queue
[2025-11-09T21:55:47.859+0000] {logging_mixin.py:190} INFO - [2025-11-09T21:55:47.857+0000] {dagbag.py:588} INFO - Filling up the DagBag from /home/airflow/.local/lib/python3.12/site-packages/airflow/example_dags/tutorial_taskflow_api_virtualenv.py
[2025-11-09T21:55:47.927+0000] {processor.py:925} INFO - DAG(s) 'tutorial_taskflow_api_virtualenv' retrieved from /home/airflow/.local/lib/python3.12/site-packages/airflow/example_dags/tutorial_taskflow_api_virtualenv.py
[2025-11-09T21:55:48.026+0000] {logging_mixin.py:190} INFO - [2025-11-09T21:55:48.025+0000] {dag.py:3239} INFO - Sync 1 DAGs
[2025-11-09T21:55:48.104+0000] {logging_mixin.py:190} INFO - [2025-11-09T21:55:48.103+0000] {dag.py:4180} INFO - Setting next_dagrun for tutorial_taskflow_api_virtualenv to None, run_after=None
[2025-11-09T21:55:48.202+0000] {processor.py:208} INFO - Processing /home/airflow/.local/lib/python3.12/site-packages/airflow/example_dags/tutorial_taskflow_api_virtualenv.py took 0.388 seconds
[2025-11-09T21:56:18.341+0000] {processor.py:186} INFO - Started process (PID=6090) to work on /home/airflow/.local/lib/python3.12/site-packages/airflow/example_dags/tutorial_taskflow_api_virtualenv.py
[2025-11-09T21:56:18.344+0000] {processor.py:914} INFO - Processing file /home/airflow/.local/lib/python3.12/site-packages/airflow/example_dags/tutorial_taskflow_api_virtualenv.py for tasks to queue
[2025-11-09T21:56:18.348+0000] {logging_mixin.py:190} INFO - [2025-11-09T21:56:18.347+0000] {dagbag.py:588} INFO - Filling up the DagBag from /home/airflow/.local/lib/python3.12/site-packages/airflow/example_dags/tutorial_taskflow_api_virtualenv.py
[2025-11-09T21:56:18.368+0000] {processor.py:925} INFO - DAG(s) 'tutorial_taskflow_api_virtualenv' retrieved from /home/airflow/.local/lib/python3.12/site-packages/airflow/example_dags/tutorial_taskflow_api_virtualenv.py
[2025-11-09T21:56:18.404+0000] {logging_mixin.py:190} INFO - [2025-11-09T21:56:18.403+0000] {dag.py:3239} INFO - Sync 1 DAGs
[2025-11-09T21:56:18.433+0000] {logging_mixin.py:190} INFO - [2025-11-09T21:56:18.432+0000] {dag.py:4180} INFO - Setting next_dagrun for tutorial_taskflow_api_virtualenv to None, run_after=None
[2025-11-09T21:56:18.470+0000] {processor.py:208} INFO - Processing /home/airflow/.local/lib/python3.12/site-packages/airflow/example_dags/tutorial_taskflow_api_virtualenv.py took 0.141 seconds
[2025-11-09T21:56:48.755+0000] {processor.py:186} INFO - Started process (PID=6154) to work on /home/airflow/.local/lib/python3.12/site-packages/airflow/example_dags/tutorial_taskflow_api_virtualenv.py
[2025-11-09T21:56:48.756+0000] {processor.py:914} INFO - Processing file /home/airflow/.local/lib/python3.12/site-packages/airflow/example_dags/tutorial_taskflow_api_virtualenv.py for tasks to queue
[2025-11-09T21:56:48.760+0000] {logging_mixin.py:190} INFO - [2025-11-09T21:56:48.760+0000] {dagbag.py:588} INFO - Filling up the DagBag from /home/airflow/.local/lib/python3.12/site-packages/airflow/example_dags/tutorial_taskflow_api_virtualenv.py
[2025-11-09T21:56:48.779+0000] {processor.py:925} INFO - DAG(s) 'tutorial_taskflow_api_virtualenv' retrieved from /home/airflow/.local/lib/python3.12/site-packages/airflow/example_dags/tutorial_taskflow_api_virtualenv.py
[2025-11-09T21:56:48.814+0000] {logging_mixin.py:190} INFO - [2025-11-09T21:56:48.814+0000] {dag.py:3239} INFO - Sync 1 DAGs
[2025-11-09T21:56:48.837+0000] {logging_mixin.py:190} INFO - [2025-11-09T21:56:48.836+0000] {dag.py:4180} INFO - Setting next_dagrun for tutorial_taskflow_api_virtualenv to None, run_after=None
[2025-11-09T21:56:48.866+0000] {processor.py:208} INFO - Processing /home/airflow/.local/lib/python3.12/site-packages/airflow/example_dags/tutorial_taskflow_api_virtualenv.py took 0.122 seconds
[2025-11-09T21:57:19.015+0000] {processor.py:186} INFO - Started process (PID=6218) to work on /home/airflow/.local/lib/python3.12/site-packages/airflow/example_dags/tutorial_taskflow_api_virtualenv.py
[2025-11-09T21:57:19.016+0000] {processor.py:914} INFO - Processing file /home/airflow/.local/lib/python3.12/site-packages/airflow/example_dags/tutorial_taskflow_api_virtualenv.py for tasks to queue
[2025-11-09T21:57:19.021+0000] {logging_mixin.py:190} INFO - [2025-11-09T21:57:19.020+0000] {dagbag.py:588} INFO - Filling up the DagBag from /home/airflow/.local/lib/python3.12/site-packages/airflow/example_dags/tutorial_taskflow_api_virtualenv.py
[2025-11-09T21:57:19.046+0000] {processor.py:925} INFO - DAG(s) 'tutorial_taskflow_api_virtualenv' retrieved from /home/airflow/.local/lib/python3.12/site-packages/airflow/example_dags/tutorial_taskflow_api_virtualenv.py
[2025-11-09T21:57:19.083+0000] {logging_mixin.py:190} INFO - [2025-11-09T21:57:19.082+0000] {dag.py:3239} INFO - Sync 1 DAGs
[2025-11-09T21:57:19.114+0000] {logging_mixin.py:190} INFO - [2025-11-09T21:57:19.113+0000] {dag.py:4180} INFO - Setting next_dagrun for tutorial_taskflow_api_virtualenv to None, run_after=None
[2025-11-09T21:57:19.152+0000] {processor.py:208} INFO - Processing /home/airflow/.local/lib/python3.12/site-packages/airflow/example_dags/tutorial_taskflow_api_virtualenv.py took 0.149 seconds
[2025-11-09T21:57:49.811+0000] {processor.py:186} INFO - Started process (PID=6281) to work on /home/airflow/.local/lib/python3.12/site-packages/airflow/example_dags/tutorial_taskflow_api_virtualenv.py
[2025-11-09T21:57:49.813+0000] {processor.py:914} INFO - Processing file /home/airflow/.local/lib/python3.12/site-packages/airflow/example_dags/tutorial_taskflow_api_virtualenv.py for tasks to queue
[2025-11-09T21:57:49.817+0000] {logging_mixin.py:190} INFO - [2025-11-09T21:57:49.817+0000] {dagbag.py:588} INFO - Filling up the DagBag from /home/airflow/.local/lib/python3.12/site-packages/airflow/example_dags/tutorial_taskflow_api_virtualenv.py
[2025-11-09T21:57:49.837+0000] {processor.py:925} INFO - DAG(s) 'tutorial_taskflow_api_virtualenv' retrieved from /home/airflow/.local/lib/python3.12/site-packages/airflow/example_dags/tutorial_taskflow_api_virtualenv.py
[2025-11-09T21:57:49.875+0000] {logging_mixin.py:190} INFO - [2025-11-09T21:57:49.874+0000] {dag.py:3239} INFO - Sync 1 DAGs
[2025-11-09T21:57:49.901+0000] {logging_mixin.py:190} INFO - [2025-11-09T21:57:49.900+0000] {dag.py:4180} INFO - Setting next_dagrun for tutorial_taskflow_api_virtualenv to None, run_after=None
[2025-11-09T21:57:49.936+0000] {processor.py:208} INFO - Processing /home/airflow/.local/lib/python3.12/site-packages/airflow/example_dags/tutorial_taskflow_api_virtualenv.py took 0.136 seconds
[2025-11-09T21:58:20.201+0000] {processor.py:186} INFO - Started process (PID=6345) to work on /home/airflow/.local/lib/python3.12/site-packages/airflow/example_dags/tutorial_taskflow_api_virtualenv.py
[2025-11-09T21:58:20.203+0000] {processor.py:914} INFO - Processing file /home/airflow/.local/lib/python3.12/site-packages/airflow/example_dags/tutorial_taskflow_api_virtualenv.py for tasks to queue
[2025-11-09T21:58:20.209+0000] {logging_mixin.py:190} INFO - [2025-11-09T21:58:20.208+0000] {dagbag.py:588} INFO - Filling up the DagBag from /home/airflow/.local/lib/python3.12/site-packages/airflow/example_dags/tutorial_taskflow_api_virtualenv.py
[2025-11-09T21:58:20.239+0000] {processor.py:925} INFO - DAG(s) 'tutorial_taskflow_api_virtualenv' retrieved from /home/airflow/.local/lib/python3.12/site-packages/airflow/example_dags/tutorial_taskflow_api_virtualenv.py
[2025-11-09T21:58:20.289+0000] {logging_mixin.py:190} INFO - [2025-11-09T21:58:20.289+0000] {dag.py:3239} INFO - Sync 1 DAGs
[2025-11-09T21:58:20.328+0000] {logging_mixin.py:190} INFO - [2025-11-09T21:58:20.328+0000] {dag.py:4180} INFO - Setting next_dagrun for tutorial_taskflow_api_virtualenv to None, run_after=None
[2025-11-09T21:58:20.378+0000] {processor.py:208} INFO - Processing /home/airflow/.local/lib/python3.12/site-packages/airflow/example_dags/tutorial_taskflow_api_virtualenv.py took 0.192 seconds
[2025-11-09T21:58:50.889+0000] {processor.py:186} INFO - Started process (PID=6409) to work on /home/airflow/.local/lib/python3.12/site-packages/airflow/example_dags/tutorial_taskflow_api_virtualenv.py
[2025-11-09T21:58:50.892+0000] {processor.py:914} INFO - Processing file /home/airflow/.local/lib/python3.12/site-packages/airflow/example_dags/tutorial_taskflow_api_virtualenv.py for tasks to queue
[2025-11-09T21:58:50.899+0000] {logging_mixin.py:190} INFO - [2025-11-09T21:58:50.898+0000] {dagbag.py:588} INFO - Filling up the DagBag from /home/airflow/.local/lib/python3.12/site-packages/airflow/example_dags/tutorial_taskflow_api_virtualenv.py
[2025-11-09T21:58:50.932+0000] {processor.py:925} INFO - DAG(s) 'tutorial_taskflow_api_virtualenv' retrieved from /home/airflow/.local/lib/python3.12/site-packages/airflow/example_dags/tutorial_taskflow_api_virtualenv.py
[2025-11-09T21:58:50.980+0000] {logging_mixin.py:190} INFO - [2025-11-09T21:58:50.980+0000] {dag.py:3239} INFO - Sync 1 DAGs
[2025-11-09T21:58:51.016+0000] {logging_mixin.py:190} INFO - [2025-11-09T21:58:51.015+0000] {dag.py:4180} INFO - Setting next_dagrun for tutorial_taskflow_api_virtualenv to None, run_after=None
[2025-11-09T21:58:51.058+0000] {processor.py:208} INFO - Processing /home/airflow/.local/lib/python3.12/site-packages/airflow/example_dags/tutorial_taskflow_api_virtualenv.py took 0.189 seconds
[2025-11-09T21:59:21.664+0000] {processor.py:186} INFO - Started process (PID=6473) to work on /home/airflow/.local/lib/python3.12/site-packages/airflow/example_dags/tutorial_taskflow_api_virtualenv.py
[2025-11-09T21:59:21.666+0000] {processor.py:914} INFO - Processing file /home/airflow/.local/lib/python3.12/site-packages/airflow/example_dags/tutorial_taskflow_api_virtualenv.py for tasks to queue
[2025-11-09T21:59:21.671+0000] {logging_mixin.py:190} INFO - [2025-11-09T21:59:21.670+0000] {dagbag.py:588} INFO - Filling up the DagBag from /home/airflow/.local/lib/python3.12/site-packages/airflow/example_dags/tutorial_taskflow_api_virtualenv.py
[2025-11-09T21:59:21.693+0000] {processor.py:925} INFO - DAG(s) 'tutorial_taskflow_api_virtualenv' retrieved from /home/airflow/.local/lib/python3.12/site-packages/airflow/example_dags/tutorial_taskflow_api_virtualenv.py
[2025-11-09T21:59:21.730+0000] {logging_mixin.py:190} INFO - [2025-11-09T21:59:21.730+0000] {dag.py:3239} INFO - Sync 1 DAGs
[2025-11-09T21:59:21.759+0000] {logging_mixin.py:190} INFO - [2025-11-09T21:59:21.758+0000] {dag.py:4180} INFO - Setting next_dagrun for tutorial_taskflow_api_virtualenv to None, run_after=None
[2025-11-09T21:59:21.790+0000] {processor.py:208} INFO - Processing /home/airflow/.local/lib/python3.12/site-packages/airflow/example_dags/tutorial_taskflow_api_virtualenv.py took 0.139 seconds
[2025-11-09T21:59:52.360+0000] {processor.py:186} INFO - Started process (PID=6537) to work on /home/airflow/.local/lib/python3.12/site-packages/airflow/example_dags/tutorial_taskflow_api_virtualenv.py
[2025-11-09T21:59:52.362+0000] {processor.py:914} INFO - Processing file /home/airflow/.local/lib/python3.12/site-packages/airflow/example_dags/tutorial_taskflow_api_virtualenv.py for tasks to queue
[2025-11-09T21:59:52.367+0000] {logging_mixin.py:190} INFO - [2025-11-09T21:59:52.366+0000] {dagbag.py:588} INFO - Filling up the DagBag from /home/airflow/.local/lib/python3.12/site-packages/airflow/example_dags/tutorial_taskflow_api_virtualenv.py
[2025-11-09T21:59:52.392+0000] {processor.py:925} INFO - DAG(s) 'tutorial_taskflow_api_virtualenv' retrieved from /home/airflow/.local/lib/python3.12/site-packages/airflow/example_dags/tutorial_taskflow_api_virtualenv.py
[2025-11-09T21:59:52.438+0000] {logging_mixin.py:190} INFO - [2025-11-09T21:59:52.438+0000] {dag.py:3239} INFO - Sync 1 DAGs
[2025-11-09T21:59:52.462+0000] {logging_mixin.py:190} INFO - [2025-11-09T21:59:52.462+0000] {dag.py:4180} INFO - Setting next_dagrun for tutorial_taskflow_api_virtualenv to None, run_after=None
[2025-11-09T21:59:52.494+0000] {processor.py:208} INFO - Processing /home/airflow/.local/lib/python3.12/site-packages/airflow/example_dags/tutorial_taskflow_api_virtualenv.py took 0.147 seconds
[2025-11-09T22:00:22.768+0000] {processor.py:186} INFO - Started process (PID=6602) to work on /home/airflow/.local/lib/python3.12/site-packages/airflow/example_dags/tutorial_taskflow_api_virtualenv.py
[2025-11-09T22:00:22.771+0000] {processor.py:914} INFO - Processing file /home/airflow/.local/lib/python3.12/site-packages/airflow/example_dags/tutorial_taskflow_api_virtualenv.py for tasks to queue
[2025-11-09T22:00:22.777+0000] {logging_mixin.py:190} INFO - [2025-11-09T22:00:22.776+0000] {dagbag.py:588} INFO - Filling up the DagBag from /home/airflow/.local/lib/python3.12/site-packages/airflow/example_dags/tutorial_taskflow_api_virtualenv.py
[2025-11-09T22:00:22.809+0000] {processor.py:925} INFO - DAG(s) 'tutorial_taskflow_api_virtualenv' retrieved from /home/airflow/.local/lib/python3.12/site-packages/airflow/example_dags/tutorial_taskflow_api_virtualenv.py
[2025-11-09T22:00:22.852+0000] {logging_mixin.py:190} INFO - [2025-11-09T22:00:22.852+0000] {dag.py:3239} INFO - Sync 1 DAGs
[2025-11-09T22:00:22.880+0000] {logging_mixin.py:190} INFO - [2025-11-09T22:00:22.879+0000] {dag.py:4180} INFO - Setting next_dagrun for tutorial_taskflow_api_virtualenv to None, run_after=None
[2025-11-09T22:00:22.916+0000] {processor.py:208} INFO - Processing /home/airflow/.local/lib/python3.12/site-packages/airflow/example_dags/tutorial_taskflow_api_virtualenv.py took 0.163 seconds
[2025-11-09T22:00:53.979+0000] {processor.py:186} INFO - Started process (PID=6666) to work on /home/airflow/.local/lib/python3.12/site-packages/airflow/example_dags/tutorial_taskflow_api_virtualenv.py
[2025-11-09T22:00:53.981+0000] {processor.py:914} INFO - Processing file /home/airflow/.local/lib/python3.12/site-packages/airflow/example_dags/tutorial_taskflow_api_virtualenv.py for tasks to queue
[2025-11-09T22:00:53.986+0000] {logging_mixin.py:190} INFO - [2025-11-09T22:00:53.986+0000] {dagbag.py:588} INFO - Filling up the DagBag from /home/airflow/.local/lib/python3.12/site-packages/airflow/example_dags/tutorial_taskflow_api_virtualenv.py
[2025-11-09T22:00:54.015+0000] {processor.py:925} INFO - DAG(s) 'tutorial_taskflow_api_virtualenv' retrieved from /home/airflow/.local/lib/python3.12/site-packages/airflow/example_dags/tutorial_taskflow_api_virtualenv.py
[2025-11-09T22:00:54.085+0000] {logging_mixin.py:190} INFO - [2025-11-09T22:00:54.084+0000] {dag.py:3239} INFO - Sync 1 DAGs
[2025-11-09T22:00:54.131+0000] {logging_mixin.py:190} INFO - [2025-11-09T22:00:54.130+0000] {dag.py:4180} INFO - Setting next_dagrun for tutorial_taskflow_api_virtualenv to None, run_after=None
[2025-11-09T22:00:54.182+0000] {processor.py:208} INFO - Processing /home/airflow/.local/lib/python3.12/site-packages/airflow/example_dags/tutorial_taskflow_api_virtualenv.py took 0.223 seconds
[2025-11-09T22:01:24.863+0000] {processor.py:186} INFO - Started process (PID=6730) to work on /home/airflow/.local/lib/python3.12/site-packages/airflow/example_dags/tutorial_taskflow_api_virtualenv.py
[2025-11-09T22:01:24.865+0000] {processor.py:914} INFO - Processing file /home/airflow/.local/lib/python3.12/site-packages/airflow/example_dags/tutorial_taskflow_api_virtualenv.py for tasks to queue
[2025-11-09T22:01:24.870+0000] {logging_mixin.py:190} INFO - [2025-11-09T22:01:24.870+0000] {dagbag.py:588} INFO - Filling up the DagBag from /home/airflow/.local/lib/python3.12/site-packages/airflow/example_dags/tutorial_taskflow_api_virtualenv.py
[2025-11-09T22:01:24.894+0000] {processor.py:925} INFO - DAG(s) 'tutorial_taskflow_api_virtualenv' retrieved from /home/airflow/.local/lib/python3.12/site-packages/airflow/example_dags/tutorial_taskflow_api_virtualenv.py
[2025-11-09T22:01:24.934+0000] {logging_mixin.py:190} INFO - [2025-11-09T22:01:24.933+0000] {dag.py:3239} INFO - Sync 1 DAGs
[2025-11-09T22:01:24.960+0000] {logging_mixin.py:190} INFO - [2025-11-09T22:01:24.960+0000] {dag.py:4180} INFO - Setting next_dagrun for tutorial_taskflow_api_virtualenv to None, run_after=None
[2025-11-09T22:01:24.989+0000] {processor.py:208} INFO - Processing /home/airflow/.local/lib/python3.12/site-packages/airflow/example_dags/tutorial_taskflow_api_virtualenv.py took 0.137 seconds
[2025-11-09T22:01:55.798+0000] {processor.py:186} INFO - Started process (PID=6794) to work on /home/airflow/.local/lib/python3.12/site-packages/airflow/example_dags/tutorial_taskflow_api_virtualenv.py
[2025-11-09T22:01:55.800+0000] {processor.py:914} INFO - Processing file /home/airflow/.local/lib/python3.12/site-packages/airflow/example_dags/tutorial_taskflow_api_virtualenv.py for tasks to queue
[2025-11-09T22:01:55.806+0000] {logging_mixin.py:190} INFO - [2025-11-09T22:01:55.805+0000] {dagbag.py:588} INFO - Filling up the DagBag from /home/airflow/.local/lib/python3.12/site-packages/airflow/example_dags/tutorial_taskflow_api_virtualenv.py
[2025-11-09T22:01:55.833+0000] {processor.py:925} INFO - DAG(s) 'tutorial_taskflow_api_virtualenv' retrieved from /home/airflow/.local/lib/python3.12/site-packages/airflow/example_dags/tutorial_taskflow_api_virtualenv.py
[2025-11-09T22:01:55.884+0000] {logging_mixin.py:190} INFO - [2025-11-09T22:01:55.884+0000] {dag.py:3239} INFO - Sync 1 DAGs
[2025-11-09T22:01:55.919+0000] {logging_mixin.py:190} INFO - [2025-11-09T22:01:55.918+0000] {dag.py:4180} INFO - Setting next_dagrun for tutorial_taskflow_api_virtualenv to None, run_after=None
[2025-11-09T22:01:55.955+0000] {processor.py:208} INFO - Processing /home/airflow/.local/lib/python3.12/site-packages/airflow/example_dags/tutorial_taskflow_api_virtualenv.py took 0.171 seconds
[2025-11-09T22:02:27.919+0000] {processor.py:186} INFO - Started process (PID=6858) to work on /home/airflow/.local/lib/python3.12/site-packages/airflow/example_dags/tutorial_taskflow_api_virtualenv.py
[2025-11-09T22:02:27.921+0000] {processor.py:914} INFO - Processing file /home/airflow/.local/lib/python3.12/site-packages/airflow/example_dags/tutorial_taskflow_api_virtualenv.py for tasks to queue
[2025-11-09T22:02:27.927+0000] {logging_mixin.py:190} INFO - [2025-11-09T22:02:27.926+0000] {dagbag.py:588} INFO - Filling up the DagBag from /home/airflow/.local/lib/python3.12/site-packages/airflow/example_dags/tutorial_taskflow_api_virtualenv.py
[2025-11-09T22:02:27.956+0000] {processor.py:925} INFO - DAG(s) 'tutorial_taskflow_api_virtualenv' retrieved from /home/airflow/.local/lib/python3.12/site-packages/airflow/example_dags/tutorial_taskflow_api_virtualenv.py
[2025-11-09T22:02:28.003+0000] {logging_mixin.py:190} INFO - [2025-11-09T22:02:28.003+0000] {dag.py:3239} INFO - Sync 1 DAGs
[2025-11-09T22:02:28.037+0000] {logging_mixin.py:190} INFO - [2025-11-09T22:02:28.036+0000] {dag.py:4180} INFO - Setting next_dagrun for tutorial_taskflow_api_virtualenv to None, run_after=None
[2025-11-09T22:02:28.074+0000] {processor.py:208} INFO - Processing /home/airflow/.local/lib/python3.12/site-packages/airflow/example_dags/tutorial_taskflow_api_virtualenv.py took 0.170 seconds
[2025-11-09T22:03:00.197+0000] {processor.py:186} INFO - Started process (PID=6922) to work on /home/airflow/.local/lib/python3.12/site-packages/airflow/example_dags/tutorial_taskflow_api_virtualenv.py
[2025-11-09T22:03:00.200+0000] {processor.py:914} INFO - Processing file /home/airflow/.local/lib/python3.12/site-packages/airflow/example_dags/tutorial_taskflow_api_virtualenv.py for tasks to queue
[2025-11-09T22:03:00.207+0000] {logging_mixin.py:190} INFO - [2025-11-09T22:03:00.206+0000] {dagbag.py:588} INFO - Filling up the DagBag from /home/airflow/.local/lib/python3.12/site-packages/airflow/example_dags/tutorial_taskflow_api_virtualenv.py
[2025-11-09T22:03:00.246+0000] {processor.py:925} INFO - DAG(s) 'tutorial_taskflow_api_virtualenv' retrieved from /home/airflow/.local/lib/python3.12/site-packages/airflow/example_dags/tutorial_taskflow_api_virtualenv.py
[2025-11-09T22:03:00.303+0000] {logging_mixin.py:190} INFO - [2025-11-09T22:03:00.302+0000] {dag.py:3239} INFO - Sync 1 DAGs
[2025-11-09T22:03:00.344+0000] {logging_mixin.py:190} INFO - [2025-11-09T22:03:00.343+0000] {dag.py:4180} INFO - Setting next_dagrun for tutorial_taskflow_api_virtualenv to None, run_after=None
[2025-11-09T22:03:00.389+0000] {processor.py:208} INFO - Processing /home/airflow/.local/lib/python3.12/site-packages/airflow/example_dags/tutorial_taskflow_api_virtualenv.py took 0.213 seconds
[2025-11-09T22:03:32.582+0000] {processor.py:186} INFO - Started process (PID=6986) to work on /home/airflow/.local/lib/python3.12/site-packages/airflow/example_dags/tutorial_taskflow_api_virtualenv.py
[2025-11-09T22:03:32.585+0000] {processor.py:914} INFO - Processing file /home/airflow/.local/lib/python3.12/site-packages/airflow/example_dags/tutorial_taskflow_api_virtualenv.py for tasks to queue
[2025-11-09T22:03:32.591+0000] {logging_mixin.py:190} INFO - [2025-11-09T22:03:32.590+0000] {dagbag.py:588} INFO - Filling up the DagBag from /home/airflow/.local/lib/python3.12/site-packages/airflow/example_dags/tutorial_taskflow_api_virtualenv.py
[2025-11-09T22:03:32.624+0000] {processor.py:925} INFO - DAG(s) 'tutorial_taskflow_api_virtualenv' retrieved from /home/airflow/.local/lib/python3.12/site-packages/airflow/example_dags/tutorial_taskflow_api_virtualenv.py
[2025-11-09T22:03:32.683+0000] {logging_mixin.py:190} INFO - [2025-11-09T22:03:32.683+0000] {dag.py:3239} INFO - Sync 1 DAGs
[2025-11-09T22:03:32.726+0000] {logging_mixin.py:190} INFO - [2025-11-09T22:03:32.726+0000] {dag.py:4180} INFO - Setting next_dagrun for tutorial_taskflow_api_virtualenv to None, run_after=None
[2025-11-09T22:03:32.774+0000] {processor.py:208} INFO - Processing /home/airflow/.local/lib/python3.12/site-packages/airflow/example_dags/tutorial_taskflow_api_virtualenv.py took 0.208 seconds
[2025-11-09T22:04:04.739+0000] {processor.py:186} INFO - Started process (PID=7051) to work on /home/airflow/.local/lib/python3.12/site-packages/airflow/example_dags/tutorial_taskflow_api_virtualenv.py
[2025-11-09T22:04:04.742+0000] {processor.py:914} INFO - Processing file /home/airflow/.local/lib/python3.12/site-packages/airflow/example_dags/tutorial_taskflow_api_virtualenv.py for tasks to queue
[2025-11-09T22:04:04.748+0000] {logging_mixin.py:190} INFO - [2025-11-09T22:04:04.747+0000] {dagbag.py:588} INFO - Filling up the DagBag from /home/airflow/.local/lib/python3.12/site-packages/airflow/example_dags/tutorial_taskflow_api_virtualenv.py
[2025-11-09T22:04:04.784+0000] {processor.py:925} INFO - DAG(s) 'tutorial_taskflow_api_virtualenv' retrieved from /home/airflow/.local/lib/python3.12/site-packages/airflow/example_dags/tutorial_taskflow_api_virtualenv.py
[2025-11-09T22:04:04.837+0000] {logging_mixin.py:190} INFO - [2025-11-09T22:04:04.837+0000] {dag.py:3239} INFO - Sync 1 DAGs
[2025-11-09T22:04:04.875+0000] {logging_mixin.py:190} INFO - [2025-11-09T22:04:04.875+0000] {dag.py:4180} INFO - Setting next_dagrun for tutorial_taskflow_api_virtualenv to None, run_after=None
[2025-11-09T22:04:04.933+0000] {processor.py:208} INFO - Processing /home/airflow/.local/lib/python3.12/site-packages/airflow/example_dags/tutorial_taskflow_api_virtualenv.py took 0.209 seconds
[2025-11-09T22:04:35.076+0000] {processor.py:186} INFO - Started process (PID=7119) to work on /home/airflow/.local/lib/python3.12/site-packages/airflow/example_dags/tutorial_taskflow_api_virtualenv.py
[2025-11-09T22:04:35.079+0000] {processor.py:914} INFO - Processing file /home/airflow/.local/lib/python3.12/site-packages/airflow/example_dags/tutorial_taskflow_api_virtualenv.py for tasks to queue
[2025-11-09T22:04:35.085+0000] {logging_mixin.py:190} INFO - [2025-11-09T22:04:35.084+0000] {dagbag.py:588} INFO - Filling up the DagBag from /home/airflow/.local/lib/python3.12/site-packages/airflow/example_dags/tutorial_taskflow_api_virtualenv.py
[2025-11-09T22:04:35.123+0000] {processor.py:925} INFO - DAG(s) 'tutorial_taskflow_api_virtualenv' retrieved from /home/airflow/.local/lib/python3.12/site-packages/airflow/example_dags/tutorial_taskflow_api_virtualenv.py
[2025-11-09T22:04:35.174+0000] {logging_mixin.py:190} INFO - [2025-11-09T22:04:35.173+0000] {dag.py:3239} INFO - Sync 1 DAGs
[2025-11-09T22:04:35.207+0000] {logging_mixin.py:190} INFO - [2025-11-09T22:04:35.206+0000] {dag.py:4180} INFO - Setting next_dagrun for tutorial_taskflow_api_virtualenv to None, run_after=None
[2025-11-09T22:04:35.247+0000] {processor.py:208} INFO - Processing /home/airflow/.local/lib/python3.12/site-packages/airflow/example_dags/tutorial_taskflow_api_virtualenv.py took 0.188 seconds
[2025-11-09T22:05:05.501+0000] {processor.py:186} INFO - Started process (PID=7183) to work on /home/airflow/.local/lib/python3.12/site-packages/airflow/example_dags/tutorial_taskflow_api_virtualenv.py
[2025-11-09T22:05:05.503+0000] {processor.py:914} INFO - Processing file /home/airflow/.local/lib/python3.12/site-packages/airflow/example_dags/tutorial_taskflow_api_virtualenv.py for tasks to queue
[2025-11-09T22:05:05.506+0000] {logging_mixin.py:190} INFO - [2025-11-09T22:05:05.506+0000] {dagbag.py:588} INFO - Filling up the DagBag from /home/airflow/.local/lib/python3.12/site-packages/airflow/example_dags/tutorial_taskflow_api_virtualenv.py
[2025-11-09T22:05:05.528+0000] {processor.py:925} INFO - DAG(s) 'tutorial_taskflow_api_virtualenv' retrieved from /home/airflow/.local/lib/python3.12/site-packages/airflow/example_dags/tutorial_taskflow_api_virtualenv.py
[2025-11-09T22:05:05.566+0000] {logging_mixin.py:190} INFO - [2025-11-09T22:05:05.566+0000] {dag.py:3239} INFO - Sync 1 DAGs
[2025-11-09T22:05:05.587+0000] {logging_mixin.py:190} INFO - [2025-11-09T22:05:05.587+0000] {dag.py:4180} INFO - Setting next_dagrun for tutorial_taskflow_api_virtualenv to None, run_after=None
[2025-11-09T22:05:05.618+0000] {processor.py:208} INFO - Processing /home/airflow/.local/lib/python3.12/site-packages/airflow/example_dags/tutorial_taskflow_api_virtualenv.py took 0.127 seconds
[2025-11-09T22:05:35.858+0000] {processor.py:186} INFO - Started process (PID=7247) to work on /home/airflow/.local/lib/python3.12/site-packages/airflow/example_dags/tutorial_taskflow_api_virtualenv.py
[2025-11-09T22:05:35.861+0000] {processor.py:914} INFO - Processing file /home/airflow/.local/lib/python3.12/site-packages/airflow/example_dags/tutorial_taskflow_api_virtualenv.py for tasks to queue
[2025-11-09T22:05:35.867+0000] {logging_mixin.py:190} INFO - [2025-11-09T22:05:35.867+0000] {dagbag.py:588} INFO - Filling up the DagBag from /home/airflow/.local/lib/python3.12/site-packages/airflow/example_dags/tutorial_taskflow_api_virtualenv.py
[2025-11-09T22:05:35.901+0000] {processor.py:925} INFO - DAG(s) 'tutorial_taskflow_api_virtualenv' retrieved from /home/airflow/.local/lib/python3.12/site-packages/airflow/example_dags/tutorial_taskflow_api_virtualenv.py
[2025-11-09T22:05:36.000+0000] {logging_mixin.py:190} INFO - [2025-11-09T22:05:35.999+0000] {dag.py:3239} INFO - Sync 1 DAGs
[2025-11-09T22:05:36.086+0000] {logging_mixin.py:190} INFO - [2025-11-09T22:05:36.085+0000] {dag.py:4180} INFO - Setting next_dagrun for tutorial_taskflow_api_virtualenv to None, run_after=None
[2025-11-09T22:05:36.166+0000] {processor.py:208} INFO - Processing /home/airflow/.local/lib/python3.12/site-packages/airflow/example_dags/tutorial_taskflow_api_virtualenv.py took 0.321 seconds
[2025-11-09T22:06:07.040+0000] {processor.py:186} INFO - Started process (PID=7312) to work on /home/airflow/.local/lib/python3.12/site-packages/airflow/example_dags/tutorial_taskflow_api_virtualenv.py
[2025-11-09T22:06:07.042+0000] {processor.py:914} INFO - Processing file /home/airflow/.local/lib/python3.12/site-packages/airflow/example_dags/tutorial_taskflow_api_virtualenv.py for tasks to queue
[2025-11-09T22:06:07.048+0000] {logging_mixin.py:190} INFO - [2025-11-09T22:06:07.047+0000] {dagbag.py:588} INFO - Filling up the DagBag from /home/airflow/.local/lib/python3.12/site-packages/airflow/example_dags/tutorial_taskflow_api_virtualenv.py
[2025-11-09T22:06:07.073+0000] {processor.py:925} INFO - DAG(s) 'tutorial_taskflow_api_virtualenv' retrieved from /home/airflow/.local/lib/python3.12/site-packages/airflow/example_dags/tutorial_taskflow_api_virtualenv.py
[2025-11-09T22:06:07.125+0000] {logging_mixin.py:190} INFO - [2025-11-09T22:06:07.125+0000] {dag.py:3239} INFO - Sync 1 DAGs
[2025-11-09T22:06:07.175+0000] {logging_mixin.py:190} INFO - [2025-11-09T22:06:07.174+0000] {dag.py:4180} INFO - Setting next_dagrun for tutorial_taskflow_api_virtualenv to None, run_after=None
[2025-11-09T22:06:07.228+0000] {processor.py:208} INFO - Processing /home/airflow/.local/lib/python3.12/site-packages/airflow/example_dags/tutorial_taskflow_api_virtualenv.py took 0.201 seconds
[2025-11-09T22:06:37.807+0000] {processor.py:186} INFO - Started process (PID=7376) to work on /home/airflow/.local/lib/python3.12/site-packages/airflow/example_dags/tutorial_taskflow_api_virtualenv.py
[2025-11-09T22:06:37.809+0000] {processor.py:914} INFO - Processing file /home/airflow/.local/lib/python3.12/site-packages/airflow/example_dags/tutorial_taskflow_api_virtualenv.py for tasks to queue
[2025-11-09T22:06:37.817+0000] {logging_mixin.py:190} INFO - [2025-11-09T22:06:37.816+0000] {dagbag.py:588} INFO - Filling up the DagBag from /home/airflow/.local/lib/python3.12/site-packages/airflow/example_dags/tutorial_taskflow_api_virtualenv.py
[2025-11-09T22:06:37.855+0000] {processor.py:925} INFO - DAG(s) 'tutorial_taskflow_api_virtualenv' retrieved from /home/airflow/.local/lib/python3.12/site-packages/airflow/example_dags/tutorial_taskflow_api_virtualenv.py
[2025-11-09T22:06:37.901+0000] {logging_mixin.py:190} INFO - [2025-11-09T22:06:37.901+0000] {dag.py:3239} INFO - Sync 1 DAGs
[2025-11-09T22:06:37.936+0000] {logging_mixin.py:190} INFO - [2025-11-09T22:06:37.935+0000] {dag.py:4180} INFO - Setting next_dagrun for tutorial_taskflow_api_virtualenv to None, run_after=None
[2025-11-09T22:06:37.976+0000] {processor.py:208} INFO - Processing /home/airflow/.local/lib/python3.12/site-packages/airflow/example_dags/tutorial_taskflow_api_virtualenv.py took 0.187 seconds
[2025-11-09T22:07:08.343+0000] {processor.py:186} INFO - Started process (PID=7440) to work on /home/airflow/.local/lib/python3.12/site-packages/airflow/example_dags/tutorial_taskflow_api_virtualenv.py
[2025-11-09T22:07:08.345+0000] {processor.py:914} INFO - Processing file /home/airflow/.local/lib/python3.12/site-packages/airflow/example_dags/tutorial_taskflow_api_virtualenv.py for tasks to queue
[2025-11-09T22:07:08.351+0000] {logging_mixin.py:190} INFO - [2025-11-09T22:07:08.350+0000] {dagbag.py:588} INFO - Filling up the DagBag from /home/airflow/.local/lib/python3.12/site-packages/airflow/example_dags/tutorial_taskflow_api_virtualenv.py
[2025-11-09T22:07:08.385+0000] {processor.py:925} INFO - DAG(s) 'tutorial_taskflow_api_virtualenv' retrieved from /home/airflow/.local/lib/python3.12/site-packages/airflow/example_dags/tutorial_taskflow_api_virtualenv.py
[2025-11-09T22:07:08.438+0000] {logging_mixin.py:190} INFO - [2025-11-09T22:07:08.437+0000] {dag.py:3239} INFO - Sync 1 DAGs
[2025-11-09T22:07:08.470+0000] {logging_mixin.py:190} INFO - [2025-11-09T22:07:08.470+0000] {dag.py:4180} INFO - Setting next_dagrun for tutorial_taskflow_api_virtualenv to None, run_after=None
[2025-11-09T22:07:08.513+0000] {processor.py:208} INFO - Processing /home/airflow/.local/lib/python3.12/site-packages/airflow/example_dags/tutorial_taskflow_api_virtualenv.py took 0.188 seconds
[2025-11-09T22:07:38.821+0000] {processor.py:186} INFO - Started process (PID=7504) to work on /home/airflow/.local/lib/python3.12/site-packages/airflow/example_dags/tutorial_taskflow_api_virtualenv.py
[2025-11-09T22:07:38.824+0000] {processor.py:914} INFO - Processing file /home/airflow/.local/lib/python3.12/site-packages/airflow/example_dags/tutorial_taskflow_api_virtualenv.py for tasks to queue
[2025-11-09T22:07:38.829+0000] {logging_mixin.py:190} INFO - [2025-11-09T22:07:38.828+0000] {dagbag.py:588} INFO - Filling up the DagBag from /home/airflow/.local/lib/python3.12/site-packages/airflow/example_dags/tutorial_taskflow_api_virtualenv.py
[2025-11-09T22:07:38.859+0000] {processor.py:925} INFO - DAG(s) 'tutorial_taskflow_api_virtualenv' retrieved from /home/airflow/.local/lib/python3.12/site-packages/airflow/example_dags/tutorial_taskflow_api_virtualenv.py
[2025-11-09T22:07:38.910+0000] {logging_mixin.py:190} INFO - [2025-11-09T22:07:38.909+0000] {dag.py:3239} INFO - Sync 1 DAGs
[2025-11-09T22:07:38.941+0000] {logging_mixin.py:190} INFO - [2025-11-09T22:07:38.941+0000] {dag.py:4180} INFO - Setting next_dagrun for tutorial_taskflow_api_virtualenv to None, run_after=None
[2025-11-09T22:07:38.986+0000] {processor.py:208} INFO - Processing /home/airflow/.local/lib/python3.12/site-packages/airflow/example_dags/tutorial_taskflow_api_virtualenv.py took 0.181 seconds
[2025-11-09T22:08:09.476+0000] {processor.py:186} INFO - Started process (PID=7568) to work on /home/airflow/.local/lib/python3.12/site-packages/airflow/example_dags/tutorial_taskflow_api_virtualenv.py
[2025-11-09T22:08:09.478+0000] {processor.py:914} INFO - Processing file /home/airflow/.local/lib/python3.12/site-packages/airflow/example_dags/tutorial_taskflow_api_virtualenv.py for tasks to queue
[2025-11-09T22:08:09.483+0000] {logging_mixin.py:190} INFO - [2025-11-09T22:08:09.483+0000] {dagbag.py:588} INFO - Filling up the DagBag from /home/airflow/.local/lib/python3.12/site-packages/airflow/example_dags/tutorial_taskflow_api_virtualenv.py
[2025-11-09T22:08:09.509+0000] {processor.py:925} INFO - DAG(s) 'tutorial_taskflow_api_virtualenv' retrieved from /home/airflow/.local/lib/python3.12/site-packages/airflow/example_dags/tutorial_taskflow_api_virtualenv.py
[2025-11-09T22:08:09.551+0000] {logging_mixin.py:190} INFO - [2025-11-09T22:08:09.550+0000] {dag.py:3239} INFO - Sync 1 DAGs
[2025-11-09T22:08:09.579+0000] {logging_mixin.py:190} INFO - [2025-11-09T22:08:09.579+0000] {dag.py:4180} INFO - Setting next_dagrun for tutorial_taskflow_api_virtualenv to None, run_after=None
[2025-11-09T22:08:09.640+0000] {processor.py:208} INFO - Processing /home/airflow/.local/lib/python3.12/site-packages/airflow/example_dags/tutorial_taskflow_api_virtualenv.py took 0.178 seconds
[2025-11-09T22:08:40.672+0000] {processor.py:186} INFO - Started process (PID=7632) to work on /home/airflow/.local/lib/python3.12/site-packages/airflow/example_dags/tutorial_taskflow_api_virtualenv.py
[2025-11-09T22:08:40.675+0000] {processor.py:914} INFO - Processing file /home/airflow/.local/lib/python3.12/site-packages/airflow/example_dags/tutorial_taskflow_api_virtualenv.py for tasks to queue
[2025-11-09T22:08:40.682+0000] {logging_mixin.py:190} INFO - [2025-11-09T22:08:40.681+0000] {dagbag.py:588} INFO - Filling up the DagBag from /home/airflow/.local/lib/python3.12/site-packages/airflow/example_dags/tutorial_taskflow_api_virtualenv.py
[2025-11-09T22:08:40.727+0000] {processor.py:925} INFO - DAG(s) 'tutorial_taskflow_api_virtualenv' retrieved from /home/airflow/.local/lib/python3.12/site-packages/airflow/example_dags/tutorial_taskflow_api_virtualenv.py
[2025-11-09T22:08:40.798+0000] {logging_mixin.py:190} INFO - [2025-11-09T22:08:40.797+0000] {dag.py:3239} INFO - Sync 1 DAGs
[2025-11-09T22:08:40.864+0000] {logging_mixin.py:190} INFO - [2025-11-09T22:08:40.863+0000] {dag.py:4180} INFO - Setting next_dagrun for tutorial_taskflow_api_virtualenv to None, run_after=None
[2025-11-09T22:08:40.923+0000] {processor.py:208} INFO - Processing /home/airflow/.local/lib/python3.12/site-packages/airflow/example_dags/tutorial_taskflow_api_virtualenv.py took 0.277 seconds
[2025-11-09T22:09:11.330+0000] {processor.py:186} INFO - Started process (PID=7696) to work on /home/airflow/.local/lib/python3.12/site-packages/airflow/example_dags/tutorial_taskflow_api_virtualenv.py
[2025-11-09T22:09:11.333+0000] {processor.py:914} INFO - Processing file /home/airflow/.local/lib/python3.12/site-packages/airflow/example_dags/tutorial_taskflow_api_virtualenv.py for tasks to queue
[2025-11-09T22:09:11.341+0000] {logging_mixin.py:190} INFO - [2025-11-09T22:09:11.340+0000] {dagbag.py:588} INFO - Filling up the DagBag from /home/airflow/.local/lib/python3.12/site-packages/airflow/example_dags/tutorial_taskflow_api_virtualenv.py
[2025-11-09T22:09:11.381+0000] {processor.py:925} INFO - DAG(s) 'tutorial_taskflow_api_virtualenv' retrieved from /home/airflow/.local/lib/python3.12/site-packages/airflow/example_dags/tutorial_taskflow_api_virtualenv.py
[2025-11-09T22:09:11.438+0000] {logging_mixin.py:190} INFO - [2025-11-09T22:09:11.438+0000] {dag.py:3239} INFO - Sync 1 DAGs
[2025-11-09T22:09:11.472+0000] {logging_mixin.py:190} INFO - [2025-11-09T22:09:11.471+0000] {dag.py:4180} INFO - Setting next_dagrun for tutorial_taskflow_api_virtualenv to None, run_after=None
[2025-11-09T22:09:11.518+0000] {processor.py:208} INFO - Processing /home/airflow/.local/lib/python3.12/site-packages/airflow/example_dags/tutorial_taskflow_api_virtualenv.py took 0.203 seconds
[2025-11-09T22:09:41.792+0000] {processor.py:186} INFO - Started process (PID=7759) to work on /home/airflow/.local/lib/python3.12/site-packages/airflow/example_dags/tutorial_taskflow_api_virtualenv.py
[2025-11-09T22:09:41.794+0000] {processor.py:914} INFO - Processing file /home/airflow/.local/lib/python3.12/site-packages/airflow/example_dags/tutorial_taskflow_api_virtualenv.py for tasks to queue
[2025-11-09T22:09:41.800+0000] {logging_mixin.py:190} INFO - [2025-11-09T22:09:41.799+0000] {dagbag.py:588} INFO - Filling up the DagBag from /home/airflow/.local/lib/python3.12/site-packages/airflow/example_dags/tutorial_taskflow_api_virtualenv.py
[2025-11-09T22:09:41.830+0000] {processor.py:925} INFO - DAG(s) 'tutorial_taskflow_api_virtualenv' retrieved from /home/airflow/.local/lib/python3.12/site-packages/airflow/example_dags/tutorial_taskflow_api_virtualenv.py
[2025-11-09T22:09:41.874+0000] {logging_mixin.py:190} INFO - [2025-11-09T22:09:41.874+0000] {dag.py:3239} INFO - Sync 1 DAGs
[2025-11-09T22:09:41.904+0000] {logging_mixin.py:190} INFO - [2025-11-09T22:09:41.903+0000] {dag.py:4180} INFO - Setting next_dagrun for tutorial_taskflow_api_virtualenv to None, run_after=None
[2025-11-09T22:09:41.945+0000] {processor.py:208} INFO - Processing /home/airflow/.local/lib/python3.12/site-packages/airflow/example_dags/tutorial_taskflow_api_virtualenv.py took 0.166 seconds
[2025-11-09T22:10:12.737+0000] {processor.py:186} INFO - Started process (PID=7823) to work on /home/airflow/.local/lib/python3.12/site-packages/airflow/example_dags/tutorial_taskflow_api_virtualenv.py
[2025-11-09T22:10:12.739+0000] {processor.py:914} INFO - Processing file /home/airflow/.local/lib/python3.12/site-packages/airflow/example_dags/tutorial_taskflow_api_virtualenv.py for tasks to queue
[2025-11-09T22:10:12.744+0000] {logging_mixin.py:190} INFO - [2025-11-09T22:10:12.744+0000] {dagbag.py:588} INFO - Filling up the DagBag from /home/airflow/.local/lib/python3.12/site-packages/airflow/example_dags/tutorial_taskflow_api_virtualenv.py
[2025-11-09T22:10:12.775+0000] {processor.py:925} INFO - DAG(s) 'tutorial_taskflow_api_virtualenv' retrieved from /home/airflow/.local/lib/python3.12/site-packages/airflow/example_dags/tutorial_taskflow_api_virtualenv.py
[2025-11-09T22:10:12.832+0000] {logging_mixin.py:190} INFO - [2025-11-09T22:10:12.831+0000] {dag.py:3239} INFO - Sync 1 DAGs
[2025-11-09T22:10:12.876+0000] {logging_mixin.py:190} INFO - [2025-11-09T22:10:12.875+0000] {dag.py:4180} INFO - Setting next_dagrun for tutorial_taskflow_api_virtualenv to None, run_after=None
[2025-11-09T22:10:12.925+0000] {processor.py:208} INFO - Processing /home/airflow/.local/lib/python3.12/site-packages/airflow/example_dags/tutorial_taskflow_api_virtualenv.py took 0.202 seconds
[2025-11-09T22:10:43.702+0000] {processor.py:186} INFO - Started process (PID=7886) to work on /home/airflow/.local/lib/python3.12/site-packages/airflow/example_dags/tutorial_taskflow_api_virtualenv.py
[2025-11-09T22:10:43.705+0000] {processor.py:914} INFO - Processing file /home/airflow/.local/lib/python3.12/site-packages/airflow/example_dags/tutorial_taskflow_api_virtualenv.py for tasks to queue
[2025-11-09T22:10:43.714+0000] {logging_mixin.py:190} INFO - [2025-11-09T22:10:43.713+0000] {dagbag.py:588} INFO - Filling up the DagBag from /home/airflow/.local/lib/python3.12/site-packages/airflow/example_dags/tutorial_taskflow_api_virtualenv.py
[2025-11-09T22:10:43.769+0000] {processor.py:925} INFO - DAG(s) 'tutorial_taskflow_api_virtualenv' retrieved from /home/airflow/.local/lib/python3.12/site-packages/airflow/example_dags/tutorial_taskflow_api_virtualenv.py
[2025-11-09T22:10:43.879+0000] {logging_mixin.py:190} INFO - [2025-11-09T22:10:43.879+0000] {dag.py:3239} INFO - Sync 1 DAGs
[2025-11-09T22:10:43.947+0000] {logging_mixin.py:190} INFO - [2025-11-09T22:10:43.946+0000] {dag.py:4180} INFO - Setting next_dagrun for tutorial_taskflow_api_virtualenv to None, run_after=None
[2025-11-09T22:10:44.010+0000] {processor.py:208} INFO - Processing /home/airflow/.local/lib/python3.12/site-packages/airflow/example_dags/tutorial_taskflow_api_virtualenv.py took 0.337 seconds
[2025-11-09T22:11:14.348+0000] {processor.py:186} INFO - Started process (PID=7950) to work on /home/airflow/.local/lib/python3.12/site-packages/airflow/example_dags/tutorial_taskflow_api_virtualenv.py
[2025-11-09T22:11:14.351+0000] {processor.py:914} INFO - Processing file /home/airflow/.local/lib/python3.12/site-packages/airflow/example_dags/tutorial_taskflow_api_virtualenv.py for tasks to queue
[2025-11-09T22:11:14.357+0000] {logging_mixin.py:190} INFO - [2025-11-09T22:11:14.356+0000] {dagbag.py:588} INFO - Filling up the DagBag from /home/airflow/.local/lib/python3.12/site-packages/airflow/example_dags/tutorial_taskflow_api_virtualenv.py
[2025-11-09T22:11:14.394+0000] {processor.py:925} INFO - DAG(s) 'tutorial_taskflow_api_virtualenv' retrieved from /home/airflow/.local/lib/python3.12/site-packages/airflow/example_dags/tutorial_taskflow_api_virtualenv.py
[2025-11-09T22:11:14.443+0000] {logging_mixin.py:190} INFO - [2025-11-09T22:11:14.443+0000] {dag.py:3239} INFO - Sync 1 DAGs
[2025-11-09T22:11:14.478+0000] {logging_mixin.py:190} INFO - [2025-11-09T22:11:14.478+0000] {dag.py:4180} INFO - Setting next_dagrun for tutorial_taskflow_api_virtualenv to None, run_after=None
[2025-11-09T22:11:14.516+0000] {processor.py:208} INFO - Processing /home/airflow/.local/lib/python3.12/site-packages/airflow/example_dags/tutorial_taskflow_api_virtualenv.py took 0.185 seconds
[2025-11-09T22:11:45.172+0000] {processor.py:186} INFO - Started process (PID=8014) to work on /home/airflow/.local/lib/python3.12/site-packages/airflow/example_dags/tutorial_taskflow_api_virtualenv.py
[2025-11-09T22:11:45.175+0000] {processor.py:914} INFO - Processing file /home/airflow/.local/lib/python3.12/site-packages/airflow/example_dags/tutorial_taskflow_api_virtualenv.py for tasks to queue
[2025-11-09T22:11:45.183+0000] {logging_mixin.py:190} INFO - [2025-11-09T22:11:45.182+0000] {dagbag.py:588} INFO - Filling up the DagBag from /home/airflow/.local/lib/python3.12/site-packages/airflow/example_dags/tutorial_taskflow_api_virtualenv.py
[2025-11-09T22:11:45.234+0000] {processor.py:925} INFO - DAG(s) 'tutorial_taskflow_api_virtualenv' retrieved from /home/airflow/.local/lib/python3.12/site-packages/airflow/example_dags/tutorial_taskflow_api_virtualenv.py
[2025-11-09T22:11:45.308+0000] {logging_mixin.py:190} INFO - [2025-11-09T22:11:45.307+0000] {dag.py:3239} INFO - Sync 1 DAGs
[2025-11-09T22:11:45.380+0000] {logging_mixin.py:190} INFO - [2025-11-09T22:11:45.379+0000] {dag.py:4180} INFO - Setting next_dagrun for tutorial_taskflow_api_virtualenv to None, run_after=None
[2025-11-09T22:11:45.459+0000] {processor.py:208} INFO - Processing /home/airflow/.local/lib/python3.12/site-packages/airflow/example_dags/tutorial_taskflow_api_virtualenv.py took 0.309 seconds
[2025-11-09T22:12:17.372+0000] {processor.py:186} INFO - Started process (PID=8080) to work on /home/airflow/.local/lib/python3.12/site-packages/airflow/example_dags/tutorial_taskflow_api_virtualenv.py
[2025-11-09T22:12:17.375+0000] {processor.py:914} INFO - Processing file /home/airflow/.local/lib/python3.12/site-packages/airflow/example_dags/tutorial_taskflow_api_virtualenv.py for tasks to queue
[2025-11-09T22:12:17.381+0000] {logging_mixin.py:190} INFO - [2025-11-09T22:12:17.380+0000] {dagbag.py:588} INFO - Filling up the DagBag from /home/airflow/.local/lib/python3.12/site-packages/airflow/example_dags/tutorial_taskflow_api_virtualenv.py
[2025-11-09T22:12:17.416+0000] {processor.py:925} INFO - DAG(s) 'tutorial_taskflow_api_virtualenv' retrieved from /home/airflow/.local/lib/python3.12/site-packages/airflow/example_dags/tutorial_taskflow_api_virtualenv.py
[2025-11-09T22:12:17.473+0000] {logging_mixin.py:190} INFO - [2025-11-09T22:12:17.472+0000] {dag.py:3239} INFO - Sync 1 DAGs
[2025-11-09T22:12:17.523+0000] {logging_mixin.py:190} INFO - [2025-11-09T22:12:17.522+0000] {dag.py:4180} INFO - Setting next_dagrun for tutorial_taskflow_api_virtualenv to None, run_after=None
[2025-11-09T22:12:17.585+0000] {processor.py:208} INFO - Processing /home/airflow/.local/lib/python3.12/site-packages/airflow/example_dags/tutorial_taskflow_api_virtualenv.py took 0.232 seconds
[2025-11-09T22:12:49.865+0000] {processor.py:186} INFO - Started process (PID=8146) to work on /home/airflow/.local/lib/python3.12/site-packages/airflow/example_dags/tutorial_taskflow_api_virtualenv.py
[2025-11-09T22:12:49.867+0000] {processor.py:914} INFO - Processing file /home/airflow/.local/lib/python3.12/site-packages/airflow/example_dags/tutorial_taskflow_api_virtualenv.py for tasks to queue
[2025-11-09T22:12:49.874+0000] {logging_mixin.py:190} INFO - [2025-11-09T22:12:49.873+0000] {dagbag.py:588} INFO - Filling up the DagBag from /home/airflow/.local/lib/python3.12/site-packages/airflow/example_dags/tutorial_taskflow_api_virtualenv.py
[2025-11-09T22:12:49.904+0000] {processor.py:925} INFO - DAG(s) 'tutorial_taskflow_api_virtualenv' retrieved from /home/airflow/.local/lib/python3.12/site-packages/airflow/example_dags/tutorial_taskflow_api_virtualenv.py
[2025-11-09T22:12:49.950+0000] {logging_mixin.py:190} INFO - [2025-11-09T22:12:49.950+0000] {dag.py:3239} INFO - Sync 1 DAGs
[2025-11-09T22:12:49.985+0000] {logging_mixin.py:190} INFO - [2025-11-09T22:12:49.984+0000] {dag.py:4180} INFO - Setting next_dagrun for tutorial_taskflow_api_virtualenv to None, run_after=None
[2025-11-09T22:12:50.025+0000] {processor.py:208} INFO - Processing /home/airflow/.local/lib/python3.12/site-packages/airflow/example_dags/tutorial_taskflow_api_virtualenv.py took 0.174 seconds
[2025-11-09T22:13:21.547+0000] {processor.py:186} INFO - Started process (PID=8212) to work on /home/airflow/.local/lib/python3.12/site-packages/airflow/example_dags/tutorial_taskflow_api_virtualenv.py
[2025-11-09T22:13:21.549+0000] {processor.py:914} INFO - Processing file /home/airflow/.local/lib/python3.12/site-packages/airflow/example_dags/tutorial_taskflow_api_virtualenv.py for tasks to queue
[2025-11-09T22:13:21.554+0000] {logging_mixin.py:190} INFO - [2025-11-09T22:13:21.553+0000] {dagbag.py:588} INFO - Filling up the DagBag from /home/airflow/.local/lib/python3.12/site-packages/airflow/example_dags/tutorial_taskflow_api_virtualenv.py
[2025-11-09T22:13:21.577+0000] {processor.py:925} INFO - DAG(s) 'tutorial_taskflow_api_virtualenv' retrieved from /home/airflow/.local/lib/python3.12/site-packages/airflow/example_dags/tutorial_taskflow_api_virtualenv.py
[2025-11-09T22:13:21.619+0000] {logging_mixin.py:190} INFO - [2025-11-09T22:13:21.618+0000] {dag.py:3239} INFO - Sync 1 DAGs
[2025-11-09T22:13:21.643+0000] {logging_mixin.py:190} INFO - [2025-11-09T22:13:21.643+0000] {dag.py:4180} INFO - Setting next_dagrun for tutorial_taskflow_api_virtualenv to None, run_after=None
[2025-11-09T22:13:21.677+0000] {processor.py:208} INFO - Processing /home/airflow/.local/lib/python3.12/site-packages/airflow/example_dags/tutorial_taskflow_api_virtualenv.py took 0.141 seconds
[2025-11-09T22:13:53.880+0000] {processor.py:186} INFO - Started process (PID=8277) to work on /home/airflow/.local/lib/python3.12/site-packages/airflow/example_dags/tutorial_taskflow_api_virtualenv.py
[2025-11-09T22:13:53.882+0000] {processor.py:914} INFO - Processing file /home/airflow/.local/lib/python3.12/site-packages/airflow/example_dags/tutorial_taskflow_api_virtualenv.py for tasks to queue
[2025-11-09T22:13:53.889+0000] {logging_mixin.py:190} INFO - [2025-11-09T22:13:53.888+0000] {dagbag.py:588} INFO - Filling up the DagBag from /home/airflow/.local/lib/python3.12/site-packages/airflow/example_dags/tutorial_taskflow_api_virtualenv.py
[2025-11-09T22:13:53.923+0000] {processor.py:925} INFO - DAG(s) 'tutorial_taskflow_api_virtualenv' retrieved from /home/airflow/.local/lib/python3.12/site-packages/airflow/example_dags/tutorial_taskflow_api_virtualenv.py
[2025-11-09T22:13:53.974+0000] {logging_mixin.py:190} INFO - [2025-11-09T22:13:53.973+0000] {dag.py:3239} INFO - Sync 1 DAGs
[2025-11-09T22:13:54.011+0000] {logging_mixin.py:190} INFO - [2025-11-09T22:13:54.010+0000] {dag.py:4180} INFO - Setting next_dagrun for tutorial_taskflow_api_virtualenv to None, run_after=None
[2025-11-09T22:13:54.049+0000] {processor.py:208} INFO - Processing /home/airflow/.local/lib/python3.12/site-packages/airflow/example_dags/tutorial_taskflow_api_virtualenv.py took 0.183 seconds
[2025-11-09T22:14:25.660+0000] {processor.py:186} INFO - Started process (PID=8342) to work on /home/airflow/.local/lib/python3.12/site-packages/airflow/example_dags/tutorial_taskflow_api_virtualenv.py
[2025-11-09T22:14:25.662+0000] {processor.py:914} INFO - Processing file /home/airflow/.local/lib/python3.12/site-packages/airflow/example_dags/tutorial_taskflow_api_virtualenv.py for tasks to queue
[2025-11-09T22:14:25.667+0000] {logging_mixin.py:190} INFO - [2025-11-09T22:14:25.666+0000] {dagbag.py:588} INFO - Filling up the DagBag from /home/airflow/.local/lib/python3.12/site-packages/airflow/example_dags/tutorial_taskflow_api_virtualenv.py
[2025-11-09T22:14:25.692+0000] {processor.py:925} INFO - DAG(s) 'tutorial_taskflow_api_virtualenv' retrieved from /home/airflow/.local/lib/python3.12/site-packages/airflow/example_dags/tutorial_taskflow_api_virtualenv.py
[2025-11-09T22:14:25.731+0000] {logging_mixin.py:190} INFO - [2025-11-09T22:14:25.731+0000] {dag.py:3239} INFO - Sync 1 DAGs
[2025-11-09T22:14:25.759+0000] {logging_mixin.py:190} INFO - [2025-11-09T22:14:25.758+0000] {dag.py:4180} INFO - Setting next_dagrun for tutorial_taskflow_api_virtualenv to None, run_after=None
[2025-11-09T22:14:25.793+0000] {processor.py:208} INFO - Processing /home/airflow/.local/lib/python3.12/site-packages/airflow/example_dags/tutorial_taskflow_api_virtualenv.py took 0.145 seconds
[2025-11-09T22:14:56.191+0000] {processor.py:186} INFO - Started process (PID=8405) to work on /home/airflow/.local/lib/python3.12/site-packages/airflow/example_dags/tutorial_taskflow_api_virtualenv.py
[2025-11-09T22:14:56.194+0000] {processor.py:914} INFO - Processing file /home/airflow/.local/lib/python3.12/site-packages/airflow/example_dags/tutorial_taskflow_api_virtualenv.py for tasks to queue
[2025-11-09T22:14:56.200+0000] {logging_mixin.py:190} INFO - [2025-11-09T22:14:56.199+0000] {dagbag.py:588} INFO - Filling up the DagBag from /home/airflow/.local/lib/python3.12/site-packages/airflow/example_dags/tutorial_taskflow_api_virtualenv.py
[2025-11-09T22:14:56.233+0000] {processor.py:925} INFO - DAG(s) 'tutorial_taskflow_api_virtualenv' retrieved from /home/airflow/.local/lib/python3.12/site-packages/airflow/example_dags/tutorial_taskflow_api_virtualenv.py
[2025-11-09T22:14:56.288+0000] {logging_mixin.py:190} INFO - [2025-11-09T22:14:56.287+0000] {dag.py:3239} INFO - Sync 1 DAGs
[2025-11-09T22:14:56.329+0000] {logging_mixin.py:190} INFO - [2025-11-09T22:14:56.329+0000] {dag.py:4180} INFO - Setting next_dagrun for tutorial_taskflow_api_virtualenv to None, run_after=None
[2025-11-09T22:14:56.373+0000] {processor.py:208} INFO - Processing /home/airflow/.local/lib/python3.12/site-packages/airflow/example_dags/tutorial_taskflow_api_virtualenv.py took 0.197 seconds
[2025-11-09T22:15:26.911+0000] {processor.py:186} INFO - Started process (PID=8468) to work on /home/airflow/.local/lib/python3.12/site-packages/airflow/example_dags/tutorial_taskflow_api_virtualenv.py
[2025-11-09T22:15:26.912+0000] {processor.py:914} INFO - Processing file /home/airflow/.local/lib/python3.12/site-packages/airflow/example_dags/tutorial_taskflow_api_virtualenv.py for tasks to queue
[2025-11-09T22:15:26.918+0000] {logging_mixin.py:190} INFO - [2025-11-09T22:15:26.917+0000] {dagbag.py:588} INFO - Filling up the DagBag from /home/airflow/.local/lib/python3.12/site-packages/airflow/example_dags/tutorial_taskflow_api_virtualenv.py
[2025-11-09T22:15:26.940+0000] {processor.py:925} INFO - DAG(s) 'tutorial_taskflow_api_virtualenv' retrieved from /home/airflow/.local/lib/python3.12/site-packages/airflow/example_dags/tutorial_taskflow_api_virtualenv.py
[2025-11-09T22:15:26.977+0000] {logging_mixin.py:190} INFO - [2025-11-09T22:15:26.977+0000] {dag.py:3239} INFO - Sync 1 DAGs
[2025-11-09T22:15:27.005+0000] {logging_mixin.py:190} INFO - [2025-11-09T22:15:27.004+0000] {dag.py:4180} INFO - Setting next_dagrun for tutorial_taskflow_api_virtualenv to None, run_after=None
[2025-11-09T22:15:27.040+0000] {processor.py:208} INFO - Processing /home/airflow/.local/lib/python3.12/site-packages/airflow/example_dags/tutorial_taskflow_api_virtualenv.py took 0.140 seconds
[2025-11-09T22:15:58.126+0000] {processor.py:186} INFO - Started process (PID=8532) to work on /home/airflow/.local/lib/python3.12/site-packages/airflow/example_dags/tutorial_taskflow_api_virtualenv.py
[2025-11-09T22:15:58.128+0000] {processor.py:914} INFO - Processing file /home/airflow/.local/lib/python3.12/site-packages/airflow/example_dags/tutorial_taskflow_api_virtualenv.py for tasks to queue
[2025-11-09T22:15:58.134+0000] {logging_mixin.py:190} INFO - [2025-11-09T22:15:58.133+0000] {dagbag.py:588} INFO - Filling up the DagBag from /home/airflow/.local/lib/python3.12/site-packages/airflow/example_dags/tutorial_taskflow_api_virtualenv.py
[2025-11-09T22:15:58.158+0000] {processor.py:925} INFO - DAG(s) 'tutorial_taskflow_api_virtualenv' retrieved from /home/airflow/.local/lib/python3.12/site-packages/airflow/example_dags/tutorial_taskflow_api_virtualenv.py
[2025-11-09T22:15:58.200+0000] {logging_mixin.py:190} INFO - [2025-11-09T22:15:58.200+0000] {dag.py:3239} INFO - Sync 1 DAGs
[2025-11-09T22:15:58.233+0000] {logging_mixin.py:190} INFO - [2025-11-09T22:15:58.233+0000] {dag.py:4180} INFO - Setting next_dagrun for tutorial_taskflow_api_virtualenv to None, run_after=None
[2025-11-09T22:15:58.274+0000] {processor.py:208} INFO - Processing /home/airflow/.local/lib/python3.12/site-packages/airflow/example_dags/tutorial_taskflow_api_virtualenv.py took 0.163 seconds
[2025-11-09T22:16:28.578+0000] {processor.py:186} INFO - Started process (PID=8595) to work on /home/airflow/.local/lib/python3.12/site-packages/airflow/example_dags/tutorial_taskflow_api_virtualenv.py
[2025-11-09T22:16:28.581+0000] {processor.py:914} INFO - Processing file /home/airflow/.local/lib/python3.12/site-packages/airflow/example_dags/tutorial_taskflow_api_virtualenv.py for tasks to queue
[2025-11-09T22:16:28.586+0000] {logging_mixin.py:190} INFO - [2025-11-09T22:16:28.585+0000] {dagbag.py:588} INFO - Filling up the DagBag from /home/airflow/.local/lib/python3.12/site-packages/airflow/example_dags/tutorial_taskflow_api_virtualenv.py
[2025-11-09T22:16:28.614+0000] {processor.py:925} INFO - DAG(s) 'tutorial_taskflow_api_virtualenv' retrieved from /home/airflow/.local/lib/python3.12/site-packages/airflow/example_dags/tutorial_taskflow_api_virtualenv.py
[2025-11-09T22:16:28.654+0000] {logging_mixin.py:190} INFO - [2025-11-09T22:16:28.653+0000] {dag.py:3239} INFO - Sync 1 DAGs
[2025-11-09T22:16:28.683+0000] {logging_mixin.py:190} INFO - [2025-11-09T22:16:28.682+0000] {dag.py:4180} INFO - Setting next_dagrun for tutorial_taskflow_api_virtualenv to None, run_after=None
[2025-11-09T22:16:28.716+0000] {processor.py:208} INFO - Processing /home/airflow/.local/lib/python3.12/site-packages/airflow/example_dags/tutorial_taskflow_api_virtualenv.py took 0.150 seconds
[2025-11-09T22:16:59.023+0000] {processor.py:186} INFO - Started process (PID=8659) to work on /home/airflow/.local/lib/python3.12/site-packages/airflow/example_dags/tutorial_taskflow_api_virtualenv.py
[2025-11-09T22:16:59.026+0000] {processor.py:914} INFO - Processing file /home/airflow/.local/lib/python3.12/site-packages/airflow/example_dags/tutorial_taskflow_api_virtualenv.py for tasks to queue
[2025-11-09T22:16:59.031+0000] {logging_mixin.py:190} INFO - [2025-11-09T22:16:59.031+0000] {dagbag.py:588} INFO - Filling up the DagBag from /home/airflow/.local/lib/python3.12/site-packages/airflow/example_dags/tutorial_taskflow_api_virtualenv.py
[2025-11-09T22:16:59.064+0000] {processor.py:925} INFO - DAG(s) 'tutorial_taskflow_api_virtualenv' retrieved from /home/airflow/.local/lib/python3.12/site-packages/airflow/example_dags/tutorial_taskflow_api_virtualenv.py
[2025-11-09T22:16:59.107+0000] {logging_mixin.py:190} INFO - [2025-11-09T22:16:59.107+0000] {dag.py:3239} INFO - Sync 1 DAGs
[2025-11-09T22:16:59.142+0000] {logging_mixin.py:190} INFO - [2025-11-09T22:16:59.142+0000] {dag.py:4180} INFO - Setting next_dagrun for tutorial_taskflow_api_virtualenv to None, run_after=None
[2025-11-09T22:16:59.182+0000] {processor.py:208} INFO - Processing /home/airflow/.local/lib/python3.12/site-packages/airflow/example_dags/tutorial_taskflow_api_virtualenv.py took 0.171 seconds
[2025-11-09T22:17:29.502+0000] {processor.py:186} INFO - Started process (PID=8723) to work on /home/airflow/.local/lib/python3.12/site-packages/airflow/example_dags/tutorial_taskflow_api_virtualenv.py
[2025-11-09T22:17:29.504+0000] {processor.py:914} INFO - Processing file /home/airflow/.local/lib/python3.12/site-packages/airflow/example_dags/tutorial_taskflow_api_virtualenv.py for tasks to queue
[2025-11-09T22:17:29.510+0000] {logging_mixin.py:190} INFO - [2025-11-09T22:17:29.509+0000] {dagbag.py:588} INFO - Filling up the DagBag from /home/airflow/.local/lib/python3.12/site-packages/airflow/example_dags/tutorial_taskflow_api_virtualenv.py
[2025-11-09T22:17:29.533+0000] {processor.py:925} INFO - DAG(s) 'tutorial_taskflow_api_virtualenv' retrieved from /home/airflow/.local/lib/python3.12/site-packages/airflow/example_dags/tutorial_taskflow_api_virtualenv.py
[2025-11-09T22:17:29.568+0000] {logging_mixin.py:190} INFO - [2025-11-09T22:17:29.568+0000] {dag.py:3239} INFO - Sync 1 DAGs
[2025-11-09T22:17:29.593+0000] {logging_mixin.py:190} INFO - [2025-11-09T22:17:29.593+0000] {dag.py:4180} INFO - Setting next_dagrun for tutorial_taskflow_api_virtualenv to None, run_after=None
[2025-11-09T22:17:29.628+0000] {processor.py:208} INFO - Processing /home/airflow/.local/lib/python3.12/site-packages/airflow/example_dags/tutorial_taskflow_api_virtualenv.py took 0.140 seconds
[2025-11-09T22:17:59.748+0000] {processor.py:186} INFO - Started process (PID=8787) to work on /home/airflow/.local/lib/python3.12/site-packages/airflow/example_dags/tutorial_taskflow_api_virtualenv.py
[2025-11-09T22:17:59.750+0000] {processor.py:914} INFO - Processing file /home/airflow/.local/lib/python3.12/site-packages/airflow/example_dags/tutorial_taskflow_api_virtualenv.py for tasks to queue
[2025-11-09T22:17:59.755+0000] {logging_mixin.py:190} INFO - [2025-11-09T22:17:59.754+0000] {dagbag.py:588} INFO - Filling up the DagBag from /home/airflow/.local/lib/python3.12/site-packages/airflow/example_dags/tutorial_taskflow_api_virtualenv.py
[2025-11-09T22:17:59.779+0000] {processor.py:925} INFO - DAG(s) 'tutorial_taskflow_api_virtualenv' retrieved from /home/airflow/.local/lib/python3.12/site-packages/airflow/example_dags/tutorial_taskflow_api_virtualenv.py
[2025-11-09T22:17:59.821+0000] {logging_mixin.py:190} INFO - [2025-11-09T22:17:59.820+0000] {dag.py:3239} INFO - Sync 1 DAGs
[2025-11-09T22:17:59.852+0000] {logging_mixin.py:190} INFO - [2025-11-09T22:17:59.851+0000] {dag.py:4180} INFO - Setting next_dagrun for tutorial_taskflow_api_virtualenv to None, run_after=None
[2025-11-09T22:17:59.887+0000] {processor.py:208} INFO - Processing /home/airflow/.local/lib/python3.12/site-packages/airflow/example_dags/tutorial_taskflow_api_virtualenv.py took 0.151 seconds
[2025-11-09T22:18:30.153+0000] {processor.py:186} INFO - Started process (PID=8851) to work on /home/airflow/.local/lib/python3.12/site-packages/airflow/example_dags/tutorial_taskflow_api_virtualenv.py
[2025-11-09T22:18:30.156+0000] {processor.py:914} INFO - Processing file /home/airflow/.local/lib/python3.12/site-packages/airflow/example_dags/tutorial_taskflow_api_virtualenv.py for tasks to queue
[2025-11-09T22:18:30.162+0000] {logging_mixin.py:190} INFO - [2025-11-09T22:18:30.161+0000] {dagbag.py:588} INFO - Filling up the DagBag from /home/airflow/.local/lib/python3.12/site-packages/airflow/example_dags/tutorial_taskflow_api_virtualenv.py
[2025-11-09T22:18:30.188+0000] {processor.py:925} INFO - DAG(s) 'tutorial_taskflow_api_virtualenv' retrieved from /home/airflow/.local/lib/python3.12/site-packages/airflow/example_dags/tutorial_taskflow_api_virtualenv.py
[2025-11-09T22:18:30.230+0000] {logging_mixin.py:190} INFO - [2025-11-09T22:18:30.230+0000] {dag.py:3239} INFO - Sync 1 DAGs
[2025-11-09T22:18:30.258+0000] {logging_mixin.py:190} INFO - [2025-11-09T22:18:30.257+0000] {dag.py:4180} INFO - Setting next_dagrun for tutorial_taskflow_api_virtualenv to None, run_after=None
[2025-11-09T22:18:30.293+0000] {processor.py:208} INFO - Processing /home/airflow/.local/lib/python3.12/site-packages/airflow/example_dags/tutorial_taskflow_api_virtualenv.py took 0.154 seconds
[2025-11-09T22:19:01.120+0000] {processor.py:186} INFO - Started process (PID=8915) to work on /home/airflow/.local/lib/python3.12/site-packages/airflow/example_dags/tutorial_taskflow_api_virtualenv.py
[2025-11-09T22:19:01.123+0000] {processor.py:914} INFO - Processing file /home/airflow/.local/lib/python3.12/site-packages/airflow/example_dags/tutorial_taskflow_api_virtualenv.py for tasks to queue
[2025-11-09T22:19:01.129+0000] {logging_mixin.py:190} INFO - [2025-11-09T22:19:01.128+0000] {dagbag.py:588} INFO - Filling up the DagBag from /home/airflow/.local/lib/python3.12/site-packages/airflow/example_dags/tutorial_taskflow_api_virtualenv.py
[2025-11-09T22:19:01.153+0000] {processor.py:925} INFO - DAG(s) 'tutorial_taskflow_api_virtualenv' retrieved from /home/airflow/.local/lib/python3.12/site-packages/airflow/example_dags/tutorial_taskflow_api_virtualenv.py
[2025-11-09T22:19:01.190+0000] {logging_mixin.py:190} INFO - [2025-11-09T22:19:01.190+0000] {dag.py:3239} INFO - Sync 1 DAGs
[2025-11-09T22:19:01.215+0000] {logging_mixin.py:190} INFO - [2025-11-09T22:19:01.215+0000] {dag.py:4180} INFO - Setting next_dagrun for tutorial_taskflow_api_virtualenv to None, run_after=None
[2025-11-09T22:19:01.249+0000] {processor.py:208} INFO - Processing /home/airflow/.local/lib/python3.12/site-packages/airflow/example_dags/tutorial_taskflow_api_virtualenv.py took 0.142 seconds
[2025-11-09T22:19:31.711+0000] {processor.py:186} INFO - Started process (PID=8980) to work on /home/airflow/.local/lib/python3.12/site-packages/airflow/example_dags/tutorial_taskflow_api_virtualenv.py
[2025-11-09T22:19:31.713+0000] {processor.py:914} INFO - Processing file /home/airflow/.local/lib/python3.12/site-packages/airflow/example_dags/tutorial_taskflow_api_virtualenv.py for tasks to queue
[2025-11-09T22:19:31.718+0000] {logging_mixin.py:190} INFO - [2025-11-09T22:19:31.717+0000] {dagbag.py:588} INFO - Filling up the DagBag from /home/airflow/.local/lib/python3.12/site-packages/airflow/example_dags/tutorial_taskflow_api_virtualenv.py
[2025-11-09T22:19:31.738+0000] {processor.py:925} INFO - DAG(s) 'tutorial_taskflow_api_virtualenv' retrieved from /home/airflow/.local/lib/python3.12/site-packages/airflow/example_dags/tutorial_taskflow_api_virtualenv.py
[2025-11-09T22:19:31.772+0000] {logging_mixin.py:190} INFO - [2025-11-09T22:19:31.772+0000] {dag.py:3239} INFO - Sync 1 DAGs
[2025-11-09T22:19:32.059+0000] {logging_mixin.py:190} INFO - [2025-11-09T22:19:32.059+0000] {dag.py:4180} INFO - Setting next_dagrun for tutorial_taskflow_api_virtualenv to None, run_after=None
[2025-11-09T22:19:32.092+0000] {processor.py:208} INFO - Processing /home/airflow/.local/lib/python3.12/site-packages/airflow/example_dags/tutorial_taskflow_api_virtualenv.py took 0.394 seconds
[2025-11-09T22:20:02.548+0000] {processor.py:186} INFO - Started process (PID=9044) to work on /home/airflow/.local/lib/python3.12/site-packages/airflow/example_dags/tutorial_taskflow_api_virtualenv.py
[2025-11-09T22:20:02.551+0000] {processor.py:914} INFO - Processing file /home/airflow/.local/lib/python3.12/site-packages/airflow/example_dags/tutorial_taskflow_api_virtualenv.py for tasks to queue
[2025-11-09T22:20:02.561+0000] {logging_mixin.py:190} INFO - [2025-11-09T22:20:02.560+0000] {dagbag.py:588} INFO - Filling up the DagBag from /home/airflow/.local/lib/python3.12/site-packages/airflow/example_dags/tutorial_taskflow_api_virtualenv.py
[2025-11-09T22:20:02.594+0000] {processor.py:925} INFO - DAG(s) 'tutorial_taskflow_api_virtualenv' retrieved from /home/airflow/.local/lib/python3.12/site-packages/airflow/example_dags/tutorial_taskflow_api_virtualenv.py
[2025-11-09T22:20:02.637+0000] {logging_mixin.py:190} INFO - [2025-11-09T22:20:02.636+0000] {dag.py:3239} INFO - Sync 1 DAGs
[2025-11-09T22:20:02.895+0000] {logging_mixin.py:190} INFO - [2025-11-09T22:20:02.895+0000] {dag.py:4180} INFO - Setting next_dagrun for tutorial_taskflow_api_virtualenv to None, run_after=None
[2025-11-09T22:20:02.932+0000] {processor.py:208} INFO - Processing /home/airflow/.local/lib/python3.12/site-packages/airflow/example_dags/tutorial_taskflow_api_virtualenv.py took 0.400 seconds
[2025-11-09T22:20:33.512+0000] {processor.py:186} INFO - Started process (PID=9108) to work on /home/airflow/.local/lib/python3.12/site-packages/airflow/example_dags/tutorial_taskflow_api_virtualenv.py
[2025-11-09T22:20:33.519+0000] {processor.py:914} INFO - Processing file /home/airflow/.local/lib/python3.12/site-packages/airflow/example_dags/tutorial_taskflow_api_virtualenv.py for tasks to queue
[2025-11-09T22:20:33.526+0000] {logging_mixin.py:190} INFO - [2025-11-09T22:20:33.525+0000] {dagbag.py:588} INFO - Filling up the DagBag from /home/airflow/.local/lib/python3.12/site-packages/airflow/example_dags/tutorial_taskflow_api_virtualenv.py
[2025-11-09T22:20:33.566+0000] {processor.py:925} INFO - DAG(s) 'tutorial_taskflow_api_virtualenv' retrieved from /home/airflow/.local/lib/python3.12/site-packages/airflow/example_dags/tutorial_taskflow_api_virtualenv.py
[2025-11-09T22:20:33.617+0000] {logging_mixin.py:190} INFO - [2025-11-09T22:20:33.617+0000] {dag.py:3239} INFO - Sync 1 DAGs
[2025-11-09T22:20:33.950+0000] {logging_mixin.py:190} INFO - [2025-11-09T22:20:33.950+0000] {dag.py:4180} INFO - Setting next_dagrun for tutorial_taskflow_api_virtualenv to None, run_after=None
[2025-11-09T22:20:33.989+0000] {processor.py:208} INFO - Processing /home/airflow/.local/lib/python3.12/site-packages/airflow/example_dags/tutorial_taskflow_api_virtualenv.py took 0.495 seconds
[2025-11-09T22:21:04.207+0000] {processor.py:186} INFO - Started process (PID=9172) to work on /home/airflow/.local/lib/python3.12/site-packages/airflow/example_dags/tutorial_taskflow_api_virtualenv.py
[2025-11-09T22:21:04.209+0000] {processor.py:914} INFO - Processing file /home/airflow/.local/lib/python3.12/site-packages/airflow/example_dags/tutorial_taskflow_api_virtualenv.py for tasks to queue
[2025-11-09T22:21:04.215+0000] {logging_mixin.py:190} INFO - [2025-11-09T22:21:04.214+0000] {dagbag.py:588} INFO - Filling up the DagBag from /home/airflow/.local/lib/python3.12/site-packages/airflow/example_dags/tutorial_taskflow_api_virtualenv.py
[2025-11-09T22:21:04.239+0000] {processor.py:925} INFO - DAG(s) 'tutorial_taskflow_api_virtualenv' retrieved from /home/airflow/.local/lib/python3.12/site-packages/airflow/example_dags/tutorial_taskflow_api_virtualenv.py
[2025-11-09T22:21:04.279+0000] {logging_mixin.py:190} INFO - [2025-11-09T22:21:04.279+0000] {dag.py:3239} INFO - Sync 1 DAGs
[2025-11-09T22:21:04.304+0000] {logging_mixin.py:190} INFO - [2025-11-09T22:21:04.304+0000] {dag.py:4180} INFO - Setting next_dagrun for tutorial_taskflow_api_virtualenv to None, run_after=None
[2025-11-09T22:21:04.342+0000] {processor.py:208} INFO - Processing /home/airflow/.local/lib/python3.12/site-packages/airflow/example_dags/tutorial_taskflow_api_virtualenv.py took 0.145 seconds
[2025-11-09T22:21:34.944+0000] {processor.py:186} INFO - Started process (PID=9236) to work on /home/airflow/.local/lib/python3.12/site-packages/airflow/example_dags/tutorial_taskflow_api_virtualenv.py
[2025-11-09T22:21:34.950+0000] {processor.py:914} INFO - Processing file /home/airflow/.local/lib/python3.12/site-packages/airflow/example_dags/tutorial_taskflow_api_virtualenv.py for tasks to queue
[2025-11-09T22:21:34.956+0000] {logging_mixin.py:190} INFO - [2025-11-09T22:21:34.955+0000] {dagbag.py:588} INFO - Filling up the DagBag from /home/airflow/.local/lib/python3.12/site-packages/airflow/example_dags/tutorial_taskflow_api_virtualenv.py
[2025-11-09T22:21:34.982+0000] {processor.py:925} INFO - DAG(s) 'tutorial_taskflow_api_virtualenv' retrieved from /home/airflow/.local/lib/python3.12/site-packages/airflow/example_dags/tutorial_taskflow_api_virtualenv.py
[2025-11-09T22:21:35.018+0000] {logging_mixin.py:190} INFO - [2025-11-09T22:21:35.018+0000] {dag.py:3239} INFO - Sync 1 DAGs
[2025-11-09T22:21:35.044+0000] {logging_mixin.py:190} INFO - [2025-11-09T22:21:35.044+0000] {dag.py:4180} INFO - Setting next_dagrun for tutorial_taskflow_api_virtualenv to None, run_after=None
[2025-11-09T22:21:35.079+0000] {processor.py:208} INFO - Processing /home/airflow/.local/lib/python3.12/site-packages/airflow/example_dags/tutorial_taskflow_api_virtualenv.py took 0.146 seconds
[2025-11-09T22:22:05.214+0000] {processor.py:186} INFO - Started process (PID=9301) to work on /home/airflow/.local/lib/python3.12/site-packages/airflow/example_dags/tutorial_taskflow_api_virtualenv.py
[2025-11-09T22:22:05.216+0000] {processor.py:914} INFO - Processing file /home/airflow/.local/lib/python3.12/site-packages/airflow/example_dags/tutorial_taskflow_api_virtualenv.py for tasks to queue
[2025-11-09T22:22:05.223+0000] {logging_mixin.py:190} INFO - [2025-11-09T22:22:05.222+0000] {dagbag.py:588} INFO - Filling up the DagBag from /home/airflow/.local/lib/python3.12/site-packages/airflow/example_dags/tutorial_taskflow_api_virtualenv.py
[2025-11-09T22:22:05.252+0000] {processor.py:925} INFO - DAG(s) 'tutorial_taskflow_api_virtualenv' retrieved from /home/airflow/.local/lib/python3.12/site-packages/airflow/example_dags/tutorial_taskflow_api_virtualenv.py
[2025-11-09T22:22:05.302+0000] {logging_mixin.py:190} INFO - [2025-11-09T22:22:05.301+0000] {dag.py:3239} INFO - Sync 1 DAGs
[2025-11-09T22:22:05.330+0000] {logging_mixin.py:190} INFO - [2025-11-09T22:22:05.330+0000] {dag.py:4180} INFO - Setting next_dagrun for tutorial_taskflow_api_virtualenv to None, run_after=None
[2025-11-09T22:22:05.369+0000] {processor.py:208} INFO - Processing /home/airflow/.local/lib/python3.12/site-packages/airflow/example_dags/tutorial_taskflow_api_virtualenv.py took 0.169 seconds
[2025-11-09T22:22:35.479+0000] {processor.py:186} INFO - Started process (PID=9364) to work on /home/airflow/.local/lib/python3.12/site-packages/airflow/example_dags/tutorial_taskflow_api_virtualenv.py
[2025-11-09T22:22:35.481+0000] {processor.py:914} INFO - Processing file /home/airflow/.local/lib/python3.12/site-packages/airflow/example_dags/tutorial_taskflow_api_virtualenv.py for tasks to queue
[2025-11-09T22:22:35.485+0000] {logging_mixin.py:190} INFO - [2025-11-09T22:22:35.485+0000] {dagbag.py:588} INFO - Filling up the DagBag from /home/airflow/.local/lib/python3.12/site-packages/airflow/example_dags/tutorial_taskflow_api_virtualenv.py
[2025-11-09T22:22:35.504+0000] {processor.py:925} INFO - DAG(s) 'tutorial_taskflow_api_virtualenv' retrieved from /home/airflow/.local/lib/python3.12/site-packages/airflow/example_dags/tutorial_taskflow_api_virtualenv.py
[2025-11-09T22:22:35.546+0000] {logging_mixin.py:190} INFO - [2025-11-09T22:22:35.545+0000] {dag.py:3239} INFO - Sync 1 DAGs
[2025-11-09T22:22:35.576+0000] {logging_mixin.py:190} INFO - [2025-11-09T22:22:35.575+0000] {dag.py:4180} INFO - Setting next_dagrun for tutorial_taskflow_api_virtualenv to None, run_after=None
[2025-11-09T22:22:35.606+0000] {processor.py:208} INFO - Processing /home/airflow/.local/lib/python3.12/site-packages/airflow/example_dags/tutorial_taskflow_api_virtualenv.py took 0.136 seconds
[2025-11-09T22:23:06.196+0000] {processor.py:186} INFO - Started process (PID=9429) to work on /home/airflow/.local/lib/python3.12/site-packages/airflow/example_dags/tutorial_taskflow_api_virtualenv.py
[2025-11-09T22:23:06.198+0000] {processor.py:914} INFO - Processing file /home/airflow/.local/lib/python3.12/site-packages/airflow/example_dags/tutorial_taskflow_api_virtualenv.py for tasks to queue
[2025-11-09T22:23:06.204+0000] {logging_mixin.py:190} INFO - [2025-11-09T22:23:06.203+0000] {dagbag.py:588} INFO - Filling up the DagBag from /home/airflow/.local/lib/python3.12/site-packages/airflow/example_dags/tutorial_taskflow_api_virtualenv.py
[2025-11-09T22:23:06.225+0000] {processor.py:925} INFO - DAG(s) 'tutorial_taskflow_api_virtualenv' retrieved from /home/airflow/.local/lib/python3.12/site-packages/airflow/example_dags/tutorial_taskflow_api_virtualenv.py
[2025-11-09T22:23:06.262+0000] {logging_mixin.py:190} INFO - [2025-11-09T22:23:06.262+0000] {dag.py:3239} INFO - Sync 1 DAGs
[2025-11-09T22:23:06.285+0000] {logging_mixin.py:190} INFO - [2025-11-09T22:23:06.285+0000] {dag.py:4180} INFO - Setting next_dagrun for tutorial_taskflow_api_virtualenv to None, run_after=None
[2025-11-09T22:23:06.322+0000] {processor.py:208} INFO - Processing /home/airflow/.local/lib/python3.12/site-packages/airflow/example_dags/tutorial_taskflow_api_virtualenv.py took 0.136 seconds
[2025-11-09T22:23:36.458+0000] {processor.py:186} INFO - Started process (PID=9493) to work on /home/airflow/.local/lib/python3.12/site-packages/airflow/example_dags/tutorial_taskflow_api_virtualenv.py
[2025-11-09T22:23:36.460+0000] {processor.py:914} INFO - Processing file /home/airflow/.local/lib/python3.12/site-packages/airflow/example_dags/tutorial_taskflow_api_virtualenv.py for tasks to queue
[2025-11-09T22:23:36.465+0000] {logging_mixin.py:190} INFO - [2025-11-09T22:23:36.464+0000] {dagbag.py:588} INFO - Filling up the DagBag from /home/airflow/.local/lib/python3.12/site-packages/airflow/example_dags/tutorial_taskflow_api_virtualenv.py
[2025-11-09T22:23:36.491+0000] {processor.py:925} INFO - DAG(s) 'tutorial_taskflow_api_virtualenv' retrieved from /home/airflow/.local/lib/python3.12/site-packages/airflow/example_dags/tutorial_taskflow_api_virtualenv.py
[2025-11-09T22:23:36.538+0000] {logging_mixin.py:190} INFO - [2025-11-09T22:23:36.538+0000] {dag.py:3239} INFO - Sync 1 DAGs
[2025-11-09T22:23:36.564+0000] {logging_mixin.py:190} INFO - [2025-11-09T22:23:36.564+0000] {dag.py:4180} INFO - Setting next_dagrun for tutorial_taskflow_api_virtualenv to None, run_after=None
[2025-11-09T22:23:36.609+0000] {processor.py:208} INFO - Processing /home/airflow/.local/lib/python3.12/site-packages/airflow/example_dags/tutorial_taskflow_api_virtualenv.py took 0.162 seconds
[2025-11-09T22:24:06.996+0000] {processor.py:186} INFO - Started process (PID=9556) to work on /home/airflow/.local/lib/python3.12/site-packages/airflow/example_dags/tutorial_taskflow_api_virtualenv.py
[2025-11-09T22:24:06.997+0000] {processor.py:914} INFO - Processing file /home/airflow/.local/lib/python3.12/site-packages/airflow/example_dags/tutorial_taskflow_api_virtualenv.py for tasks to queue
[2025-11-09T22:24:07.002+0000] {logging_mixin.py:190} INFO - [2025-11-09T22:24:07.002+0000] {dagbag.py:588} INFO - Filling up the DagBag from /home/airflow/.local/lib/python3.12/site-packages/airflow/example_dags/tutorial_taskflow_api_virtualenv.py
[2025-11-09T22:24:07.023+0000] {processor.py:925} INFO - DAG(s) 'tutorial_taskflow_api_virtualenv' retrieved from /home/airflow/.local/lib/python3.12/site-packages/airflow/example_dags/tutorial_taskflow_api_virtualenv.py
[2025-11-09T22:24:07.064+0000] {logging_mixin.py:190} INFO - [2025-11-09T22:24:07.064+0000] {dag.py:3239} INFO - Sync 1 DAGs
[2025-11-09T22:24:07.088+0000] {logging_mixin.py:190} INFO - [2025-11-09T22:24:07.087+0000] {dag.py:4180} INFO - Setting next_dagrun for tutorial_taskflow_api_virtualenv to None, run_after=None
[2025-11-09T22:24:07.117+0000] {processor.py:208} INFO - Processing /home/airflow/.local/lib/python3.12/site-packages/airflow/example_dags/tutorial_taskflow_api_virtualenv.py took 0.133 seconds
[2025-11-09T22:24:38.515+0000] {processor.py:186} INFO - Started process (PID=9621) to work on /home/airflow/.local/lib/python3.12/site-packages/airflow/example_dags/tutorial_taskflow_api_virtualenv.py
[2025-11-09T22:24:38.517+0000] {processor.py:914} INFO - Processing file /home/airflow/.local/lib/python3.12/site-packages/airflow/example_dags/tutorial_taskflow_api_virtualenv.py for tasks to queue
[2025-11-09T22:24:38.522+0000] {logging_mixin.py:190} INFO - [2025-11-09T22:24:38.521+0000] {dagbag.py:588} INFO - Filling up the DagBag from /home/airflow/.local/lib/python3.12/site-packages/airflow/example_dags/tutorial_taskflow_api_virtualenv.py
[2025-11-09T22:24:38.544+0000] {processor.py:925} INFO - DAG(s) 'tutorial_taskflow_api_virtualenv' retrieved from /home/airflow/.local/lib/python3.12/site-packages/airflow/example_dags/tutorial_taskflow_api_virtualenv.py
[2025-11-09T22:24:38.581+0000] {logging_mixin.py:190} INFO - [2025-11-09T22:24:38.581+0000] {dag.py:3239} INFO - Sync 1 DAGs
[2025-11-09T22:24:38.634+0000] {logging_mixin.py:190} INFO - [2025-11-09T22:24:38.634+0000] {dag.py:4180} INFO - Setting next_dagrun for tutorial_taskflow_api_virtualenv to None, run_after=None
[2025-11-09T22:24:38.691+0000] {processor.py:208} INFO - Processing /home/airflow/.local/lib/python3.12/site-packages/airflow/example_dags/tutorial_taskflow_api_virtualenv.py took 0.188 seconds
[2025-11-09T22:25:09.570+0000] {processor.py:186} INFO - Started process (PID=9685) to work on /home/airflow/.local/lib/python3.12/site-packages/airflow/example_dags/tutorial_taskflow_api_virtualenv.py
[2025-11-09T22:25:09.572+0000] {processor.py:914} INFO - Processing file /home/airflow/.local/lib/python3.12/site-packages/airflow/example_dags/tutorial_taskflow_api_virtualenv.py for tasks to queue
[2025-11-09T22:25:09.578+0000] {logging_mixin.py:190} INFO - [2025-11-09T22:25:09.577+0000] {dagbag.py:588} INFO - Filling up the DagBag from /home/airflow/.local/lib/python3.12/site-packages/airflow/example_dags/tutorial_taskflow_api_virtualenv.py
[2025-11-09T22:25:09.599+0000] {processor.py:925} INFO - DAG(s) 'tutorial_taskflow_api_virtualenv' retrieved from /home/airflow/.local/lib/python3.12/site-packages/airflow/example_dags/tutorial_taskflow_api_virtualenv.py
[2025-11-09T22:25:09.638+0000] {logging_mixin.py:190} INFO - [2025-11-09T22:25:09.638+0000] {dag.py:3239} INFO - Sync 1 DAGs
[2025-11-09T22:25:09.663+0000] {logging_mixin.py:190} INFO - [2025-11-09T22:25:09.663+0000] {dag.py:4180} INFO - Setting next_dagrun for tutorial_taskflow_api_virtualenv to None, run_after=None
[2025-11-09T22:25:09.698+0000] {processor.py:208} INFO - Processing /home/airflow/.local/lib/python3.12/site-packages/airflow/example_dags/tutorial_taskflow_api_virtualenv.py took 0.139 seconds
[2025-11-09T22:25:40.276+0000] {processor.py:186} INFO - Started process (PID=9749) to work on /home/airflow/.local/lib/python3.12/site-packages/airflow/example_dags/tutorial_taskflow_api_virtualenv.py
[2025-11-09T22:25:40.278+0000] {processor.py:914} INFO - Processing file /home/airflow/.local/lib/python3.12/site-packages/airflow/example_dags/tutorial_taskflow_api_virtualenv.py for tasks to queue
[2025-11-09T22:25:40.282+0000] {logging_mixin.py:190} INFO - [2025-11-09T22:25:40.282+0000] {dagbag.py:588} INFO - Filling up the DagBag from /home/airflow/.local/lib/python3.12/site-packages/airflow/example_dags/tutorial_taskflow_api_virtualenv.py
[2025-11-09T22:25:40.302+0000] {processor.py:925} INFO - DAG(s) 'tutorial_taskflow_api_virtualenv' retrieved from /home/airflow/.local/lib/python3.12/site-packages/airflow/example_dags/tutorial_taskflow_api_virtualenv.py
[2025-11-09T22:25:40.338+0000] {logging_mixin.py:190} INFO - [2025-11-09T22:25:40.338+0000] {dag.py:3239} INFO - Sync 1 DAGs
[2025-11-09T22:25:40.366+0000] {logging_mixin.py:190} INFO - [2025-11-09T22:25:40.366+0000] {dag.py:4180} INFO - Setting next_dagrun for tutorial_taskflow_api_virtualenv to None, run_after=None
[2025-11-09T22:25:40.402+0000] {processor.py:208} INFO - Processing /home/airflow/.local/lib/python3.12/site-packages/airflow/example_dags/tutorial_taskflow_api_virtualenv.py took 0.135 seconds
[2025-11-09T22:26:11.205+0000] {processor.py:186} INFO - Started process (PID=9813) to work on /home/airflow/.local/lib/python3.12/site-packages/airflow/example_dags/tutorial_taskflow_api_virtualenv.py
[2025-11-09T22:26:11.207+0000] {processor.py:914} INFO - Processing file /home/airflow/.local/lib/python3.12/site-packages/airflow/example_dags/tutorial_taskflow_api_virtualenv.py for tasks to queue
[2025-11-09T22:26:11.212+0000] {logging_mixin.py:190} INFO - [2025-11-09T22:26:11.211+0000] {dagbag.py:588} INFO - Filling up the DagBag from /home/airflow/.local/lib/python3.12/site-packages/airflow/example_dags/tutorial_taskflow_api_virtualenv.py
[2025-11-09T22:26:11.237+0000] {processor.py:925} INFO - DAG(s) 'tutorial_taskflow_api_virtualenv' retrieved from /home/airflow/.local/lib/python3.12/site-packages/airflow/example_dags/tutorial_taskflow_api_virtualenv.py
[2025-11-09T22:26:11.272+0000] {logging_mixin.py:190} INFO - [2025-11-09T22:26:11.272+0000] {dag.py:3239} INFO - Sync 1 DAGs
[2025-11-09T22:26:11.297+0000] {logging_mixin.py:190} INFO - [2025-11-09T22:26:11.297+0000] {dag.py:4180} INFO - Setting next_dagrun for tutorial_taskflow_api_virtualenv to None, run_after=None
[2025-11-09T22:26:11.333+0000] {processor.py:208} INFO - Processing /home/airflow/.local/lib/python3.12/site-packages/airflow/example_dags/tutorial_taskflow_api_virtualenv.py took 0.140 seconds
[2025-11-09T22:26:41.450+0000] {processor.py:186} INFO - Started process (PID=9877) to work on /home/airflow/.local/lib/python3.12/site-packages/airflow/example_dags/tutorial_taskflow_api_virtualenv.py
[2025-11-09T22:26:41.453+0000] {processor.py:914} INFO - Processing file /home/airflow/.local/lib/python3.12/site-packages/airflow/example_dags/tutorial_taskflow_api_virtualenv.py for tasks to queue
[2025-11-09T22:26:41.459+0000] {logging_mixin.py:190} INFO - [2025-11-09T22:26:41.458+0000] {dagbag.py:588} INFO - Filling up the DagBag from /home/airflow/.local/lib/python3.12/site-packages/airflow/example_dags/tutorial_taskflow_api_virtualenv.py
[2025-11-09T22:26:41.484+0000] {processor.py:925} INFO - DAG(s) 'tutorial_taskflow_api_virtualenv' retrieved from /home/airflow/.local/lib/python3.12/site-packages/airflow/example_dags/tutorial_taskflow_api_virtualenv.py
[2025-11-09T22:26:41.524+0000] {logging_mixin.py:190} INFO - [2025-11-09T22:26:41.524+0000] {dag.py:3239} INFO - Sync 1 DAGs
[2025-11-09T22:26:41.555+0000] {logging_mixin.py:190} INFO - [2025-11-09T22:26:41.555+0000] {dag.py:4180} INFO - Setting next_dagrun for tutorial_taskflow_api_virtualenv to None, run_after=None
[2025-11-09T22:26:41.592+0000] {processor.py:208} INFO - Processing /home/airflow/.local/lib/python3.12/site-packages/airflow/example_dags/tutorial_taskflow_api_virtualenv.py took 0.153 seconds
[2025-11-09T22:27:12.009+0000] {processor.py:186} INFO - Started process (PID=9947) to work on /home/airflow/.local/lib/python3.12/site-packages/airflow/example_dags/tutorial_taskflow_api_virtualenv.py
[2025-11-09T22:27:12.011+0000] {processor.py:914} INFO - Processing file /home/airflow/.local/lib/python3.12/site-packages/airflow/example_dags/tutorial_taskflow_api_virtualenv.py for tasks to queue
[2025-11-09T22:27:12.017+0000] {logging_mixin.py:190} INFO - [2025-11-09T22:27:12.016+0000] {dagbag.py:588} INFO - Filling up the DagBag from /home/airflow/.local/lib/python3.12/site-packages/airflow/example_dags/tutorial_taskflow_api_virtualenv.py
[2025-11-09T22:27:12.039+0000] {processor.py:925} INFO - DAG(s) 'tutorial_taskflow_api_virtualenv' retrieved from /home/airflow/.local/lib/python3.12/site-packages/airflow/example_dags/tutorial_taskflow_api_virtualenv.py
[2025-11-09T22:27:12.079+0000] {logging_mixin.py:190} INFO - [2025-11-09T22:27:12.079+0000] {dag.py:3239} INFO - Sync 1 DAGs
[2025-11-09T22:27:12.106+0000] {logging_mixin.py:190} INFO - [2025-11-09T22:27:12.105+0000] {dag.py:4180} INFO - Setting next_dagrun for tutorial_taskflow_api_virtualenv to None, run_after=None
[2025-11-09T22:27:12.144+0000] {processor.py:208} INFO - Processing /home/airflow/.local/lib/python3.12/site-packages/airflow/example_dags/tutorial_taskflow_api_virtualenv.py took 0.147 seconds
[2025-11-09T22:27:42.403+0000] {processor.py:186} INFO - Started process (PID=10010) to work on /home/airflow/.local/lib/python3.12/site-packages/airflow/example_dags/tutorial_taskflow_api_virtualenv.py
[2025-11-09T22:27:42.406+0000] {processor.py:914} INFO - Processing file /home/airflow/.local/lib/python3.12/site-packages/airflow/example_dags/tutorial_taskflow_api_virtualenv.py for tasks to queue
[2025-11-09T22:27:42.411+0000] {logging_mixin.py:190} INFO - [2025-11-09T22:27:42.410+0000] {dagbag.py:588} INFO - Filling up the DagBag from /home/airflow/.local/lib/python3.12/site-packages/airflow/example_dags/tutorial_taskflow_api_virtualenv.py
[2025-11-09T22:27:42.433+0000] {processor.py:925} INFO - DAG(s) 'tutorial_taskflow_api_virtualenv' retrieved from /home/airflow/.local/lib/python3.12/site-packages/airflow/example_dags/tutorial_taskflow_api_virtualenv.py
[2025-11-09T22:27:42.477+0000] {logging_mixin.py:190} INFO - [2025-11-09T22:27:42.477+0000] {dag.py:3239} INFO - Sync 1 DAGs
[2025-11-09T22:27:42.504+0000] {logging_mixin.py:190} INFO - [2025-11-09T22:27:42.504+0000] {dag.py:4180} INFO - Setting next_dagrun for tutorial_taskflow_api_virtualenv to None, run_after=None
[2025-11-09T22:27:42.545+0000] {processor.py:208} INFO - Processing /home/airflow/.local/lib/python3.12/site-packages/airflow/example_dags/tutorial_taskflow_api_virtualenv.py took 0.159 seconds
[2025-11-09T22:28:13.225+0000] {processor.py:186} INFO - Started process (PID=10074) to work on /home/airflow/.local/lib/python3.12/site-packages/airflow/example_dags/tutorial_taskflow_api_virtualenv.py
[2025-11-09T22:28:13.227+0000] {processor.py:914} INFO - Processing file /home/airflow/.local/lib/python3.12/site-packages/airflow/example_dags/tutorial_taskflow_api_virtualenv.py for tasks to queue
[2025-11-09T22:28:13.231+0000] {logging_mixin.py:190} INFO - [2025-11-09T22:28:13.231+0000] {dagbag.py:588} INFO - Filling up the DagBag from /home/airflow/.local/lib/python3.12/site-packages/airflow/example_dags/tutorial_taskflow_api_virtualenv.py
[2025-11-09T22:28:13.254+0000] {processor.py:925} INFO - DAG(s) 'tutorial_taskflow_api_virtualenv' retrieved from /home/airflow/.local/lib/python3.12/site-packages/airflow/example_dags/tutorial_taskflow_api_virtualenv.py
[2025-11-09T22:28:13.295+0000] {logging_mixin.py:190} INFO - [2025-11-09T22:28:13.295+0000] {dag.py:3239} INFO - Sync 1 DAGs
[2025-11-09T22:28:13.327+0000] {logging_mixin.py:190} INFO - [2025-11-09T22:28:13.327+0000] {dag.py:4180} INFO - Setting next_dagrun for tutorial_taskflow_api_virtualenv to None, run_after=None
[2025-11-09T22:28:13.365+0000] {processor.py:208} INFO - Processing /home/airflow/.local/lib/python3.12/site-packages/airflow/example_dags/tutorial_taskflow_api_virtualenv.py took 0.151 seconds
[2025-11-09T22:28:44.149+0000] {processor.py:186} INFO - Started process (PID=10138) to work on /home/airflow/.local/lib/python3.12/site-packages/airflow/example_dags/tutorial_taskflow_api_virtualenv.py
[2025-11-09T22:28:44.151+0000] {processor.py:914} INFO - Processing file /home/airflow/.local/lib/python3.12/site-packages/airflow/example_dags/tutorial_taskflow_api_virtualenv.py for tasks to queue
[2025-11-09T22:28:44.157+0000] {logging_mixin.py:190} INFO - [2025-11-09T22:28:44.156+0000] {dagbag.py:588} INFO - Filling up the DagBag from /home/airflow/.local/lib/python3.12/site-packages/airflow/example_dags/tutorial_taskflow_api_virtualenv.py
[2025-11-09T22:28:44.187+0000] {processor.py:925} INFO - DAG(s) 'tutorial_taskflow_api_virtualenv' retrieved from /home/airflow/.local/lib/python3.12/site-packages/airflow/example_dags/tutorial_taskflow_api_virtualenv.py
[2025-11-09T22:28:44.237+0000] {logging_mixin.py:190} INFO - [2025-11-09T22:28:44.236+0000] {dag.py:3239} INFO - Sync 1 DAGs
[2025-11-09T22:28:44.269+0000] {logging_mixin.py:190} INFO - [2025-11-09T22:28:44.269+0000] {dag.py:4180} INFO - Setting next_dagrun for tutorial_taskflow_api_virtualenv to None, run_after=None
[2025-11-09T22:28:44.307+0000] {processor.py:208} INFO - Processing /home/airflow/.local/lib/python3.12/site-packages/airflow/example_dags/tutorial_taskflow_api_virtualenv.py took 0.170 seconds
[2025-11-09T22:29:15.352+0000] {processor.py:186} INFO - Started process (PID=10202) to work on /home/airflow/.local/lib/python3.12/site-packages/airflow/example_dags/tutorial_taskflow_api_virtualenv.py
[2025-11-09T22:29:15.354+0000] {processor.py:914} INFO - Processing file /home/airflow/.local/lib/python3.12/site-packages/airflow/example_dags/tutorial_taskflow_api_virtualenv.py for tasks to queue
[2025-11-09T22:29:15.367+0000] {logging_mixin.py:190} INFO - [2025-11-09T22:29:15.367+0000] {dagbag.py:588} INFO - Filling up the DagBag from /home/airflow/.local/lib/python3.12/site-packages/airflow/example_dags/tutorial_taskflow_api_virtualenv.py
[2025-11-09T22:29:15.404+0000] {processor.py:925} INFO - DAG(s) 'tutorial_taskflow_api_virtualenv' retrieved from /home/airflow/.local/lib/python3.12/site-packages/airflow/example_dags/tutorial_taskflow_api_virtualenv.py
[2025-11-09T22:29:15.456+0000] {logging_mixin.py:190} INFO - [2025-11-09T22:29:15.456+0000] {dag.py:3239} INFO - Sync 1 DAGs
[2025-11-09T22:29:15.524+0000] {logging_mixin.py:190} INFO - [2025-11-09T22:29:15.524+0000] {dag.py:4180} INFO - Setting next_dagrun for tutorial_taskflow_api_virtualenv to None, run_after=None
[2025-11-09T22:29:15.605+0000] {processor.py:208} INFO - Processing /home/airflow/.local/lib/python3.12/site-packages/airflow/example_dags/tutorial_taskflow_api_virtualenv.py took 0.266 seconds
[2025-11-09T22:29:46.574+0000] {processor.py:186} INFO - Started process (PID=10267) to work on /home/airflow/.local/lib/python3.12/site-packages/airflow/example_dags/tutorial_taskflow_api_virtualenv.py
[2025-11-09T22:29:46.576+0000] {processor.py:914} INFO - Processing file /home/airflow/.local/lib/python3.12/site-packages/airflow/example_dags/tutorial_taskflow_api_virtualenv.py for tasks to queue
[2025-11-09T22:29:46.580+0000] {logging_mixin.py:190} INFO - [2025-11-09T22:29:46.579+0000] {dagbag.py:588} INFO - Filling up the DagBag from /home/airflow/.local/lib/python3.12/site-packages/airflow/example_dags/tutorial_taskflow_api_virtualenv.py
[2025-11-09T22:29:46.600+0000] {processor.py:925} INFO - DAG(s) 'tutorial_taskflow_api_virtualenv' retrieved from /home/airflow/.local/lib/python3.12/site-packages/airflow/example_dags/tutorial_taskflow_api_virtualenv.py
[2025-11-09T22:29:46.638+0000] {logging_mixin.py:190} INFO - [2025-11-09T22:29:46.638+0000] {dag.py:3239} INFO - Sync 1 DAGs
[2025-11-09T22:29:46.665+0000] {logging_mixin.py:190} INFO - [2025-11-09T22:29:46.664+0000] {dag.py:4180} INFO - Setting next_dagrun for tutorial_taskflow_api_virtualenv to None, run_after=None
[2025-11-09T22:29:46.698+0000] {processor.py:208} INFO - Processing /home/airflow/.local/lib/python3.12/site-packages/airflow/example_dags/tutorial_taskflow_api_virtualenv.py took 0.133 seconds
[2025-11-09T22:30:17.054+0000] {processor.py:186} INFO - Started process (PID=10331) to work on /home/airflow/.local/lib/python3.12/site-packages/airflow/example_dags/tutorial_taskflow_api_virtualenv.py
[2025-11-09T22:30:17.056+0000] {processor.py:914} INFO - Processing file /home/airflow/.local/lib/python3.12/site-packages/airflow/example_dags/tutorial_taskflow_api_virtualenv.py for tasks to queue
[2025-11-09T22:30:17.062+0000] {logging_mixin.py:190} INFO - [2025-11-09T22:30:17.061+0000] {dagbag.py:588} INFO - Filling up the DagBag from /home/airflow/.local/lib/python3.12/site-packages/airflow/example_dags/tutorial_taskflow_api_virtualenv.py
[2025-11-09T22:30:17.090+0000] {processor.py:925} INFO - DAG(s) 'tutorial_taskflow_api_virtualenv' retrieved from /home/airflow/.local/lib/python3.12/site-packages/airflow/example_dags/tutorial_taskflow_api_virtualenv.py
[2025-11-09T22:30:17.131+0000] {logging_mixin.py:190} INFO - [2025-11-09T22:30:17.130+0000] {dag.py:3239} INFO - Sync 1 DAGs
[2025-11-09T22:30:17.165+0000] {logging_mixin.py:190} INFO - [2025-11-09T22:30:17.164+0000] {dag.py:4180} INFO - Setting next_dagrun for tutorial_taskflow_api_virtualenv to None, run_after=None
[2025-11-09T22:30:17.218+0000] {processor.py:208} INFO - Processing /home/airflow/.local/lib/python3.12/site-packages/airflow/example_dags/tutorial_taskflow_api_virtualenv.py took 0.176 seconds
